dataset,stage,model,scope,metric,value,source_file,seed_applicable,seed,code_version
Default of Credit Card Clients,2,,full-file structural audit,file_size_bytes,2867208.0,outputs/audit/data_audit.csv,False,,ccd-workflow-2026-08-24-v1:c3b2a2cd649f4d1c
Default of Credit Card Clients,2,,full-file structural audit,rows,30000.0,outputs/audit/data_audit.csv,False,,ccd-workflow-2026-08-24-v1:c3b2a2cd649f4d1c
Default of Credit Card Clients,2,,full-file structural audit,columns,25.0,outputs/audit/data_audit.csv,False,,ccd-workflow-2026-08-24-v1:c3b2a2cd649f4d1c
Default of Credit Card Clients,2,,full-file structural audit,predictors,23.0,outputs/audit/data_audit.csv,False,,ccd-workflow-2026-08-24-v1:c3b2a2cd649f4d1c
Default of Credit Card Clients,2,,full-file structural audit,positive_count,6636.0,outputs/audit/data_audit.csv,False,,ccd-workflow-2026-08-24-v1:c3b2a2cd649f4d1c
Default of Credit Card Clients,2,,full-file structural audit,negative_count,23364.0,outputs/audit/data_audit.csv,False,,ccd-workflow-2026-08-24-v1:c3b2a2cd649f4d1c
Default of Credit Card Clients,2,,full-file structural audit,positive_rate,0.2212,outputs/audit/data_audit.csv,False,,ccd-workflow-2026-08-24-v1:c3b2a2cd649f4d1c
Default of Credit Card Clients,2,,full-file structural audit,missing_values,0.0,outputs/audit/data_audit.csv,False,,ccd-workflow-2026-08-24-v1:c3b2a2cd649f4d1c
Default of Credit Card Clients,2,,full-file structural audit,constant_columns,0.0,outputs/audit/data_audit.csv,False,,ccd-workflow-2026-08-24-v1:c3b2a2cd649f4d1c
Default of Credit Card Clients,2,,full-file structural audit,largest_categorical_majority_rate,0.6037333333333333,outputs/audit/data_audit.csv,False,,ccd-workflow-2026-08-24-v1:c3b2a2cd649f4d1c
Default of Credit Card Clients,2,,full-file structural audit,duplicate_identifiers,0.0,outputs/audit/data_audit.csv,False,,ccd-workflow-2026-08-24-v1:c3b2a2cd649f4d1c
Default of Credit Card Clients,2,,full-file structural audit,exact_duplicate_rows,0.0,outputs/audit/data_audit.csv,False,,ccd-workflow-2026-08-24-v1:c3b2a2cd649f4d1c
Default of Credit Card Clients,2,,full-file structural audit,redundant_feature_target_copies,35.0,outputs/audit/data_audit.csv,False,,ccd-workflow-2026-08-24-v1:c3b2a2cd649f4d1c
Default of Credit Card Clients,2,,full-file structural audit,feature_target_repeated_rows,70.0,outputs/audit/data_audit.csv,False,,ccd-workflow-2026-08-24-v1:c3b2a2cd649f4d1c
Default of Credit Card Clients,2,,full-file structural audit,redundant_feature_only_copies,56.0,outputs/audit/data_audit.csv,False,,ccd-workflow-2026-08-24-v1:c3b2a2cd649f4d1c
Default of Credit Card Clients,2,,full-file structural audit,repeated_feature_groups,52.0,outputs/audit/data_audit.csv,False,,ccd-workflow-2026-08-24-v1:c3b2a2cd649f4d1c
Default of Credit Card Clients,2,,full-file structural audit,repeated_feature_rows,108.0,outputs/audit/data_audit.csv,False,,ccd-workflow-2026-08-24-v1:c3b2a2cd649f4d1c
Default of Credit Card Clients,2,,full-file structural audit,conflicting_label_groups,21.0,outputs/audit/data_audit.csv,False,,ccd-workflow-2026-08-24-v1:c3b2a2cd649f4d1c
Default of Credit Card Clients,2,,full-file structural audit,undocumented_education_or_marriage_cells,399.0,outputs/audit/data_audit.csv,False,,ccd-workflow-2026-08-24-v1:c3b2a2cd649f4d1c
Default of Credit Card Clients,2,,full-file structural audit,undocumented_repayment_status_cells,120334.0,outputs/audit/data_audit.csv,False,,ccd-workflow-2026-08-24-v1:c3b2a2cd649f4d1c
Default of Credit Card Clients,2,,full-file structural audit,negative_bill_cells,3932.0,outputs/audit/data_audit.csv,False,,ccd-workflow-2026-08-24-v1:c3b2a2cd649f4d1c
Default of Credit Card Clients,2,,full-file structural audit,rows_with_bill_above_credit_limit,3931.0,outputs/audit/data_audit.csv,False,,ccd-workflow-2026-08-24-v1:c3b2a2cd649f4d1c
Default of Credit Card Clients,2,,full-file structural audit,maximum_bill_to_limit_ratio,10.688575,outputs/audit/data_audit.csv,False,,ccd-workflow-2026-08-24-v1:c3b2a2cd649f4d1c
Default of Credit Card Clients,2,,full-file structural audit,maximum_bill_amount,1664089.0,outputs/audit/data_audit.csv,False,,ccd-workflow-2026-08-24-v1:c3b2a2cd649f4d1c
Default of Credit Card Clients,2,,full-file structural audit,maximum_payment_amount,1684259.0,outputs/audit/data_audit.csv,False,,ccd-workflow-2026-08-24-v1:c3b2a2cd649f4d1c
Default of Credit Card Clients,2,,full-file structural audit,zero_recorded_bill_and_payment_rows,795.0,outputs/audit/data_audit.csv,False,,ccd-workflow-2026-08-24-v1:c3b2a2cd649f4d1c
Default of Credit Card Clients,2,,full-file structural audit,off_grid_credit_limit_rows,3.0,outputs/audit/data_audit.csv,False,,ccd-workflow-2026-08-24-v1:c3b2a2cd649f4d1c
Default of Credit Card Clients,2,,full-file structural audit,identifier_columns_dropped,1.0,outputs/audit/data_audit.csv,False,,ccd-workflow-2026-08-24-v1:c3b2a2cd649f4d1c
Default of Credit Card Clients,2,,full-file structural audit,candidate_leakage_variables,0.0,outputs/audit/data_audit.csv,False,,ccd-workflow-2026-08-24-v1:c3b2a2cd649f4d1c
Default of Credit Card Clients,2,,source position decile 1,rows,3000.0,outputs/audit/target_rate_by_position.csv,False,,ccd-workflow-2026-08-24-v1:c3b2a2cd649f4d1c
Default of Credit Card Clients,2,,source position decile 1,positive_count,668.0,outputs/audit/target_rate_by_position.csv,False,,ccd-workflow-2026-08-24-v1:c3b2a2cd649f4d1c
Default of Credit Card Clients,2,,source position decile 1,positive_rate,0.22266666666666668,outputs/audit/target_rate_by_position.csv,False,,ccd-workflow-2026-08-24-v1:c3b2a2cd649f4d1c
Default of Credit Card Clients,2,,source position decile 2,rows,3000.0,outputs/audit/target_rate_by_position.csv,False,,ccd-workflow-2026-08-24-v1:c3b2a2cd649f4d1c
Default of Credit Card Clients,2,,source position decile 2,positive_count,645.0,outputs/audit/target_rate_by_position.csv,False,,ccd-workflow-2026-08-24-v1:c3b2a2cd649f4d1c
Default of Credit Card Clients,2,,source position decile 2,positive_rate,0.215,outputs/audit/target_rate_by_position.csv,False,,ccd-workflow-2026-08-24-v1:c3b2a2cd649f4d1c
Default of Credit Card Clients,2,,source position decile 3,rows,3000.0,outputs/audit/target_rate_by_position.csv,False,,ccd-workflow-2026-08-24-v1:c3b2a2cd649f4d1c
Default of Credit Card Clients,2,,source position decile 3,positive_count,707.0,outputs/audit/target_rate_by_position.csv,False,,ccd-workflow-2026-08-24-v1:c3b2a2cd649f4d1c
Default of Credit Card Clients,2,,source position decile 3,positive_rate,0.23566666666666666,outputs/audit/target_rate_by_position.csv,False,,ccd-workflow-2026-08-24-v1:c3b2a2cd649f4d1c
Default of Credit Card Clients,2,,source position decile 4,rows,3000.0,outputs/audit/target_rate_by_position.csv,False,,ccd-workflow-2026-08-24-v1:c3b2a2cd649f4d1c
Default of Credit Card Clients,2,,source position decile 4,positive_count,673.0,outputs/audit/target_rate_by_position.csv,False,,ccd-workflow-2026-08-24-v1:c3b2a2cd649f4d1c
Default of Credit Card Clients,2,,source position decile 4,positive_rate,0.22433333333333333,outputs/audit/target_rate_by_position.csv,False,,ccd-workflow-2026-08-24-v1:c3b2a2cd649f4d1c
Default of Credit Card Clients,2,,source position decile 5,rows,3000.0,outputs/audit/target_rate_by_position.csv,False,,ccd-workflow-2026-08-24-v1:c3b2a2cd649f4d1c
Default of Credit Card Clients,2,,source position decile 5,positive_count,684.0,outputs/audit/target_rate_by_position.csv,False,,ccd-workflow-2026-08-24-v1:c3b2a2cd649f4d1c
Default of Credit Card Clients,2,,source position decile 5,positive_rate,0.228,outputs/audit/target_rate_by_position.csv,False,,ccd-workflow-2026-08-24-v1:c3b2a2cd649f4d1c
Default of Credit Card Clients,2,,source position decile 6,rows,3000.0,outputs/audit/target_rate_by_position.csv,False,,ccd-workflow-2026-08-24-v1:c3b2a2cd649f4d1c
Default of Credit Card Clients,2,,source position decile 6,positive_count,773.0,outputs/audit/target_rate_by_position.csv,False,,ccd-workflow-2026-08-24-v1:c3b2a2cd649f4d1c
Default of Credit Card Clients,2,,source position decile 6,positive_rate,0.25766666666666665,outputs/audit/target_rate_by_position.csv,False,,ccd-workflow-2026-08-24-v1:c3b2a2cd649f4d1c
Default of Credit Card Clients,2,,source position decile 7,rows,3000.0,outputs/audit/target_rate_by_position.csv,False,,ccd-workflow-2026-08-24-v1:c3b2a2cd649f4d1c
Default of Credit Card Clients,2,,source position decile 7,positive_count,646.0,outputs/audit/target_rate_by_position.csv,False,,ccd-workflow-2026-08-24-v1:c3b2a2cd649f4d1c
Default of Credit Card Clients,2,,source position decile 7,positive_rate,0.21533333333333332,outputs/audit/target_rate_by_position.csv,False,,ccd-workflow-2026-08-24-v1:c3b2a2cd649f4d1c
Default of Credit Card Clients,2,,source position decile 8,rows,3000.0,outputs/audit/target_rate_by_position.csv,False,,ccd-workflow-2026-08-24-v1:c3b2a2cd649f4d1c
Default of Credit Card Clients,2,,source position decile 8,positive_count,574.0,outputs/audit/target_rate_by_position.csv,False,,ccd-workflow-2026-08-24-v1:c3b2a2cd649f4d1c
Default of Credit Card Clients,2,,source position decile 8,positive_rate,0.19133333333333333,outputs/audit/target_rate_by_position.csv,False,,ccd-workflow-2026-08-24-v1:c3b2a2cd649f4d1c
Default of Credit Card Clients,2,,source position decile 9,rows,3000.0,outputs/audit/target_rate_by_position.csv,False,,ccd-workflow-2026-08-24-v1:c3b2a2cd649f4d1c
Default of Credit Card Clients,2,,source position decile 9,positive_count,603.0,outputs/audit/target_rate_by_position.csv,False,,ccd-workflow-2026-08-24-v1:c3b2a2cd649f4d1c
Default of Credit Card Clients,2,,source position decile 9,positive_rate,0.201,outputs/audit/target_rate_by_position.csv,False,,ccd-workflow-2026-08-24-v1:c3b2a2cd649f4d1c
Default of Credit Card Clients,2,,source position decile 10,rows,3000.0,outputs/audit/target_rate_by_position.csv,False,,ccd-workflow-2026-08-24-v1:c3b2a2cd649f4d1c
Default of Credit Card Clients,2,,source position decile 10,positive_count,663.0,outputs/audit/target_rate_by_position.csv,False,,ccd-workflow-2026-08-24-v1:c3b2a2cd649f4d1c
Default of Credit Card Clients,2,,source position decile 10,positive_rate,0.221,outputs/audit/target_rate_by_position.csv,False,,ccd-workflow-2026-08-24-v1:c3b2a2cd649f4d1c
Default of Credit Card Clients,4,,split,development_rows,24000.0,outputs/split/split_spec.json,True,42.0,ccd-workflow-2026-08-24-v1:c3b2a2cd649f4d1c
Default of Credit Card Clients,4,,split,development_positives,5309.0,outputs/split/split_spec.json,True,42.0,ccd-workflow-2026-08-24-v1:c3b2a2cd649f4d1c
Default of Credit Card Clients,4,,split,test_rows,6000.0,outputs/split/split_spec.json,True,42.0,ccd-workflow-2026-08-24-v1:c3b2a2cd649f4d1c
Default of Credit Card Clients,4,,split,test_positives,1327.0,outputs/split/split_spec.json,True,42.0,ccd-workflow-2026-08-24-v1:c3b2a2cd649f4d1c
Default of Credit Card Clients,4,,split,outer_folds,5.0,outputs/split/split_spec.json,True,42.0,ccd-workflow-2026-08-24-v1:c3b2a2cd649f4d1c
Default of Credit Card Clients,4,,split,inner_folds,3.0,outputs/split/split_spec.json,True,42.0,ccd-workflow-2026-08-24-v1:c3b2a2cd649f4d1c
Default of Credit Card Clients,5,,development EDA,development_rows,24000.0,outputs/eda/eda_findings.md,True,42.0,ccd-workflow-2026-08-24-v1:c3b2a2cd649f4d1c
Default of Credit Card Clients,5,,development EDA,development_positives,5309.0,outputs/eda/eda_findings.md,True,42.0,ccd-workflow-2026-08-24-v1:c3b2a2cd649f4d1c
Default of Credit Card Clients,5,,development EDA,development_positive_rate,0.22120833333333334,outputs/eda/eda_findings.md,True,42.0,ccd-workflow-2026-08-24-v1:c3b2a2cd649f4d1c
Default of Credit Card Clients,5,,development EDA,largest_absolute_spearman,0.9098134047752174,outputs/eda/eda_findings.md,True,42.0,ccd-workflow-2026-08-24-v1:c3b2a2cd649f4d1c
Default of Credit Card Clients,5,,development EDA,largest_spearman_signed,0.9098134047752174,outputs/eda/eda_findings.md,True,42.0,ccd-workflow-2026-08-24-v1:c3b2a2cd649f4d1c
Default of Credit Card Clients,5,,development EDA,bill_block_mean_absolute_pearson,0.8896551814934964,outputs/eda/eda_findings.md,True,42.0,ccd-workflow-2026-08-24-v1:c3b2a2cd649f4d1c
Default of Credit Card Clients,5,,development EDA,bill_block_max_absolute_pearson,0.9516867495837004,outputs/eda/eda_findings.md,True,42.0,ccd-workflow-2026-08-24-v1:c3b2a2cd649f4d1c
Default of Credit Card Clients,5,,development EDA,repayment_block_mean_absolute_pearson,0.6544507888376184,outputs/eda/eda_findings.md,True,42.0,ccd-workflow-2026-08-24-v1:c3b2a2cd649f4d1c
Default of Credit Card Clients,5,,development EDA,repayment_block_max_absolute_pearson,0.8173444774637182,outputs/eda/eda_findings.md,True,42.0,ccd-workflow-2026-08-24-v1:c3b2a2cd649f4d1c
Default of Credit Card Clients,5,,development EDA,zero_segment_rows,642.0,outputs/eda/eda_findings.md,True,42.0,ccd-workflow-2026-08-24-v1:c3b2a2cd649f4d1c
Default of Credit Card Clients,5,,development EDA,zero_segment_default_rate,0.37383177570093457,outputs/eda/eda_findings.md,True,42.0,ccd-workflow-2026-08-24-v1:c3b2a2cd649f4d1c
Default of Credit Card Clients,5,,development EDA,nonzero_segment_default_rate,0.21701344293175787,outputs/eda/eda_findings.md,True,42.0,ccd-workflow-2026-08-24-v1:c3b2a2cd649f4d1c
Default of Credit Card Clients,5,,development EDA,naive_any_delay_flagged,8104.0,outputs/eda/eda_findings.md,True,42.0,ccd-workflow-2026-08-24-v1:c3b2a2cd649f4d1c
Default of Credit Card Clients,5,,development EDA,naive_any_delay_recall,0.6553023168204934,outputs/eda/eda_findings.md,True,42.0,ccd-workflow-2026-08-24-v1:c3b2a2cd649f4d1c
Default of Credit Card Clients,5,,development EDA,naive_any_delay_precision,0.42929417571569595,outputs/eda/eda_findings.md,True,42.0,ccd-workflow-2026-08-24-v1:c3b2a2cd649f4d1c
Default of Credit Card Clients,5,,development EDA,source_last_position_decile_default_rate,0.221,outputs/eda/eda_findings.md,True,42.0,ccd-workflow-2026-08-24-v1:c3b2a2cd649f4d1c
Default of Credit Card Clients,5,,development EDA,credit_limit_quintile_1_default_rate,0.32167263260657336,outputs/eda/eda_findings.md,True,42.0,ccd-workflow-2026-08-24-v1:c3b2a2cd649f4d1c
Default of Credit Card Clients,5,,development EDA,credit_limit_quintile_2_default_rate,0.25923016496465046,outputs/eda/eda_findings.md,True,42.0,ccd-workflow-2026-08-24-v1:c3b2a2cd649f4d1c
Default of Credit Card Clients,5,,development EDA,credit_limit_quintile_3_default_rate,0.19951239333604226,outputs/eda/eda_findings.md,True,42.0,ccd-workflow-2026-08-24-v1:c3b2a2cd649f4d1c
Default of Credit Card Clients,5,,development EDA,credit_limit_quintile_4_default_rate,0.16917808219178082,outputs/eda/eda_findings.md,True,42.0,ccd-workflow-2026-08-24-v1:c3b2a2cd649f4d1c
Default of Credit Card Clients,5,,development EDA,credit_limit_quintile_5_default_rate,0.1307838580181703,outputs/eda/eda_findings.md,True,42.0,ccd-workflow-2026-08-24-v1:c3b2a2cd649f4d1c
Default of Credit Card Clients,5,,development EDA,age_quintile_1_default_rate,0.24240135925995845,outputs/eda/eda_findings.md,True,42.0,ccd-workflow-2026-08-24-v1:c3b2a2cd649f4d1c
Default of Credit Card Clients,5,,development EDA,age_quintile_2_default_rate,0.19757174392935983,outputs/eda/eda_findings.md,True,42.0,ccd-workflow-2026-08-24-v1:c3b2a2cd649f4d1c
Default of Credit Card Clients,5,,development EDA,age_quintile_3_default_rate,0.20108459869848155,outputs/eda/eda_findings.md,True,42.0,ccd-workflow-2026-08-24-v1:c3b2a2cd649f4d1c
Default of Credit Card Clients,5,,development EDA,age_quintile_4_default_rate,0.21740033222591362,outputs/eda/eda_findings.md,True,42.0,ccd-workflow-2026-08-24-v1:c3b2a2cd649f4d1c
Default of Credit Card Clients,5,,development EDA,age_quintile_5_default_rate,0.24352222456288183,outputs/eda/eda_findings.md,True,42.0,ccd-workflow-2026-08-24-v1:c3b2a2cd649f4d1c
Default of Credit Card Clients,5,,development EDA,audit_bill_to_limit_decile_1_default_rate,0.255,outputs/eda/eda_findings.md,True,42.0,ccd-workflow-2026-08-24-v1:c3b2a2cd649f4d1c
Default of Credit Card Clients,5,,development EDA,audit_bill_to_limit_decile_2_default_rate,0.1875,outputs/eda/eda_findings.md,True,42.0,ccd-workflow-2026-08-24-v1:c3b2a2cd649f4d1c
Default of Credit Card Clients,5,,development EDA,audit_bill_to_limit_decile_3_default_rate,0.14666666666666667,outputs/eda/eda_findings.md,True,42.0,ccd-workflow-2026-08-24-v1:c3b2a2cd649f4d1c
Default of Credit Card Clients,5,,development EDA,audit_bill_to_limit_decile_4_default_rate,0.14125,outputs/eda/eda_findings.md,True,42.0,ccd-workflow-2026-08-24-v1:c3b2a2cd649f4d1c
Default of Credit Card Clients,5,,development EDA,audit_bill_to_limit_decile_5_default_rate,0.16541666666666666,outputs/eda/eda_findings.md,True,42.0,ccd-workflow-2026-08-24-v1:c3b2a2cd649f4d1c
Default of Credit Card Clients,5,,development EDA,audit_bill_to_limit_decile_6_default_rate,0.19416666666666665,outputs/eda/eda_findings.md,True,42.0,ccd-workflow-2026-08-24-v1:c3b2a2cd649f4d1c
Default of Credit Card Clients,5,,development EDA,audit_bill_to_limit_decile_7_default_rate,0.23333333333333334,outputs/eda/eda_findings.md,True,42.0,ccd-workflow-2026-08-24-v1:c3b2a2cd649f4d1c
Default of Credit Card Clients,5,,development EDA,audit_bill_to_limit_decile_8_default_rate,0.2575,outputs/eda/eda_findings.md,True,42.0,ccd-workflow-2026-08-24-v1:c3b2a2cd649f4d1c
Default of Credit Card Clients,5,,development EDA,audit_bill_to_limit_decile_9_default_rate,0.2995833333333333,outputs/eda/eda_findings.md,True,42.0,ccd-workflow-2026-08-24-v1:c3b2a2cd649f4d1c
Default of Credit Card Clients,5,,development EDA,audit_bill_to_limit_decile_10_default_rate,0.33166666666666667,outputs/eda/eda_findings.md,True,42.0,ccd-workflow-2026-08-24-v1:c3b2a2cd649f4d1c
Default of Credit Card Clients,5,,development EDA,latest_repayment_non_positive_status_rows,18506.0,outputs/eda/eda_findings.md,True,42.0,ccd-workflow-2026-08-24-v1:c3b2a2cd649f4d1c
Default of Credit Card Clients,5,,development EDA,latest_repayment_non_positive_status_default_rate,0.13725278288122772,outputs/eda/eda_findings.md,True,42.0,ccd-workflow-2026-08-24-v1:c3b2a2cd649f4d1c
Default of Credit Card Clients,5,,development EDA,latest_repayment_one_month_delay_rows,3000.0,outputs/eda/eda_findings.md,True,42.0,ccd-workflow-2026-08-24-v1:c3b2a2cd649f4d1c
Default of Credit Card Clients,5,,development EDA,latest_repayment_one_month_delay_default_rate,0.3436666666666667,outputs/eda/eda_findings.md,True,42.0,ccd-workflow-2026-08-24-v1:c3b2a2cd649f4d1c
Default of Credit Card Clients,5,,development EDA,latest_repayment_two_month_delay_rows,2138.0,outputs/eda/eda_findings.md,True,42.0,ccd-workflow-2026-08-24-v1:c3b2a2cd649f4d1c
Default of Credit Card Clients,5,,development EDA,latest_repayment_two_month_delay_default_rate,0.6936389148737138,outputs/eda/eda_findings.md,True,42.0,ccd-workflow-2026-08-24-v1:c3b2a2cd649f4d1c
Default of Credit Card Clients,5,,development EDA,latest_repayment_delay_of_three_months_or_more_rows,356.0,outputs/eda/eda_findings.md,True,42.0,ccd-workflow-2026-08-24-v1:c3b2a2cd649f4d1c
Default of Credit Card Clients,5,,development EDA,latest_repayment_delay_of_three_months_or_more_default_rate,0.7162921348314607,outputs/eda/eda_findings.md,True,42.0,ccd-workflow-2026-08-24-v1:c3b2a2cd649f4d1c
Default of Credit Card Clients,8,lr,outer-fold CV,pr_auc_mean,0.5453054235222575,outputs/modelling/baseline_cv.csv,True,42.0,ccd-workflow-2026-08-24-v1:c3b2a2cd649f4d1c
Default of Credit Card Clients,8,lr,outer-fold CV,pr_auc_sd,0.01154300628085631,outputs/modelling/baseline_cv.csv,True,42.0,ccd-workflow-2026-08-24-v1:c3b2a2cd649f4d1c
Default of Credit Card Clients,8,dt,outer-fold CV,pr_auc_mean,0.5105069765016429,outputs/modelling/baseline_cv.csv,True,42.0,ccd-workflow-2026-08-24-v1:c3b2a2cd649f4d1c
Default of Credit Card Clients,8,dt,outer-fold CV,pr_auc_sd,0.012133478012336978,outputs/modelling/baseline_cv.csv,True,42.0,ccd-workflow-2026-08-24-v1:c3b2a2cd649f4d1c
Default of Credit Card Clients,8,rf,outer-fold CV,pr_auc_mean,0.5335632076957743,outputs/modelling/baseline_cv.csv,True,42.0,ccd-workflow-2026-08-24-v1:c3b2a2cd649f4d1c
Default of Credit Card Clients,8,rf,outer-fold CV,pr_auc_sd,0.00916914763434047,outputs/modelling/baseline_cv.csv,True,42.0,ccd-workflow-2026-08-24-v1:c3b2a2cd649f4d1c
Default of Credit Card Clients,8,xgb,outer-fold CV,pr_auc_mean,0.5319179226619628,outputs/modelling/baseline_cv.csv,True,42.0,ccd-workflow-2026-08-24-v1:c3b2a2cd649f4d1c
Default of Credit Card Clients,8,xgb,outer-fold CV,pr_auc_sd,0.01001396514304409,outputs/modelling/baseline_cv.csv,True,42.0,ccd-workflow-2026-08-24-v1:c3b2a2cd649f4d1c
Default of Credit Card Clients,8,dummy,outer-fold CV,pr_auc_mean,0.2212083333333333,outputs/modelling/baseline_cv.csv,True,42.0,ccd-workflow-2026-08-24-v1:c3b2a2cd649f4d1c
Default of Credit Card Clients,8,dummy,outer-fold CV,pr_auc_sd,9.316949906249339e-05,outputs/modelling/baseline_cv.csv,True,42.0,ccd-workflow-2026-08-24-v1:c3b2a2cd649f4d1c
Default of Credit Card Clients,9,lr,nested development CV,pr_auc_mean,0.545423825800224,outputs/modelling/nested_cv.csv,True,42.0,ccd-workflow-2026-08-24-v1:c3b2a2cd649f4d1c
Default of Credit Card Clients,9,lr,nested development CV,pr_auc_sd,0.011444482729872533,outputs/modelling/nested_cv.csv,True,42.0,ccd-workflow-2026-08-24-v1:c3b2a2cd649f4d1c
Default of Credit Card Clients,9,lr,nested development CV,pr_auc_fold_1,0.5500633553760644,outputs/modelling/nested_cv.csv,True,42.0,ccd-workflow-2026-08-24-v1:c3b2a2cd649f4d1c
Default of Credit Card Clients,9,lr,nested development CV,pr_auc_fold_2,0.5628184640434875,outputs/modelling/nested_cv.csv,True,42.0,ccd-workflow-2026-08-24-v1:c3b2a2cd649f4d1c
Default of Credit Card Clients,9,lr,nested development CV,pr_auc_fold_3,0.5399208087270788,outputs/modelling/nested_cv.csv,True,42.0,ccd-workflow-2026-08-24-v1:c3b2a2cd649f4d1c
Default of Credit Card Clients,9,lr,nested development CV,pr_auc_fold_4,0.5331034140484143,outputs/modelling/nested_cv.csv,True,42.0,ccd-workflow-2026-08-24-v1:c3b2a2cd649f4d1c
Default of Credit Card Clients,9,lr,nested development CV,pr_auc_fold_5,0.5412130868060754,outputs/modelling/nested_cv.csv,True,42.0,ccd-workflow-2026-08-24-v1:c3b2a2cd649f4d1c
Default of Credit Card Clients,9,lr,nested development CV,search_score,0.5452550141097467,outputs/modelling/nested_cv.csv,True,42.0,ccd-workflow-2026-08-24-v1:c3b2a2cd649f4d1c
Default of Credit Card Clients,9,lr,nested development CV,final_fit_search_score,0.5445424175626413,outputs/modelling/nested_cv.csv,True,42.0,ccd-workflow-2026-08-24-v1:c3b2a2cd649f4d1c
Default of Credit Card Clients,9,dt,nested development CV,pr_auc_mean,0.48848667424459613,outputs/modelling/nested_cv.csv,True,42.0,ccd-workflow-2026-08-24-v1:c3b2a2cd649f4d1c
Default of Credit Card Clients,9,dt,nested development CV,pr_auc_sd,0.008167351962843033,outputs/modelling/nested_cv.csv,True,42.0,ccd-workflow-2026-08-24-v1:c3b2a2cd649f4d1c
Default of Credit Card Clients,9,dt,nested development CV,pr_auc_fold_1,0.484609228866988,outputs/modelling/nested_cv.csv,True,42.0,ccd-workflow-2026-08-24-v1:c3b2a2cd649f4d1c
Default of Credit Card Clients,9,dt,nested development CV,pr_auc_fold_2,0.49817805645657565,outputs/modelling/nested_cv.csv,True,42.0,ccd-workflow-2026-08-24-v1:c3b2a2cd649f4d1c
Default of Credit Card Clients,9,dt,nested development CV,pr_auc_fold_3,0.47866744491146446,outputs/modelling/nested_cv.csv,True,42.0,ccd-workflow-2026-08-24-v1:c3b2a2cd649f4d1c
Default of Credit Card Clients,9,dt,nested development CV,pr_auc_fold_4,0.48532082787968994,outputs/modelling/nested_cv.csv,True,42.0,ccd-workflow-2026-08-24-v1:c3b2a2cd649f4d1c
Default of Credit Card Clients,9,dt,nested development CV,pr_auc_fold_5,0.49565781310826296,outputs/modelling/nested_cv.csv,True,42.0,ccd-workflow-2026-08-24-v1:c3b2a2cd649f4d1c
Default of Credit Card Clients,9,dt,nested development CV,search_score,0.490459622741157,outputs/modelling/nested_cv.csv,True,42.0,ccd-workflow-2026-08-24-v1:c3b2a2cd649f4d1c
Default of Credit Card Clients,9,dt,nested development CV,final_fit_search_score,0.49160145446920817,outputs/modelling/nested_cv.csv,True,42.0,ccd-workflow-2026-08-24-v1:c3b2a2cd649f4d1c
Default of Credit Card Clients,9,rf,nested development CV,pr_auc_mean,0.5595594142690945,outputs/modelling/nested_cv.csv,True,42.0,ccd-workflow-2026-08-24-v1:c3b2a2cd649f4d1c
Default of Credit Card Clients,9,rf,nested development CV,pr_auc_sd,0.011004124959264167,outputs/modelling/nested_cv.csv,True,42.0,ccd-workflow-2026-08-24-v1:c3b2a2cd649f4d1c
Default of Credit Card Clients,9,rf,nested development CV,pr_auc_fold_1,0.5572977104437549,outputs/modelling/nested_cv.csv,True,42.0,ccd-workflow-2026-08-24-v1:c3b2a2cd649f4d1c
Default of Credit Card Clients,9,rf,nested development CV,pr_auc_fold_2,0.576906660699788,outputs/modelling/nested_cv.csv,True,42.0,ccd-workflow-2026-08-24-v1:c3b2a2cd649f4d1c
Default of Credit Card Clients,9,rf,nested development CV,pr_auc_fold_3,0.550614989461436,outputs/modelling/nested_cv.csv,True,42.0,ccd-workflow-2026-08-24-v1:c3b2a2cd649f4d1c
Default of Credit Card Clients,9,rf,nested development CV,pr_auc_fold_4,0.5501856259395027,outputs/modelling/nested_cv.csv,True,42.0,ccd-workflow-2026-08-24-v1:c3b2a2cd649f4d1c
Default of Credit Card Clients,9,rf,nested development CV,pr_auc_fold_5,0.5627920848009907,outputs/modelling/nested_cv.csv,True,42.0,ccd-workflow-2026-08-24-v1:c3b2a2cd649f4d1c
Default of Credit Card Clients,9,rf,nested development CV,search_score,0.557295676714826,outputs/modelling/nested_cv.csv,True,42.0,ccd-workflow-2026-08-24-v1:c3b2a2cd649f4d1c
Default of Credit Card Clients,9,rf,nested development CV,final_fit_search_score,0.5569231644572931,outputs/modelling/nested_cv.csv,True,42.0,ccd-workflow-2026-08-24-v1:c3b2a2cd649f4d1c
Default of Credit Card Clients,9,xgb,nested development CV,pr_auc_mean,0.5591803881040815,outputs/modelling/nested_cv.csv,True,42.0,ccd-workflow-2026-08-24-v1:c3b2a2cd649f4d1c
Default of Credit Card Clients,9,xgb,nested development CV,pr_auc_sd,0.011393583158716103,outputs/modelling/nested_cv.csv,True,42.0,ccd-workflow-2026-08-24-v1:c3b2a2cd649f4d1c
Default of Credit Card Clients,9,xgb,nested development CV,pr_auc_fold_1,0.5638349368575324,outputs/modelling/nested_cv.csv,True,42.0,ccd-workflow-2026-08-24-v1:c3b2a2cd649f4d1c
Default of Credit Card Clients,9,xgb,nested development CV,pr_auc_fold_2,0.5743493773600338,outputs/modelling/nested_cv.csv,True,42.0,ccd-workflow-2026-08-24-v1:c3b2a2cd649f4d1c
Default of Credit Card Clients,9,xgb,nested development CV,pr_auc_fold_3,0.5497584632910124,outputs/modelling/nested_cv.csv,True,42.0,ccd-workflow-2026-08-24-v1:c3b2a2cd649f4d1c
Default of Credit Card Clients,9,xgb,nested development CV,pr_auc_fold_4,0.5460858357566942,outputs/modelling/nested_cv.csv,True,42.0,ccd-workflow-2026-08-24-v1:c3b2a2cd649f4d1c
Default of Credit Card Clients,9,xgb,nested development CV,pr_auc_fold_5,0.5618733272551352,outputs/modelling/nested_cv.csv,True,42.0,ccd-workflow-2026-08-24-v1:c3b2a2cd649f4d1c
Default of Credit Card Clients,9,xgb,nested development CV,search_score,0.5569665025613031,outputs/modelling/nested_cv.csv,True,42.0,ccd-workflow-2026-08-24-v1:c3b2a2cd649f4d1c
Default of Credit Card Clients,9,xgb,nested development CV,final_fit_search_score,0.5561215678668877,outputs/modelling/nested_cv.csv,True,42.0,ccd-workflow-2026-08-24-v1:c3b2a2cd649f4d1c
Default of Credit Card Clients,11,lr,nested OOF development,slope,0.9881940967391201,outputs/modelling/calibration.csv,True,42.0,ccd-workflow-2026-08-24-v1:c3b2a2cd649f4d1c
Default of Credit Card Clients,11,lr,nested OOF development,intercept,-0.01290161887817341,outputs/modelling/calibration.csv,True,42.0,ccd-workflow-2026-08-24-v1:c3b2a2cd649f4d1c
Default of Credit Card Clients,11,lr,nested OOF development,brier,0.13592717745484395,outputs/modelling/calibration.csv,True,42.0,ccd-workflow-2026-08-24-v1:c3b2a2cd649f4d1c
Default of Credit Card Clients,11,lr,nested OOF development,log_loss,0.4338790554907082,outputs/modelling/calibration.csv,True,42.0,ccd-workflow-2026-08-24-v1:c3b2a2cd649f4d1c
Default of Credit Card Clients,11,dt,nested OOF development,slope,0.9838146565753827,outputs/modelling/calibration.csv,True,42.0,ccd-workflow-2026-08-24-v1:c3b2a2cd649f4d1c
Default of Credit Card Clients,11,dt,nested OOF development,intercept,-0.020477276530345145,outputs/modelling/calibration.csv,True,42.0,ccd-workflow-2026-08-24-v1:c3b2a2cd649f4d1c
Default of Credit Card Clients,11,dt,nested OOF development,brier,0.1378191231464981,outputs/modelling/calibration.csv,True,42.0,ccd-workflow-2026-08-24-v1:c3b2a2cd649f4d1c
Default of Credit Card Clients,11,dt,nested OOF development,log_loss,0.4411147945426416,outputs/modelling/calibration.csv,True,42.0,ccd-workflow-2026-08-24-v1:c3b2a2cd649f4d1c
Default of Credit Card Clients,11,rf,nested OOF development,slope,1.046281623529774,outputs/modelling/calibration.csv,True,42.0,ccd-workflow-2026-08-24-v1:c3b2a2cd649f4d1c
Default of Credit Card Clients,11,rf,nested OOF development,intercept,0.04980060381861294,outputs/modelling/calibration.csv,True,42.0,ccd-workflow-2026-08-24-v1:c3b2a2cd649f4d1c
Default of Credit Card Clients,11,rf,nested OOF development,brier,0.1342563286222949,outputs/modelling/calibration.csv,True,42.0,ccd-workflow-2026-08-24-v1:c3b2a2cd649f4d1c
Default of Credit Card Clients,11,rf,nested OOF development,log_loss,0.429359505146816,outputs/modelling/calibration.csv,True,42.0,ccd-workflow-2026-08-24-v1:c3b2a2cd649f4d1c
Default of Credit Card Clients,11,xgb,nested OOF development,slope,1.0162900718730659,outputs/modelling/calibration.csv,True,42.0,ccd-workflow-2026-08-24-v1:c3b2a2cd649f4d1c
Default of Credit Card Clients,11,xgb,nested OOF development,intercept,0.01977137503193705,outputs/modelling/calibration.csv,True,42.0,ccd-workflow-2026-08-24-v1:c3b2a2cd649f4d1c
Default of Credit Card Clients,11,xgb,nested OOF development,brier,0.13345449437542062,outputs/modelling/calibration.csv,True,42.0,ccd-workflow-2026-08-24-v1:c3b2a2cd649f4d1c
Default of Credit Card Clients,11,xgb,nested OOF development,log_loss,0.42590576842929884,outputs/modelling/calibration.csv,True,42.0,ccd-workflow-2026-08-24-v1:c3b2a2cd649f4d1c
Default of Credit Card Clients,11,lr,OOF reliability bin 1,mean_score,0.06221491112306876,outputs/modelling/reliability_bins.csv,True,42.0,ccd-workflow-2026-08-24-v1:c3b2a2cd649f4d1c
Default of Credit Card Clients,11,lr,OOF reliability bin 1,observed_rate,0.059166666666666666,outputs/modelling/reliability_bins.csv,True,42.0,ccd-workflow-2026-08-24-v1:c3b2a2cd649f4d1c
Default of Credit Card Clients,11,lr,OOF reliability bin 1,n,2400.0,outputs/modelling/reliability_bins.csv,True,42.0,ccd-workflow-2026-08-24-v1:c3b2a2cd649f4d1c
Default of Credit Card Clients,11,lr,OOF reliability bin 2,mean_score,0.09008963843036727,outputs/modelling/reliability_bins.csv,True,42.0,ccd-workflow-2026-08-24-v1:c3b2a2cd649f4d1c
Default of Credit Card Clients,11,lr,OOF reliability bin 2,observed_rate,0.06708333333333333,outputs/modelling/reliability_bins.csv,True,42.0,ccd-workflow-2026-08-24-v1:c3b2a2cd649f4d1c
Default of Credit Card Clients,11,lr,OOF reliability bin 2,n,2400.0,outputs/modelling/reliability_bins.csv,True,42.0,ccd-workflow-2026-08-24-v1:c3b2a2cd649f4d1c
Default of Credit Card Clients,11,lr,OOF reliability bin 3,mean_score,0.10647042991385944,outputs/modelling/reliability_bins.csv,True,42.0,ccd-workflow-2026-08-24-v1:c3b2a2cd649f4d1c
Default of Credit Card Clients,11,lr,OOF reliability bin 3,observed_rate,0.08625,outputs/modelling/reliability_bins.csv,True,42.0,ccd-workflow-2026-08-24-v1:c3b2a2cd649f4d1c
Default of Credit Card Clients,11,lr,OOF reliability bin 3,n,2400.0,outputs/modelling/reliability_bins.csv,True,42.0,ccd-workflow-2026-08-24-v1:c3b2a2cd649f4d1c
Default of Credit Card Clients,11,lr,OOF reliability bin 4,mean_score,0.12022932416270474,outputs/modelling/reliability_bins.csv,True,42.0,ccd-workflow-2026-08-24-v1:c3b2a2cd649f4d1c
Default of Credit Card Clients,11,lr,OOF reliability bin 4,observed_rate,0.115,outputs/modelling/reliability_bins.csv,True,42.0,ccd-workflow-2026-08-24-v1:c3b2a2cd649f4d1c
Default of Credit Card Clients,11,lr,OOF reliability bin 4,n,2400.0,outputs/modelling/reliability_bins.csv,True,42.0,ccd-workflow-2026-08-24-v1:c3b2a2cd649f4d1c
Default of Credit Card Clients,11,lr,OOF reliability bin 5,mean_score,0.13438785491019556,outputs/modelling/reliability_bins.csv,True,42.0,ccd-workflow-2026-08-24-v1:c3b2a2cd649f4d1c
Default of Credit Card Clients,11,lr,OOF reliability bin 5,observed_rate,0.14958333333333335,outputs/modelling/reliability_bins.csv,True,42.0,ccd-workflow-2026-08-24-v1:c3b2a2cd649f4d1c
Default of Credit Card Clients,11,lr,OOF reliability bin 5,n,2400.0,outputs/modelling/reliability_bins.csv,True,42.0,ccd-workflow-2026-08-24-v1:c3b2a2cd649f4d1c
Default of Credit Card Clients,11,lr,OOF reliability bin 6,mean_score,0.15193329850752527,outputs/modelling/reliability_bins.csv,True,42.0,ccd-workflow-2026-08-24-v1:c3b2a2cd649f4d1c
Default of Credit Card Clients,11,lr,OOF reliability bin 6,observed_rate,0.16166666666666665,outputs/modelling/reliability_bins.csv,True,42.0,ccd-workflow-2026-08-24-v1:c3b2a2cd649f4d1c
Default of Credit Card Clients,11,lr,OOF reliability bin 6,n,2400.0,outputs/modelling/reliability_bins.csv,True,42.0,ccd-workflow-2026-08-24-v1:c3b2a2cd649f4d1c
Default of Credit Card Clients,11,lr,OOF reliability bin 7,mean_score,0.1829936809676789,outputs/modelling/reliability_bins.csv,True,42.0,ccd-workflow-2026-08-24-v1:c3b2a2cd649f4d1c
Default of Credit Card Clients,11,lr,OOF reliability bin 7,observed_rate,0.20416666666666666,outputs/modelling/reliability_bins.csv,True,42.0,ccd-workflow-2026-08-24-v1:c3b2a2cd649f4d1c
Default of Credit Card Clients,11,lr,OOF reliability bin 7,n,2400.0,outputs/modelling/reliability_bins.csv,True,42.0,ccd-workflow-2026-08-24-v1:c3b2a2cd649f4d1c
Default of Credit Card Clients,11,lr,OOF reliability bin 8,mean_score,0.2471444653120214,outputs/modelling/reliability_bins.csv,True,42.0,ccd-workflow-2026-08-24-v1:c3b2a2cd649f4d1c
Default of Credit Card Clients,11,lr,OOF reliability bin 8,observed_rate,0.24833333333333332,outputs/modelling/reliability_bins.csv,True,42.0,ccd-workflow-2026-08-24-v1:c3b2a2cd649f4d1c
Default of Credit Card Clients,11,lr,OOF reliability bin 8,n,2400.0,outputs/modelling/reliability_bins.csv,True,42.0,ccd-workflow-2026-08-24-v1:c3b2a2cd649f4d1c
Default of Credit Card Clients,11,lr,OOF reliability bin 9,mean_score,0.39565908214670614,outputs/modelling/reliability_bins.csv,True,42.0,ccd-workflow-2026-08-24-v1:c3b2a2cd649f4d1c
Default of Credit Card Clients,11,lr,OOF reliability bin 9,observed_rate,0.425,outputs/modelling/reliability_bins.csv,True,42.0,ccd-workflow-2026-08-24-v1:c3b2a2cd649f4d1c
Default of Credit Card Clients,11,lr,OOF reliability bin 9,n,2400.0,outputs/modelling/reliability_bins.csv,True,42.0,ccd-workflow-2026-08-24-v1:c3b2a2cd649f4d1c
Default of Credit Card Clients,11,lr,OOF reliability bin 10,mean_score,0.7200995374592389,outputs/modelling/reliability_bins.csv,True,42.0,ccd-workflow-2026-08-24-v1:c3b2a2cd649f4d1c
Default of Credit Card Clients,11,lr,OOF reliability bin 10,observed_rate,0.6958333333333333,outputs/modelling/reliability_bins.csv,True,42.0,ccd-workflow-2026-08-24-v1:c3b2a2cd649f4d1c
Default of Credit Card Clients,11,lr,OOF reliability bin 10,n,2400.0,outputs/modelling/reliability_bins.csv,True,42.0,ccd-workflow-2026-08-24-v1:c3b2a2cd649f4d1c
Default of Credit Card Clients,11,dt,OOF reliability bin 1,mean_score,0.1016796980048728,outputs/modelling/reliability_bins.csv,True,42.0,ccd-workflow-2026-08-24-v1:c3b2a2cd649f4d1c
Default of Credit Card Clients,11,dt,OOF reliability bin 1,observed_rate,0.10507025045815516,outputs/modelling/reliability_bins.csv,True,42.0,ccd-workflow-2026-08-24-v1:c3b2a2cd649f4d1c
Default of Credit Card Clients,11,dt,OOF reliability bin 1,n,4911.0,outputs/modelling/reliability_bins.csv,True,42.0,ccd-workflow-2026-08-24-v1:c3b2a2cd649f4d1c
Default of Credit Card Clients,11,dt,OOF reliability bin 2,mean_score,0.10624706434945984,outputs/modelling/reliability_bins.csv,True,42.0,ccd-workflow-2026-08-24-v1:c3b2a2cd649f4d1c
Default of Credit Card Clients,11,dt,OOF reliability bin 2,observed_rate,0.1040638055450057,outputs/modelling/reliability_bins.csv,True,42.0,ccd-workflow-2026-08-24-v1:c3b2a2cd649f4d1c
Default of Credit Card Clients,11,dt,OOF reliability bin 2,n,2633.0,outputs/modelling/reliability_bins.csv,True,42.0,ccd-workflow-2026-08-24-v1:c3b2a2cd649f4d1c
Default of Credit Card Clients,11,dt,OOF reliability bin 3,mean_score,0.10846181427034779,outputs/modelling/reliability_bins.csv,True,42.0,ccd-workflow-2026-08-24-v1:c3b2a2cd649f4d1c
Default of Credit Card Clients,11,dt,OOF reliability bin 3,observed_rate,0.10710460549803641,outputs/modelling/reliability_bins.csv,True,42.0,ccd-workflow-2026-08-24-v1:c3b2a2cd649f4d1c
Default of Credit Card Clients,11,dt,OOF reliability bin 3,n,2801.0,outputs/modelling/reliability_bins.csv,True,42.0,ccd-workflow-2026-08-24-v1:c3b2a2cd649f4d1c
Default of Credit Card Clients,11,dt,OOF reliability bin 4,mean_score,0.10848338260324286,outputs/modelling/reliability_bins.csv,True,42.0,ccd-workflow-2026-08-24-v1:c3b2a2cd649f4d1c
Default of Credit Card Clients,11,dt,OOF reliability bin 4,observed_rate,0.11501254030813328,outputs/modelling/reliability_bins.csv,True,42.0,ccd-workflow-2026-08-24-v1:c3b2a2cd649f4d1c
Default of Credit Card Clients,11,dt,OOF reliability bin 4,n,2791.0,outputs/modelling/reliability_bins.csv,True,42.0,ccd-workflow-2026-08-24-v1:c3b2a2cd649f4d1c
Default of Credit Card Clients,11,dt,OOF reliability bin 5,mean_score,0.17315078581064264,outputs/modelling/reliability_bins.csv,True,42.0,ccd-workflow-2026-08-24-v1:c3b2a2cd649f4d1c
Default of Credit Card Clients,11,dt,OOF reliability bin 5,observed_rate,0.18058690744920994,outputs/modelling/reliability_bins.csv,True,42.0,ccd-workflow-2026-08-24-v1:c3b2a2cd649f4d1c
Default of Credit Card Clients,11,dt,OOF reliability bin 5,n,1329.0,outputs/modelling/reliability_bins.csv,True,42.0,ccd-workflow-2026-08-24-v1:c3b2a2cd649f4d1c
Default of Credit Card Clients,11,dt,OOF reliability bin 6,mean_score,0.1751990936072927,outputs/modelling/reliability_bins.csv,True,42.0,ccd-workflow-2026-08-24-v1:c3b2a2cd649f4d1c
Default of Credit Card Clients,11,dt,OOF reliability bin 6,observed_rate,0.16531604538087522,outputs/modelling/reliability_bins.csv,True,42.0,ccd-workflow-2026-08-24-v1:c3b2a2cd649f4d1c
Default of Credit Card Clients,11,dt,OOF reliability bin 6,n,2468.0,outputs/modelling/reliability_bins.csv,True,42.0,ccd-workflow-2026-08-24-v1:c3b2a2cd649f4d1c
Default of Credit Card Clients,11,dt,OOF reliability bin 7,mean_score,0.2701839558856216,outputs/modelling/reliability_bins.csv,True,42.0,ccd-workflow-2026-08-24-v1:c3b2a2cd649f4d1c
Default of Credit Card Clients,11,dt,OOF reliability bin 7,observed_rate,0.2735659847573205,outputs/modelling/reliability_bins.csv,True,42.0,ccd-workflow-2026-08-24-v1:c3b2a2cd649f4d1c
Default of Credit Card Clients,11,dt,OOF reliability bin 7,n,2493.0,outputs/modelling/reliability_bins.csv,True,42.0,ccd-workflow-2026-08-24-v1:c3b2a2cd649f4d1c
Default of Credit Card Clients,11,dt,OOF reliability bin 8,mean_score,0.42013566755367837,outputs/modelling/reliability_bins.csv,True,42.0,ccd-workflow-2026-08-24-v1:c3b2a2cd649f4d1c
Default of Credit Card Clients,11,dt,OOF reliability bin 8,observed_rate,0.4147321428571429,outputs/modelling/reliability_bins.csv,True,42.0,ccd-workflow-2026-08-24-v1:c3b2a2cd649f4d1c
Default of Credit Card Clients,11,dt,OOF reliability bin 8,n,2240.0,outputs/modelling/reliability_bins.csv,True,42.0,ccd-workflow-2026-08-24-v1:c3b2a2cd649f4d1c
Default of Credit Card Clients,11,dt,OOF reliability bin 9,mean_score,0.7084865827572123,outputs/modelling/reliability_bins.csv,True,42.0,ccd-workflow-2026-08-24-v1:c3b2a2cd649f4d1c
Default of Credit Card Clients,11,dt,OOF reliability bin 9,observed_rate,0.7022279348757497,outputs/modelling/reliability_bins.csv,True,42.0,ccd-workflow-2026-08-24-v1:c3b2a2cd649f4d1c
Default of Credit Card Clients,11,dt,OOF reliability bin 9,n,2334.0,outputs/modelling/reliability_bins.csv,True,42.0,ccd-workflow-2026-08-24-v1:c3b2a2cd649f4d1c
Default of Credit Card Clients,11,rf,OOF reliability bin 1,mean_score,0.06657512782938521,outputs/modelling/reliability_bins.csv,True,42.0,ccd-workflow-2026-08-24-v1:c3b2a2cd649f4d1c
Default of Credit Card Clients,11,rf,OOF reliability bin 1,observed_rate,0.05625,outputs/modelling/reliability_bins.csv,True,42.0,ccd-workflow-2026-08-24-v1:c3b2a2cd649f4d1c
Default of Credit Card Clients,11,rf,OOF reliability bin 1,n,2400.0,outputs/modelling/reliability_bins.csv,True,42.0,ccd-workflow-2026-08-24-v1:c3b2a2cd649f4d1c
Default of Credit Card Clients,11,rf,OOF reliability bin 2,mean_score,0.08934910570195215,outputs/modelling/reliability_bins.csv,True,42.0,ccd-workflow-2026-08-24-v1:c3b2a2cd649f4d1c
Default of Credit Card Clients,11,rf,OOF reliability bin 2,observed_rate,0.0775,outputs/modelling/reliability_bins.csv,True,42.0,ccd-workflow-2026-08-24-v1:c3b2a2cd649f4d1c
Default of Credit Card Clients,11,rf,OOF reliability bin 2,n,2400.0,outputs/modelling/reliability_bins.csv,True,42.0,ccd-workflow-2026-08-24-v1:c3b2a2cd649f4d1c
Default of Credit Card Clients,11,rf,OOF reliability bin 3,mean_score,0.09911370638087597,outputs/modelling/reliability_bins.csv,True,42.0,ccd-workflow-2026-08-24-v1:c3b2a2cd649f4d1c
Default of Credit Card Clients,11,rf,OOF reliability bin 3,observed_rate,0.08208333333333333,outputs/modelling/reliability_bins.csv,True,42.0,ccd-workflow-2026-08-24-v1:c3b2a2cd649f4d1c
Default of Credit Card Clients,11,rf,OOF reliability bin 3,n,2400.0,outputs/modelling/reliability_bins.csv,True,42.0,ccd-workflow-2026-08-24-v1:c3b2a2cd649f4d1c
Default of Credit Card Clients,11,rf,OOF reliability bin 4,mean_score,0.11790411740601298,outputs/modelling/reliability_bins.csv,True,42.0,ccd-workflow-2026-08-24-v1:c3b2a2cd649f4d1c
Default of Credit Card Clients,11,rf,OOF reliability bin 4,observed_rate,0.11583333333333333,outputs/modelling/reliability_bins.csv,True,42.0,ccd-workflow-2026-08-24-v1:c3b2a2cd649f4d1c
Default of Credit Card Clients,11,rf,OOF reliability bin 4,n,2400.0,outputs/modelling/reliability_bins.csv,True,42.0,ccd-workflow-2026-08-24-v1:c3b2a2cd649f4d1c
Default of Credit Card Clients,11,rf,OOF reliability bin 5,mean_score,0.13754497751031314,outputs/modelling/reliability_bins.csv,True,42.0,ccd-workflow-2026-08-24-v1:c3b2a2cd649f4d1c
Default of Credit Card Clients,11,rf,OOF reliability bin 5,observed_rate,0.14166666666666666,outputs/modelling/reliability_bins.csv,True,42.0,ccd-workflow-2026-08-24-v1:c3b2a2cd649f4d1c
Default of Credit Card Clients,11,rf,OOF reliability bin 5,n,2400.0,outputs/modelling/reliability_bins.csv,True,42.0,ccd-workflow-2026-08-24-v1:c3b2a2cd649f4d1c
Default of Credit Card Clients,11,rf,OOF reliability bin 6,mean_score,0.15756711602800677,outputs/modelling/reliability_bins.csv,True,42.0,ccd-workflow-2026-08-24-v1:c3b2a2cd649f4d1c
Default of Credit Card Clients,11,rf,OOF reliability bin 6,observed_rate,0.15458333333333332,outputs/modelling/reliability_bins.csv,True,42.0,ccd-workflow-2026-08-24-v1:c3b2a2cd649f4d1c
Default of Credit Card Clients,11,rf,OOF reliability bin 6,n,2400.0,outputs/modelling/reliability_bins.csv,True,42.0,ccd-workflow-2026-08-24-v1:c3b2a2cd649f4d1c
Default of Credit Card Clients,11,rf,OOF reliability bin 7,mean_score,0.18630930888461697,outputs/modelling/reliability_bins.csv,True,42.0,ccd-workflow-2026-08-24-v1:c3b2a2cd649f4d1c
Default of Credit Card Clients,11,rf,OOF reliability bin 7,observed_rate,0.17958333333333334,outputs/modelling/reliability_bins.csv,True,42.0,ccd-workflow-2026-08-24-v1:c3b2a2cd649f4d1c
Default of Credit Card Clients,11,rf,OOF reliability bin 7,n,2400.0,outputs/modelling/reliability_bins.csv,True,42.0,ccd-workflow-2026-08-24-v1:c3b2a2cd649f4d1c
Default of Credit Card Clients,11,rf,OOF reliability bin 8,mean_score,0.24898548332069134,outputs/modelling/reliability_bins.csv,True,42.0,ccd-workflow-2026-08-24-v1:c3b2a2cd649f4d1c
Default of Credit Card Clients,11,rf,OOF reliability bin 8,observed_rate,0.27291666666666664,outputs/modelling/reliability_bins.csv,True,42.0,ccd-workflow-2026-08-24-v1:c3b2a2cd649f4d1c
Default of Credit Card Clients,11,rf,OOF reliability bin 8,n,2400.0,outputs/modelling/reliability_bins.csv,True,42.0,ccd-workflow-2026-08-24-v1:c3b2a2cd649f4d1c
Default of Credit Card Clients,11,rf,OOF reliability bin 9,mean_score,0.407313121955915,outputs/modelling/reliability_bins.csv,True,42.0,ccd-workflow-2026-08-24-v1:c3b2a2cd649f4d1c
Default of Credit Card Clients,11,rf,OOF reliability bin 9,observed_rate,0.42375,outputs/modelling/reliability_bins.csv,True,42.0,ccd-workflow-2026-08-24-v1:c3b2a2cd649f4d1c
Default of Credit Card Clients,11,rf,OOF reliability bin 9,n,2400.0,outputs/modelling/reliability_bins.csv,True,42.0,ccd-workflow-2026-08-24-v1:c3b2a2cd649f4d1c
Default of Credit Card Clients,11,rf,OOF reliability bin 10,mean_score,0.7044619746501798,outputs/modelling/reliability_bins.csv,True,42.0,ccd-workflow-2026-08-24-v1:c3b2a2cd649f4d1c
Default of Credit Card Clients,11,rf,OOF reliability bin 10,observed_rate,0.7079166666666666,outputs/modelling/reliability_bins.csv,True,42.0,ccd-workflow-2026-08-24-v1:c3b2a2cd649f4d1c
Default of Credit Card Clients,11,rf,OOF reliability bin 10,n,2400.0,outputs/modelling/reliability_bins.csv,True,42.0,ccd-workflow-2026-08-24-v1:c3b2a2cd649f4d1c
Default of Credit Card Clients,11,xgb,OOF reliability bin 1,mean_score,0.04810534446888293,outputs/modelling/reliability_bins.csv,True,42.0,ccd-workflow-2026-08-24-v1:c3b2a2cd649f4d1c
Default of Credit Card Clients,11,xgb,OOF reliability bin 1,observed_rate,0.04625,outputs/modelling/reliability_bins.csv,True,42.0,ccd-workflow-2026-08-24-v1:c3b2a2cd649f4d1c
Default of Credit Card Clients,11,xgb,OOF reliability bin 1,n,2400.0,outputs/modelling/reliability_bins.csv,True,42.0,ccd-workflow-2026-08-24-v1:c3b2a2cd649f4d1c
Default of Credit Card Clients,11,xgb,OOF reliability bin 2,mean_score,0.07340781513601541,outputs/modelling/reliability_bins.csv,True,42.0,ccd-workflow-2026-08-24-v1:c3b2a2cd649f4d1c
Default of Credit Card Clients,11,xgb,OOF reliability bin 2,observed_rate,0.06333333333333334,outputs/modelling/reliability_bins.csv,True,42.0,ccd-workflow-2026-08-24-v1:c3b2a2cd649f4d1c
Default of Credit Card Clients,11,xgb,OOF reliability bin 2,n,2400.0,outputs/modelling/reliability_bins.csv,True,42.0,ccd-workflow-2026-08-24-v1:c3b2a2cd649f4d1c
Default of Credit Card Clients,11,xgb,OOF reliability bin 3,mean_score,0.09363657064115008,outputs/modelling/reliability_bins.csv,True,42.0,ccd-workflow-2026-08-24-v1:c3b2a2cd649f4d1c
Default of Credit Card Clients,11,xgb,OOF reliability bin 3,observed_rate,0.08791666666666667,outputs/modelling/reliability_bins.csv,True,42.0,ccd-workflow-2026-08-24-v1:c3b2a2cd649f4d1c
Default of Credit Card Clients,11,xgb,OOF reliability bin 3,n,2400.0,outputs/modelling/reliability_bins.csv,True,42.0,ccd-workflow-2026-08-24-v1:c3b2a2cd649f4d1c
Default of Credit Card Clients,11,xgb,OOF reliability bin 4,mean_score,0.11325928929882745,outputs/modelling/reliability_bins.csv,True,42.0,ccd-workflow-2026-08-24-v1:c3b2a2cd649f4d1c
Default of Credit Card Clients,11,xgb,OOF reliability bin 4,observed_rate,0.10916666666666666,outputs/modelling/reliability_bins.csv,True,42.0,ccd-workflow-2026-08-24-v1:c3b2a2cd649f4d1c
Default of Credit Card Clients,11,xgb,OOF reliability bin 4,n,2400.0,outputs/modelling/reliability_bins.csv,True,42.0,ccd-workflow-2026-08-24-v1:c3b2a2cd649f4d1c
Default of Credit Card Clients,11,xgb,OOF reliability bin 5,mean_score,0.13560155423668524,outputs/modelling/reliability_bins.csv,True,42.0,ccd-workflow-2026-08-24-v1:c3b2a2cd649f4d1c
Default of Credit Card Clients,11,xgb,OOF reliability bin 5,observed_rate,0.14791666666666667,outputs/modelling/reliability_bins.csv,True,42.0,ccd-workflow-2026-08-24-v1:c3b2a2cd649f4d1c
Default of Credit Card Clients,11,xgb,OOF reliability bin 5,n,2400.0,outputs/modelling/reliability_bins.csv,True,42.0,ccd-workflow-2026-08-24-v1:c3b2a2cd649f4d1c
Default of Credit Card Clients,11,xgb,OOF reliability bin 6,mean_score,0.1593352999414007,outputs/modelling/reliability_bins.csv,True,42.0,ccd-workflow-2026-08-24-v1:c3b2a2cd649f4d1c
Default of Credit Card Clients,11,xgb,OOF reliability bin 6,observed_rate,0.15666666666666668,outputs/modelling/reliability_bins.csv,True,42.0,ccd-workflow-2026-08-24-v1:c3b2a2cd649f4d1c
Default of Credit Card Clients,11,xgb,OOF reliability bin 6,n,2400.0,outputs/modelling/reliability_bins.csv,True,42.0,ccd-workflow-2026-08-24-v1:c3b2a2cd649f4d1c
Default of Credit Card Clients,11,xgb,OOF reliability bin 7,mean_score,0.19458810300876697,outputs/modelling/reliability_bins.csv,True,42.0,ccd-workflow-2026-08-24-v1:c3b2a2cd649f4d1c
Default of Credit Card Clients,11,xgb,OOF reliability bin 7,observed_rate,0.18958333333333333,outputs/modelling/reliability_bins.csv,True,42.0,ccd-workflow-2026-08-24-v1:c3b2a2cd649f4d1c
Default of Credit Card Clients,11,xgb,OOF reliability bin 7,n,2400.0,outputs/modelling/reliability_bins.csv,True,42.0,ccd-workflow-2026-08-24-v1:c3b2a2cd649f4d1c
Default of Credit Card Clients,11,xgb,OOF reliability bin 8,mean_score,0.26465109014883637,outputs/modelling/reliability_bins.csv,True,42.0,ccd-workflow-2026-08-24-v1:c3b2a2cd649f4d1c
Default of Credit Card Clients,11,xgb,OOF reliability bin 8,observed_rate,0.27,outputs/modelling/reliability_bins.csv,True,42.0,ccd-workflow-2026-08-24-v1:c3b2a2cd649f4d1c
Default of Credit Card Clients,11,xgb,OOF reliability bin 8,n,2400.0,outputs/modelling/reliability_bins.csv,True,42.0,ccd-workflow-2026-08-24-v1:c3b2a2cd649f4d1c
Default of Credit Card Clients,11,xgb,OOF reliability bin 9,mean_score,0.4214103767027458,outputs/modelling/reliability_bins.csv,True,42.0,ccd-workflow-2026-08-24-v1:c3b2a2cd649f4d1c
Default of Credit Card Clients,11,xgb,OOF reliability bin 9,observed_rate,0.4375,outputs/modelling/reliability_bins.csv,True,42.0,ccd-workflow-2026-08-24-v1:c3b2a2cd649f4d1c
Default of Credit Card Clients,11,xgb,OOF reliability bin 9,n,2400.0,outputs/modelling/reliability_bins.csv,True,42.0,ccd-workflow-2026-08-24-v1:c3b2a2cd649f4d1c
Default of Credit Card Clients,11,xgb,OOF reliability bin 10,mean_score,0.7054364374528329,outputs/modelling/reliability_bins.csv,True,42.0,ccd-workflow-2026-08-24-v1:c3b2a2cd649f4d1c
Default of Credit Card Clients,11,xgb,OOF reliability bin 10,observed_rate,0.70375,outputs/modelling/reliability_bins.csv,True,42.0,ccd-workflow-2026-08-24-v1:c3b2a2cd649f4d1c
Default of Credit Card Clients,11,xgb,OOF reliability bin 10,n,2400.0,outputs/modelling/reliability_bins.csv,True,42.0,ccd-workflow-2026-08-24-v1:c3b2a2cd649f4d1c
Default of Credit Card Clients,12,lr,nested OOF development,threshold,0.18957347055038698,outputs/modelling/thresholds_selected.csv,True,42.0,ccd-workflow-2026-08-24-v1:c3b2a2cd649f4d1c
Default of Credit Card Clients,12,lr,nested OOF development,precision,0.4325272522240321,outputs/modelling/thresholds_selected.csv,True,42.0,ccd-workflow-2026-08-24-v1:c3b2a2cd649f4d1c
Default of Credit Card Clients,12,lr,nested OOF development,recall,0.6502166132981729,outputs/modelling/thresholds_selected.csv,True,42.0,ccd-workflow-2026-08-24-v1:c3b2a2cd649f4d1c
Default of Credit Card Clients,12,lr,nested OOF development,fp,4529.0,outputs/modelling/thresholds_selected.csv,True,42.0,ccd-workflow-2026-08-24-v1:c3b2a2cd649f4d1c
Default of Credit Card Clients,12,lr,nested OOF development,fn,1857.0,outputs/modelling/thresholds_selected.csv,True,42.0,ccd-workflow-2026-08-24-v1:c3b2a2cd649f4d1c
Default of Credit Card Clients,12,lr,nested OOF development,precision_at_050,0.680103550295858,outputs/modelling/thresholds_selected.csv,True,42.0,ccd-workflow-2026-08-24-v1:c3b2a2cd649f4d1c
Default of Credit Card Clients,12,lr,nested OOF development,recall_at_050,0.3463929176869467,outputs/modelling/thresholds_selected.csv,True,42.0,ccd-workflow-2026-08-24-v1:c3b2a2cd649f4d1c
Default of Credit Card Clients,12,dt,nested OOF development,threshold,0.1750291715285881,outputs/modelling/thresholds_selected.csv,True,42.0,ccd-workflow-2026-08-24-v1:c3b2a2cd649f4d1c
Default of Credit Card Clients,12,dt,nested OOF development,precision,0.39898591549295775,outputs/modelling/thresholds_selected.csv,True,42.0,ccd-workflow-2026-08-24-v1:c3b2a2cd649f4d1c
Default of Credit Card Clients,12,dt,nested OOF development,recall,0.6669805989828593,outputs/modelling/thresholds_selected.csv,True,42.0,ccd-workflow-2026-08-24-v1:c3b2a2cd649f4d1c
Default of Credit Card Clients,12,dt,nested OOF development,fp,5334.0,outputs/modelling/thresholds_selected.csv,True,42.0,ccd-workflow-2026-08-24-v1:c3b2a2cd649f4d1c
Default of Credit Card Clients,12,dt,nested OOF development,fn,1768.0,outputs/modelling/thresholds_selected.csv,True,42.0,ccd-workflow-2026-08-24-v1:c3b2a2cd649f4d1c
Default of Credit Card Clients,12,dt,nested OOF development,precision_at_050,0.6682196339434276,outputs/modelling/thresholds_selected.csv,True,42.0,ccd-workflow-2026-08-24-v1:c3b2a2cd649f4d1c
Default of Credit Card Clients,12,dt,nested OOF development,recall_at_050,0.37822565454887924,outputs/modelling/thresholds_selected.csv,True,42.0,ccd-workflow-2026-08-24-v1:c3b2a2cd649f4d1c
Default of Credit Card Clients,12,rf,nested OOF development,threshold,0.19917285597671583,outputs/modelling/thresholds_selected.csv,True,42.0,ccd-workflow-2026-08-24-v1:c3b2a2cd649f4d1c
Default of Credit Card Clients,12,rf,nested OOF development,precision,0.45205658894419704,outputs/modelling/thresholds_selected.csv,True,42.0,ccd-workflow-2026-08-24-v1:c3b2a2cd649f4d1c
Default of Credit Card Clients,12,rf,nested OOF development,recall,0.6500282539084573,outputs/modelling/thresholds_selected.csv,True,42.0,ccd-workflow-2026-08-24-v1:c3b2a2cd649f4d1c
Default of Credit Card Clients,12,rf,nested OOF development,fp,4183.0,outputs/modelling/thresholds_selected.csv,True,42.0,ccd-workflow-2026-08-24-v1:c3b2a2cd649f4d1c
Default of Credit Card Clients,12,rf,nested OOF development,fn,1858.0,outputs/modelling/thresholds_selected.csv,True,42.0,ccd-workflow-2026-08-24-v1:c3b2a2cd649f4d1c
Default of Credit Card Clients,12,rf,nested OOF development,precision_at_050,0.6866859623733719,outputs/modelling/thresholds_selected.csv,True,42.0,ccd-workflow-2026-08-24-v1:c3b2a2cd649f4d1c
Default of Credit Card Clients,12,rf,nested OOF development,recall_at_050,0.35750612168016577,outputs/modelling/thresholds_selected.csv,True,42.0,ccd-workflow-2026-08-24-v1:c3b2a2cd649f4d1c
Default of Credit Card Clients,12,xgb,nested OOF development,threshold,0.212750643491745,outputs/modelling/thresholds_selected.csv,True,42.0,ccd-workflow-2026-08-24-v1:c3b2a2cd649f4d1c
Default of Credit Card Clients,12,xgb,nested OOF development,precision,0.45988805970149255,outputs/modelling/thresholds_selected.csv,True,42.0,ccd-workflow-2026-08-24-v1:c3b2a2cd649f4d1c
Default of Credit Card Clients,12,xgb,nested OOF development,recall,0.6500282539084573,outputs/modelling/thresholds_selected.csv,True,42.0,ccd-workflow-2026-08-24-v1:c3b2a2cd649f4d1c
Default of Credit Card Clients,12,xgb,nested OOF development,fp,4053.0,outputs/modelling/thresholds_selected.csv,True,42.0,ccd-workflow-2026-08-24-v1:c3b2a2cd649f4d1c
Default of Credit Card Clients,12,xgb,nested OOF development,fn,1858.0,outputs/modelling/thresholds_selected.csv,True,42.0,ccd-workflow-2026-08-24-v1:c3b2a2cd649f4d1c
Default of Credit Card Clients,12,xgb,nested OOF development,precision_at_050,0.6797227036395147,outputs/modelling/thresholds_selected.csv,True,42.0,ccd-workflow-2026-08-24-v1:c3b2a2cd649f4d1c
Default of Credit Card Clients,12,xgb,nested OOF development,recall_at_050,0.3693727632322471,outputs/modelling/thresholds_selected.csv,True,42.0,ccd-workflow-2026-08-24-v1:c3b2a2cd649f4d1c
Default of Credit Card Clients,13,lr,locked holdout test,pr_auc,0.5339483927044256,outputs/modelling/test_results.csv,True,42.0,ccd-workflow-2026-08-24-v1:c3b2a2cd649f4d1c
Default of Credit Card Clients,13,lr,locked holdout test,pr_auc_ci_low,0.5083774050381419,outputs/modelling/test_results.csv,True,42.0,ccd-workflow-2026-08-24-v1:c3b2a2cd649f4d1c
Default of Credit Card Clients,13,lr,locked holdout test,pr_auc_ci_high,0.5610175957508052,outputs/modelling/test_results.csv,True,42.0,ccd-workflow-2026-08-24-v1:c3b2a2cd649f4d1c
Default of Credit Card Clients,13,lr,locked holdout test,roc_auc,0.7641102641785589,outputs/modelling/test_results.csv,True,42.0,ccd-workflow-2026-08-24-v1:c3b2a2cd649f4d1c
Default of Credit Card Clients,13,lr,locked holdout test,calibration_slope,0.9488707021234662,outputs/modelling/test_results.csv,True,42.0,ccd-workflow-2026-08-24-v1:c3b2a2cd649f4d1c
Default of Credit Card Clients,13,lr,locked holdout test,precision,0.42464358452138495,outputs/modelling/test_results.csv,True,42.0,ccd-workflow-2026-08-24-v1:c3b2a2cd649f4d1c
Default of Credit Card Clients,13,lr,locked holdout test,recall,0.6284853051996986,outputs/modelling/test_results.csv,True,42.0,ccd-workflow-2026-08-24-v1:c3b2a2cd649f4d1c
Default of Credit Card Clients,13,lr,locked holdout test,threshold,0.18957347055038698,outputs/modelling/test_results.csv,True,42.0,ccd-workflow-2026-08-24-v1:c3b2a2cd649f4d1c
Default of Credit Card Clients,13,dt,locked holdout test,pr_auc,0.4771738861306395,outputs/modelling/test_results.csv,True,42.0,ccd-workflow-2026-08-24-v1:c3b2a2cd649f4d1c
Default of Credit Card Clients,13,dt,locked holdout test,pr_auc_ci_low,0.45414516030660557,outputs/modelling/test_results.csv,True,42.0,ccd-workflow-2026-08-24-v1:c3b2a2cd649f4d1c
Default of Credit Card Clients,13,dt,locked holdout test,pr_auc_ci_high,0.5010236058834729,outputs/modelling/test_results.csv,True,42.0,ccd-workflow-2026-08-24-v1:c3b2a2cd649f4d1c
Default of Credit Card Clients,13,dt,locked holdout test,roc_auc,0.7373653680146542,outputs/modelling/test_results.csv,True,42.0,ccd-workflow-2026-08-24-v1:c3b2a2cd649f4d1c
Default of Credit Card Clients,13,dt,locked holdout test,calibration_slope,0.947057548166714,outputs/modelling/test_results.csv,True,42.0,ccd-workflow-2026-08-24-v1:c3b2a2cd649f4d1c
Default of Credit Card Clients,13,dt,locked holdout test,precision,0.37325349301397204,outputs/modelling/test_results.csv,True,42.0,ccd-workflow-2026-08-24-v1:c3b2a2cd649f4d1c
Default of Credit Card Clients,13,dt,locked holdout test,recall,0.7045968349660889,outputs/modelling/test_results.csv,True,42.0,ccd-workflow-2026-08-24-v1:c3b2a2cd649f4d1c
Default of Credit Card Clients,13,dt,locked holdout test,threshold,0.1750291715285881,outputs/modelling/test_results.csv,True,42.0,ccd-workflow-2026-08-24-v1:c3b2a2cd649f4d1c
Default of Credit Card Clients,13,rf,locked holdout test,pr_auc,0.5520016555442144,outputs/modelling/test_results.csv,True,42.0,ccd-workflow-2026-08-24-v1:c3b2a2cd649f4d1c
Default of Credit Card Clients,13,rf,locked holdout test,pr_auc_ci_low,0.5269859563040623,outputs/modelling/test_results.csv,True,42.0,ccd-workflow-2026-08-24-v1:c3b2a2cd649f4d1c
Default of Credit Card Clients,13,rf,locked holdout test,pr_auc_ci_high,0.5782976043568033,outputs/modelling/test_results.csv,True,42.0,ccd-workflow-2026-08-24-v1:c3b2a2cd649f4d1c
Default of Credit Card Clients,13,rf,locked holdout test,roc_auc,0.7755657046984303,outputs/modelling/test_results.csv,True,42.0,ccd-workflow-2026-08-24-v1:c3b2a2cd649f4d1c
Default of Credit Card Clients,13,rf,locked holdout test,calibration_slope,0.9609288858943519,outputs/modelling/test_results.csv,True,42.0,ccd-workflow-2026-08-24-v1:c3b2a2cd649f4d1c
Default of Credit Card Clients,13,rf,locked holdout test,precision,0.4263183834401183,outputs/modelling/test_results.csv,True,42.0,ccd-workflow-2026-08-24-v1:c3b2a2cd649f4d1c
Default of Credit Card Clients,13,rf,locked holdout test,recall,0.651846269781462,outputs/modelling/test_results.csv,True,42.0,ccd-workflow-2026-08-24-v1:c3b2a2cd649f4d1c
Default of Credit Card Clients,13,rf,locked holdout test,threshold,0.19917285597671583,outputs/modelling/test_results.csv,True,42.0,ccd-workflow-2026-08-24-v1:c3b2a2cd649f4d1c
Default of Credit Card Clients,13,xgb,locked holdout test,pr_auc,0.5572274480081877,outputs/modelling/test_results.csv,True,42.0,ccd-workflow-2026-08-24-v1:c3b2a2cd649f4d1c
Default of Credit Card Clients,13,xgb,locked holdout test,pr_auc_ci_low,0.5321224064444394,outputs/modelling/test_results.csv,True,42.0,ccd-workflow-2026-08-24-v1:c3b2a2cd649f4d1c
Default of Credit Card Clients,13,xgb,locked holdout test,pr_auc_ci_high,0.5832601509539765,outputs/modelling/test_results.csv,True,42.0,ccd-workflow-2026-08-24-v1:c3b2a2cd649f4d1c
Default of Credit Card Clients,13,xgb,locked holdout test,roc_auc,0.7801233045065925,outputs/modelling/test_results.csv,True,42.0,ccd-workflow-2026-08-24-v1:c3b2a2cd649f4d1c
Default of Credit Card Clients,13,xgb,locked holdout test,calibration_slope,0.9907168338757194,outputs/modelling/test_results.csv,True,42.0,ccd-workflow-2026-08-24-v1:c3b2a2cd649f4d1c
Default of Credit Card Clients,13,xgb,locked holdout test,precision,0.45606469002695416,outputs/modelling/test_results.csv,True,42.0,ccd-workflow-2026-08-24-v1:c3b2a2cd649f4d1c
Default of Credit Card Clients,13,xgb,locked holdout test,recall,0.6375282592313489,outputs/modelling/test_results.csv,True,42.0,ccd-workflow-2026-08-24-v1:c3b2a2cd649f4d1c
Default of Credit Card Clients,13,xgb,locked holdout test,threshold,0.212750643491745,outputs/modelling/test_results.csv,True,42.0,ccd-workflow-2026-08-24-v1:c3b2a2cd649f4d1c
Default of Credit Card Clients,13,lr,locked holdout test,tp,834.0,outputs/modelling/confusion_matrices.csv,True,42.0,ccd-workflow-2026-08-24-v1:c3b2a2cd649f4d1c
Default of Credit Card Clients,13,lr,locked holdout test,fp,1130.0,outputs/modelling/confusion_matrices.csv,True,42.0,ccd-workflow-2026-08-24-v1:c3b2a2cd649f4d1c
Default of Credit Card Clients,13,lr,locked holdout test,tn,3543.0,outputs/modelling/confusion_matrices.csv,True,42.0,ccd-workflow-2026-08-24-v1:c3b2a2cd649f4d1c
Default of Credit Card Clients,13,lr,locked holdout test,fn,493.0,outputs/modelling/confusion_matrices.csv,True,42.0,ccd-workflow-2026-08-24-v1:c3b2a2cd649f4d1c
Default of Credit Card Clients,13,dt,locked holdout test,tp,935.0,outputs/modelling/confusion_matrices.csv,True,42.0,ccd-workflow-2026-08-24-v1:c3b2a2cd649f4d1c
Default of Credit Card Clients,13,dt,locked holdout test,fp,1570.0,outputs/modelling/confusion_matrices.csv,True,42.0,ccd-workflow-2026-08-24-v1:c3b2a2cd649f4d1c
Default of Credit Card Clients,13,dt,locked holdout test,tn,3103.0,outputs/modelling/confusion_matrices.csv,True,42.0,ccd-workflow-2026-08-24-v1:c3b2a2cd649f4d1c
Default of Credit Card Clients,13,dt,locked holdout test,fn,392.0,outputs/modelling/confusion_matrices.csv,True,42.0,ccd-workflow-2026-08-24-v1:c3b2a2cd649f4d1c
Default of Credit Card Clients,13,rf,locked holdout test,tp,865.0,outputs/modelling/confusion_matrices.csv,True,42.0,ccd-workflow-2026-08-24-v1:c3b2a2cd649f4d1c
Default of Credit Card Clients,13,rf,locked holdout test,fp,1164.0,outputs/modelling/confusion_matrices.csv,True,42.0,ccd-workflow-2026-08-24-v1:c3b2a2cd649f4d1c
Default of Credit Card Clients,13,rf,locked holdout test,tn,3509.0,outputs/modelling/confusion_matrices.csv,True,42.0,ccd-workflow-2026-08-24-v1:c3b2a2cd649f4d1c
Default of Credit Card Clients,13,rf,locked holdout test,fn,462.0,outputs/modelling/confusion_matrices.csv,True,42.0,ccd-workflow-2026-08-24-v1:c3b2a2cd649f4d1c
Default of Credit Card Clients,13,xgb,locked holdout test,tp,846.0,outputs/modelling/confusion_matrices.csv,True,42.0,ccd-workflow-2026-08-24-v1:c3b2a2cd649f4d1c
Default of Credit Card Clients,13,xgb,locked holdout test,fp,1009.0,outputs/modelling/confusion_matrices.csv,True,42.0,ccd-workflow-2026-08-24-v1:c3b2a2cd649f4d1c
Default of Credit Card Clients,13,xgb,locked holdout test,tn,3664.0,outputs/modelling/confusion_matrices.csv,True,42.0,ccd-workflow-2026-08-24-v1:c3b2a2cd649f4d1c
Default of Credit Card Clients,13,xgb,locked holdout test,fn,481.0,outputs/modelling/confusion_matrices.csv,True,42.0,ccd-workflow-2026-08-24-v1:c3b2a2cd649f4d1c
Default of Credit Card Clients,14,lr_vs_dt,paired outer folds,mean_diff,0.05693715155562788,outputs/analysis/paired_fold_differences.csv,True,42.0,ccd-workflow-2026-08-24-v1:c3b2a2cd649f4d1c
Default of Credit Card Clients,14,lr_vs_dt,paired outer folds,sd_diff,0.009537582438801791,outputs/analysis/paired_fold_differences.csv,True,42.0,ccd-workflow-2026-08-24-v1:c3b2a2cd649f4d1c
Default of Credit Card Clients,14,lr_vs_dt,paired outer folds,folds_agreeing_in_sign,5.0,outputs/analysis/paired_fold_differences.csv,True,42.0,ccd-workflow-2026-08-24-v1:c3b2a2cd649f4d1c
Default of Credit Card Clients,14,lr_vs_dt,paired outer folds,n_folds,5.0,outputs/analysis/paired_fold_differences.csv,True,42.0,ccd-workflow-2026-08-24-v1:c3b2a2cd649f4d1c
Default of Credit Card Clients,14,lr_vs_dt,paired outer folds,fold_diff_1,0.06545412650907645,outputs/analysis/paired_fold_differences.csv,True,42.0,ccd-workflow-2026-08-24-v1:c3b2a2cd649f4d1c
Default of Credit Card Clients,14,lr_vs_dt,paired outer folds,fold_diff_2,0.06464040758691181,outputs/analysis/paired_fold_differences.csv,True,42.0,ccd-workflow-2026-08-24-v1:c3b2a2cd649f4d1c
Default of Credit Card Clients,14,lr_vs_dt,paired outer folds,fold_diff_3,0.06125336381561436,outputs/analysis/paired_fold_differences.csv,True,42.0,ccd-workflow-2026-08-24-v1:c3b2a2cd649f4d1c
Default of Credit Card Clients,14,lr_vs_dt,paired outer folds,fold_diff_4,0.047782586168724384,outputs/analysis/paired_fold_differences.csv,True,42.0,ccd-workflow-2026-08-24-v1:c3b2a2cd649f4d1c
Default of Credit Card Clients,14,lr_vs_dt,paired outer folds,fold_diff_5,0.045555273697812426,outputs/analysis/paired_fold_differences.csv,True,42.0,ccd-workflow-2026-08-24-v1:c3b2a2cd649f4d1c
Default of Credit Card Clients,14,lr_vs_rf,paired outer folds,mean_diff,-0.014135588468870397,outputs/analysis/paired_fold_differences.csv,True,42.0,ccd-workflow-2026-08-24-v1:c3b2a2cd649f4d1c
Default of Credit Card Clients,14,lr_vs_rf,paired outer folds,sd_diff,0.005557865835943869,outputs/analysis/paired_fold_differences.csv,True,42.0,ccd-workflow-2026-08-24-v1:c3b2a2cd649f4d1c
Default of Credit Card Clients,14,lr_vs_rf,paired outer folds,folds_agreeing_in_sign,5.0,outputs/analysis/paired_fold_differences.csv,True,42.0,ccd-workflow-2026-08-24-v1:c3b2a2cd649f4d1c
Default of Credit Card Clients,14,lr_vs_rf,paired outer folds,n_folds,5.0,outputs/analysis/paired_fold_differences.csv,True,42.0,ccd-workflow-2026-08-24-v1:c3b2a2cd649f4d1c
Default of Credit Card Clients,14,lr_vs_rf,paired outer folds,fold_diff_1,-0.0072343550676904345,outputs/analysis/paired_fold_differences.csv,True,42.0,ccd-workflow-2026-08-24-v1:c3b2a2cd649f4d1c
Default of Credit Card Clients,14,lr_vs_rf,paired outer folds,fold_diff_2,-0.014088196656300567,outputs/analysis/paired_fold_differences.csv,True,42.0,ccd-workflow-2026-08-24-v1:c3b2a2cd649f4d1c
Default of Credit Card Clients,14,lr_vs_rf,paired outer folds,fold_diff_3,-0.01069418073435724,outputs/analysis/paired_fold_differences.csv,True,42.0,ccd-workflow-2026-08-24-v1:c3b2a2cd649f4d1c
Default of Credit Card Clients,14,lr_vs_rf,paired outer folds,fold_diff_4,-0.017082211891088384,outputs/analysis/paired_fold_differences.csv,True,42.0,ccd-workflow-2026-08-24-v1:c3b2a2cd649f4d1c
Default of Credit Card Clients,14,lr_vs_rf,paired outer folds,fold_diff_5,-0.02157899799491536,outputs/analysis/paired_fold_differences.csv,True,42.0,ccd-workflow-2026-08-24-v1:c3b2a2cd649f4d1c
Default of Credit Card Clients,14,lr_vs_xgb,paired outer folds,mean_diff,-0.013756562303857512,outputs/analysis/paired_fold_differences.csv,True,42.0,ccd-workflow-2026-08-24-v1:c3b2a2cd649f4d1c
Default of Credit Card Clients,14,lr_vs_xgb,paired outer folds,sd_diff,0.004140399813385048,outputs/analysis/paired_fold_differences.csv,True,42.0,ccd-workflow-2026-08-24-v1:c3b2a2cd649f4d1c
Default of Credit Card Clients,14,lr_vs_xgb,paired outer folds,folds_agreeing_in_sign,5.0,outputs/analysis/paired_fold_differences.csv,True,42.0,ccd-workflow-2026-08-24-v1:c3b2a2cd649f4d1c
Default of Credit Card Clients,14,lr_vs_xgb,paired outer folds,n_folds,5.0,outputs/analysis/paired_fold_differences.csv,True,42.0,ccd-workflow-2026-08-24-v1:c3b2a2cd649f4d1c
Default of Credit Card Clients,14,lr_vs_xgb,paired outer folds,fold_diff_1,-0.013771581481467954,outputs/analysis/paired_fold_differences.csv,True,42.0,ccd-workflow-2026-08-24-v1:c3b2a2cd649f4d1c
Default of Credit Card Clients,14,lr_vs_xgb,paired outer folds,fold_diff_2,-0.01153091331654632,outputs/analysis/paired_fold_differences.csv,True,42.0,ccd-workflow-2026-08-24-v1:c3b2a2cd649f4d1c
Default of Credit Card Clients,14,lr_vs_xgb,paired outer folds,fold_diff_3,-0.009837654563933595,outputs/analysis/paired_fold_differences.csv,True,42.0,ccd-workflow-2026-08-24-v1:c3b2a2cd649f4d1c
Default of Credit Card Clients,14,lr_vs_xgb,paired outer folds,fold_diff_4,-0.012982421708279901,outputs/analysis/paired_fold_differences.csv,True,42.0,ccd-workflow-2026-08-24-v1:c3b2a2cd649f4d1c
Default of Credit Card Clients,14,lr_vs_xgb,paired outer folds,fold_diff_5,-0.020660240449059786,outputs/analysis/paired_fold_differences.csv,True,42.0,ccd-workflow-2026-08-24-v1:c3b2a2cd649f4d1c
Default of Credit Card Clients,14,dt_vs_rf,paired outer folds,mean_diff,-0.07107274002449829,outputs/analysis/paired_fold_differences.csv,True,42.0,ccd-workflow-2026-08-24-v1:c3b2a2cd649f4d1c
Default of Credit Card Clients,14,dt_vs_rf,paired outer folds,sd_diff,0.005386052285630108,outputs/analysis/paired_fold_differences.csv,True,42.0,ccd-workflow-2026-08-24-v1:c3b2a2cd649f4d1c
Default of Credit Card Clients,14,dt_vs_rf,paired outer folds,folds_agreeing_in_sign,5.0,outputs/analysis/paired_fold_differences.csv,True,42.0,ccd-workflow-2026-08-24-v1:c3b2a2cd649f4d1c
Default of Credit Card Clients,14,dt_vs_rf,paired outer folds,n_folds,5.0,outputs/analysis/paired_fold_differences.csv,True,42.0,ccd-workflow-2026-08-24-v1:c3b2a2cd649f4d1c
Default of Credit Card Clients,14,dt_vs_rf,paired outer folds,fold_diff_1,-0.07268848157676688,outputs/analysis/paired_fold_differences.csv,True,42.0,ccd-workflow-2026-08-24-v1:c3b2a2cd649f4d1c
Default of Credit Card Clients,14,dt_vs_rf,paired outer folds,fold_diff_2,-0.07872860424321237,outputs/analysis/paired_fold_differences.csv,True,42.0,ccd-workflow-2026-08-24-v1:c3b2a2cd649f4d1c
Default of Credit Card Clients,14,dt_vs_rf,paired outer folds,fold_diff_3,-0.0719475445499716,outputs/analysis/paired_fold_differences.csv,True,42.0,ccd-workflow-2026-08-24-v1:c3b2a2cd649f4d1c
Default of Credit Card Clients,14,dt_vs_rf,paired outer folds,fold_diff_4,-0.06486479805981277,outputs/analysis/paired_fold_differences.csv,True,42.0,ccd-workflow-2026-08-24-v1:c3b2a2cd649f4d1c
Default of Credit Card Clients,14,dt_vs_rf,paired outer folds,fold_diff_5,-0.06713427169272779,outputs/analysis/paired_fold_differences.csv,True,42.0,ccd-workflow-2026-08-24-v1:c3b2a2cd649f4d1c
Default of Credit Card Clients,14,dt_vs_xgb,paired outer folds,mean_diff,-0.07069371385948539,outputs/analysis/paired_fold_differences.csv,True,42.0,ccd-workflow-2026-08-24-v1:c3b2a2cd649f4d1c
Default of Credit Card Clients,14,dt_vs_xgb,paired outer folds,sd_diff,0.007442956885789279,outputs/analysis/paired_fold_differences.csv,True,42.0,ccd-workflow-2026-08-24-v1:c3b2a2cd649f4d1c
Default of Credit Card Clients,14,dt_vs_xgb,paired outer folds,folds_agreeing_in_sign,5.0,outputs/analysis/paired_fold_differences.csv,True,42.0,ccd-workflow-2026-08-24-v1:c3b2a2cd649f4d1c
Default of Credit Card Clients,14,dt_vs_xgb,paired outer folds,n_folds,5.0,outputs/analysis/paired_fold_differences.csv,True,42.0,ccd-workflow-2026-08-24-v1:c3b2a2cd649f4d1c
Default of Credit Card Clients,14,dt_vs_xgb,paired outer folds,fold_diff_1,-0.0792257079905444,outputs/analysis/paired_fold_differences.csv,True,42.0,ccd-workflow-2026-08-24-v1:c3b2a2cd649f4d1c
Default of Credit Card Clients,14,dt_vs_xgb,paired outer folds,fold_diff_2,-0.07617132090345813,outputs/analysis/paired_fold_differences.csv,True,42.0,ccd-workflow-2026-08-24-v1:c3b2a2cd649f4d1c
Default of Credit Card Clients,14,dt_vs_xgb,paired outer folds,fold_diff_3,-0.07109101837954795,outputs/analysis/paired_fold_differences.csv,True,42.0,ccd-workflow-2026-08-24-v1:c3b2a2cd649f4d1c
Default of Credit Card Clients,14,dt_vs_xgb,paired outer folds,fold_diff_4,-0.060765007877004285,outputs/analysis/paired_fold_differences.csv,True,42.0,ccd-workflow-2026-08-24-v1:c3b2a2cd649f4d1c
Default of Credit Card Clients,14,dt_vs_xgb,paired outer folds,fold_diff_5,-0.06621551414687221,outputs/analysis/paired_fold_differences.csv,True,42.0,ccd-workflow-2026-08-24-v1:c3b2a2cd649f4d1c
Default of Credit Card Clients,14,rf_vs_xgb,paired outer folds,mean_diff,0.00037902616501288565,outputs/analysis/paired_fold_differences.csv,True,42.0,ccd-workflow-2026-08-24-v1:c3b2a2cd649f4d1c
Default of Credit Card Clients,14,rf_vs_xgb,paired outer folds,sd_diff,0.004090927619369879,outputs/analysis/paired_fold_differences.csv,True,42.0,ccd-workflow-2026-08-24-v1:c3b2a2cd649f4d1c
Default of Credit Card Clients,14,rf_vs_xgb,paired outer folds,folds_agreeing_in_sign,4.0,outputs/analysis/paired_fold_differences.csv,True,42.0,ccd-workflow-2026-08-24-v1:c3b2a2cd649f4d1c
Default of Credit Card Clients,14,rf_vs_xgb,paired outer folds,n_folds,5.0,outputs/analysis/paired_fold_differences.csv,True,42.0,ccd-workflow-2026-08-24-v1:c3b2a2cd649f4d1c
Default of Credit Card Clients,14,rf_vs_xgb,paired outer folds,fold_diff_1,-0.006537226413777519,outputs/analysis/paired_fold_differences.csv,True,42.0,ccd-workflow-2026-08-24-v1:c3b2a2cd649f4d1c
Default of Credit Card Clients,14,rf_vs_xgb,paired outer folds,fold_diff_2,0.002557283339754246,outputs/analysis/paired_fold_differences.csv,True,42.0,ccd-workflow-2026-08-24-v1:c3b2a2cd649f4d1c
Default of Credit Card Clients,14,rf_vs_xgb,paired outer folds,fold_diff_3,0.0008565261704236438,outputs/analysis/paired_fold_differences.csv,True,42.0,ccd-workflow-2026-08-24-v1:c3b2a2cd649f4d1c
Default of Credit Card Clients,14,rf_vs_xgb,paired outer folds,fold_diff_4,0.004099790182808483,outputs/analysis/paired_fold_differences.csv,True,42.0,ccd-workflow-2026-08-24-v1:c3b2a2cd649f4d1c
Default of Credit Card Clients,14,rf_vs_xgb,paired outer folds,fold_diff_5,0.0009187575458555752,outputs/analysis/paired_fold_differences.csv,True,42.0,ccd-workflow-2026-08-24-v1:c3b2a2cd649f4d1c
Default of Credit Card Clients,15,dt,pooled nested OOF development,PR-AUC,0.5106630254964858,outputs/analysis/metric_sensitivity.csv,True,42.0,ccd-workflow-2026-08-24-v1:c3b2a2cd649f4d1c
Default of Credit Card Clients,15,lr,pooled nested OOF development,PR-AUC,0.5443485931435179,outputs/analysis/metric_sensitivity.csv,True,42.0,ccd-workflow-2026-08-24-v1:c3b2a2cd649f4d1c
Default of Credit Card Clients,15,rf,pooled nested OOF development,PR-AUC,0.5560977448655988,outputs/analysis/metric_sensitivity.csv,True,42.0,ccd-workflow-2026-08-24-v1:c3b2a2cd649f4d1c
Default of Credit Card Clients,15,xgb,pooled nested OOF development,PR-AUC,0.5576311942825538,outputs/analysis/metric_sensitivity.csv,True,42.0,ccd-workflow-2026-08-24-v1:c3b2a2cd649f4d1c
Default of Credit Card Clients,15,dt,pooled nested OOF development,ROC-AUC,0.7467573358152041,outputs/analysis/metric_sensitivity.csv,True,42.0,ccd-workflow-2026-08-24-v1:c3b2a2cd649f4d1c
Default of Credit Card Clients,15,lr,pooled nested OOF development,ROC-AUC,0.7742654152599968,outputs/analysis/metric_sensitivity.csv,True,42.0,ccd-workflow-2026-08-24-v1:c3b2a2cd649f4d1c
Default of Credit Card Clients,15,rf,pooled nested OOF development,ROC-AUC,0.7777090735562917,outputs/analysis/metric_sensitivity.csv,True,42.0,ccd-workflow-2026-08-24-v1:c3b2a2cd649f4d1c
Default of Credit Card Clients,15,xgb,pooled nested OOF development,ROC-AUC,0.7850804347803522,outputs/analysis/metric_sensitivity.csv,True,42.0,ccd-workflow-2026-08-24-v1:c3b2a2cd649f4d1c
Default of Credit Card Clients,15,dt,pooled nested OOF development,Precision at operating threshold,0.39898591549295775,outputs/analysis/metric_sensitivity.csv,True,42.0,ccd-workflow-2026-08-24-v1:c3b2a2cd649f4d1c
Default of Credit Card Clients,15,lr,pooled nested OOF development,Precision at operating threshold,0.4325272522240321,outputs/analysis/metric_sensitivity.csv,True,42.0,ccd-workflow-2026-08-24-v1:c3b2a2cd649f4d1c
Default of Credit Card Clients,15,rf,pooled nested OOF development,Precision at operating threshold,0.45205658894419704,outputs/analysis/metric_sensitivity.csv,True,42.0,ccd-workflow-2026-08-24-v1:c3b2a2cd649f4d1c
Default of Credit Card Clients,15,xgb,pooled nested OOF development,Precision at operating threshold,0.45988805970149255,outputs/analysis/metric_sensitivity.csv,True,42.0,ccd-workflow-2026-08-24-v1:c3b2a2cd649f4d1c
Default of Credit Card Clients,15,dt,pooled nested OOF development,Recall at operating threshold,0.6669805989828593,outputs/analysis/metric_sensitivity.csv,True,42.0,ccd-workflow-2026-08-24-v1:c3b2a2cd649f4d1c
Default of Credit Card Clients,15,lr,pooled nested OOF development,Recall at operating threshold,0.6502166132981729,outputs/analysis/metric_sensitivity.csv,True,42.0,ccd-workflow-2026-08-24-v1:c3b2a2cd649f4d1c
Default of Credit Card Clients,15,rf,pooled nested OOF development,Recall at operating threshold,0.6500282539084573,outputs/analysis/metric_sensitivity.csv,True,42.0,ccd-workflow-2026-08-24-v1:c3b2a2cd649f4d1c
Default of Credit Card Clients,15,xgb,pooled nested OOF development,Recall at operating threshold,0.6500282539084573,outputs/analysis/metric_sensitivity.csv,True,42.0,ccd-workflow-2026-08-24-v1:c3b2a2cd649f4d1c
Default of Credit Card Clients,15,dt,pooled nested OOF development,Calibration slope proximity to one,0.016185343424617304,outputs/analysis/metric_sensitivity.csv,True,42.0,ccd-workflow-2026-08-24-v1:c3b2a2cd649f4d1c
Default of Credit Card Clients,15,lr,pooled nested OOF development,Calibration slope proximity to one,0.011805903260879935,outputs/analysis/metric_sensitivity.csv,True,42.0,ccd-workflow-2026-08-24-v1:c3b2a2cd649f4d1c
Default of Credit Card Clients,15,rf,pooled nested OOF development,Calibration slope proximity to one,0.04628162352977405,outputs/analysis/metric_sensitivity.csv,True,42.0,ccd-workflow-2026-08-24-v1:c3b2a2cd649f4d1c
Default of Credit Card Clients,15,xgb,pooled nested OOF development,Calibration slope proximity to one,0.01629007187306586,outputs/analysis/metric_sensitivity.csv,True,42.0,ccd-workflow-2026-08-24-v1:c3b2a2cd649f4d1c
Default of Credit Card Clients,16,lr,cross-fitted development,permutation::repayment_status_september::mean,0.18969307609032898,outputs/interpretability/permutation_importance_lr.csv,True,42.0,ccd-workflow-2026-08-24-v1:c3b2a2cd649f4d1c
Default of Credit Card Clients,16,lr,cross-fitted development,permutation::repayment_status_september::sd,0.012458479158686813,outputs/interpretability/permutation_importance_lr.csv,True,42.0,ccd-workflow-2026-08-24-v1:c3b2a2cd649f4d1c
Default of Credit Card Clients,16,lr,cross-fitted development,permutation::repayment_status_september::rank,1.0,outputs/interpretability/permutation_importance_lr.csv,True,42.0,ccd-workflow-2026-08-24-v1:c3b2a2cd649f4d1c
Default of Credit Card Clients,16,lr,cross-fitted development,permutation::credit_limit::mean,0.012084161469365341,outputs/interpretability/permutation_importance_lr.csv,True,42.0,ccd-workflow-2026-08-24-v1:c3b2a2cd649f4d1c
Default of Credit Card Clients,16,lr,cross-fitted development,permutation::credit_limit::sd,0.004258520606741542,outputs/interpretability/permutation_importance_lr.csv,True,42.0,ccd-workflow-2026-08-24-v1:c3b2a2cd649f4d1c
Default of Credit Card Clients,16,lr,cross-fitted development,permutation::credit_limit::rank,2.0,outputs/interpretability/permutation_importance_lr.csv,True,42.0,ccd-workflow-2026-08-24-v1:c3b2a2cd649f4d1c
Default of Credit Card Clients,16,lr,cross-fitted development,permutation::repayment_status_april::mean,0.008425000464938185,outputs/interpretability/permutation_importance_lr.csv,True,42.0,ccd-workflow-2026-08-24-v1:c3b2a2cd649f4d1c
Default of Credit Card Clients,16,lr,cross-fitted development,permutation::repayment_status_april::sd,0.002858479416316386,outputs/interpretability/permutation_importance_lr.csv,True,42.0,ccd-workflow-2026-08-24-v1:c3b2a2cd649f4d1c
Default of Credit Card Clients,16,lr,cross-fitted development,permutation::repayment_status_april::rank,3.0,outputs/interpretability/permutation_importance_lr.csv,True,42.0,ccd-workflow-2026-08-24-v1:c3b2a2cd649f4d1c
Default of Credit Card Clients,16,lr,cross-fitted development,permutation::repayment_status_july::mean,0.005289495293397322,outputs/interpretability/permutation_importance_lr.csv,True,42.0,ccd-workflow-2026-08-24-v1:c3b2a2cd649f4d1c
Default of Credit Card Clients,16,lr,cross-fitted development,permutation::repayment_status_july::sd,0.004030863795141452,outputs/interpretability/permutation_importance_lr.csv,True,42.0,ccd-workflow-2026-08-24-v1:c3b2a2cd649f4d1c
Default of Credit Card Clients,16,lr,cross-fitted development,permutation::repayment_status_july::rank,4.0,outputs/interpretability/permutation_importance_lr.csv,True,42.0,ccd-workflow-2026-08-24-v1:c3b2a2cd649f4d1c
Default of Credit Card Clients,16,lr,cross-fitted development,permutation::bill_amount_september::mean,0.004759203172888853,outputs/interpretability/permutation_importance_lr.csv,True,42.0,ccd-workflow-2026-08-24-v1:c3b2a2cd649f4d1c
Default of Credit Card Clients,16,lr,cross-fitted development,permutation::bill_amount_september::sd,0.0029503471424035055,outputs/interpretability/permutation_importance_lr.csv,True,42.0,ccd-workflow-2026-08-24-v1:c3b2a2cd649f4d1c
Default of Credit Card Clients,16,lr,cross-fitted development,permutation::bill_amount_september::rank,5.0,outputs/interpretability/permutation_importance_lr.csv,True,42.0,ccd-workflow-2026-08-24-v1:c3b2a2cd649f4d1c
Default of Credit Card Clients,16,lr,cross-fitted development,permutation::payment_amount_september::mean,0.004378294692934466,outputs/interpretability/permutation_importance_lr.csv,True,42.0,ccd-workflow-2026-08-24-v1:c3b2a2cd649f4d1c
Default of Credit Card Clients,16,lr,cross-fitted development,permutation::payment_amount_september::sd,0.005333886624513772,outputs/interpretability/permutation_importance_lr.csv,True,42.0,ccd-workflow-2026-08-24-v1:c3b2a2cd649f4d1c
Default of Credit Card Clients,16,lr,cross-fitted development,permutation::payment_amount_september::rank,6.0,outputs/interpretability/permutation_importance_lr.csv,True,42.0,ccd-workflow-2026-08-24-v1:c3b2a2cd649f4d1c
Default of Credit Card Clients,16,lr,cross-fitted development,permutation::repayment_status_may::mean,0.0038801587229819086,outputs/interpretability/permutation_importance_lr.csv,True,42.0,ccd-workflow-2026-08-24-v1:c3b2a2cd649f4d1c
Default of Credit Card Clients,16,lr,cross-fitted development,permutation::repayment_status_may::sd,0.005046366344456225,outputs/interpretability/permutation_importance_lr.csv,True,42.0,ccd-workflow-2026-08-24-v1:c3b2a2cd649f4d1c
Default of Credit Card Clients,16,lr,cross-fitted development,permutation::repayment_status_may::rank,7.0,outputs/interpretability/permutation_importance_lr.csv,True,42.0,ccd-workflow-2026-08-24-v1:c3b2a2cd649f4d1c
Default of Credit Card Clients,16,lr,cross-fitted development,permutation::education_level::mean,0.003642626755282406,outputs/interpretability/permutation_importance_lr.csv,True,42.0,ccd-workflow-2026-08-24-v1:c3b2a2cd649f4d1c
Default of Credit Card Clients,16,lr,cross-fitted development,permutation::education_level::sd,0.0018086637357246438,outputs/interpretability/permutation_importance_lr.csv,True,42.0,ccd-workflow-2026-08-24-v1:c3b2a2cd649f4d1c
Default of Credit Card Clients,16,lr,cross-fitted development,permutation::education_level::rank,8.0,outputs/interpretability/permutation_importance_lr.csv,True,42.0,ccd-workflow-2026-08-24-v1:c3b2a2cd649f4d1c
Default of Credit Card Clients,16,lr,cross-fitted development,permutation::payment_amount_july::mean,0.003144651330972625,outputs/interpretability/permutation_importance_lr.csv,True,42.0,ccd-workflow-2026-08-24-v1:c3b2a2cd649f4d1c
Default of Credit Card Clients,16,lr,cross-fitted development,permutation::payment_amount_july::sd,0.002379681250875051,outputs/interpretability/permutation_importance_lr.csv,True,42.0,ccd-workflow-2026-08-24-v1:c3b2a2cd649f4d1c
Default of Credit Card Clients,16,lr,cross-fitted development,permutation::payment_amount_july::rank,9.0,outputs/interpretability/permutation_importance_lr.csv,True,42.0,ccd-workflow-2026-08-24-v1:c3b2a2cd649f4d1c
Default of Credit Card Clients,16,lr,cross-fitted development,permutation::repayment_status_june::mean,0.002435210758453711,outputs/interpretability/permutation_importance_lr.csv,True,42.0,ccd-workflow-2026-08-24-v1:c3b2a2cd649f4d1c
Default of Credit Card Clients,16,lr,cross-fitted development,permutation::repayment_status_june::sd,0.0028297098944064687,outputs/interpretability/permutation_importance_lr.csv,True,42.0,ccd-workflow-2026-08-24-v1:c3b2a2cd649f4d1c
Default of Credit Card Clients,16,lr,cross-fitted development,permutation::repayment_status_june::rank,10.0,outputs/interpretability/permutation_importance_lr.csv,True,42.0,ccd-workflow-2026-08-24-v1:c3b2a2cd649f4d1c
Default of Credit Card Clients,16,lr,cross-fitted development,permutation::marital_status::mean,0.0010320995168738834,outputs/interpretability/permutation_importance_lr.csv,True,42.0,ccd-workflow-2026-08-24-v1:c3b2a2cd649f4d1c
Default of Credit Card Clients,16,lr,cross-fitted development,permutation::marital_status::sd,0.0012854212334645855,outputs/interpretability/permutation_importance_lr.csv,True,42.0,ccd-workflow-2026-08-24-v1:c3b2a2cd649f4d1c
Default of Credit Card Clients,16,lr,cross-fitted development,permutation::marital_status::rank,11.0,outputs/interpretability/permutation_importance_lr.csv,True,42.0,ccd-workflow-2026-08-24-v1:c3b2a2cd649f4d1c
Default of Credit Card Clients,16,lr,cross-fitted development,permutation::sex::mean,0.0010154226724043965,outputs/interpretability/permutation_importance_lr.csv,True,42.0,ccd-workflow-2026-08-24-v1:c3b2a2cd649f4d1c
Default of Credit Card Clients,16,lr,cross-fitted development,permutation::sex::sd,0.0018667700521869037,outputs/interpretability/permutation_importance_lr.csv,True,42.0,ccd-workflow-2026-08-24-v1:c3b2a2cd649f4d1c
Default of Credit Card Clients,16,lr,cross-fitted development,permutation::sex::rank,12.0,outputs/interpretability/permutation_importance_lr.csv,True,42.0,ccd-workflow-2026-08-24-v1:c3b2a2cd649f4d1c
Default of Credit Card Clients,16,lr,cross-fitted development,permutation::repayment_status_august::mean,0.0009855076265240055,outputs/interpretability/permutation_importance_lr.csv,True,42.0,ccd-workflow-2026-08-24-v1:c3b2a2cd649f4d1c
Default of Credit Card Clients,16,lr,cross-fitted development,permutation::repayment_status_august::sd,0.0014384388719173712,outputs/interpretability/permutation_importance_lr.csv,True,42.0,ccd-workflow-2026-08-24-v1:c3b2a2cd649f4d1c
Default of Credit Card Clients,16,lr,cross-fitted development,permutation::repayment_status_august::rank,13.0,outputs/interpretability/permutation_importance_lr.csv,True,42.0,ccd-workflow-2026-08-24-v1:c3b2a2cd649f4d1c
Default of Credit Card Clients,16,lr,cross-fitted development,permutation::payment_amount_august::mean,0.0009463806045102515,outputs/interpretability/permutation_importance_lr.csv,True,42.0,ccd-workflow-2026-08-24-v1:c3b2a2cd649f4d1c
Default of Credit Card Clients,16,lr,cross-fitted development,permutation::payment_amount_august::sd,0.0013576386424690888,outputs/interpretability/permutation_importance_lr.csv,True,42.0,ccd-workflow-2026-08-24-v1:c3b2a2cd649f4d1c
Default of Credit Card Clients,16,lr,cross-fitted development,permutation::payment_amount_august::rank,14.0,outputs/interpretability/permutation_importance_lr.csv,True,42.0,ccd-workflow-2026-08-24-v1:c3b2a2cd649f4d1c
Default of Credit Card Clients,16,lr,cross-fitted development,permutation::payment_amount_april::mean,0.0007223595392243628,outputs/interpretability/permutation_importance_lr.csv,True,42.0,ccd-workflow-2026-08-24-v1:c3b2a2cd649f4d1c
Default of Credit Card Clients,16,lr,cross-fitted development,permutation::payment_amount_april::sd,0.0011125074192425398,outputs/interpretability/permutation_importance_lr.csv,True,42.0,ccd-workflow-2026-08-24-v1:c3b2a2cd649f4d1c
Default of Credit Card Clients,16,lr,cross-fitted development,permutation::payment_amount_april::rank,15.0,outputs/interpretability/permutation_importance_lr.csv,True,42.0,ccd-workflow-2026-08-24-v1:c3b2a2cd649f4d1c
Default of Credit Card Clients,16,lr,cross-fitted development,permutation::age::mean,0.0006909760412225959,outputs/interpretability/permutation_importance_lr.csv,True,42.0,ccd-workflow-2026-08-24-v1:c3b2a2cd649f4d1c
Default of Credit Card Clients,16,lr,cross-fitted development,permutation::age::sd,0.0010186037441511219,outputs/interpretability/permutation_importance_lr.csv,True,42.0,ccd-workflow-2026-08-24-v1:c3b2a2cd649f4d1c
Default of Credit Card Clients,16,lr,cross-fitted development,permutation::age::rank,16.0,outputs/interpretability/permutation_importance_lr.csv,True,42.0,ccd-workflow-2026-08-24-v1:c3b2a2cd649f4d1c
Default of Credit Card Clients,16,lr,cross-fitted development,permutation::payment_amount_june::mean,0.0006153352631552729,outputs/interpretability/permutation_importance_lr.csv,True,42.0,ccd-workflow-2026-08-24-v1:c3b2a2cd649f4d1c
Default of Credit Card Clients,16,lr,cross-fitted development,permutation::payment_amount_june::sd,0.0016566241000956488,outputs/interpretability/permutation_importance_lr.csv,True,42.0,ccd-workflow-2026-08-24-v1:c3b2a2cd649f4d1c
Default of Credit Card Clients,16,lr,cross-fitted development,permutation::payment_amount_june::rank,17.0,outputs/interpretability/permutation_importance_lr.csv,True,42.0,ccd-workflow-2026-08-24-v1:c3b2a2cd649f4d1c
Default of Credit Card Clients,16,lr,cross-fitted development,permutation::payment_amount_may::mean,0.00020861648975849375,outputs/interpretability/permutation_importance_lr.csv,True,42.0,ccd-workflow-2026-08-24-v1:c3b2a2cd649f4d1c
Default of Credit Card Clients,16,lr,cross-fitted development,permutation::payment_amount_may::sd,0.0006559801060270135,outputs/interpretability/permutation_importance_lr.csv,True,42.0,ccd-workflow-2026-08-24-v1:c3b2a2cd649f4d1c
Default of Credit Card Clients,16,lr,cross-fitted development,permutation::payment_amount_may::rank,18.0,outputs/interpretability/permutation_importance_lr.csv,True,42.0,ccd-workflow-2026-08-24-v1:c3b2a2cd649f4d1c
Default of Credit Card Clients,16,lr,cross-fitted development,permutation::bill_amount_april::mean,0.0,outputs/interpretability/permutation_importance_lr.csv,True,42.0,ccd-workflow-2026-08-24-v1:c3b2a2cd649f4d1c
Default of Credit Card Clients,16,lr,cross-fitted development,permutation::bill_amount_april::sd,0.0,outputs/interpretability/permutation_importance_lr.csv,True,42.0,ccd-workflow-2026-08-24-v1:c3b2a2cd649f4d1c
Default of Credit Card Clients,16,lr,cross-fitted development,permutation::bill_amount_april::rank,19.0,outputs/interpretability/permutation_importance_lr.csv,True,42.0,ccd-workflow-2026-08-24-v1:c3b2a2cd649f4d1c
Default of Credit Card Clients,16,lr,cross-fitted development,permutation::bill_amount_may::mean,0.0,outputs/interpretability/permutation_importance_lr.csv,True,42.0,ccd-workflow-2026-08-24-v1:c3b2a2cd649f4d1c
Default of Credit Card Clients,16,lr,cross-fitted development,permutation::bill_amount_may::sd,0.0,outputs/interpretability/permutation_importance_lr.csv,True,42.0,ccd-workflow-2026-08-24-v1:c3b2a2cd649f4d1c
Default of Credit Card Clients,16,lr,cross-fitted development,permutation::bill_amount_may::rank,20.0,outputs/interpretability/permutation_importance_lr.csv,True,42.0,ccd-workflow-2026-08-24-v1:c3b2a2cd649f4d1c
Default of Credit Card Clients,16,lr,cross-fitted development,permutation::bill_amount_july::mean,0.0,outputs/interpretability/permutation_importance_lr.csv,True,42.0,ccd-workflow-2026-08-24-v1:c3b2a2cd649f4d1c
Default of Credit Card Clients,16,lr,cross-fitted development,permutation::bill_amount_july::sd,0.0,outputs/interpretability/permutation_importance_lr.csv,True,42.0,ccd-workflow-2026-08-24-v1:c3b2a2cd649f4d1c
Default of Credit Card Clients,16,lr,cross-fitted development,permutation::bill_amount_july::rank,21.0,outputs/interpretability/permutation_importance_lr.csv,True,42.0,ccd-workflow-2026-08-24-v1:c3b2a2cd649f4d1c
Default of Credit Card Clients,16,lr,cross-fitted development,permutation::bill_amount_august::mean,0.0,outputs/interpretability/permutation_importance_lr.csv,True,42.0,ccd-workflow-2026-08-24-v1:c3b2a2cd649f4d1c
Default of Credit Card Clients,16,lr,cross-fitted development,permutation::bill_amount_august::sd,0.0,outputs/interpretability/permutation_importance_lr.csv,True,42.0,ccd-workflow-2026-08-24-v1:c3b2a2cd649f4d1c
Default of Credit Card Clients,16,lr,cross-fitted development,permutation::bill_amount_august::rank,22.0,outputs/interpretability/permutation_importance_lr.csv,True,42.0,ccd-workflow-2026-08-24-v1:c3b2a2cd649f4d1c
Default of Credit Card Clients,16,lr,cross-fitted development,permutation::bill_amount_june::mean,0.0,outputs/interpretability/permutation_importance_lr.csv,True,42.0,ccd-workflow-2026-08-24-v1:c3b2a2cd649f4d1c
Default of Credit Card Clients,16,lr,cross-fitted development,permutation::bill_amount_june::sd,0.0,outputs/interpretability/permutation_importance_lr.csv,True,42.0,ccd-workflow-2026-08-24-v1:c3b2a2cd649f4d1c
Default of Credit Card Clients,16,lr,cross-fitted development,permutation::bill_amount_june::rank,23.0,outputs/interpretability/permutation_importance_lr.csv,True,42.0,ccd-workflow-2026-08-24-v1:c3b2a2cd649f4d1c
Default of Credit Card Clients,16,lr,final-refit development,shap::repayment_status_september::mean_absolute,0.41733176466881955,outputs/interpretability/shap_summary_lr.csv,True,42.0,ccd-workflow-2026-08-24-v1:c3b2a2cd649f4d1c
Default of Credit Card Clients,16,lr,final-refit development,shap::repayment_status_september::mean_signed,-0.041573017454869576,outputs/interpretability/shap_summary_lr.csv,True,42.0,ccd-workflow-2026-08-24-v1:c3b2a2cd649f4d1c
Default of Credit Card Clients,16,lr,final-refit development,shap::repayment_status_september::direction_rho,0.7708071494856317,outputs/interpretability/shap_summary_lr.csv,True,42.0,ccd-workflow-2026-08-24-v1:c3b2a2cd649f4d1c
Default of Credit Card Clients,16,lr,final-refit development,shap::repayment_status_september::rank,1.0,outputs/interpretability/shap_summary_lr.csv,True,42.0,ccd-workflow-2026-08-24-v1:c3b2a2cd649f4d1c
Default of Credit Card Clients,16,lr,final-refit development,shap::credit_limit::mean_absolute,0.20659183548406615,outputs/interpretability/shap_summary_lr.csv,True,42.0,ccd-workflow-2026-08-24-v1:c3b2a2cd649f4d1c
Default of Credit Card Clients,16,lr,final-refit development,shap::credit_limit::mean_signed,-0.03972113187958274,outputs/interpretability/shap_summary_lr.csv,True,42.0,ccd-workflow-2026-08-24-v1:c3b2a2cd649f4d1c
Default of Credit Card Clients,16,lr,final-refit development,shap::credit_limit::direction_rho,-1.0,outputs/interpretability/shap_summary_lr.csv,True,42.0,ccd-workflow-2026-08-24-v1:c3b2a2cd649f4d1c
Default of Credit Card Clients,16,lr,final-refit development,shap::credit_limit::rank,2.0,outputs/interpretability/shap_summary_lr.csv,True,42.0,ccd-workflow-2026-08-24-v1:c3b2a2cd649f4d1c
Default of Credit Card Clients,16,lr,final-refit development,shap::payment_amount_september::mean_absolute,0.10210411115979659,outputs/interpretability/shap_summary_lr.csv,True,42.0,ccd-workflow-2026-08-24-v1:c3b2a2cd649f4d1c
Default of Credit Card Clients,16,lr,final-refit development,shap::payment_amount_september::mean_signed,-0.00039611602338192944,outputs/interpretability/shap_summary_lr.csv,True,42.0,ccd-workflow-2026-08-24-v1:c3b2a2cd649f4d1c
Default of Credit Card Clients,16,lr,final-refit development,shap::payment_amount_september::direction_rho,-0.9999999999999998,outputs/interpretability/shap_summary_lr.csv,True,42.0,ccd-workflow-2026-08-24-v1:c3b2a2cd649f4d1c
Default of Credit Card Clients,16,lr,final-refit development,shap::payment_amount_september::rank,3.0,outputs/interpretability/shap_summary_lr.csv,True,42.0,ccd-workflow-2026-08-24-v1:c3b2a2cd649f4d1c
Default of Credit Card Clients,16,lr,final-refit development,shap::bill_amount_september::mean_absolute,0.09496938260063185,outputs/interpretability/shap_summary_lr.csv,True,42.0,ccd-workflow-2026-08-24-v1:c3b2a2cd649f4d1c
Default of Credit Card Clients,16,lr,final-refit development,shap::bill_amount_september::mean_signed,0.009824817633482292,outputs/interpretability/shap_summary_lr.csv,True,42.0,ccd-workflow-2026-08-24-v1:c3b2a2cd649f4d1c
Default of Credit Card Clients,16,lr,final-refit development,shap::bill_amount_september::direction_rho,0.9999999999999998,outputs/interpretability/shap_summary_lr.csv,True,42.0,ccd-workflow-2026-08-24-v1:c3b2a2cd649f4d1c
Default of Credit Card Clients,16,lr,final-refit development,shap::bill_amount_september::rank,4.0,outputs/interpretability/shap_summary_lr.csv,True,42.0,ccd-workflow-2026-08-24-v1:c3b2a2cd649f4d1c
Default of Credit Card Clients,16,lr,final-refit development,shap::repayment_status_april::mean_absolute,0.07894231056418388,outputs/interpretability/shap_summary_lr.csv,True,42.0,ccd-workflow-2026-08-24-v1:c3b2a2cd649f4d1c
Default of Credit Card Clients,16,lr,final-refit development,shap::repayment_status_april::mean_signed,-0.009046847582910184,outputs/interpretability/shap_summary_lr.csv,True,42.0,ccd-workflow-2026-08-24-v1:c3b2a2cd649f4d1c
Default of Credit Card Clients,16,lr,final-refit development,shap::repayment_status_april::direction_rho,0.574017722205377,outputs/interpretability/shap_summary_lr.csv,True,42.0,ccd-workflow-2026-08-24-v1:c3b2a2cd649f4d1c
Default of Credit Card Clients,16,lr,final-refit development,shap::repayment_status_april::rank,5.0,outputs/interpretability/shap_summary_lr.csv,True,42.0,ccd-workflow-2026-08-24-v1:c3b2a2cd649f4d1c
Default of Credit Card Clients,16,lr,final-refit development,shap::payment_amount_july::mean_absolute,0.07874929975379215,outputs/interpretability/shap_summary_lr.csv,True,42.0,ccd-workflow-2026-08-24-v1:c3b2a2cd649f4d1c
Default of Credit Card Clients,16,lr,final-refit development,shap::payment_amount_july::mean_signed,-0.004877345313081476,outputs/interpretability/shap_summary_lr.csv,True,42.0,ccd-workflow-2026-08-24-v1:c3b2a2cd649f4d1c
Default of Credit Card Clients,16,lr,final-refit development,shap::payment_amount_july::direction_rho,-1.0,outputs/interpretability/shap_summary_lr.csv,True,42.0,ccd-workflow-2026-08-24-v1:c3b2a2cd649f4d1c
Default of Credit Card Clients,16,lr,final-refit development,shap::payment_amount_july::rank,6.0,outputs/interpretability/shap_summary_lr.csv,True,42.0,ccd-workflow-2026-08-24-v1:c3b2a2cd649f4d1c
Default of Credit Card Clients,16,lr,final-refit development,shap::repayment_status_july::mean_absolute,0.0708405146331645,outputs/interpretability/shap_summary_lr.csv,True,42.0,ccd-workflow-2026-08-24-v1:c3b2a2cd649f4d1c
Default of Credit Card Clients,16,lr,final-refit development,shap::repayment_status_july::mean_signed,0.012982442574154181,outputs/interpretability/shap_summary_lr.csv,True,42.0,ccd-workflow-2026-08-24-v1:c3b2a2cd649f4d1c
Default of Credit Card Clients,16,lr,final-refit development,shap::repayment_status_july::direction_rho,0.5139889400991127,outputs/interpretability/shap_summary_lr.csv,True,42.0,ccd-workflow-2026-08-24-v1:c3b2a2cd649f4d1c
Default of Credit Card Clients,16,lr,final-refit development,shap::repayment_status_july::rank,7.0,outputs/interpretability/shap_summary_lr.csv,True,42.0,ccd-workflow-2026-08-24-v1:c3b2a2cd649f4d1c
Default of Credit Card Clients,16,lr,final-refit development,shap::sex::mean_absolute,0.06944454474122265,outputs/interpretability/shap_summary_lr.csv,True,42.0,ccd-workflow-2026-08-24-v1:c3b2a2cd649f4d1c
Default of Credit Card Clients,16,lr,final-refit development,shap::sex::mean_signed,-0.005080644927793843,outputs/interpretability/shap_summary_lr.csv,True,42.0,ccd-workflow-2026-08-24-v1:c3b2a2cd649f4d1c
Default of Credit Card Clients,16,lr,final-refit development,shap::sex::direction_rho,-1.0,outputs/interpretability/shap_summary_lr.csv,True,42.0,ccd-workflow-2026-08-24-v1:c3b2a2cd649f4d1c
Default of Credit Card Clients,16,lr,final-refit development,shap::sex::rank,8.0,outputs/interpretability/shap_summary_lr.csv,True,42.0,ccd-workflow-2026-08-24-v1:c3b2a2cd649f4d1c
Default of Credit Card Clients,16,lr,final-refit development,shap::marital_status::mean_absolute,0.06768053064357148,outputs/interpretability/shap_summary_lr.csv,True,42.0,ccd-workflow-2026-08-24-v1:c3b2a2cd649f4d1c
Default of Credit Card Clients,16,lr,final-refit development,shap::marital_status::mean_signed,-0.006005869933159069,outputs/interpretability/shap_summary_lr.csv,True,42.0,ccd-workflow-2026-08-24-v1:c3b2a2cd649f4d1c
Default of Credit Card Clients,16,lr,final-refit development,shap::marital_status::direction_rho,,outputs/interpretability/shap_summary_lr.csv,True,42.0,ccd-workflow-2026-08-24-v1:c3b2a2cd649f4d1c
Default of Credit Card Clients,16,lr,final-refit development,shap::marital_status::rank,9.0,outputs/interpretability/shap_summary_lr.csv,True,42.0,ccd-workflow-2026-08-24-v1:c3b2a2cd649f4d1c
Default of Credit Card Clients,16,lr,final-refit development,shap::education_level::mean_absolute,0.0612737142028636,outputs/interpretability/shap_summary_lr.csv,True,42.0,ccd-workflow-2026-08-24-v1:c3b2a2cd649f4d1c
Default of Credit Card Clients,16,lr,final-refit development,shap::education_level::mean_signed,0.00782587314402435,outputs/interpretability/shap_summary_lr.csv,True,42.0,ccd-workflow-2026-08-24-v1:c3b2a2cd649f4d1c
Default of Credit Card Clients,16,lr,final-refit development,shap::education_level::direction_rho,,outputs/interpretability/shap_summary_lr.csv,True,42.0,ccd-workflow-2026-08-24-v1:c3b2a2cd649f4d1c
Default of Credit Card Clients,16,lr,final-refit development,shap::education_level::rank,10.0,outputs/interpretability/shap_summary_lr.csv,True,42.0,ccd-workflow-2026-08-24-v1:c3b2a2cd649f4d1c
Default of Credit Card Clients,16,lr,final-refit development,shap::payment_amount_june::mean_absolute,0.058504585515603454,outputs/interpretability/shap_summary_lr.csv,True,42.0,ccd-workflow-2026-08-24-v1:c3b2a2cd649f4d1c
Default of Credit Card Clients,16,lr,final-refit development,shap::payment_amount_june::mean_signed,0.001581473864402256,outputs/interpretability/shap_summary_lr.csv,True,42.0,ccd-workflow-2026-08-24-v1:c3b2a2cd649f4d1c
Default of Credit Card Clients,16,lr,final-refit development,shap::payment_amount_june::direction_rho,-1.0,outputs/interpretability/shap_summary_lr.csv,True,42.0,ccd-workflow-2026-08-24-v1:c3b2a2cd649f4d1c
Default of Credit Card Clients,16,lr,final-refit development,shap::payment_amount_june::rank,11.0,outputs/interpretability/shap_summary_lr.csv,True,42.0,ccd-workflow-2026-08-24-v1:c3b2a2cd649f4d1c
Default of Credit Card Clients,16,lr,final-refit development,shap::payment_amount_august::mean_absolute,0.0546349363672159,outputs/interpretability/shap_summary_lr.csv,True,42.0,ccd-workflow-2026-08-24-v1:c3b2a2cd649f4d1c
Default of Credit Card Clients,16,lr,final-refit development,shap::payment_amount_august::mean_signed,-0.0023097947031857587,outputs/interpretability/shap_summary_lr.csv,True,42.0,ccd-workflow-2026-08-24-v1:c3b2a2cd649f4d1c
Default of Credit Card Clients,16,lr,final-refit development,shap::payment_amount_august::direction_rho,-1.0,outputs/interpretability/shap_summary_lr.csv,True,42.0,ccd-workflow-2026-08-24-v1:c3b2a2cd649f4d1c
Default of Credit Card Clients,16,lr,final-refit development,shap::payment_amount_august::rank,12.0,outputs/interpretability/shap_summary_lr.csv,True,42.0,ccd-workflow-2026-08-24-v1:c3b2a2cd649f4d1c
Default of Credit Card Clients,16,lr,final-refit development,shap::repayment_status_may::mean_absolute,0.04586489449323909,outputs/interpretability/shap_summary_lr.csv,True,42.0,ccd-workflow-2026-08-24-v1:c3b2a2cd649f4d1c
Default of Credit Card Clients,16,lr,final-refit development,shap::repayment_status_may::mean_signed,-0.0006745790352141099,outputs/interpretability/shap_summary_lr.csv,True,42.0,ccd-workflow-2026-08-24-v1:c3b2a2cd649f4d1c
Default of Credit Card Clients,16,lr,final-refit development,shap::repayment_status_may::direction_rho,0.42623164069321695,outputs/interpretability/shap_summary_lr.csv,True,42.0,ccd-workflow-2026-08-24-v1:c3b2a2cd649f4d1c
Default of Credit Card Clients,16,lr,final-refit development,shap::repayment_status_may::rank,13.0,outputs/interpretability/shap_summary_lr.csv,True,42.0,ccd-workflow-2026-08-24-v1:c3b2a2cd649f4d1c
Default of Credit Card Clients,16,lr,final-refit development,shap::payment_amount_april::mean_absolute,0.03994434917117314,outputs/interpretability/shap_summary_lr.csv,True,42.0,ccd-workflow-2026-08-24-v1:c3b2a2cd649f4d1c
Default of Credit Card Clients,16,lr,final-refit development,shap::payment_amount_april::mean_signed,-0.0023244641046280884,outputs/interpretability/shap_summary_lr.csv,True,42.0,ccd-workflow-2026-08-24-v1:c3b2a2cd649f4d1c
Default of Credit Card Clients,16,lr,final-refit development,shap::payment_amount_april::direction_rho,-1.0,outputs/interpretability/shap_summary_lr.csv,True,42.0,ccd-workflow-2026-08-24-v1:c3b2a2cd649f4d1c
Default of Credit Card Clients,16,lr,final-refit development,shap::payment_amount_april::rank,14.0,outputs/interpretability/shap_summary_lr.csv,True,42.0,ccd-workflow-2026-08-24-v1:c3b2a2cd649f4d1c
Default of Credit Card Clients,16,lr,final-refit development,shap::repayment_status_june::mean_absolute,0.03991309400684992,outputs/interpretability/shap_summary_lr.csv,True,42.0,ccd-workflow-2026-08-24-v1:c3b2a2cd649f4d1c
Default of Credit Card Clients,16,lr,final-refit development,shap::repayment_status_june::mean_signed,0.0034908610026608542,outputs/interpretability/shap_summary_lr.csv,True,42.0,ccd-workflow-2026-08-24-v1:c3b2a2cd649f4d1c
Default of Credit Card Clients,16,lr,final-refit development,shap::repayment_status_june::direction_rho,0.4446827821519093,outputs/interpretability/shap_summary_lr.csv,True,42.0,ccd-workflow-2026-08-24-v1:c3b2a2cd649f4d1c
Default of Credit Card Clients,16,lr,final-refit development,shap::repayment_status_june::rank,15.0,outputs/interpretability/shap_summary_lr.csv,True,42.0,ccd-workflow-2026-08-24-v1:c3b2a2cd649f4d1c
Default of Credit Card Clients,16,lr,final-refit development,shap::age::mean_absolute,0.03668284273392582,outputs/interpretability/shap_summary_lr.csv,True,42.0,ccd-workflow-2026-08-24-v1:c3b2a2cd649f4d1c
Default of Credit Card Clients,16,lr,final-refit development,shap::age::mean_signed,-0.0035303594926727644,outputs/interpretability/shap_summary_lr.csv,True,42.0,ccd-workflow-2026-08-24-v1:c3b2a2cd649f4d1c
Default of Credit Card Clients,16,lr,final-refit development,shap::age::direction_rho,1.0,outputs/interpretability/shap_summary_lr.csv,True,42.0,ccd-workflow-2026-08-24-v1:c3b2a2cd649f4d1c
Default of Credit Card Clients,16,lr,final-refit development,shap::age::rank,16.0,outputs/interpretability/shap_summary_lr.csv,True,42.0,ccd-workflow-2026-08-24-v1:c3b2a2cd649f4d1c
Default of Credit Card Clients,16,lr,final-refit development,shap::payment_amount_may::mean_absolute,0.02781640119345207,outputs/interpretability/shap_summary_lr.csv,True,42.0,ccd-workflow-2026-08-24-v1:c3b2a2cd649f4d1c
Default of Credit Card Clients,16,lr,final-refit development,shap::payment_amount_may::mean_signed,-0.0020885766143688357,outputs/interpretability/shap_summary_lr.csv,True,42.0,ccd-workflow-2026-08-24-v1:c3b2a2cd649f4d1c
Default of Credit Card Clients,16,lr,final-refit development,shap::payment_amount_may::direction_rho,-1.0,outputs/interpretability/shap_summary_lr.csv,True,42.0,ccd-workflow-2026-08-24-v1:c3b2a2cd649f4d1c
Default of Credit Card Clients,16,lr,final-refit development,shap::payment_amount_may::rank,17.0,outputs/interpretability/shap_summary_lr.csv,True,42.0,ccd-workflow-2026-08-24-v1:c3b2a2cd649f4d1c
Default of Credit Card Clients,16,lr,final-refit development,shap::repayment_status_august::mean_absolute,0.02659685546711282,outputs/interpretability/shap_summary_lr.csv,True,42.0,ccd-workflow-2026-08-24-v1:c3b2a2cd649f4d1c
Default of Credit Card Clients,16,lr,final-refit development,shap::repayment_status_august::mean_signed,0.010599122141852312,outputs/interpretability/shap_summary_lr.csv,True,42.0,ccd-workflow-2026-08-24-v1:c3b2a2cd649f4d1c
Default of Credit Card Clients,16,lr,final-refit development,shap::repayment_status_august::direction_rho,0.499896837101009,outputs/interpretability/shap_summary_lr.csv,True,42.0,ccd-workflow-2026-08-24-v1:c3b2a2cd649f4d1c
Default of Credit Card Clients,16,lr,final-refit development,shap::repayment_status_august::rank,18.0,outputs/interpretability/shap_summary_lr.csv,True,42.0,ccd-workflow-2026-08-24-v1:c3b2a2cd649f4d1c
Default of Credit Card Clients,16,dt,cross-fitted development,permutation::repayment_status_september::mean,0.1691942871781504,outputs/interpretability/permutation_importance_dt.csv,True,42.0,ccd-workflow-2026-08-24-v1:c3b2a2cd649f4d1c
Default of Credit Card Clients,16,dt,cross-fitted development,permutation::repayment_status_september::sd,0.014073648625256275,outputs/interpretability/permutation_importance_dt.csv,True,42.0,ccd-workflow-2026-08-24-v1:c3b2a2cd649f4d1c
Default of Credit Card Clients,16,dt,cross-fitted development,permutation::repayment_status_september::rank,1.0,outputs/interpretability/permutation_importance_dt.csv,True,42.0,ccd-workflow-2026-08-24-v1:c3b2a2cd649f4d1c
Default of Credit Card Clients,16,dt,cross-fitted development,permutation::repayment_status_august::mean,0.043401695603001424,outputs/interpretability/permutation_importance_dt.csv,True,42.0,ccd-workflow-2026-08-24-v1:c3b2a2cd649f4d1c
Default of Credit Card Clients,16,dt,cross-fitted development,permutation::repayment_status_august::sd,0.006946918981710343,outputs/interpretability/permutation_importance_dt.csv,True,42.0,ccd-workflow-2026-08-24-v1:c3b2a2cd649f4d1c
Default of Credit Card Clients,16,dt,cross-fitted development,permutation::repayment_status_august::rank,2.0,outputs/interpretability/permutation_importance_dt.csv,True,42.0,ccd-workflow-2026-08-24-v1:c3b2a2cd649f4d1c
Default of Credit Card Clients,16,dt,cross-fitted development,permutation::payment_amount_july::mean,0.014430195458997885,outputs/interpretability/permutation_importance_dt.csv,True,42.0,ccd-workflow-2026-08-24-v1:c3b2a2cd649f4d1c
Default of Credit Card Clients,16,dt,cross-fitted development,permutation::payment_amount_july::sd,0.008078691084283753,outputs/interpretability/permutation_importance_dt.csv,True,42.0,ccd-workflow-2026-08-24-v1:c3b2a2cd649f4d1c
Default of Credit Card Clients,16,dt,cross-fitted development,permutation::payment_amount_july::rank,3.0,outputs/interpretability/permutation_importance_dt.csv,True,42.0,ccd-workflow-2026-08-24-v1:c3b2a2cd649f4d1c
Default of Credit Card Clients,16,dt,cross-fitted development,permutation::repayment_status_may::mean,0.010956403823289664,outputs/interpretability/permutation_importance_dt.csv,True,42.0,ccd-workflow-2026-08-24-v1:c3b2a2cd649f4d1c
Default of Credit Card Clients,16,dt,cross-fitted development,permutation::repayment_status_may::sd,0.007474058506173914,outputs/interpretability/permutation_importance_dt.csv,True,42.0,ccd-workflow-2026-08-24-v1:c3b2a2cd649f4d1c
Default of Credit Card Clients,16,dt,cross-fitted development,permutation::repayment_status_may::rank,4.0,outputs/interpretability/permutation_importance_dt.csv,True,42.0,ccd-workflow-2026-08-24-v1:c3b2a2cd649f4d1c
Default of Credit Card Clients,16,dt,cross-fitted development,permutation::bill_amount_september::mean,0.00839169458521548,outputs/interpretability/permutation_importance_dt.csv,True,42.0,ccd-workflow-2026-08-24-v1:c3b2a2cd649f4d1c
Default of Credit Card Clients,16,dt,cross-fitted development,permutation::bill_amount_september::sd,0.0035091840276307035,outputs/interpretability/permutation_importance_dt.csv,True,42.0,ccd-workflow-2026-08-24-v1:c3b2a2cd649f4d1c
Default of Credit Card Clients,16,dt,cross-fitted development,permutation::bill_amount_september::rank,5.0,outputs/interpretability/permutation_importance_dt.csv,True,42.0,ccd-workflow-2026-08-24-v1:c3b2a2cd649f4d1c
Default of Credit Card Clients,16,dt,cross-fitted development,permutation::repayment_status_june::mean,0.00448583493236235,outputs/interpretability/permutation_importance_dt.csv,True,42.0,ccd-workflow-2026-08-24-v1:c3b2a2cd649f4d1c
Default of Credit Card Clients,16,dt,cross-fitted development,permutation::repayment_status_june::sd,0.0059462585980747445,outputs/interpretability/permutation_importance_dt.csv,True,42.0,ccd-workflow-2026-08-24-v1:c3b2a2cd649f4d1c
Default of Credit Card Clients,16,dt,cross-fitted development,permutation::repayment_status_june::rank,6.0,outputs/interpretability/permutation_importance_dt.csv,True,42.0,ccd-workflow-2026-08-24-v1:c3b2a2cd649f4d1c
Default of Credit Card Clients,16,dt,cross-fitted development,permutation::payment_amount_august::mean,0.0029589488161393712,outputs/interpretability/permutation_importance_dt.csv,True,42.0,ccd-workflow-2026-08-24-v1:c3b2a2cd649f4d1c
Default of Credit Card Clients,16,dt,cross-fitted development,permutation::payment_amount_august::sd,0.006009546710998192,outputs/interpretability/permutation_importance_dt.csv,True,42.0,ccd-workflow-2026-08-24-v1:c3b2a2cd649f4d1c
Default of Credit Card Clients,16,dt,cross-fitted development,permutation::payment_amount_august::rank,7.0,outputs/interpretability/permutation_importance_dt.csv,True,42.0,ccd-workflow-2026-08-24-v1:c3b2a2cd649f4d1c
Default of Credit Card Clients,16,dt,cross-fitted development,permutation::repayment_status_april::mean,0.0012000666844393807,outputs/interpretability/permutation_importance_dt.csv,True,42.0,ccd-workflow-2026-08-24-v1:c3b2a2cd649f4d1c
Default of Credit Card Clients,16,dt,cross-fitted development,permutation::repayment_status_april::sd,0.002583398680440067,outputs/interpretability/permutation_importance_dt.csv,True,42.0,ccd-workflow-2026-08-24-v1:c3b2a2cd649f4d1c
Default of Credit Card Clients,16,dt,cross-fitted development,permutation::repayment_status_april::rank,8.0,outputs/interpretability/permutation_importance_dt.csv,True,42.0,ccd-workflow-2026-08-24-v1:c3b2a2cd649f4d1c
Default of Credit Card Clients,16,dt,cross-fitted development,permutation::payment_amount_april::mean,0.00022360444896951326,outputs/interpretability/permutation_importance_dt.csv,True,42.0,ccd-workflow-2026-08-24-v1:c3b2a2cd649f4d1c
Default of Credit Card Clients,16,dt,cross-fitted development,permutation::payment_amount_april::sd,0.0006566629585948494,outputs/interpretability/permutation_importance_dt.csv,True,42.0,ccd-workflow-2026-08-24-v1:c3b2a2cd649f4d1c
Default of Credit Card Clients,16,dt,cross-fitted development,permutation::payment_amount_april::rank,9.0,outputs/interpretability/permutation_importance_dt.csv,True,42.0,ccd-workflow-2026-08-24-v1:c3b2a2cd649f4d1c
Default of Credit Card Clients,16,dt,cross-fitted development,permutation::credit_limit::mean,0.0002087074067464608,outputs/interpretability/permutation_importance_dt.csv,True,42.0,ccd-workflow-2026-08-24-v1:c3b2a2cd649f4d1c
Default of Credit Card Clients,16,dt,cross-fitted development,permutation::credit_limit::sd,0.0006161765385980913,outputs/interpretability/permutation_importance_dt.csv,True,42.0,ccd-workflow-2026-08-24-v1:c3b2a2cd649f4d1c
Default of Credit Card Clients,16,dt,cross-fitted development,permutation::credit_limit::rank,10.0,outputs/interpretability/permutation_importance_dt.csv,True,42.0,ccd-workflow-2026-08-24-v1:c3b2a2cd649f4d1c
Default of Credit Card Clients,16,dt,cross-fitted development,permutation::repayment_status_july::mean,0.0,outputs/interpretability/permutation_importance_dt.csv,True,42.0,ccd-workflow-2026-08-24-v1:c3b2a2cd649f4d1c
Default of Credit Card Clients,16,dt,cross-fitted development,permutation::repayment_status_july::sd,0.0,outputs/interpretability/permutation_importance_dt.csv,True,42.0,ccd-workflow-2026-08-24-v1:c3b2a2cd649f4d1c
Default of Credit Card Clients,16,dt,cross-fitted development,permutation::repayment_status_july::rank,11.0,outputs/interpretability/permutation_importance_dt.csv,True,42.0,ccd-workflow-2026-08-24-v1:c3b2a2cd649f4d1c
Default of Credit Card Clients,16,dt,cross-fitted development,permutation::age::mean,0.0,outputs/interpretability/permutation_importance_dt.csv,True,42.0,ccd-workflow-2026-08-24-v1:c3b2a2cd649f4d1c
Default of Credit Card Clients,16,dt,cross-fitted development,permutation::age::sd,0.0,outputs/interpretability/permutation_importance_dt.csv,True,42.0,ccd-workflow-2026-08-24-v1:c3b2a2cd649f4d1c
Default of Credit Card Clients,16,dt,cross-fitted development,permutation::age::rank,12.0,outputs/interpretability/permutation_importance_dt.csv,True,42.0,ccd-workflow-2026-08-24-v1:c3b2a2cd649f4d1c
Default of Credit Card Clients,16,dt,cross-fitted development,permutation::sex::mean,0.0,outputs/interpretability/permutation_importance_dt.csv,True,42.0,ccd-workflow-2026-08-24-v1:c3b2a2cd649f4d1c
Default of Credit Card Clients,16,dt,cross-fitted development,permutation::sex::sd,0.0,outputs/interpretability/permutation_importance_dt.csv,True,42.0,ccd-workflow-2026-08-24-v1:c3b2a2cd649f4d1c
Default of Credit Card Clients,16,dt,cross-fitted development,permutation::sex::rank,13.0,outputs/interpretability/permutation_importance_dt.csv,True,42.0,ccd-workflow-2026-08-24-v1:c3b2a2cd649f4d1c
Default of Credit Card Clients,16,dt,cross-fitted development,permutation::bill_amount_august::mean,0.0,outputs/interpretability/permutation_importance_dt.csv,True,42.0,ccd-workflow-2026-08-24-v1:c3b2a2cd649f4d1c
Default of Credit Card Clients,16,dt,cross-fitted development,permutation::bill_amount_august::sd,0.0,outputs/interpretability/permutation_importance_dt.csv,True,42.0,ccd-workflow-2026-08-24-v1:c3b2a2cd649f4d1c
Default of Credit Card Clients,16,dt,cross-fitted development,permutation::bill_amount_august::rank,14.0,outputs/interpretability/permutation_importance_dt.csv,True,42.0,ccd-workflow-2026-08-24-v1:c3b2a2cd649f4d1c
Default of Credit Card Clients,16,dt,cross-fitted development,permutation::bill_amount_july::mean,0.0,outputs/interpretability/permutation_importance_dt.csv,True,42.0,ccd-workflow-2026-08-24-v1:c3b2a2cd649f4d1c
Default of Credit Card Clients,16,dt,cross-fitted development,permutation::bill_amount_july::sd,0.0,outputs/interpretability/permutation_importance_dt.csv,True,42.0,ccd-workflow-2026-08-24-v1:c3b2a2cd649f4d1c
Default of Credit Card Clients,16,dt,cross-fitted development,permutation::bill_amount_july::rank,15.0,outputs/interpretability/permutation_importance_dt.csv,True,42.0,ccd-workflow-2026-08-24-v1:c3b2a2cd649f4d1c
Default of Credit Card Clients,16,dt,cross-fitted development,permutation::bill_amount_june::mean,0.0,outputs/interpretability/permutation_importance_dt.csv,True,42.0,ccd-workflow-2026-08-24-v1:c3b2a2cd649f4d1c
Default of Credit Card Clients,16,dt,cross-fitted development,permutation::bill_amount_june::sd,0.0,outputs/interpretability/permutation_importance_dt.csv,True,42.0,ccd-workflow-2026-08-24-v1:c3b2a2cd649f4d1c
Default of Credit Card Clients,16,dt,cross-fitted development,permutation::bill_amount_june::rank,16.0,outputs/interpretability/permutation_importance_dt.csv,True,42.0,ccd-workflow-2026-08-24-v1:c3b2a2cd649f4d1c
Default of Credit Card Clients,16,dt,cross-fitted development,permutation::bill_amount_may::mean,0.0,outputs/interpretability/permutation_importance_dt.csv,True,42.0,ccd-workflow-2026-08-24-v1:c3b2a2cd649f4d1c
Default of Credit Card Clients,16,dt,cross-fitted development,permutation::bill_amount_may::sd,0.0,outputs/interpretability/permutation_importance_dt.csv,True,42.0,ccd-workflow-2026-08-24-v1:c3b2a2cd649f4d1c
Default of Credit Card Clients,16,dt,cross-fitted development,permutation::bill_amount_may::rank,17.0,outputs/interpretability/permutation_importance_dt.csv,True,42.0,ccd-workflow-2026-08-24-v1:c3b2a2cd649f4d1c
Default of Credit Card Clients,16,dt,cross-fitted development,permutation::bill_amount_april::mean,0.0,outputs/interpretability/permutation_importance_dt.csv,True,42.0,ccd-workflow-2026-08-24-v1:c3b2a2cd649f4d1c
Default of Credit Card Clients,16,dt,cross-fitted development,permutation::bill_amount_april::sd,0.0,outputs/interpretability/permutation_importance_dt.csv,True,42.0,ccd-workflow-2026-08-24-v1:c3b2a2cd649f4d1c
Default of Credit Card Clients,16,dt,cross-fitted development,permutation::bill_amount_april::rank,18.0,outputs/interpretability/permutation_importance_dt.csv,True,42.0,ccd-workflow-2026-08-24-v1:c3b2a2cd649f4d1c
Default of Credit Card Clients,16,dt,cross-fitted development,permutation::payment_amount_september::mean,0.0,outputs/interpretability/permutation_importance_dt.csv,True,42.0,ccd-workflow-2026-08-24-v1:c3b2a2cd649f4d1c
Default of Credit Card Clients,16,dt,cross-fitted development,permutation::payment_amount_september::sd,0.0,outputs/interpretability/permutation_importance_dt.csv,True,42.0,ccd-workflow-2026-08-24-v1:c3b2a2cd649f4d1c
Default of Credit Card Clients,16,dt,cross-fitted development,permutation::payment_amount_september::rank,19.0,outputs/interpretability/permutation_importance_dt.csv,True,42.0,ccd-workflow-2026-08-24-v1:c3b2a2cd649f4d1c
Default of Credit Card Clients,16,dt,cross-fitted development,permutation::marital_status::mean,0.0,outputs/interpretability/permutation_importance_dt.csv,True,42.0,ccd-workflow-2026-08-24-v1:c3b2a2cd649f4d1c
Default of Credit Card Clients,16,dt,cross-fitted development,permutation::marital_status::sd,0.0,outputs/interpretability/permutation_importance_dt.csv,True,42.0,ccd-workflow-2026-08-24-v1:c3b2a2cd649f4d1c
Default of Credit Card Clients,16,dt,cross-fitted development,permutation::marital_status::rank,20.0,outputs/interpretability/permutation_importance_dt.csv,True,42.0,ccd-workflow-2026-08-24-v1:c3b2a2cd649f4d1c
Default of Credit Card Clients,16,dt,cross-fitted development,permutation::education_level::mean,0.0,outputs/interpretability/permutation_importance_dt.csv,True,42.0,ccd-workflow-2026-08-24-v1:c3b2a2cd649f4d1c
Default of Credit Card Clients,16,dt,cross-fitted development,permutation::education_level::sd,0.0,outputs/interpretability/permutation_importance_dt.csv,True,42.0,ccd-workflow-2026-08-24-v1:c3b2a2cd649f4d1c
Default of Credit Card Clients,16,dt,cross-fitted development,permutation::education_level::rank,21.0,outputs/interpretability/permutation_importance_dt.csv,True,42.0,ccd-workflow-2026-08-24-v1:c3b2a2cd649f4d1c
Default of Credit Card Clients,16,dt,cross-fitted development,permutation::payment_amount_june::mean,0.0,outputs/interpretability/permutation_importance_dt.csv,True,42.0,ccd-workflow-2026-08-24-v1:c3b2a2cd649f4d1c
Default of Credit Card Clients,16,dt,cross-fitted development,permutation::payment_amount_june::sd,0.0,outputs/interpretability/permutation_importance_dt.csv,True,42.0,ccd-workflow-2026-08-24-v1:c3b2a2cd649f4d1c
Default of Credit Card Clients,16,dt,cross-fitted development,permutation::payment_amount_june::rank,22.0,outputs/interpretability/permutation_importance_dt.csv,True,42.0,ccd-workflow-2026-08-24-v1:c3b2a2cd649f4d1c
Default of Credit Card Clients,16,dt,cross-fitted development,permutation::payment_amount_may::mean,0.0,outputs/interpretability/permutation_importance_dt.csv,True,42.0,ccd-workflow-2026-08-24-v1:c3b2a2cd649f4d1c
Default of Credit Card Clients,16,dt,cross-fitted development,permutation::payment_amount_may::sd,0.0,outputs/interpretability/permutation_importance_dt.csv,True,42.0,ccd-workflow-2026-08-24-v1:c3b2a2cd649f4d1c
Default of Credit Card Clients,16,dt,cross-fitted development,permutation::payment_amount_may::rank,23.0,outputs/interpretability/permutation_importance_dt.csv,True,42.0,ccd-workflow-2026-08-24-v1:c3b2a2cd649f4d1c
Default of Credit Card Clients,16,dt,final-refit development,shap::repayment_status_september::mean_absolute,0.08054491921044886,outputs/interpretability/shap_summary_dt.csv,True,42.0,ccd-workflow-2026-08-24-v1:c3b2a2cd649f4d1c
Default of Credit Card Clients,16,dt,final-refit development,shap::repayment_status_september::mean_signed,-0.010939005452021958,outputs/interpretability/shap_summary_dt.csv,True,42.0,ccd-workflow-2026-08-24-v1:c3b2a2cd649f4d1c
Default of Credit Card Clients,16,dt,final-refit development,shap::repayment_status_september::direction_rho,0.31769177700439055,outputs/interpretability/shap_summary_dt.csv,True,42.0,ccd-workflow-2026-08-24-v1:c3b2a2cd649f4d1c
Default of Credit Card Clients,16,dt,final-refit development,shap::repayment_status_september::rank,1.0,outputs/interpretability/shap_summary_dt.csv,True,42.0,ccd-workflow-2026-08-24-v1:c3b2a2cd649f4d1c
Default of Credit Card Clients,16,dt,final-refit development,shap::repayment_status_august::mean_absolute,0.0327373874599859,outputs/interpretability/shap_summary_dt.csv,True,42.0,ccd-workflow-2026-08-24-v1:c3b2a2cd649f4d1c
Default of Credit Card Clients,16,dt,final-refit development,shap::repayment_status_august::mean_signed,0.011468284264169633,outputs/interpretability/shap_summary_dt.csv,True,42.0,ccd-workflow-2026-08-24-v1:c3b2a2cd649f4d1c
Default of Credit Card Clients,16,dt,final-refit development,shap::repayment_status_august::direction_rho,0.17648929646915545,outputs/interpretability/shap_summary_dt.csv,True,42.0,ccd-workflow-2026-08-24-v1:c3b2a2cd649f4d1c
Default of Credit Card Clients,16,dt,final-refit development,shap::repayment_status_august::rank,2.0,outputs/interpretability/shap_summary_dt.csv,True,42.0,ccd-workflow-2026-08-24-v1:c3b2a2cd649f4d1c
Default of Credit Card Clients,16,dt,final-refit development,shap::payment_amount_july::mean_absolute,0.024617646293379362,outputs/interpretability/shap_summary_dt.csv,True,42.0,ccd-workflow-2026-08-24-v1:c3b2a2cd649f4d1c
Default of Credit Card Clients,16,dt,final-refit development,shap::payment_amount_july::mean_signed,-0.0011009549054875974,outputs/interpretability/shap_summary_dt.csv,True,42.0,ccd-workflow-2026-08-24-v1:c3b2a2cd649f4d1c
Default of Credit Card Clients,16,dt,final-refit development,shap::payment_amount_july::direction_rho,-0.5989491115428858,outputs/interpretability/shap_summary_dt.csv,True,42.0,ccd-workflow-2026-08-24-v1:c3b2a2cd649f4d1c
Default of Credit Card Clients,16,dt,final-refit development,shap::payment_amount_july::rank,3.0,outputs/interpretability/shap_summary_dt.csv,True,42.0,ccd-workflow-2026-08-24-v1:c3b2a2cd649f4d1c
Default of Credit Card Clients,16,dt,final-refit development,shap::repayment_status_may::mean_absolute,0.021785246733874077,outputs/interpretability/shap_summary_dt.csv,True,42.0,ccd-workflow-2026-08-24-v1:c3b2a2cd649f4d1c
Default of Credit Card Clients,16,dt,final-refit development,shap::repayment_status_may::mean_signed,-0.0011884255239181215,outputs/interpretability/shap_summary_dt.csv,True,42.0,ccd-workflow-2026-08-24-v1:c3b2a2cd649f4d1c
Default of Credit Card Clients,16,dt,final-refit development,shap::repayment_status_may::direction_rho,0.16822656528370455,outputs/interpretability/shap_summary_dt.csv,True,42.0,ccd-workflow-2026-08-24-v1:c3b2a2cd649f4d1c
Default of Credit Card Clients,16,dt,final-refit development,shap::repayment_status_may::rank,4.0,outputs/interpretability/shap_summary_dt.csv,True,42.0,ccd-workflow-2026-08-24-v1:c3b2a2cd649f4d1c
Default of Credit Card Clients,16,dt,final-refit development,shap::bill_amount_september::mean_absolute,0.009954834670764395,outputs/interpretability/shap_summary_dt.csv,True,42.0,ccd-workflow-2026-08-24-v1:c3b2a2cd649f4d1c
Default of Credit Card Clients,16,dt,final-refit development,shap::bill_amount_september::mean_signed,0.0005348603311507022,outputs/interpretability/shap_summary_dt.csv,True,42.0,ccd-workflow-2026-08-24-v1:c3b2a2cd649f4d1c
Default of Credit Card Clients,16,dt,final-refit development,shap::bill_amount_september::direction_rho,0.15389579699548964,outputs/interpretability/shap_summary_dt.csv,True,42.0,ccd-workflow-2026-08-24-v1:c3b2a2cd649f4d1c
Default of Credit Card Clients,16,dt,final-refit development,shap::bill_amount_september::rank,5.0,outputs/interpretability/shap_summary_dt.csv,True,42.0,ccd-workflow-2026-08-24-v1:c3b2a2cd649f4d1c
Default of Credit Card Clients,16,dt,final-refit development,shap::credit_limit::mean_absolute,0.0036633965436834847,outputs/interpretability/shap_summary_dt.csv,True,42.0,ccd-workflow-2026-08-24-v1:c3b2a2cd649f4d1c
Default of Credit Card Clients,16,dt,final-refit development,shap::credit_limit::mean_signed,0.0005254777771327646,outputs/interpretability/shap_summary_dt.csv,True,42.0,ccd-workflow-2026-08-24-v1:c3b2a2cd649f4d1c
Default of Credit Card Clients,16,dt,final-refit development,shap::credit_limit::direction_rho,-0.797017049593364,outputs/interpretability/shap_summary_dt.csv,True,42.0,ccd-workflow-2026-08-24-v1:c3b2a2cd649f4d1c
Default of Credit Card Clients,16,dt,final-refit development,shap::credit_limit::rank,6.0,outputs/interpretability/shap_summary_dt.csv,True,42.0,ccd-workflow-2026-08-24-v1:c3b2a2cd649f4d1c
Default of Credit Card Clients,16,dt,final-refit development,shap::age::mean_absolute,0.0,outputs/interpretability/shap_summary_dt.csv,True,42.0,ccd-workflow-2026-08-24-v1:c3b2a2cd649f4d1c
Default of Credit Card Clients,16,dt,final-refit development,shap::age::mean_signed,0.0,outputs/interpretability/shap_summary_dt.csv,True,42.0,ccd-workflow-2026-08-24-v1:c3b2a2cd649f4d1c
Default of Credit Card Clients,16,dt,final-refit development,shap::age::direction_rho,,outputs/interpretability/shap_summary_dt.csv,True,42.0,ccd-workflow-2026-08-24-v1:c3b2a2cd649f4d1c
Default of Credit Card Clients,16,dt,final-refit development,shap::age::rank,7.0,outputs/interpretability/shap_summary_dt.csv,True,42.0,ccd-workflow-2026-08-24-v1:c3b2a2cd649f4d1c
Default of Credit Card Clients,16,dt,final-refit development,shap::bill_amount_may::mean_absolute,0.0,outputs/interpretability/shap_summary_dt.csv,True,42.0,ccd-workflow-2026-08-24-v1:c3b2a2cd649f4d1c
Default of Credit Card Clients,16,dt,final-refit development,shap::bill_amount_may::mean_signed,0.0,outputs/interpretability/shap_summary_dt.csv,True,42.0,ccd-workflow-2026-08-24-v1:c3b2a2cd649f4d1c
Default of Credit Card Clients,16,dt,final-refit development,shap::bill_amount_may::direction_rho,,outputs/interpretability/shap_summary_dt.csv,True,42.0,ccd-workflow-2026-08-24-v1:c3b2a2cd649f4d1c
Default of Credit Card Clients,16,dt,final-refit development,shap::bill_amount_may::rank,8.0,outputs/interpretability/shap_summary_dt.csv,True,42.0,ccd-workflow-2026-08-24-v1:c3b2a2cd649f4d1c
Default of Credit Card Clients,16,dt,final-refit development,shap::payment_amount_may::mean_absolute,0.0,outputs/interpretability/shap_summary_dt.csv,True,42.0,ccd-workflow-2026-08-24-v1:c3b2a2cd649f4d1c
Default of Credit Card Clients,16,dt,final-refit development,shap::payment_amount_may::mean_signed,0.0,outputs/interpretability/shap_summary_dt.csv,True,42.0,ccd-workflow-2026-08-24-v1:c3b2a2cd649f4d1c
Default of Credit Card Clients,16,dt,final-refit development,shap::payment_amount_may::direction_rho,,outputs/interpretability/shap_summary_dt.csv,True,42.0,ccd-workflow-2026-08-24-v1:c3b2a2cd649f4d1c
Default of Credit Card Clients,16,dt,final-refit development,shap::payment_amount_may::rank,9.0,outputs/interpretability/shap_summary_dt.csv,True,42.0,ccd-workflow-2026-08-24-v1:c3b2a2cd649f4d1c
Default of Credit Card Clients,16,dt,final-refit development,shap::payment_amount_june::mean_absolute,0.0,outputs/interpretability/shap_summary_dt.csv,True,42.0,ccd-workflow-2026-08-24-v1:c3b2a2cd649f4d1c
Default of Credit Card Clients,16,dt,final-refit development,shap::payment_amount_june::mean_signed,0.0,outputs/interpretability/shap_summary_dt.csv,True,42.0,ccd-workflow-2026-08-24-v1:c3b2a2cd649f4d1c
Default of Credit Card Clients,16,dt,final-refit development,shap::payment_amount_june::direction_rho,,outputs/interpretability/shap_summary_dt.csv,True,42.0,ccd-workflow-2026-08-24-v1:c3b2a2cd649f4d1c
Default of Credit Card Clients,16,dt,final-refit development,shap::payment_amount_june::rank,10.0,outputs/interpretability/shap_summary_dt.csv,True,42.0,ccd-workflow-2026-08-24-v1:c3b2a2cd649f4d1c
Default of Credit Card Clients,16,dt,final-refit development,shap::education_level::mean_absolute,0.0,outputs/interpretability/shap_summary_dt.csv,True,42.0,ccd-workflow-2026-08-24-v1:c3b2a2cd649f4d1c
Default of Credit Card Clients,16,dt,final-refit development,shap::education_level::mean_signed,0.0,outputs/interpretability/shap_summary_dt.csv,True,42.0,ccd-workflow-2026-08-24-v1:c3b2a2cd649f4d1c
Default of Credit Card Clients,16,dt,final-refit development,shap::education_level::direction_rho,,outputs/interpretability/shap_summary_dt.csv,True,42.0,ccd-workflow-2026-08-24-v1:c3b2a2cd649f4d1c
Default of Credit Card Clients,16,dt,final-refit development,shap::education_level::rank,11.0,outputs/interpretability/shap_summary_dt.csv,True,42.0,ccd-workflow-2026-08-24-v1:c3b2a2cd649f4d1c
Default of Credit Card Clients,16,dt,final-refit development,shap::payment_amount_august::mean_absolute,0.0,outputs/interpretability/shap_summary_dt.csv,True,42.0,ccd-workflow-2026-08-24-v1:c3b2a2cd649f4d1c
Default of Credit Card Clients,16,dt,final-refit development,shap::payment_amount_august::mean_signed,0.0,outputs/interpretability/shap_summary_dt.csv,True,42.0,ccd-workflow-2026-08-24-v1:c3b2a2cd649f4d1c
Default of Credit Card Clients,16,dt,final-refit development,shap::payment_amount_august::direction_rho,,outputs/interpretability/shap_summary_dt.csv,True,42.0,ccd-workflow-2026-08-24-v1:c3b2a2cd649f4d1c
Default of Credit Card Clients,16,dt,final-refit development,shap::payment_amount_august::rank,12.0,outputs/interpretability/shap_summary_dt.csv,True,42.0,ccd-workflow-2026-08-24-v1:c3b2a2cd649f4d1c
Default of Credit Card Clients,16,dt,final-refit development,shap::payment_amount_september::mean_absolute,0.0,outputs/interpretability/shap_summary_dt.csv,True,42.0,ccd-workflow-2026-08-24-v1:c3b2a2cd649f4d1c
Default of Credit Card Clients,16,dt,final-refit development,shap::payment_amount_september::mean_signed,0.0,outputs/interpretability/shap_summary_dt.csv,True,42.0,ccd-workflow-2026-08-24-v1:c3b2a2cd649f4d1c
Default of Credit Card Clients,16,dt,final-refit development,shap::payment_amount_september::direction_rho,,outputs/interpretability/shap_summary_dt.csv,True,42.0,ccd-workflow-2026-08-24-v1:c3b2a2cd649f4d1c
Default of Credit Card Clients,16,dt,final-refit development,shap::payment_amount_september::rank,13.0,outputs/interpretability/shap_summary_dt.csv,True,42.0,ccd-workflow-2026-08-24-v1:c3b2a2cd649f4d1c
Default of Credit Card Clients,16,dt,final-refit development,shap::bill_amount_april::mean_absolute,0.0,outputs/interpretability/shap_summary_dt.csv,True,42.0,ccd-workflow-2026-08-24-v1:c3b2a2cd649f4d1c
Default of Credit Card Clients,16,dt,final-refit development,shap::bill_amount_april::mean_signed,0.0,outputs/interpretability/shap_summary_dt.csv,True,42.0,ccd-workflow-2026-08-24-v1:c3b2a2cd649f4d1c
Default of Credit Card Clients,16,dt,final-refit development,shap::bill_amount_april::direction_rho,,outputs/interpretability/shap_summary_dt.csv,True,42.0,ccd-workflow-2026-08-24-v1:c3b2a2cd649f4d1c
Default of Credit Card Clients,16,dt,final-refit development,shap::bill_amount_april::rank,14.0,outputs/interpretability/shap_summary_dt.csv,True,42.0,ccd-workflow-2026-08-24-v1:c3b2a2cd649f4d1c
Default of Credit Card Clients,16,dt,final-refit development,shap::bill_amount_june::mean_absolute,0.0,outputs/interpretability/shap_summary_dt.csv,True,42.0,ccd-workflow-2026-08-24-v1:c3b2a2cd649f4d1c
Default of Credit Card Clients,16,dt,final-refit development,shap::bill_amount_june::mean_signed,0.0,outputs/interpretability/shap_summary_dt.csv,True,42.0,ccd-workflow-2026-08-24-v1:c3b2a2cd649f4d1c
Default of Credit Card Clients,16,dt,final-refit development,shap::bill_amount_june::direction_rho,,outputs/interpretability/shap_summary_dt.csv,True,42.0,ccd-workflow-2026-08-24-v1:c3b2a2cd649f4d1c
Default of Credit Card Clients,16,dt,final-refit development,shap::bill_amount_june::rank,15.0,outputs/interpretability/shap_summary_dt.csv,True,42.0,ccd-workflow-2026-08-24-v1:c3b2a2cd649f4d1c
Default of Credit Card Clients,16,dt,final-refit development,shap::repayment_status_july::mean_absolute,0.0,outputs/interpretability/shap_summary_dt.csv,True,42.0,ccd-workflow-2026-08-24-v1:c3b2a2cd649f4d1c
Default of Credit Card Clients,16,dt,final-refit development,shap::repayment_status_july::mean_signed,0.0,outputs/interpretability/shap_summary_dt.csv,True,42.0,ccd-workflow-2026-08-24-v1:c3b2a2cd649f4d1c
Default of Credit Card Clients,16,dt,final-refit development,shap::repayment_status_july::direction_rho,,outputs/interpretability/shap_summary_dt.csv,True,42.0,ccd-workflow-2026-08-24-v1:c3b2a2cd649f4d1c
Default of Credit Card Clients,16,dt,final-refit development,shap::repayment_status_july::rank,16.0,outputs/interpretability/shap_summary_dt.csv,True,42.0,ccd-workflow-2026-08-24-v1:c3b2a2cd649f4d1c
Default of Credit Card Clients,16,dt,final-refit development,shap::bill_amount_july::mean_absolute,0.0,outputs/interpretability/shap_summary_dt.csv,True,42.0,ccd-workflow-2026-08-24-v1:c3b2a2cd649f4d1c
Default of Credit Card Clients,16,dt,final-refit development,shap::bill_amount_july::mean_signed,0.0,outputs/interpretability/shap_summary_dt.csv,True,42.0,ccd-workflow-2026-08-24-v1:c3b2a2cd649f4d1c
Default of Credit Card Clients,16,dt,final-refit development,shap::bill_amount_july::direction_rho,,outputs/interpretability/shap_summary_dt.csv,True,42.0,ccd-workflow-2026-08-24-v1:c3b2a2cd649f4d1c
Default of Credit Card Clients,16,dt,final-refit development,shap::bill_amount_july::rank,17.0,outputs/interpretability/shap_summary_dt.csv,True,42.0,ccd-workflow-2026-08-24-v1:c3b2a2cd649f4d1c
Default of Credit Card Clients,16,dt,final-refit development,shap::bill_amount_august::mean_absolute,0.0,outputs/interpretability/shap_summary_dt.csv,True,42.0,ccd-workflow-2026-08-24-v1:c3b2a2cd649f4d1c
Default of Credit Card Clients,16,dt,final-refit development,shap::bill_amount_august::mean_signed,0.0,outputs/interpretability/shap_summary_dt.csv,True,42.0,ccd-workflow-2026-08-24-v1:c3b2a2cd649f4d1c
Default of Credit Card Clients,16,dt,final-refit development,shap::bill_amount_august::direction_rho,,outputs/interpretability/shap_summary_dt.csv,True,42.0,ccd-workflow-2026-08-24-v1:c3b2a2cd649f4d1c
Default of Credit Card Clients,16,dt,final-refit development,shap::bill_amount_august::rank,18.0,outputs/interpretability/shap_summary_dt.csv,True,42.0,ccd-workflow-2026-08-24-v1:c3b2a2cd649f4d1c
Default of Credit Card Clients,16,dt,final-refit development,shap::sex::mean_absolute,0.0,outputs/interpretability/shap_summary_dt.csv,True,42.0,ccd-workflow-2026-08-24-v1:c3b2a2cd649f4d1c
Default of Credit Card Clients,16,dt,final-refit development,shap::sex::mean_signed,0.0,outputs/interpretability/shap_summary_dt.csv,True,42.0,ccd-workflow-2026-08-24-v1:c3b2a2cd649f4d1c
Default of Credit Card Clients,16,dt,final-refit development,shap::sex::direction_rho,,outputs/interpretability/shap_summary_dt.csv,True,42.0,ccd-workflow-2026-08-24-v1:c3b2a2cd649f4d1c
Default of Credit Card Clients,16,dt,final-refit development,shap::sex::rank,19.0,outputs/interpretability/shap_summary_dt.csv,True,42.0,ccd-workflow-2026-08-24-v1:c3b2a2cd649f4d1c
Default of Credit Card Clients,16,dt,final-refit development,shap::repayment_status_april::mean_absolute,0.0,outputs/interpretability/shap_summary_dt.csv,True,42.0,ccd-workflow-2026-08-24-v1:c3b2a2cd649f4d1c
Default of Credit Card Clients,16,dt,final-refit development,shap::repayment_status_april::mean_signed,0.0,outputs/interpretability/shap_summary_dt.csv,True,42.0,ccd-workflow-2026-08-24-v1:c3b2a2cd649f4d1c
Default of Credit Card Clients,16,dt,final-refit development,shap::repayment_status_april::direction_rho,,outputs/interpretability/shap_summary_dt.csv,True,42.0,ccd-workflow-2026-08-24-v1:c3b2a2cd649f4d1c
Default of Credit Card Clients,16,dt,final-refit development,shap::repayment_status_april::rank,20.0,outputs/interpretability/shap_summary_dt.csv,True,42.0,ccd-workflow-2026-08-24-v1:c3b2a2cd649f4d1c
Default of Credit Card Clients,16,dt,final-refit development,shap::marital_status::mean_absolute,0.0,outputs/interpretability/shap_summary_dt.csv,True,42.0,ccd-workflow-2026-08-24-v1:c3b2a2cd649f4d1c
Default of Credit Card Clients,16,dt,final-refit development,shap::marital_status::mean_signed,0.0,outputs/interpretability/shap_summary_dt.csv,True,42.0,ccd-workflow-2026-08-24-v1:c3b2a2cd649f4d1c
Default of Credit Card Clients,16,dt,final-refit development,shap::marital_status::direction_rho,,outputs/interpretability/shap_summary_dt.csv,True,42.0,ccd-workflow-2026-08-24-v1:c3b2a2cd649f4d1c
Default of Credit Card Clients,16,dt,final-refit development,shap::marital_status::rank,21.0,outputs/interpretability/shap_summary_dt.csv,True,42.0,ccd-workflow-2026-08-24-v1:c3b2a2cd649f4d1c
Default of Credit Card Clients,16,dt,final-refit development,shap::repayment_status_june::mean_absolute,0.0,outputs/interpretability/shap_summary_dt.csv,True,42.0,ccd-workflow-2026-08-24-v1:c3b2a2cd649f4d1c
Default of Credit Card Clients,16,dt,final-refit development,shap::repayment_status_june::mean_signed,0.0,outputs/interpretability/shap_summary_dt.csv,True,42.0,ccd-workflow-2026-08-24-v1:c3b2a2cd649f4d1c
Default of Credit Card Clients,16,dt,final-refit development,shap::repayment_status_june::direction_rho,,outputs/interpretability/shap_summary_dt.csv,True,42.0,ccd-workflow-2026-08-24-v1:c3b2a2cd649f4d1c
Default of Credit Card Clients,16,dt,final-refit development,shap::repayment_status_june::rank,22.0,outputs/interpretability/shap_summary_dt.csv,True,42.0,ccd-workflow-2026-08-24-v1:c3b2a2cd649f4d1c
Default of Credit Card Clients,16,dt,final-refit development,shap::payment_amount_april::mean_absolute,0.0,outputs/interpretability/shap_summary_dt.csv,True,42.0,ccd-workflow-2026-08-24-v1:c3b2a2cd649f4d1c
Default of Credit Card Clients,16,dt,final-refit development,shap::payment_amount_april::mean_signed,0.0,outputs/interpretability/shap_summary_dt.csv,True,42.0,ccd-workflow-2026-08-24-v1:c3b2a2cd649f4d1c
Default of Credit Card Clients,16,dt,final-refit development,shap::payment_amount_april::direction_rho,,outputs/interpretability/shap_summary_dt.csv,True,42.0,ccd-workflow-2026-08-24-v1:c3b2a2cd649f4d1c
Default of Credit Card Clients,16,dt,final-refit development,shap::payment_amount_april::rank,23.0,outputs/interpretability/shap_summary_dt.csv,True,42.0,ccd-workflow-2026-08-24-v1:c3b2a2cd649f4d1c
Default of Credit Card Clients,16,dt,final-refit development,native::repayment_status_september::importance,0.7342472089939759,outputs/interpretability/native_importance_dt.csv,True,42.0,ccd-workflow-2026-08-24-v1:c3b2a2cd649f4d1c
Default of Credit Card Clients,16,dt,final-refit development,native::repayment_status_august::importance,0.14865277965833548,outputs/interpretability/native_importance_dt.csv,True,42.0,ccd-workflow-2026-08-24-v1:c3b2a2cd649f4d1c
Default of Credit Card Clients,16,dt,final-refit development,native::payment_amount_july::importance,0.04627411200119247,outputs/interpretability/native_importance_dt.csv,True,42.0,ccd-workflow-2026-08-24-v1:c3b2a2cd649f4d1c
Default of Credit Card Clients,16,dt,final-refit development,native::repayment_status_may::importance,0.035759058443634764,outputs/interpretability/native_importance_dt.csv,True,42.0,ccd-workflow-2026-08-24-v1:c3b2a2cd649f4d1c
Default of Credit Card Clients,16,dt,final-refit development,native::bill_amount_september::importance,0.028223546437855657,outputs/interpretability/native_importance_dt.csv,True,42.0,ccd-workflow-2026-08-24-v1:c3b2a2cd649f4d1c
Default of Credit Card Clients,16,dt,final-refit development,native::credit_limit::importance,0.0068432944650057455,outputs/interpretability/native_importance_dt.csv,True,42.0,ccd-workflow-2026-08-24-v1:c3b2a2cd649f4d1c
Default of Credit Card Clients,16,dt,final-refit development,native::age::importance,0.0,outputs/interpretability/native_importance_dt.csv,True,42.0,ccd-workflow-2026-08-24-v1:c3b2a2cd649f4d1c
Default of Credit Card Clients,16,dt,final-refit development,native::payment_amount_june::importance,0.0,outputs/interpretability/native_importance_dt.csv,True,42.0,ccd-workflow-2026-08-24-v1:c3b2a2cd649f4d1c
Default of Credit Card Clients,16,dt,final-refit development,native::repayment_status_june::importance,0.0,outputs/interpretability/native_importance_dt.csv,True,42.0,ccd-workflow-2026-08-24-v1:c3b2a2cd649f4d1c
Default of Credit Card Clients,16,dt,final-refit development,native::repayment_status_july::importance,0.0,outputs/interpretability/native_importance_dt.csv,True,42.0,ccd-workflow-2026-08-24-v1:c3b2a2cd649f4d1c
Default of Credit Card Clients,16,dt,final-refit development,native::repayment_status_april::importance,0.0,outputs/interpretability/native_importance_dt.csv,True,42.0,ccd-workflow-2026-08-24-v1:c3b2a2cd649f4d1c
Default of Credit Card Clients,16,dt,final-refit development,native::payment_amount_september::importance,0.0,outputs/interpretability/native_importance_dt.csv,True,42.0,ccd-workflow-2026-08-24-v1:c3b2a2cd649f4d1c
Default of Credit Card Clients,16,dt,final-refit development,native::payment_amount_may::importance,0.0,outputs/interpretability/native_importance_dt.csv,True,42.0,ccd-workflow-2026-08-24-v1:c3b2a2cd649f4d1c
Default of Credit Card Clients,16,dt,final-refit development,native::payment_amount_august::importance,0.0,outputs/interpretability/native_importance_dt.csv,True,42.0,ccd-workflow-2026-08-24-v1:c3b2a2cd649f4d1c
Default of Credit Card Clients,16,dt,final-refit development,native::bill_amount_april::importance,0.0,outputs/interpretability/native_importance_dt.csv,True,42.0,ccd-workflow-2026-08-24-v1:c3b2a2cd649f4d1c
Default of Credit Card Clients,16,dt,final-refit development,native::payment_amount_april::importance,0.0,outputs/interpretability/native_importance_dt.csv,True,42.0,ccd-workflow-2026-08-24-v1:c3b2a2cd649f4d1c
Default of Credit Card Clients,16,dt,final-refit development,native::marital_status::importance,0.0,outputs/interpretability/native_importance_dt.csv,True,42.0,ccd-workflow-2026-08-24-v1:c3b2a2cd649f4d1c
Default of Credit Card Clients,16,dt,final-refit development,native::education_level::importance,0.0,outputs/interpretability/native_importance_dt.csv,True,42.0,ccd-workflow-2026-08-24-v1:c3b2a2cd649f4d1c
Default of Credit Card Clients,16,dt,final-refit development,native::bill_amount_may::importance,0.0,outputs/interpretability/native_importance_dt.csv,True,42.0,ccd-workflow-2026-08-24-v1:c3b2a2cd649f4d1c
Default of Credit Card Clients,16,dt,final-refit development,native::bill_amount_june::importance,0.0,outputs/interpretability/native_importance_dt.csv,True,42.0,ccd-workflow-2026-08-24-v1:c3b2a2cd649f4d1c
Default of Credit Card Clients,16,dt,final-refit development,native::bill_amount_july::importance,0.0,outputs/interpretability/native_importance_dt.csv,True,42.0,ccd-workflow-2026-08-24-v1:c3b2a2cd649f4d1c
Default of Credit Card Clients,16,dt,final-refit development,native::bill_amount_august::importance,0.0,outputs/interpretability/native_importance_dt.csv,True,42.0,ccd-workflow-2026-08-24-v1:c3b2a2cd649f4d1c
Default of Credit Card Clients,16,dt,final-refit development,native::sex::importance,0.0,outputs/interpretability/native_importance_dt.csv,True,42.0,ccd-workflow-2026-08-24-v1:c3b2a2cd649f4d1c
Default of Credit Card Clients,16,rf,cross-fitted development,permutation::repayment_status_september::mean,0.203731134712964,outputs/interpretability/permutation_importance_rf.csv,True,42.0,ccd-workflow-2026-08-24-v1:c3b2a2cd649f4d1c
Default of Credit Card Clients,16,rf,cross-fitted development,permutation::repayment_status_september::sd,0.010802800637291885,outputs/interpretability/permutation_importance_rf.csv,True,42.0,ccd-workflow-2026-08-24-v1:c3b2a2cd649f4d1c
Default of Credit Card Clients,16,rf,cross-fitted development,permutation::repayment_status_september::rank,1.0,outputs/interpretability/permutation_importance_rf.csv,True,42.0,ccd-workflow-2026-08-24-v1:c3b2a2cd649f4d1c
Default of Credit Card Clients,16,rf,cross-fitted development,permutation::repayment_status_august::mean,0.0262647586902949,outputs/interpretability/permutation_importance_rf.csv,True,42.0,ccd-workflow-2026-08-24-v1:c3b2a2cd649f4d1c
Default of Credit Card Clients,16,rf,cross-fitted development,permutation::repayment_status_august::sd,0.008744610830748959,outputs/interpretability/permutation_importance_rf.csv,True,42.0,ccd-workflow-2026-08-24-v1:c3b2a2cd649f4d1c
Default of Credit Card Clients,16,rf,cross-fitted development,permutation::repayment_status_august::rank,2.0,outputs/interpretability/permutation_importance_rf.csv,True,42.0,ccd-workflow-2026-08-24-v1:c3b2a2cd649f4d1c
Default of Credit Card Clients,16,rf,cross-fitted development,permutation::repayment_status_july::mean,0.0073187922953333795,outputs/interpretability/permutation_importance_rf.csv,True,42.0,ccd-workflow-2026-08-24-v1:c3b2a2cd649f4d1c
Default of Credit Card Clients,16,rf,cross-fitted development,permutation::repayment_status_july::sd,0.0035619290889433246,outputs/interpretability/permutation_importance_rf.csv,True,42.0,ccd-workflow-2026-08-24-v1:c3b2a2cd649f4d1c
Default of Credit Card Clients,16,rf,cross-fitted development,permutation::repayment_status_july::rank,3.0,outputs/interpretability/permutation_importance_rf.csv,True,42.0,ccd-workflow-2026-08-24-v1:c3b2a2cd649f4d1c
Default of Credit Card Clients,16,rf,cross-fitted development,permutation::credit_limit::mean,0.006881478493834715,outputs/interpretability/permutation_importance_rf.csv,True,42.0,ccd-workflow-2026-08-24-v1:c3b2a2cd649f4d1c
Default of Credit Card Clients,16,rf,cross-fitted development,permutation::credit_limit::sd,0.0036936043718650874,outputs/interpretability/permutation_importance_rf.csv,True,42.0,ccd-workflow-2026-08-24-v1:c3b2a2cd649f4d1c
Default of Credit Card Clients,16,rf,cross-fitted development,permutation::credit_limit::rank,4.0,outputs/interpretability/permutation_importance_rf.csv,True,42.0,ccd-workflow-2026-08-24-v1:c3b2a2cd649f4d1c
Default of Credit Card Clients,16,rf,cross-fitted development,permutation::bill_amount_september::mean,0.006487132173850393,outputs/interpretability/permutation_importance_rf.csv,True,42.0,ccd-workflow-2026-08-24-v1:c3b2a2cd649f4d1c
Default of Credit Card Clients,16,rf,cross-fitted development,permutation::bill_amount_september::sd,0.00398979227112783,outputs/interpretability/permutation_importance_rf.csv,True,42.0,ccd-workflow-2026-08-24-v1:c3b2a2cd649f4d1c
Default of Credit Card Clients,16,rf,cross-fitted development,permutation::bill_amount_september::rank,5.0,outputs/interpretability/permutation_importance_rf.csv,True,42.0,ccd-workflow-2026-08-24-v1:c3b2a2cd649f4d1c
Default of Credit Card Clients,16,rf,cross-fitted development,permutation::repayment_status_june::mean,0.005825806801914816,outputs/interpretability/permutation_importance_rf.csv,True,42.0,ccd-workflow-2026-08-24-v1:c3b2a2cd649f4d1c
Default of Credit Card Clients,16,rf,cross-fitted development,permutation::repayment_status_june::sd,0.00222199620716814,outputs/interpretability/permutation_importance_rf.csv,True,42.0,ccd-workflow-2026-08-24-v1:c3b2a2cd649f4d1c
Default of Credit Card Clients,16,rf,cross-fitted development,permutation::repayment_status_june::rank,6.0,outputs/interpretability/permutation_importance_rf.csv,True,42.0,ccd-workflow-2026-08-24-v1:c3b2a2cd649f4d1c
Default of Credit Card Clients,16,rf,cross-fitted development,permutation::payment_amount_july::mean,0.0051698219943516685,outputs/interpretability/permutation_importance_rf.csv,True,42.0,ccd-workflow-2026-08-24-v1:c3b2a2cd649f4d1c
Default of Credit Card Clients,16,rf,cross-fitted development,permutation::payment_amount_july::sd,0.002936843860042615,outputs/interpretability/permutation_importance_rf.csv,True,42.0,ccd-workflow-2026-08-24-v1:c3b2a2cd649f4d1c
Default of Credit Card Clients,16,rf,cross-fitted development,permutation::payment_amount_july::rank,7.0,outputs/interpretability/permutation_importance_rf.csv,True,42.0,ccd-workflow-2026-08-24-v1:c3b2a2cd649f4d1c
Default of Credit Card Clients,16,rf,cross-fitted development,permutation::repayment_status_april::mean,0.004056351640984292,outputs/interpretability/permutation_importance_rf.csv,True,42.0,ccd-workflow-2026-08-24-v1:c3b2a2cd649f4d1c
Default of Credit Card Clients,16,rf,cross-fitted development,permutation::repayment_status_april::sd,0.002301352019003291,outputs/interpretability/permutation_importance_rf.csv,True,42.0,ccd-workflow-2026-08-24-v1:c3b2a2cd649f4d1c
Default of Credit Card Clients,16,rf,cross-fitted development,permutation::repayment_status_april::rank,8.0,outputs/interpretability/permutation_importance_rf.csv,True,42.0,ccd-workflow-2026-08-24-v1:c3b2a2cd649f4d1c
Default of Credit Card Clients,16,rf,cross-fitted development,permutation::repayment_status_may::mean,0.003916445785217002,outputs/interpretability/permutation_importance_rf.csv,True,42.0,ccd-workflow-2026-08-24-v1:c3b2a2cd649f4d1c
Default of Credit Card Clients,16,rf,cross-fitted development,permutation::repayment_status_may::sd,0.002726982716344125,outputs/interpretability/permutation_importance_rf.csv,True,42.0,ccd-workflow-2026-08-24-v1:c3b2a2cd649f4d1c
Default of Credit Card Clients,16,rf,cross-fitted development,permutation::repayment_status_may::rank,9.0,outputs/interpretability/permutation_importance_rf.csv,True,42.0,ccd-workflow-2026-08-24-v1:c3b2a2cd649f4d1c
Default of Credit Card Clients,16,rf,cross-fitted development,permutation::payment_amount_may::mean,0.002067092713470152,outputs/interpretability/permutation_importance_rf.csv,True,42.0,ccd-workflow-2026-08-24-v1:c3b2a2cd649f4d1c
Default of Credit Card Clients,16,rf,cross-fitted development,permutation::payment_amount_may::sd,0.0019432087314202684,outputs/interpretability/permutation_importance_rf.csv,True,42.0,ccd-workflow-2026-08-24-v1:c3b2a2cd649f4d1c
Default of Credit Card Clients,16,rf,cross-fitted development,permutation::payment_amount_may::rank,10.0,outputs/interpretability/permutation_importance_rf.csv,True,42.0,ccd-workflow-2026-08-24-v1:c3b2a2cd649f4d1c
Default of Credit Card Clients,16,rf,cross-fitted development,permutation::age::mean,0.00183473910740709,outputs/interpretability/permutation_importance_rf.csv,True,42.0,ccd-workflow-2026-08-24-v1:c3b2a2cd649f4d1c
Default of Credit Card Clients,16,rf,cross-fitted development,permutation::age::sd,0.0015664156557773324,outputs/interpretability/permutation_importance_rf.csv,True,42.0,ccd-workflow-2026-08-24-v1:c3b2a2cd649f4d1c
Default of Credit Card Clients,16,rf,cross-fitted development,permutation::age::rank,11.0,outputs/interpretability/permutation_importance_rf.csv,True,42.0,ccd-workflow-2026-08-24-v1:c3b2a2cd649f4d1c
Default of Credit Card Clients,16,rf,cross-fitted development,permutation::payment_amount_august::mean,0.0017975541745736338,outputs/interpretability/permutation_importance_rf.csv,True,42.0,ccd-workflow-2026-08-24-v1:c3b2a2cd649f4d1c
Default of Credit Card Clients,16,rf,cross-fitted development,permutation::payment_amount_august::sd,0.0016415597220946034,outputs/interpretability/permutation_importance_rf.csv,True,42.0,ccd-workflow-2026-08-24-v1:c3b2a2cd649f4d1c
Default of Credit Card Clients,16,rf,cross-fitted development,permutation::payment_amount_august::rank,12.0,outputs/interpretability/permutation_importance_rf.csv,True,42.0,ccd-workflow-2026-08-24-v1:c3b2a2cd649f4d1c
Default of Credit Card Clients,16,rf,cross-fitted development,permutation::payment_amount_april::mean,0.0016702901227635995,outputs/interpretability/permutation_importance_rf.csv,True,42.0,ccd-workflow-2026-08-24-v1:c3b2a2cd649f4d1c
Default of Credit Card Clients,16,rf,cross-fitted development,permutation::payment_amount_april::sd,0.0017392834951898925,outputs/interpretability/permutation_importance_rf.csv,True,42.0,ccd-workflow-2026-08-24-v1:c3b2a2cd649f4d1c
Default of Credit Card Clients,16,rf,cross-fitted development,permutation::payment_amount_april::rank,13.0,outputs/interpretability/permutation_importance_rf.csv,True,42.0,ccd-workflow-2026-08-24-v1:c3b2a2cd649f4d1c
Default of Credit Card Clients,16,rf,cross-fitted development,permutation::payment_amount_september::mean,0.0015293215595591676,outputs/interpretability/permutation_importance_rf.csv,True,42.0,ccd-workflow-2026-08-24-v1:c3b2a2cd649f4d1c
Default of Credit Card Clients,16,rf,cross-fitted development,permutation::payment_amount_september::sd,0.002087689074309863,outputs/interpretability/permutation_importance_rf.csv,True,42.0,ccd-workflow-2026-08-24-v1:c3b2a2cd649f4d1c
Default of Credit Card Clients,16,rf,cross-fitted development,permutation::payment_amount_september::rank,14.0,outputs/interpretability/permutation_importance_rf.csv,True,42.0,ccd-workflow-2026-08-24-v1:c3b2a2cd649f4d1c
Default of Credit Card Clients,16,rf,cross-fitted development,permutation::bill_amount_april::mean,0.0014462062459937412,outputs/interpretability/permutation_importance_rf.csv,True,42.0,ccd-workflow-2026-08-24-v1:c3b2a2cd649f4d1c
Default of Credit Card Clients,16,rf,cross-fitted development,permutation::bill_amount_april::sd,0.001827168395102049,outputs/interpretability/permutation_importance_rf.csv,True,42.0,ccd-workflow-2026-08-24-v1:c3b2a2cd649f4d1c
Default of Credit Card Clients,16,rf,cross-fitted development,permutation::bill_amount_april::rank,15.0,outputs/interpretability/permutation_importance_rf.csv,True,42.0,ccd-workflow-2026-08-24-v1:c3b2a2cd649f4d1c
Default of Credit Card Clients,16,rf,cross-fitted development,permutation::payment_amount_june::mean,0.0009425804532503131,outputs/interpretability/permutation_importance_rf.csv,True,42.0,ccd-workflow-2026-08-24-v1:c3b2a2cd649f4d1c
Default of Credit Card Clients,16,rf,cross-fitted development,permutation::payment_amount_june::sd,0.001026769918372257,outputs/interpretability/permutation_importance_rf.csv,True,42.0,ccd-workflow-2026-08-24-v1:c3b2a2cd649f4d1c
Default of Credit Card Clients,16,rf,cross-fitted development,permutation::payment_amount_june::rank,16.0,outputs/interpretability/permutation_importance_rf.csv,True,42.0,ccd-workflow-2026-08-24-v1:c3b2a2cd649f4d1c
Default of Credit Card Clients,16,rf,cross-fitted development,permutation::bill_amount_july::mean,0.0006349344289480825,outputs/interpretability/permutation_importance_rf.csv,True,42.0,ccd-workflow-2026-08-24-v1:c3b2a2cd649f4d1c
Default of Credit Card Clients,16,rf,cross-fitted development,permutation::bill_amount_july::sd,0.001563463472491591,outputs/interpretability/permutation_importance_rf.csv,True,42.0,ccd-workflow-2026-08-24-v1:c3b2a2cd649f4d1c
Default of Credit Card Clients,16,rf,cross-fitted development,permutation::bill_amount_july::rank,17.0,outputs/interpretability/permutation_importance_rf.csv,True,42.0,ccd-workflow-2026-08-24-v1:c3b2a2cd649f4d1c
Default of Credit Card Clients,16,rf,cross-fitted development,permutation::education_level::mean,0.0005874701395230415,outputs/interpretability/permutation_importance_rf.csv,True,42.0,ccd-workflow-2026-08-24-v1:c3b2a2cd649f4d1c
Default of Credit Card Clients,16,rf,cross-fitted development,permutation::education_level::sd,0.0010518336913338177,outputs/interpretability/permutation_importance_rf.csv,True,42.0,ccd-workflow-2026-08-24-v1:c3b2a2cd649f4d1c
Default of Credit Card Clients,16,rf,cross-fitted development,permutation::education_level::rank,18.0,outputs/interpretability/permutation_importance_rf.csv,True,42.0,ccd-workflow-2026-08-24-v1:c3b2a2cd649f4d1c
Default of Credit Card Clients,16,rf,cross-fitted development,permutation::bill_amount_august::mean,0.000452421172210673,outputs/interpretability/permutation_importance_rf.csv,True,42.0,ccd-workflow-2026-08-24-v1:c3b2a2cd649f4d1c
Default of Credit Card Clients,16,rf,cross-fitted development,permutation::bill_amount_august::sd,0.0023407796727946462,outputs/interpretability/permutation_importance_rf.csv,True,42.0,ccd-workflow-2026-08-24-v1:c3b2a2cd649f4d1c
Default of Credit Card Clients,16,rf,cross-fitted development,permutation::bill_amount_august::rank,19.0,outputs/interpretability/permutation_importance_rf.csv,True,42.0,ccd-workflow-2026-08-24-v1:c3b2a2cd649f4d1c
Default of Credit Card Clients,16,rf,cross-fitted development,permutation::bill_amount_may::mean,1.4236819718834356e-05,outputs/interpretability/permutation_importance_rf.csv,True,42.0,ccd-workflow-2026-08-24-v1:c3b2a2cd649f4d1c
Default of Credit Card Clients,16,rf,cross-fitted development,permutation::bill_amount_may::sd,0.00116541228828568,outputs/interpretability/permutation_importance_rf.csv,True,42.0,ccd-workflow-2026-08-24-v1:c3b2a2cd649f4d1c
Default of Credit Card Clients,16,rf,cross-fitted development,permutation::bill_amount_may::rank,20.0,outputs/interpretability/permutation_importance_rf.csv,True,42.0,ccd-workflow-2026-08-24-v1:c3b2a2cd649f4d1c
Default of Credit Card Clients,16,rf,cross-fitted development,permutation::bill_amount_june::mean,-1.2337836780388726e-05,outputs/interpretability/permutation_importance_rf.csv,True,42.0,ccd-workflow-2026-08-24-v1:c3b2a2cd649f4d1c
Default of Credit Card Clients,16,rf,cross-fitted development,permutation::bill_amount_june::sd,0.0008567700155914366,outputs/interpretability/permutation_importance_rf.csv,True,42.0,ccd-workflow-2026-08-24-v1:c3b2a2cd649f4d1c
Default of Credit Card Clients,16,rf,cross-fitted development,permutation::bill_amount_june::rank,21.0,outputs/interpretability/permutation_importance_rf.csv,True,42.0,ccd-workflow-2026-08-24-v1:c3b2a2cd649f4d1c
Default of Credit Card Clients,16,rf,cross-fitted development,permutation::marital_status::mean,-3.1949089742100424e-05,outputs/interpretability/permutation_importance_rf.csv,True,42.0,ccd-workflow-2026-08-24-v1:c3b2a2cd649f4d1c
Default of Credit Card Clients,16,rf,cross-fitted development,permutation::marital_status::sd,0.0005135367421151171,outputs/interpretability/permutation_importance_rf.csv,True,42.0,ccd-workflow-2026-08-24-v1:c3b2a2cd649f4d1c
Default of Credit Card Clients,16,rf,cross-fitted development,permutation::marital_status::rank,22.0,outputs/interpretability/permutation_importance_rf.csv,True,42.0,ccd-workflow-2026-08-24-v1:c3b2a2cd649f4d1c
Default of Credit Card Clients,16,rf,cross-fitted development,permutation::sex::mean,-0.00023204185232423476,outputs/interpretability/permutation_importance_rf.csv,True,42.0,ccd-workflow-2026-08-24-v1:c3b2a2cd649f4d1c
Default of Credit Card Clients,16,rf,cross-fitted development,permutation::sex::sd,0.0006900583421726621,outputs/interpretability/permutation_importance_rf.csv,True,42.0,ccd-workflow-2026-08-24-v1:c3b2a2cd649f4d1c
Default of Credit Card Clients,16,rf,cross-fitted development,permutation::sex::rank,23.0,outputs/interpretability/permutation_importance_rf.csv,True,42.0,ccd-workflow-2026-08-24-v1:c3b2a2cd649f4d1c
Default of Credit Card Clients,16,rf,final-refit development,shap::repayment_status_september::mean_absolute,0.06824244311259586,outputs/interpretability/shap_summary_rf.csv,True,42.0,ccd-workflow-2026-08-24-v1:c3b2a2cd649f4d1c
Default of Credit Card Clients,16,rf,final-refit development,shap::repayment_status_september::mean_signed,-0.008407523438622742,outputs/interpretability/shap_summary_rf.csv,True,42.0,ccd-workflow-2026-08-24-v1:c3b2a2cd649f4d1c
Default of Credit Card Clients,16,rf,final-refit development,shap::repayment_status_september::direction_rho,0.2665384945587314,outputs/interpretability/shap_summary_rf.csv,True,42.0,ccd-workflow-2026-08-24-v1:c3b2a2cd649f4d1c
Default of Credit Card Clients,16,rf,final-refit development,shap::repayment_status_september::rank,1.0,outputs/interpretability/shap_summary_rf.csv,True,42.0,ccd-workflow-2026-08-24-v1:c3b2a2cd649f4d1c
Default of Credit Card Clients,16,rf,final-refit development,shap::credit_limit::mean_absolute,0.024731832560294074,outputs/interpretability/shap_summary_rf.csv,True,42.0,ccd-workflow-2026-08-24-v1:c3b2a2cd649f4d1c
Default of Credit Card Clients,16,rf,final-refit development,shap::credit_limit::mean_signed,-0.004056877107674339,outputs/interpretability/shap_summary_rf.csv,True,42.0,ccd-workflow-2026-08-24-v1:c3b2a2cd649f4d1c
Default of Credit Card Clients,16,rf,final-refit development,shap::credit_limit::direction_rho,-0.9202077029340741,outputs/interpretability/shap_summary_rf.csv,True,42.0,ccd-workflow-2026-08-24-v1:c3b2a2cd649f4d1c
Default of Credit Card Clients,16,rf,final-refit development,shap::credit_limit::rank,2.0,outputs/interpretability/shap_summary_rf.csv,True,42.0,ccd-workflow-2026-08-24-v1:c3b2a2cd649f4d1c
Default of Credit Card Clients,16,rf,final-refit development,shap::repayment_status_august::mean_absolute,0.02097882488192512,outputs/interpretability/shap_summary_rf.csv,True,42.0,ccd-workflow-2026-08-24-v1:c3b2a2cd649f4d1c
Default of Credit Card Clients,16,rf,final-refit development,shap::repayment_status_august::mean_signed,0.006771497076548577,outputs/interpretability/shap_summary_rf.csv,True,42.0,ccd-workflow-2026-08-24-v1:c3b2a2cd649f4d1c
Default of Credit Card Clients,16,rf,final-refit development,shap::repayment_status_august::direction_rho,0.6260599997255389,outputs/interpretability/shap_summary_rf.csv,True,42.0,ccd-workflow-2026-08-24-v1:c3b2a2cd649f4d1c
Default of Credit Card Clients,16,rf,final-refit development,shap::repayment_status_august::rank,3.0,outputs/interpretability/shap_summary_rf.csv,True,42.0,ccd-workflow-2026-08-24-v1:c3b2a2cd649f4d1c
Default of Credit Card Clients,16,rf,final-refit development,shap::bill_amount_september::mean_absolute,0.012616001806465296,outputs/interpretability/shap_summary_rf.csv,True,42.0,ccd-workflow-2026-08-24-v1:c3b2a2cd649f4d1c
Default of Credit Card Clients,16,rf,final-refit development,shap::bill_amount_september::mean_signed,-0.00013267037366652544,outputs/interpretability/shap_summary_rf.csv,True,42.0,ccd-workflow-2026-08-24-v1:c3b2a2cd649f4d1c
Default of Credit Card Clients,16,rf,final-refit development,shap::bill_amount_september::direction_rho,-0.23325983812507944,outputs/interpretability/shap_summary_rf.csv,True,42.0,ccd-workflow-2026-08-24-v1:c3b2a2cd649f4d1c
Default of Credit Card Clients,16,rf,final-refit development,shap::bill_amount_september::rank,4.0,outputs/interpretability/shap_summary_rf.csv,True,42.0,ccd-workflow-2026-08-24-v1:c3b2a2cd649f4d1c
Default of Credit Card Clients,16,rf,final-refit development,shap::repayment_status_july::mean_absolute,0.012361050352920013,outputs/interpretability/shap_summary_rf.csv,True,42.0,ccd-workflow-2026-08-24-v1:c3b2a2cd649f4d1c
Default of Credit Card Clients,16,rf,final-refit development,shap::repayment_status_july::mean_signed,0.0016269970334332386,outputs/interpretability/shap_summary_rf.csv,True,42.0,ccd-workflow-2026-08-24-v1:c3b2a2cd649f4d1c
Default of Credit Card Clients,16,rf,final-refit development,shap::repayment_status_july::direction_rho,0.8954420701073096,outputs/interpretability/shap_summary_rf.csv,True,42.0,ccd-workflow-2026-08-24-v1:c3b2a2cd649f4d1c
Default of Credit Card Clients,16,rf,final-refit development,shap::repayment_status_july::rank,5.0,outputs/interpretability/shap_summary_rf.csv,True,42.0,ccd-workflow-2026-08-24-v1:c3b2a2cd649f4d1c
Default of Credit Card Clients,16,rf,final-refit development,shap::payment_amount_july::mean_absolute,0.011409330549612686,outputs/interpretability/shap_summary_rf.csv,True,42.0,ccd-workflow-2026-08-24-v1:c3b2a2cd649f4d1c
Default of Credit Card Clients,16,rf,final-refit development,shap::payment_amount_july::mean_signed,-0.00039784390494021954,outputs/interpretability/shap_summary_rf.csv,True,42.0,ccd-workflow-2026-08-24-v1:c3b2a2cd649f4d1c
Default of Credit Card Clients,16,rf,final-refit development,shap::payment_amount_july::direction_rho,-0.7926627596686846,outputs/interpretability/shap_summary_rf.csv,True,42.0,ccd-workflow-2026-08-24-v1:c3b2a2cd649f4d1c
Default of Credit Card Clients,16,rf,final-refit development,shap::payment_amount_july::rank,6.0,outputs/interpretability/shap_summary_rf.csv,True,42.0,ccd-workflow-2026-08-24-v1:c3b2a2cd649f4d1c
Default of Credit Card Clients,16,rf,final-refit development,shap::repayment_status_june::mean_absolute,0.011264785731494628,outputs/interpretability/shap_summary_rf.csv,True,42.0,ccd-workflow-2026-08-24-v1:c3b2a2cd649f4d1c
Default of Credit Card Clients,16,rf,final-refit development,shap::repayment_status_june::mean_signed,0.00028495912063911637,outputs/interpretability/shap_summary_rf.csv,True,42.0,ccd-workflow-2026-08-24-v1:c3b2a2cd649f4d1c
Default of Credit Card Clients,16,rf,final-refit development,shap::repayment_status_june::direction_rho,0.7700295833093621,outputs/interpretability/shap_summary_rf.csv,True,42.0,ccd-workflow-2026-08-24-v1:c3b2a2cd649f4d1c
Default of Credit Card Clients,16,rf,final-refit development,shap::repayment_status_june::rank,7.0,outputs/interpretability/shap_summary_rf.csv,True,42.0,ccd-workflow-2026-08-24-v1:c3b2a2cd649f4d1c
Default of Credit Card Clients,16,rf,final-refit development,shap::payment_amount_august::mean_absolute,0.0102323199351104,outputs/interpretability/shap_summary_rf.csv,True,42.0,ccd-workflow-2026-08-24-v1:c3b2a2cd649f4d1c
Default of Credit Card Clients,16,rf,final-refit development,shap::payment_amount_august::mean_signed,-0.00035292985622458844,outputs/interpretability/shap_summary_rf.csv,True,42.0,ccd-workflow-2026-08-24-v1:c3b2a2cd649f4d1c
Default of Credit Card Clients,16,rf,final-refit development,shap::payment_amount_august::direction_rho,-0.9070000579646963,outputs/interpretability/shap_summary_rf.csv,True,42.0,ccd-workflow-2026-08-24-v1:c3b2a2cd649f4d1c
Default of Credit Card Clients,16,rf,final-refit development,shap::payment_amount_august::rank,8.0,outputs/interpretability/shap_summary_rf.csv,True,42.0,ccd-workflow-2026-08-24-v1:c3b2a2cd649f4d1c
Default of Credit Card Clients,16,rf,final-refit development,shap::payment_amount_september::mean_absolute,0.00943040030992237,outputs/interpretability/shap_summary_rf.csv,True,42.0,ccd-workflow-2026-08-24-v1:c3b2a2cd649f4d1c
Default of Credit Card Clients,16,rf,final-refit development,shap::payment_amount_september::mean_signed,-0.0006850527585534029,outputs/interpretability/shap_summary_rf.csv,True,42.0,ccd-workflow-2026-08-24-v1:c3b2a2cd649f4d1c
Default of Credit Card Clients,16,rf,final-refit development,shap::payment_amount_september::direction_rho,-0.9031002372012408,outputs/interpretability/shap_summary_rf.csv,True,42.0,ccd-workflow-2026-08-24-v1:c3b2a2cd649f4d1c
Default of Credit Card Clients,16,rf,final-refit development,shap::payment_amount_september::rank,9.0,outputs/interpretability/shap_summary_rf.csv,True,42.0,ccd-workflow-2026-08-24-v1:c3b2a2cd649f4d1c
Default of Credit Card Clients,16,rf,final-refit development,shap::repayment_status_may::mean_absolute,0.009042134718117078,outputs/interpretability/shap_summary_rf.csv,True,42.0,ccd-workflow-2026-08-24-v1:c3b2a2cd649f4d1c
Default of Credit Card Clients,16,rf,final-refit development,shap::repayment_status_may::mean_signed,-0.0007593326544046044,outputs/interpretability/shap_summary_rf.csv,True,42.0,ccd-workflow-2026-08-24-v1:c3b2a2cd649f4d1c
Default of Credit Card Clients,16,rf,final-refit development,shap::repayment_status_may::direction_rho,0.5535648865311613,outputs/interpretability/shap_summary_rf.csv,True,42.0,ccd-workflow-2026-08-24-v1:c3b2a2cd649f4d1c
Default of Credit Card Clients,16,rf,final-refit development,shap::repayment_status_may::rank,10.0,outputs/interpretability/shap_summary_rf.csv,True,42.0,ccd-workflow-2026-08-24-v1:c3b2a2cd649f4d1c
Default of Credit Card Clients,16,rf,final-refit development,shap::payment_amount_april::mean_absolute,0.006461909562219131,outputs/interpretability/shap_summary_rf.csv,True,42.0,ccd-workflow-2026-08-24-v1:c3b2a2cd649f4d1c
Default of Credit Card Clients,16,rf,final-refit development,shap::payment_amount_april::mean_signed,-5.393343068245285e-05,outputs/interpretability/shap_summary_rf.csv,True,42.0,ccd-workflow-2026-08-24-v1:c3b2a2cd649f4d1c
Default of Credit Card Clients,16,rf,final-refit development,shap::payment_amount_april::direction_rho,-0.8516282517420192,outputs/interpretability/shap_summary_rf.csv,True,42.0,ccd-workflow-2026-08-24-v1:c3b2a2cd649f4d1c
Default of Credit Card Clients,16,rf,final-refit development,shap::payment_amount_april::rank,11.0,outputs/interpretability/shap_summary_rf.csv,True,42.0,ccd-workflow-2026-08-24-v1:c3b2a2cd649f4d1c
Default of Credit Card Clients,16,rf,final-refit development,shap::repayment_status_april::mean_absolute,0.006301965663359672,outputs/interpretability/shap_summary_rf.csv,True,42.0,ccd-workflow-2026-08-24-v1:c3b2a2cd649f4d1c
Default of Credit Card Clients,16,rf,final-refit development,shap::repayment_status_april::mean_signed,-0.0003359518362935636,outputs/interpretability/shap_summary_rf.csv,True,42.0,ccd-workflow-2026-08-24-v1:c3b2a2cd649f4d1c
Default of Credit Card Clients,16,rf,final-refit development,shap::repayment_status_april::direction_rho,0.21376739539885248,outputs/interpretability/shap_summary_rf.csv,True,42.0,ccd-workflow-2026-08-24-v1:c3b2a2cd649f4d1c
Default of Credit Card Clients,16,rf,final-refit development,shap::repayment_status_april::rank,12.0,outputs/interpretability/shap_summary_rf.csv,True,42.0,ccd-workflow-2026-08-24-v1:c3b2a2cd649f4d1c
Default of Credit Card Clients,16,rf,final-refit development,shap::payment_amount_may::mean_absolute,0.00624735903046154,outputs/interpretability/shap_summary_rf.csv,True,42.0,ccd-workflow-2026-08-24-v1:c3b2a2cd649f4d1c
Default of Credit Card Clients,16,rf,final-refit development,shap::payment_amount_may::mean_signed,-0.0003841129306412361,outputs/interpretability/shap_summary_rf.csv,True,42.0,ccd-workflow-2026-08-24-v1:c3b2a2cd649f4d1c
Default of Credit Card Clients,16,rf,final-refit development,shap::payment_amount_may::direction_rho,-0.8253885674240323,outputs/interpretability/shap_summary_rf.csv,True,42.0,ccd-workflow-2026-08-24-v1:c3b2a2cd649f4d1c
Default of Credit Card Clients,16,rf,final-refit development,shap::payment_amount_may::rank,13.0,outputs/interpretability/shap_summary_rf.csv,True,42.0,ccd-workflow-2026-08-24-v1:c3b2a2cd649f4d1c
Default of Credit Card Clients,16,rf,final-refit development,shap::payment_amount_june::mean_absolute,0.005196937423318899,outputs/interpretability/shap_summary_rf.csv,True,42.0,ccd-workflow-2026-08-24-v1:c3b2a2cd649f4d1c
Default of Credit Card Clients,16,rf,final-refit development,shap::payment_amount_june::mean_signed,0.0004076899904940337,outputs/interpretability/shap_summary_rf.csv,True,42.0,ccd-workflow-2026-08-24-v1:c3b2a2cd649f4d1c
Default of Credit Card Clients,16,rf,final-refit development,shap::payment_amount_june::direction_rho,-0.7103875239747147,outputs/interpretability/shap_summary_rf.csv,True,42.0,ccd-workflow-2026-08-24-v1:c3b2a2cd649f4d1c
Default of Credit Card Clients,16,rf,final-refit development,shap::payment_amount_june::rank,14.0,outputs/interpretability/shap_summary_rf.csv,True,42.0,ccd-workflow-2026-08-24-v1:c3b2a2cd649f4d1c
Default of Credit Card Clients,16,rf,final-refit development,shap::bill_amount_august::mean_absolute,0.004721559785921205,outputs/interpretability/shap_summary_rf.csv,True,42.0,ccd-workflow-2026-08-24-v1:c3b2a2cd649f4d1c
Default of Credit Card Clients,16,rf,final-refit development,shap::bill_amount_august::mean_signed,0.00023709596759752515,outputs/interpretability/shap_summary_rf.csv,True,42.0,ccd-workflow-2026-08-24-v1:c3b2a2cd649f4d1c
Default of Credit Card Clients,16,rf,final-refit development,shap::bill_amount_august::direction_rho,0.16522485687469274,outputs/interpretability/shap_summary_rf.csv,True,42.0,ccd-workflow-2026-08-24-v1:c3b2a2cd649f4d1c
Default of Credit Card Clients,16,rf,final-refit development,shap::bill_amount_august::rank,15.0,outputs/interpretability/shap_summary_rf.csv,True,42.0,ccd-workflow-2026-08-24-v1:c3b2a2cd649f4d1c
Default of Credit Card Clients,16,rf,final-refit development,shap::bill_amount_april::mean_absolute,0.0046162180348291205,outputs/interpretability/shap_summary_rf.csv,True,42.0,ccd-workflow-2026-08-24-v1:c3b2a2cd649f4d1c
Default of Credit Card Clients,16,rf,final-refit development,shap::bill_amount_april::mean_signed,0.00016633159250516803,outputs/interpretability/shap_summary_rf.csv,True,42.0,ccd-workflow-2026-08-24-v1:c3b2a2cd649f4d1c
Default of Credit Card Clients,16,rf,final-refit development,shap::bill_amount_april::direction_rho,0.7452373406242572,outputs/interpretability/shap_summary_rf.csv,True,42.0,ccd-workflow-2026-08-24-v1:c3b2a2cd649f4d1c
Default of Credit Card Clients,16,rf,final-refit development,shap::bill_amount_april::rank,16.0,outputs/interpretability/shap_summary_rf.csv,True,42.0,ccd-workflow-2026-08-24-v1:c3b2a2cd649f4d1c
Default of Credit Card Clients,16,rf,final-refit development,shap::bill_amount_june::mean_absolute,0.004154265284434775,outputs/interpretability/shap_summary_rf.csv,True,42.0,ccd-workflow-2026-08-24-v1:c3b2a2cd649f4d1c
Default of Credit Card Clients,16,rf,final-refit development,shap::bill_amount_june::mean_signed,0.0001934262190499295,outputs/interpretability/shap_summary_rf.csv,True,42.0,ccd-workflow-2026-08-24-v1:c3b2a2cd649f4d1c
Default of Credit Card Clients,16,rf,final-refit development,shap::bill_amount_june::direction_rho,0.6495677038591126,outputs/interpretability/shap_summary_rf.csv,True,42.0,ccd-workflow-2026-08-24-v1:c3b2a2cd649f4d1c
Default of Credit Card Clients,16,rf,final-refit development,shap::bill_amount_june::rank,17.0,outputs/interpretability/shap_summary_rf.csv,True,42.0,ccd-workflow-2026-08-24-v1:c3b2a2cd649f4d1c
Default of Credit Card Clients,16,rf,final-refit development,shap::bill_amount_july::mean_absolute,0.003988969612738821,outputs/interpretability/shap_summary_rf.csv,True,42.0,ccd-workflow-2026-08-24-v1:c3b2a2cd649f4d1c
Default of Credit Card Clients,16,rf,final-refit development,shap::bill_amount_july::mean_signed,9.03466937639615e-05,outputs/interpretability/shap_summary_rf.csv,True,42.0,ccd-workflow-2026-08-24-v1:c3b2a2cd649f4d1c
Default of Credit Card Clients,16,rf,final-refit development,shap::bill_amount_july::direction_rho,0.655021119234505,outputs/interpretability/shap_summary_rf.csv,True,42.0,ccd-workflow-2026-08-24-v1:c3b2a2cd649f4d1c
Default of Credit Card Clients,16,rf,final-refit development,shap::bill_amount_july::rank,18.0,outputs/interpretability/shap_summary_rf.csv,True,42.0,ccd-workflow-2026-08-24-v1:c3b2a2cd649f4d1c
Default of Credit Card Clients,16,rf,final-refit development,shap::age::mean_absolute,0.003986195878591595,outputs/interpretability/shap_summary_rf.csv,True,42.0,ccd-workflow-2026-08-24-v1:c3b2a2cd649f4d1c
Default of Credit Card Clients,16,rf,final-refit development,shap::age::mean_signed,-0.0002503931577296633,outputs/interpretability/shap_summary_rf.csv,True,42.0,ccd-workflow-2026-08-24-v1:c3b2a2cd649f4d1c
Default of Credit Card Clients,16,rf,final-refit development,shap::age::direction_rho,0.5650604080049738,outputs/interpretability/shap_summary_rf.csv,True,42.0,ccd-workflow-2026-08-24-v1:c3b2a2cd649f4d1c
Default of Credit Card Clients,16,rf,final-refit development,shap::age::rank,19.0,outputs/interpretability/shap_summary_rf.csv,True,42.0,ccd-workflow-2026-08-24-v1:c3b2a2cd649f4d1c
Default of Credit Card Clients,16,rf,final-refit development,shap::bill_amount_may::mean_absolute,0.003293916303294056,outputs/interpretability/shap_summary_rf.csv,True,42.0,ccd-workflow-2026-08-24-v1:c3b2a2cd649f4d1c
Default of Credit Card Clients,16,rf,final-refit development,shap::bill_amount_may::mean_signed,0.0001501474095550251,outputs/interpretability/shap_summary_rf.csv,True,42.0,ccd-workflow-2026-08-24-v1:c3b2a2cd649f4d1c
Default of Credit Card Clients,16,rf,final-refit development,shap::bill_amount_may::direction_rho,-0.14353538622640835,outputs/interpretability/shap_summary_rf.csv,True,42.0,ccd-workflow-2026-08-24-v1:c3b2a2cd649f4d1c
Default of Credit Card Clients,16,rf,final-refit development,shap::bill_amount_may::rank,20.0,outputs/interpretability/shap_summary_rf.csv,True,42.0,ccd-workflow-2026-08-24-v1:c3b2a2cd649f4d1c
Default of Credit Card Clients,16,rf,final-refit development,shap::marital_status::mean_absolute,0.002219988680637093,outputs/interpretability/shap_summary_rf.csv,True,42.0,ccd-workflow-2026-08-24-v1:c3b2a2cd649f4d1c
Default of Credit Card Clients,16,rf,final-refit development,shap::marital_status::mean_signed,-0.00011143765405130496,outputs/interpretability/shap_summary_rf.csv,True,42.0,ccd-workflow-2026-08-24-v1:c3b2a2cd649f4d1c
Default of Credit Card Clients,16,rf,final-refit development,shap::marital_status::direction_rho,,outputs/interpretability/shap_summary_rf.csv,True,42.0,ccd-workflow-2026-08-24-v1:c3b2a2cd649f4d1c
Default of Credit Card Clients,16,rf,final-refit development,shap::marital_status::rank,21.0,outputs/interpretability/shap_summary_rf.csv,True,42.0,ccd-workflow-2026-08-24-v1:c3b2a2cd649f4d1c
Default of Credit Card Clients,16,rf,final-refit development,shap::sex::mean_absolute,0.001646479088665954,outputs/interpretability/shap_summary_rf.csv,True,42.0,ccd-workflow-2026-08-24-v1:c3b2a2cd649f4d1c
Default of Credit Card Clients,16,rf,final-refit development,shap::sex::mean_signed,-0.00014490227146871288,outputs/interpretability/shap_summary_rf.csv,True,42.0,ccd-workflow-2026-08-24-v1:c3b2a2cd649f4d1c
Default of Credit Card Clients,16,rf,final-refit development,shap::sex::direction_rho,-0.8062161299621725,outputs/interpretability/shap_summary_rf.csv,True,42.0,ccd-workflow-2026-08-24-v1:c3b2a2cd649f4d1c
Default of Credit Card Clients,16,rf,final-refit development,shap::sex::rank,22.0,outputs/interpretability/shap_summary_rf.csv,True,42.0,ccd-workflow-2026-08-24-v1:c3b2a2cd649f4d1c
Default of Credit Card Clients,16,rf,final-refit development,shap::education_level::mean_absolute,0.001603299778738001,outputs/interpretability/shap_summary_rf.csv,True,42.0,ccd-workflow-2026-08-24-v1:c3b2a2cd649f4d1c
Default of Credit Card Clients,16,rf,final-refit development,shap::education_level::mean_signed,0.00014212368999577357,outputs/interpretability/shap_summary_rf.csv,True,42.0,ccd-workflow-2026-08-24-v1:c3b2a2cd649f4d1c
Default of Credit Card Clients,16,rf,final-refit development,shap::education_level::direction_rho,,outputs/interpretability/shap_summary_rf.csv,True,42.0,ccd-workflow-2026-08-24-v1:c3b2a2cd649f4d1c
Default of Credit Card Clients,16,rf,final-refit development,shap::education_level::rank,23.0,outputs/interpretability/shap_summary_rf.csv,True,42.0,ccd-workflow-2026-08-24-v1:c3b2a2cd649f4d1c
Default of Credit Card Clients,16,rf,final-refit development,native::repayment_status_september::importance,0.3261698307483971,outputs/interpretability/native_importance_rf.csv,True,42.0,ccd-workflow-2026-08-24-v1:c3b2a2cd649f4d1c
Default of Credit Card Clients,16,rf,final-refit development,native::repayment_status_august::importance,0.13004765368879279,outputs/interpretability/native_importance_rf.csv,True,42.0,ccd-workflow-2026-08-24-v1:c3b2a2cd649f4d1c
Default of Credit Card Clients,16,rf,final-refit development,native::repayment_status_july::importance,0.058843468027543915,outputs/interpretability/native_importance_rf.csv,True,42.0,ccd-workflow-2026-08-24-v1:c3b2a2cd649f4d1c
Default of Credit Card Clients,16,rf,final-refit development,native::bill_amount_september::importance,0.040862947989554116,outputs/interpretability/native_importance_rf.csv,True,42.0,ccd-workflow-2026-08-24-v1:c3b2a2cd649f4d1c
Default of Credit Card Clients,16,rf,final-refit development,native::credit_limit::importance,0.03879013352298005,outputs/interpretability/native_importance_rf.csv,True,42.0,ccd-workflow-2026-08-24-v1:c3b2a2cd649f4d1c
Default of Credit Card Clients,16,rf,final-refit development,native::payment_amount_july::importance,0.03530718496600651,outputs/interpretability/native_importance_rf.csv,True,42.0,ccd-workflow-2026-08-24-v1:c3b2a2cd649f4d1c
Default of Credit Card Clients,16,rf,final-refit development,native::payment_amount_august::importance,0.03200979867266939,outputs/interpretability/native_importance_rf.csv,True,42.0,ccd-workflow-2026-08-24-v1:c3b2a2cd649f4d1c
Default of Credit Card Clients,16,rf,final-refit development,native::payment_amount_september::importance,0.03186444606953888,outputs/interpretability/native_importance_rf.csv,True,42.0,ccd-workflow-2026-08-24-v1:c3b2a2cd649f4d1c
Default of Credit Card Clients,16,rf,final-refit development,native::age::importance,0.030465021505984045,outputs/interpretability/native_importance_rf.csv,True,42.0,ccd-workflow-2026-08-24-v1:c3b2a2cd649f4d1c
Default of Credit Card Clients,16,rf,final-refit development,native::repayment_status_june::importance,0.030024204341496535,outputs/interpretability/native_importance_rf.csv,True,42.0,ccd-workflow-2026-08-24-v1:c3b2a2cd649f4d1c
Default of Credit Card Clients,16,rf,final-refit development,native::payment_amount_april::importance,0.026179762968283136,outputs/interpretability/native_importance_rf.csv,True,42.0,ccd-workflow-2026-08-24-v1:c3b2a2cd649f4d1c
Default of Credit Card Clients,16,rf,final-refit development,native::payment_amount_may::importance,0.02592823594570401,outputs/interpretability/native_importance_rf.csv,True,42.0,ccd-workflow-2026-08-24-v1:c3b2a2cd649f4d1c
Default of Credit Card Clients,16,rf,final-refit development,native::bill_amount_august::importance,0.025762979449819725,outputs/interpretability/native_importance_rf.csv,True,42.0,ccd-workflow-2026-08-24-v1:c3b2a2cd649f4d1c
Default of Credit Card Clients,16,rf,final-refit development,native::bill_amount_april::importance,0.02513868192626052,outputs/interpretability/native_importance_rf.csv,True,42.0,ccd-workflow-2026-08-24-v1:c3b2a2cd649f4d1c
Default of Credit Card Clients,16,rf,final-refit development,native::payment_amount_june::importance,0.023930227717568267,outputs/interpretability/native_importance_rf.csv,True,42.0,ccd-workflow-2026-08-24-v1:c3b2a2cd649f4d1c
Default of Credit Card Clients,16,rf,final-refit development,native::bill_amount_july::importance,0.022298569705682794,outputs/interpretability/native_importance_rf.csv,True,42.0,ccd-workflow-2026-08-24-v1:c3b2a2cd649f4d1c
Default of Credit Card Clients,16,rf,final-refit development,native::bill_amount_may::importance,0.021905422225349108,outputs/interpretability/native_importance_rf.csv,True,42.0,ccd-workflow-2026-08-24-v1:c3b2a2cd649f4d1c
Default of Credit Card Clients,16,rf,final-refit development,native::bill_amount_june::importance,0.02180520413248493,outputs/interpretability/native_importance_rf.csv,True,42.0,ccd-workflow-2026-08-24-v1:c3b2a2cd649f4d1c
Default of Credit Card Clients,16,rf,final-refit development,native::repayment_status_may::importance,0.019473529061715362,outputs/interpretability/native_importance_rf.csv,True,42.0,ccd-workflow-2026-08-24-v1:c3b2a2cd649f4d1c
Default of Credit Card Clients,16,rf,final-refit development,native::repayment_status_april::importance,0.01220916798668576,outputs/interpretability/native_importance_rf.csv,True,42.0,ccd-workflow-2026-08-24-v1:c3b2a2cd649f4d1c
Default of Credit Card Clients,16,rf,final-refit development,native::education_level::importance,0.009683844267113603,outputs/interpretability/native_importance_rf.csv,True,42.0,ccd-workflow-2026-08-24-v1:c3b2a2cd649f4d1c
Default of Credit Card Clients,16,rf,final-refit development,native::marital_status::importance,0.006170351092172312,outputs/interpretability/native_importance_rf.csv,True,42.0,ccd-workflow-2026-08-24-v1:c3b2a2cd649f4d1c
Default of Credit Card Clients,16,rf,final-refit development,native::sex::importance,0.005129333988197196,outputs/interpretability/native_importance_rf.csv,True,42.0,ccd-workflow-2026-08-24-v1:c3b2a2cd649f4d1c
Default of Credit Card Clients,16,xgb,cross-fitted development,permutation::repayment_status_september::mean,0.1864522172928974,outputs/interpretability/permutation_importance_xgb.csv,True,42.0,ccd-workflow-2026-08-24-v1:c3b2a2cd649f4d1c
Default of Credit Card Clients,16,xgb,cross-fitted development,permutation::repayment_status_september::sd,0.010297635587824858,outputs/interpretability/permutation_importance_xgb.csv,True,42.0,ccd-workflow-2026-08-24-v1:c3b2a2cd649f4d1c
Default of Credit Card Clients,16,xgb,cross-fitted development,permutation::repayment_status_september::rank,1.0,outputs/interpretability/permutation_importance_xgb.csv,True,42.0,ccd-workflow-2026-08-24-v1:c3b2a2cd649f4d1c
Default of Credit Card Clients,16,xgb,cross-fitted development,permutation::bill_amount_september::mean,0.011509076294740966,outputs/interpretability/permutation_importance_xgb.csv,True,42.0,ccd-workflow-2026-08-24-v1:c3b2a2cd649f4d1c
Default of Credit Card Clients,16,xgb,cross-fitted development,permutation::bill_amount_september::sd,0.0041974462049052495,outputs/interpretability/permutation_importance_xgb.csv,True,42.0,ccd-workflow-2026-08-24-v1:c3b2a2cd649f4d1c
Default of Credit Card Clients,16,xgb,cross-fitted development,permutation::bill_amount_september::rank,2.0,outputs/interpretability/permutation_importance_xgb.csv,True,42.0,ccd-workflow-2026-08-24-v1:c3b2a2cd649f4d1c
Default of Credit Card Clients,16,xgb,cross-fitted development,permutation::credit_limit::mean,0.011147598077894309,outputs/interpretability/permutation_importance_xgb.csv,True,42.0,ccd-workflow-2026-08-24-v1:c3b2a2cd649f4d1c
Default of Credit Card Clients,16,xgb,cross-fitted development,permutation::credit_limit::sd,0.002872648204728008,outputs/interpretability/permutation_importance_xgb.csv,True,42.0,ccd-workflow-2026-08-24-v1:c3b2a2cd649f4d1c
Default of Credit Card Clients,16,xgb,cross-fitted development,permutation::credit_limit::rank,3.0,outputs/interpretability/permutation_importance_xgb.csv,True,42.0,ccd-workflow-2026-08-24-v1:c3b2a2cd649f4d1c
Default of Credit Card Clients,16,xgb,cross-fitted development,permutation::repayment_status_august::mean,0.009464499940509435,outputs/interpretability/permutation_importance_xgb.csv,True,42.0,ccd-workflow-2026-08-24-v1:c3b2a2cd649f4d1c
Default of Credit Card Clients,16,xgb,cross-fitted development,permutation::repayment_status_august::sd,0.0035711933222290788,outputs/interpretability/permutation_importance_xgb.csv,True,42.0,ccd-workflow-2026-08-24-v1:c3b2a2cd649f4d1c
Default of Credit Card Clients,16,xgb,cross-fitted development,permutation::repayment_status_august::rank,4.0,outputs/interpretability/permutation_importance_xgb.csv,True,42.0,ccd-workflow-2026-08-24-v1:c3b2a2cd649f4d1c
Default of Credit Card Clients,16,xgb,cross-fitted development,permutation::payment_amount_july::mean,0.005044503801776897,outputs/interpretability/permutation_importance_xgb.csv,True,42.0,ccd-workflow-2026-08-24-v1:c3b2a2cd649f4d1c
Default of Credit Card Clients,16,xgb,cross-fitted development,permutation::payment_amount_july::sd,0.0023538263189673524,outputs/interpretability/permutation_importance_xgb.csv,True,42.0,ccd-workflow-2026-08-24-v1:c3b2a2cd649f4d1c
Default of Credit Card Clients,16,xgb,cross-fitted development,permutation::payment_amount_july::rank,5.0,outputs/interpretability/permutation_importance_xgb.csv,True,42.0,ccd-workflow-2026-08-24-v1:c3b2a2cd649f4d1c
Default of Credit Card Clients,16,xgb,cross-fitted development,permutation::repayment_status_july::mean,0.004720092074937389,outputs/interpretability/permutation_importance_xgb.csv,True,42.0,ccd-workflow-2026-08-24-v1:c3b2a2cd649f4d1c
Default of Credit Card Clients,16,xgb,cross-fitted development,permutation::repayment_status_july::sd,0.0036811843393802935,outputs/interpretability/permutation_importance_xgb.csv,True,42.0,ccd-workflow-2026-08-24-v1:c3b2a2cd649f4d1c
Default of Credit Card Clients,16,xgb,cross-fitted development,permutation::repayment_status_july::rank,6.0,outputs/interpretability/permutation_importance_xgb.csv,True,42.0,ccd-workflow-2026-08-24-v1:c3b2a2cd649f4d1c
Default of Credit Card Clients,16,xgb,cross-fitted development,permutation::payment_amount_september::mean,0.0037340061421253204,outputs/interpretability/permutation_importance_xgb.csv,True,42.0,ccd-workflow-2026-08-24-v1:c3b2a2cd649f4d1c
Default of Credit Card Clients,16,xgb,cross-fitted development,permutation::payment_amount_september::sd,0.002522788003140993,outputs/interpretability/permutation_importance_xgb.csv,True,42.0,ccd-workflow-2026-08-24-v1:c3b2a2cd649f4d1c
Default of Credit Card Clients,16,xgb,cross-fitted development,permutation::payment_amount_september::rank,7.0,outputs/interpretability/permutation_importance_xgb.csv,True,42.0,ccd-workflow-2026-08-24-v1:c3b2a2cd649f4d1c
Default of Credit Card Clients,16,xgb,cross-fitted development,permutation::payment_amount_august::mean,0.0035398870656435906,outputs/interpretability/permutation_importance_xgb.csv,True,42.0,ccd-workflow-2026-08-24-v1:c3b2a2cd649f4d1c
Default of Credit Card Clients,16,xgb,cross-fitted development,permutation::payment_amount_august::sd,0.002408906575080114,outputs/interpretability/permutation_importance_xgb.csv,True,42.0,ccd-workflow-2026-08-24-v1:c3b2a2cd649f4d1c
Default of Credit Card Clients,16,xgb,cross-fitted development,permutation::payment_amount_august::rank,8.0,outputs/interpretability/permutation_importance_xgb.csv,True,42.0,ccd-workflow-2026-08-24-v1:c3b2a2cd649f4d1c
Default of Credit Card Clients,16,xgb,cross-fitted development,permutation::repayment_status_june::mean,0.0034201801414920365,outputs/interpretability/permutation_importance_xgb.csv,True,42.0,ccd-workflow-2026-08-24-v1:c3b2a2cd649f4d1c
Default of Credit Card Clients,16,xgb,cross-fitted development,permutation::repayment_status_june::sd,0.00157230171197126,outputs/interpretability/permutation_importance_xgb.csv,True,42.0,ccd-workflow-2026-08-24-v1:c3b2a2cd649f4d1c
Default of Credit Card Clients,16,xgb,cross-fitted development,permutation::repayment_status_june::rank,9.0,outputs/interpretability/permutation_importance_xgb.csv,True,42.0,ccd-workflow-2026-08-24-v1:c3b2a2cd649f4d1c
Default of Credit Card Clients,16,xgb,cross-fitted development,permutation::repayment_status_april::mean,0.002864162470339691,outputs/interpretability/permutation_importance_xgb.csv,True,42.0,ccd-workflow-2026-08-24-v1:c3b2a2cd649f4d1c
Default of Credit Card Clients,16,xgb,cross-fitted development,permutation::repayment_status_april::sd,0.0015075628699965397,outputs/interpretability/permutation_importance_xgb.csv,True,42.0,ccd-workflow-2026-08-24-v1:c3b2a2cd649f4d1c
Default of Credit Card Clients,16,xgb,cross-fitted development,permutation::repayment_status_april::rank,10.0,outputs/interpretability/permutation_importance_xgb.csv,True,42.0,ccd-workflow-2026-08-24-v1:c3b2a2cd649f4d1c
Default of Credit Card Clients,16,xgb,cross-fitted development,permutation::repayment_status_may::mean,0.0024454475038330516,outputs/interpretability/permutation_importance_xgb.csv,True,42.0,ccd-workflow-2026-08-24-v1:c3b2a2cd649f4d1c
Default of Credit Card Clients,16,xgb,cross-fitted development,permutation::repayment_status_may::sd,0.0019462759165719008,outputs/interpretability/permutation_importance_xgb.csv,True,42.0,ccd-workflow-2026-08-24-v1:c3b2a2cd649f4d1c
Default of Credit Card Clients,16,xgb,cross-fitted development,permutation::repayment_status_may::rank,11.0,outputs/interpretability/permutation_importance_xgb.csv,True,42.0,ccd-workflow-2026-08-24-v1:c3b2a2cd649f4d1c
Default of Credit Card Clients,16,xgb,cross-fitted development,permutation::education_level::mean,0.002433632732750969,outputs/interpretability/permutation_importance_xgb.csv,True,42.0,ccd-workflow-2026-08-24-v1:c3b2a2cd649f4d1c
Default of Credit Card Clients,16,xgb,cross-fitted development,permutation::education_level::sd,0.0027604202168396773,outputs/interpretability/permutation_importance_xgb.csv,True,42.0,ccd-workflow-2026-08-24-v1:c3b2a2cd649f4d1c
Default of Credit Card Clients,16,xgb,cross-fitted development,permutation::education_level::rank,12.0,outputs/interpretability/permutation_importance_xgb.csv,True,42.0,ccd-workflow-2026-08-24-v1:c3b2a2cd649f4d1c
Default of Credit Card Clients,16,xgb,cross-fitted development,permutation::age::mean,0.0017289411117468608,outputs/interpretability/permutation_importance_xgb.csv,True,42.0,ccd-workflow-2026-08-24-v1:c3b2a2cd649f4d1c
Default of Credit Card Clients,16,xgb,cross-fitted development,permutation::age::sd,0.0023542568726551603,outputs/interpretability/permutation_importance_xgb.csv,True,42.0,ccd-workflow-2026-08-24-v1:c3b2a2cd649f4d1c
Default of Credit Card Clients,16,xgb,cross-fitted development,permutation::age::rank,13.0,outputs/interpretability/permutation_importance_xgb.csv,True,42.0,ccd-workflow-2026-08-24-v1:c3b2a2cd649f4d1c
Default of Credit Card Clients,16,xgb,cross-fitted development,permutation::payment_amount_june::mean,0.0016436618007423071,outputs/interpretability/permutation_importance_xgb.csv,True,42.0,ccd-workflow-2026-08-24-v1:c3b2a2cd649f4d1c
Default of Credit Card Clients,16,xgb,cross-fitted development,permutation::payment_amount_june::sd,0.0015385002553837636,outputs/interpretability/permutation_importance_xgb.csv,True,42.0,ccd-workflow-2026-08-24-v1:c3b2a2cd649f4d1c
Default of Credit Card Clients,16,xgb,cross-fitted development,permutation::payment_amount_june::rank,14.0,outputs/interpretability/permutation_importance_xgb.csv,True,42.0,ccd-workflow-2026-08-24-v1:c3b2a2cd649f4d1c
Default of Credit Card Clients,16,xgb,cross-fitted development,permutation::payment_amount_may::mean,0.0016325446844021225,outputs/interpretability/permutation_importance_xgb.csv,True,42.0,ccd-workflow-2026-08-24-v1:c3b2a2cd649f4d1c
Default of Credit Card Clients,16,xgb,cross-fitted development,permutation::payment_amount_may::sd,0.0019829993812995484,outputs/interpretability/permutation_importance_xgb.csv,True,42.0,ccd-workflow-2026-08-24-v1:c3b2a2cd649f4d1c
Default of Credit Card Clients,16,xgb,cross-fitted development,permutation::payment_amount_may::rank,15.0,outputs/interpretability/permutation_importance_xgb.csv,True,42.0,ccd-workflow-2026-08-24-v1:c3b2a2cd649f4d1c
Default of Credit Card Clients,16,xgb,cross-fitted development,permutation::bill_amount_june::mean,0.0013309424321801858,outputs/interpretability/permutation_importance_xgb.csv,True,42.0,ccd-workflow-2026-08-24-v1:c3b2a2cd649f4d1c
Default of Credit Card Clients,16,xgb,cross-fitted development,permutation::bill_amount_june::sd,0.001354770506154541,outputs/interpretability/permutation_importance_xgb.csv,True,42.0,ccd-workflow-2026-08-24-v1:c3b2a2cd649f4d1c
Default of Credit Card Clients,16,xgb,cross-fitted development,permutation::bill_amount_june::rank,16.0,outputs/interpretability/permutation_importance_xgb.csv,True,42.0,ccd-workflow-2026-08-24-v1:c3b2a2cd649f4d1c
Default of Credit Card Clients,16,xgb,cross-fitted development,permutation::bill_amount_april::mean,0.0010178852940918152,outputs/interpretability/permutation_importance_xgb.csv,True,42.0,ccd-workflow-2026-08-24-v1:c3b2a2cd649f4d1c
Default of Credit Card Clients,16,xgb,cross-fitted development,permutation::bill_amount_april::sd,0.0018857563511346586,outputs/interpretability/permutation_importance_xgb.csv,True,42.0,ccd-workflow-2026-08-24-v1:c3b2a2cd649f4d1c
Default of Credit Card Clients,16,xgb,cross-fitted development,permutation::bill_amount_april::rank,17.0,outputs/interpretability/permutation_importance_xgb.csv,True,42.0,ccd-workflow-2026-08-24-v1:c3b2a2cd649f4d1c
Default of Credit Card Clients,16,xgb,cross-fitted development,permutation::bill_amount_august::mean,0.0008863713806875895,outputs/interpretability/permutation_importance_xgb.csv,True,42.0,ccd-workflow-2026-08-24-v1:c3b2a2cd649f4d1c
Default of Credit Card Clients,16,xgb,cross-fitted development,permutation::bill_amount_august::sd,0.0018128699110646445,outputs/interpretability/permutation_importance_xgb.csv,True,42.0,ccd-workflow-2026-08-24-v1:c3b2a2cd649f4d1c
Default of Credit Card Clients,16,xgb,cross-fitted development,permutation::bill_amount_august::rank,18.0,outputs/interpretability/permutation_importance_xgb.csv,True,42.0,ccd-workflow-2026-08-24-v1:c3b2a2cd649f4d1c
Default of Credit Card Clients,16,xgb,cross-fitted development,permutation::bill_amount_july::mean,0.0005652141680003779,outputs/interpretability/permutation_importance_xgb.csv,True,42.0,ccd-workflow-2026-08-24-v1:c3b2a2cd649f4d1c
Default of Credit Card Clients,16,xgb,cross-fitted development,permutation::bill_amount_july::sd,0.0013145780836986425,outputs/interpretability/permutation_importance_xgb.csv,True,42.0,ccd-workflow-2026-08-24-v1:c3b2a2cd649f4d1c
Default of Credit Card Clients,16,xgb,cross-fitted development,permutation::bill_amount_july::rank,19.0,outputs/interpretability/permutation_importance_xgb.csv,True,42.0,ccd-workflow-2026-08-24-v1:c3b2a2cd649f4d1c
Default of Credit Card Clients,16,xgb,cross-fitted development,permutation::payment_amount_april::mean,0.0004622604338700313,outputs/interpretability/permutation_importance_xgb.csv,True,42.0,ccd-workflow-2026-08-24-v1:c3b2a2cd649f4d1c
Default of Credit Card Clients,16,xgb,cross-fitted development,permutation::payment_amount_april::sd,0.0017739078597460683,outputs/interpretability/permutation_importance_xgb.csv,True,42.0,ccd-workflow-2026-08-24-v1:c3b2a2cd649f4d1c
Default of Credit Card Clients,16,xgb,cross-fitted development,permutation::payment_amount_april::rank,20.0,outputs/interpretability/permutation_importance_xgb.csv,True,42.0,ccd-workflow-2026-08-24-v1:c3b2a2cd649f4d1c
Default of Credit Card Clients,16,xgb,cross-fitted development,permutation::marital_status::mean,9.119482251462493e-05,outputs/interpretability/permutation_importance_xgb.csv,True,42.0,ccd-workflow-2026-08-24-v1:c3b2a2cd649f4d1c
Default of Credit Card Clients,16,xgb,cross-fitted development,permutation::marital_status::sd,0.001277528204151057,outputs/interpretability/permutation_importance_xgb.csv,True,42.0,ccd-workflow-2026-08-24-v1:c3b2a2cd649f4d1c
Default of Credit Card Clients,16,xgb,cross-fitted development,permutation::marital_status::rank,21.0,outputs/interpretability/permutation_importance_xgb.csv,True,42.0,ccd-workflow-2026-08-24-v1:c3b2a2cd649f4d1c
Default of Credit Card Clients,16,xgb,cross-fitted development,permutation::sex::mean,5.995468405525821e-05,outputs/interpretability/permutation_importance_xgb.csv,True,42.0,ccd-workflow-2026-08-24-v1:c3b2a2cd649f4d1c
Default of Credit Card Clients,16,xgb,cross-fitted development,permutation::sex::sd,0.0009023218352819505,outputs/interpretability/permutation_importance_xgb.csv,True,42.0,ccd-workflow-2026-08-24-v1:c3b2a2cd649f4d1c
Default of Credit Card Clients,16,xgb,cross-fitted development,permutation::sex::rank,22.0,outputs/interpretability/permutation_importance_xgb.csv,True,42.0,ccd-workflow-2026-08-24-v1:c3b2a2cd649f4d1c
Default of Credit Card Clients,16,xgb,cross-fitted development,permutation::bill_amount_may::mean,-0.00014529411688079494,outputs/interpretability/permutation_importance_xgb.csv,True,42.0,ccd-workflow-2026-08-24-v1:c3b2a2cd649f4d1c
Default of Credit Card Clients,16,xgb,cross-fitted development,permutation::bill_amount_may::sd,0.0014075818111039429,outputs/interpretability/permutation_importance_xgb.csv,True,42.0,ccd-workflow-2026-08-24-v1:c3b2a2cd649f4d1c
Default of Credit Card Clients,16,xgb,cross-fitted development,permutation::bill_amount_may::rank,23.0,outputs/interpretability/permutation_importance_xgb.csv,True,42.0,ccd-workflow-2026-08-24-v1:c3b2a2cd649f4d1c
Default of Credit Card Clients,16,xgb,final-refit development,shap::repayment_status_september::mean_absolute,0.3448149779290881,outputs/interpretability/shap_summary_xgb.csv,True,42.0,ccd-workflow-2026-08-24-v1:c3b2a2cd649f4d1c
Default of Credit Card Clients,16,xgb,final-refit development,shap::repayment_status_september::mean_signed,-0.03963575909184124,outputs/interpretability/shap_summary_xgb.csv,True,42.0,ccd-workflow-2026-08-24-v1:c3b2a2cd649f4d1c
Default of Credit Card Clients,16,xgb,final-refit development,shap::repayment_status_september::direction_rho,0.26528872992573477,outputs/interpretability/shap_summary_xgb.csv,True,42.0,ccd-workflow-2026-08-24-v1:c3b2a2cd649f4d1c
Default of Credit Card Clients,16,xgb,final-refit development,shap::repayment_status_september::rank,1.0,outputs/interpretability/shap_summary_xgb.csv,True,42.0,ccd-workflow-2026-08-24-v1:c3b2a2cd649f4d1c
Default of Credit Card Clients,16,xgb,final-refit development,shap::credit_limit::mean_absolute,0.21280437253790063,outputs/interpretability/shap_summary_xgb.csv,True,42.0,ccd-workflow-2026-08-24-v1:c3b2a2cd649f4d1c
Default of Credit Card Clients,16,xgb,final-refit development,shap::credit_limit::mean_signed,-0.03868521983997407,outputs/interpretability/shap_summary_xgb.csv,True,42.0,ccd-workflow-2026-08-24-v1:c3b2a2cd649f4d1c
Default of Credit Card Clients,16,xgb,final-refit development,shap::credit_limit::direction_rho,-0.959263237435241,outputs/interpretability/shap_summary_xgb.csv,True,42.0,ccd-workflow-2026-08-24-v1:c3b2a2cd649f4d1c
Default of Credit Card Clients,16,xgb,final-refit development,shap::credit_limit::rank,2.0,outputs/interpretability/shap_summary_xgb.csv,True,42.0,ccd-workflow-2026-08-24-v1:c3b2a2cd649f4d1c
Default of Credit Card Clients,16,xgb,final-refit development,shap::bill_amount_september::mean_absolute,0.1303628795598591,outputs/interpretability/shap_summary_xgb.csv,True,42.0,ccd-workflow-2026-08-24-v1:c3b2a2cd649f4d1c
Default of Credit Card Clients,16,xgb,final-refit development,shap::bill_amount_september::mean_signed,0.0012687951192114817,outputs/interpretability/shap_summary_xgb.csv,True,42.0,ccd-workflow-2026-08-24-v1:c3b2a2cd649f4d1c
Default of Credit Card Clients,16,xgb,final-refit development,shap::bill_amount_september::direction_rho,-0.2785733373738555,outputs/interpretability/shap_summary_xgb.csv,True,42.0,ccd-workflow-2026-08-24-v1:c3b2a2cd649f4d1c
Default of Credit Card Clients,16,xgb,final-refit development,shap::bill_amount_september::rank,3.0,outputs/interpretability/shap_summary_xgb.csv,True,42.0,ccd-workflow-2026-08-24-v1:c3b2a2cd649f4d1c
Default of Credit Card Clients,16,xgb,final-refit development,shap::payment_amount_august::mean_absolute,0.09576595862020153,outputs/interpretability/shap_summary_xgb.csv,True,42.0,ccd-workflow-2026-08-24-v1:c3b2a2cd649f4d1c
Default of Credit Card Clients,16,xgb,final-refit development,shap::payment_amount_august::mean_signed,-0.009287482067469426,outputs/interpretability/shap_summary_xgb.csv,True,42.0,ccd-workflow-2026-08-24-v1:c3b2a2cd649f4d1c
Default of Credit Card Clients,16,xgb,final-refit development,shap::payment_amount_august::direction_rho,-0.9309797868254149,outputs/interpretability/shap_summary_xgb.csv,True,42.0,ccd-workflow-2026-08-24-v1:c3b2a2cd649f4d1c
Default of Credit Card Clients,16,xgb,final-refit development,shap::payment_amount_august::rank,4.0,outputs/interpretability/shap_summary_xgb.csv,True,42.0,ccd-workflow-2026-08-24-v1:c3b2a2cd649f4d1c
Default of Credit Card Clients,16,xgb,final-refit development,shap::repayment_status_august::mean_absolute,0.09354073186042841,outputs/interpretability/shap_summary_xgb.csv,True,42.0,ccd-workflow-2026-08-24-v1:c3b2a2cd649f4d1c
Default of Credit Card Clients,16,xgb,final-refit development,shap::repayment_status_august::mean_signed,0.029951565506709906,outputs/interpretability/shap_summary_xgb.csv,True,42.0,ccd-workflow-2026-08-24-v1:c3b2a2cd649f4d1c
Default of Credit Card Clients,16,xgb,final-refit development,shap::repayment_status_august::direction_rho,0.7824663169017624,outputs/interpretability/shap_summary_xgb.csv,True,42.0,ccd-workflow-2026-08-24-v1:c3b2a2cd649f4d1c
Default of Credit Card Clients,16,xgb,final-refit development,shap::repayment_status_august::rank,5.0,outputs/interpretability/shap_summary_xgb.csv,True,42.0,ccd-workflow-2026-08-24-v1:c3b2a2cd649f4d1c
Default of Credit Card Clients,16,xgb,final-refit development,shap::payment_amount_september::mean_absolute,0.0933983893979699,outputs/interpretability/shap_summary_xgb.csv,True,42.0,ccd-workflow-2026-08-24-v1:c3b2a2cd649f4d1c
Default of Credit Card Clients,16,xgb,final-refit development,shap::payment_amount_september::mean_signed,-0.007507522409284029,outputs/interpretability/shap_summary_xgb.csv,True,42.0,ccd-workflow-2026-08-24-v1:c3b2a2cd649f4d1c
Default of Credit Card Clients,16,xgb,final-refit development,shap::payment_amount_september::direction_rho,-0.9432695428777306,outputs/interpretability/shap_summary_xgb.csv,True,42.0,ccd-workflow-2026-08-24-v1:c3b2a2cd649f4d1c
Default of Credit Card Clients,16,xgb,final-refit development,shap::payment_amount_september::rank,6.0,outputs/interpretability/shap_summary_xgb.csv,True,42.0,ccd-workflow-2026-08-24-v1:c3b2a2cd649f4d1c
Default of Credit Card Clients,16,xgb,final-refit development,shap::payment_amount_july::mean_absolute,0.08524831654045235,outputs/interpretability/shap_summary_xgb.csv,True,42.0,ccd-workflow-2026-08-24-v1:c3b2a2cd649f4d1c
Default of Credit Card Clients,16,xgb,final-refit development,shap::payment_amount_july::mean_signed,-0.008148658548614404,outputs/interpretability/shap_summary_xgb.csv,True,42.0,ccd-workflow-2026-08-24-v1:c3b2a2cd649f4d1c
Default of Credit Card Clients,16,xgb,final-refit development,shap::payment_amount_july::direction_rho,-0.8722638683363826,outputs/interpretability/shap_summary_xgb.csv,True,42.0,ccd-workflow-2026-08-24-v1:c3b2a2cd649f4d1c
Default of Credit Card Clients,16,xgb,final-refit development,shap::payment_amount_july::rank,7.0,outputs/interpretability/shap_summary_xgb.csv,True,42.0,ccd-workflow-2026-08-24-v1:c3b2a2cd649f4d1c
Default of Credit Card Clients,16,xgb,final-refit development,shap::repayment_status_july::mean_absolute,0.06732603045335131,outputs/interpretability/shap_summary_xgb.csv,True,42.0,ccd-workflow-2026-08-24-v1:c3b2a2cd649f4d1c
Default of Credit Card Clients,16,xgb,final-refit development,shap::repayment_status_july::mean_signed,0.011051019796901127,outputs/interpretability/shap_summary_xgb.csv,True,42.0,ccd-workflow-2026-08-24-v1:c3b2a2cd649f4d1c
Default of Credit Card Clients,16,xgb,final-refit development,shap::repayment_status_july::direction_rho,0.9098965502955604,outputs/interpretability/shap_summary_xgb.csv,True,42.0,ccd-workflow-2026-08-24-v1:c3b2a2cd649f4d1c
Default of Credit Card Clients,16,xgb,final-refit development,shap::repayment_status_july::rank,8.0,outputs/interpretability/shap_summary_xgb.csv,True,42.0,ccd-workflow-2026-08-24-v1:c3b2a2cd649f4d1c
Default of Credit Card Clients,16,xgb,final-refit development,shap::repayment_status_june::mean_absolute,0.0597715410245053,outputs/interpretability/shap_summary_xgb.csv,True,42.0,ccd-workflow-2026-08-24-v1:c3b2a2cd649f4d1c
Default of Credit Card Clients,16,xgb,final-refit development,shap::repayment_status_june::mean_signed,0.001731559272552003,outputs/interpretability/shap_summary_xgb.csv,True,42.0,ccd-workflow-2026-08-24-v1:c3b2a2cd649f4d1c
Default of Credit Card Clients,16,xgb,final-refit development,shap::repayment_status_june::direction_rho,0.8610408976971995,outputs/interpretability/shap_summary_xgb.csv,True,42.0,ccd-workflow-2026-08-24-v1:c3b2a2cd649f4d1c
Default of Credit Card Clients,16,xgb,final-refit development,shap::repayment_status_june::rank,9.0,outputs/interpretability/shap_summary_xgb.csv,True,42.0,ccd-workflow-2026-08-24-v1:c3b2a2cd649f4d1c
Default of Credit Card Clients,16,xgb,final-refit development,shap::repayment_status_may::mean_absolute,0.05836118770792797,outputs/interpretability/shap_summary_xgb.csv,True,42.0,ccd-workflow-2026-08-24-v1:c3b2a2cd649f4d1c
Default of Credit Card Clients,16,xgb,final-refit development,shap::repayment_status_may::mean_signed,-0.005650037688886588,outputs/interpretability/shap_summary_xgb.csv,True,42.0,ccd-workflow-2026-08-24-v1:c3b2a2cd649f4d1c
Default of Credit Card Clients,16,xgb,final-refit development,shap::repayment_status_may::direction_rho,0.27078654537315716,outputs/interpretability/shap_summary_xgb.csv,True,42.0,ccd-workflow-2026-08-24-v1:c3b2a2cd649f4d1c
Default of Credit Card Clients,16,xgb,final-refit development,shap::repayment_status_may::rank,10.0,outputs/interpretability/shap_summary_xgb.csv,True,42.0,ccd-workflow-2026-08-24-v1:c3b2a2cd649f4d1c
Default of Credit Card Clients,16,xgb,final-refit development,shap::payment_amount_april::mean_absolute,0.05683828160568986,outputs/interpretability/shap_summary_xgb.csv,True,42.0,ccd-workflow-2026-08-24-v1:c3b2a2cd649f4d1c
Default of Credit Card Clients,16,xgb,final-refit development,shap::payment_amount_april::mean_signed,-0.0011957382013811546,outputs/interpretability/shap_summary_xgb.csv,True,42.0,ccd-workflow-2026-08-24-v1:c3b2a2cd649f4d1c
Default of Credit Card Clients,16,xgb,final-refit development,shap::payment_amount_april::direction_rho,-0.9281150808751175,outputs/interpretability/shap_summary_xgb.csv,True,42.0,ccd-workflow-2026-08-24-v1:c3b2a2cd649f4d1c
Default of Credit Card Clients,16,xgb,final-refit development,shap::payment_amount_april::rank,11.0,outputs/interpretability/shap_summary_xgb.csv,True,42.0,ccd-workflow-2026-08-24-v1:c3b2a2cd649f4d1c
Default of Credit Card Clients,16,xgb,final-refit development,shap::payment_amount_may::mean_absolute,0.05256244853471368,outputs/interpretability/shap_summary_xgb.csv,True,42.0,ccd-workflow-2026-08-24-v1:c3b2a2cd649f4d1c
Default of Credit Card Clients,16,xgb,final-refit development,shap::payment_amount_may::mean_signed,-0.005042191542609462,outputs/interpretability/shap_summary_xgb.csv,True,42.0,ccd-workflow-2026-08-24-v1:c3b2a2cd649f4d1c
Default of Credit Card Clients,16,xgb,final-refit development,shap::payment_amount_may::direction_rho,-0.904685286707053,outputs/interpretability/shap_summary_xgb.csv,True,42.0,ccd-workflow-2026-08-24-v1:c3b2a2cd649f4d1c
Default of Credit Card Clients,16,xgb,final-refit development,shap::payment_amount_may::rank,12.0,outputs/interpretability/shap_summary_xgb.csv,True,42.0,ccd-workflow-2026-08-24-v1:c3b2a2cd649f4d1c
Default of Credit Card Clients,16,xgb,final-refit development,shap::repayment_status_april::mean_absolute,0.0476909784285387,outputs/interpretability/shap_summary_xgb.csv,True,42.0,ccd-workflow-2026-08-24-v1:c3b2a2cd649f4d1c
Default of Credit Card Clients,16,xgb,final-refit development,shap::repayment_status_april::mean_signed,-0.004116493182144596,outputs/interpretability/shap_summary_xgb.csv,True,42.0,ccd-workflow-2026-08-24-v1:c3b2a2cd649f4d1c
Default of Credit Card Clients,16,xgb,final-refit development,shap::repayment_status_april::direction_rho,0.3193883336297556,outputs/interpretability/shap_summary_xgb.csv,True,42.0,ccd-workflow-2026-08-24-v1:c3b2a2cd649f4d1c
Default of Credit Card Clients,16,xgb,final-refit development,shap::repayment_status_april::rank,13.0,outputs/interpretability/shap_summary_xgb.csv,True,42.0,ccd-workflow-2026-08-24-v1:c3b2a2cd649f4d1c
Default of Credit Card Clients,16,xgb,final-refit development,shap::marital_status::mean_absolute,0.04483540691961353,outputs/interpretability/shap_summary_xgb.csv,True,42.0,ccd-workflow-2026-08-24-v1:c3b2a2cd649f4d1c
Default of Credit Card Clients,16,xgb,final-refit development,shap::marital_status::mean_signed,-0.0035246001722828283,outputs/interpretability/shap_summary_xgb.csv,True,42.0,ccd-workflow-2026-08-24-v1:c3b2a2cd649f4d1c
Default of Credit Card Clients,16,xgb,final-refit development,shap::marital_status::direction_rho,,outputs/interpretability/shap_summary_xgb.csv,True,42.0,ccd-workflow-2026-08-24-v1:c3b2a2cd649f4d1c
Default of Credit Card Clients,16,xgb,final-refit development,shap::marital_status::rank,14.0,outputs/interpretability/shap_summary_xgb.csv,True,42.0,ccd-workflow-2026-08-24-v1:c3b2a2cd649f4d1c
Default of Credit Card Clients,16,xgb,final-refit development,shap::bill_amount_august::mean_absolute,0.04231980272232516,outputs/interpretability/shap_summary_xgb.csv,True,42.0,ccd-workflow-2026-08-24-v1:c3b2a2cd649f4d1c
Default of Credit Card Clients,16,xgb,final-refit development,shap::bill_amount_august::mean_signed,0.004745405410497696,outputs/interpretability/shap_summary_xgb.csv,True,42.0,ccd-workflow-2026-08-24-v1:c3b2a2cd649f4d1c
Default of Credit Card Clients,16,xgb,final-refit development,shap::bill_amount_august::direction_rho,0.3740115082441369,outputs/interpretability/shap_summary_xgb.csv,True,42.0,ccd-workflow-2026-08-24-v1:c3b2a2cd649f4d1c
Default of Credit Card Clients,16,xgb,final-refit development,shap::bill_amount_august::rank,15.0,outputs/interpretability/shap_summary_xgb.csv,True,42.0,ccd-workflow-2026-08-24-v1:c3b2a2cd649f4d1c
Default of Credit Card Clients,16,xgb,final-refit development,shap::payment_amount_june::mean_absolute,0.04018133118584578,outputs/interpretability/shap_summary_xgb.csv,True,42.0,ccd-workflow-2026-08-24-v1:c3b2a2cd649f4d1c
Default of Credit Card Clients,16,xgb,final-refit development,shap::payment_amount_june::mean_signed,0.0060839547432606925,outputs/interpretability/shap_summary_xgb.csv,True,42.0,ccd-workflow-2026-08-24-v1:c3b2a2cd649f4d1c
Default of Credit Card Clients,16,xgb,final-refit development,shap::payment_amount_june::direction_rho,-0.7274673478371954,outputs/interpretability/shap_summary_xgb.csv,True,42.0,ccd-workflow-2026-08-24-v1:c3b2a2cd649f4d1c
Default of Credit Card Clients,16,xgb,final-refit development,shap::payment_amount_june::rank,16.0,outputs/interpretability/shap_summary_xgb.csv,True,42.0,ccd-workflow-2026-08-24-v1:c3b2a2cd649f4d1c
Default of Credit Card Clients,16,xgb,final-refit development,shap::bill_amount_july::mean_absolute,0.035132583964776205,outputs/interpretability/shap_summary_xgb.csv,True,42.0,ccd-workflow-2026-08-24-v1:c3b2a2cd649f4d1c
Default of Credit Card Clients,16,xgb,final-refit development,shap::bill_amount_july::mean_signed,0.0026545275466416203,outputs/interpretability/shap_summary_xgb.csv,True,42.0,ccd-workflow-2026-08-24-v1:c3b2a2cd649f4d1c
Default of Credit Card Clients,16,xgb,final-refit development,shap::bill_amount_july::direction_rho,0.833271047932508,outputs/interpretability/shap_summary_xgb.csv,True,42.0,ccd-workflow-2026-08-24-v1:c3b2a2cd649f4d1c
Default of Credit Card Clients,16,xgb,final-refit development,shap::bill_amount_july::rank,17.0,outputs/interpretability/shap_summary_xgb.csv,True,42.0,ccd-workflow-2026-08-24-v1:c3b2a2cd649f4d1c
Default of Credit Card Clients,16,xgb,final-refit development,shap::bill_amount_april::mean_absolute,0.0349796722228306,outputs/interpretability/shap_summary_xgb.csv,True,42.0,ccd-workflow-2026-08-24-v1:c3b2a2cd649f4d1c
Default of Credit Card Clients,16,xgb,final-refit development,shap::bill_amount_april::mean_signed,0.0016180860089196809,outputs/interpretability/shap_summary_xgb.csv,True,42.0,ccd-workflow-2026-08-24-v1:c3b2a2cd649f4d1c
Default of Credit Card Clients,16,xgb,final-refit development,shap::bill_amount_april::direction_rho,0.8650123227104186,outputs/interpretability/shap_summary_xgb.csv,True,42.0,ccd-workflow-2026-08-24-v1:c3b2a2cd649f4d1c
Default of Credit Card Clients,16,xgb,final-refit development,shap::bill_amount_april::rank,18.0,outputs/interpretability/shap_summary_xgb.csv,True,42.0,ccd-workflow-2026-08-24-v1:c3b2a2cd649f4d1c
Default of Credit Card Clients,16,xgb,final-refit development,shap::sex::mean_absolute,0.03401217850176978,outputs/interpretability/shap_summary_xgb.csv,True,42.0,ccd-workflow-2026-08-24-v1:c3b2a2cd649f4d1c
Default of Credit Card Clients,16,xgb,final-refit development,shap::sex::mean_signed,-0.0035453003473639184,outputs/interpretability/shap_summary_xgb.csv,True,42.0,ccd-workflow-2026-08-24-v1:c3b2a2cd649f4d1c
Default of Credit Card Clients,16,xgb,final-refit development,shap::sex::direction_rho,-0.8465172356991776,outputs/interpretability/shap_summary_xgb.csv,True,42.0,ccd-workflow-2026-08-24-v1:c3b2a2cd649f4d1c
Default of Credit Card Clients,16,xgb,final-refit development,shap::sex::rank,19.0,outputs/interpretability/shap_summary_xgb.csv,True,42.0,ccd-workflow-2026-08-24-v1:c3b2a2cd649f4d1c
Default of Credit Card Clients,16,xgb,final-refit development,shap::education_level::mean_absolute,0.030863992513271918,outputs/interpretability/shap_summary_xgb.csv,True,42.0,ccd-workflow-2026-08-24-v1:c3b2a2cd649f4d1c
Default of Credit Card Clients,16,xgb,final-refit development,shap::education_level::mean_signed,0.005037553297323212,outputs/interpretability/shap_summary_xgb.csv,True,42.0,ccd-workflow-2026-08-24-v1:c3b2a2cd649f4d1c
Default of Credit Card Clients,16,xgb,final-refit development,shap::education_level::direction_rho,,outputs/interpretability/shap_summary_xgb.csv,True,42.0,ccd-workflow-2026-08-24-v1:c3b2a2cd649f4d1c
Default of Credit Card Clients,16,xgb,final-refit development,shap::education_level::rank,20.0,outputs/interpretability/shap_summary_xgb.csv,True,42.0,ccd-workflow-2026-08-24-v1:c3b2a2cd649f4d1c
Default of Credit Card Clients,16,xgb,final-refit development,shap::age::mean_absolute,0.029226873036587348,outputs/interpretability/shap_summary_xgb.csv,True,42.0,ccd-workflow-2026-08-24-v1:c3b2a2cd649f4d1c
Default of Credit Card Clients,16,xgb,final-refit development,shap::age::mean_signed,-0.0025620355537446446,outputs/interpretability/shap_summary_xgb.csv,True,42.0,ccd-workflow-2026-08-24-v1:c3b2a2cd649f4d1c
Default of Credit Card Clients,16,xgb,final-refit development,shap::age::direction_rho,0.6759002419102184,outputs/interpretability/shap_summary_xgb.csv,True,42.0,ccd-workflow-2026-08-24-v1:c3b2a2cd649f4d1c
Default of Credit Card Clients,16,xgb,final-refit development,shap::age::rank,21.0,outputs/interpretability/shap_summary_xgb.csv,True,42.0,ccd-workflow-2026-08-24-v1:c3b2a2cd649f4d1c
Default of Credit Card Clients,16,xgb,final-refit development,shap::bill_amount_may::mean_absolute,0.02586741448445613,outputs/interpretability/shap_summary_xgb.csv,True,42.0,ccd-workflow-2026-08-24-v1:c3b2a2cd649f4d1c
Default of Credit Card Clients,16,xgb,final-refit development,shap::bill_amount_may::mean_signed,0.004078537835126699,outputs/interpretability/shap_summary_xgb.csv,True,42.0,ccd-workflow-2026-08-24-v1:c3b2a2cd649f4d1c
Default of Credit Card Clients,16,xgb,final-refit development,shap::bill_amount_may::direction_rho,-0.4393103857737095,outputs/interpretability/shap_summary_xgb.csv,True,42.0,ccd-workflow-2026-08-24-v1:c3b2a2cd649f4d1c
Default of Credit Card Clients,16,xgb,final-refit development,shap::bill_amount_may::rank,22.0,outputs/interpretability/shap_summary_xgb.csv,True,42.0,ccd-workflow-2026-08-24-v1:c3b2a2cd649f4d1c
Default of Credit Card Clients,16,xgb,final-refit development,shap::bill_amount_june::mean_absolute,0.025502758990646072,outputs/interpretability/shap_summary_xgb.csv,True,42.0,ccd-workflow-2026-08-24-v1:c3b2a2cd649f4d1c
Default of Credit Card Clients,16,xgb,final-refit development,shap::bill_amount_june::mean_signed,0.0008063558548486256,outputs/interpretability/shap_summary_xgb.csv,True,42.0,ccd-workflow-2026-08-24-v1:c3b2a2cd649f4d1c
Default of Credit Card Clients,16,xgb,final-refit development,shap::bill_amount_june::direction_rho,0.7187708576497002,outputs/interpretability/shap_summary_xgb.csv,True,42.0,ccd-workflow-2026-08-24-v1:c3b2a2cd649f4d1c
Default of Credit Card Clients,16,xgb,final-refit development,shap::bill_amount_june::rank,23.0,outputs/interpretability/shap_summary_xgb.csv,True,42.0,ccd-workflow-2026-08-24-v1:c3b2a2cd649f4d1c
Default of Credit Card Clients,16,xgb,final-refit development,native::repayment_status_september::importance,0.3383972644805908,outputs/interpretability/native_importance_xgb.csv,True,42.0,ccd-workflow-2026-08-24-v1:c3b2a2cd649f4d1c
Default of Credit Card Clients,16,xgb,final-refit development,native::repayment_status_august::importance,0.15178252756595612,outputs/interpretability/native_importance_xgb.csv,True,42.0,ccd-workflow-2026-08-24-v1:c3b2a2cd649f4d1c
Default of Credit Card Clients,16,xgb,final-refit development,native::repayment_status_july::importance,0.09460709244012833,outputs/interpretability/native_importance_xgb.csv,True,42.0,ccd-workflow-2026-08-24-v1:c3b2a2cd649f4d1c
Default of Credit Card Clients,16,xgb,final-refit development,native::education_level::importance,0.04932055715471506,outputs/interpretability/native_importance_xgb.csv,True,42.0,ccd-workflow-2026-08-24-v1:c3b2a2cd649f4d1c
Default of Credit Card Clients,16,xgb,final-refit development,native::repayment_status_june::importance,0.044243961572647095,outputs/interpretability/native_importance_xgb.csv,True,42.0,ccd-workflow-2026-08-24-v1:c3b2a2cd649f4d1c
Default of Credit Card Clients,16,xgb,final-refit development,native::marital_status::importance,0.03140009567141533,outputs/interpretability/native_importance_xgb.csv,True,42.0,ccd-workflow-2026-08-24-v1:c3b2a2cd649f4d1c
Default of Credit Card Clients,16,xgb,final-refit development,native::repayment_status_may::importance,0.031153328716754913,outputs/interpretability/native_importance_xgb.csv,True,42.0,ccd-workflow-2026-08-24-v1:c3b2a2cd649f4d1c
Default of Credit Card Clients,16,xgb,final-refit development,native::repayment_status_april::importance,0.028841368854045868,outputs/interpretability/native_importance_xgb.csv,True,42.0,ccd-workflow-2026-08-24-v1:c3b2a2cd649f4d1c
Default of Credit Card Clients,16,xgb,final-refit development,native::credit_limit::importance,0.02288043312728405,outputs/interpretability/native_importance_xgb.csv,True,42.0,ccd-workflow-2026-08-24-v1:c3b2a2cd649f4d1c
Default of Credit Card Clients,16,xgb,final-refit development,native::payment_amount_august::importance,0.020958371460437775,outputs/interpretability/native_importance_xgb.csv,True,42.0,ccd-workflow-2026-08-24-v1:c3b2a2cd649f4d1c
Default of Credit Card Clients,16,xgb,final-refit development,native::payment_amount_july::importance,0.01972087472677231,outputs/interpretability/native_importance_xgb.csv,True,42.0,ccd-workflow-2026-08-24-v1:c3b2a2cd649f4d1c
Default of Credit Card Clients,16,xgb,final-refit development,native::payment_amount_september::importance,0.018867898732423782,outputs/interpretability/native_importance_xgb.csv,True,42.0,ccd-workflow-2026-08-24-v1:c3b2a2cd649f4d1c
Default of Credit Card Clients,16,xgb,final-refit development,native::bill_amount_september::importance,0.01831481046974659,outputs/interpretability/native_importance_xgb.csv,True,42.0,ccd-workflow-2026-08-24-v1:c3b2a2cd649f4d1c
Default of Credit Card Clients,16,xgb,final-refit development,native::payment_amount_april::importance,0.014752188697457314,outputs/interpretability/native_importance_xgb.csv,True,42.0,ccd-workflow-2026-08-24-v1:c3b2a2cd649f4d1c
Default of Credit Card Clients,16,xgb,final-refit development,native::bill_amount_august::importance,0.014558720402419567,outputs/interpretability/native_importance_xgb.csv,True,42.0,ccd-workflow-2026-08-24-v1:c3b2a2cd649f4d1c
Default of Credit Card Clients,16,xgb,final-refit development,native::payment_amount_june::importance,0.013447511941194534,outputs/interpretability/native_importance_xgb.csv,True,42.0,ccd-workflow-2026-08-24-v1:c3b2a2cd649f4d1c
Default of Credit Card Clients,16,xgb,final-refit development,native::payment_amount_may::importance,0.013381602242588997,outputs/interpretability/native_importance_xgb.csv,True,42.0,ccd-workflow-2026-08-24-v1:c3b2a2cd649f4d1c
Default of Credit Card Clients,16,xgb,final-refit development,native::age::importance,0.01270242128521204,outputs/interpretability/native_importance_xgb.csv,True,42.0,ccd-workflow-2026-08-24-v1:c3b2a2cd649f4d1c
Default of Credit Card Clients,16,xgb,final-refit development,native::bill_amount_may::importance,0.012541808187961578,outputs/interpretability/native_importance_xgb.csv,True,42.0,ccd-workflow-2026-08-24-v1:c3b2a2cd649f4d1c
Default of Credit Card Clients,16,xgb,final-refit development,native::bill_amount_july::importance,0.01232804637402296,outputs/interpretability/native_importance_xgb.csv,True,42.0,ccd-workflow-2026-08-24-v1:c3b2a2cd649f4d1c
Default of Credit Card Clients,16,xgb,final-refit development,native::bill_amount_april::importance,0.012073268182575703,outputs/interpretability/native_importance_xgb.csv,True,42.0,ccd-workflow-2026-08-24-v1:c3b2a2cd649f4d1c
Default of Credit Card Clients,16,xgb,final-refit development,native::bill_amount_june::importance,0.011953923851251602,outputs/interpretability/native_importance_xgb.csv,True,42.0,ccd-workflow-2026-08-24-v1:c3b2a2cd649f4d1c
Default of Credit Card Clients,16,xgb,final-refit development,native::sex::importance,0.011771883815526962,outputs/interpretability/native_importance_xgb.csv,True,42.0,ccd-workflow-2026-08-24-v1:c3b2a2cd649f4d1c
Default of Credit Card Clients,16,lr,final-refit development,encoded::repayment__repayment_status_september_delay_2m::coefficient,2.0320049669304336,outputs/interpretability/lr_coefficients.csv,True,42.0,ccd-workflow-2026-08-24-v1:c3b2a2cd649f4d1c
Default of Credit Card Clients,16,lr,final-refit development,encoded::repayment__repayment_status_september_delay_2m::odds_ratio,7.629367664271776,outputs/interpretability/lr_coefficients.csv,True,42.0,ccd-workflow-2026-08-24-v1:c3b2a2cd649f4d1c
Default of Credit Card Clients,16,lr,final-refit development,encoded::repayment__repayment_status_september_delay_2m::absolute_coefficient,2.0320049669304336,outputs/interpretability/lr_coefficients.csv,True,42.0,ccd-workflow-2026-08-24-v1:c3b2a2cd649f4d1c
Default of Credit Card Clients,16,lr,final-refit development,encoded::repayment__repayment_status_september_delay_3m_plus::coefficient,1.6489297156042653,outputs/interpretability/lr_coefficients.csv,True,42.0,ccd-workflow-2026-08-24-v1:c3b2a2cd649f4d1c
Default of Credit Card Clients,16,lr,final-refit development,encoded::repayment__repayment_status_september_delay_3m_plus::odds_ratio,5.2014098591785345,outputs/interpretability/lr_coefficients.csv,True,42.0,ccd-workflow-2026-08-24-v1:c3b2a2cd649f4d1c
Default of Credit Card Clients,16,lr,final-refit development,encoded::repayment__repayment_status_september_delay_3m_plus::absolute_coefficient,1.6489297156042653,outputs/interpretability/lr_coefficients.csv,True,42.0,ccd-workflow-2026-08-24-v1:c3b2a2cd649f4d1c
Default of Credit Card Clients,16,lr,final-refit development,encoded::nominal__education_level_4::coefficient,-1.1738955669732167,outputs/interpretability/lr_coefficients.csv,True,42.0,ccd-workflow-2026-08-24-v1:c3b2a2cd649f4d1c
Default of Credit Card Clients,16,lr,final-refit development,encoded::nominal__education_level_4::odds_ratio,0.3091602379822621,outputs/interpretability/lr_coefficients.csv,True,42.0,ccd-workflow-2026-08-24-v1:c3b2a2cd649f4d1c
Default of Credit Card Clients,16,lr,final-refit development,encoded::nominal__education_level_4::absolute_coefficient,1.1738955669732167,outputs/interpretability/lr_coefficients.csv,True,42.0,ccd-workflow-2026-08-24-v1:c3b2a2cd649f4d1c
Default of Credit Card Clients,16,lr,final-refit development,encoded::repayment__repayment_status_april_delay_3m_plus::coefficient,0.6776357065582611,outputs/interpretability/lr_coefficients.csv,True,42.0,ccd-workflow-2026-08-24-v1:c3b2a2cd649f4d1c
Default of Credit Card Clients,16,lr,final-refit development,encoded::repayment__repayment_status_april_delay_3m_plus::odds_ratio,1.9692164185813357,outputs/interpretability/lr_coefficients.csv,True,42.0,ccd-workflow-2026-08-24-v1:c3b2a2cd649f4d1c
Default of Credit Card Clients,16,lr,final-refit development,encoded::repayment__repayment_status_april_delay_3m_plus::absolute_coefficient,0.6776357065582611,outputs/interpretability/lr_coefficients.csv,True,42.0,ccd-workflow-2026-08-24-v1:c3b2a2cd649f4d1c
Default of Credit Card Clients,16,lr,final-refit development,encoded::repayment__repayment_status_september_delay_1m::coefficient,0.5432876705802105,outputs/interpretability/lr_coefficients.csv,True,42.0,ccd-workflow-2026-08-24-v1:c3b2a2cd649f4d1c
Default of Credit Card Clients,16,lr,final-refit development,encoded::repayment__repayment_status_september_delay_1m::odds_ratio,1.7216578116011891,outputs/interpretability/lr_coefficients.csv,True,42.0,ccd-workflow-2026-08-24-v1:c3b2a2cd649f4d1c
Default of Credit Card Clients,16,lr,final-refit development,encoded::repayment__repayment_status_september_delay_1m::absolute_coefficient,0.5432876705802105,outputs/interpretability/lr_coefficients.csv,True,42.0,ccd-workflow-2026-08-24-v1:c3b2a2cd649f4d1c
Default of Credit Card Clients,16,lr,final-refit development,encoded::numeric__credit_limit::coefficient,-0.3831944685006713,outputs/interpretability/lr_coefficients.csv,True,42.0,ccd-workflow-2026-08-24-v1:c3b2a2cd649f4d1c
Default of Credit Card Clients,16,lr,final-refit development,encoded::numeric__credit_limit::odds_ratio,0.6816803210452917,outputs/interpretability/lr_coefficients.csv,True,42.0,ccd-workflow-2026-08-24-v1:c3b2a2cd649f4d1c
Default of Credit Card Clients,16,lr,final-refit development,encoded::numeric__credit_limit::absolute_coefficient,0.3831944685006713,outputs/interpretability/lr_coefficients.csv,True,42.0,ccd-workflow-2026-08-24-v1:c3b2a2cd649f4d1c
Default of Credit Card Clients,16,lr,final-refit development,encoded::repayment__repayment_status_july_delay_1_2m::coefficient,0.3668370956796258,outputs/interpretability/lr_coefficients.csv,True,42.0,ccd-workflow-2026-08-24-v1:c3b2a2cd649f4d1c
Default of Credit Card Clients,16,lr,final-refit development,encoded::repayment__repayment_status_july_delay_1_2m::odds_ratio,1.4431628025094103,outputs/interpretability/lr_coefficients.csv,True,42.0,ccd-workflow-2026-08-24-v1:c3b2a2cd649f4d1c
Default of Credit Card Clients,16,lr,final-refit development,encoded::repayment__repayment_status_july_delay_1_2m::absolute_coefficient,0.3668370956796258,outputs/interpretability/lr_coefficients.csv,True,42.0,ccd-workflow-2026-08-24-v1:c3b2a2cd649f4d1c
Default of Credit Card Clients,16,lr,final-refit development,encoded::repayment__repayment_status_april_delay_1_2m::coefficient,0.3513406940265876,outputs/interpretability/lr_coefficients.csv,True,42.0,ccd-workflow-2026-08-24-v1:c3b2a2cd649f4d1c
Default of Credit Card Clients,16,lr,final-refit development,encoded::repayment__repayment_status_april_delay_1_2m::odds_ratio,1.4209713599080405,outputs/interpretability/lr_coefficients.csv,True,42.0,ccd-workflow-2026-08-24-v1:c3b2a2cd649f4d1c
Default of Credit Card Clients,16,lr,final-refit development,encoded::repayment__repayment_status_april_delay_1_2m::absolute_coefficient,0.3513406940265876,outputs/interpretability/lr_coefficients.csv,True,42.0,ccd-workflow-2026-08-24-v1:c3b2a2cd649f4d1c
Default of Credit Card Clients,16,lr,final-refit development,encoded::repayment__repayment_status_may_delay_3m_plus::coefficient,-0.2719177587404838,outputs/interpretability/lr_coefficients.csv,True,42.0,ccd-workflow-2026-08-24-v1:c3b2a2cd649f4d1c
Default of Credit Card Clients,16,lr,final-refit development,encoded::repayment__repayment_status_may_delay_3m_plus::odds_ratio,0.7619169195203561,outputs/interpretability/lr_coefficients.csv,True,42.0,ccd-workflow-2026-08-24-v1:c3b2a2cd649f4d1c
Default of Credit Card Clients,16,lr,final-refit development,encoded::repayment__repayment_status_may_delay_3m_plus::absolute_coefficient,0.2719177587404838,outputs/interpretability/lr_coefficients.csv,True,42.0,ccd-workflow-2026-08-24-v1:c3b2a2cd649f4d1c
Default of Credit Card Clients,16,lr,final-refit development,encoded::repayment__repayment_status_may_delay_1_2m::coefficient,0.2713687733049996,outputs/interpretability/lr_coefficients.csv,True,42.0,ccd-workflow-2026-08-24-v1:c3b2a2cd649f4d1c
Default of Credit Card Clients,16,lr,final-refit development,encoded::repayment__repayment_status_may_delay_1_2m::odds_ratio,1.311758722799626,outputs/interpretability/lr_coefficients.csv,True,42.0,ccd-workflow-2026-08-24-v1:c3b2a2cd649f4d1c
Default of Credit Card Clients,16,lr,final-refit development,encoded::repayment__repayment_status_may_delay_1_2m::absolute_coefficient,0.2713687733049996,outputs/interpretability/lr_coefficients.csv,True,42.0,ccd-workflow-2026-08-24-v1:c3b2a2cd649f4d1c
Default of Credit Card Clients,16,lr,final-refit development,encoded::repayment__repayment_status_june_delay_1_2m::coefficient,0.2334901386651201,outputs/interpretability/lr_coefficients.csv,True,42.0,ccd-workflow-2026-08-24-v1:c3b2a2cd649f4d1c
Default of Credit Card Clients,16,lr,final-refit development,encoded::repayment__repayment_status_june_delay_1_2m::odds_ratio,1.2630003729598709,outputs/interpretability/lr_coefficients.csv,True,42.0,ccd-workflow-2026-08-24-v1:c3b2a2cd649f4d1c
Default of Credit Card Clients,16,lr,final-refit development,encoded::repayment__repayment_status_june_delay_1_2m::absolute_coefficient,0.2334901386651201,outputs/interpretability/lr_coefficients.csv,True,42.0,ccd-workflow-2026-08-24-v1:c3b2a2cd649f4d1c
Default of Credit Card Clients,16,lr,final-refit development,encoded::repayment__repayment_status_june_delay_3m_plus::coefficient,-0.1732024244461816,outputs/interpretability/lr_coefficients.csv,True,42.0,ccd-workflow-2026-08-24-v1:c3b2a2cd649f4d1c
Default of Credit Card Clients,16,lr,final-refit development,encoded::repayment__repayment_status_june_delay_3m_plus::odds_ratio,0.8409673652606959,outputs/interpretability/lr_coefficients.csv,True,42.0,ccd-workflow-2026-08-24-v1:c3b2a2cd649f4d1c
Default of Credit Card Clients,16,lr,final-refit development,encoded::repayment__repayment_status_june_delay_3m_plus::absolute_coefficient,0.1732024244461816,outputs/interpretability/lr_coefficients.csv,True,42.0,ccd-workflow-2026-08-24-v1:c3b2a2cd649f4d1c
Default of Credit Card Clients,16,lr,final-refit development,encoded::repayment__repayment_status_august_delay_1_2m::coefficient,0.1559125527385763,outputs/interpretability/lr_coefficients.csv,True,42.0,ccd-workflow-2026-08-24-v1:c3b2a2cd649f4d1c
Default of Credit Card Clients,16,lr,final-refit development,encoded::repayment__repayment_status_august_delay_1_2m::odds_ratio,1.168723996908219,outputs/interpretability/lr_coefficients.csv,True,42.0,ccd-workflow-2026-08-24-v1:c3b2a2cd649f4d1c
Default of Credit Card Clients,16,lr,final-refit development,encoded::repayment__repayment_status_august_delay_1_2m::absolute_coefficient,0.1559125527385763,outputs/interpretability/lr_coefficients.csv,True,42.0,ccd-workflow-2026-08-24-v1:c3b2a2cd649f4d1c
Default of Credit Card Clients,16,lr,final-refit development,encoded::binary__sex::coefficient,-0.1431167585294039,outputs/interpretability/lr_coefficients.csv,True,42.0,ccd-workflow-2026-08-24-v1:c3b2a2cd649f4d1c
Default of Credit Card Clients,16,lr,final-refit development,encoded::binary__sex::odds_ratio,0.8666528738728558,outputs/interpretability/lr_coefficients.csv,True,42.0,ccd-workflow-2026-08-24-v1:c3b2a2cd649f4d1c
Default of Credit Card Clients,16,lr,final-refit development,encoded::binary__sex::absolute_coefficient,0.1431167585294039,outputs/interpretability/lr_coefficients.csv,True,42.0,ccd-workflow-2026-08-24-v1:c3b2a2cd649f4d1c
Default of Credit Card Clients,16,lr,final-refit development,encoded::nominal__marital_status_1::coefficient,0.1352838374398372,outputs/interpretability/lr_coefficients.csv,True,42.0,ccd-workflow-2026-08-24-v1:c3b2a2cd649f4d1c
Default of Credit Card Clients,16,lr,final-refit development,encoded::nominal__marital_status_1::odds_ratio,1.1448616928504012,outputs/interpretability/lr_coefficients.csv,True,42.0,ccd-workflow-2026-08-24-v1:c3b2a2cd649f4d1c
Default of Credit Card Clients,16,lr,final-refit development,encoded::nominal__marital_status_1::absolute_coefficient,0.1352838374398372,outputs/interpretability/lr_coefficients.csv,True,42.0,ccd-workflow-2026-08-24-v1:c3b2a2cd649f4d1c
Default of Credit Card Clients,16,lr,final-refit development,encoded::nominal__marital_status_3::coefficient,0.1316023832463037,outputs/interpretability/lr_coefficients.csv,True,42.0,ccd-workflow-2026-08-24-v1:c3b2a2cd649f4d1c
Default of Credit Card Clients,16,lr,final-refit development,encoded::nominal__marital_status_3::odds_ratio,1.140654685673847,outputs/interpretability/lr_coefficients.csv,True,42.0,ccd-workflow-2026-08-24-v1:c3b2a2cd649f4d1c
Default of Credit Card Clients,16,lr,final-refit development,encoded::nominal__marital_status_3::absolute_coefficient,0.1316023832463037,outputs/interpretability/lr_coefficients.csv,True,42.0,ccd-workflow-2026-08-24-v1:c3b2a2cd649f4d1c
Default of Credit Card Clients,16,lr,final-refit development,encoded::numeric__bill_amount_september::coefficient,0.1185565012858486,outputs/interpretability/lr_coefficients.csv,True,42.0,ccd-workflow-2026-08-24-v1:c3b2a2cd649f4d1c
Default of Credit Card Clients,16,lr,final-refit development,encoded::numeric__bill_amount_september::odds_ratio,1.1258704854350337,outputs/interpretability/lr_coefficients.csv,True,42.0,ccd-workflow-2026-08-24-v1:c3b2a2cd649f4d1c
Default of Credit Card Clients,16,lr,final-refit development,encoded::numeric__bill_amount_september::absolute_coefficient,0.1185565012858486,outputs/interpretability/lr_coefficients.csv,True,42.0,ccd-workflow-2026-08-24-v1:c3b2a2cd649f4d1c
Default of Credit Card Clients,16,lr,final-refit development,encoded::nominal__education_level_3::coefficient,-0.0998397274757354,outputs/interpretability/lr_coefficients.csv,True,42.0,ccd-workflow-2026-08-24-v1:c3b2a2cd649f4d1c
Default of Credit Card Clients,16,lr,final-refit development,encoded::nominal__education_level_3::odds_ratio,0.9049824502350252,outputs/interpretability/lr_coefficients.csv,True,42.0,ccd-workflow-2026-08-24-v1:c3b2a2cd649f4d1c
Default of Credit Card Clients,16,lr,final-refit development,encoded::nominal__education_level_3::absolute_coefficient,0.0998397274757354,outputs/interpretability/lr_coefficients.csv,True,42.0,ccd-workflow-2026-08-24-v1:c3b2a2cd649f4d1c
Default of Credit Card Clients,16,lr,final-refit development,encoded::payment__payment_amount_july::coefficient,-0.0731786927808278,outputs/interpretability/lr_coefficients.csv,True,42.0,ccd-workflow-2026-08-24-v1:c3b2a2cd649f4d1c
Default of Credit Card Clients,16,lr,final-refit development,encoded::payment__payment_amount_july::odds_ratio,0.9294347319091246,outputs/interpretability/lr_coefficients.csv,True,42.0,ccd-workflow-2026-08-24-v1:c3b2a2cd649f4d1c
Default of Credit Card Clients,16,lr,final-refit development,encoded::payment__payment_amount_july::absolute_coefficient,0.0731786927808278,outputs/interpretability/lr_coefficients.csv,True,42.0,ccd-workflow-2026-08-24-v1:c3b2a2cd649f4d1c
Default of Credit Card Clients,16,lr,final-refit development,encoded::payment__payment_amount_september::coefficient,-0.0682640961866266,outputs/interpretability/lr_coefficients.csv,True,42.0,ccd-workflow-2026-08-24-v1:c3b2a2cd649f4d1c
Default of Credit Card Clients,16,lr,final-refit development,encoded::payment__payment_amount_september::odds_ratio,0.9340137715267952,outputs/interpretability/lr_coefficients.csv,True,42.0,ccd-workflow-2026-08-24-v1:c3b2a2cd649f4d1c
Default of Credit Card Clients,16,lr,final-refit development,encoded::payment__payment_amount_september::absolute_coefficient,0.0682640961866266,outputs/interpretability/lr_coefficients.csv,True,42.0,ccd-workflow-2026-08-24-v1:c3b2a2cd649f4d1c
Default of Credit Card Clients,16,lr,final-refit development,encoded::numeric__age::coefficient,0.0619779519307845,outputs/interpretability/lr_coefficients.csv,True,42.0,ccd-workflow-2026-08-24-v1:c3b2a2cd649f4d1c
Default of Credit Card Clients,16,lr,final-refit development,encoded::numeric__age::odds_ratio,1.0639388866712178,outputs/interpretability/lr_coefficients.csv,True,42.0,ccd-workflow-2026-08-24-v1:c3b2a2cd649f4d1c
Default of Credit Card Clients,16,lr,final-refit development,encoded::numeric__age::absolute_coefficient,0.0619779519307845,outputs/interpretability/lr_coefficients.csv,True,42.0,ccd-workflow-2026-08-24-v1:c3b2a2cd649f4d1c
Default of Credit Card Clients,16,lr,final-refit development,encoded::payment__payment_amount_june::coefficient,-0.0567038134174175,outputs/interpretability/lr_coefficients.csv,True,42.0,ccd-workflow-2026-08-24-v1:c3b2a2cd649f4d1c
Default of Credit Card Clients,16,lr,final-refit development,encoded::payment__payment_amount_june::odds_ratio,0.9448738868929096,outputs/interpretability/lr_coefficients.csv,True,42.0,ccd-workflow-2026-08-24-v1:c3b2a2cd649f4d1c
Default of Credit Card Clients,16,lr,final-refit development,encoded::payment__payment_amount_june::absolute_coefficient,0.0567038134174175,outputs/interpretability/lr_coefficients.csv,True,42.0,ccd-workflow-2026-08-24-v1:c3b2a2cd649f4d1c
Default of Credit Card Clients,16,lr,final-refit development,encoded::payment__payment_amount_april::coefficient,-0.0483608771290804,outputs/interpretability/lr_coefficients.csv,True,42.0,ccd-workflow-2026-08-24-v1:c3b2a2cd649f4d1c
Default of Credit Card Clients,16,lr,final-refit development,encoded::payment__payment_amount_april::odds_ratio,0.9527898849497332,outputs/interpretability/lr_coefficients.csv,True,42.0,ccd-workflow-2026-08-24-v1:c3b2a2cd649f4d1c
Default of Credit Card Clients,16,lr,final-refit development,encoded::payment__payment_amount_april::absolute_coefficient,0.0483608771290804,outputs/interpretability/lr_coefficients.csv,True,42.0,ccd-workflow-2026-08-24-v1:c3b2a2cd649f4d1c
Default of Credit Card Clients,16,lr,final-refit development,encoded::payment__payment_amount_august::coefficient,-0.03831180057483,outputs/interpretability/lr_coefficients.csv,True,42.0,ccd-workflow-2026-08-24-v1:c3b2a2cd649f4d1c
Default of Credit Card Clients,16,lr,final-refit development,encoded::payment__payment_amount_august::odds_ratio,0.9624128132352526,outputs/interpretability/lr_coefficients.csv,True,42.0,ccd-workflow-2026-08-24-v1:c3b2a2cd649f4d1c
Default of Credit Card Clients,16,lr,final-refit development,encoded::payment__payment_amount_august::absolute_coefficient,0.03831180057483,outputs/interpretability/lr_coefficients.csv,True,42.0,ccd-workflow-2026-08-24-v1:c3b2a2cd649f4d1c
Default of Credit Card Clients,16,lr,final-refit development,encoded::payment__payment_amount_may::coefficient,-0.0264727110043416,outputs/interpretability/lr_coefficients.csv,True,42.0,ccd-workflow-2026-08-24-v1:c3b2a2cd649f4d1c
Default of Credit Card Clients,16,lr,final-refit development,encoded::payment__payment_amount_may::odds_ratio,0.9738746195331855,outputs/interpretability/lr_coefficients.csv,True,42.0,ccd-workflow-2026-08-24-v1:c3b2a2cd649f4d1c
Default of Credit Card Clients,16,lr,final-refit development,encoded::payment__payment_amount_may::absolute_coefficient,0.0264727110043416,outputs/interpretability/lr_coefficients.csv,True,42.0,ccd-workflow-2026-08-24-v1:c3b2a2cd649f4d1c
Default of Credit Card Clients,16,lr,final-refit development,encoded::repayment__repayment_status_august_delay_3m_plus::coefficient,-0.0153958256491324,outputs/interpretability/lr_coefficients.csv,True,42.0,ccd-workflow-2026-08-24-v1:c3b2a2cd649f4d1c
Default of Credit Card Clients,16,lr,final-refit development,encoded::repayment__repayment_status_august_delay_3m_plus::odds_ratio,0.9847220841925768,outputs/interpretability/lr_coefficients.csv,True,42.0,ccd-workflow-2026-08-24-v1:c3b2a2cd649f4d1c
Default of Credit Card Clients,16,lr,final-refit development,encoded::repayment__repayment_status_august_delay_3m_plus::absolute_coefficient,0.0153958256491324,outputs/interpretability/lr_coefficients.csv,True,42.0,ccd-workflow-2026-08-24-v1:c3b2a2cd649f4d1c
Default of Credit Card Clients,16,lr,final-refit development,encoded::repayment__repayment_status_july_delay_3m_plus::coefficient,-0.0134247741575131,outputs/interpretability/lr_coefficients.csv,True,42.0,ccd-workflow-2026-08-24-v1:c3b2a2cd649f4d1c
Default of Credit Card Clients,16,lr,final-refit development,encoded::repayment__repayment_status_july_delay_3m_plus::odds_ratio,0.98666493622715,outputs/interpretability/lr_coefficients.csv,True,42.0,ccd-workflow-2026-08-24-v1:c3b2a2cd649f4d1c
Default of Credit Card Clients,16,lr,final-refit development,encoded::repayment__repayment_status_july_delay_3m_plus::absolute_coefficient,0.0134247741575131,outputs/interpretability/lr_coefficients.csv,True,42.0,ccd-workflow-2026-08-24-v1:c3b2a2cd649f4d1c
Default of Credit Card Clients,16,lr,final-refit development,encoded::nominal__education_level_1::coefficient,-0.0081878213248135,outputs/interpretability/lr_coefficients.csv,True,42.0,ccd-workflow-2026-08-24-v1:c3b2a2cd649f4d1c
Default of Credit Card Clients,16,lr,final-refit development,encoded::nominal__education_level_1::odds_ratio,0.9918456075853436,outputs/interpretability/lr_coefficients.csv,True,42.0,ccd-workflow-2026-08-24-v1:c3b2a2cd649f4d1c
Default of Credit Card Clients,16,lr,final-refit development,encoded::nominal__education_level_1::absolute_coefficient,0.0081878213248135,outputs/interpretability/lr_coefficients.csv,True,42.0,ccd-workflow-2026-08-24-v1:c3b2a2cd649f4d1c
Default of Credit Card Clients,16,lr,interpretability summary,n_features_used,28.0,outputs/interpretability/interpretability_summary.csv,True,42.0,ccd-workflow-2026-08-24-v1:c3b2a2cd649f4d1c
Default of Credit Card Clients,16,lr,interpretability summary,n_nonzero_coef,28.0,outputs/interpretability/interpretability_summary.csv,True,42.0,ccd-workflow-2026-08-24-v1:c3b2a2cd649f4d1c
Default of Credit Card Clients,16,lr,interpretability summary,tree_depth,,outputs/interpretability/interpretability_summary.csv,True,42.0,ccd-workflow-2026-08-24-v1:c3b2a2cd649f4d1c
Default of Credit Card Clients,16,lr,interpretability summary,n_leaves,,outputs/interpretability/interpretability_summary.csv,True,42.0,ccd-workflow-2026-08-24-v1:c3b2a2cd649f4d1c
Default of Credit Card Clients,16,lr,interpretability summary,native_vs_perm_rank_corr,,outputs/interpretability/interpretability_summary.csv,True,42.0,ccd-workflow-2026-08-24-v1:c3b2a2cd649f4d1c
Default of Credit Card Clients,16,lr,interpretability summary,perm_vs_shap_rank_corr,0.8101135190918473,outputs/interpretability/interpretability_summary.csv,True,42.0,ccd-workflow-2026-08-24-v1:c3b2a2cd649f4d1c
Default of Credit Card Clients,16,lr,interpretability summary,calibration_slope,0.9881940967391201,outputs/interpretability/interpretability_summary.csv,True,42.0,ccd-workflow-2026-08-24-v1:c3b2a2cd649f4d1c
Default of Credit Card Clients,16,lr,interpretability summary,top10_overlap_lr,10.0,outputs/interpretability/interpretability_summary.csv,True,42.0,ccd-workflow-2026-08-24-v1:c3b2a2cd649f4d1c
Default of Credit Card Clients,16,lr,interpretability summary,top10_overlap_dt,7.0,outputs/interpretability/interpretability_summary.csv,True,42.0,ccd-workflow-2026-08-24-v1:c3b2a2cd649f4d1c
Default of Credit Card Clients,16,lr,interpretability summary,top10_overlap_rf,8.0,outputs/interpretability/interpretability_summary.csv,True,42.0,ccd-workflow-2026-08-24-v1:c3b2a2cd649f4d1c
Default of Credit Card Clients,16,lr,interpretability summary,top10_overlap_xgb,8.0,outputs/interpretability/interpretability_summary.csv,True,42.0,ccd-workflow-2026-08-24-v1:c3b2a2cd649f4d1c
Default of Credit Card Clients,16,dt,interpretability summary,n_features_used,28.0,outputs/interpretability/interpretability_summary.csv,True,42.0,ccd-workflow-2026-08-24-v1:c3b2a2cd649f4d1c
Default of Credit Card Clients,16,dt,interpretability summary,n_nonzero_coef,,outputs/interpretability/interpretability_summary.csv,True,42.0,ccd-workflow-2026-08-24-v1:c3b2a2cd649f4d1c
Default of Credit Card Clients,16,dt,interpretability summary,tree_depth,4.0,outputs/interpretability/interpretability_summary.csv,True,42.0,ccd-workflow-2026-08-24-v1:c3b2a2cd649f4d1c
Default of Credit Card Clients,16,dt,interpretability summary,n_leaves,9.0,outputs/interpretability/interpretability_summary.csv,True,42.0,ccd-workflow-2026-08-24-v1:c3b2a2cd649f4d1c
Default of Credit Card Clients,16,dt,interpretability summary,native_vs_perm_rank_corr,0.6294466403162056,outputs/interpretability/interpretability_summary.csv,True,42.0,ccd-workflow-2026-08-24-v1:c3b2a2cd649f4d1c
Default of Credit Card Clients,16,dt,interpretability summary,perm_vs_shap_rank_corr,0.3488142292490119,outputs/interpretability/interpretability_summary.csv,True,42.0,ccd-workflow-2026-08-24-v1:c3b2a2cd649f4d1c
Default of Credit Card Clients,16,dt,interpretability summary,calibration_slope,0.9838146565753827,outputs/interpretability/interpretability_summary.csv,True,42.0,ccd-workflow-2026-08-24-v1:c3b2a2cd649f4d1c
Default of Credit Card Clients,16,dt,interpretability summary,top10_overlap_lr,7.0,outputs/interpretability/interpretability_summary.csv,True,42.0,ccd-workflow-2026-08-24-v1:c3b2a2cd649f4d1c
Default of Credit Card Clients,16,dt,interpretability summary,top10_overlap_dt,10.0,outputs/interpretability/interpretability_summary.csv,True,42.0,ccd-workflow-2026-08-24-v1:c3b2a2cd649f4d1c
Default of Credit Card Clients,16,dt,interpretability summary,top10_overlap_rf,8.0,outputs/interpretability/interpretability_summary.csv,True,42.0,ccd-workflow-2026-08-24-v1:c3b2a2cd649f4d1c
Default of Credit Card Clients,16,dt,interpretability summary,top10_overlap_xgb,8.0,outputs/interpretability/interpretability_summary.csv,True,42.0,ccd-workflow-2026-08-24-v1:c3b2a2cd649f4d1c
Default of Credit Card Clients,16,rf,interpretability summary,n_features_used,28.0,outputs/interpretability/interpretability_summary.csv,True,42.0,ccd-workflow-2026-08-24-v1:c3b2a2cd649f4d1c
Default of Credit Card Clients,16,rf,interpretability summary,n_nonzero_coef,,outputs/interpretability/interpretability_summary.csv,True,42.0,ccd-workflow-2026-08-24-v1:c3b2a2cd649f4d1c
Default of Credit Card Clients,16,rf,interpretability summary,tree_depth,12.0,outputs/interpretability/interpretability_summary.csv,True,42.0,ccd-workflow-2026-08-24-v1:c3b2a2cd649f4d1c
Default of Credit Card Clients,16,rf,interpretability summary,n_leaves,332.1854103343465,outputs/interpretability/interpretability_summary.csv,True,42.0,ccd-workflow-2026-08-24-v1:c3b2a2cd649f4d1c
Default of Credit Card Clients,16,rf,interpretability summary,native_vs_perm_rank_corr,0.8013833992094862,outputs/interpretability/interpretability_summary.csv,True,42.0,ccd-workflow-2026-08-24-v1:c3b2a2cd649f4d1c
Default of Credit Card Clients,16,rf,interpretability summary,perm_vs_shap_rank_corr,0.8952569169960475,outputs/interpretability/interpretability_summary.csv,True,42.0,ccd-workflow-2026-08-24-v1:c3b2a2cd649f4d1c
Default of Credit Card Clients,16,rf,interpretability summary,calibration_slope,1.046281623529774,outputs/interpretability/interpretability_summary.csv,True,42.0,ccd-workflow-2026-08-24-v1:c3b2a2cd649f4d1c
Default of Credit Card Clients,16,rf,interpretability summary,top10_overlap_lr,8.0,outputs/interpretability/interpretability_summary.csv,True,42.0,ccd-workflow-2026-08-24-v1:c3b2a2cd649f4d1c
Default of Credit Card Clients,16,rf,interpretability summary,top10_overlap_dt,8.0,outputs/interpretability/interpretability_summary.csv,True,42.0,ccd-workflow-2026-08-24-v1:c3b2a2cd649f4d1c
Default of Credit Card Clients,16,rf,interpretability summary,top10_overlap_rf,10.0,outputs/interpretability/interpretability_summary.csv,True,42.0,ccd-workflow-2026-08-24-v1:c3b2a2cd649f4d1c
Default of Credit Card Clients,16,rf,interpretability summary,top10_overlap_xgb,8.0,outputs/interpretability/interpretability_summary.csv,True,42.0,ccd-workflow-2026-08-24-v1:c3b2a2cd649f4d1c
Default of Credit Card Clients,16,xgb,interpretability summary,n_features_used,28.0,outputs/interpretability/interpretability_summary.csv,True,42.0,ccd-workflow-2026-08-24-v1:c3b2a2cd649f4d1c
Default of Credit Card Clients,16,xgb,interpretability summary,n_nonzero_coef,,outputs/interpretability/interpretability_summary.csv,True,42.0,ccd-workflow-2026-08-24-v1:c3b2a2cd649f4d1c
Default of Credit Card Clients,16,xgb,interpretability summary,tree_depth,5.0,outputs/interpretability/interpretability_summary.csv,True,42.0,ccd-workflow-2026-08-24-v1:c3b2a2cd649f4d1c
Default of Credit Card Clients,16,xgb,interpretability summary,n_leaves,20.520833333333332,outputs/interpretability/interpretability_summary.csv,True,42.0,ccd-workflow-2026-08-24-v1:c3b2a2cd649f4d1c
Default of Credit Card Clients,16,xgb,interpretability summary,native_vs_perm_rank_corr,0.650197628458498,outputs/interpretability/interpretability_summary.csv,True,42.0,ccd-workflow-2026-08-24-v1:c3b2a2cd649f4d1c
Default of Credit Card Clients,16,xgb,interpretability summary,perm_vs_shap_rank_corr,0.8112648221343874,outputs/interpretability/interpretability_summary.csv,True,42.0,ccd-workflow-2026-08-24-v1:c3b2a2cd649f4d1c
Default of Credit Card Clients,16,xgb,interpretability summary,calibration_slope,1.0162900718730659,outputs/interpretability/interpretability_summary.csv,True,42.0,ccd-workflow-2026-08-24-v1:c3b2a2cd649f4d1c
Default of Credit Card Clients,16,xgb,interpretability summary,top10_overlap_lr,8.0,outputs/interpretability/interpretability_summary.csv,True,42.0,ccd-workflow-2026-08-24-v1:c3b2a2cd649f4d1c
Default of Credit Card Clients,16,xgb,interpretability summary,top10_overlap_dt,8.0,outputs/interpretability/interpretability_summary.csv,True,42.0,ccd-workflow-2026-08-24-v1:c3b2a2cd649f4d1c
Default of Credit Card Clients,16,xgb,interpretability summary,top10_overlap_rf,8.0,outputs/interpretability/interpretability_summary.csv,True,42.0,ccd-workflow-2026-08-24-v1:c3b2a2cd649f4d1c
Default of Credit Card Clients,16,xgb,interpretability summary,top10_overlap_xgb,10.0,outputs/interpretability/interpretability_summary.csv,True,42.0,ccd-workflow-2026-08-24-v1:c3b2a2cd649f4d1c
Default of Credit Card Clients,17,lr,structural findings,lr_top3_positive_permutation_share,0.861666179962879,outputs/findings/structural_findings.md,True,42.0,ccd-workflow-2026-08-24-v1:c3b2a2cd649f4d1c
Default of Credit Card Clients,17,dt,structural findings,dt_top3_positive_permutation_share,0.8887253843023454,outputs/findings/structural_findings.md,True,42.0,ccd-workflow-2026-08-24-v1:c3b2a2cd649f4d1c
Default of Credit Card Clients,17,rf,structural findings,rf_top3_positive_permutation_share,0.8396698398058574,outputs/findings/structural_findings.md,True,42.0,ccd-workflow-2026-08-24-v1:c3b2a2cd649f4d1c
Default of Credit Card Clients,17,xgb,structural findings,xgb_top3_positive_permutation_share,0.8162121975405766,outputs/findings/structural_findings.md,True,42.0,ccd-workflow-2026-08-24-v1:c3b2a2cd649f4d1c
Default of Credit Card Clients,17,dt,structural findings,dt_best_older_bill_permutation_rank,14.0,outputs/findings/structural_findings.md,True,42.0,ccd-workflow-2026-08-24-v1:c3b2a2cd649f4d1c
Default of Credit Card Clients,17,rf,structural findings,rf_best_older_bill_permutation_rank,15.0,outputs/findings/structural_findings.md,True,42.0,ccd-workflow-2026-08-24-v1:c3b2a2cd649f4d1c
Default of Credit Card Clients,17,xgb,structural findings,xgb_best_older_bill_permutation_rank,16.0,outputs/findings/structural_findings.md,True,42.0,ccd-workflow-2026-08-24-v1:c3b2a2cd649f4d1c
