row_index,fold,y_true,y_score
0,4,0,0.6519657373428345
1,1,0,0.2996308207511902
2,3,0,0.4193181097507477
3,5,1,0.09435798227787018
4,3,0,0.34758758544921875
5,5,1,0.21018622815608978
6,5,0,0.27540746331214905
7,2,1,0.7188606858253479
8,4,0,0.049953997135162354
9,1,0,0.19153815507888794
10,1,0,0.33666351437568665
11,4,1,0.18522195518016815
12,5,1,0.35821405053138733
13,3,0,0.12197501212358475
14,4,0,0.27764660120010376
15,3,0,0.12331072986125946
16,2,1,0.6693030595779419
17,4,0,0.10540929436683655
18,5,0,0.3097238838672638
19,5,0,0.11699671298265457
20,4,0,0.184655100107193
21,4,0,0.06943732500076294
22,4,0,0.15197736024856567
23,5,0,0.5593448281288147
24,3,0,0.0564185306429863
25,1,0,0.33101075887680054
26,4,1,0.14481019973754883
27,1,0,0.11857938021421432
28,1,1,0.2460816651582718
29,4,0,0.16745324432849884
30,4,1,0.6247750520706177
31,3,0,0.07020362466573715
32,3,0,0.05734525993466377
33,1,0,0.06494728475809097
34,1,0,0.3278229832649231
35,3,0,0.2127152979373932
36,5,0,0.17053821682929993
37,3,0,0.6720883846282959
38,1,1,0.24216513335704803
39,4,0,0.5668436288833618
40,5,0,0.23556719720363617
41,3,1,0.38162392377853394
42,2,0,0.0322515070438385
43,5,1,0.38188686966896057
44,1,0,0.25188127160072327
45,5,0,0.21453392505645752
46,2,0,0.32035139203071594
47,3,0,0.0920395702123642
48,1,0,0.2330397069454193
49,4,0,0.10394386202096939
50,5,0,0.11057545989751816
51,5,1,0.655692994594574
52,4,1,0.7055879235267639
53,5,0,0.093677818775177
54,1,0,0.2560470998287201
55,4,1,0.17441822588443756
56,1,0,0.14252020418643951
57,5,0,0.22911247611045837
58,3,0,0.19672532379627228
59,5,0,0.087462417781353
60,4,0,0.3259543776512146
61,1,0,0.22712014615535736
62,1,0,0.06499310582876205
63,3,0,0.16266781091690063
64,3,0,0.0647943988442421
65,2,0,0.22211617231369019
66,5,0,0.05315840616822243
67,3,0,0.18696430325508118
68,3,0,0.0529538094997406
69,5,0,0.08224840462207794
70,2,1,0.7043470144271851
71,3,1,0.03900891914963722
72,4,1,0.5615522861480713
73,3,0,0.07856928557157516
74,5,0,0.27312949299812317
75,1,0,0.14598722755908966
76,2,0,0.1029544547200203
77,2,0,0.1451748013496399
78,4,0,0.40000972151756287
79,1,0,0.15746057033538818
80,5,1,0.14791646599769592
81,4,1,0.5836462378501892
82,3,0,0.22381821274757385
83,4,1,0.20814235508441925
84,3,0,0.1298961043357849
85,3,0,0.11772377043962479
86,3,0,0.4651707410812378
87,2,0,0.18817894160747528
88,1,0,0.15096253156661987
89,4,0,0.10707680135965347
90,3,0,0.15111155807971954
91,5,0,0.1361522376537323
92,2,0,0.32195451855659485
93,3,0,0.03330298885703087
94,4,0,0.14016792178153992
95,3,0,0.22030404210090637
96,2,0,0.46021926403045654
97,3,1,0.12490033358335495
98,4,1,0.12470940500497818
99,5,1,0.6822059750556946
100,5,0,0.3149787187576294
101,3,0,0.4083192050457001
102,3,0,0.10422587394714355
103,2,0,0.1010923758149147
104,3,1,0.33769819140434265
105,5,1,0.1670234203338623
106,2,0,0.08395449817180634
107,4,0,0.1920366734266281
108,5,0,0.11368977278470993
109,2,1,0.6405781507492065
110,3,0,0.22625400125980377
111,1,0,0.14303982257843018
112,3,0,0.09733351320028305
113,5,0,0.28622564673423767
114,3,0,0.06971874833106995
115,4,0,0.17772337794303894
116,2,0,0.05694231018424034
117,4,0,0.09594174474477768
118,1,1,0.2567835748195648
119,2,0,0.09777016937732697
120,1,1,0.16873925924301147
121,2,1,0.08865809440612793
122,3,0,0.19018243253231049
123,4,0,0.1449294537305832
124,3,0,0.1634022444486618
125,5,1,0.3876039385795593
126,1,1,0.17305494844913483
127,4,0,0.08203140646219254
128,1,0,0.49012598395347595
129,3,0,0.11427181214094162
130,4,0,0.1784309446811676
131,5,1,0.0957273617386818
132,1,0,0.11371641606092453
133,2,0,0.36316975951194763
134,2,0,0.25758785009384155
135,2,0,0.08455976098775864
136,3,0,0.10541066527366638
137,4,0,0.1176706925034523
138,1,0,0.11128060519695282
139,5,0,0.11497452855110168
140,1,0,0.1633063703775406
141,2,0,0.17747628688812256
142,1,0,0.14091543853282928
143,2,0,0.12249293178319931
144,5,0,0.3593634068965912
145,2,0,0.5155275464057922
146,5,0,0.5988146662712097
147,2,0,0.23209978640079498
148,5,0,0.13965639472007751
149,1,0,0.17760418355464935
150,5,0,0.11984840780496597
151,1,1,0.02914917655289173
152,5,0,0.2706456184387207
153,3,0,0.06430143117904663
154,5,0,0.6493015885353088
155,2,0,0.20022884011268616
156,4,0,0.1948671191930771
157,5,0,0.2224021553993225
158,2,0,0.09067913144826889
159,2,0,0.17760339379310608
160,5,0,0.06353003531694412
161,2,1,0.5104676485061646
162,1,0,0.09715855121612549
163,2,0,0.04904835298657417
164,4,0,0.23774150013923645
165,3,0,0.1786031574010849
166,3,0,0.08140648901462555
167,2,0,0.06776207685470581
168,1,1,0.35620859265327454
169,5,0,0.06924992799758911
170,1,0,0.1294666975736618
171,3,1,0.10481179505586624
172,1,0,0.0698578730225563
173,1,0,0.1256449818611145
174,5,0,0.15375345945358276
175,5,1,0.10793910920619965
176,1,1,0.1371121108531952
177,3,1,0.06772085279226303
178,4,1,0.4633740186691284
179,5,0,0.12054470926523209
180,3,0,0.054374925792217255
181,1,0,0.12613578140735626
182,2,0,0.06136094033718109
183,2,0,0.06706517934799194
184,1,0,0.2506333291530609
185,1,0,0.12476111203432083
186,5,0,0.06866640597581863
187,1,0,0.23439544439315796
188,5,0,0.029744889587163925
189,2,1,0.2214244306087494
190,2,0,0.5738959312438965
191,4,1,0.20315349102020264
192,5,0,0.07014685124158859
193,2,0,0.23804670572280884
194,5,0,0.4599551260471344
195,4,0,0.13190646469593048
196,3,1,0.12034858018159866
197,4,1,0.05974513664841652
198,1,0,0.046345822513103485
199,2,0,0.1896354705095291
200,4,0,0.18288803100585938
201,1,0,0.14963456988334656
202,4,0,0.2601413130760193
203,3,0,0.06892270594835281
204,1,0,0.08853024989366531
205,3,0,0.42655643820762634
206,3,0,0.1477613002061844
207,4,0,0.3135290741920471
208,5,0,0.08464552462100983
209,3,1,0.1872618943452835
210,2,0,0.04540447145700455
211,1,0,0.10020186007022858
212,3,0,0.06849583238363266
213,2,1,0.24512343108654022
214,2,0,0.10497429221868515
215,1,1,0.8722575306892395
216,5,0,0.1770954132080078
217,5,0,0.1001044437289238
218,2,0,0.07930965721607208
219,5,0,0.11718682944774628
220,5,0,0.0896262675523758
221,2,1,0.7490173578262329
222,2,1,0.7212908864021301
223,1,0,0.13947266340255737
224,4,0,0.16580736637115479
225,1,0,0.17115813493728638
226,5,0,0.15243281424045563
227,3,0,0.16261087357997894
228,3,0,0.04335677996277809
229,5,0,0.13981129229068756
230,5,0,0.0660756379365921
231,3,0,0.11081013083457947
232,2,0,0.40062880516052246
233,2,0,0.08610887080430984
234,3,0,0.13025863468647003
235,2,0,0.10221412032842636
236,2,0,0.24597103893756866
237,3,0,0.11964929103851318
238,4,0,0.1115489974617958
239,1,0,0.07389109581708908
240,3,0,0.27807149291038513
241,4,1,0.12003535032272339
242,3,0,0.19451239705085754
243,2,0,0.1840125322341919
244,5,1,0.4930439293384552
245,4,0,0.08511437475681305
246,1,0,0.18895763158798218
247,4,0,0.8209115862846375
248,4,0,0.4012250304222107
249,3,1,0.27135276794433594
250,4,0,0.04286157339811325
251,2,0,0.08268524706363678
252,5,0,0.0742090716958046
253,4,0,0.4659467041492462
254,2,0,0.7687442302703857
255,1,0,0.21713869273662567
256,1,0,0.3135266900062561
257,2,0,0.0964360237121582
258,4,0,0.17879846692085266
259,2,0,0.3244393765926361
260,5,0,0.2717338502407074
261,2,0,0.1576707810163498
262,1,0,0.15221631526947021
263,3,0,0.10653490573167801
264,3,1,0.6595626473426819
265,3,0,0.20655323565006256
266,1,0,0.04651285707950592
267,4,0,0.05447780340909958
268,2,0,0.22038042545318604
269,1,1,0.33523496985435486
270,5,0,0.0732988640666008
271,3,0,0.041142381727695465
272,4,0,0.1409316211938858
273,5,0,0.14757119119167328
274,5,0,0.09048546105623245
275,3,0,0.7533345222473145
276,1,0,0.08295577764511108
277,1,0,0.05783096328377724
278,5,0,0.07153011858463287
279,3,1,0.647105872631073
280,2,0,0.24446339905261993
281,2,0,0.42283719778060913
282,1,1,0.45810750126838684
283,2,0,0.08888746798038483
284,4,0,0.15973027050495148
285,4,1,0.7533075213432312
286,5,0,0.25624698400497437
287,3,1,0.27818307280540466
288,1,0,0.47084546089172363
289,4,0,0.03900044038891792
290,5,0,0.06456445902585983
291,4,0,0.13277314603328705
292,4,0,0.1480238437652588
293,4,1,0.6780275106430054
294,3,0,0.29248932003974915
295,3,0,0.1325271725654602
296,4,0,0.0933273658156395
297,3,0,0.09922152012586594
298,4,0,0.05240489915013313
299,2,0,0.05517806485295296
300,3,0,0.13906130194664001
301,1,1,0.17935922741889954
302,1,0,0.09351354092359543
303,3,0,0.11241074651479721
304,2,1,0.12085288763046265
305,3,0,0.09782692790031433
306,3,1,0.2673625349998474
307,2,0,0.07187176495790482
308,4,0,0.15044161677360535
309,1,1,0.679347813129425
310,3,1,0.7879788279533386
311,2,0,0.1274484097957611
312,1,1,0.10227999091148376
313,3,0,0.0768241286277771
314,5,0,0.1189151257276535
315,4,0,0.12123611569404602
316,4,0,0.09410883486270905
317,5,0,0.20843298733234406
318,3,0,0.19948773086071014
319,5,0,0.06498254835605621
320,5,0,0.4660192131996155
321,5,0,0.03923715651035309
322,5,0,0.089749775826931
323,4,0,0.049042392522096634
324,3,0,0.0321761891245842
325,3,1,0.22044704854488373
326,2,1,0.367297887802124
327,4,1,0.1620880663394928
328,5,1,0.7601093649864197
329,5,0,0.304991751909256
330,1,0,0.25866684317588806
331,1,1,0.27487412095069885
332,4,0,0.338645339012146
333,4,0,0.19174790382385254
334,3,0,0.28972557187080383
335,5,0,0.06662951409816742
336,1,1,0.11125326156616211
337,3,1,0.694280207157135
338,3,0,0.2755128741264343
339,2,0,0.1125810444355011
340,2,0,0.36270713806152344
341,2,1,0.46647682785987854
342,4,0,0.3083672523498535
343,3,1,0.30421182513237
344,3,0,0.13209784030914307
345,2,0,0.2391783893108368
346,2,0,0.19105112552642822
347,2,0,0.09250830858945847
348,2,0,0.13479149341583252
349,4,0,0.16472001373767853
350,5,0,0.08768211305141449
351,2,0,0.10270274430513382
352,4,0,0.08755669742822647
353,4,0,0.06471375375986099
354,4,0,0.7748711705207825
355,1,0,0.1294029802083969
356,3,0,0.06473235785961151
357,5,0,0.26484939455986023
358,3,0,0.08348386734724045
359,4,0,0.09305258095264435
360,5,0,0.05689210444688797
361,3,0,0.14987081289291382
362,5,0,0.1782880276441574
363,2,1,0.11426713317632675
364,5,0,0.233280748128891
365,5,0,0.09266907721757889
366,3,0,0.21672891080379486
367,4,0,0.11764257401227951
368,2,1,0.09027419984340668
369,3,0,0.07746714353561401
370,1,0,0.7809440493583679
371,4,0,0.12093599140644073
372,2,0,0.0798591747879982
373,1,0,0.038376785814762115
374,4,0,0.06494330614805222
375,2,0,0.07885433733463287
376,3,0,0.0950770378112793
377,3,0,0.11926069110631943
378,4,0,0.0955519825220108
379,3,0,0.3164050281047821
380,4,0,0.07170439511537552
381,3,1,0.18812857568264008
382,5,0,0.13910521566867828
383,2,1,0.46069636940956116
384,5,1,0.6678531765937805
385,4,0,0.0914161205291748
386,1,0,0.1525518298149109
387,3,0,0.08376197516918182
388,3,0,0.24959059059619904
389,4,1,0.0783671960234642
390,2,1,0.10067522525787354
391,3,0,0.15138736367225647
392,3,1,0.10111087560653687
393,1,0,0.06880911439657211
394,3,0,0.16933926939964294
395,5,0,0.1808452308177948
396,5,0,0.2380826473236084
397,4,0,0.11779104173183441
398,4,0,0.10230398923158646
399,2,0,0.3937416672706604
400,5,0,0.045364465564489365
401,2,0,0.08261451125144958
402,3,1,0.25912952423095703
403,5,0,0.10413127392530441
404,1,0,0.11348030716180801
405,4,0,0.11821326613426208
406,4,0,0.09255687147378922
407,1,0,0.09195137023925781
408,1,0,0.5926064848899841
409,5,0,0.3883324861526489
410,1,0,0.7635416388511658
411,4,0,0.08350715041160583
412,3,0,0.233265683054924
413,3,0,0.17188841104507446
414,5,0,0.10052702575922012
415,5,0,0.13113121688365936
416,1,1,0.4293749928474426
417,1,0,0.1482771635055542
418,5,0,0.19743286073207855
419,4,0,0.1551927626132965
420,3,1,0.15898765623569489
421,5,0,0.1238962709903717
422,5,0,0.07899866253137589
423,1,0,0.11178155243396759
424,4,0,0.14558082818984985
425,3,0,0.07350216060876846
426,2,0,0.13182397186756134
427,5,0,0.08216741681098938
428,3,0,0.03167428821325302
429,3,0,0.1735856980085373
430,1,1,0.12110484391450882
431,2,0,0.4449789524078369
432,2,0,0.16035369038581848
433,3,0,0.07504419982433319
434,2,1,0.10135224461555481
435,5,0,0.1345633715391159
436,2,0,0.08070173114538193
437,4,0,0.14456577599048615
438,1,0,0.12677566707134247
439,3,0,0.02618962526321411
440,3,0,0.48819592595100403
441,3,0,0.19026249647140503
442,5,0,0.23839513957500458
443,4,0,0.6015708446502686
444,5,0,0.10256492346525192
445,3,0,0.10271033644676208
446,4,0,0.1321743130683899
447,4,1,0.6455066800117493
448,4,0,0.33230024576187134
449,4,0,0.17478571832180023
450,3,0,0.05493321642279625
451,4,0,0.08703984320163727
452,4,0,0.08259570598602295
453,5,0,0.540633499622345
454,2,0,0.11980122327804565
455,1,0,0.13396939635276794
456,3,0,0.0417066290974617
457,5,0,0.11868833005428314
458,3,1,0.06898627430200577
459,2,0,0.14529791474342346
460,4,0,0.14126341044902802
461,2,0,0.06647545844316483
462,4,0,0.18808874487876892
463,4,0,0.06829028576612473
464,4,1,0.27018120884895325
465,2,0,0.08579829335212708
466,4,1,0.5364122986793518
467,4,0,0.20457346737384796
468,3,0,0.29462888836860657
469,5,0,0.12261047959327698
470,5,0,0.07885223627090454
471,1,1,0.18740834295749664
472,3,0,0.11506612598896027
473,2,0,0.18981067836284637
474,4,0,0.248276486992836
475,1,1,0.8309006094932556
476,3,0,0.22255778312683105
477,5,0,0.26383650302886963
478,1,0,0.16522832214832306
479,1,0,0.05130128934979439
480,3,0,0.16439175605773926
481,3,0,0.14323727786540985
482,3,0,0.20679594576358795
483,5,0,0.0639854371547699
484,2,0,0.16782668232917786
485,2,0,0.39772364497184753
486,5,0,0.037321146577596664
487,4,0,0.3378790020942688
488,5,1,0.15749453008174896
489,3,0,0.10439515113830566
490,3,0,0.15154390037059784
491,3,0,0.08671324700117111
492,2,0,0.11308164149522781
493,2,1,0.8168492317199707
494,5,0,0.22814399003982544
495,1,1,0.17147009074687958
496,3,0,0.1423933207988739
497,5,1,0.14148372411727905
498,1,1,0.655699610710144
499,2,0,0.14427034556865692
500,4,0,0.028093844652175903
501,5,1,0.7729234099388123
502,3,0,0.0778123140335083
503,2,0,0.038328882306814194
504,1,0,0.04033815488219261
505,3,0,0.63308185338974
506,4,0,0.12393692135810852
507,3,0,0.045191604644060135
508,4,0,0.08699784427881241
509,5,0,0.1961084008216858
510,5,1,0.5184239149093628
511,2,1,0.7878852486610413
512,1,0,0.07223217189311981
513,2,0,0.09279843419790268
514,4,0,0.5485718846321106
515,3,0,0.06445848196744919
516,5,0,0.1426386535167694
517,5,0,0.12742158770561218
518,5,0,0.08367585390806198
519,1,1,0.4659493863582611
520,5,0,0.047481924295425415
521,3,0,0.18088966608047485
522,2,0,0.4167800843715668
523,5,0,0.03563108667731285
524,3,1,0.7694419622421265
525,5,0,0.05711944401264191
526,5,0,0.12242104113101959
527,2,1,0.245809406042099
528,5,1,0.6464769840240479
529,3,0,0.06621753424406052
530,3,0,0.13553670048713684
531,4,0,0.0955657884478569
532,2,0,0.2523474097251892
533,5,0,0.12847775220870972
534,1,0,0.09721805155277252
535,1,0,0.40553075075149536
536,3,0,0.1212860494852066
537,1,1,0.266009658575058
538,2,1,0.6359347701072693
539,1,0,0.08394178003072739
540,4,0,0.1245012879371643
541,3,0,0.1789669394493103
542,1,1,0.17425981163978577
543,2,0,0.35531312227249146
544,4,0,0.21127121150493622
545,4,0,0.18238256871700287
546,1,0,0.2159169316291809
547,4,0,0.2311570942401886
548,1,1,0.16753290593624115
549,3,0,0.10499557107686996
550,5,0,0.17730766534805298
551,4,0,0.10327593982219696
552,1,0,0.14957930147647858
553,2,0,0.1992257982492447
554,2,1,0.34237736463546753
555,3,0,0.09877959638834
556,4,0,0.2799929678440094
557,5,0,0.246266171336174
558,3,0,0.13275671005249023
559,5,0,0.2040829211473465
560,1,0,0.6310432553291321
561,1,0,0.6461576223373413
562,5,0,0.1902485191822052
563,4,0,0.12201782315969467
564,3,0,0.08989926427602768
565,2,0,0.21717843413352966
566,4,0,0.10466060787439346
567,2,1,0.24304044246673584
568,2,0,0.10438188910484314
569,4,0,0.11308532953262329
570,5,1,0.14152055978775024
571,5,0,0.11657629162073135
572,2,0,0.10337425023317337
573,5,1,0.10344361513853073
574,1,0,0.06871233880519867
575,5,0,0.205124631524086
576,2,0,0.06016094982624054
577,2,0,0.454630970954895
578,4,0,0.07043028622865677
579,4,0,0.03570019453763962
580,3,0,0.06325852125883102
581,2,1,0.3509446084499359
582,5,0,0.1192086935043335
583,1,0,0.21557757258415222
584,2,0,0.09089960902929306
585,1,0,0.13696284592151642
586,3,0,0.2572741210460663
587,2,0,0.08543124049901962
588,1,0,0.14759068191051483
589,4,1,0.15515105426311493
590,5,0,0.10530515760183334
591,2,0,0.06928940117359161
592,2,0,0.16598108410835266
593,5,1,0.20048126578330994
594,1,0,0.07070674747228622
595,4,0,0.1357818990945816
596,1,0,0.19744841754436493
597,5,1,0.21594516932964325
598,1,1,0.7048132419586182
599,3,0,0.08660609275102615
600,5,0,0.06297857314348221
601,5,0,0.13830101490020752
602,4,0,0.15188001096248627
603,4,0,0.06864389777183533
604,5,0,0.309612512588501
605,2,0,0.0960288867354393
606,4,0,0.21568630635738373
607,4,1,0.15118588507175446
608,4,0,0.22106200456619263
609,3,1,0.697716474533081
610,1,1,0.5543192625045776
611,3,0,0.15529102087020874
612,4,0,0.09850651025772095
613,3,0,0.07199185341596603
614,2,0,0.1523311734199524
615,4,0,0.07502877712249756
616,2,0,0.73610919713974
617,3,0,0.05684642493724823
618,1,0,0.24138405919075012
619,5,0,0.06491374224424362
620,3,0,0.13714872300624847
621,3,1,0.6374616026878357
622,3,1,0.3026673495769501
623,1,0,0.07766826450824738
624,4,1,0.7115318179130554
625,1,1,0.19562557339668274
626,4,0,0.06314945220947266
627,3,1,0.8145816922187805
628,4,1,0.15519586205482483
629,2,0,0.052228957414627075
630,4,0,0.1441713273525238
631,3,1,0.1669541299343109
632,2,0,0.40535077452659607
633,2,0,0.11315718293190002
634,1,0,0.08344412595033646
635,5,0,0.13792072236537933
636,2,1,0.6417831182479858
637,4,0,0.03985905647277832
638,3,1,0.203931987285614
639,5,0,0.020459799095988274
640,2,1,0.2511849105358124
641,1,1,0.7478241324424744
642,4,0,0.12496603280305862
643,2,0,0.13769188523292542
644,2,0,0.06329968571662903
645,3,0,0.1631689965724945
646,4,1,0.21538200974464417
647,5,0,0.0527750588953495
648,2,0,0.16930708289146423
649,2,1,0.15862047672271729
650,3,0,0.6338209509849548
651,1,0,0.16340850293636322
652,2,0,0.16343605518341064
653,2,0,0.3351474106311798
654,4,0,0.6828963160514832
655,2,0,0.11889433860778809
656,5,0,0.5006666779518127
657,1,1,0.3175536096096039
658,1,1,0.31041502952575684
659,1,0,0.038944147527217865
660,4,1,0.14038141071796417
661,3,0,0.10205724090337753
662,4,1,0.7766304612159729
663,4,0,0.6428009867668152
664,1,0,0.12643550336360931
665,3,0,0.16277949512004852
666,1,0,0.07682902365922928
667,3,0,0.14597247540950775
668,5,0,0.11681479960680008
669,5,0,0.04594973102211952
670,5,0,0.09405480325222015
671,2,0,0.08519823849201202
672,4,0,0.15817973017692566
673,3,1,0.3803047239780426
674,4,0,0.6713576912879944
675,3,0,0.14123980700969696
676,4,0,0.14240172505378723
677,5,1,0.3023909330368042
678,2,0,0.14396394789218903
679,3,1,0.3477909564971924
680,3,0,0.21428819000720978
681,3,0,0.25742700695991516
682,4,0,0.22558127343654633
683,1,0,0.27128344774246216
684,1,0,0.09864865243434906
685,5,0,0.07521305978298187
686,2,0,0.22518707811832428
687,3,0,0.2639302909374237
688,1,1,0.7499275803565979
689,4,0,0.07184835523366928
690,5,0,0.15418343245983124
691,1,0,0.09832131117582321
692,5,0,0.3844020962715149
693,4,0,0.08281879872083664
694,2,0,0.07277954369783401
695,1,0,0.16348648071289062
696,5,0,0.26594677567481995
697,1,1,0.7180341482162476
698,4,0,0.06367677450180054
699,2,0,0.08972474932670593
700,5,1,0.09495633840560913
701,1,0,0.1028817668557167
702,3,0,0.147395521402359
703,4,0,0.10873232036828995
704,2,0,0.09601683914661407
705,2,1,0.6173074245452881
706,1,1,0.25542470812797546
707,3,1,0.7671024203300476
708,2,0,0.1976769119501114
709,5,1,0.13996827602386475
710,2,1,0.16154055297374725
711,4,1,0.38978177309036255
712,2,1,0.7240679264068604
713,1,1,0.2632983326911926
714,5,1,0.34714019298553467
715,1,0,0.10516354441642761
716,4,1,0.15915919840335846
717,2,0,0.10138606280088425
718,3,1,0.3600271940231323
719,5,0,0.12742266058921814
720,3,0,0.09600701183080673
721,5,0,0.13011375069618225
722,2,0,0.11462295055389404
723,3,0,0.10513228178024292
724,1,0,0.1280439794063568
725,4,0,0.2832713723182678
726,5,0,0.2240918129682541
727,2,1,0.6886966228485107
728,1,0,0.0434395857155323
729,2,0,0.07425425946712494
730,2,0,0.043810755014419556
731,4,0,0.37605589628219604
732,5,0,0.20513057708740234
733,5,0,0.548933207988739
734,5,1,0.807002604007721
735,1,0,0.7919447422027588
736,3,1,0.7487139105796814
737,2,0,0.1489008218050003
738,2,0,0.510542631149292
739,4,1,0.3067207336425781
740,2,0,0.07666199654340744
741,1,0,0.04061001539230347
742,5,1,0.19126681983470917
743,1,0,0.11974170804023743
744,3,0,0.7817947864532471
745,4,1,0.3519454598426819
746,4,1,0.10424306988716125
747,2,0,0.3009740114212036
748,3,0,0.7621196508407593
749,1,0,0.12771837413311005
750,4,1,0.3301595449447632
751,2,0,0.08075698465108871
752,1,0,0.15923593938350677
753,4,0,0.13788151741027832
754,5,0,0.24112340807914734
755,1,0,0.08462381362915039
756,4,1,0.23174701631069183
757,3,0,0.17674100399017334
758,5,1,0.13247163593769073
759,5,0,0.15533189475536346
760,3,0,0.07666037231683731
761,4,0,0.07242914289236069
762,5,0,0.13160066306591034
763,1,0,0.7592620849609375
764,3,0,0.03560502082109451
765,1,0,0.2036268413066864
766,2,0,0.7141435146331787
767,2,0,0.24950720369815826
768,4,0,0.11726679652929306
769,2,0,0.07247871160507202
770,3,1,0.07236233353614807
771,3,0,0.16860529780387878
772,5,0,0.17700891196727753
773,1,0,0.04414329677820206
774,3,0,0.13110406696796417
775,2,0,0.08604343980550766
776,5,1,0.10298904776573181
777,1,0,0.05340246111154556
778,1,1,0.14995324611663818
779,4,0,0.4372277557849884
780,3,1,0.48617908358573914
781,4,0,0.09247220307588577
782,4,1,0.19815529882907867
783,5,1,0.057238731533288956
784,4,0,0.07089745998382568
785,1,0,0.27013009786605835
786,1,0,0.31206101179122925
787,3,0,0.13117651641368866
788,1,0,0.1673114001750946
789,1,0,0.21489322185516357
790,3,0,0.11549051105976105
791,1,0,0.02672138437628746
792,5,0,0.14572159945964813
793,1,0,0.7896904349327087
794,5,0,0.11776182055473328
795,1,0,0.17011785507202148
796,3,0,0.04369879141449928
797,4,0,0.21464437246322632
798,4,0,0.10535731166601181
799,3,1,0.770368754863739
800,1,1,0.08063850551843643
801,1,0,0.21289464831352234
802,2,0,0.07823243737220764
803,2,0,0.1213192343711853
804,5,0,0.14928680658340454
805,3,0,0.21091119945049286
806,1,1,0.12220558524131775
807,5,1,0.6373501420021057
808,2,0,0.034702226519584656
809,1,0,0.1325763314962387
810,1,0,0.08442343771457672
811,2,0,0.08516021072864532
812,2,0,0.15798941254615784
813,3,0,0.1139727383852005
814,5,0,0.13194802403450012
815,3,0,0.11797627806663513
816,2,1,0.15360711514949799
817,1,0,0.8225477933883667
818,2,0,0.04295448958873749
819,5,0,0.04696238040924072
820,4,0,0.15474866330623627
821,5,1,0.38293731212615967
822,2,1,0.1372193843126297
823,4,1,0.6618450880050659
824,2,0,0.10609455406665802
825,2,0,0.15530836582183838
826,5,0,0.15162356197834015
827,2,0,0.0770561620593071
828,5,0,0.8130530118942261
829,5,0,0.0653759241104126
830,4,0,0.044687893241643906
831,5,0,0.336176335811615
832,1,0,0.24556073546409607
833,2,0,0.23880767822265625
834,2,0,0.17254646122455597
835,4,0,0.10789763927459717
836,5,1,0.32326778769493103
837,2,0,0.0730711966753006
838,3,0,0.19917933642864227
839,2,0,0.24664199352264404
840,2,0,0.1364896297454834
841,2,0,0.05225296691060066
842,3,0,0.07926466315984726
843,4,0,0.8399974703788757
844,2,0,0.07729596644639969
845,5,0,0.10054992139339447
846,3,0,0.24193337559700012
847,4,0,0.37519922852516174
848,4,0,0.16045290231704712
849,2,1,0.11264432221651077
850,1,0,0.11475860327482224
851,1,0,0.0921526700258255
852,1,0,0.19851678609848022
853,3,0,0.12652724981307983
854,3,0,0.16552604734897614
855,3,0,0.1451461762189865
856,2,0,0.12038356810808182
857,2,0,0.0886823832988739
858,5,0,0.09988073259592056
859,4,1,0.13438177108764648
860,5,1,0.5127502083778381
861,2,0,0.09743240475654602
862,3,1,0.20671828091144562
863,2,0,0.34558331966400146
864,3,0,0.15103070437908173
865,1,1,0.7902070879936218
866,2,0,0.17327643930912018
867,3,0,0.07689912617206573
868,4,0,0.20574605464935303
869,1,0,0.18001915514469147
870,3,0,0.1414651721715927
871,2,1,0.19708693027496338
872,1,0,0.15426088869571686
873,2,0,0.6512437462806702
874,5,0,0.13542155921459198
875,1,0,0.13532032072544098
876,1,0,0.23637352883815765
877,2,0,0.11985503882169724
878,3,0,0.07115725427865982
879,2,0,0.07453680783510208
880,2,0,0.07420466840267181
881,5,0,0.0316818505525589
882,2,1,0.15061289072036743
883,5,0,0.12518630921840668
884,2,1,0.7631818652153015
885,4,0,0.10401394218206406
886,4,0,0.3601897060871124
887,2,1,0.11686909943819046
888,2,1,0.05057450011372566
889,2,0,0.11426442116498947
890,5,0,0.08815042674541473
891,5,0,0.049278534948825836
892,2,0,0.06466254591941833
893,4,1,0.22281195223331451
894,5,0,0.3149787187576294
895,3,0,0.1334334760904312
896,2,0,0.19647589325904846
897,5,1,0.4371582567691803
898,3,1,0.2449554204940796
899,3,1,0.12794965505599976
900,5,1,0.2580796480178833
901,2,0,0.19487884640693665
902,1,0,0.14879891276359558
903,1,0,0.14482228457927704
904,3,0,0.31358012557029724
905,4,0,0.08499854803085327
906,2,1,0.11066954582929611
907,3,0,0.08480732142925262
908,2,0,0.07104450464248657
909,5,1,0.3021802008152008
910,1,0,0.2041870802640915
911,5,0,0.12107823044061661
912,5,0,0.15186582505702972
913,4,0,0.05337849259376526
914,5,0,0.03810427710413933
915,2,0,0.1249387264251709
916,1,1,0.32504621148109436
917,3,1,0.15330778062343597
918,5,0,0.10755880177021027
919,1,0,0.20373116433620453
920,2,0,0.136991485953331
921,5,1,0.4208189845085144
922,2,0,0.07348395884037018
923,4,0,0.09257595241069794
924,2,0,0.1294879913330078
925,1,1,0.6384649276733398
926,1,0,0.07746714353561401
927,3,0,0.18118123710155487
928,2,0,0.06571950018405914
929,3,1,0.7219606041908264
930,4,0,0.1655459702014923
931,1,0,0.05696145072579384
932,3,1,0.4256240427494049
933,1,0,0.09180070459842682
934,2,0,0.3734196424484253
935,3,0,0.16702662408351898
936,3,1,0.6814987659454346
937,1,1,0.4093623757362366
938,5,0,0.1568833291530609
939,3,0,0.14481094479560852
940,3,1,0.5625604391098022
941,1,1,0.16967260837554932
942,5,0,0.10978369414806366
943,3,0,0.16720712184906006
944,2,0,0.3361932933330536
945,5,1,0.07826947420835495
946,5,1,0.6772922873497009
947,4,0,0.06671550124883652
948,2,1,0.4870423972606659
949,5,1,0.7331637740135193
950,3,0,0.7678156495094299
951,3,0,0.1859246790409088
952,5,1,0.21996688842773438
953,4,1,0.7665565013885498
954,2,0,0.718531608581543
955,5,0,0.04642639681696892
956,5,1,0.5505077838897705
957,2,0,0.07324321568012238
958,5,0,0.05165984481573105
959,2,0,0.11254260689020157
960,4,0,0.20936822891235352
961,1,0,0.1785777509212494
962,4,0,0.1793978065252304
963,2,1,0.18181397020816803
964,4,0,0.3502921164035797
965,4,0,0.03877560794353485
966,3,0,0.08996359258890152
967,1,0,0.7201221585273743
968,4,1,0.37216639518737793
969,4,0,0.10555455833673477
970,2,0,0.17231208086013794
971,2,0,0.1361234337091446
972,4,0,0.10000637173652649
973,4,0,0.20157019793987274
974,3,1,0.757997453212738
975,4,1,0.1669422686100006
976,2,0,0.1416369527578354
977,3,0,0.06984545290470123
978,1,0,0.14456427097320557
979,4,0,0.30318284034729004
980,2,1,0.13549542427062988
981,1,0,0.12494700402021408
982,3,0,0.2067972868680954
983,4,1,0.6191463470458984
984,4,0,0.07828007638454437
985,5,0,0.23437540233135223
986,2,0,0.63243168592453
987,1,0,0.10042475908994675
988,5,0,0.06473550200462341
989,2,1,0.6120673418045044
990,3,0,0.3472616374492645
991,4,0,0.09348189830780029
992,1,1,0.7721665501594543
993,2,0,0.09392798691987991
994,4,0,0.5796071290969849
995,3,1,0.7339510321617126
996,4,0,0.03909691795706749
997,3,0,0.08043086528778076
998,5,0,0.09819594770669937
999,3,1,0.4997756779193878
1000,5,0,0.09403566271066666
1001,3,0,0.6113024950027466
1002,2,0,0.12415086477994919
1003,2,0,0.27375948429107666
1004,3,1,0.7509175539016724
1005,5,1,0.4607185125350952
1006,1,0,0.18660151958465576
1007,3,0,0.23129436373710632
1008,1,0,0.0823807492852211
1009,4,0,0.06238873675465584
1010,4,0,0.09693051874637604
1011,2,0,0.09914929419755936
1012,3,0,0.06053179129958153
1013,1,1,0.36307305097579956
1014,5,0,0.10090275853872299
1015,4,0,0.3063677251338959
1016,1,0,0.22084708511829376
1017,5,0,0.09486712515354156
1018,3,0,0.1345524787902832
1019,4,1,0.8022328019142151
1020,2,1,0.0796409547328949
1021,4,0,0.07335282862186432
1022,3,0,0.12016335874795914
1023,4,0,0.07678905129432678
1024,4,0,0.07559938728809357
1025,1,0,0.34910598397254944
1026,2,0,0.2162724882364273
1027,5,0,0.25117042660713196
1028,1,0,0.07590005546808243
1029,5,0,0.0952133908867836
1030,4,1,0.687501847743988
1031,5,1,0.28732389211654663
1032,2,0,0.11833570897579193
1033,3,1,0.7688520550727844
1034,2,1,0.29560068249702454
1035,2,0,0.10800210386514664
1036,4,0,0.18364065885543823
1037,4,0,0.030007164925336838
1038,2,1,0.875928521156311
1039,2,0,0.292039692401886
1040,5,1,0.11017491668462753
1041,4,1,0.7001553177833557
1042,3,1,0.23899413645267487
1043,4,0,0.05133978649973869
1044,4,0,0.073601633310318
1045,1,0,0.15918225049972534
1046,4,1,0.7539809942245483
1047,2,0,0.15476082265377045
1048,3,0,0.1357550323009491
1049,1,1,0.09994780272245407
1050,1,0,0.1600935310125351
1051,2,0,0.19872228801250458
1052,4,1,0.686847984790802
1053,4,0,0.09400731325149536
1054,2,0,0.2253441959619522
1055,3,0,0.3575219213962555
1056,2,0,0.029343364760279655
1057,2,0,0.04644482955336571
1058,1,0,0.39221304655075073
1059,5,0,0.19461537897586823
1060,2,0,0.2953682839870453
1061,5,0,0.2346360832452774
1062,1,1,0.40904954075813293
1063,5,0,0.1472781002521515
1064,5,0,0.05512341484427452
1065,4,0,0.15916256606578827
1066,1,1,0.2633098363876343
1067,4,0,0.08884284645318985
1068,3,0,0.09202901273965836
1069,2,0,0.08726967871189117
1070,1,1,0.11521417647600174
1071,2,0,0.09216760843992233
1072,2,1,0.08622418344020844
1073,3,0,0.13733869791030884
1074,2,1,0.1444326490163803
1075,3,0,0.058771662414073944
1076,2,1,0.2552427053451538
1077,5,1,0.738861083984375
1078,2,1,0.2239905148744583
1079,1,0,0.07710202038288116
1080,2,0,0.10273431986570358
1081,1,0,0.11115408688783646
1082,3,0,0.0733807235956192
1083,2,0,0.08784742653369904
1084,2,0,0.07227247208356857
1085,1,0,0.300473690032959
1086,1,0,0.08513831347227097
1087,2,0,0.12649041414260864
1088,3,0,0.16161072254180908
1089,1,0,0.436949759721756
1090,5,0,0.09248106926679611
1091,3,0,0.29110997915267944
1092,4,0,0.10066428035497665
1093,1,0,0.18447747826576233
1094,2,0,0.35930588841438293
1095,2,0,0.112772636115551
1096,5,0,0.5142621397972107
1097,4,1,0.7687333822250366
1098,2,0,0.16507908701896667
1099,4,0,0.09544456005096436
1100,2,1,0.2936972379684448
1101,5,0,0.11840369552373886
1102,1,1,0.24297372996807098
1103,2,1,0.73204505443573
1104,3,0,0.815500795841217
1105,2,1,0.15814977884292603
1106,2,0,0.06428301334381104
1107,1,0,0.2735494375228882
1108,5,0,0.6886540651321411
1109,1,0,0.20088233053684235
1110,1,0,0.06566929072141647
1111,1,0,0.14092689752578735
1112,3,0,0.05818251520395279
1113,1,1,0.15074852108955383
1114,5,1,0.28928759694099426
1115,2,1,0.6398531794548035
1116,4,0,0.2515147030353546
1117,5,1,0.14166314899921417
1118,3,0,0.1051163524389267
1119,2,0,0.12306103110313416
1120,1,0,0.13234251737594604
1121,2,0,0.07249242812395096
1122,3,0,0.590106725692749
1123,2,0,0.04813582822680473
1124,1,0,0.11621453613042831
1125,2,0,0.20820856094360352
1126,4,1,0.594935953617096
1127,3,0,0.10342853516340256
1128,4,0,0.11007373034954071
1129,5,0,0.0778290182352066
1130,2,0,0.08807352930307388
1131,3,0,0.1154513880610466
1132,2,1,0.7231676578521729
1133,4,0,0.08092865347862244
1134,3,1,0.6086218357086182
1135,3,1,0.19963468611240387
1136,1,1,0.12836401164531708
1137,5,0,0.09794824570417404
1138,2,1,0.6902645826339722
1139,3,0,0.1534118354320526
1140,4,0,0.2061549872159958
1141,2,0,0.04518098756670952
1142,1,0,0.3564389646053314
1143,5,0,0.752483606338501
1144,5,0,0.08263920992612839
1145,2,0,0.06804458051919937
1146,5,0,0.5210267901420593
1147,4,0,0.10342303663492203
1148,3,1,0.2711711525917053
1149,1,1,0.2859949469566345
1150,2,1,0.3721202313899994
1151,2,0,0.15676958858966827
1152,4,1,0.16337209939956665
1153,5,0,0.15265953540802002
1154,4,1,0.26646292209625244
1155,2,1,0.10308852046728134
1156,2,0,0.08692595362663269
1157,5,0,0.15452829003334045
1158,4,0,0.15564976632595062
1159,3,0,0.047101400792598724
1160,2,0,0.11028297245502472
1161,3,0,0.2094867080450058
1162,4,0,0.13398879766464233
1163,4,0,0.10490287840366364
1164,5,0,0.4446336627006531
1165,2,0,0.6538823246955872
1166,5,0,0.07133947312831879
1167,3,1,0.6996728181838989
1168,2,1,0.16982948780059814
1169,1,0,0.18229319155216217
1170,3,0,0.0810384601354599
1171,4,1,0.1340961456298828
1172,5,1,0.7069312930107117
1173,5,0,0.056361813098192215
1174,3,0,0.13118739426136017
1175,4,0,0.6190118193626404
1176,5,0,0.10763652622699738
1177,3,0,0.2544589638710022
1178,5,0,0.07134353369474411
1179,3,0,0.07594570517539978
1180,5,0,0.10903645306825638
1181,2,0,0.16401489078998566
1182,1,0,0.20600631833076477
1183,1,0,0.07634338736534119
1184,1,0,0.07122328877449036
1185,4,0,0.26873865723609924
1186,3,0,0.08259280771017075
1187,1,0,0.04375371336936951
1188,5,0,0.17068001627922058
1189,1,0,0.12605686485767365
1190,5,1,0.8515393733978271
1191,5,0,0.09916408360004425
1192,1,1,0.6650893092155457
1193,1,0,0.2606806457042694
1194,4,0,0.14783644676208496
1195,4,0,0.17581109702587128
1196,5,0,0.13878963887691498
1197,1,0,0.12130006402730942
1198,4,0,0.28989461064338684
1199,2,0,0.16604657471179962
1200,5,0,0.1630646288394928
1201,3,1,0.6709781885147095
1202,1,0,0.7941814064979553
1203,2,0,0.6569271087646484
1204,2,1,0.11359294503927231
1205,1,0,0.11223750561475754
1206,2,0,0.14809657633304596
1207,2,0,0.08560209721326828
1208,2,0,0.15718328952789307
1209,3,1,0.7278062105178833
1210,1,1,0.31401893496513367
1211,4,1,0.07358544319868088
1212,2,0,0.06602827459573746
1213,5,0,0.08955422043800354
1214,1,0,0.2716071903705597
1215,3,0,0.12602698802947998
1216,5,0,0.09712138026952744
1217,2,0,0.15539711713790894
1218,3,0,0.10279852151870728
1219,4,0,0.21174800395965576
1220,2,1,0.20008046925067902
1221,2,1,0.7645153403282166
1222,1,1,0.03194065019488335
1223,5,0,0.2881414294242859
1224,5,0,0.14536376297473907
1225,1,0,0.15872517228126526
1226,2,0,0.06480015814304352
1227,1,1,0.7742559313774109
1228,3,0,0.6311463117599487
1229,3,0,0.08769042789936066
1230,3,1,0.3384458124637604
1231,5,0,0.029598180204629898
1232,5,0,0.22721177339553833
1233,1,0,0.11544109135866165
1234,4,0,0.05671170353889465
1235,5,0,0.061667874455451965
1236,5,0,0.2451716512441635
1237,3,0,0.17267942428588867
1238,3,0,0.04570896923542023
1239,2,0,0.10755696892738342
1240,4,0,0.6709981560707092
1241,1,0,0.13064587116241455
1242,1,0,0.19561177492141724
1243,4,1,0.1368875801563263
1244,5,1,0.5453986525535583
1245,4,1,0.48742756247520447
1246,5,0,0.3847845494747162
1247,3,0,0.0682656466960907
1248,5,0,0.0558093823492527
1249,1,0,0.06298918277025223
1250,3,0,0.07986926287412643
1251,3,0,0.20976106822490692
1252,2,0,0.07548792660236359
1253,3,0,0.12345904856920242
1254,5,0,0.1056382954120636
1255,1,0,0.07675910741090775
1256,2,0,0.18650297820568085
1257,4,1,0.3921661078929901
1258,3,0,0.09748867154121399
1259,2,1,0.07146743685007095
1260,5,0,0.21666380763053894
1261,3,0,0.4546070694923401
1262,5,0,0.0695633739233017
1263,4,0,0.0674356073141098
1264,5,1,0.6672000288963318
1265,2,0,0.060030676424503326
1266,4,0,0.5561316609382629
1267,4,0,0.1184447780251503
1268,4,1,0.14111411571502686
1269,1,1,0.48494771122932434
1270,4,0,0.1554236114025116
1271,1,1,0.06082199141383171
1272,3,0,0.13263045251369476
1273,4,0,0.20354248583316803
1274,2,0,0.17790792882442474
1275,5,1,0.6662322878837585
1276,4,0,0.05467889830470085
1277,1,0,0.1750285029411316
1278,3,1,0.1427856683731079
1279,3,0,0.13353189826011658
1280,5,0,0.15213963389396667
1281,2,1,0.2471180558204651
1282,5,1,0.408470094203949
1283,5,0,0.05844587832689285
1284,4,1,0.09219564497470856
1285,2,0,0.1730351597070694
1286,3,0,0.07888408750295639
1287,5,0,0.09376589208841324
1288,1,0,0.6233006119728088
1289,1,0,0.10356325656175613
1290,4,0,0.17287243902683258
1291,1,0,0.08882644772529602
1292,3,1,0.20231977105140686
1293,5,0,0.11115234345197678
1294,5,0,0.13332130014896393
1295,5,1,0.3822137415409088
1296,4,0,0.5106675028800964
1297,1,0,0.13838250935077667
1298,5,0,0.107475645840168
1299,4,0,0.23725280165672302
1300,5,0,0.14327573776245117
1301,5,0,0.10855938494205475
1302,3,1,0.2824057936668396
1303,3,0,0.07757803052663803
1304,1,1,0.12301633507013321
1305,5,0,0.28440216183662415
1306,4,1,0.16353240609169006
1307,2,0,0.05684681981801987
1308,3,1,0.2142210453748703
1309,3,1,0.6387460827827454
1310,3,0,0.045275285840034485
1311,4,1,0.8007427453994751
1312,2,0,0.05270424857735634
1313,1,0,0.10450717806816101
1314,5,1,0.5586853623390198
1315,4,0,0.07481245696544647
1316,4,0,0.19776764512062073
1317,4,0,0.05298019200563431
1318,5,0,0.0927174761891365
1319,4,0,0.1704646348953247
1320,5,0,0.055002856999635696
1321,3,0,0.15538324415683746
1322,2,0,0.1266302615404129
1323,5,0,0.07111931592226028
1324,1,0,0.18673619627952576
1325,1,0,0.1612655222415924
1326,5,0,0.054699353873729706
1327,4,0,0.05096300318837166
1328,5,0,0.128160297870636
1329,3,0,0.163275808095932
1330,4,1,0.6747177839279175
1331,2,1,0.31462937593460083
1332,1,0,0.0753868892788887
1333,4,0,0.039382901042699814
1334,2,1,0.3187960386276245
1335,4,0,0.10073596984148026
1336,1,1,0.33834582567214966
1337,1,0,0.15513138473033905
1338,2,0,0.09078339487314224
1339,2,1,0.22383634746074677
1340,3,0,0.21352490782737732
1341,4,0,0.0933932363986969
1342,4,0,0.14125694334506989
1343,5,0,0.09663300961256027
1344,4,0,0.06479465216398239
1345,3,0,0.04260426387190819
1346,1,0,0.03643088415265083
1347,1,0,0.09652822464704514
1348,1,1,0.13545219600200653
1349,1,0,0.041482023894786835
1350,5,0,0.08671212196350098
1351,1,0,0.21219104528427124
1352,5,0,0.07633933424949646
1353,3,0,0.31806814670562744
1354,5,1,0.14576032757759094
1355,2,0,0.09552812576293945
1356,1,1,0.7500815987586975
1357,1,0,0.20045892894268036
1358,4,0,0.13265220820903778
1359,5,0,0.3471541702747345
1360,1,0,0.05296671390533447
1361,1,1,0.44651710987091064
1362,2,1,0.5318083763122559
1363,4,1,0.5277315378189087
1364,4,1,0.1699918508529663
1365,4,1,0.4535863697528839
1366,2,0,0.19816166162490845
1367,2,0,0.26605093479156494
1368,5,0,0.14747941493988037
1369,1,1,0.10952115058898926
1370,1,0,0.21892589330673218
1371,1,0,0.1604062020778656
1372,4,0,0.12656940519809723
1373,3,1,0.13591018319129944
1374,1,0,0.06358233839273453
1375,4,0,0.1920158714056015
1376,3,0,0.08240773528814316
1377,4,1,0.7131328582763672
1378,4,0,0.25191929936408997
1379,1,0,0.043104879558086395
1380,5,0,0.14208732545375824
1381,3,0,0.30387869477272034
1382,4,1,0.7698436379432678
1383,5,0,0.1304853856563568
1384,2,0,0.08401443809270859
1385,2,0,0.15144923329353333
1386,3,0,0.10352280735969543
1387,5,0,0.3032679855823517
1388,5,0,0.1187671348452568
1389,4,0,0.06225353479385376
1390,5,1,0.18175844848155975
1391,4,0,0.11273970454931259
1392,1,0,0.12580075860023499
1393,3,1,0.1895371824502945
1394,5,0,0.3640316128730774
1395,1,0,0.08473161607980728
1396,2,0,0.10414424538612366
1397,4,0,0.1414000689983368
1398,2,0,0.08128301799297333
1399,3,0,0.06070665642619133
1400,3,1,0.08965253084897995
1401,2,0,0.03424917533993721
1402,4,0,0.18000227212905884
1403,2,0,0.09331590682268143
1404,2,0,0.30993181467056274
1405,2,0,0.15197855234146118
1406,5,0,0.07514022290706635
1407,2,1,0.7607754468917847
1408,1,0,0.06728718429803848
1409,5,0,0.15705887973308563
1410,2,0,0.036240678280591965
1411,2,0,0.1090518906712532
1412,1,0,0.10232198983430862
1413,1,0,0.04863198846578598
1414,2,0,0.05035823956131935
1415,5,0,0.13133259117603302
1416,2,0,0.33550503849983215
1417,3,0,0.05015411227941513
1418,5,0,0.10499753803014755
1419,3,0,0.5559245347976685
1420,5,0,0.10709428787231445
1421,1,0,0.6470730900764465
1422,2,0,0.15578562021255493
1423,1,1,0.37933921813964844
1424,1,0,0.28395381569862366
1425,5,0,0.07313606142997742
1426,5,0,0.06956224888563156
1427,3,0,0.22826910018920898
1428,4,1,0.5362499952316284
1429,2,1,0.7207499742507935
1430,4,0,0.07498467713594437
1431,3,0,0.15960323810577393
1432,5,0,0.1500089019536972
1433,4,1,0.7226481437683105
1434,2,0,0.08582286536693573
1435,4,0,0.38477835059165955
1436,4,0,0.04931613802909851
1437,5,1,0.6272770166397095
1438,2,0,0.10224735736846924
1439,1,0,0.0806054025888443
1440,3,0,0.12675803899765015
1441,5,0,0.08175373077392578
1442,3,0,0.3859819769859314
1443,1,0,0.1315832883119583
1444,4,0,0.05533624440431595
1445,4,0,0.07171192020177841
1446,1,0,0.15016871690750122
1447,3,0,0.057798679918050766
1448,3,0,0.18803100287914276
1449,5,0,0.04882845655083656
1450,3,0,0.08065517246723175
1451,5,0,0.21195167303085327
1452,1,0,0.14790166914463043
1453,5,1,0.6896693110466003
1454,3,0,0.1437840312719345
1455,1,0,0.09867189079523087
1456,3,0,0.13981619477272034
1457,2,0,0.139102965593338
1458,5,0,0.12746694684028625
1459,2,1,0.7523528337478638
1460,2,0,0.08140219002962112
1461,5,0,0.1632927507162094
1462,2,1,0.845823347568512
1463,4,0,0.3455529808998108
1464,2,0,0.38486576080322266
1465,4,0,0.22281010448932648
1466,2,0,0.15796133875846863
1467,1,1,0.07084827125072479
1468,4,0,0.3854674696922302
1469,4,0,0.23210735619068146
1470,2,1,0.6372233033180237
1471,2,1,0.5309957265853882
1472,4,0,0.13012371957302094
1473,1,0,0.12029008567333221
1474,5,0,0.07958433777093887
1475,4,0,0.0580071322619915
1476,5,0,0.09786520898342133
1477,4,1,0.7596603035926819
1478,3,0,0.13239915668964386
1479,2,1,0.061781711876392365
1480,5,1,0.1650950014591217
1481,3,0,0.1771196573972702
1482,2,0,0.16258184611797333
1483,1,0,0.11524464935064316
1484,2,1,0.4415699243545532
1485,2,0,0.07346438616514206
1486,2,0,0.3656044602394104
1487,2,0,0.0492389053106308
1488,5,1,0.2527087926864624
1489,4,0,0.1160786971449852
1490,4,0,0.21468381583690643
1491,3,0,0.30639827251434326
1492,5,0,0.10653287917375565
1493,2,0,0.24351760745048523
1494,1,1,0.23740489780902863
1495,3,0,0.1293037086725235
1496,1,0,0.09945695102214813
1497,1,0,0.05892632156610489
1498,3,0,0.053072474896907806
1499,5,1,0.2785069942474365
1500,3,1,0.4222443103790283
1501,4,1,0.8333420753479004
1502,4,0,0.06493215262889862
1503,2,0,0.20974771678447723
1504,3,0,0.09733065962791443
1505,5,0,0.20487651228904724
1506,2,0,0.11181318759918213
1507,2,0,0.09638757258653641
1508,2,0,0.14918774366378784
1509,2,0,0.06093495339155197
1510,2,1,0.11931252479553223
1511,3,0,0.1762010008096695
1512,2,0,0.09292084723711014
1513,5,0,0.1840692162513733
1514,3,0,0.24849441647529602
1515,3,1,0.09683377295732498
1516,5,0,0.061987947672605515
1517,3,0,0.7303634285926819
1518,4,0,0.17647062242031097
1519,3,0,0.044520363211631775
1520,1,0,0.1640702188014984
1521,4,0,0.12801435589790344
1522,3,0,0.20053498446941376
1523,2,0,0.4847176969051361
1524,3,0,0.3837105631828308
1525,5,0,0.09532377868890762
1526,3,1,0.1364649534225464
1527,2,0,0.054418474435806274
1528,1,0,0.20377828180789948
1529,4,1,0.2940675616264343
1530,3,0,0.04865545779466629
1531,5,1,0.11413688212633133
1532,3,1,0.08303531259298325
1533,3,0,0.06350202858448029
1534,4,0,0.1319712996482849
1535,5,0,0.3388514816761017
1536,2,0,0.07811764627695084
1537,5,1,0.7786340713500977
1538,3,0,0.047070980072021484
1539,2,1,0.7627399563789368
1540,5,1,0.47980403900146484
1541,3,0,0.13660261034965515
1542,2,0,0.1523580551147461
1543,3,0,0.029065588489174843
1544,4,0,0.19306354224681854
1545,3,0,0.10936994105577469
1546,2,0,0.6574164032936096
1547,3,0,0.09376710653305054
1548,1,0,0.2440509796142578
1549,3,0,0.054294392466545105
1550,3,0,0.14115320146083832
1551,2,0,0.19696949422359467
1552,2,0,0.8207600116729736
1553,4,0,0.13031814992427826
1554,4,0,0.14752739667892456
1555,1,0,0.333697646856308
1556,5,0,0.08300202339887619
1557,4,1,0.17861512303352356
1558,1,0,0.3821618854999542
1559,4,0,0.5762673616409302
1560,3,1,0.17332009971141815
1561,5,0,0.10169239342212677
1562,5,1,0.11295431107282639
1563,1,0,0.09044749289751053
1564,1,0,0.06231800839304924
1565,1,0,0.14798736572265625
1566,2,0,0.11955895274877548
1567,5,1,0.6848002672195435
1568,3,0,0.03784216567873955
1569,1,0,0.12030776590108871
1570,2,0,0.3638285994529724
1571,5,0,0.15352123975753784
1572,5,0,0.15246732532978058
1573,3,0,0.1689308136701584
1574,3,0,0.1597510278224945
1575,5,0,0.11620939522981644
1576,1,0,0.041604191064834595
1577,4,1,0.1951036900281906
1578,5,0,0.2758614122867584
1579,2,0,0.11079803854227066
1580,1,1,0.2520129978656769
1581,4,1,0.2677145004272461
1582,4,0,0.06268411874771118
1583,2,0,0.44668030738830566
1584,2,0,0.15204821527004242
1585,5,0,0.6075749397277832
1586,3,0,0.1731228232383728
1587,1,0,0.11688043922185898
1588,3,0,0.0691390410065651
1589,3,0,0.14593292772769928
1590,4,0,0.08859483152627945
1591,4,0,0.0432862862944603
1592,3,0,0.17375153303146362
1593,2,0,0.1613355576992035
1594,5,1,0.26807233691215515
1595,5,0,0.0595620721578598
1596,4,0,0.12352024763822556
1597,4,0,0.07763508707284927
1598,5,0,0.11880221217870712
1599,2,0,0.1636132150888443
1600,2,1,0.502098023891449
1601,4,0,0.09734593331813812
1602,1,1,0.035391636192798615
1603,3,0,0.27793529629707336
1604,1,0,0.6155746579170227
1605,3,1,0.09487259387969971
1606,3,0,0.2074093520641327
1607,4,0,0.16413888335227966
1608,3,0,0.039162687957286835
1609,4,0,0.11693473905324936
1610,5,1,0.2407061606645584
1611,5,0,0.07666885107755661
1612,4,0,0.10146045684814453
1613,5,0,0.28023889660835266
1614,3,0,0.11420971900224686
1615,2,0,0.06653030961751938
1616,2,1,0.10110560804605484
1617,3,0,0.06479275971651077
1618,3,0,0.17560751736164093
1619,1,0,0.06431000679731369
1620,2,0,0.05711108073592186
1621,1,1,0.5281047821044922
1622,3,1,0.10424228757619858
1623,3,0,0.16262030601501465
1624,4,0,0.5545222163200378
1625,1,0,0.056643109768629074
1626,5,0,0.21288469433784485
1627,2,1,0.7962936758995056
1628,1,0,0.10183119773864746
1629,5,0,0.14045022428035736
1630,1,0,0.12547127902507782
1631,1,1,0.332611083984375
1632,3,0,0.10220245271921158
1633,5,0,0.05314597487449646
1634,3,0,0.2433391809463501
1635,1,0,0.11747525632381439
1636,2,0,0.08669683337211609
1637,2,0,0.15974675118923187
1638,1,0,0.12210489064455032
1639,5,0,0.20246754586696625
1640,5,0,0.2893866300582886
1641,3,0,0.06642716377973557
1642,4,0,0.05962512269616127
1643,2,1,0.7640047669410706
1644,1,0,0.039716657251119614
1645,5,0,0.09499239176511765
1646,4,0,0.12048105150461197
1647,3,0,0.46731036901474
1648,1,0,0.14113229513168335
1649,3,0,0.06960715353488922
1650,2,0,0.3578040301799774
1651,1,0,0.15753814578056335
1652,1,0,0.10652046650648117
1653,3,0,0.5512660145759583
1654,4,0,0.07779888063669205
1655,5,0,0.17216306924819946
1656,5,0,0.1377369612455368
1657,3,0,0.11778298765420914
1658,1,0,0.14222827553749084
1659,1,0,0.15302959084510803
1660,5,0,0.3155214786529541
1661,5,0,0.15342985093593597
1662,5,0,0.05917639285326004
1663,2,0,0.2704654932022095
1664,2,1,0.09295261651277542
1665,3,0,0.0784422755241394
1666,4,0,0.15827837586402893
1667,4,0,0.09607315808534622
1668,4,1,0.17174877226352692
1669,1,0,0.22192558646202087
1670,2,0,0.21535515785217285
1671,3,0,0.17564858496189117
1672,4,0,0.07210883498191833
1673,2,0,0.056115660816431046
1674,4,0,0.7211511135101318
1675,3,0,0.10080131143331528
1676,1,1,0.8115421533584595
1677,5,0,0.23016802966594696
1678,5,1,0.1232917383313179
1679,3,0,0.31931233406066895
1680,1,0,0.04827221482992172
1681,5,1,0.7808712124824524
1682,5,1,0.3102445602416992
1683,1,0,0.10853905975818634
1684,2,0,0.11858580261468887
1685,3,0,0.14863790571689606
1686,3,0,0.18462887406349182
1687,1,0,0.12871228158473969
1688,4,0,0.1127784326672554
1689,4,0,0.10139928758144379
1690,5,0,0.1527312844991684
1691,3,1,0.467585951089859
1692,3,0,0.09796098619699478
1693,2,0,0.06967385858297348
1694,3,1,0.2910977602005005
1695,1,1,0.3362700343132019
1696,1,1,0.1207965612411499
1697,5,0,0.12579970061779022
1698,5,1,0.05032837390899658
1699,4,0,0.05161837115883827
1700,4,0,0.04428213834762573
1701,3,0,0.07615773379802704
1702,4,0,0.0544920489192009
1703,3,0,0.2047373652458191
1704,4,0,0.12197837233543396
1705,5,0,0.07530342042446136
1706,4,0,0.09972451627254486
1707,3,0,0.11367104202508926
1708,3,0,0.06416032463312149
1709,2,0,0.09785698354244232
1710,4,0,0.30323535203933716
1711,1,0,0.17359189689159393
1712,2,1,0.319304883480072
1713,2,0,0.32959023118019104
1714,1,0,0.11546636372804642
1715,2,0,0.08141335099935532
1716,2,0,0.18949167430400848
1717,3,0,0.20294570922851562
1718,2,0,0.10974268615245819
1719,3,0,0.3157396614551544
1720,5,0,0.11015327274799347
1721,1,0,0.5704405903816223
1722,3,0,0.13363301753997803
1723,5,0,0.04572410508990288
1724,5,0,0.13153602182865143
1725,5,1,0.44148892164230347
1726,5,1,0.430720716714859
1727,2,0,0.1272713989019394
1728,1,0,0.18371698260307312
1729,2,0,0.1599879413843155
1730,2,0,0.05217554420232773
1731,2,1,0.6598911285400391
1732,4,0,0.10041777789592743
1733,2,1,0.32441246509552
1734,2,1,0.08737078309059143
1735,2,0,0.16018544137477875
1736,2,0,0.44658005237579346
1737,2,0,0.2970731258392334
1738,2,0,0.2706444561481476
1739,5,1,0.3715350925922394
1740,2,0,0.4268980324268341
1741,4,0,0.06500568985939026
1742,1,1,0.17340685427188873
1743,2,0,0.07953698188066483
1744,1,0,0.544802725315094
1745,1,0,0.052559301257133484
1746,3,0,0.16208665072917938
1747,1,0,0.0613892488181591
1748,4,0,0.311392605304718
1749,3,0,0.06847427785396576
1750,1,0,0.07032697647809982
1751,1,0,0.07018660008907318
1752,2,0,0.053798869252204895
1753,5,1,0.21281281113624573
1754,3,0,0.07859540730714798
1755,5,1,0.7281244993209839
1756,3,0,0.06043035909533501
1757,4,0,0.07615679502487183
1758,2,1,0.1284293234348297
1759,5,0,0.19185824692249298
1760,1,0,0.15711885690689087
1761,2,0,0.2505771815776825
1762,5,0,0.1035420149564743
1763,2,1,0.3291664123535156
1764,4,0,0.07822263240814209
1765,5,0,0.3841908872127533
1766,3,1,0.7076863050460815
1767,4,0,0.07551227509975433
1768,1,0,0.2593115568161011
1769,4,0,0.1511647254228592
1770,1,0,0.11085768043994904
1771,4,0,0.17011094093322754
1772,4,1,0.2995449900627136
1773,4,0,0.1259409338235855
1774,3,1,0.8507813811302185
1775,1,0,0.09446797519922256
1776,3,1,0.25452977418899536
1777,3,0,0.29132673144340515
1778,4,0,0.09226839989423752
1779,3,0,0.21847854554653168
1780,2,0,0.08003593236207962
1781,5,0,0.14175714552402496
1782,4,0,0.1313887983560562
1783,2,0,0.08991420269012451
1784,3,0,0.05439180135726929
1785,4,0,0.10485278815031052
1786,3,0,0.15322723984718323
1787,3,1,0.2193571925163269
1788,1,0,0.5431700348854065
1789,1,0,0.16242721676826477
1790,5,1,0.227735698223114
1791,4,0,0.09111449122428894
1792,1,0,0.15213815867900848
1793,4,0,0.08692676573991776
1794,5,0,0.09944618493318558
1795,2,0,0.16973590850830078
1796,3,0,0.1910896897315979
1797,2,0,0.23829694092273712
1798,3,1,0.326396644115448
1799,2,0,0.1741781383752823
1800,4,0,0.07184597104787827
1801,3,1,0.10825105756521225
1802,4,0,0.08482372015714645
1803,2,1,0.4893426299095154
1804,3,0,0.061395056545734406
1805,1,0,0.12305798381567001
1806,5,0,0.285897821187973
1807,1,0,0.11172884702682495
1808,1,0,0.04319692403078079
1809,3,0,0.17501385509967804
1810,5,0,0.44695544242858887
1811,1,0,0.06065370887517929
1812,4,0,0.07001760601997375
1813,5,0,0.029481537640094757
1814,4,0,0.2722912132740021
1815,3,0,0.17283247411251068
1816,2,0,0.5532100200653076
1817,1,0,0.12244001030921936
1818,4,1,0.746336817741394
1819,3,0,0.1898244470357895
1820,1,0,0.09221228212118149
1821,5,1,0.6249445080757141
1822,1,0,0.10660048574209213
1823,4,0,0.36229515075683594
1824,2,0,0.12914703786373138
1825,4,0,0.1903466284275055
1826,5,1,0.6523322463035583
1827,3,0,0.1203581914305687
1828,4,0,0.15094661712646484
1829,2,0,0.06340409070253372
1830,2,0,0.161915123462677
1831,1,0,0.11264032870531082
1832,4,0,0.37083834409713745
1833,1,1,0.5893042683601379
1834,1,0,0.13349425792694092
1835,3,0,0.06714362651109695
1836,2,1,0.39476314187049866
1837,2,0,0.1498861014842987
1838,1,1,0.7706555724143982
1839,4,0,0.16501650214195251
1840,4,0,0.1630460023880005
1841,4,0,0.08289317041635513
1842,2,0,0.5147344470024109
1843,5,1,0.09168265759944916
1844,5,0,0.07810236513614655
1845,1,0,0.18371985852718353
1846,1,1,0.1950434148311615
1847,1,0,0.05302698537707329
1848,4,0,0.06328516453504562
1849,5,1,0.6099768280982971
1850,4,0,0.2178996354341507
1851,3,0,0.1354905515909195
1852,2,0,0.1322837471961975
1853,3,0,0.07759436219930649
1854,1,0,0.03644977882504463
1855,4,0,0.08123692125082016
1856,5,0,0.05882913991808891
1857,2,1,0.6748148202896118
1858,1,0,0.12602701783180237
1859,1,0,0.06130276620388031
1860,2,0,0.16933558881282806
1861,1,0,0.1859292834997177
1862,3,0,0.25339406728744507
1863,4,0,0.08365899324417114
1864,3,1,0.764443576335907
1865,2,0,0.10027767717838287
1866,3,1,0.36490386724472046
1867,5,0,0.22998401522636414
1868,4,1,0.7572044134140015
1869,1,0,0.16236326098442078
1870,2,0,0.1621689796447754
1871,1,0,0.052059054374694824
1872,3,0,0.05277397483587265
1873,5,0,0.12817193567752838
1874,3,0,0.10158292204141617
1875,5,0,0.11096370220184326
1876,1,0,0.230110764503479
1877,4,0,0.10063950717449188
1878,1,0,0.1573515087366104
1879,5,0,0.12349112331867218
1880,4,0,0.702269971370697
1881,5,1,0.14093582332134247
1882,1,0,0.08017107844352722
1883,4,0,0.37712299823760986
1884,4,0,0.06601135432720184
1885,5,0,0.18833085894584656
1886,1,1,0.8111799359321594
1887,3,0,0.21625220775604248
1888,4,0,0.044523272663354874
1889,5,0,0.2360321432352066
1890,2,0,0.3133600652217865
1891,2,0,0.108444444835186
1892,4,0,0.7292633652687073
1893,5,0,0.3299514055252075
1894,4,1,0.5946457386016846
1895,3,0,0.6084799766540527
1896,3,0,0.17980006337165833
1897,5,0,0.1806211918592453
1898,4,0,0.1172221302986145
1899,3,0,0.3086221516132355
1900,1,1,0.6504103541374207
1901,1,1,0.4496227502822876
1902,5,0,0.06555752456188202
1903,5,0,0.04387235268950462
1904,5,1,0.3457699120044708
1905,1,0,0.15535593032836914
1906,4,0,0.4394911825656891
1907,1,0,0.1208949163556099
1908,1,0,0.056748587638139725
1909,1,0,0.12616711854934692
1910,5,0,0.0597844235599041
1911,1,0,0.03568323701620102
1912,4,0,0.270946204662323
1913,2,1,0.386197566986084
1914,1,0,0.2911904454231262
1915,5,0,0.1014881506562233
1916,2,0,0.2790261507034302
1917,3,1,0.3268519639968872
1918,4,0,0.10856201499700546
1919,1,0,0.10734672099351883
1920,1,0,0.14698216319084167
1921,5,0,0.6408947110176086
1922,4,0,0.18423613905906677
1923,1,1,0.3714129328727722
1924,2,0,0.0862588882446289
1925,5,1,0.14016209542751312
1926,5,0,0.10091028362512589
1927,5,0,0.07974426448345184
1928,3,1,0.07376579940319061
1929,3,0,0.14268885552883148
1930,2,0,0.8823179602622986
1931,4,0,0.34182074666023254
1932,3,1,0.11440388113260269
1933,2,0,0.11241386830806732
1934,5,0,0.14873863756656647
1935,1,0,0.719968855381012
1936,1,0,0.1730165332555771
1937,4,0,0.07514433562755585
1938,3,0,0.1158459335565567
1939,5,1,0.3033890724182129
1940,5,0,0.047948721796274185
1941,1,0,0.03955964371562004
1942,3,0,0.47516578435897827
1943,1,0,0.20621904730796814
1944,2,1,0.7981772422790527
1945,5,0,0.0404922179877758
1946,3,0,0.1462867110967636
1947,1,0,0.17210380733013153
1948,3,0,0.06834043562412262
1949,2,0,0.04689682647585869
1950,5,0,0.10040487349033356
1951,2,0,0.062329668551683426
1952,4,0,0.23601461946964264
1953,3,1,0.14897935092449188
1954,4,0,0.13722138106822968
1955,2,0,0.1883375346660614
1956,3,0,0.21446135640144348
1957,5,1,0.14898033440113068
1958,2,1,0.5978086590766907
1959,4,0,0.20953722298145294
1960,2,0,0.03495694324374199
1961,2,1,0.6262322068214417
1962,2,0,0.08453927934169769
1963,5,0,0.16475766897201538
1964,5,0,0.13606581091880798
1965,1,0,0.16705511510372162
1966,3,0,0.37647560238838196
1967,5,0,0.14607010781764984
1968,4,0,0.23240385949611664
1969,2,0,0.08472821116447449
1970,3,0,0.18630768358707428
1971,4,0,0.13179852068424225
1972,4,1,0.15877753496170044
1973,4,1,0.23194964230060577
1974,1,0,0.14622002840042114
1975,5,0,0.07569963485002518
1976,1,0,0.07495393604040146
1977,1,0,0.0894169956445694
1978,1,0,0.09497488290071487
1979,4,1,0.2523326873779297
1980,5,0,0.326815664768219
1981,3,0,0.12288425117731094
1982,2,0,0.5888235569000244
1983,1,0,0.1125628650188446
1984,3,1,0.13436581194400787
1985,3,0,0.0530196838080883
1986,1,0,0.13671554625034332
1987,3,0,0.19618594646453857
1988,3,0,0.16498008370399475
1989,4,1,0.5383744835853577
1990,3,1,0.7527255415916443
1991,5,0,0.08861483633518219
1992,3,0,0.10289981961250305
1993,1,0,0.2497515231370926
1994,1,1,0.6457483172416687
1995,5,0,0.08840958029031754
1996,1,0,0.20074810087680817
1997,1,1,0.5099486708641052
1998,2,0,0.03343595564365387
1999,2,0,0.10642754286527634
2000,5,1,0.3543424904346466
2001,5,0,0.09653180092573166
2002,3,0,0.09691441059112549
2003,2,0,0.2351212501525879
2004,3,0,0.07323028147220612
2005,3,0,0.2565217912197113
2006,2,0,0.11752967536449432
2007,5,0,0.6234561204910278
2008,5,1,0.7728630304336548
2009,3,0,0.05336490646004677
2010,4,0,0.13512815535068512
2011,2,1,0.296317994594574
2012,5,0,0.08349917829036713
2013,2,0,0.13530747592449188
2014,4,0,0.07627984136343002
2015,4,0,0.1114707812666893
2016,1,1,0.2358456254005432
2017,5,0,0.08903505653142929
2018,5,0,0.11148358136415482
2019,3,0,0.175274059176445
2020,4,0,0.13214989006519318
2021,1,0,0.06404060125350952
2022,1,1,0.1582770198583603
2023,5,0,0.3880721628665924
2024,3,1,0.6644887328147888
2025,1,0,0.18175974488258362
2026,2,0,0.04977354034781456
2027,1,1,0.5123074054718018
2028,5,0,0.3252185881137848
2029,5,0,0.37704890966415405
2030,3,0,0.7192362546920776
2031,2,0,0.09335470199584961
2032,4,0,0.09425368905067444
2033,3,0,0.02871309407055378
2034,2,0,0.09907890111207962
2035,4,0,0.07332082837820053
2036,1,0,0.1613776832818985
2037,2,1,0.7180380821228027
2038,5,0,0.13777299225330353
2039,2,0,0.17499996721744537
2040,1,0,0.07949842512607574
2041,3,0,0.5300409197807312
2042,1,1,0.5718953609466553
2043,1,0,0.05950465425848961
2044,4,0,0.05342904478311539
2045,4,0,0.11216817051172256
2046,1,0,0.07004453241825104
2047,3,0,0.10349315404891968
2048,5,0,0.20257648825645447
2049,2,0,0.05934823304414749
2050,3,0,0.07237366586923599
2051,4,0,0.30764058232307434
2052,4,1,0.5142055153846741
2053,4,0,0.2792564630508423
2054,2,0,0.20347237586975098
2055,1,0,0.1374126821756363
2056,1,0,0.2284976691007614
2057,1,0,0.12044108659029007
2058,1,1,0.8722575306892395
2059,3,0,0.21673712134361267
2060,4,0,0.8122010827064514
2061,3,0,0.7366100549697876
2062,5,0,0.17533616721630096
2063,3,0,0.09306496381759644
2064,3,1,0.10472371429204941
2065,4,1,0.7834944128990173
2066,4,0,0.16899792850017548
2067,4,0,0.13231362402439117
2068,2,0,0.07449409365653992
2069,1,1,0.41029107570648193
2070,5,1,0.3584309220314026
2071,2,1,0.21452076733112335
2072,5,1,0.7889972925186157
2073,4,0,0.09812121838331223
2074,4,0,0.23777329921722412
2075,4,0,0.14975212514400482
2076,2,0,0.7281426191329956
2077,5,0,0.06101399287581444
2078,4,0,0.10711653530597687
2079,4,1,0.4388652741909027
2080,5,0,0.18282431364059448
2081,2,0,0.21107850968837738
2082,3,1,0.13057367503643036
2083,1,0,0.13954013586044312
2084,3,1,0.16227827966213226
2085,4,0,0.24719896912574768
2086,1,0,0.06628752499818802
2087,3,0,0.17280541360378265
2088,1,0,0.0934065654873848
2089,4,0,0.03127739578485489
2090,2,0,0.14330849051475525
2091,4,1,0.14545008540153503
2092,5,1,0.35665562748908997
2093,2,0,0.17948167026042938
2094,4,0,0.08152321726083755
2095,4,0,0.102992944419384
2096,5,1,0.36537110805511475
2097,1,0,0.13415217399597168
2098,5,1,0.09445539116859436
2099,1,0,0.18518777191638947
2100,3,0,0.17730802297592163
2101,1,0,0.242507666349411
2102,4,0,0.3598489761352539
2103,1,0,0.20299775898456573
2104,5,0,0.08035197108983994
2105,1,0,0.22757279872894287
2106,2,1,0.7076996564865112
2107,3,0,0.09061665087938309
2108,4,0,0.1696770340204239
2109,4,0,0.16337011754512787
2110,5,0,0.09065548330545425
2111,3,1,0.5136754512786865
2112,5,0,0.10966172814369202
2113,3,0,0.1308058500289917
2114,4,0,0.11009683459997177
2115,3,1,0.3262476623058319
2116,3,0,0.18836261332035065
2117,3,1,0.7495808005332947
2118,5,1,0.688700258731842
2119,4,0,0.07587961107492447
2120,5,1,0.13962340354919434
2121,3,1,0.3719736635684967
2122,3,0,0.19620299339294434
2123,3,0,0.1536356657743454
2124,4,0,0.3093225657939911
2125,1,0,0.08956877887248993
2126,5,0,0.09260717034339905
2127,5,0,0.2701389193534851
2128,5,0,0.47519436478614807
2129,5,0,0.06938672810792923
2130,3,0,0.1901271641254425
2131,2,0,0.07774678617715836
2132,4,1,0.0730239674448967
2133,1,0,0.13675157725811005
2134,3,0,0.10926225781440735
2135,2,0,0.08125367015600204
2136,1,0,0.6232237815856934
2137,4,0,0.2482261210680008
2138,1,1,0.7165479063987732
2139,3,0,0.19843082129955292
2140,2,1,0.2906080484390259
2141,3,1,0.28868168592453003
2142,5,0,0.1316068470478058
2143,2,0,0.16668184101581573
2144,3,0,0.05641212314367294
2145,5,0,0.13364540040493011
2146,3,0,0.11196452379226685
2147,2,0,0.6116900444030762
2148,3,0,0.05948828533291817
2149,2,0,0.07558920234441757
2150,1,0,0.13790909945964813
2151,3,0,0.08009126037359238
2152,3,0,0.20775054395198822
2153,2,0,0.10160230100154877
2154,1,1,0.26674383878707886
2155,3,0,0.26285529136657715
2156,5,0,0.19542090594768524
2157,3,0,0.03441622853279114
2158,3,0,0.2586335241794586
2159,4,0,0.1328345537185669
2160,5,0,0.11470402032136917
2161,1,0,0.09735468775033951
2162,5,0,0.1573255956172943
2163,1,0,0.2087964117527008
2164,3,0,0.6802397966384888
2165,2,0,0.7112415432929993
2166,4,0,0.1471978724002838
2167,3,0,0.17806695401668549
2168,4,0,0.39295852184295654
2169,3,0,0.7955881953239441
2170,2,1,0.12273509800434113
2171,3,0,0.19669486582279205
2172,3,0,0.03384177386760712
2173,3,0,0.18402612209320068
2174,2,0,0.07787765562534332
2175,5,0,0.10944126546382904
2176,1,0,0.10538490116596222
2177,1,0,0.14317293465137482
2178,5,1,0.022175583988428116
2179,5,0,0.07106821984052658
2180,1,0,0.6618288159370422
2181,5,0,0.11524923145771027
2182,1,0,0.12309397011995316
2183,2,0,0.16283060610294342
2184,4,0,0.3470552861690521
2185,2,0,0.03487662598490715
2186,1,1,0.09045573323965073
2187,2,0,0.02223999612033367
2188,3,0,0.0692877396941185
2189,4,0,0.4441978931427002
2190,3,0,0.15231630206108093
2191,1,0,0.10748067498207092
2192,3,0,0.1535666137933731
2193,3,0,0.06237349286675453
2194,3,0,0.21245600283145905
2195,1,1,0.35147884488105774
2196,3,0,0.13973435759544373
2197,3,1,0.7466991543769836
2198,4,0,0.3332958221435547
2199,3,1,0.057574763894081116
2200,4,0,0.12945127487182617
2201,3,0,0.2980763912200928
2202,4,1,0.31750360131263733
2203,2,0,0.11832332611083984
2204,3,0,0.22092442214488983
2205,5,0,0.19378606975078583
2206,1,0,0.23207882046699524
2207,2,1,0.5223541259765625
2208,3,0,0.037169307470321655
2209,1,0,0.09911569952964783
2210,3,0,0.1082061380147934
2211,5,0,0.06751824170351028
2212,3,0,0.16102947294712067
2213,4,1,0.13524937629699707
2214,2,0,0.1394854038953781
2215,4,0,0.18082214891910553
2216,1,0,0.15594443678855896
2217,3,0,0.27314043045043945
2218,3,1,0.716372549533844
2219,3,0,0.0748237669467926
2220,4,0,0.05103723332285881
2221,4,0,0.05136619880795479
2222,2,1,0.2376694530248642
2223,2,0,0.12924093008041382
2224,3,0,0.12533637881278992
2225,4,0,0.18262432515621185
2226,3,1,0.620812714099884
2227,5,0,0.26399561762809753
2228,5,0,0.0766090378165245
2229,2,0,0.10785043984651566
2230,5,1,0.8096954226493835
2231,2,0,0.2080969512462616
2232,5,1,0.12729255855083466
2233,5,0,0.06690849363803864
2234,2,0,0.06988627463579178
2235,2,1,0.6290463209152222
2236,5,0,0.24620753526687622
2237,3,0,0.10019151866436005
2238,1,0,0.1766107827425003
2239,5,1,0.13540561497211456
2240,4,0,0.10631037503480911
2241,2,0,0.07782310992479324
2242,3,0,0.10605237632989883
2243,4,0,0.21473191678524017
2244,4,0,0.11181718856096268
2245,5,1,0.18279868364334106
2246,4,0,0.14259685575962067
2247,4,0,0.20039713382720947
2248,3,0,0.06337566673755646
2249,5,0,0.182403564453125
2250,4,0,0.11999864131212234
2251,2,0,0.6341337561607361
2252,3,0,0.15756329894065857
2253,1,0,0.15845617651939392
2254,2,0,0.19652795791625977
2255,1,1,0.7015972137451172
2256,2,0,0.17362946271896362
2257,4,0,0.17930227518081665
2258,1,0,0.9147768616676331
2259,4,0,0.09660312533378601
2260,3,0,0.04743971675634384
2261,2,0,0.08387895673513412
2262,2,0,0.42040151357650757
2263,5,0,0.06388437002897263
2264,3,0,0.22506414353847504
2265,5,0,0.06859233975410461
2266,1,0,0.16539625823497772
2267,2,1,0.10771282762289047
2268,5,1,0.22193634510040283
2269,5,0,0.19858816266059875
2270,4,0,0.08977032452821732
2271,5,0,0.14733050763607025
2272,1,0,0.0760970339179039
2273,4,1,0.1651414930820465
2274,2,0,0.2090437114238739
2275,5,1,0.19045743346214294
2276,4,0,0.1689242422580719
2277,3,0,0.11668619513511658
2278,3,0,0.14690224826335907
2279,4,0,0.14884626865386963
2280,2,0,0.10924743860960007
2281,3,0,0.12774132192134857
2282,2,0,0.10720385611057281
2283,4,0,0.14269451797008514
2284,4,1,0.16753821074962616
2285,2,1,0.16053643822669983
2286,5,1,0.29784905910491943
2287,1,0,0.103019118309021
2288,4,1,0.07573819160461426
2289,2,1,0.0784057229757309
2290,4,0,0.033171769231557846
2291,5,0,0.1902579367160797
2292,4,0,0.15336474776268005
2293,3,0,0.25098446011543274
2294,5,0,0.09508255124092102
2295,3,0,0.12255890667438507
2296,4,0,0.09269599616527557
2297,5,0,0.10964543372392654
2298,5,0,0.14580540359020233
2299,4,0,0.06541410833597183
2300,5,1,0.12134040892124176
2301,5,1,0.7084535956382751
2302,2,0,0.21320779621601105
2303,1,0,0.10728628188371658
2304,5,0,0.1637372523546219
2305,4,0,0.12844228744506836
2306,1,0,0.10932847857475281
2307,4,0,0.18630582094192505
2308,1,1,0.7282828688621521
2309,1,0,0.12877486646175385
2310,1,0,0.2522919476032257
2311,3,0,0.07303815335035324
2312,3,0,0.7546473145484924
2313,3,1,0.7610604763031006
2314,1,1,0.1296568065881729
2315,3,0,0.09517086297273636
2316,2,0,0.04702247306704521
2317,1,0,0.043567363172769547
2318,5,0,0.12638135254383087
2319,3,1,0.4196010231971741
2320,4,0,0.3962082266807556
2321,2,0,0.16491979360580444
2322,3,1,0.729988157749176
2323,4,0,0.11763368546962738
2324,4,0,0.394027441740036
2325,2,0,0.09259588271379471
2326,2,0,0.03171548992395401
2327,3,1,0.07379740476608276
2328,2,1,0.4219271242618561
2329,2,0,0.15594220161437988
2330,3,0,0.17232124507427216
2331,1,0,0.2891232967376709
2332,1,0,0.7563377022743225
2333,5,0,0.12788425385951996
2334,5,0,0.10399547964334488
2335,5,0,0.041147828102111816
2336,4,0,0.3079841732978821
2337,1,0,0.20859433710575104
2338,1,1,0.282793253660202
2339,2,0,0.06728512048721313
2340,5,0,0.12303521484136581
2341,2,0,0.12982556223869324
2342,1,0,0.1748127043247223
2343,5,0,0.1577368825674057
2344,2,0,0.04987861588597298
2345,4,0,0.19874714314937592
2346,4,0,0.16147728264331818
2347,4,0,0.12619848549365997
2348,1,0,0.19350647926330566
2349,4,1,0.7198672890663147
2350,4,0,0.05343388020992279
2351,2,0,0.3348519504070282
2352,2,1,0.42810285091400146
2353,2,1,0.7064116597175598
2354,3,0,0.1930764615535736
2355,4,0,0.042233649641275406
2356,4,0,0.2852763831615448
2357,5,1,0.6557216644287109
2358,4,0,0.054946836084127426
2359,3,0,0.13629184663295746
2360,1,0,0.1476706564426422
2361,4,0,0.11488257348537445
2362,4,0,0.13225822150707245
2363,1,0,0.06636366248130798
2364,5,0,0.3645791709423065
2365,2,0,0.14080166816711426
2366,5,0,0.8514099717140198
2367,2,0,0.06680682301521301
2368,5,0,0.07344968616962433
2369,3,1,0.06510592252016068
2370,1,0,0.28152894973754883
2371,3,1,0.36704859137535095
2372,1,1,0.5910616517066956
2373,5,0,0.09993795305490494
2374,5,0,0.053705815225839615
2375,5,0,0.06111826375126839
2376,4,0,0.14232568442821503
2377,1,0,0.12850628793239594
2378,5,0,0.12181613594293594
2379,4,0,0.10195455700159073
2380,2,1,0.12577404081821442
2381,1,0,0.2735155522823334
2382,3,0,0.28240489959716797
2383,4,1,0.7741239070892334
2384,4,0,0.22369129955768585
2385,2,0,0.11325675249099731
2386,2,1,0.37104544043540955
2387,4,0,0.07336486876010895
2388,4,0,0.16971246898174286
2389,3,1,0.16904987394809723
2390,2,0,0.15367259085178375
2391,2,1,0.7320712208747864
2392,5,0,0.1882522851228714
2393,4,0,0.07487694174051285
2394,2,0,0.13901828229427338
2395,4,0,0.06173577532172203
2396,3,0,0.45385435223579407
2397,1,0,0.292512983083725
2398,2,0,0.04779822751879692
2399,1,1,0.18763740360736847
2400,3,0,0.056877125054597855
2401,2,0,0.07277961075305939
2402,2,0,0.0790761336684227
2403,5,1,0.15091150999069214
2404,3,0,0.09197252988815308
2405,3,0,0.12436018884181976
2406,5,0,0.11426779627799988
2407,4,0,0.11157442629337311
2408,1,0,0.33621421456336975
2409,5,0,0.04747674614191055
2410,3,0,0.30111590027809143
2411,2,0,0.06427191942930222
2412,4,1,0.3440173268318176
2413,1,0,0.04457732290029526
2414,2,0,0.16739767789840698
2415,5,0,0.21933726966381073
2416,1,1,0.33415311574935913
2417,2,0,0.09643691778182983
2418,1,1,0.5225690603256226
2419,1,0,0.05404146760702133
2420,1,0,0.6700671911239624
2421,2,0,0.7389451265335083
2422,2,0,0.21993452310562134
2423,2,1,0.4481649398803711
2424,3,0,0.036270711570978165
2425,2,0,0.1317165195941925
2426,3,0,0.0764198824763298
2427,4,0,0.10863404721021652
2428,3,0,0.08276795595884323
2429,2,1,0.10957115143537521
2430,1,0,0.6804949045181274
2431,4,0,0.17581620812416077
2432,2,0,0.15034370124340057
2433,5,0,0.22767779231071472
2434,4,1,0.1403934359550476
2435,2,1,0.4628742039203644
2436,5,0,0.09698733687400818
2437,3,0,0.06954532116651535
2438,5,1,0.38291916251182556
2439,1,0,0.1357721984386444
2440,3,0,0.10093995183706284
2441,5,1,0.719246506690979
2442,2,1,0.6404097080230713
2443,2,0,0.06167612224817276
2444,2,0,0.05733107030391693
2445,4,0,0.059440456330776215
2446,1,0,0.13782504200935364
2447,4,0,0.08152355998754501
2448,3,1,0.2815708816051483
2449,3,0,0.055118609219789505
2450,5,0,0.09471440315246582
2451,2,0,0.06288181245326996
2452,2,0,0.09401125460863113
2453,1,1,0.46607449650764465
2454,4,0,0.14290428161621094
2455,2,0,0.2372521609067917
2456,1,1,0.7322518825531006
2457,2,0,0.09006821364164352
2458,5,1,0.1790451556444168
2459,1,0,0.33652713894844055
2460,2,0,0.15360446274280548
2461,4,0,0.15291723608970642
2462,4,0,0.1417040377855301
2463,3,0,0.7672291398048401
2464,1,1,0.13411350548267365
2465,1,0,0.12167396396398544
2466,4,1,0.26867204904556274
2467,4,0,0.12033998966217041
2468,5,0,0.09243979305028915
2469,2,0,0.05010206997394562
2470,2,0,0.1258605569601059
2471,3,0,0.2010599672794342
2472,5,0,0.2979644536972046
2473,4,0,0.06048526242375374
2474,5,0,0.11583888530731201
2475,3,0,0.4336159825325012
2476,2,1,0.5936313271522522
2477,3,0,0.18131664395332336
2478,4,1,0.7109549045562744
2479,4,0,0.141020730137825
2480,2,1,0.1108333021402359
2481,2,0,0.3049965500831604
2482,3,0,0.02843499928712845
2483,3,1,0.35065263509750366
2484,1,1,0.1280413419008255
2485,5,0,0.09070946276187897
2486,5,0,0.16109664738178253
2487,3,1,0.14548097550868988
2488,2,0,0.09574848413467407
2489,3,0,0.038134001195430756
2490,1,0,0.0712377056479454
2491,4,0,0.055139102041721344
2492,3,0,0.6220885515213013
2493,5,0,0.0551094114780426
2494,5,0,0.27079713344573975
2495,5,0,0.20934511721134186
2496,3,0,0.04822951555252075
2497,1,0,0.3261987566947937
2498,4,0,0.20253969728946686
2499,3,0,0.6427844762802124
2500,3,0,0.06995199620723724
2501,4,0,0.4004185199737549
2502,4,0,0.17084167897701263
2503,3,0,0.14285776019096375
2504,1,0,0.20763272047042847
2505,1,0,0.08040059357881546
2506,4,1,0.15749938786029816
2507,2,0,0.395727276802063
2508,1,0,0.19252513349056244
2509,2,0,0.33529502153396606
2510,1,0,0.09024035185575485
2511,4,0,0.1394147127866745
2512,1,1,0.7009169459342957
2513,1,0,0.0523344986140728
2514,2,0,0.10788258165121078
2515,4,0,0.09685314446687698
2516,5,0,0.13999438285827637
2517,1,1,0.5066287517547607
2518,5,1,0.31174126267433167
2519,3,0,0.33441436290740967
2520,5,0,0.16025018692016602
2521,4,0,0.07867491990327835
2522,5,0,0.10930999368429184
2523,1,1,0.04413102567195892
2524,2,0,0.06064026802778244
2525,5,1,0.7923671007156372
2526,1,0,0.04314064234495163
2527,3,0,0.11485005915164948
2528,4,0,0.1119803786277771
2529,5,1,0.5846723914146423
2530,2,0,0.4678882360458374
2531,3,1,0.7240906357765198
2532,5,0,0.1623656153678894
2533,4,0,0.09563302993774414
2534,4,1,0.5750730037689209
2535,4,0,0.08608940243721008
2536,2,0,0.12306074798107147
2537,4,1,0.1798861026763916
2538,4,0,0.0674746036529541
2539,4,1,0.2629048228263855
2540,4,0,0.15552078187465668
2541,3,0,0.1746501326560974
2542,5,0,0.07906588912010193
2543,4,1,0.633223831653595
2544,4,0,0.14092986285686493
2545,5,0,0.1252078413963318
2546,1,0,0.17080533504486084
2547,3,0,0.1529732644557953
2548,5,0,0.7593242526054382
2549,1,1,0.655645489692688
2550,4,1,0.5247640013694763
2551,5,0,0.14668789505958557
2552,5,0,0.1782195270061493
2553,2,0,0.07969078421592712
2554,3,0,0.7354901432991028
2555,1,0,0.2080526053905487
2556,4,1,0.12786927819252014
2557,1,0,0.1268923580646515
2558,4,0,0.11320418864488602
2559,3,1,0.027595970779657364
2560,1,0,0.08492337912321091
2561,2,0,0.07817968726158142
2562,3,0,0.16051220893859863
2563,4,0,0.1362956166267395
2564,3,0,0.05094422027468681
2565,3,0,0.0745052918791771
2566,1,1,0.5068144202232361
2567,2,1,0.055687516927719116
2568,3,1,0.8292039632797241
2569,5,0,0.1270504742860794
2570,3,0,0.11558763682842255
2571,5,0,0.17219263315200806
2572,3,0,0.11418291926383972
2573,5,0,0.05887934938073158
2574,1,0,0.13622203469276428
2575,5,0,0.10276845097541809
2576,5,0,0.25551414489746094
2577,3,0,0.21922867000102997
2578,1,0,0.19431303441524506
2579,2,0,0.06331703066825867
2580,1,0,0.1586247831583023
2581,1,1,0.385385662317276
2582,1,1,0.4508199989795685
2583,1,1,0.03878812864422798
2584,2,0,0.6880049705505371
2585,2,0,0.06630294024944305
2586,4,0,0.05489266663789749
2587,4,0,0.21669530868530273
2588,3,0,0.12593401968479156
2589,4,0,0.06206439808011055
2590,2,1,0.6182408332824707
2591,4,0,0.05645599961280823
2592,1,0,0.07266762852668762
2593,5,1,0.4393998980522156
2594,4,0,0.31867730617523193
2595,3,0,0.09061571210622787
2596,3,0,0.3048596680164337
2597,4,1,0.19514943659305573
2598,5,1,0.42337891459465027
2599,4,0,0.1809111386537552
2600,5,0,0.05103590711951256
2601,5,0,0.058030471205711365
2602,2,0,0.13984881341457367
2603,5,0,0.18048059940338135
2604,1,1,0.46433350443840027
2605,1,0,0.46686428785324097
2606,5,0,0.33103275299072266
2607,2,0,0.747186005115509
2608,1,0,0.035622239112854004
2609,2,0,0.6666971445083618
2610,2,0,0.1762339323759079
2611,5,0,0.4074423909187317
2612,2,0,0.07782743871212006
2613,4,0,0.09576079994440079
2614,2,0,0.1675201654434204
2615,1,0,0.07758618891239166
2616,5,0,0.02775820903480053
2617,1,0,0.11485721915960312
2618,1,1,0.1095598116517067
2619,4,0,0.14727120101451874
2620,2,0,0.07374908775091171
2621,5,0,0.16106417775154114
2622,2,0,0.14796267449855804
2623,1,0,0.11687170714139938
2624,3,1,0.6878536343574524
2625,4,0,0.03637590631842613
2626,2,0,0.32496723532676697
2627,1,0,0.11134964227676392
2628,4,1,0.8163625001907349
2629,5,0,0.0992177426815033
2630,4,0,0.060369063168764114
2631,2,0,0.05728253722190857
2632,1,1,0.7441381216049194
2633,2,0,0.5895065069198608
2634,5,0,0.17080095410346985
2635,3,0,0.18569643795490265
2636,1,0,0.2016388177871704
2637,4,0,0.09163972735404968
2638,3,0,0.4052678048610687
2639,3,0,0.17276695370674133
2640,2,0,0.14643266797065735
2641,4,0,0.06023511290550232
2642,5,0,0.0832056775689125
2643,3,0,0.048441845923662186
2644,2,0,0.1351417452096939
2645,4,0,0.30973875522613525
2646,1,0,0.09215609729290009
2647,1,0,0.1574939489364624
2648,5,1,0.1610354781150818
2649,5,0,0.10189133137464523
2650,4,0,0.15125128626823425
2651,1,0,0.0887373760342598
2652,2,1,0.7222428321838379
2653,1,1,0.8020978569984436
2654,3,0,0.17873913049697876
2655,3,0,0.32984331250190735
2656,4,0,0.3433361351490021
2657,1,0,0.215152308344841
2658,2,0,0.11785539984703064
2659,2,0,0.07242260873317719
2660,1,0,0.08373090624809265
2661,4,1,0.7453843355178833
2662,2,0,0.11825576424598694
2663,1,0,0.2641329765319824
2664,1,0,0.0405263677239418
2665,2,0,0.17602169513702393
2666,2,0,0.09967213124036789
2667,4,0,0.1244606226682663
2668,1,0,0.1933877319097519
2669,4,0,0.1101166382431984
2670,1,1,0.4336872100830078
2671,2,0,0.2613260746002197
2672,4,0,0.0909869521856308
2673,1,1,0.4797104299068451
2674,3,0,0.6956487894058228
2675,3,1,0.07848059386014938
2676,1,0,0.10241972655057907
2677,4,0,0.07851546257734299
2678,1,0,0.18526048958301544
2679,3,0,0.0548219233751297
2680,3,0,0.07364669442176819
2681,4,0,0.12691843509674072
2682,4,1,0.7657796740531921
2683,4,1,0.16132541000843048
2684,2,0,0.28514212369918823
2685,4,1,0.21614307165145874
2686,4,0,0.11640413105487823
2687,5,1,0.0905638113617897
2688,1,0,0.13666222989559174
2689,1,1,0.10860717296600342
2690,1,0,0.1014006957411766
2691,2,0,0.06855301558971405
2692,4,0,0.1377440243959427
2693,3,1,0.11243049055337906
2694,2,0,0.10598809272050858
2695,1,0,0.40460097789764404
2696,3,0,0.06785500049591064
2697,3,0,0.26897087693214417
2698,1,1,0.7733354568481445
2699,5,0,0.2036343365907669
2700,3,0,0.1560695916414261
2701,3,0,0.13071714341640472
2702,5,0,0.191157266497612
2703,4,0,0.05178795009851456
2704,2,0,0.1155606061220169
2705,1,0,0.07898837327957153
2706,3,0,0.24046127498149872
2707,4,1,0.5757244825363159
2708,3,0,0.16519208252429962
2709,1,0,0.4108090102672577
2710,3,0,0.03563278913497925
2711,2,0,0.14153726398944855
2712,5,0,0.09273502975702286
2713,4,0,0.05837399885058403
2714,2,0,0.08250047266483307
2715,5,0,0.4752153158187866
2716,1,0,0.10265566408634186
2717,2,0,0.21614038944244385
2718,3,0,0.12551303207874298
2719,5,0,0.0675579085946083
2720,5,0,0.22209927439689636
2721,2,0,0.10893597453832626
2722,2,0,0.6661390662193298
2723,3,0,0.04475904256105423
2724,1,0,0.2024342119693756
2725,2,1,0.671377420425415
2726,1,0,0.09971011430025101
2727,3,0,0.0744098648428917
2728,4,0,0.14495877921581268
2729,1,0,0.1334037482738495
2730,1,0,0.12216871231794357
2731,5,0,0.15987949073314667
2732,5,0,0.03160710632801056
2733,2,0,0.3082498610019684
2734,3,0,0.13680951297283173
2735,5,0,0.3864161968231201
2736,1,0,0.6237918734550476
2737,2,0,0.0942651703953743
2738,3,0,0.17129279673099518
2739,1,0,0.17233207821846008
2740,5,1,0.41112202405929565
2741,1,0,0.12999019026756287
2742,5,1,0.7228212952613831
2743,1,0,0.6034586429595947
2744,2,0,0.06855277717113495
2745,1,0,0.1612965613603592
2746,1,0,0.09583798050880432
2747,2,0,0.5291544795036316
2748,2,0,0.04958920180797577
2749,3,0,0.20091038942337036
2750,4,1,0.23366288840770721
2751,2,0,0.09526289999485016
2752,5,0,0.2438899129629135
2753,1,0,0.13958705961704254
2754,5,0,0.08734729140996933
2755,5,0,0.2122771292924881
2756,4,1,0.19295893609523773
2757,5,1,0.7594550848007202
2758,1,0,0.0984882190823555
2759,1,0,0.05149891600012779
2760,5,1,0.8421653509140015
2761,5,0,0.1826924979686737
2762,5,0,0.14394140243530273
2763,4,0,0.6281856894493103
2764,3,1,0.6177423596382141
2765,5,0,0.11124014854431152
2766,5,1,0.15688930451869965
2767,2,0,0.15949925780296326
2768,2,0,0.09100014716386795
2769,5,0,0.32443130016326904
2770,1,0,0.0518532395362854
2771,3,0,0.07404717803001404
2772,1,0,0.16109991073608398
2773,5,0,0.1316215842962265
2774,4,1,0.7625678777694702
2775,5,0,0.40554079413414
2776,5,1,0.6451649069786072
2777,4,0,0.10692469030618668
2778,2,0,0.15095098316669464
2779,4,0,0.09963954985141754
2780,1,0,0.3209056556224823
2781,5,0,0.044025320559740067
2782,1,0,0.08666890114545822
2783,2,1,0.5969814658164978
2784,1,0,0.08077481389045715
2785,4,0,0.05159365385770798
2786,1,0,0.2575395703315735
2787,3,0,0.06713127344846725
2788,1,0,0.641861081123352
2789,2,1,0.13583382964134216
2790,4,1,0.23946818709373474
2791,5,1,0.16380327939987183
2792,5,0,0.11939381808042526
2793,5,0,0.04650116339325905
2794,4,0,0.0769500657916069
2795,4,0,0.046863898634910583
2796,3,0,0.0993213802576065
2797,4,1,0.707099437713623
2798,1,1,0.6486616730690002
2799,4,0,0.09853815287351608
2800,3,0,0.1180180236697197
2801,3,0,0.2995300889015198
2802,3,1,0.0701393112540245
2803,2,0,0.08037757128477097
2804,3,1,0.6582818031311035
2805,4,0,0.10437346249818802
2806,5,1,0.1848018616437912
2807,3,1,0.22459343075752258
2808,4,1,0.46805837750434875
2809,5,0,0.04769407585263252
2810,2,0,0.21937452256679535
2811,4,0,0.3405808210372925
2812,5,0,0.1751498132944107
2813,1,1,0.443939208984375
2814,3,0,0.13343489170074463
2815,4,0,0.42150622606277466
2816,3,0,0.08039572834968567
2817,3,0,0.30330201983451843
2818,3,0,0.0821462944149971
2819,1,0,0.11967217922210693
2820,4,0,0.04614757373929024
2821,1,0,0.11404932290315628
2822,3,0,0.15453270077705383
2823,5,0,0.10312160849571228
2824,1,0,0.14389725029468536
2825,3,0,0.11605250090360641
2826,4,1,0.7754891514778137
2827,2,1,0.7542159557342529
2828,3,0,0.0873531624674797
2829,5,0,0.12489552795886993
2830,3,0,0.09239377826452255
2831,4,0,0.24231402575969696
2832,4,0,0.2246582955121994
2833,2,1,0.09835595637559891
2834,4,0,0.10491342097520828
2835,3,0,0.14188416302204132
2836,4,0,0.23213934898376465
2837,4,0,0.0840698704123497
2838,1,0,0.1657061129808426
2839,3,0,0.05029623955488205
2840,4,1,0.5254259705543518
2841,5,0,0.04454997554421425
2842,1,0,0.24582485854625702
2843,1,0,0.3214724063873291
2844,5,0,0.05656418949365616
2845,4,1,0.5496476888656616
2846,1,0,0.11602767556905746
2847,1,0,0.12016493082046509
2848,4,0,0.16596156358718872
2849,3,1,0.15791843831539154
2850,5,0,0.1846354603767395
2851,3,0,0.077348493039608
2852,4,0,0.09526984393596649
2853,1,0,0.34502819180488586
2854,1,0,0.11349771916866302
2855,1,0,0.26869523525238037
2856,4,0,0.1315232366323471
2857,1,1,0.17182175815105438
2858,4,0,0.11966715008020401
2859,3,0,0.2138681411743164
2860,1,1,0.28881213068962097
2861,5,1,0.19793455302715302
2862,2,0,0.18243104219436646
2863,3,0,0.07092347741127014
2864,4,0,0.2993622422218323
2865,3,1,0.821148693561554
2866,2,0,0.16128981113433838
2867,1,0,0.10209021717309952
2868,2,1,0.06295128166675568
2869,4,0,0.13075925409793854
2870,5,0,0.11903640627861023
2871,3,0,0.1733367145061493
2872,1,0,0.33855295181274414
2873,1,1,0.6488218307495117
2874,1,0,0.10246676206588745
2875,5,0,0.1471753716468811
2876,3,1,0.3919764757156372
2877,5,0,0.17439697682857513
2878,3,0,0.16347940266132355
2879,1,0,0.10665147006511688
2880,1,1,0.5968554019927979
2881,5,0,0.07159872353076935
2882,3,0,0.17170599102973938
2883,2,1,0.4038124978542328
2884,2,0,0.21866005659103394
2885,3,0,0.14497727155685425
2886,4,0,0.14343266189098358
2887,1,0,0.1268748939037323
2888,5,0,0.1766403168439865
2889,4,1,0.8281517028808594
2890,3,1,0.5640605092048645
2891,1,0,0.15309220552444458
2892,5,0,0.14797742664813995
2893,3,0,0.2923544943332672
2894,3,0,0.15992866456508636
2895,2,0,0.2435770332813263
2896,3,0,0.05453423410654068
2897,5,0,0.0475987009704113
2898,3,1,0.5173561573028564
2899,5,1,0.501711905002594
2900,2,0,0.2024872750043869
2901,5,1,0.14992891252040863
2902,3,0,0.08210283517837524
2903,2,0,0.10727758705615997
2904,1,0,0.37027543783187866
2905,1,0,0.08022674918174744
2906,1,0,0.2575497627258301
2907,3,0,0.2185686230659485
2908,3,0,0.07638758420944214
2909,2,0,0.17715595662593842
2910,1,0,0.09479686617851257
2911,4,0,0.07228727638721466
2912,3,0,0.1395304650068283
2913,4,1,0.19434136152267456
2914,4,0,0.2175968587398529
2915,4,0,0.07115902006626129
2916,4,0,0.0651983916759491
2917,5,1,0.74362713098526
2918,2,0,0.054901108145713806
2919,3,0,0.13215582072734833
2920,4,1,0.671221137046814
2921,4,1,0.6461573839187622
2922,3,0,0.10816961526870728
2923,2,0,0.3328412175178528
2924,4,0,0.10646317154169083
2925,3,0,0.09790097922086716
2926,1,0,0.11060149222612381
2927,2,0,0.08507785201072693
2928,4,0,0.10803619027137756
2929,2,1,0.8622266054153442
2930,2,0,0.07226315140724182
2931,2,0,0.2674409747123718
2932,2,0,0.08901698887348175
2933,1,1,0.1263352483510971
2934,4,0,0.15673193335533142
2935,3,0,0.07062768936157227
2936,3,0,0.06932209432125092
2937,5,0,0.12586230039596558
2938,2,0,0.08855649083852768
2939,4,0,0.07596389949321747
2940,5,1,0.5876209735870361
2941,1,0,0.16297636926174164
2942,4,0,0.055320970714092255
2943,4,0,0.1455615758895874
2944,3,0,0.09662703424692154
2945,3,1,0.08941437304019928
2946,2,0,0.17586356401443481
2947,3,0,0.08432058990001678
2948,1,0,0.18238547444343567
2949,5,0,0.08880869299173355
2950,2,0,0.09716982394456863
2951,4,1,0.18794992566108704
2952,1,0,0.13268613815307617
2953,4,0,0.14062580466270447
2954,3,1,0.7419527769088745
2955,1,1,0.6994341611862183
2956,2,1,0.745675802230835
2957,1,0,0.15782538056373596
2958,4,1,0.10275260359048843
2959,2,0,0.11015388369560242
2960,1,0,0.13390524685382843
2961,3,0,0.07462751865386963
2962,3,0,0.10636832565069199
2963,1,0,0.03739260137081146
2964,2,0,0.20307166874408722
2965,5,0,0.13083086907863617
2966,3,0,0.3124115765094757
2967,1,1,0.3337562382221222
2968,1,0,0.24493172764778137
2969,1,1,0.20016737282276154
2970,2,0,0.09103894233703613
2971,3,0,0.09880609810352325
2972,2,0,0.31204426288604736
2973,1,0,0.3799620568752289
2974,2,1,0.15497156977653503
2975,4,0,0.20613577961921692
2976,1,0,0.1856851428747177
2977,4,0,0.21661856770515442
2978,1,1,0.11664404720067978
2979,1,0,0.5849016904830933
2980,3,0,0.12086965143680573
2981,5,0,0.042440082877874374
2982,3,1,0.656417727470398
2983,3,0,0.05008356645703316
2984,1,0,0.04509769380092621
2985,2,0,0.18072286248207092
2986,4,0,0.107174813747406
2987,1,0,0.039733465760946274
2988,1,0,0.27614539861679077
2989,2,0,0.10573185235261917
2990,3,0,0.346971333026886
2991,5,0,0.14089301228523254
2992,5,0,0.09798464179039001
2993,5,0,0.15975381433963776
2994,4,0,0.17931945621967316
2995,3,0,0.07205517590045929
2996,1,0,0.07568393647670746
2997,5,0,0.09983962774276733
2998,1,0,0.13278967142105103
2999,3,1,0.4181521236896515
3000,1,0,0.052858490496873856
3001,5,0,0.15404601395130157
3002,4,1,0.1634320616722107
3003,3,0,0.11845610290765762
3004,4,0,0.06009109318256378
3005,5,0,0.07341890782117844
3006,5,0,0.11321397125720978
3007,4,0,0.0700463056564331
3008,5,0,0.14433439075946808
3009,1,0,0.0323026180267334
3010,1,0,0.066326804459095
3011,2,0,0.20678973197937012
3012,3,0,0.15597651898860931
3013,3,0,0.04752497002482414
3014,3,0,0.04984014108777046
3015,4,0,0.3805355131626129
3016,1,0,0.07482405751943588
3017,1,0,0.10589924454689026
3018,5,0,0.136683389544487
3019,1,0,0.38730961084365845
3020,3,0,0.07870907336473465
3021,4,0,0.17635907232761383
3022,3,1,0.46712207794189453
3023,2,0,0.1865174025297165
3024,2,0,0.12175522744655609
3025,5,0,0.29504069685935974
3026,1,0,0.05888752639293671
3027,2,1,0.7367989420890808
3028,4,0,0.07631990313529968
3029,5,0,0.1410437822341919
3030,4,1,0.09893262386322021
3031,4,0,0.0563138909637928
3032,3,0,0.05290314927697182
3033,5,0,0.06813869625329971
3034,3,0,0.0413050502538681
3035,1,0,0.30404284596443176
3036,4,0,0.10762764513492584
3037,2,0,0.12908589839935303
3038,1,0,0.3859167993068695
3039,4,1,0.15212659537792206
3040,3,0,0.690720796585083
3041,2,0,0.12848961353302002
3042,5,0,0.3156130909919739
3043,4,1,0.07001504302024841
3044,4,1,0.14201052486896515
3045,3,1,0.3758159577846527
3046,2,0,0.3543635904788971
3047,2,0,0.1331067830324173
3048,1,0,0.09532065689563751
3049,2,0,0.055818554013967514
3050,3,0,0.10046812146902084
3051,5,1,0.15828034281730652
3052,3,1,0.199181467294693
3053,2,0,0.24540676176548004
3054,1,1,0.27914032340049744
3055,5,0,0.6008987426757812
3056,4,1,0.6208815574645996
3057,4,0,0.44674673676490784
3058,2,0,0.31424713134765625
3059,3,1,0.1756274253129959
3060,4,0,0.07940174639225006
3061,3,1,0.5280292630195618
3062,2,0,0.043402280658483505
3063,5,0,0.05413774028420448
3064,2,0,0.10188118368387222
3065,2,1,0.13655982911586761
3066,3,0,0.27949556708335876
3067,5,0,0.0559140145778656
3068,3,0,0.09899567812681198
3069,1,0,0.11985651403665543
3070,3,0,0.08007864654064178
3071,5,0,0.3186146914958954
3072,1,0,0.06079912558197975
3073,3,0,0.14532902836799622
3074,1,0,0.15210549533367157
3075,4,0,0.8031539916992188
3076,1,1,0.0641421303153038
3077,2,0,0.10246917605400085
3078,3,0,0.7358518838882446
3079,5,0,0.05679239332675934
3080,2,0,0.14387644827365875
3081,2,1,0.6238542199134827
3082,1,0,0.12949270009994507
3083,2,0,0.19124461710453033
3084,4,1,0.11586536467075348
3085,5,1,0.8966678977012634
3086,4,0,0.10299666970968246
3087,3,0,0.10263530910015106
3088,2,0,0.27739793062210083
3089,3,0,0.26108136773109436
3090,2,0,0.07669840008020401
3091,5,0,0.5884197354316711
3092,3,1,0.07388141006231308
3093,3,0,0.06715092808008194
3094,1,1,0.5792526006698608
3095,2,0,0.2245255559682846
3096,5,0,0.21448805928230286
3097,4,0,0.04968034476041794
3098,4,0,0.14103446900844574
3099,3,0,0.5793734788894653
3100,1,0,0.042549118399620056
3101,2,0,0.14833484590053558
3102,2,0,0.11107881367206573
3103,4,0,0.11749179661273956
3104,5,0,0.04130734130740166
3105,2,0,0.12171517312526703
3106,3,0,0.16368801891803741
3107,3,0,0.13806697726249695
3108,3,0,0.24066823720932007
3109,2,1,0.16714812815189362
3110,4,0,0.14090129733085632
3111,1,0,0.07536955922842026
3112,4,1,0.09797278791666031
3113,3,0,0.1986909955739975
3114,4,0,0.5048513412475586
3115,4,1,0.2947005331516266
3116,3,0,0.07485242187976837
3117,2,0,0.0694875493645668
3118,2,0,0.1356259286403656
3119,5,1,0.6834776401519775
3120,5,0,0.13344115018844604
3121,1,0,0.08020845055580139
3122,1,1,0.0893479660153389
3123,1,1,0.2474137842655182
3124,5,0,0.08226659893989563
3125,4,0,0.1251860111951828
3126,4,1,0.5151708722114563
3127,3,1,0.7662457823753357
3128,1,0,0.06523824483156204
3129,1,0,0.33475440740585327
3130,5,1,0.8392717242240906
3131,3,0,0.07623543590307236
3132,5,0,0.13473093509674072
3133,2,0,0.1938970983028412
3134,2,0,0.25509655475616455
3135,1,0,0.23095494508743286
3136,1,0,0.0713837742805481
3137,2,0,0.1052793487906456
3138,3,0,0.10612299293279648
3139,1,0,0.08234362304210663
3140,2,1,0.32495155930519104
3141,4,0,0.03413818031549454
3142,1,0,0.423113077878952
3143,1,0,0.1548963189125061
3144,5,0,0.06945545226335526
3145,4,0,0.6290008425712585
3146,5,0,0.07975660264492035
3147,4,0,0.07307063043117523
3148,2,1,0.4946582317352295
3149,4,1,0.18148307502269745
3150,5,0,0.07762870192527771
3151,5,0,0.17992016673088074
3152,2,1,0.3565751612186432
3153,4,0,0.10602755844593048
3154,5,1,0.2633964717388153
3155,4,0,0.2674725353717804
3156,2,0,0.11310723423957825
3157,1,0,0.11599048227071762
3158,5,1,0.17700709402561188
3159,1,1,0.514629065990448
3160,1,0,0.10675439238548279
3161,5,0,0.18110795319080353
3162,5,1,0.16531038284301758
3163,5,0,0.09965559095144272
3164,5,0,0.09493911266326904
3165,1,0,0.1580299437046051
3166,4,0,0.11290588974952698
3167,2,1,0.5744970440864563
3168,2,0,0.3884073793888092
3169,5,0,0.2862156927585602
3170,1,1,0.08854129165410995
3171,1,0,0.5944334268569946
3172,1,1,0.34945210814476013
3173,4,1,0.35730257630348206
3174,2,0,0.0556764118373394
3175,2,0,0.053839877247810364
3176,2,0,0.23326891660690308
3177,3,1,0.09291545301675797
3178,3,0,0.27901482582092285
3179,3,0,0.083296038210392
3180,4,0,0.12997330725193024
3181,2,0,0.13833163678646088
3182,4,0,0.13127319514751434
3183,4,0,0.1329873651266098
3184,1,0,0.07393427938222885
3185,3,0,0.085475392639637
3186,2,0,0.756717324256897
3187,4,1,0.7936511039733887
3188,5,0,0.1424984484910965
3189,3,0,0.05417177826166153
3190,2,0,0.11440669000148773
3191,1,1,0.33445191383361816
3192,1,0,0.6668306589126587
3193,5,0,0.10063256323337555
3194,2,0,0.1570691615343094
3195,5,0,0.10564559698104858
3196,3,0,0.3621455729007721
3197,5,0,0.1547866314649582
3198,3,0,0.07941438257694244
3199,1,0,0.18598884344100952
3200,2,0,0.2490297257900238
3201,5,0,0.09059164673089981
3202,4,0,0.1383563131093979
3203,1,0,0.0827031135559082
3204,1,0,0.1349448710680008
3205,1,1,0.28809869289398193
3206,3,1,0.8109167814254761
3207,3,0,0.12735605239868164
3208,2,0,0.11511678248643875
3209,2,0,0.05590444058179855
3210,4,1,0.6792615056037903
3211,4,0,0.08162309974431992
3212,4,0,0.13014785945415497
3213,2,0,0.11305934190750122
3214,1,0,0.13608457148075104
3215,2,0,0.11300802230834961
3216,1,0,0.29879051446914673
3217,5,0,0.09050019830465317
3218,3,0,0.26268482208251953
3219,3,0,0.1945945769548416
3220,3,1,0.5277959704399109
3221,4,0,0.06182505935430527
3222,1,0,0.07073096930980682
3223,2,0,0.15174464881420135
3224,4,1,0.25031745433807373
3225,2,1,0.4848061203956604
3226,5,0,0.0983976200222969
3227,3,1,0.7472341060638428
3228,3,1,0.7176461815834045
3229,3,0,0.08001179248094559
3230,2,0,0.42738479375839233
3231,2,0,0.20412801206111908
3232,4,1,0.61948561668396
3233,1,0,0.09850389510393143
3234,5,0,0.1582271009683609
3235,2,0,0.22601547837257385
3236,3,0,0.5154213905334473
3237,5,0,0.12773820757865906
3238,2,0,0.12756012380123138
3239,2,0,0.15317504107952118
3240,2,0,0.09403357654809952
3241,5,0,0.09492763876914978
3242,1,0,0.03774944320321083
3243,3,0,0.1394844353199005
3244,5,0,0.13702893257141113
3245,3,0,0.05538807809352875
3246,4,0,0.3304894268512726
3247,1,0,0.09475704282522202
3248,1,0,0.381891667842865
3249,4,0,0.570792555809021
3250,2,0,0.022738326340913773
3251,1,0,0.05269243195652962
3252,3,0,0.2505631744861603
3253,1,1,0.7637649774551392
3254,5,1,0.47547900676727295
3255,3,1,0.7886846661567688
3256,4,0,0.0874302089214325
3257,3,1,0.40393736958503723
3258,4,0,0.11323202401399612
3259,4,0,0.0863724946975708
3260,5,0,0.12841017544269562
3261,2,1,0.10818665474653244
3262,1,0,0.12386658787727356
3263,4,0,0.07304833829402924
3264,3,0,0.09321571886539459
3265,3,0,0.12839721143245697
3266,4,0,0.3054429292678833
3267,3,1,0.2864476144313812
3268,1,0,0.1206648126244545
3269,3,1,0.11740045249462128
3270,1,0,0.12145866453647614
3271,1,0,0.3320344388484955
3272,3,0,0.0503205843269825
3273,2,0,0.050360213965177536
3274,5,0,0.1238454207777977
3275,2,1,0.5269643664360046
3276,4,0,0.06290383636951447
3277,2,0,0.22957128286361694
3278,4,0,0.2233976423740387
3279,4,0,0.27652886509895325
3280,3,0,0.039048776030540466
3281,3,0,0.05723050981760025
3282,4,1,0.3833906650543213
3283,1,1,0.7360360026359558
3284,5,0,0.20090438425540924
3285,3,0,0.06969784200191498
3286,5,0,0.1978580802679062
3287,4,0,0.13102808594703674
3288,3,0,0.3178732693195343
3289,3,0,0.13205651938915253
3290,3,0,0.08455725759267807
3291,3,0,0.08757113665342331
3292,5,0,0.5500112771987915
3293,2,0,0.12620088458061218
3294,2,0,0.09871213883161545
3295,2,1,0.7424762845039368
3296,4,0,0.15617556869983673
3297,3,0,0.09415736049413681
3298,5,0,0.089632548391819
3299,1,1,0.7370496392250061
3300,1,0,0.0807446837425232
3301,5,0,0.1539897620677948
3302,1,1,0.23984670639038086
3303,1,0,0.048344701528549194
3304,4,0,0.34393012523651123
3305,1,0,0.07336468994617462
3306,2,0,0.1723182052373886
3307,3,0,0.0913226380944252
3308,1,0,0.09929493069648743
3309,1,0,0.06265557557344437
3310,3,0,0.14294512569904327
3311,5,0,0.2468486726284027
3312,2,0,0.0951564684510231
3313,5,0,0.10314765572547913
3314,5,0,0.6754061579704285
3315,3,0,0.07547501474618912
3316,1,0,0.11223815381526947
3317,5,0,0.47936782240867615
3318,1,1,0.32663747668266296
3319,4,0,0.05829530209302902
3320,3,0,0.24585303664207458
3321,4,0,0.09562741965055466
3322,4,0,0.050910547375679016
3323,3,1,0.7163950800895691
3324,2,1,0.5224162936210632
3325,1,0,0.04763532057404518
3326,2,0,0.3919818699359894
3327,1,0,0.6365141868591309
3328,5,0,0.15698949992656708
3329,4,0,0.04164635390043259
3330,5,0,0.1572757214307785
3331,1,0,0.17047126591205597
3332,2,0,0.18141795694828033
3333,3,0,0.23405422270298004
3334,3,0,0.3084779679775238
3335,2,0,0.09322545677423477
3336,4,0,0.1314719319343567
3337,3,0,0.1576443612575531
3338,2,0,0.12028811126947403
3339,4,0,0.12577350437641144
3340,1,1,0.34671396017074585
3341,1,0,0.06809549033641815
3342,5,1,0.5723145604133606
3343,2,0,0.09222312271595001
3344,2,0,0.1225619688630104
3345,3,0,0.1139870285987854
3346,2,0,0.044194962829351425
3347,2,0,0.12181873619556427
3348,4,0,0.1030709445476532
3349,3,0,0.17252616584300995
3350,2,1,0.1621895730495453
3351,3,0,0.0954347476363182
3352,4,1,0.6712806224822998
3353,1,0,0.0984051451086998
3354,3,1,0.461252897977829
3355,2,0,0.05126282572746277
3356,5,0,0.053752414882183075
3357,1,0,0.1647430956363678
3358,1,0,0.06268946826457977
3359,3,1,0.3400874435901642
3360,3,0,0.09684250503778458
3361,3,0,0.15644952654838562
3362,3,1,0.44148147106170654
3363,4,0,0.09282342344522476
3364,4,0,0.08468019217252731
3365,2,0,0.1684994399547577
3366,4,0,0.05477992817759514
3367,3,0,0.08095501363277435
3368,5,1,0.13093985617160797
3369,2,1,0.16567683219909668
3370,4,0,0.647572934627533
3371,3,0,0.3665885031223297
3372,2,0,0.25523313879966736
3373,1,0,0.3012263774871826
3374,3,0,0.3082977533340454
3375,2,1,0.6153731346130371
3376,5,0,0.16171127557754517
3377,4,0,0.2879011034965515
3378,1,0,0.6780059933662415
3379,5,0,0.11107675731182098
3380,1,0,0.23384928703308105
3381,1,0,0.1452653855085373
3382,1,0,0.399372398853302
3383,1,0,0.1554832011461258
3384,3,1,0.580381453037262
3385,2,0,0.1396937519311905
3386,4,0,0.3343704342842102
3387,2,0,0.17058983445167542
3388,5,0,0.07854922860860825
3389,2,0,0.13024434447288513
3390,3,1,0.09775102883577347
3391,3,1,0.24641664326190948
3392,3,0,0.2917173504829407
3393,1,1,0.08361108601093292
3394,5,0,0.18234723806381226
3395,4,0,0.15280963480472565
3396,4,0,0.09377825260162354
3397,3,0,0.1587585210800171
3398,2,0,0.2885732650756836
3399,4,0,0.2030487060546875
3400,2,1,0.6446411609649658
3401,1,0,0.08641986548900604
3402,3,0,0.07038528472185135
3403,5,0,0.03538227081298828
3404,3,0,0.12001322954893112
3405,5,1,0.14569178223609924
3406,4,1,0.5220974683761597
3407,1,0,0.16092373430728912
3408,3,0,0.6279475092887878
3409,4,0,0.10014145076274872
3410,1,0,0.3752923011779785
3411,2,1,0.4176535904407501
3412,2,0,0.26456889510154724
3413,4,1,0.48348328471183777
3414,2,1,0.14230124652385712
3415,5,0,0.12773598730564117
3416,3,0,0.13526318967342377
3417,4,1,0.7955652475357056
3418,2,0,0.15194834768772125
3419,2,1,0.7116369605064392
3420,1,0,0.09082180261611938
3421,3,0,0.07021274417638779
3422,2,0,0.0937044620513916
3423,4,0,0.07669387757778168
3424,3,0,0.11637825518846512
3425,3,0,0.10432994365692139
3426,1,1,0.35019081830978394
3427,4,0,0.0969453975558281
3428,2,1,0.6926373243331909
3429,3,1,0.2805415391921997
3430,5,0,0.2633282542228699
3431,1,1,0.18453224003314972
3432,1,0,0.12171962857246399
3433,4,0,0.7435020804405212
3434,3,0,0.07087379693984985
3435,4,0,0.09850353002548218
3436,2,0,0.06937422603368759
3437,5,0,0.5081509947776794
3438,3,1,0.08348443359136581
3439,5,1,0.6609405875205994
3440,3,0,0.18307296931743622
3441,1,0,0.08796972036361694
3442,2,0,0.08646120876073837
3443,5,0,0.1360377073287964
3444,3,0,0.37971845269203186
3445,5,0,0.1987668126821518
3446,5,1,0.7267529964447021
3447,4,0,0.570014238357544
3448,4,0,0.11914093047380447
3449,2,0,0.11181811988353729
3450,2,0,0.059928931295871735
3451,4,0,0.28296205401420593
3452,3,0,0.033644746989011765
3453,5,0,0.3766832947731018
3454,1,0,0.11442898958921432
3455,3,1,0.09476446360349655
3456,1,1,0.7305787801742554
3457,4,0,0.03585421293973923
3458,4,0,0.11323930323123932
3459,2,0,0.6886841058731079
3460,2,0,0.4257459044456482
3461,5,1,0.7026242613792419
3462,4,0,0.13081689178943634
3463,2,0,0.1401374638080597
3464,1,0,0.10395626723766327
3465,5,1,0.2963253855705261
3466,4,0,0.17612428963184357
3467,4,1,0.1802847981452942
3468,2,0,0.03907844424247742
3469,1,0,0.06689269840717316
3470,1,0,0.0669272318482399
3471,5,0,0.1304769068956375
3472,1,0,0.19295112788677216
3473,4,0,0.08268160372972488
3474,5,0,0.13940171897411346
3475,5,1,0.6728448867797852
3476,5,0,0.0657767578959465
3477,1,0,0.11442654579877853
3478,2,0,0.6848596930503845
3479,3,0,0.09896552562713623
3480,5,0,0.07670307904481888
3481,2,0,0.08515311777591705
3482,1,1,0.5315684080123901
3483,4,0,0.3401406705379486
3484,5,0,0.19683651626110077
3485,3,0,0.08017463237047195
3486,1,0,0.21555745601654053
3487,1,0,0.10375838726758957
3488,2,0,0.048836976289749146
3489,1,0,0.11547008901834488
3490,2,1,0.5162850618362427
3491,3,0,0.04445526748895645
3492,1,1,0.30971091985702515
3493,1,0,0.14471404254436493
3494,1,0,0.09992264956235886
3495,1,0,0.2500028908252716
3496,3,0,0.10010430961847305
3497,2,0,0.11487358808517456
3498,3,0,0.08488741517066956
3499,1,0,0.28271591663360596
3500,4,0,0.10429815202951431
3501,3,1,0.13511988520622253
3502,4,0,0.13392440974712372
3503,4,0,0.11242055892944336
3504,4,0,0.18075478076934814
3505,3,1,0.6842643022537231
3506,3,0,0.037070393562316895
3507,2,0,0.12248018383979797
3508,3,0,0.21591253578662872
3509,2,1,0.22307196259498596
3510,3,0,0.08485931903123856
3511,4,1,0.3473874032497406
3512,3,0,0.15969519317150116
3513,2,0,0.11774794012308121
3514,2,0,0.05482014641165733
3515,2,0,0.1345575898885727
3516,4,0,0.17129477858543396
3517,4,0,0.221471905708313
3518,4,1,0.6397054195404053
3519,2,0,0.5578637719154358
3520,4,0,0.12739254534244537
3521,2,0,0.21506817638874054
3522,4,0,0.18324075639247894
3523,5,0,0.1530384123325348
3524,3,1,0.13315920531749725
3525,4,0,0.31618762016296387
3526,3,0,0.12755943834781647
3527,1,0,0.13334445655345917
3528,3,0,0.15474507212638855
3529,2,0,0.7906003594398499
3530,5,1,0.4864215552806854
3531,1,0,0.23820580542087555
3532,5,0,0.20857106149196625
3533,4,0,0.290054589509964
3534,5,0,0.13053211569786072
3535,1,1,0.15462280809879303
3536,2,0,0.07142716646194458
3537,1,0,0.06116760894656181
3538,2,0,0.03315398842096329
3539,2,0,0.15922340750694275
3540,2,0,0.09009391069412231
3541,2,0,0.1769033521413803
3542,4,1,0.6087407469749451
3543,1,0,0.11057829111814499
3544,5,0,0.15222717821598053
3545,3,0,0.1070275753736496
3546,5,0,0.15404587984085083
3547,2,0,0.1218445897102356
3548,1,0,0.8408148288726807
3549,3,0,0.1615009605884552
3550,5,1,0.7077723741531372
3551,3,0,0.08317539840936661
3552,3,0,0.15737420320510864
3553,5,0,0.21888668835163116
3554,5,0,0.022845160216093063
3555,1,0,0.15487459301948547
3556,1,0,0.10231397300958633
3557,2,0,0.20709121227264404
3558,4,1,0.7535876631736755
3559,5,0,0.2537994086742401
3560,1,0,0.2593025267124176
3561,5,0,0.12336018681526184
3562,4,0,0.37555500864982605
3563,3,0,0.4950988292694092
3564,2,0,0.10558510571718216
3565,4,0,0.28795409202575684
3566,1,1,0.7997708916664124
3567,3,0,0.07632222771644592
3568,5,1,0.1484849750995636
3569,1,0,0.11191651225090027
3570,3,0,0.18014857172966003
3571,3,0,0.057300668209791183
3572,2,0,0.1107604131102562
3573,1,0,0.1700623631477356
3574,4,0,0.10171357542276382
3575,5,1,0.7777082324028015
3576,3,0,0.07912522554397583
3577,2,0,0.1225370243191719
3578,5,1,0.256898432970047
3579,2,0,0.8191040754318237
3580,3,0,0.7373524904251099
3581,3,0,0.35449403524398804
3582,3,0,0.20030644536018372
3583,3,0,0.10606132447719574
3584,3,0,0.14724977314472198
3585,4,0,0.07922039180994034
3586,4,0,0.10292726010084152
3587,3,0,0.251449853181839
3588,4,0,0.0919087752699852
3589,3,0,0.07607606798410416
3590,4,0,0.11543390899896622
3591,1,0,0.2820736765861511
3592,4,0,0.04608272761106491
3593,1,0,0.09262797981500626
3594,5,0,0.14949865639209747
3595,4,1,0.10914233326911926
3596,2,0,0.14496058225631714
3597,4,0,0.09834183752536774
3598,2,0,0.05993856117129326
3599,3,0,0.5582435727119446
3600,5,1,0.6114424467086792
3601,5,0,0.28047022223472595
3602,4,0,0.19289752840995789
3603,2,0,0.26513978838920593
3604,1,0,0.08555056899785995
3605,1,1,0.49199458956718445
3606,3,0,0.12485235184431076
3607,1,1,0.7573041915893555
3608,5,0,0.244071826338768
3609,1,1,0.06994610279798508
3610,4,0,0.11452652513980865
3611,5,0,0.6995775699615479
3612,1,1,0.6056106090545654
3613,3,0,0.13845492899417877
3614,5,0,0.06677132099866867
3615,5,1,0.25611039996147156
3616,1,0,0.03912211209535599
3617,4,0,0.10811685770750046
3618,2,0,0.177602618932724
3619,4,0,0.21996882557868958
3620,4,0,0.1400327980518341
3621,4,0,0.13496284186840057
3622,3,0,0.1544926017522812
3623,3,1,0.32731109857559204
3624,1,0,0.23900434374809265
3625,4,0,0.44992688298225403
3626,3,0,0.10477589815855026
3627,2,1,0.7809546589851379
3628,3,0,0.04453457519412041
3629,5,0,0.10496015846729279
3630,1,0,0.09756931662559509
3631,5,1,0.6403296589851379
3632,2,1,0.19833840429782867
3633,3,0,0.04219916835427284
3634,3,0,0.081853948533535
3635,3,0,0.08047495782375336
3636,3,0,0.15557044744491577
3637,4,0,0.11055083572864532
3638,1,0,0.0687142163515091
3639,5,1,0.4557951092720032
3640,1,0,0.20226022601127625
3641,2,0,0.11346746236085892
3642,3,0,0.09562522917985916
3643,2,0,0.07985594868659973
3644,4,1,0.25753337144851685
3645,4,1,0.6332675814628601
3646,4,0,0.14818434417247772
3647,2,1,0.6442646384239197
3648,2,1,0.6606119871139526
3649,2,1,0.6557112336158752
3650,5,0,0.1400085985660553
3651,4,0,0.11337246000766754
3652,5,1,0.2108069211244583
3653,2,0,0.06749140471220016
3654,4,0,0.0692421942949295
3655,5,0,0.3552892804145813
3656,4,1,0.8570788502693176
3657,4,1,0.14323574304580688
3658,3,0,0.09251851588487625
3659,4,0,0.13012613356113434
3660,1,0,0.036328841000795364
3661,5,0,0.11012229323387146
3662,3,1,0.6568471193313599
3663,3,0,0.13096407055854797
3664,2,0,0.0528097040951252
3665,4,0,0.3884013295173645
3666,5,1,0.7095672488212585
3667,3,0,0.2932991087436676
3668,1,0,0.07084251940250397
3669,3,1,0.17554335296154022
3670,4,0,0.13882175087928772
3671,5,0,0.3320962190628052
3672,4,0,0.1431252658367157
3673,3,0,0.17037199437618256
3674,3,0,0.19409464299678802
3675,1,0,0.08662769198417664
3676,3,0,0.3634504973888397
3677,2,1,0.8248253464698792
3678,3,0,0.11617971956729889
3679,3,0,0.04441209137439728
3680,1,0,0.056913379579782486
3681,3,0,0.6491184234619141
3682,3,0,0.056801676750183105
3683,2,1,0.5499273538589478
3684,2,0,0.05774969607591629
3685,5,0,0.06192832067608833
3686,5,1,0.15548615157604218
3687,2,0,0.14396262168884277
3688,2,0,0.06258640438318253
3689,4,0,0.7402502298355103
3690,1,1,0.7922192811965942
3691,2,0,0.6573253870010376
3692,1,0,0.19678203761577606
3693,1,0,0.3641020357608795
3694,2,0,0.1391436904668808
3695,1,0,0.070335753262043
3696,4,0,0.31448063254356384
3697,3,0,0.05734504386782646
3698,2,1,0.12491504848003387
3699,2,0,0.10027077049016953
3700,3,0,0.2096053510904312
3701,5,0,0.22463026642799377
3702,4,0,0.5612233877182007
3703,3,0,0.15217480063438416
3704,1,0,0.17269264161586761
3705,5,0,0.040551960468292236
3706,3,1,0.4461926817893982
3707,1,0,0.11200643330812454
3708,1,1,0.14780227839946747
3709,3,0,0.17787140607833862
3710,4,1,0.21115872263908386
3711,5,0,0.2647494971752167
3712,2,0,0.15122300386428833
3713,1,1,0.20241312682628632
3714,2,0,0.1754620522260666
3715,2,0,0.16671475768089294
3716,4,1,0.2322017103433609
3717,3,0,0.23707471787929535
3718,5,0,0.17147141695022583
3719,3,0,0.09667572379112244
3720,3,0,0.0991114005446434
3721,1,1,0.34407201409339905
3722,2,0,0.15495465695858002
3723,5,0,0.7275100946426392
3724,1,0,0.23212207853794098
3725,3,0,0.21918810904026031
3726,2,1,0.12041212618350983
3727,3,0,0.20019420981407166
3728,3,0,0.07639859616756439
3729,2,0,0.1638535112142563
3730,1,0,0.5811933875083923
3731,3,0,0.3824656009674072
3732,2,0,0.17632722854614258
3733,1,0,0.057877253741025925
3734,4,0,0.20366625487804413
3735,5,0,0.10530228167772293
3736,4,0,0.5744616389274597
3737,3,0,0.17967796325683594
3738,2,0,0.019955549389123917
3739,1,0,0.05924367159605026
3740,5,0,0.07013548165559769
3741,2,0,0.1251836121082306
3742,3,0,0.10056581348180771
3743,4,0,0.2519306540489197
3744,1,0,0.3021644651889801
3745,4,1,0.20163339376449585
3746,1,0,0.36326974630355835
3747,4,0,0.12689624726772308
3748,3,0,0.18596859276294708
3749,5,0,0.10320699959993362
3750,3,1,0.7687239646911621
3751,5,0,0.2031709849834442
3752,4,0,0.04023275896906853
3753,3,0,0.1231895312666893
3754,5,0,0.07815166562795639
3755,3,1,0.2358073741197586
3756,4,1,0.5986772179603577
3757,1,0,0.14736688137054443
3758,5,1,0.27211683988571167
3759,2,0,0.08417274057865143
3760,1,0,0.19689461588859558
3761,3,1,0.06520862132310867
3762,2,0,0.10799989849328995
3763,5,1,0.6427182555198669
3764,1,0,0.05181000381708145
3765,2,0,0.17432451248168945
3766,3,0,0.09678605198860168
3767,1,1,0.7713834047317505
3768,2,0,0.1696174144744873
3769,5,1,0.6327067017555237
3770,5,0,0.7066493630409241
3771,1,0,0.043644316494464874
3772,2,1,0.4522942006587982
3773,2,0,0.17028366029262543
3774,2,0,0.18595540523529053
3775,2,0,0.07916872203350067
3776,5,0,0.15576745569705963
3777,3,0,0.1296137571334839
3778,3,0,0.06764645874500275
3779,2,0,0.09727470576763153
3780,1,0,0.20129629969596863
3781,2,0,0.2837274372577667
3782,1,1,0.7216327786445618
3783,3,0,0.12884847819805145
3784,3,1,0.18840159475803375
3785,4,0,0.7908519506454468
3786,4,0,0.15259204804897308
3787,4,0,0.18915091454982758
3788,3,1,0.37751978635787964
3789,5,0,0.3097974956035614
3790,3,0,0.067719466984272
3791,3,0,0.07027200609445572
3792,3,1,0.11804609000682831
3793,3,0,0.11231759935617447
3794,4,0,0.04963633045554161
3795,2,0,0.09826602041721344
3796,3,0,0.10170616209506989
3797,3,0,0.48150596022605896
3798,4,1,0.7661312818527222
3799,2,0,0.09422719478607178
3800,2,1,0.21525582671165466
3801,4,0,0.07705278694629669
3802,5,0,0.05483010783791542
3803,1,0,0.3454268276691437
3804,4,1,0.43741872906684875
3805,1,0,0.09156857430934906
3806,5,1,0.1007641926407814
3807,2,0,0.08233947306871414
3808,1,0,0.14255620539188385
3809,1,0,0.24520500004291534
3810,1,0,0.4583193361759186
3811,3,0,0.078489288687706
3812,3,0,0.10576427727937698
3813,1,0,0.10017546266317368
3814,2,0,0.15039433538913727
3815,5,0,0.11239990592002869
3816,4,0,0.2760680913925171
3817,4,1,0.1355208307504654
3818,3,0,0.17203868925571442
3819,2,1,0.15088778734207153
3820,3,0,0.08411949127912521
3821,1,1,0.17262619733810425
3822,3,0,0.08252761512994766
3823,2,0,0.1272546947002411
3824,2,0,0.33500516414642334
3825,3,0,0.22387492656707764
3826,2,0,0.13607700169086456
3827,4,0,0.10883624851703644
3828,4,1,0.053203027695417404
3829,3,0,0.021140461787581444
3830,3,0,0.10763109475374222
3831,4,0,0.23535294830799103
3832,2,1,0.6512352228164673
3833,2,1,0.7484212517738342
3834,3,0,0.10074356198310852
3835,2,0,0.048678163439035416
3836,1,0,0.14770641922950745
3837,5,0,0.4950626492500305
3838,5,1,0.12213989347219467
3839,2,0,0.333196222782135
3840,5,0,0.4444519877433777
3841,4,1,0.7541420459747314
3842,1,0,0.12889930605888367
3843,3,0,0.11325094103813171
3844,5,0,0.07269901037216187
3845,3,0,0.1509394347667694
3846,4,0,0.10088984668254852
3847,4,0,0.15713371336460114
3848,5,0,0.1357550173997879
3849,2,0,0.18481343984603882
3850,2,0,0.449321985244751
3851,3,0,0.15043334662914276
3852,2,0,0.10712234675884247
3853,5,0,0.3711254596710205
3854,4,0,0.10105691105127335
3855,4,0,0.3945291340351105
3856,2,0,0.09397369623184204
3857,2,0,0.09501013904809952
3858,5,0,0.10273873805999756
3859,2,0,0.07412373274564743
3860,1,0,0.1143176332116127
3861,2,0,0.15710577368736267
3862,3,0,0.30392715334892273
3863,1,0,0.13312017917633057
3864,1,0,0.10713832080364227
3865,5,1,0.37798410654067993
3866,2,0,0.04972338676452637
3867,5,0,0.30158886313438416
3868,2,0,0.07171599566936493
3869,1,0,0.15275374054908752
3870,4,1,0.30535733699798584
3871,2,1,0.12359499931335449
3872,4,1,0.7143753170967102
3873,5,0,0.10300400108098984
3874,5,0,0.18439485132694244
3875,4,0,0.19632822275161743
3876,1,1,0.7321693897247314
3877,1,0,0.15787823498249054
3878,2,0,0.3636026382446289
3879,4,1,0.1722838580608368
3880,4,0,0.08643752336502075
3881,4,1,0.6411198377609253
3882,4,1,0.17926530539989471
3883,3,1,0.08123432099819183
3884,2,0,0.19586622714996338
3885,2,0,0.1634826362133026
3886,1,0,0.12103532999753952
3887,2,0,0.20753829181194305
3888,1,0,0.2054002583026886
3889,2,0,0.13287127017974854
3890,4,0,0.14527922868728638
3891,3,1,0.15428926050662994
3892,4,0,0.23605327308177948
3893,2,0,0.09428528696298599
3894,1,1,0.10721695423126221
3895,4,0,0.04965043067932129
3896,2,0,0.14261160790920258
3897,4,0,0.07459379732608795
3898,4,1,0.2991984486579895
3899,3,0,0.10552424192428589
3900,1,0,0.0787682756781578
3901,5,0,0.07088062912225723
3902,4,1,0.8078672289848328
3903,3,0,0.09915407001972198
3904,2,0,0.08672957867383957
3905,4,0,0.10467344522476196
3906,4,0,0.22023427486419678
3907,2,0,0.05587659776210785
3908,4,0,0.12223838269710541
3909,2,0,0.25379446148872375
3910,5,1,0.3842642903327942
3911,2,0,0.1284889131784439
3912,3,1,0.16419777274131775
3913,1,0,0.14233191311359406
3914,4,0,0.0817609652876854
3915,4,1,0.4528351426124573
3916,3,0,0.20957469940185547
3917,3,0,0.3617081940174103
3918,3,0,0.15144163370132446
3919,5,1,0.3429260551929474
3920,2,0,0.06336329132318497
3921,1,0,0.09552839398384094
3922,4,0,0.17164646089076996
3923,1,0,0.14633658528327942
3924,2,0,0.0809580460190773
3925,4,1,0.788004457950592
3926,4,1,0.15987014770507812
3927,1,0,0.05260399356484413
3928,4,1,0.7307749390602112
3929,4,1,0.17871995270252228
3930,1,1,0.40283605456352234
3931,2,0,0.1548491269350052
3932,5,0,0.07821012288331985
3933,5,0,0.33115699887275696
3934,3,0,0.06638084352016449
3935,5,0,0.15047040581703186
3936,3,0,0.18625551462173462
3937,3,0,0.11150836199522018
3938,2,1,0.2055846005678177
3939,4,0,0.11088097840547562
3940,4,0,0.2785685658454895
3941,5,1,0.737845778465271
3942,3,1,0.11316931992769241
3943,1,0,0.2907225787639618
3944,2,1,0.05455690622329712
3945,2,1,0.7338391542434692
3946,5,0,0.056473031640052795
3947,4,0,0.15799055993556976
3948,3,0,0.20452402532100677
3949,4,0,0.09265289455652237
3950,4,0,0.7084822058677673
3951,4,1,0.14966391026973724
3952,1,0,0.061444416642189026
3953,1,0,0.32678788900375366
3954,1,0,0.10147950053215027
3955,2,1,0.7434152960777283
3956,4,1,0.5443496108055115
3957,4,0,0.8057034611701965
3958,1,0,0.03162224218249321
3959,4,0,0.13446231186389923
3960,2,0,0.034951351583004
3961,1,1,0.6085376143455505
3962,4,1,0.3845764696598053
3963,4,0,0.49047529697418213
3964,4,1,0.556342601776123
3965,1,0,0.06318338960409164
3966,1,0,0.21449412405490875
3967,3,0,0.09780489653348923
3968,3,0,0.14557231962680817
3969,5,0,0.117479108273983
3970,2,0,0.42733141779899597
3971,3,0,0.23355825245380402
3972,5,0,0.15174195170402527
3973,2,0,0.06169271469116211
3974,3,0,0.13639050722122192
3975,1,0,0.024042854085564613
3976,2,1,0.2880423069000244
3977,4,1,0.07298602908849716
3978,4,0,0.6107394099235535
3979,4,0,0.1270476132631302
3980,2,1,0.13159044086933136
3981,5,1,0.13434121012687683
3982,3,0,0.09460946172475815
3983,2,0,0.32454001903533936
3984,1,0,0.15739065408706665
3985,5,1,0.6603328585624695
3986,5,0,0.07090386748313904
3987,5,0,0.1486881822347641
3988,3,0,0.1322920024394989
3989,1,0,0.07181353121995926
3990,4,0,0.0958334356546402
3991,5,0,0.12702630460262299
3992,5,0,0.05147215723991394
3993,5,0,0.32872360944747925
3994,3,0,0.05198521912097931
3995,2,0,0.05553523078560829
3996,1,0,0.0981244221329689
3997,3,0,0.07602696865797043
3998,1,0,0.15568828582763672
3999,3,1,0.3296288549900055
4000,3,0,0.07311739772558212
4001,5,1,0.342280775308609
4002,4,0,0.08841799944639206
4003,1,0,0.07245159149169922
4004,4,0,0.13665898144245148
4005,4,1,0.6860816478729248
4006,5,0,0.736731767654419
4007,4,0,0.10040777176618576
4008,3,1,0.13632136583328247
4009,5,1,0.7227495312690735
4010,5,0,0.19798186421394348
4011,2,0,0.05984186753630638
4012,1,0,0.08028405904769897
4013,2,0,0.16155067086219788
4014,2,0,0.25564831495285034
4015,4,0,0.14481817185878754
4016,5,0,0.12093862891197205
4017,3,1,0.13027551770210266
4018,2,1,0.20010295510292053
4019,2,0,0.12215407937765121
4020,3,1,0.7203850150108337
4021,1,0,0.10472152382135391
4022,2,0,0.1427883505821228
4023,5,1,0.2333150953054428
4024,1,0,0.5188530087471008
4025,3,0,0.29228830337524414
4026,3,0,0.4293364882469177
4027,3,0,0.05149257555603981
4028,3,0,0.3763478398323059
4029,5,1,0.7584828734397888
4030,4,0,0.052559830248355865
4031,3,0,0.24228449165821075
4032,2,0,0.0666857436299324
4033,5,0,0.08569200336933136
4034,4,0,0.07506737112998962
4035,2,0,0.09491877257823944
4036,5,0,0.35730597376823425
4037,3,1,0.7132015228271484
4038,1,0,0.11431048065423965
4039,2,0,0.04390217736363411
4040,4,0,0.12905754148960114
4041,1,0,0.1758175790309906
4042,3,0,0.10015498101711273
4043,1,1,0.5869465470314026
4044,2,1,0.26448264718055725
4045,1,0,0.18528901040554047
4046,4,0,0.185531884431839
4047,1,1,0.682886004447937
4048,5,1,0.4587520956993103
4049,2,0,0.0924377292394638
4050,2,0,0.05787832289934158
4051,5,0,0.18454131484031677
4052,4,0,0.11342168599367142
4053,2,0,0.14054496586322784
4054,3,0,0.13568538427352905
4055,5,0,0.08714646846055984
4056,3,0,0.16292306780815125
4057,5,0,0.16742122173309326
4058,3,0,0.36281242966651917
4059,5,0,0.6022294163703918
4060,5,0,0.08159835636615753
4061,2,0,0.07410041987895966
4062,2,0,0.06459438055753708
4063,3,0,0.1513049304485321
4064,2,0,0.14268970489501953
4065,2,0,0.16443493962287903
4066,3,1,0.7013056874275208
4067,5,0,0.1843242049217224
4068,1,0,0.10582283139228821
4069,3,0,0.541029155254364
4070,1,0,0.13249893486499786
4071,3,1,0.14448337256908417
4072,4,1,0.4368480443954468
4073,2,0,0.10883462429046631
4074,1,0,0.05108004808425903
4075,1,0,0.09841134399175644
4076,3,0,0.11300842463970184
4077,1,1,0.3300102949142456
4078,5,0,0.13890790939331055
4079,2,1,0.7201291918754578
4080,3,0,0.18531104922294617
4081,5,0,0.056661296635866165
4082,4,0,0.10618456453084946
4083,2,0,0.09956163913011551
4084,1,0,0.13032536208629608
4085,3,1,0.6384819149971008
4086,5,0,0.08695875108242035
4087,3,0,0.04985307529568672
4088,4,1,0.5422785878181458
4089,5,0,0.13399209082126617
4090,5,0,0.38748738169670105
4091,2,1,0.46799707412719727
4092,4,0,0.08744822442531586
4093,1,1,0.08262995630502701
4094,1,0,0.11531059443950653
4095,4,0,0.13734950125217438
4096,2,0,0.07780519872903824
4097,5,0,0.11950433999300003
4098,4,1,0.16956180334091187
4099,4,1,0.6846122741699219
4100,5,0,0.20978783071041107
4101,4,0,0.12585866451263428
4102,1,0,0.15611152350902557
4103,4,0,0.6669911742210388
4104,1,0,0.1582937389612198
4105,2,0,0.055845487862825394
4106,2,0,0.15393570065498352
4107,4,0,0.1272364854812622
4108,4,0,0.18252284824848175
4109,3,0,0.23896004259586334
4110,5,0,0.23420462012290955
4111,4,0,0.08321600407361984
4112,1,0,0.26509159803390503
4113,5,1,0.1317228376865387
4114,3,0,0.06638637185096741
4115,1,0,0.44102779030799866
4116,1,1,0.10556405782699585
4117,3,0,0.7546326518058777
4118,2,0,0.12219416350126266
4119,1,0,0.1861131191253662
4120,1,0,0.14658533036708832
4121,1,1,0.31018322706222534
4122,5,0,0.14783969521522522
4123,5,0,0.17452004551887512
4124,3,0,0.14979968965053558
4125,2,0,0.15507706999778748
4126,1,0,0.0895008072257042
4127,3,0,0.455765038728714
4128,2,0,0.15199494361877441
4129,5,0,0.4223780930042267
4130,3,0,0.07168038934469223
4131,3,0,0.06976210325956345
4132,1,0,0.1022791638970375
4133,3,0,0.19419459998607635
4134,2,1,0.09655555337667465
4135,4,0,0.10860618948936462
4136,4,0,0.7173392176628113
4137,2,0,0.1307860165834427
4138,4,0,0.24850910902023315
4139,2,0,0.08955518901348114
4140,4,0,0.18288381397724152
4141,1,0,0.1344108134508133
4142,5,0,0.16939574480056763
4143,5,1,0.1733752191066742
4144,4,0,0.06617734581232071
4145,4,0,0.41536185145378113
4146,4,0,0.04601551964879036
4147,1,0,0.21846753358840942
4148,2,0,0.49094200134277344
4149,5,0,0.0702710822224617
4150,3,1,0.12247990816831589
4151,4,0,0.11195556074380875
4152,2,0,0.10568457096815109
4153,2,0,0.18807366490364075
4154,1,0,0.21964502334594727
4155,1,0,0.4054758548736572
4156,1,1,0.2705741822719574
4157,2,0,0.16944998502731323
4158,2,0,0.043523844331502914
4159,2,0,0.13615073263645172
4160,3,0,0.09695985913276672
4161,4,0,0.0876380056142807
4162,1,0,0.14299657940864563
4163,4,0,0.4444774091243744
4164,4,0,0.1067611500620842
4165,4,1,0.7722101211547852
4166,1,1,0.14416618645191193
4167,4,0,0.0924505963921547
4168,3,0,0.04565026983618736
4169,3,0,0.09469329565763474
4170,4,1,0.20921166241168976
4171,5,0,0.7650449872016907
4172,1,0,0.30754679441452026
4173,5,0,0.26826784014701843
4174,3,1,0.06591685861349106
4175,3,0,0.09060390293598175
4176,5,0,0.07299885898828506
4177,5,0,0.16364610195159912
4178,1,0,0.10481210798025131
4179,4,0,0.11295337229967117
4180,4,0,0.21088425815105438
4181,5,0,0.15133923292160034
4182,3,0,0.057601071894168854
4183,4,0,0.08163540065288544
4184,4,0,0.14557190239429474
4185,1,0,0.053695205599069595
4186,4,1,0.15523867309093475
4187,2,1,0.24711088836193085
4188,4,1,0.43721845746040344
4189,1,0,0.1484971046447754
4190,2,0,0.03799834102392197
4191,5,0,0.039337385445833206
4192,5,0,0.09900785982608795
4193,5,0,0.08958195894956589
4194,1,0,0.3574703633785248
4195,2,0,0.06026483699679375
4196,1,0,0.05003294721245766
4197,1,0,0.10259159654378891
4198,4,0,0.0756475180387497
4199,1,0,0.3275530934333801
4200,4,0,0.17846332490444183
4201,5,1,0.7723966240882874
4202,1,0,0.29876065254211426
4203,3,0,0.09130923449993134
4204,3,0,0.6738537549972534
4205,5,0,0.04785250127315521
4206,4,0,0.4163932204246521
4207,5,0,0.1824558824300766
4208,3,0,0.10552781820297241
4209,1,0,0.4525548815727234
4210,2,0,0.1062166765332222
4211,2,1,0.12207476794719696
4212,1,0,0.10628640651702881
4213,2,1,0.6165215373039246
4214,4,0,0.17199772596359253
4215,3,0,0.07461824268102646
4216,5,0,0.07985977083444595
4217,3,0,0.07195388525724411
4218,4,1,0.12871022522449493
4219,1,0,0.17292311787605286
4220,2,0,0.02626257948577404
4221,3,0,0.19042573869228363
4222,2,0,0.15299727022647858
4223,2,0,0.3482038974761963
4224,2,1,0.19208648800849915
4225,4,0,0.17934401333332062
4226,5,1,0.49036693572998047
4227,1,0,0.09785234928131104
4228,3,0,0.23536832630634308
4229,2,0,0.05248219147324562
4230,3,0,0.43211203813552856
4231,2,0,0.20555533468723297
4232,2,1,0.1842346340417862
4233,2,0,0.2017163336277008
4234,2,0,0.24774055182933807
4235,2,0,0.15703962743282318
4236,5,0,0.28283482789993286
4237,2,0,0.3763906955718994
4238,2,0,0.07756590098142624
4239,5,0,0.5494709014892578
4240,1,0,0.08438944071531296
4241,3,0,0.7367643713951111
4242,4,1,0.7600606083869934
4243,3,0,0.19570264220237732
4244,4,0,0.19304099678993225
4245,5,0,0.16123758256435394
4246,1,0,0.06466826796531677
4247,4,1,0.6063055992126465
4248,2,0,0.11546538025140762
4249,2,1,0.3263534605503082
4250,4,0,0.18031491339206696
4251,2,1,0.6477633118629456
4252,5,1,0.8020963668823242
4253,2,0,0.0484897755086422
4254,4,0,0.12438718229532242
4255,4,0,0.23067538440227509
4256,2,0,0.21801723539829254
4257,3,0,0.09846699237823486
4258,5,0,0.3129383325576782
4259,5,0,0.10233812779188156
4260,1,0,0.15184234082698822
4261,4,0,0.06726521253585815
4262,2,1,0.15842951834201813
4263,2,0,0.2691352665424347
4264,2,1,0.7726569175720215
4265,5,0,0.726369321346283
4266,5,0,0.21463251113891602
4267,2,1,0.27192607522010803
4268,1,0,0.10906893759965897
4269,4,0,0.17407777905464172
4270,3,0,0.08176004141569138
4271,4,0,0.05614602565765381
4272,1,1,0.11661728471517563
4273,1,0,0.040643081068992615
4274,4,0,0.35654497146606445
4275,1,0,0.11605143547058105
4276,5,0,0.2808343172073364
4277,3,0,0.32329627871513367
4278,3,1,0.15755294263362885
4279,1,0,0.039308033883571625
4280,4,0,0.0755721777677536
4281,4,1,0.7810664176940918
4282,5,0,0.22784678637981415
4283,1,0,0.5693262219429016
4284,4,1,0.37092137336730957
4285,3,0,0.075839564204216
4286,3,0,0.09313423186540604
4287,2,1,0.1458447426557541
4288,5,1,0.1122865229845047
4289,1,0,0.11560213565826416
4290,2,0,0.12799674272537231
4291,5,0,0.06942284852266312
4292,5,0,0.047598063945770264
4293,4,1,0.4356255531311035
4294,4,0,0.07521234452724457
4295,4,0,0.19306689500808716
4296,5,1,0.13537582755088806
4297,3,1,0.1638195812702179
4298,4,0,0.15287819504737854
4299,4,0,0.040573377162218094
4300,3,0,0.07960736006498337
4301,5,0,0.07834553718566895
4302,1,0,0.07409609854221344
4303,5,0,0.4129847288131714
4304,5,0,0.6492807269096375
4305,5,0,0.22346821427345276
4306,3,0,0.07836824655532837
4307,5,0,0.2305271178483963
4308,2,0,0.18366894125938416
4309,1,1,0.40122854709625244
4310,2,0,0.48335975408554077
4311,3,0,0.2203831821680069
4312,2,0,0.12735138833522797
4313,3,0,0.06393110007047653
4314,2,1,0.2713336646556854
4315,1,0,0.18937760591506958
4316,2,1,0.8391232490539551
4317,1,1,0.3529616594314575
4318,1,0,0.05787361413240433
4319,1,0,0.05193458870053291
4320,3,0,0.5097165107727051
4321,5,0,0.07949896156787872
4322,5,0,0.07082205265760422
4323,3,1,0.4629014730453491
4324,4,0,0.07240552455186844
4325,2,0,0.09289544075727463
4326,1,0,0.12905961275100708
4327,3,0,0.08798260241746902
4328,5,0,0.11990441381931305
4329,2,0,0.27415603399276733
4330,1,0,0.2285766303539276
4331,5,1,0.8416811227798462
4332,5,0,0.04758431762456894
4333,5,0,0.036440081894397736
4334,2,1,0.7659091949462891
4335,4,1,0.549156129360199
4336,5,0,0.1324889063835144
4337,4,1,0.22855907678604126
4338,3,0,0.1150958463549614
4339,1,0,0.1415020376443863
4340,5,1,0.7420320510864258
4341,3,0,0.16830840706825256
4342,1,0,0.05763600021600723
4343,3,0,0.12404459714889526
4344,1,0,0.13100673258304596
4345,2,0,0.10937967151403427
4346,3,0,0.21532565355300903
4347,2,0,0.2303197681903839
4348,4,0,0.07209043204784393
4349,2,0,0.28201693296432495
4350,5,0,0.24175673723220825
4351,4,1,0.43142053484916687
4352,1,0,0.4161209762096405
4353,2,0,0.026495546102523804
4354,5,0,0.12361817806959152
4355,4,0,0.8080862760543823
4356,4,1,0.7114471197128296
4357,4,0,0.34189775586128235
4358,4,0,0.06682953983545303
4359,3,0,0.14418351650238037
4360,1,0,0.05034443363547325
4361,3,1,0.21977375447750092
4362,4,0,0.19514809548854828
4363,4,0,0.08336282521486282
4364,3,0,0.17382997274398804
4365,1,0,0.1009393185377121
4366,4,0,0.09802485257387161
4367,1,0,0.06398560851812363
4368,3,0,0.08354736119508743
4369,1,1,0.08839818835258484
4370,5,0,0.32038137316703796
4371,5,1,0.3181401789188385
4372,3,0,0.3030295968055725
4373,3,0,0.1651919037103653
4374,4,0,0.23777782917022705
4375,3,0,0.05766100436449051
4376,3,0,0.028436224907636642
4377,4,0,0.5705307126045227
4378,5,0,0.07189344614744186
4379,3,0,0.07142119109630585
4380,5,0,0.08609435707330704
4381,2,1,0.09643448889255524
4382,5,1,0.05883881822228432
4383,5,0,0.15282928943634033
4384,4,0,0.0698956698179245
4385,5,1,0.8393383622169495
4386,3,0,0.06827893853187561
4387,2,0,0.06413000822067261
4388,4,0,0.05107298493385315
4389,3,0,0.12958908081054688
4390,5,0,0.1015050932765007
4391,1,0,0.2650815546512604
4392,4,0,0.14699354767799377
4393,1,0,0.28644540905952454
4394,2,0,0.11867014318704605
4395,4,0,0.10901116579771042
4396,2,0,0.14752209186553955
4397,5,0,0.20440532267093658
4398,5,0,0.11199313402175903
4399,1,1,0.06529922783374786
4400,2,0,0.12805815041065216
4401,2,0,0.1358400136232376
4402,3,1,0.7570824027061462
4403,3,0,0.11157234758138657
4404,4,1,0.813101053237915
4405,5,1,0.7510386109352112
4406,1,1,0.17754563689231873
4407,2,0,0.10692956298589706
4408,5,0,0.08334659039974213
4409,1,0,0.15654347836971283
4410,3,0,0.18950378894805908
4411,2,0,0.18615016341209412
4412,2,0,0.6552377939224243
4413,5,0,0.1761612743139267
4414,5,0,0.1036689504981041
4415,2,0,0.10801897943019867
4416,5,0,0.08522219210863113
4417,4,0,0.754000723361969
4418,5,0,0.1494923084974289
4419,4,0,0.17957355082035065
4420,3,0,0.09842918068170547
4421,1,0,0.11502275615930557
4422,4,1,0.6821671724319458
4423,3,1,0.7099547386169434
4424,4,1,0.8167677521705627
4425,4,0,0.18234767019748688
4426,1,1,0.7755919694900513
4427,4,0,0.15488454699516296
4428,2,0,0.068855419754982
4429,5,0,0.291738897562027
4430,5,1,0.6000036001205444
4431,3,0,0.09709768742322922
4432,4,0,0.16876406967639923
4433,1,0,0.0716012641787529
4434,2,0,0.15005607903003693
4435,4,1,0.6342378854751587
4436,1,0,0.09542278945446014
4437,5,1,0.0944187343120575
4438,2,0,0.1335098296403885
4439,3,0,0.0660538375377655
4440,1,0,0.2894878089427948
4441,3,0,0.25338080525398254
4442,4,0,0.4787133038043976
4443,2,1,0.6338582634925842
4444,3,0,0.5021118521690369
4445,3,1,0.690344512462616
4446,5,0,0.057811807841062546
4447,3,0,0.13066302239894867
4448,1,0,0.09344159811735153
4449,1,0,0.04523538798093796
4450,2,0,0.09713248163461685
4451,1,0,0.1849154233932495
4452,5,0,0.11317946016788483
4453,2,0,0.08037005364894867
4454,4,0,0.4166679382324219
4455,4,1,0.6302424669265747
4456,1,0,0.14177164435386658
4457,4,1,0.29664742946624756
4458,4,0,0.06319614499807358
4459,3,0,0.10818426311016083
4460,1,0,0.12902486324310303
4461,1,0,0.319211483001709
4462,1,1,0.18264241516590118
4463,2,0,0.17261388897895813
4464,5,0,0.1873898059129715
4465,2,0,0.06335996091365814
4466,1,0,0.09005147218704224
4467,3,0,0.10580774396657944
4468,2,1,0.07691894471645355
4469,5,0,0.19474327564239502
4470,5,0,0.07100511342287064
4471,3,0,0.18909236788749695
4472,2,1,0.13058726489543915
4473,4,0,0.08530058711767197
4474,1,0,0.29174137115478516
4475,5,0,0.18856945633888245
4476,2,0,0.10880406200885773
4477,1,0,0.6391628384590149
4478,2,0,0.07830122113227844
4479,1,0,0.1053936779499054
4480,5,0,0.07644212990999222
4481,3,0,0.6026458740234375
4482,4,0,0.0663808137178421
4483,4,0,0.10175686329603195
4484,4,0,0.20327284932136536
4485,4,0,0.12391161173582077
4486,5,0,0.764241635799408
4487,3,1,0.23526297509670258
4488,2,0,0.09181827306747437
4489,3,0,0.6677398681640625
4490,2,0,0.08515987545251846
4491,1,0,0.0831967145204544
4492,2,0,0.09754069149494171
4493,2,1,0.7336598634719849
4494,1,0,0.14810968935489655
4495,5,0,0.15642660856246948
4496,2,0,0.09866315126419067
4497,3,0,0.047025058418512344
4498,2,0,0.15730562806129456
4499,5,0,0.0684048980474472
4500,3,0,0.1552007496356964
4501,2,0,0.12103600054979324
4502,3,0,0.0827600359916687
4503,2,0,0.160354882478714
4504,4,0,0.13418453931808472
4505,5,0,0.15260370075702667
4506,1,0,0.09899795055389404
4507,5,0,0.264941543340683
4508,2,0,0.05913149192929268
4509,4,1,0.1639760434627533
4510,3,0,0.20534585416316986
4511,5,0,0.13682135939598083
4512,4,0,0.1408945769071579
4513,4,0,0.10785043984651566
4514,4,0,0.3541340231895447
4515,1,1,0.46649664640426636
4516,4,0,0.05772477760910988
4517,4,0,0.0501822829246521
4518,4,1,0.7482752203941345
4519,4,0,0.17025382816791534
4520,2,0,0.09678445756435394
4521,3,0,0.782961368560791
4522,1,0,0.07865328341722488
4523,3,0,0.04370436072349548
4524,1,0,0.17673510313034058
4525,3,0,0.05756819620728493
4526,1,0,0.28267595171928406
4527,1,0,0.05017489939928055
4528,4,1,0.8193279504776001
4529,5,0,0.056539639830589294
4530,5,1,0.3216235637664795
4531,5,0,0.1625032126903534
4532,3,0,0.20911140739917755
4533,2,0,0.11339124292135239
4534,3,0,0.13416720926761627
4535,1,0,0.7503005862236023
4536,3,0,0.7321562170982361
4537,5,0,0.17626751959323883
4538,1,0,0.33104440569877625
4539,1,0,0.16657882928848267
4540,1,0,0.24164217710494995
4541,2,1,0.2338196188211441
4542,1,0,0.12507756054401398
4543,1,0,0.07774512469768524
4544,5,0,0.21266354620456696
4545,1,0,0.4619503319263458
4546,1,1,0.6261462569236755
4547,3,1,0.7681357860565186
4548,5,0,0.12849904596805573
4549,3,0,0.04058443382382393
4550,5,0,0.14058351516723633
4551,2,0,0.14806750416755676
4552,1,0,0.14469601213932037
4553,1,0,0.14494691789150238
4554,2,0,0.11697454750537872
4555,3,0,0.06650351732969284
4556,2,1,0.32227957248687744
4557,5,1,0.2816949784755707
4558,5,0,0.3720961809158325
4559,3,0,0.0678645670413971
4560,5,1,0.28484025597572327
4561,4,0,0.17292168736457825
4562,1,0,0.08781402558088303
4563,5,0,0.03177019953727722
4564,3,0,0.7745905518531799
4565,5,0,0.20879025757312775
4566,1,0,0.04476793110370636
4567,3,0,0.0966971293091774
4568,5,1,0.17496269941329956
4569,4,0,0.12308143079280853
4570,4,0,0.2524718940258026
4571,4,0,0.3445102572441101
4572,2,0,0.059833452105522156
4573,5,0,0.1363973319530487
4574,2,0,0.10165809094905853
4575,4,0,0.17572826147079468
4576,1,0,0.0507359579205513
4577,1,1,0.08760812133550644
4578,5,0,0.27263084053993225
4579,2,0,0.07725698500871658
4580,3,0,0.06278234720230103
4581,5,0,0.03570050001144409
4582,5,0,0.48579490184783936
4583,1,0,0.038414664566516876
4584,4,1,0.5864793658256531
4585,1,1,0.05021171271800995
4586,1,0,0.18504473567008972
4587,4,0,0.11255709081888199
4588,4,0,0.3976532518863678
4589,1,0,0.04112749546766281
4590,1,0,0.1353623867034912
4591,3,0,0.11804736405611038
4592,5,1,0.4592132866382599
4593,2,1,0.5250251293182373
4594,2,0,0.12242966145277023
4595,2,0,0.1285380721092224
4596,2,1,0.1375010907649994
4597,5,0,0.26365774869918823
4598,1,0,0.14952726662158966
4599,3,0,0.08281094580888748
4600,5,0,0.30163806676864624
4601,1,1,0.7018849849700928
4602,5,0,0.10392220318317413
4603,1,0,0.27614352107048035
4604,4,0,0.05743684619665146
4605,5,0,0.12576249241828918
4606,5,0,0.15360602736473083
4607,5,1,0.630293607711792
4608,2,0,0.03926616162061691
4609,1,1,0.579740047454834
4610,1,0,0.1330670863389969
4611,5,0,0.045040927827358246
4612,4,1,0.7660217881202698
4613,2,0,0.5445516109466553
4614,4,0,0.12203216552734375
4615,5,0,0.20730085670948029
4616,2,0,0.5974004864692688
4617,4,0,0.548189103603363
4618,4,0,0.16882552206516266
4619,4,0,0.46147775650024414
4620,4,0,0.13617542386054993
4621,2,0,0.08042913675308228
4622,2,0,0.28694188594818115
4623,4,0,0.3175661563873291
4624,2,0,0.10790323466062546
4625,1,1,0.6998875141143799
4626,5,0,0.1867130845785141
4627,4,0,0.111178919672966
4628,1,1,0.11485838890075684
4629,3,0,0.1862594187259674
4630,5,1,0.7204445004463196
4631,1,0,0.0632750615477562
4632,4,1,0.2132202833890915
4633,2,0,0.2407822459936142
4634,5,0,0.07724522799253464
4635,4,0,0.19792717695236206
4636,3,0,0.07291217148303986
4637,3,0,0.5767689943313599
4638,1,0,0.14094966650009155
4639,5,0,0.16162990033626556
4640,2,0,0.03894221410155296
4641,1,0,0.2567708194255829
4642,2,0,0.11467509716749191
4643,4,0,0.11681275814771652
4644,2,0,0.1637781411409378
4645,4,0,0.08720500022172928
4646,4,0,0.10303022712469101
4647,4,0,0.05329076200723648
4648,2,0,0.16945284605026245
4649,4,1,0.38436803221702576
4650,1,0,0.1410902589559555
4651,2,0,0.11980485171079636
4652,1,0,0.06006832420825958
4653,4,0,0.17980507016181946
4654,2,0,0.032440733164548874
4655,5,1,0.4694364070892334
4656,4,0,0.7015931606292725
4657,4,1,0.518477201461792
4658,3,0,0.14364129304885864
4659,1,0,0.05879009887576103
4660,2,0,0.23113086819648743
4661,5,1,0.6651290655136108
4662,4,0,0.09428679943084717
4663,5,0,0.1333867311477661
4664,3,0,0.06965453922748566
4665,3,1,0.8239057660102844
4666,4,0,0.21759578585624695
4667,2,0,0.10849419236183167
4668,5,0,0.14992813766002655
4669,5,0,0.15674637258052826
4670,2,0,0.1567297875881195
4671,1,1,0.08167342841625214
4672,3,0,0.06212487071752548
4673,1,0,0.11307026445865631
4674,5,0,0.11054087430238724
4675,3,0,0.14280207455158234
4676,3,0,0.4827974736690521
4677,2,0,0.11297279596328735
4678,5,0,0.1489809900522232
4679,1,0,0.07000105082988739
4680,5,0,0.11428113281726837
4681,5,1,0.26644620299339294
4682,5,0,0.04645417630672455
4683,2,0,0.16139531135559082
4684,5,0,0.03958100080490112
4685,2,0,0.05360269919037819
4686,5,0,0.24746865034103394
4687,2,0,0.3174935281276703
4688,2,0,0.30884382128715515
4689,1,1,0.4926029145717621
4690,2,0,0.0718349739909172
4691,2,1,0.07913199067115784
4692,1,0,0.15287598967552185
4693,3,0,0.1085505411028862
4694,5,0,0.07355616241693497
4695,5,0,0.03454660251736641
4696,5,1,0.1312979906797409
4697,3,0,0.08587179332971573
4698,4,0,0.19835250079631805
4699,5,1,0.5159298777580261
4700,5,0,0.2934216260910034
4701,1,0,0.07382529228925705
4702,4,0,0.08684521913528442
4703,1,0,0.14461106061935425
4704,4,0,0.09773959964513779
4705,5,1,0.09640868753194809
4706,4,0,0.11400392651557922
4707,3,0,0.3516520857810974
4708,1,0,0.5989362597465515
4709,4,0,0.08188442140817642
4710,4,0,0.21909217536449432
4711,3,0,0.10005504637956619
4712,4,0,0.24445253610610962
4713,2,0,0.15955482423305511
4714,3,0,0.47162821888923645
4715,2,0,0.04551631957292557
4716,2,0,0.30813276767730713
4717,1,1,0.5378439426422119
4718,5,0,0.09088980406522751
4719,3,0,0.05653388798236847
4720,1,0,0.24782925844192505
4721,3,1,0.3604463040828705
4722,1,0,0.25958630442619324
4723,1,0,0.1734868884086609
4724,2,1,0.09288303554058075
4725,1,0,0.7235502004623413
4726,5,0,0.08490052819252014
4727,3,0,0.12489606440067291
4728,2,0,0.0775294080376625
4729,4,0,0.11855331808328629
4730,2,1,0.5440829396247864
4731,2,0,0.09651865810155869
4732,2,1,0.22721029818058014
4733,2,1,0.08187760412693024
4734,4,1,0.5227436423301697
4735,3,1,0.08393268287181854
4736,5,1,0.6433030366897583
4737,2,0,0.09714190661907196
4738,3,0,0.18598762154579163
4739,3,0,0.3065055012702942
4740,3,0,0.0905066505074501
4741,4,1,0.70652836561203
4742,4,0,0.0852154865860939
4743,5,0,0.3615388870239258
4744,1,0,0.11602120846509933
4745,5,0,0.15092988312244415
4746,3,0,0.2150641530752182
4747,5,0,0.16666388511657715
4748,3,1,0.23286010324954987
4749,1,0,0.03397241234779358
4750,3,0,0.07567895203828812
4751,1,1,0.19097402691841125
4752,4,0,0.08631644397974014
4753,3,0,0.0956956297159195
4754,1,0,0.11104446649551392
4755,3,0,0.11187300086021423
4756,4,0,0.11253473907709122
4757,4,0,0.08845855295658112
4758,4,0,0.13478028774261475
4759,4,0,0.11290673166513443
4760,2,1,0.640887975692749
4761,3,1,0.18404974043369293
4762,3,0,0.04654291644692421
4763,3,0,0.3949916958808899
4764,4,0,0.1432466357946396
4765,3,0,0.14459338784217834
4766,4,0,0.3210614323616028
4767,2,0,0.1226472556591034
4768,1,0,0.03137108311057091
4769,3,0,0.11054534465074539
4770,2,1,0.6997162103652954
4771,2,0,0.10215702652931213
4772,3,0,0.5582197904586792
4773,5,0,0.1692173331975937
4774,4,0,0.1687111109495163
4775,1,0,0.03971443697810173
4776,3,0,0.15457181632518768
4777,3,0,0.03222312778234482
4778,3,0,0.09160678088665009
4779,4,0,0.0894792228937149
4780,3,0,0.03400252386927605
4781,4,0,0.21171176433563232
4782,5,0,0.13197346031665802
4783,3,0,0.12376893311738968
4784,4,0,0.047870635986328125
4785,4,0,0.054826438426971436
4786,1,0,0.1064257100224495
4787,3,0,0.11366529762744904
4788,2,0,0.10372382402420044
4789,1,0,0.4439096748828888
4790,1,0,0.1905403733253479
4791,3,0,0.07864674925804138
4792,3,0,0.09641579538583755
4793,3,0,0.06167769804596901
4794,5,0,0.8083575367927551
4795,2,0,0.11278968304395676
4796,1,1,0.1267409771680832
4797,1,0,0.08242002129554749
4798,5,1,0.5998024344444275
4799,1,0,0.11107312887907028
4800,3,0,0.20855215191841125
4801,2,0,0.09526675939559937
4802,5,0,0.4251151382923126
4803,5,1,0.1933850795030594
4804,4,0,0.09977639466524124
4805,1,0,0.07329502701759338
4806,5,0,0.09995554387569427
4807,5,0,0.10877149552106857
4808,5,0,0.11904027312994003
4809,3,0,0.04139085114002228
4810,4,0,0.0979645699262619
4811,5,0,0.58668452501297
4812,4,0,0.07866648584604263
4813,3,1,0.844964325428009
4814,3,0,0.0612381249666214
4815,1,0,0.04180386662483215
4816,1,0,0.06949920952320099
4817,3,0,0.647723913192749
4818,1,1,0.5388279557228088
4819,1,1,0.1379481703042984
4820,2,0,0.11053180694580078
4821,3,0,0.10425074398517609
4822,2,0,0.09809710085391998
4823,5,1,0.6796184778213501
4824,4,0,0.08992817252874374
4825,3,0,0.2637426555156708
4826,2,0,0.6703661680221558
4827,2,0,0.08381879329681396
4828,1,1,0.15117879211902618
4829,1,0,0.41207900643348694
4830,1,1,0.1451888531446457
4831,2,0,0.19832397997379303
4832,5,0,0.08219338208436966
4833,5,0,0.04766584187746048
4834,2,1,0.4180518686771393
4835,1,1,0.3546608090400696
4836,2,0,0.08364809304475784
4837,5,0,0.12744441628456116
4838,3,0,0.0962454229593277
4839,1,0,0.0669088065624237
4840,5,0,0.033843912184238434
4841,3,0,0.09798283129930496
4842,5,0,0.09015270322561264
4843,1,0,0.050765421241521835
4844,3,0,0.04841628298163414
4845,5,0,0.3387344479560852
4846,1,0,0.11355739086866379
4847,5,0,0.04643770307302475
4848,5,0,0.13574285805225372
4849,1,0,0.11336122453212738
4850,5,0,0.25092142820358276
4851,1,0,0.18747323751449585
4852,1,0,0.5022440552711487
4853,5,0,0.19052009284496307
4854,5,0,0.10297960042953491
4855,1,0,0.11021043360233307
4856,2,0,0.042389918118715286
4857,5,1,0.18420329689979553
4858,4,0,0.13891400396823883
4859,3,0,0.2653440535068512
4860,1,1,0.07440723478794098
4861,4,0,0.11829949915409088
4862,3,0,0.26803287863731384
4863,2,0,0.24633710086345673
4864,4,0,0.13287846744060516
4865,3,1,0.8168600797653198
4866,1,0,0.16801095008850098
4867,1,0,0.11323770135641098
4868,2,1,0.13744379580020905
4869,4,0,0.08436457812786102
4870,5,1,0.10450343042612076
4871,4,0,0.05128132551908493
4872,4,0,0.04764452576637268
4873,2,0,0.12013164162635803
4874,1,0,0.04855354130268097
4875,4,0,0.07503338158130646
4876,5,1,0.8115158677101135
4877,2,0,0.12598538398742676
4878,5,1,0.18777884542942047
4879,1,0,0.07091879099607468
4880,5,0,0.14269587397575378
4881,5,1,0.6115897297859192
4882,5,0,0.1013508290052414
4883,2,0,0.036625973880290985
4884,5,0,0.1727050542831421
4885,5,1,0.8066364526748657
4886,5,0,0.09615007042884827
4887,1,0,0.06050044298171997
4888,3,0,0.13399910926818848
4889,5,0,0.15815474092960358
4890,3,0,0.16828776895999908
4891,2,0,0.2064087837934494
4892,2,0,0.09070856124162674
4893,3,0,0.17738912999629974
4894,2,0,0.09780418872833252
4895,5,0,0.14431032538414001
4896,4,0,0.10276728123426437
4897,5,0,0.11842326819896698
4898,1,0,0.1479078084230423
4899,3,0,0.16930638253688812
4900,5,0,0.23351578414440155
4901,2,0,0.13986818492412567
4902,4,0,0.1443052887916565
4903,3,0,0.06352143734693527
4904,4,0,0.1660192906856537
4905,2,0,0.2478262484073639
4906,3,0,0.245458722114563
4907,1,0,0.14932236075401306
4908,1,0,0.11584366858005524
4909,4,0,0.09588868916034698
4910,5,0,0.11437669396400452
4911,1,0,0.10663259774446487
4912,1,0,0.04203544184565544
4913,4,0,0.11641793698072433
4914,5,0,0.1226167157292366
4915,1,1,0.4496424198150635
4916,3,0,0.18367552757263184
4917,1,0,0.09512030333280563
4918,5,0,0.13339771330356598
4919,2,0,0.05111433193087578
4920,5,0,0.3084108829498291
4921,1,0,0.11907923221588135
4922,5,0,0.18371839821338654
4923,1,1,0.3515956401824951
4924,5,0,0.1492961049079895
4925,3,0,0.08040981739759445
4926,1,0,0.8156301975250244
4927,2,0,0.03194659948348999
4928,1,1,0.18259142339229584
4929,5,0,0.38046327233314514
4930,4,0,0.15795350074768066
4931,3,0,0.06112739443778992
4932,2,1,0.2826911509037018
4933,2,1,0.14210352301597595
4934,1,0,0.05399855971336365
4935,3,0,0.11005100607872009
4936,5,1,0.3156571686267853
4937,3,0,0.09259885549545288
4938,5,0,0.8033027052879333
4939,4,1,0.14793084561824799
4940,3,1,0.05616731941699982
4941,5,0,0.10575815290212631
4942,2,0,0.5435667634010315
4943,3,0,0.10678700357675552
4944,1,0,0.10410376638174057
4945,4,0,0.09116359055042267
4946,1,0,0.2138117402791977
4947,5,0,0.05673621967434883
4948,5,1,0.6116508841514587
4949,4,0,0.08778658509254456
4950,4,0,0.07366951555013657
4951,3,0,0.3302493989467621
4952,2,0,0.4936922788619995
4953,5,1,0.6119713187217712
4954,3,0,0.08178877085447311
4955,4,0,0.0768771767616272
4956,4,1,0.7021884322166443
4957,3,0,0.07524938881397247
4958,1,0,0.4215545356273651
4959,2,1,0.7797191143035889
4960,1,0,0.09143206477165222
4961,1,1,0.4170111119747162
4962,2,1,0.41135913133621216
4963,2,0,0.09970545023679733
4964,3,0,0.07304660975933075
4965,5,0,0.3213716149330139
4966,2,0,0.18318182229995728
4967,3,0,0.6685724854469299
4968,5,0,0.1576204150915146
4969,3,0,0.36968663334846497
4970,1,0,0.11081071943044662
4971,2,0,0.09900815784931183
4972,2,0,0.6942723393440247
4973,2,0,0.08846983313560486
4974,2,0,0.24238723516464233
4975,4,1,0.558735191822052
4976,1,1,0.1545647382736206
4977,2,0,0.3126978576183319
4978,5,0,0.331856369972229
4979,5,0,0.09251414984464645
4980,5,0,0.06735043227672577
4981,3,0,0.12569454312324524
4982,4,1,0.28607088327407837
4983,1,1,0.21793103218078613
4984,2,0,0.07089917361736298
4985,5,0,0.07126650214195251
4986,1,0,0.0741693302989006
4987,1,0,0.15176109969615936
4988,2,0,0.24591585993766785
4989,5,0,0.19753475487232208
4990,3,0,0.17353565990924835
4991,5,0,0.12836489081382751
4992,3,0,0.05592194199562073
4993,4,0,0.07158411294221878
4994,2,0,0.20528945326805115
4995,2,1,0.513963520526886
4996,3,0,0.16359396278858185
4997,2,0,0.038494545966386795
4998,5,1,0.6841312050819397
4999,3,0,0.05015797168016434
5000,4,0,0.5170776844024658
5001,1,0,0.05457831174135208
5002,4,0,0.17831380665302277
5003,3,1,0.695957601070404
5004,2,1,0.07774294912815094
5005,5,0,0.15048642456531525
5006,3,0,0.39685994386672974
5007,4,0,0.13053445518016815
5008,5,0,0.14479534327983856
5009,3,0,0.0980830192565918
5010,1,1,0.10772960633039474
5011,5,0,0.09285693615674973
5012,5,0,0.12993623316287994
5013,3,0,0.11064176261425018
5014,5,0,0.10394658893346786
5015,5,1,0.294740229845047
5016,3,0,0.3623906970024109
5017,1,1,0.1324695646762848
5018,1,0,0.15799887478351593
5019,1,0,0.06887711584568024
5020,2,0,0.174636572599411
5021,2,0,0.35470065474510193
5022,4,0,0.16231203079223633
5023,2,0,0.7961097955703735
5024,2,0,0.24050387740135193
5025,5,0,0.0928887128829956
5026,5,0,0.09781209379434586
5027,3,0,0.15057970583438873
5028,4,1,0.7154727578163147
5029,4,0,0.13408251106739044
5030,2,0,0.11087454110383987
5031,3,1,0.5932281613349915
5032,3,1,0.1199541985988617
5033,5,0,0.04725730046629906
5034,3,0,0.13744840025901794
5035,4,0,0.07940854132175446
5036,1,0,0.09276340901851654
5037,5,0,0.17434872686862946
5038,4,0,0.8299487233161926
5039,5,0,0.12432090938091278
5040,2,0,0.1974276900291443
5041,5,1,0.7137196063995361
5042,5,0,0.05950005352497101
5043,2,0,0.11012465506792068
5044,5,0,0.09609745442867279
5045,1,0,0.07403986901044846
5046,3,0,0.10750705003738403
5047,3,0,0.07814448326826096
5048,4,0,0.41219276189804077
5049,2,0,0.06460326164960861
5050,1,0,0.7724409103393555
5051,1,1,0.38169780373573303
5052,5,1,0.31460288166999817
5053,3,0,0.15444882214069366
5054,1,0,0.06380951404571533
5055,2,0,0.13362936675548553
5056,3,0,0.35521626472473145
5057,4,1,0.4028272032737732
5058,1,0,0.037713423371315
5059,3,0,0.06940028816461563
5060,4,0,0.09414764493703842
5061,5,1,0.14349035918712616
5062,4,0,0.17650742828845978
5063,4,0,0.13172447681427002
5064,5,0,0.0937616378068924
5065,4,0,0.18771417438983917
5066,1,1,0.6926264762878418
5067,2,0,0.08974147588014603
5068,4,0,0.3618454337120056
5069,5,0,0.5257695913314819
5070,3,1,0.7485083937644958
5071,1,0,0.05589785426855087
5072,3,0,0.16436563432216644
5073,3,0,0.3144019544124603
5074,2,0,0.2248438149690628
5075,4,1,0.3335703909397125
5076,4,0,0.19158747792243958
5077,5,1,0.12405046820640564
5078,4,0,0.08469070494174957
5079,3,1,0.720641553401947
5080,5,0,0.07073356956243515
5081,2,0,0.45157262682914734
5082,5,0,0.08211074024438858
5083,1,0,0.08248576521873474
5084,4,1,0.5304557085037231
5085,4,1,0.09037383645772934
5086,5,0,0.6695147752761841
5087,3,1,0.4283995032310486
5088,1,0,0.13798858225345612
5089,3,0,0.14161737263202667
5090,3,0,0.2798750400543213
5091,3,1,0.8039484620094299
5092,2,1,0.17778407037258148
5093,4,0,0.08161736279726028
5094,3,1,0.060915540903806686
5095,4,1,0.1993078738451004
5096,4,0,0.09211432188749313
5097,3,1,0.6597867012023926
5098,3,1,0.40440669655799866
5099,3,0,0.5662412643432617
5100,4,0,0.26751911640167236
5101,4,0,0.07995526492595673
5102,2,0,0.03650885820388794
5103,3,0,0.13429322838783264
5104,3,0,0.26745960116386414
5105,3,0,0.23300616443157196
5106,5,0,0.5308911204338074
5107,3,1,0.6915310025215149
5108,1,1,0.8201761841773987
5109,4,0,0.17692464590072632
5110,3,0,0.5104751586914062
5111,4,0,0.3703950047492981
5112,4,0,0.7134044766426086
5113,5,0,0.08690549433231354
5114,3,0,0.0892634466290474
5115,1,0,0.4087661802768707
5116,1,0,0.08817263692617416
5117,1,1,0.5889310836791992
5118,2,0,0.14834780991077423
5119,4,0,0.13895073533058167
5120,3,0,0.04481276497244835
5121,2,0,0.2510796785354614
5122,4,0,0.1747855842113495
5123,2,1,0.6700435280799866
5124,5,0,0.048484936356544495
5125,1,1,0.151591494679451
5126,3,0,0.640037477016449
5127,3,0,0.07537725567817688
5128,3,0,0.14147740602493286
5129,2,1,0.22454892098903656
5130,1,0,0.21577540040016174
5131,4,0,0.13284321129322052
5132,1,0,0.08090261369943619
5133,3,0,0.03865794464945793
5134,3,0,0.13211198151111603
5135,1,0,0.10048790276050568
5136,5,0,0.1538548320531845
5137,1,0,0.07666369527578354
5138,2,0,0.11793109774589539
5139,3,0,0.07206393033266068
5140,4,0,0.23861560225486755
5141,5,0,0.15827904641628265
5142,5,1,0.1600094735622406
5143,4,0,0.15213167667388916
5144,3,0,0.1697373241186142
5145,5,0,0.04729302600026131
5146,3,1,0.6881447434425354
5147,1,0,0.2055629938840866
5148,3,0,0.3415769040584564
5149,5,0,0.13622798025608063
5150,2,0,0.10949286073446274
5151,3,0,0.053743187338113785
5152,2,0,0.2326965481042862
5153,2,0,0.061231017112731934
5154,2,1,0.18093951046466827
5155,1,0,0.1442638337612152
5156,1,1,0.13294614851474762
5157,5,0,0.054766830056905746
5158,2,1,0.5563048720359802
5159,5,0,0.061430275440216064
5160,1,1,0.12629017233848572
5161,3,1,0.28930455446243286
5162,1,0,0.19896718859672546
5163,3,1,0.14736178517341614
5164,4,0,0.06706180423498154
5165,3,0,0.037545345723629
5166,2,1,0.7802488207817078
5167,4,0,0.06696578860282898
5168,3,0,0.16571855545043945
5169,5,0,0.10572660714387894
5170,1,0,0.048599742352962494
5171,1,0,0.5513747334480286
5172,4,0,0.20706264674663544
5173,3,0,0.09756835550069809
5174,2,1,0.24366861581802368
5175,4,0,0.13901245594024658
5176,1,1,0.10884352773427963
5177,5,0,0.568755030632019
5178,2,0,0.06273260712623596
5179,4,0,0.5457888841629028
5180,4,0,0.0459270253777504
5181,4,0,0.09375136345624924
5182,3,1,0.13324075937271118
5183,3,0,0.0420856811106205
5184,3,0,0.44383418560028076
5185,3,0,0.18830503523349762
5186,3,0,0.07857458293437958
5187,5,1,0.36953145265579224
5188,1,0,0.1641460806131363
5189,4,1,0.33249589800834656
5190,2,1,0.21302570402622223
5191,4,1,0.23092684149742126
5192,5,0,0.04997888579964638
5193,1,0,0.16487723588943481
5194,1,0,0.043224088847637177
5195,3,0,0.10289803147315979
5196,4,0,0.1051536276936531
5197,2,0,0.10997381061315536
5198,4,0,0.10062356293201447
5199,5,0,0.13680525124073029
5200,5,1,0.6343631744384766
5201,4,0,0.12518325448036194
5202,3,0,0.041526030749082565
5203,1,0,0.25602036714553833
5204,1,1,0.18714429438114166
5205,1,0,0.06610105186700821
5206,3,0,0.1313531994819641
5207,1,0,0.10454867780208588
5208,1,0,0.11547695100307465
5209,5,0,0.11127053201198578
5210,4,1,0.09902892261743546
5211,4,1,0.30263110995292664
5212,3,0,0.08660535514354706
5213,5,1,0.18082468211650848
5214,4,1,0.7776052355766296
5215,5,0,0.15595388412475586
5216,4,0,0.6990149021148682
5217,3,1,0.6597282290458679
5218,4,0,0.18674330413341522
5219,1,0,0.314319908618927
5220,2,0,0.32088759541511536
5221,3,0,0.1598193496465683
5222,4,0,0.23796337842941284
5223,5,1,0.21768775582313538
5224,2,0,0.04804239794611931
5225,5,0,0.31626376509666443
5226,5,0,0.1054026335477829
5227,4,0,0.4102199077606201
5228,4,0,0.1164482831954956
5229,2,0,0.12893597781658173
5230,5,1,0.7189235091209412
5231,2,0,0.21666106581687927
5232,1,0,0.21024839580059052
5233,1,0,0.12193235009908676
5234,5,0,0.07783869653940201
5235,1,0,0.33547443151474
5236,4,0,0.03374888002872467
5237,5,0,0.07011602073907852
5238,2,0,0.12906812131404877
5239,4,0,0.0596512146294117
5240,1,1,0.5689662098884583
5241,1,0,0.20050713419914246
5242,4,0,0.10406912118196487
5243,1,1,0.3464371860027313
5244,1,0,0.10155009478330612
5245,1,0,0.06604405492544174
5246,3,0,0.09264301508665085
5247,1,0,0.0323609821498394
5248,3,0,0.048440299928188324
5249,4,1,0.08649887889623642
5250,2,0,0.03352819383144379
5251,2,0,0.20408955216407776
5252,5,0,0.04424988105893135
5253,3,0,0.025541698560118675
5254,3,0,0.4756309390068054
5255,5,0,0.17093266546726227
5256,4,0,0.17016729712486267
5257,5,1,0.11319927871227264
5258,3,0,0.10362955182790756
5259,4,0,0.1065882220864296
5260,2,0,0.10595876723527908
5261,1,0,0.09431927651166916
5262,3,0,0.21587426960468292
5263,5,0,0.30517086386680603
5264,2,0,0.19042064249515533
5265,3,1,0.6823392510414124
5266,5,0,0.14876727759838104
5267,1,1,0.34548214077949524
5268,5,0,0.0690416470170021
5269,5,1,0.457443505525589
5270,1,0,0.4739162027835846
5271,1,0,0.05148764327168465
5272,1,0,0.20110662281513214
5273,4,0,0.10070985555648804
5274,1,1,0.7376692891120911
5275,4,0,0.13984563946723938
5276,2,1,0.5790035724639893
5277,2,0,0.0879639983177185
5278,4,0,0.09789463877677917
5279,4,0,0.1748160868883133
5280,5,0,0.11925580352544785
5281,4,0,0.09775898605585098
5282,5,0,0.13908988237380981
5283,2,0,0.23255117237567902
5284,2,0,0.23995500802993774
5285,3,0,0.06172608211636543
5286,3,0,0.13342463970184326
5287,5,1,0.3736269474029541
5288,2,1,0.14857217669487
5289,4,1,0.7511749267578125
5290,4,0,0.10747719556093216
5291,3,0,0.25536802411079407
5292,4,0,0.06992315500974655
5293,2,0,0.07223263382911682
5294,5,0,0.06819798797369003
5295,4,0,0.17424821853637695
5296,3,1,0.14779488742351532
5297,2,1,0.08247511833906174
5298,4,0,0.08763547241687775
5299,1,0,0.16453835368156433
5300,2,0,0.14648595452308655
5301,4,0,0.08159919083118439
5302,3,0,0.09377282112836838
5303,2,0,0.21167638897895813
5304,2,0,0.07473742216825485
5305,3,1,0.06466760486364365
5306,1,0,0.3164946734905243
5307,4,0,0.05286145955324173
5308,5,1,0.1252143532037735
5309,3,0,0.18159142136573792
5310,1,0,0.13994361460208893
5311,5,0,0.2303030788898468
5312,5,0,0.3720400035381317
5313,1,0,0.07851200550794601
5314,2,0,0.11315211653709412
5315,5,0,0.13058976829051971
5316,3,0,0.056215040385723114
5317,5,1,0.15124358236789703
5318,5,0,0.09034071117639542
5319,3,0,0.12602655589580536
5320,1,0,0.04888683557510376
5321,1,0,0.06436970829963684
5322,4,0,0.14261659979820251
5323,3,0,0.15152962505817413
5324,3,0,0.08296338468790054
5325,2,1,0.14332374930381775
5326,5,0,0.194074347615242
5327,2,1,0.4085140824317932
5328,4,0,0.17995105683803558
5329,2,0,0.09641795605421066
5330,5,0,0.07784871011972427
5331,3,1,0.3382062613964081
5332,4,0,0.12416066229343414
5333,4,1,0.7426635026931763
5334,1,1,0.6544855237007141
5335,5,1,0.3506583571434021
5336,4,0,0.08914713561534882
5337,3,0,0.09279010444879532
5338,4,0,0.14879247546195984
5339,2,0,0.3377809226512909
5340,2,0,0.07673928886651993
5341,4,0,0.3019964396953583
5342,4,0,0.10751592367887497
5343,5,0,0.12299718707799911
5344,5,0,0.06549615412950516
5345,1,1,0.5286296606063843
5346,1,0,0.33395013213157654
5347,3,1,0.2475968450307846
5348,5,0,0.044124115258455276
5349,4,1,0.8108996152877808
5350,5,0,0.09132172167301178
5351,5,0,0.262862890958786
5352,1,1,0.11758989095687866
5353,1,1,0.07732132822275162
5354,2,0,0.2232578843832016
5355,4,1,0.10683435946702957
5356,1,0,0.1371666043996811
5357,3,1,0.3977522552013397
5358,5,0,0.12996627390384674
5359,2,1,0.23644380271434784
5360,4,1,0.46163591742515564
5361,5,0,0.029443159699440002
5362,4,1,0.30426496267318726
5363,1,0,0.1986895054578781
5364,5,0,0.04481414332985878
5365,3,0,0.17017459869384766
5366,3,0,0.08436763286590576
5367,1,1,0.8811432719230652
5368,5,0,0.20881719887256622
5369,4,0,0.1257716417312622
5370,3,0,0.14574740827083588
5371,1,1,0.7060592174530029
5372,2,0,0.06887365877628326
5373,4,0,0.11166447401046753
5374,4,0,0.0942828431725502
5375,3,0,0.05772983655333519
5376,4,1,0.7341490387916565
5377,1,0,0.07471449673175812
5378,1,0,0.15271233022212982
5379,4,0,0.11449500918388367
5380,1,0,0.10737299174070358
5381,5,0,0.26548320055007935
5382,3,0,0.05752311646938324
5383,5,0,0.08041723072528839
5384,4,1,0.11948955059051514
5385,4,1,0.2559104859828949
5386,3,1,0.8733801245689392
5387,2,1,0.24156568944454193
5388,5,1,0.34448516368865967
5389,2,0,0.2255955934524536
5390,3,0,0.13372176885604858
5391,3,0,0.15102770924568176
5392,3,0,0.055812474340200424
5393,1,0,0.15686000883579254
5394,3,0,0.07409017533063889
5395,3,1,0.5807028412818909
5396,2,1,0.3896447718143463
5397,3,0,0.15699121356010437
5398,1,0,0.11605312675237656
5399,5,0,0.14694665372371674
5400,5,1,0.34562650322914124
5401,1,0,0.16981428861618042
5402,4,0,0.15720239281654358
5403,4,1,0.210372194647789
5404,2,1,0.5287126898765564
5405,3,0,0.09432359039783478
5406,3,1,0.7153477072715759
5407,3,1,0.10452781617641449
5408,2,0,0.09616225212812424
5409,3,1,0.22133909165859222
5410,2,0,0.20715688169002533
5411,3,0,0.1538669615983963
5412,5,1,0.592125654220581
5413,4,0,0.28577467799186707
5414,5,1,0.09777507930994034
5415,1,0,0.15716716647148132
5416,3,0,0.27134472131729126
5417,5,1,0.6121786236763
5418,1,0,0.35902494192123413
5419,2,0,0.08073753863573074
5420,2,0,0.16008564829826355
5421,2,0,0.050559815019369125
5422,1,0,0.11406929790973663
5423,1,0,0.1148795410990715
5424,2,0,0.156692236661911
5425,2,1,0.8034861087799072
5426,1,1,0.0993591696023941
5427,4,0,0.4161692261695862
5428,2,0,0.20617590844631195
5429,5,0,0.0510602630674839
5430,5,0,0.16894373297691345
5431,3,0,0.134282186627388
5432,4,1,0.11280563473701477
5433,5,1,0.373851478099823
5434,2,1,0.07746510952711105
5435,3,0,0.09055857360363007
5436,5,0,0.10193150490522385
5437,4,0,0.1671021282672882
5438,5,0,0.19932790100574493
5439,1,0,0.5076988935470581
5440,5,0,0.09309260547161102
5441,3,1,0.7405444383621216
5442,2,0,0.1875474750995636
5443,5,0,0.19166359305381775
5444,3,0,0.7111432552337646
5445,2,0,0.3574311137199402
5446,1,0,0.10030009597539902
5447,3,0,0.05074102059006691
5448,5,0,0.07505852729082108
5449,3,0,0.43154725432395935
5450,5,0,0.15990589559078217
5451,1,0,0.15537679195404053
5452,2,0,0.06691715866327286
5453,2,1,0.65157151222229
5454,1,0,0.0634697899222374
5455,1,0,0.15221326053142548
5456,4,1,0.18764039874076843
5457,1,0,0.17594508826732635
5458,3,0,0.21812568604946136
5459,4,1,0.5829881429672241
5460,4,0,0.24255694448947906
5461,4,0,0.4265170097351074
5462,1,0,0.1375623345375061
5463,5,1,0.7803481817245483
5464,3,0,0.10544902831315994
5465,3,0,0.12989071011543274
5466,3,0,0.21813465654850006
5467,3,0,0.1646021008491516
5468,3,1,0.5003473162651062
5469,5,0,0.18027767539024353
5470,3,0,0.10274152457714081
5471,2,0,0.17083817720413208
5472,4,1,0.28676697611808777
5473,2,0,0.12915049493312836
5474,1,1,0.3483687937259674
5475,3,0,0.2113264948129654
5476,1,0,0.05984066426753998
5477,4,1,0.11304770410060883
5478,4,0,0.20682121813297272
5479,1,0,0.12337201088666916
5480,3,0,0.11101808398962021
5481,3,0,0.06579509377479553
5482,1,0,0.11642288416624069
5483,3,0,0.14376315474510193
5484,4,1,0.1369277834892273
5485,3,0,0.0894334614276886
5486,5,1,0.15732496976852417
5487,1,0,0.11830952018499374
5488,4,0,0.14590537548065186
5489,2,0,0.09167388081550598
5490,1,0,0.06479865312576294
5491,2,0,0.043541185557842255
5492,1,0,0.09306047856807709
5493,3,0,0.11908286809921265
5494,1,0,0.45178571343421936
5495,5,0,0.06321772933006287
5496,4,1,0.8416404128074646
5497,4,1,0.38974204659461975
5498,5,0,0.18388405442237854
5499,3,0,0.7319032549858093
5500,5,0,0.5283600091934204
5501,2,0,0.1111249327659607
5502,4,0,0.20634521543979645
5503,5,0,0.11672241240739822
5504,1,0,0.21462759375572205
5505,1,0,0.19709889590740204
5506,2,0,0.09581685066223145
5507,3,0,0.08373664319515228
5508,5,0,0.05112865939736366
5509,4,1,0.3244694173336029
5510,4,0,0.03432634472846985
5511,5,0,0.2769004702568054
5512,4,1,0.1127762496471405
5513,1,0,0.1302282065153122
5514,3,1,0.15678152441978455
5515,1,0,0.1751636117696762
5516,4,1,0.7370814681053162
5517,1,0,0.23596163094043732
5518,2,0,0.2577299177646637
5519,4,0,0.1397598385810852
5520,5,0,0.09254676103591919
5521,5,0,0.09624970704317093
5522,2,0,0.14471201598644257
5523,5,0,0.0973113477230072
5524,5,0,0.16570261120796204
5525,4,0,0.05190790817141533
5526,3,0,0.13170206546783447
5527,4,0,0.1357048600912094
5528,4,1,0.25886866450309753
5529,4,0,0.13594786822795868
5530,4,0,0.4179518520832062
5531,3,1,0.6836309432983398
5532,3,0,0.10203832387924194
5533,4,0,0.05414425954222679
5534,1,0,0.10646878927946091
5535,1,1,0.761224091053009
5536,4,0,0.06871243566274643
5537,5,0,0.08195420354604721
5538,2,0,0.2500845491886139
5539,2,0,0.05655888095498085
5540,1,0,0.09505720436573029
5541,4,0,0.20107582211494446
5542,2,0,0.14409103989601135
5543,3,0,0.13772743940353394
5544,1,0,0.03670676797628403
5545,4,0,0.1385008543729782
5546,4,0,0.24168667197227478
5547,1,0,0.22541916370391846
5548,1,0,0.15284796059131622
5549,3,0,0.08120614290237427
5550,4,0,0.1145515963435173
5551,3,0,0.14036573469638824
5552,4,0,0.20580923557281494
5553,5,0,0.05872098729014397
5554,1,1,0.34948864579200745
5555,1,0,0.5853530764579773
5556,3,0,0.19076348841190338
5557,5,0,0.10032892972230911
5558,1,0,0.628257691860199
5559,5,0,0.28219062089920044
5560,5,0,0.05648151785135269
5561,1,0,0.15970338881015778
5562,3,0,0.09651071578264236
5563,3,1,0.7424203157424927
5564,5,0,0.1897352635860443
5565,2,0,0.10030854493379593
5566,2,0,0.2090437114238739
5567,1,0,0.3287694454193115
5568,5,0,0.1385623812675476
5569,5,1,0.5432111024856567
5570,4,0,0.057773299515247345
5571,3,1,0.30955490469932556
5572,5,1,0.32952332496643066
5573,5,0,0.11057810485363007
5574,2,0,0.10297144949436188
5575,3,0,0.2156483381986618
5576,4,0,0.05856791138648987
5577,5,0,0.03406766057014465
5578,5,0,0.15248581767082214
5579,1,0,0.05653546750545502
5580,1,0,0.05661110207438469
5581,2,1,0.18774160742759705
5582,4,0,0.10242011398077011
5583,5,0,0.1074729859828949
5584,4,0,0.1082444041967392
5585,5,0,0.09561821818351746
5586,4,0,0.04430079087615013
5587,3,1,0.5504618883132935
5588,3,0,0.29781562089920044
5589,5,1,0.7185318470001221
5590,1,0,0.18058525025844574
5591,5,1,0.7613245248794556
5592,4,0,0.14983011782169342
5593,1,0,0.1122971624135971
5594,2,1,0.21952714025974274
5595,4,1,0.5479053854942322
5596,5,0,0.16643057763576508
5597,3,0,0.7910455465316772
5598,4,1,0.6870467066764832
5599,5,0,0.2346956729888916
5600,2,0,0.07860982418060303
5601,1,0,0.14595817029476166
5602,3,0,0.04773450642824173
5603,5,0,0.2144211381673813
5604,1,0,0.09488653391599655
5605,1,0,0.12720414996147156
5606,2,0,0.22478646039962769
5607,5,0,0.0636269673705101
5608,1,0,0.19050204753875732
5609,1,0,0.042254313826560974
5610,3,0,0.3881005346775055
5611,2,0,0.08654388040304184
5612,2,1,0.1921035796403885
5613,4,1,0.5478092432022095
5614,3,0,0.10031096637248993
5615,3,1,0.20736700296401978
5616,5,0,0.1283792406320572
5617,5,0,0.0722382590174675
5618,5,0,0.15023666620254517
5619,4,0,0.1135772168636322
5620,4,0,0.0692128837108612
5621,3,1,0.24166551232337952
5622,3,0,0.11978241801261902
5623,1,1,0.12649156153202057
5624,3,0,0.10549662262201309
5625,3,1,0.6411784291267395
5626,2,0,0.11174628883600235
5627,3,1,0.7018734812736511
5628,2,0,0.05544130131602287
5629,1,0,0.23310619592666626
5630,5,1,0.4265582859516144
5631,1,0,0.16868600249290466
5632,5,1,0.8240839242935181
5633,2,1,0.22629888355731964
5634,2,0,0.091131791472435
5635,2,0,0.05414164811372757
5636,1,0,0.09607136249542236
5637,5,0,0.10770290344953537
5638,3,1,0.08489687740802765
5639,1,0,0.19661934673786163
5640,2,0,0.38226497173309326
5641,4,0,0.21200181543827057
5642,5,0,0.19357027113437653
5643,3,0,0.11623910814523697
5644,5,0,0.2256585657596588
5645,4,0,0.15501093864440918
5646,4,0,0.34322482347488403
5647,1,0,0.10838307440280914
5648,2,0,0.18102599680423737
5649,1,0,0.08819030970335007
5650,4,0,0.05920307710766792
5651,5,0,0.08355765044689178
5652,3,0,0.08117684721946716
5653,2,1,0.570925772190094
5654,4,0,0.10740508884191513
5655,4,0,0.15713895857334137
5656,2,0,0.17509685456752777
5657,3,0,0.10017719864845276
5658,1,1,0.11744389683008194
5659,5,0,0.10181828588247299
5660,5,0,0.058800339698791504
5661,1,0,0.4153321385383606
5662,2,0,0.17837555706501007
5663,1,0,0.06616000831127167
5664,3,0,0.0970364585518837
5665,2,0,0.6896684765815735
5666,2,0,0.15914468467235565
5667,2,0,0.1998957097530365
5668,4,1,0.7717815041542053
5669,4,1,0.2730901837348938
5670,4,0,0.7858796715736389
5671,3,0,0.03565627709031105
5672,3,0,0.050197016447782516
5673,1,0,0.2297915667295456
5674,3,1,0.5865603089332581
5675,1,0,0.1280600130558014
5676,5,0,0.20704501867294312
5677,3,0,0.17940248548984528
5678,2,0,0.14084160327911377
5679,1,0,0.6264102458953857
5680,2,0,0.33403027057647705
5681,4,0,0.07787460833787918
5682,4,0,0.039311472326517105
5683,3,0,0.12898041307926178
5684,3,0,0.05961945652961731
5685,5,0,0.116034597158432
5686,5,0,0.08054152876138687
5687,3,0,0.16699188947677612
5688,3,1,0.5763905644416809
5689,1,0,0.15522944927215576
5690,2,0,0.0925711914896965
5691,3,0,0.15275156497955322
5692,2,0,0.07444791495800018
5693,4,0,0.11533702909946442
5694,5,0,0.08617568016052246
5695,3,0,0.15266522765159607
5696,4,0,0.12360448390245438
5697,3,0,0.131976917386055
5698,1,0,0.025743596255779266
5699,3,0,0.18585634231567383
5700,5,0,0.08484663814306259
5701,5,1,0.07901295274496078
5702,1,0,0.7109900712966919
5703,1,0,0.06846063584089279
5704,5,0,0.2144506573677063
5705,3,1,0.24422135949134827
5706,1,1,0.34804287552833557
5707,5,0,0.15626217424869537
5708,4,0,0.26601627469062805
5709,2,0,0.05175551772117615
5710,5,0,0.022036373615264893
5711,3,0,0.1404128223657608
5712,2,0,0.030859827995300293
5713,4,0,0.131389781832695
5714,2,0,0.19782166182994843
5715,3,0,0.08788619935512543
5716,4,0,0.08612720668315887
5717,3,1,0.7831981778144836
5718,1,0,0.2225198596715927
5719,3,0,0.22841015458106995
5720,3,1,0.8090208172798157
5721,4,0,0.051371537148952484
5722,5,1,0.35104694962501526
5723,5,0,0.23438328504562378
5724,5,0,0.08430936187505722
5725,5,0,0.11650581657886505
5726,5,0,0.05356154590845108
5727,2,0,0.07976972311735153
5728,1,0,0.03274416923522949
5729,3,1,0.152631476521492
5730,1,0,0.13885170221328735
5731,1,0,0.18674182891845703
5732,3,0,0.689498245716095
5733,1,0,0.1863137185573578
5734,3,1,0.37276291847229004
5735,2,1,0.6107258796691895
5736,1,0,0.05128445848822594
5737,5,0,0.41096943616867065
5738,4,0,0.14720158278942108
5739,5,1,0.780315637588501
5740,4,0,0.6984164118766785
5741,1,1,0.40575072169303894
5742,2,0,0.0972316712141037
5743,1,0,0.1743764579296112
5744,3,1,0.6335341334342957
5745,2,0,0.08989079296588898
5746,2,0,0.13585180044174194
5747,3,0,0.07321671396493912
5748,1,0,0.16041383147239685
5749,4,0,0.2243582010269165
5750,4,0,0.1259864866733551
5751,5,0,0.3092004358768463
5752,3,0,0.10463901609182358
5753,5,0,0.10805358737707138
5754,5,0,0.26825040578842163
5755,5,0,0.12077563256025314
5756,2,0,0.15387123823165894
5757,3,0,0.10056984424591064
5758,2,0,0.14804169535636902
5759,3,0,0.16584214568138123
5760,1,0,0.145659938454628
5761,1,0,0.20413075387477875
5762,2,0,0.10495099425315857
5763,2,0,0.08836021274328232
5764,1,0,0.14467662572860718
5765,1,1,0.22931011021137238
5766,3,0,0.17388778924942017
5767,4,0,0.06887973099946976
5768,2,0,0.14121215045452118
5769,5,1,0.4398643970489502
5770,4,0,0.05968870595097542
5771,3,0,0.39061376452445984
5772,3,0,0.11217233538627625
5773,4,0,0.1481143683195114
5774,2,1,0.6147228479385376
5775,1,0,0.14803096652030945
5776,3,1,0.5925931930541992
5777,1,0,0.12601837515830994
5778,4,0,0.041447803378105164
5779,1,0,0.24678955972194672
5780,1,1,0.6432598829269409
5781,3,1,0.8246126770973206
5782,2,0,0.21362857520580292
5783,3,0,0.10971879214048386
5784,5,1,0.7489333152770996
5785,1,0,0.11639194935560226
5786,4,0,0.2201022207736969
5787,4,0,0.08066349476575851
5788,5,0,0.0777311772108078
5789,3,0,0.09721532464027405
5790,5,0,0.1166522353887558
5791,4,0,0.10246829688549042
5792,5,0,0.12201287597417831
5793,2,0,0.04535289108753204
5794,2,1,0.10015356540679932
5795,2,0,0.09028912335634232
5796,5,1,0.5149203538894653
5797,3,0,0.044021498411893845
5798,4,1,0.17486754059791565
5799,4,0,0.17871402204036713
5800,5,0,0.07458540797233582
5801,2,0,0.10577977448701859
5802,2,0,0.23969106376171112
5803,4,0,0.1077975332736969
5804,2,0,0.10941022634506226
5805,5,1,0.23739191889762878
5806,1,1,0.2323344498872757
5807,4,0,0.37134769558906555
5808,1,0,0.17240822315216064
5809,3,1,0.5124707221984863
5810,3,1,0.3281615674495697
5811,4,1,0.7513278126716614
5812,2,0,0.09074486792087555
5813,3,0,0.07739359885454178
5814,4,0,0.11984281986951828
5815,2,1,0.09017470479011536
5816,2,0,0.057983022183179855
5817,1,0,0.122237429022789
5818,1,1,0.7880709767341614
5819,2,0,0.13466373085975647
5820,4,0,0.13654354214668274
5821,3,0,0.15644586086273193
5822,4,0,0.13912442326545715
5823,1,1,0.461849570274353
5824,2,0,0.16468729078769684
5825,2,1,0.6516619920730591
5826,2,0,0.2101563811302185
5827,1,0,0.10875236243009567
5828,5,1,0.17289221286773682
5829,5,0,0.13905896246433258
5830,2,0,0.07266904413700104
5831,1,1,0.13796690106391907
5832,1,1,0.1704571694135666
5833,2,0,0.1643950343132019
5834,5,1,0.28493040800094604
5835,1,0,0.7970519661903381
5836,5,0,0.07595153152942657
5837,5,1,0.2411162555217743
5838,2,1,0.10528018325567245
5839,1,0,0.22798371315002441
5840,5,0,0.0729859322309494
5841,3,0,0.1989162415266037
5842,5,1,0.292853981256485
5843,3,0,0.09232834726572037
5844,2,0,0.08189982920885086
5845,4,1,0.6721261739730835
5846,4,0,0.07772345095872879
5847,5,0,0.08483445644378662
5848,5,0,0.07915124297142029
5849,5,0,0.1421704739332199
5850,5,0,0.05020410567522049
5851,5,1,0.3926851749420166
5852,5,0,0.11792891472578049
5853,3,1,0.7185420989990234
5854,5,0,0.14846324920654297
5855,1,0,0.07656440138816833
5856,4,0,0.06937028467655182
5857,1,0,0.03096516989171505
5858,1,0,0.11792702972888947
5859,2,0,0.0894424095749855
5860,2,0,0.31309983134269714
5861,3,1,0.7778234481811523
5862,3,0,0.04589545726776123
5863,4,0,0.13415589928627014
5864,4,0,0.1338406354188919
5865,5,0,0.1324341744184494
5866,3,0,0.09184496104717255
5867,5,1,0.3492266833782196
5868,4,0,0.4749401807785034
5869,5,0,0.08044666796922684
5870,3,0,0.0445256382226944
5871,2,0,0.18097613751888275
5872,2,1,0.7798372507095337
5873,4,0,0.17220738530158997
5874,1,0,0.1958816945552826
5875,1,0,0.0671224370598793
5876,1,1,0.6847437024116516
5877,3,0,0.06108037009835243
5878,5,0,0.1372774988412857
5879,3,0,0.17125064134597778
5880,1,0,0.13626913726329803
5881,2,0,0.09673020243644714
5882,1,0,0.35199570655822754
5883,5,0,0.7033989429473877
5884,5,0,0.4150529205799103
5885,2,1,0.3351822793483734
5886,3,0,0.17631524801254272
5887,4,1,0.24682162702083588
5888,2,0,0.08892367780208588
5889,4,0,0.19163334369659424
5890,3,0,0.09030502289533615
5891,2,0,0.6908875703811646
5892,1,1,0.3005569577217102
5893,1,0,0.6998584270477295
5894,1,0,0.13285046815872192
5895,3,0,0.1280967742204666
5896,4,0,0.18083897233009338
5897,2,0,0.06991247087717056
5898,5,1,0.6927137970924377
5899,5,1,0.33295392990112305
5900,5,0,0.13968192040920258
5901,4,0,0.054783985018730164
5902,2,1,0.6541169285774231
5903,5,0,0.08536365628242493
5904,4,0,0.2428545504808426
5905,5,0,0.10152292996644974
5906,4,0,0.22482426464557648
5907,4,0,0.07219475507736206
5908,1,0,0.08613938838243484
5909,3,0,0.12018228322267532
5910,3,0,0.2217460721731186
5911,3,0,0.07431229948997498
5912,1,0,0.042485613375902176
5913,2,0,0.24568431079387665
5914,1,0,0.1297617256641388
5915,4,1,0.21520410478115082
5916,2,0,0.2710323929786682
5917,4,1,0.7809646129608154
5918,4,1,0.5815719366073608
5919,1,0,0.0918358713388443
5920,4,0,0.16928890347480774
5921,2,1,0.19827255606651306
5922,2,0,0.477027952671051
5923,3,1,0.539470374584198
5924,4,0,0.06106319651007652
5925,5,0,0.11767960339784622
5926,4,1,0.16745640337467194
5927,5,0,0.31452861428260803
5928,3,0,0.16166867315769196
5929,1,0,0.11443669348955154
5930,1,0,0.18175606429576874
5931,4,0,0.1665903776884079
5932,1,1,0.17258323729038239
5933,5,0,0.05955938622355461
5934,3,0,0.047386616468429565
5935,1,0,0.21733435988426208
5936,2,1,0.3448096513748169
5937,5,0,0.11219657957553864
5938,5,0,0.16882824897766113
5939,2,0,0.12062835693359375
5940,4,0,0.3375090956687927
5941,3,0,0.1483064591884613
5942,5,0,0.062155384570360184
5943,4,0,0.1535586714744568
5944,5,0,0.20748233795166016
5945,3,0,0.10845838487148285
5946,5,0,0.20635350048542023
5947,4,0,0.31657132506370544
5948,2,0,0.06593101471662521
5949,4,1,0.09636018425226212
5950,3,0,0.12539862096309662
5951,1,0,0.2705575227737427
5952,1,0,0.5699766874313354
5953,2,0,0.13510067760944366
5954,4,0,0.03483053296804428
5955,2,0,0.18934796750545502
5956,1,0,0.09947773814201355
5957,3,1,0.5597378611564636
5958,4,1,0.12310470640659332
5959,5,0,0.11866225302219391
5960,5,0,0.12059800326824188
5961,2,0,0.16492879390716553
5962,4,1,0.3429076373577118
5963,4,1,0.720198392868042
5964,3,1,0.7156156301498413
5965,3,0,0.07262946665287018
5966,5,1,0.23916491866111755
5967,2,0,0.05906819552183151
5968,2,0,0.14770527184009552
5969,1,0,0.2647203803062439
5970,5,0,0.059952180832624435
5971,1,0,0.04349866881966591
5972,3,1,0.6549959778785706
5973,4,0,0.09190788120031357
5974,3,0,0.16244591772556305
5975,2,1,0.059106625616550446
5976,3,0,0.1482161581516266
5977,4,0,0.08601580560207367
5978,2,1,0.3320264518260956
5979,3,0,0.1809619814157486
5980,4,0,0.1168874204158783
5981,2,0,0.14162993431091309
5982,2,1,0.7046214938163757
5983,1,0,0.09972254931926727
5984,1,0,0.04957117140293121
5985,4,0,0.09167186170816422
5986,3,0,0.09271574765443802
5987,4,0,0.13585497438907623
5988,4,0,0.15594886243343353
5989,4,0,0.14528389275074005
5990,1,0,0.3164127469062805
5991,4,0,0.10006995499134064
5992,2,0,0.43735259771347046
5993,2,0,0.20483490824699402
5994,5,1,0.20752465724945068
5995,4,0,0.16464084386825562
5996,4,1,0.15230615437030792
5997,4,0,0.10821617394685745
5998,3,1,0.44865626096725464
5999,3,0,0.2152017056941986
6000,1,0,0.3442389965057373
6001,4,0,0.16062669456005096
6002,3,0,0.19537746906280518
6003,5,0,0.16016416251659393
6004,2,0,0.05725468322634697
6005,4,0,0.10717884451150894
6006,4,0,0.11100389808416367
6007,3,1,0.09345151484012604
6008,1,0,0.14328575134277344
6009,3,0,0.11831869184970856
6010,4,0,0.11050569266080856
6011,3,1,0.39177051186561584
6012,5,0,0.23762938380241394
6013,2,0,0.2722221314907074
6014,5,1,0.09089510142803192
6015,5,1,0.5598991513252258
6016,3,0,0.16614846885204315
6017,2,0,0.7291557192802429
6018,5,0,0.3179485499858856
6019,4,0,0.1162734180688858
6020,2,1,0.18104970455169678
6021,3,0,0.06709322333335876
6022,5,0,0.0671960636973381
6023,3,0,0.16197068989276886
6024,5,0,0.09350021928548813
6025,1,1,0.27063268423080444
6026,3,0,0.18550851941108704
6027,2,1,0.08235131204128265
6028,4,0,0.09150901436805725
6029,4,0,0.1219322606921196
6030,5,0,0.08763983100652695
6031,1,1,0.512385904788971
6032,1,1,0.7333524227142334
6033,4,0,0.3830837309360504
6034,2,0,0.12112130969762802
6035,2,0,0.30234163999557495
6036,3,1,0.11302304267883301
6037,5,0,0.1631045937538147
6038,2,1,0.7805094718933105
6039,5,0,0.27678266167640686
6040,2,0,0.22486840188503265
6041,4,0,0.10786337405443192
6042,2,0,0.06855270266532898
6043,5,0,0.08036370575428009
6044,5,0,0.11908190697431564
6045,4,0,0.09005282074213028
6046,2,1,0.12563477456569672
6047,5,0,0.07118488103151321
6048,4,0,0.17973275482654572
6049,3,1,0.16720792651176453
6050,1,1,0.42130306363105774
6051,4,0,0.16239315271377563
6052,1,0,0.20251691341400146
6053,1,1,0.3400663733482361
6054,4,0,0.4238077402114868
6055,4,0,0.1663399636745453
6056,2,0,0.05747712031006813
6057,4,0,0.5679696202278137
6058,5,0,0.110304094851017
6059,1,0,0.3238726556301117
6060,4,0,0.11052734404802322
6061,4,0,0.4151044189929962
6062,1,1,0.41657713055610657
6063,4,0,0.061974115669727325
6064,3,1,0.7324208617210388
6065,4,1,0.12225277721881866
6066,1,0,0.17334391176700592
6067,4,1,0.13899798691272736
6068,2,1,0.06656544655561447
6069,3,0,0.07274306565523148
6070,5,0,0.12753760814666748
6071,5,0,0.183124840259552
6072,4,0,0.1027742326259613
6073,2,0,0.20335093140602112
6074,5,0,0.19706498086452484
6075,1,0,0.35295066237449646
6076,2,0,0.32090499997138977
6077,5,0,0.13231191039085388
6078,1,0,0.1495250016450882
6079,5,0,0.047825537621974945
6080,5,0,0.13220731914043427
6081,5,0,0.06291091442108154
6082,4,1,0.291659414768219
6083,1,1,0.8676974177360535
6084,4,0,0.16279295086860657
6085,5,0,0.03859274834394455
6086,5,1,0.7586550116539001
6087,1,0,0.1729045808315277
6088,4,0,0.2624140977859497
6089,1,0,0.1261611431837082
6090,4,1,0.5946018099784851
6091,3,0,0.08470569550991058
6092,1,0,0.15064258873462677
6093,4,0,0.06282740831375122
6094,2,1,0.5304518342018127
6095,5,0,0.33362534642219543
6096,5,0,0.3516930639743805
6097,4,0,0.2911105155944824
6098,4,1,0.7499814033508301
6099,4,0,0.09589078277349472
6100,2,0,0.12853851914405823
6101,5,0,0.051370762288570404
6102,1,0,0.031844813376665115
6103,5,1,0.1728181540966034
6104,2,1,0.5161269307136536
6105,3,0,0.1556742787361145
6106,3,0,0.16951097548007965
6107,5,0,0.09503091126680374
6108,1,0,0.11373376846313477
6109,4,0,0.1271001398563385
6110,5,0,0.10055503249168396
6111,5,0,0.14818954467773438
6112,4,1,0.22065867483615875
6113,2,0,0.03967810422182083
6114,3,0,0.15774565935134888
6115,4,0,0.3192564845085144
6116,2,0,0.38144510984420776
6117,1,1,0.773922860622406
6118,4,0,0.13845908641815186
6119,3,1,0.48258116841316223
6120,4,0,0.0793464332818985
6121,5,1,0.28124651312828064
6122,5,1,0.21969129145145416
6123,2,1,0.13956251740455627
6124,4,0,0.09165557473897934
6125,1,1,0.7040152549743652
6126,4,0,0.13339273631572723
6127,1,0,0.08945266157388687
6128,2,0,0.1613675206899643
6129,3,1,0.14398416876792908
6130,3,0,0.049327362328767776
6131,1,0,0.10892229527235031
6132,2,0,0.3510799705982208
6133,1,0,0.4357801377773285
6134,4,0,0.23417867720127106
6135,4,0,0.13653360307216644
6136,2,0,0.2354099154472351
6137,1,0,0.03867674991488457
6138,2,0,0.10261346399784088
6139,5,0,0.07056089490652084
6140,1,0,0.27982762455940247
6141,2,0,0.09341669827699661
6142,4,0,0.07880040258169174
6143,3,1,0.39991265535354614
6144,3,0,0.0778687596321106
6145,3,1,0.720705509185791
6146,1,0,0.12757544219493866
6147,1,1,0.10428252071142197
6148,5,1,0.3749997615814209
6149,2,0,0.14333367347717285
6150,1,0,0.08288392424583435
6151,4,0,0.04612014815211296
6152,3,0,0.21527616679668427
6153,5,0,0.1355189085006714
6154,3,0,0.2883117198944092
6155,3,0,0.12444271892309189
6156,1,0,0.20423400402069092
6157,3,0,0.05973267927765846
6158,4,0,0.10704176872968674
6159,3,0,0.10602234303951263
6160,1,0,0.09526681900024414
6161,4,0,0.450441837310791
6162,5,0,0.16028094291687012
6163,3,0,0.11655785143375397
6164,3,0,0.048430804163217545
6165,3,0,0.12986594438552856
6166,5,0,0.07396458089351654
6167,5,0,0.2468928098678589
6168,4,0,0.2398940622806549
6169,5,0,0.09451733529567719
6170,3,0,0.26369261741638184
6171,2,1,0.6500220894813538
6172,3,1,0.47523733973503113
6173,3,0,0.10967002809047699
6174,4,0,0.11014192551374435
6175,2,1,0.6818946599960327
6176,4,0,0.11345506459474564
6177,4,0,0.05168270692229271
6178,2,0,0.16497483849525452
6179,3,0,0.09046567976474762
6180,2,0,0.17000141739845276
6181,2,0,0.12415323406457901
6182,3,0,0.0839882642030716
6183,5,1,0.7877014875411987
6184,3,0,0.11895519495010376
6185,1,1,0.15377123653888702
6186,4,0,0.23872987926006317
6187,2,0,0.5352247357368469
6188,1,0,0.08380143344402313
6189,1,1,0.13495178520679474
6190,2,1,0.21638436615467072
6191,2,0,0.06639863550662994
6192,5,0,0.09741852432489395
6193,1,0,0.714888870716095
6194,5,0,0.0811392068862915
6195,1,1,0.35683077573776245
6196,4,0,0.3455474376678467
6197,3,0,0.04820074141025543
6198,1,0,0.2393019199371338
6199,3,1,0.6097290515899658
6200,1,0,0.07595161348581314
6201,3,0,0.21203528344631195
6202,3,0,0.10838145762681961
6203,2,0,0.1517828404903412
6204,1,0,0.043534763157367706
6205,5,0,0.10460931807756424
6206,3,0,0.20019306242465973
6207,4,0,0.16096176207065582
6208,2,0,0.37190014123916626
6209,2,0,0.4458286762237549
6210,5,0,0.04499928653240204
6211,4,0,0.12865547835826874
6212,1,0,0.050040822476148605
6213,5,0,0.13598810136318207
6214,5,0,0.15294289588928223
6215,1,0,0.16458657383918762
6216,4,0,0.13871440291404724
6217,5,0,0.26821038126945496
6218,2,0,0.12039976567029953
6219,5,0,0.08741548657417297
6220,2,0,0.10611456632614136
6221,5,0,0.16497090458869934
6222,2,0,0.07854033261537552
6223,3,1,0.24713027477264404
6224,1,1,0.7869234085083008
6225,4,0,0.2289671152830124
6226,1,1,0.6913573145866394
6227,3,0,0.1663520634174347
6228,4,0,0.09195724129676819
6229,2,0,0.23425725102424622
6230,2,1,0.35209155082702637
6231,5,0,0.0680592730641365
6232,4,0,0.1162688136100769
6233,2,1,0.6872700452804565
6234,5,0,0.2278018444776535
6235,5,1,0.5660340189933777
6236,1,0,0.08088500797748566
6237,4,0,0.10506834834814072
6238,4,0,0.18459145724773407
6239,4,0,0.09673324227333069
6240,5,0,0.12643146514892578
6241,1,1,0.37248367071151733
6242,1,0,0.1332755833864212
6243,1,1,0.0655091255903244
6244,1,0,0.04450226202607155
6245,4,0,0.14382776618003845
6246,2,0,0.16205015778541565
6247,4,1,0.6710641384124756
6248,1,0,0.15729182958602905
6249,4,0,0.06636029481887817
6250,3,0,0.09007377922534943
6251,1,0,0.10064162313938141
6252,2,0,0.10789742320775986
6253,5,0,0.1327556073665619
6254,1,0,0.22832585871219635
6255,5,0,0.15315695106983185
6256,5,0,0.0372258760035038
6257,5,1,0.7012621760368347
6258,1,0,0.16254577040672302
6259,2,0,0.13667169213294983
6260,4,0,0.11947882175445557
6261,3,1,0.14005731046199799
6262,3,0,0.052858635783195496
6263,4,1,0.2198830097913742
6264,4,0,0.16166704893112183
6265,4,1,0.5872797966003418
6266,1,1,0.32157808542251587
6267,5,0,0.13697434961795807
6268,4,0,0.1511620134115219
6269,2,0,0.6852843165397644
6270,5,0,0.1865892857313156
6271,5,0,0.1146472841501236
6272,5,0,0.08991429954767227
6273,2,0,0.1667361855506897
6274,1,0,0.19198861718177795
6275,1,0,0.6121801137924194
6276,1,0,0.155122309923172
6277,5,0,0.20716561377048492
6278,4,1,0.9104887843132019
6279,5,0,0.15748243033885956
6280,4,0,0.06538357585668564
6281,3,0,0.10763540118932724
6282,4,0,0.14770253002643585
6283,1,1,0.7476480603218079
6284,5,0,0.04567553475499153
6285,1,0,0.027353009209036827
6286,4,0,0.12996415793895721
6287,5,1,0.380455881357193
6288,3,1,0.4700884521007538
6289,3,0,0.06252731382846832
6290,5,0,0.31390395760536194
6291,2,0,0.04234771430492401
6292,1,0,0.09902947396039963
6293,2,0,0.13955019414424896
6294,3,1,0.40776172280311584
6295,3,0,0.037311699241399765
6296,2,0,0.14524279534816742
6297,4,0,0.14807550609111786
6298,1,0,0.20644371211528778
6299,2,0,0.06758517771959305
6300,3,0,0.09004408866167068
6301,4,0,0.07117955386638641
6302,5,1,0.4947206377983093
6303,1,0,0.16418972611427307
6304,3,0,0.13802769780158997
6305,3,0,0.09561620652675629
6306,3,0,0.18132655322551727
6307,5,0,0.35917314887046814
6308,1,1,0.6614019274711609
6309,3,1,0.7628555297851562
6310,2,0,0.08959343284368515
6311,5,0,0.1269225925207138
6312,4,0,0.17464511096477509
6313,5,0,0.40063172578811646
6314,5,1,0.14629004895687103
6315,5,1,0.4891979396343231
6316,5,0,0.12425705790519714
6317,2,0,0.27457869052886963
6318,4,0,0.6603133678436279
6319,4,1,0.10782177001237869
6320,5,1,0.7814227938652039
6321,4,0,0.18985716998577118
6322,5,0,0.13411284983158112
6323,3,0,0.10979578644037247
6324,4,1,0.25810039043426514
6325,2,0,0.09413499385118484
6326,1,1,0.5096633434295654
6327,2,0,0.13990150392055511
6328,2,1,0.0887124091386795
6329,3,0,0.6327399611473083
6330,3,1,0.6880620718002319
6331,3,0,0.1585426777601242
6332,2,0,0.40570029616355896
6333,5,0,0.0832907035946846
6334,1,0,0.08571374416351318
6335,2,0,0.1591491550207138
6336,3,0,0.10592905431985855
6337,2,0,0.35508161783218384
6338,5,0,0.052200157195329666
6339,2,1,0.39893069863319397
6340,4,1,0.5811625719070435
6341,2,0,0.14912597835063934
6342,3,0,0.05475853383541107
6343,4,0,0.18938659131526947
6344,4,0,0.11435309052467346
6345,4,0,0.07041952013969421
6346,2,1,0.14577539265155792
6347,1,0,0.12019060552120209
6348,5,0,0.12740176916122437
6349,3,0,0.09192481637001038
6350,5,0,0.08748653531074524
6351,1,0,0.06713787466287613
6352,2,1,0.1684100478887558
6353,5,0,0.07815510034561157
6354,5,0,0.1453867107629776
6355,2,0,0.05654541403055191
6356,2,1,0.5426573753356934
6357,1,0,0.039290569722652435
6358,3,1,0.4340079426765442
6359,2,1,0.7560563087463379
6360,2,0,0.15585286915302277
6361,4,0,0.06464182585477829
6362,1,1,0.15848952531814575
6363,3,1,0.44500067830085754
6364,2,0,0.20776189863681793
6365,5,0,0.12772777676582336
6366,1,0,0.15056924521923065
6367,4,0,0.2174915224313736
6368,3,0,0.05933048948645592
6369,5,1,0.4707823097705841
6370,5,0,0.12877057492733002
6371,4,0,0.17169822752475739
6372,1,0,0.13781647384166718
6373,3,0,0.03739920258522034
6374,4,0,0.08659219741821289
6375,5,0,0.13148434460163116
6376,4,0,0.18563278019428253
6377,2,0,0.07424544543027878
6378,5,0,0.07166736572980881
6379,1,0,0.09201955795288086
6380,3,0,0.05733618885278702
6381,3,0,0.20554272830486298
6382,4,0,0.25497695803642273
6383,1,1,0.17554762959480286
6384,1,0,0.06731831282377243
6385,5,0,0.12711836397647858
6386,1,0,0.164158433675766
6387,4,1,0.2154659926891327
6388,2,0,0.10613510757684708
6389,5,0,0.12067511677742004
6390,3,0,0.14183276891708374
6391,2,0,0.10767190903425217
6392,3,0,0.11981701850891113
6393,5,0,0.11070451140403748
6394,3,1,0.34313148260116577
6395,3,0,0.4339700937271118
6396,3,0,0.16810354590415955
6397,1,0,0.17922498285770416
6398,5,0,0.038802746683359146
6399,3,0,0.0320306271314621
6400,5,0,0.11123527586460114
6401,1,0,0.20584142208099365
6402,5,1,0.42710191011428833
6403,1,0,0.5511682033538818
6404,5,0,0.055304285138845444
6405,2,0,0.3422016501426697
6406,4,0,0.15965263545513153
6407,2,0,0.18880686163902283
6408,4,0,0.09803396463394165
6409,5,0,0.2243981510400772
6410,5,0,0.1628967523574829
6411,4,0,0.2826547920703888
6412,5,1,0.5799918174743652
6413,2,1,0.19943846762180328
6414,3,1,0.815443754196167
6415,4,0,0.06762731820344925
6416,4,1,0.2220219373703003
6417,3,0,0.07665303349494934
6418,1,1,0.7224320769309998
6419,3,0,0.0618898943066597
6420,5,0,0.12907758355140686
6421,3,0,0.023678984493017197
6422,2,0,0.10977888852357864
6423,5,0,0.08070997148752213
6424,2,1,0.13854962587356567
6425,2,0,0.14040450751781464
6426,4,0,0.11301256716251373
6427,4,1,0.23935383558273315
6428,1,1,0.20676212012767792
6429,1,0,0.16046443581581116
6430,3,0,0.10532550513744354
6431,4,0,0.6285969614982605
6432,5,0,0.050649818032979965
6433,1,1,0.3425563871860504
6434,1,0,0.10138311237096786
6435,4,0,0.13199353218078613
6436,1,0,0.08861810714006424
6437,2,0,0.05140572413802147
6438,5,0,0.11736387014389038
6439,4,0,0.06049033999443054
6440,1,0,0.1872919797897339
6441,2,0,0.09648223966360092
6442,1,0,0.1119774878025055
6443,1,0,0.1837015599012375
6444,4,0,0.1885911077260971
6445,2,0,0.06939178705215454
6446,3,1,0.18216383457183838
6447,2,0,0.3207000494003296
6448,4,0,0.15199734270572662
6449,3,0,0.28388604521751404
6450,2,0,0.5805219411849976
6451,1,1,0.09607827663421631
6452,2,0,0.12977392971515656
6453,2,0,0.06605220586061478
6454,1,0,0.1799689084291458
6455,4,0,0.09269042313098907
6456,5,0,0.12277944386005402
6457,2,0,0.13482995331287384
6458,1,0,0.09768406301736832
6459,2,1,0.19532498717308044
6460,4,0,0.09179773926734924
6461,5,0,0.19364212453365326
6462,2,0,0.06612063199281693
6463,2,1,0.8155580163002014
6464,2,1,0.7956944704055786
6465,4,0,0.16385039687156677
6466,4,0,0.117125503718853
6467,4,0,0.10290201753377914
6468,5,0,0.20794472098350525
6469,4,1,0.5687024593353271
6470,5,1,0.7051129937171936
6471,4,0,0.5208691954612732
6472,4,0,0.26108604669570923
6473,5,0,0.22991019487380981
6474,2,0,0.3158203959465027
6475,3,1,0.20468322932720184
6476,5,0,0.28466713428497314
6477,2,0,0.2575482726097107
6478,5,0,0.035274624824523926
6479,4,0,0.12238705158233643
6480,4,0,0.05339369922876358
6481,5,0,0.07656776160001755
6482,5,1,0.140874445438385
6483,5,0,0.1395898014307022
6484,1,0,0.07844444364309311
6485,4,0,0.08982227742671967
6486,5,0,0.11649918556213379
6487,2,0,0.09465953707695007
6488,1,0,0.12185341119766235
6489,5,0,0.06517763435840607
6490,1,0,0.1113128587603569
6491,3,0,0.08757725358009338
6492,5,0,0.13891491293907166
6493,3,0,0.10107896476984024
6494,2,0,0.10563214868307114
6495,2,0,0.05187797546386719
6496,2,1,0.14992815256118774
6497,4,0,0.10349926352500916
6498,4,0,0.0995025709271431
6499,4,0,0.1738351583480835
6500,4,0,0.12089954316616058
6501,3,0,0.30715492367744446
6502,5,0,0.05021428316831589
6503,4,0,0.1873493790626526
6504,2,0,0.07353561371564865
6505,3,0,0.15750576555728912
6506,3,0,0.4316246509552002
6507,1,0,0.08894403278827667
6508,4,0,0.5167586803436279
6509,5,1,0.13300058245658875
6510,3,1,0.4022398293018341
6511,3,1,0.46983304619789124
6512,4,0,0.10305552184581757
6513,4,0,0.2620965838432312
6514,3,0,0.3951249122619629
6515,3,1,0.3128393590450287
6516,3,0,0.21463961899280548
6517,1,0,0.13937035202980042
6518,3,0,0.14926975965499878
6519,3,0,0.31610170006752014
6520,3,0,0.2850663363933563
6521,5,0,0.2616632878780365
6522,5,1,0.3002052307128906
6523,4,0,0.11372262239456177
6524,4,0,0.17437101900577545
6525,2,0,0.20756232738494873
6526,4,0,0.1541983038187027
6527,3,0,0.16788822412490845
6528,5,1,0.11648701131343842
6529,1,1,0.38045021891593933
6530,4,0,0.10853973776102066
6531,5,0,0.20677302777767181
6532,4,0,0.24333161115646362
6533,3,0,0.2495017796754837
6534,1,1,0.1316126585006714
6535,1,1,0.7455848455429077
6536,2,0,0.12659117579460144
6537,1,0,0.13151884078979492
6538,2,0,0.2398695945739746
6539,5,0,0.06862648576498032
6540,4,0,0.24140554666519165
6541,5,0,0.30207908153533936
6542,4,0,0.0981849804520607
6543,5,0,0.07163688540458679
6544,2,0,0.6581047177314758
6545,2,1,0.3246769309043884
6546,2,1,0.5871438384056091
6547,3,0,0.14258363842964172
6548,1,1,0.5420765280723572
6549,4,0,0.14165747165679932
6550,1,0,0.0759468823671341
6551,5,1,0.14376135170459747
6552,5,0,0.19622556865215302
6553,2,0,0.10717888921499252
6554,4,1,0.514138400554657
6555,1,1,0.6889955997467041
6556,2,0,0.3991246819496155
6557,3,0,0.1401596963405609
6558,4,0,0.06503293663263321
6559,3,0,0.11977415531873703
6560,3,0,0.09172865003347397
6561,2,0,0.12199905514717102
6562,1,0,0.18581543862819672
6563,4,1,0.7061120271682739
6564,4,1,0.07732025533914566
6565,3,0,0.27912580966949463
6566,5,1,0.40657681226730347
6567,2,0,0.28732576966285706
6568,3,0,0.19747672975063324
6569,1,1,0.18327596783638
6570,3,0,0.21624916791915894
6571,1,1,0.08541782200336456
6572,1,0,0.14107166230678558
6573,3,0,0.18979543447494507
6574,3,0,0.09321407228708267
6575,4,0,0.12945379316806793
6576,3,0,0.4438193440437317
6577,1,0,0.16795668005943298
6578,4,0,0.06681352853775024
6579,1,1,0.07330769300460815
6580,5,0,0.1822863668203354
6581,4,0,0.0666959211230278
6582,5,1,0.7251230478286743
6583,4,0,0.1684199571609497
6584,2,0,0.19125491380691528
6585,3,0,0.16953778266906738
6586,2,1,0.5296339392662048
6587,3,0,0.6810048222541809
6588,3,0,0.13647598028182983
6589,5,0,0.06373843550682068
6590,5,1,0.07946320623159409
6591,5,0,0.07900974154472351
6592,5,0,0.10264040529727936
6593,4,0,0.05917017161846161
6594,5,1,0.1350245177745819
6595,5,0,0.19737310707569122
6596,4,1,0.1659109741449356
6597,4,0,0.06930835545063019
6598,1,0,0.20068144798278809
6599,4,0,0.09621838480234146
6600,5,0,0.1308010220527649
6601,4,0,0.37202325463294983
6602,5,0,0.1962745189666748
6603,3,0,0.15503714978694916
6604,1,1,0.14445120096206665
6605,5,0,0.06304202973842621
6606,3,0,0.12178906798362732
6607,3,1,0.4852882921695709
6608,1,0,0.07060647010803223
6609,2,0,0.1087149903178215
6610,1,1,0.5030104517936707
6611,3,0,0.07241596281528473
6612,3,0,0.09727370738983154
6613,2,0,0.12330755591392517
6614,2,0,0.2140093445777893
6615,4,0,0.15319949388504028
6616,5,0,0.23612412810325623
6617,5,0,0.06107102707028389
6618,1,0,0.16230317950248718
6619,4,0,0.09919308871030807
6620,3,0,0.046438366174697876
6621,2,0,0.12278249114751816
6622,2,0,0.07175697386264801
6623,1,0,0.2985559105873108
6624,5,0,0.1251908391714096
6625,3,0,0.1299329400062561
6626,1,0,0.13747891783714294
6627,3,0,0.135511115193367
6628,4,0,0.12949822843074799
6629,5,0,0.1888391077518463
6630,4,0,0.11982684582471848
6631,1,1,0.15539541840553284
6632,1,1,0.12846995890140533
6633,4,0,0.2235574573278427
6634,2,0,0.10685023665428162
6635,3,1,0.7010793685913086
6636,4,0,0.06997134536504745
6637,4,1,0.637157142162323
6638,1,0,0.10424704849720001
6639,5,0,0.38757821917533875
6640,1,0,0.0815805196762085
6641,5,0,0.03574662283062935
6642,3,1,0.7010254263877869
6643,3,0,0.08445340394973755
6644,1,0,0.21728618443012238
6645,3,1,0.5182158946990967
6646,2,0,0.13591571152210236
6647,2,0,0.056173451244831085
6648,3,1,0.7772015333175659
6649,1,0,0.11065071821212769
6650,5,0,0.256710946559906
6651,1,0,0.07361602038145065
6652,3,0,0.10321927070617676
6653,2,0,0.16724081337451935
6654,2,0,0.3586788773536682
6655,2,0,0.0394003763794899
6656,5,0,0.08056070655584335
6657,5,0,0.08946165442466736
6658,1,1,0.643463671207428
6659,4,0,0.697740912437439
6660,3,0,0.08150399476289749
6661,2,1,0.11323335766792297
6662,5,0,0.4249459505081177
6663,5,0,0.32816505432128906
6664,1,0,0.2385910153388977
6665,4,0,0.13738791644573212
6666,2,1,0.14694437384605408
6667,5,0,0.19158585369586945
6668,1,0,0.05482800304889679
6669,3,0,0.05531482398509979
6670,3,0,0.22018234431743622
6671,2,0,0.1243743747472763
6672,4,1,0.6853509545326233
6673,5,0,0.07386428117752075
6674,3,0,0.3538462221622467
6675,2,0,0.2847432494163513
6676,2,0,0.0922025814652443
6677,4,0,0.06606754660606384
6678,1,0,0.05772564932703972
6679,4,1,0.6515026688575745
6680,1,0,0.10760676115751266
6681,4,0,0.1770254373550415
6682,5,0,0.39631086587905884
6683,3,0,0.22863265872001648
6684,4,0,0.0889919251203537
6685,5,1,0.6892649531364441
6686,2,0,0.09034869074821472
6687,3,0,0.04217683523893356
6688,2,0,0.15751299262046814
6689,3,0,0.17974813282489777
6690,3,0,0.23316222429275513
6691,5,0,0.13467729091644287
6692,5,0,0.49702659249305725
6693,1,1,0.2681308388710022
6694,1,0,0.14819057285785675
6695,2,0,0.08801768720149994
6696,2,0,0.10160811990499496
6697,2,0,0.2614072263240814
6698,5,1,0.08382996171712875
6699,3,0,0.08769969642162323
6700,3,0,0.053937219083309174
6701,1,0,0.4409756660461426
6702,2,0,0.07559430599212646
6703,4,0,0.10167523473501205
6704,5,1,0.6668882369995117
6705,5,0,0.17781296372413635
6706,1,0,0.06046939641237259
6707,1,0,0.17769762873649597
6708,5,0,0.04783313721418381
6709,1,0,0.030370887368917465
6710,3,0,0.09443093836307526
6711,4,0,0.06722225248813629
6712,1,0,0.27889660000801086
6713,3,0,0.041815854609012604
6714,4,1,0.8004772663116455
6715,4,0,0.2547496557235718
6716,3,0,0.2029523402452469
6717,5,1,0.3353258967399597
6718,3,0,0.2111043483018875
6719,1,0,0.0545695424079895
6720,4,0,0.059771761298179626
6721,4,1,0.17587265372276306
6722,4,0,0.4920509159564972
6723,4,0,0.11491033434867859
6724,1,1,0.6845512390136719
6725,5,0,0.13267464935779572
6726,3,0,0.30907848477363586
6727,1,0,0.2762405276298523
6728,2,0,0.07861874997615814
6729,1,0,0.0848708525300026
6730,5,1,0.2873018682003021
6731,2,0,0.04995330795645714
6732,3,0,0.14751243591308594
6733,5,1,0.24491138756275177
6734,1,0,0.07859151810407639
6735,5,0,0.15215466916561127
6736,5,0,0.3535642623901367
6737,3,0,0.12357083708047867
6738,5,1,0.10356208682060242
6739,3,0,0.09013576805591583
6740,4,0,0.13502778112888336
6741,1,0,0.25520336627960205
6742,5,0,0.20646320283412933
6743,3,0,0.09768541157245636
6744,1,1,0.05984196066856384
6745,5,1,0.7530433535575867
6746,2,0,0.046570178121328354
6747,5,0,0.17633260786533356
6748,5,1,0.6810289621353149
6749,5,0,0.2688010036945343
6750,2,1,0.24891243875026703
6751,1,1,0.7782351970672607
6752,4,0,0.14928357303142548
6753,2,0,0.1885877251625061
6754,2,0,0.29462963342666626
6755,3,0,0.06838211417198181
6756,4,0,0.0705687403678894
6757,5,1,0.7120326161384583
6758,5,0,0.08631540834903717
6759,2,0,0.1629064530134201
6760,5,0,0.16062970459461212
6761,5,0,0.030716732144355774
6762,4,1,0.6240264773368835
6763,1,0,0.11072829365730286
6764,2,0,0.08502110838890076
6765,4,0,0.15468059480190277
6766,3,0,0.08240287750959396
6767,1,0,0.05640116333961487
6768,3,0,0.09769835323095322
6769,3,1,0.2396150380373001
6770,4,1,0.7807446718215942
6771,4,1,0.44243186712265015
6772,2,1,0.30884382128715515
6773,5,1,0.17722144722938538
6774,1,0,0.12479788064956665
6775,4,0,0.19278287887573242
6776,1,0,0.13009227812290192
6777,5,0,0.1958342343568802
6778,1,0,0.09352688491344452
6779,4,1,0.2573307752609253
6780,1,1,0.08341911435127258
6781,4,0,0.14045129716396332
6782,5,0,0.5010886788368225
6783,5,1,0.15217222273349762
6784,1,1,0.16711166501045227
6785,5,0,0.09210199862718582
6786,3,0,0.2106005996465683
6787,2,0,0.10639853030443192
6788,1,0,0.08996281772851944
6789,3,0,0.07462682574987411
6790,3,0,0.08166193217039108
6791,4,0,0.09450721740722656
6792,1,1,0.28509166836738586
6793,5,1,0.5145183801651001
6794,5,0,0.2887699604034424
6795,3,0,0.06085320934653282
6796,3,0,0.08980362117290497
6797,5,0,0.04701264202594757
6798,3,0,0.10800756514072418
6799,4,0,0.15392336249351501
6800,2,0,0.06559594720602036
6801,4,0,0.11511918902397156
6802,4,0,0.12853699922561646
6803,1,0,0.13781751692295074
6804,3,0,0.21708399057388306
6805,5,0,0.0940895527601242
6806,5,0,0.07187823951244354
6807,4,0,0.3963390588760376
6808,4,1,0.22313934564590454
6809,4,0,0.11780541390180588
6810,3,0,0.10352244973182678
6811,1,0,0.057655490934848785
6812,5,0,0.19987402856349945
6813,2,0,0.15044768154621124
6814,1,0,0.22590765357017517
6815,2,0,0.4146624803543091
6816,3,1,0.19810359179973602
6817,2,0,0.15958218276500702
6818,1,0,0.17791752517223358
6819,3,0,0.4710597097873688
6820,5,0,0.24597930908203125
6821,2,0,0.10446050018072128
6822,4,0,0.09166308492422104
6823,3,0,0.15746524930000305
6824,1,0,0.14082789421081543
6825,3,1,0.19281628727912903
6826,1,0,0.03954707086086273
6827,2,1,0.6694208979606628
6828,5,0,0.13338011503219604
6829,5,0,0.13159140944480896
6830,1,0,0.1497494876384735
6831,3,0,0.028532424941658974
6832,4,0,0.06734820455312729
6833,4,0,0.19990235567092896
6834,5,0,0.040668223053216934
6835,5,1,0.40540942549705505
6836,4,0,0.0948546826839447
6837,1,1,0.2028455287218094
6838,1,0,0.09811946004629135
6839,2,0,0.30126893520355225
6840,5,0,0.11646377295255661
6841,2,0,0.1564820408821106
6842,2,0,0.09817403554916382
6843,5,0,0.2054535150527954
6844,2,0,0.07419657707214355
6845,4,0,0.3823041319847107
6846,5,1,0.8195198774337769
6847,5,1,0.645783543586731
6848,5,0,0.09891273081302643
6849,2,0,0.15292322635650635
6850,2,0,0.17134353518486023
6851,3,0,0.1497357040643692
6852,2,0,0.03755050152540207
6853,2,0,0.04953151196241379
6854,1,0,0.060852136462926865
6855,5,0,0.20921185612678528
6856,5,0,0.15564699470996857
6857,2,0,0.1256130337715149
6858,1,1,0.36292707920074463
6859,2,0,0.331315815448761
6860,1,0,0.1173066794872284
6861,1,0,0.13695527613162994
6862,1,1,0.6224885582923889
6863,5,0,0.06434056162834167
6864,5,0,0.21435190737247467
6865,1,0,0.05976426601409912
6866,2,0,0.0493110716342926
6867,2,1,0.854226291179657
6868,1,0,0.09894829243421555
6869,1,0,0.16528187692165375
6870,2,0,0.23161680996418
6871,4,1,0.41694751381874084
6872,4,0,0.10059667378664017
6873,3,0,0.059819117188453674
6874,4,1,0.10847778618335724
6875,4,1,0.7550230622291565
6876,5,1,0.222533717751503
6877,3,0,0.24328677356243134
6878,4,0,0.3787173330783844
6879,4,0,0.26408323645591736
6880,2,0,0.5445131659507751
6881,4,1,0.6655416488647461
6882,4,1,0.3775060474872589
6883,4,0,0.5352776050567627
6884,1,0,0.03869716078042984
6885,4,0,0.08334582298994064
6886,1,0,0.2813098430633545
6887,5,0,0.17045453190803528
6888,5,0,0.20306922495365143
6889,5,0,0.09028790146112442
6890,5,0,0.13043880462646484
6891,3,0,0.0682414248585701
6892,5,1,0.35529476404190063
6893,5,0,0.06996814906597137
6894,2,1,0.26588737964630127
6895,5,1,0.05210180953145027
6896,2,1,0.18781888484954834
6897,3,0,0.09357362240552902
6898,5,0,0.08127093315124512
6899,1,0,0.09283651411533356
6900,1,0,0.16854703426361084
6901,2,0,0.08270195126533508
6902,5,0,0.16798056662082672
6903,2,1,0.1964624524116516
6904,4,0,0.07881506532430649
6905,3,1,0.7252366542816162
6906,3,1,0.4446849524974823
6907,1,0,0.19156436622142792
6908,1,0,0.38924092054367065
6909,4,1,0.8032300472259521
6910,4,0,0.5088108777999878
6911,3,1,0.08873067051172256
6912,1,0,0.1645490825176239
6913,5,0,0.33707475662231445
6914,5,0,0.16761352121829987
6915,1,0,0.10277296602725983
6916,4,0,0.5135963559150696
6917,3,1,0.16672658920288086
6918,1,0,0.11362792551517487
6919,3,0,0.08408979326486588
6920,1,0,0.04800030216574669
6921,2,1,0.2449922114610672
6922,5,0,0.12891101837158203
6923,4,1,0.14195984601974487
6924,1,0,0.05997951328754425
6925,2,1,0.7032523155212402
6926,2,1,0.12354233860969543
6927,3,1,0.29838064312934875
6928,2,0,0.20933115482330322
6929,1,0,0.0854959562420845
6930,4,0,0.11733907461166382
6931,3,0,0.13695427775382996
6932,3,0,0.0810466930270195
6933,2,0,0.22986117005348206
6934,3,1,0.5468192100524902
6935,4,1,0.11741700768470764
6936,5,1,0.5075000524520874
6937,5,1,0.1539931297302246
6938,3,0,0.12756669521331787
6939,2,0,0.05056581273674965
6940,5,0,0.05312201753258705
6941,5,0,0.08574938029050827
6942,1,0,0.0821419209241867
6943,3,0,0.3656280040740967
6944,3,0,0.20334142446517944
6945,2,0,0.21217022836208344
6946,2,0,0.09364068508148193
6947,4,1,0.15177686512470245
6948,4,1,0.09907704591751099
6949,1,0,0.3481706380844116
6950,1,0,0.44921401143074036
6951,5,0,0.48080793023109436
6952,5,0,0.18939398229122162
6953,5,0,0.043496545404195786
6954,5,0,0.08024139702320099
6955,3,0,0.14230145514011383
6956,3,0,0.08163727819919586
6957,4,0,0.043953221291303635
6958,2,0,0.1895764172077179
6959,3,1,0.5739684104919434
6960,2,0,0.06086639314889908
6961,2,0,0.10311669111251831
6962,4,0,0.12259173393249512
6963,3,0,0.08783068507909775
6964,2,0,0.10268665850162506
6965,5,0,0.1587924212217331
6966,2,0,0.06909417361021042
6967,1,0,0.0701652392745018
6968,4,0,0.09872898459434509
6969,3,0,0.21413524448871613
6970,3,0,0.04175405576825142
6971,5,0,0.09566617012023926
6972,1,1,0.17207276821136475
6973,5,0,0.3766765296459198
6974,4,0,0.5375527143478394
6975,3,0,0.05555737018585205
6976,5,0,0.17757663130760193
6977,1,0,0.177811861038208
6978,3,1,0.18062366545200348
6979,2,1,0.14309482276439667
6980,2,0,0.1961454451084137
6981,2,0,0.15785808861255646
6982,5,0,0.080560602247715
6983,3,1,0.7317178249359131
6984,3,0,0.038679126650094986
6985,3,0,0.09762593358755112
6986,3,1,0.17069128155708313
6987,5,0,0.15268632769584656
6988,5,0,0.1830672025680542
6989,5,0,0.09245338290929794
6990,2,0,0.1430121809244156
6991,1,0,0.1843772530555725
6992,3,0,0.07495271414518356
6993,3,0,0.1354023516178131
6994,4,0,0.11206381767988205
6995,2,0,0.11508149653673172
6996,2,0,0.15620526671409607
6997,5,0,0.12741665542125702
6998,1,1,0.8100112080574036
6999,4,0,0.06260846555233002
7000,4,0,0.14416532218456268
7001,1,0,0.08493753522634506
7002,4,0,0.1772976517677307
7003,2,0,0.1578264981508255
7004,1,0,0.11484387516975403
7005,4,1,0.16678759455680847
7006,1,0,0.20912709832191467
7007,1,0,0.0915568396449089
7008,2,0,0.10765502601861954
7009,5,0,0.06682591885328293
7010,4,0,0.04722963273525238
7011,5,0,0.16251614689826965
7012,1,0,0.1555020809173584
7013,5,0,0.23592734336853027
7014,3,1,0.5003597140312195
7015,3,0,0.059197794646024704
7016,5,0,0.34403231739997864
7017,1,1,0.48603835701942444
7018,3,1,0.04874547943472862
7019,3,0,0.22299839556217194
7020,5,1,0.2346569299697876
7021,5,0,0.11201760917901993
7022,3,1,0.8562866449356079
7023,2,0,0.1691911369562149
7024,3,0,0.20694111287593842
7025,3,0,0.1334599107503891
7026,4,0,0.13606970012187958
7027,2,1,0.519044816493988
7028,1,0,0.20932263135910034
7029,2,0,0.14078614115715027
7030,3,0,0.12479408085346222
7031,3,1,0.6115422248840332
7032,3,0,0.3754657506942749
7033,2,0,0.1959262639284134
7034,4,0,0.8068862557411194
7035,3,0,0.23963671922683716
7036,1,0,0.27890193462371826
7037,2,0,0.15876136720180511
7038,5,0,0.10201946645975113
7039,1,1,0.7398542165756226
7040,1,0,0.1603534072637558
7041,4,0,0.060813285410404205
7042,4,0,0.5594727396965027
7043,3,0,0.1531057059764862
7044,3,0,0.0742424950003624
7045,4,1,0.30332568287849426
7046,4,1,0.6559512615203857
7047,5,0,0.1667318493127823
7048,3,1,0.160610169172287
7049,2,1,0.569485068321228
7050,5,0,0.2435278743505478
7051,2,0,0.07094636559486389
7052,3,1,0.1321498155593872
7053,3,1,0.29362696409225464
7054,4,0,0.1282404065132141
7055,2,0,0.11270565539598465
7056,5,1,0.7100335359573364
7057,2,0,0.0776822417974472
7058,5,0,0.17133250832557678
7059,4,0,0.03752630203962326
7060,5,0,0.09833280742168427
7061,2,0,0.08839543163776398
7062,4,1,0.37076595425605774
7063,2,0,0.025518612936139107
7064,1,0,0.08952027559280396
7065,4,0,0.10929231345653534
7066,3,0,0.10126322507858276
7067,2,1,0.5175174474716187
7068,3,1,0.7236347198486328
7069,1,0,0.05396246165037155
7070,5,0,0.09170122444629669
7071,1,0,0.0465342216193676
7072,2,0,0.05323350429534912
7073,3,1,0.22221873700618744
7074,5,0,0.06349623948335648
7075,2,1,0.08819794654846191
7076,3,0,0.029635854065418243
7077,5,1,0.7019902467727661
7078,1,0,0.12852568924427032
7079,1,1,0.5590828061103821
7080,5,0,0.0400877445936203
7081,4,0,0.1280863881111145
7082,4,0,0.03861396759748459
7083,5,0,0.1760929673910141
7084,3,0,0.5453262329101562
7085,4,0,0.05879221856594086
7086,2,0,0.09761204570531845
7087,3,1,0.774549663066864
7088,1,0,0.3815048635005951
7089,1,0,0.052202749997377396
7090,1,0,0.08463754504919052
7091,5,0,0.12614645063877106
7092,1,1,0.7451119422912598
7093,4,0,0.0735609382390976
7094,2,1,0.1620001345872879
7095,5,0,0.09003191441297531
7096,4,1,0.19019335508346558
7097,3,1,0.30594369769096375
7098,1,1,0.8962206244468689
7099,1,0,0.1319170594215393
7100,5,0,0.07183603942394257
7101,2,0,0.3859551250934601
7102,2,0,0.33779168128967285
7103,3,0,0.1446443349123001
7104,2,1,0.40729352831840515
7105,5,0,0.10560061782598495
7106,4,1,0.24114689230918884
7107,1,1,0.33798107504844666
7108,4,0,0.11073404550552368
7109,5,0,0.38887086510658264
7110,4,0,0.3279697299003601
7111,4,1,0.8650782704353333
7112,5,0,0.08218971639871597
7113,5,0,0.09453082829713821
7114,2,0,0.06765126436948776
7115,3,0,0.14223161339759827
7116,5,0,0.2198697030544281
7117,3,1,0.7438175678253174
7118,1,0,0.06783238798379898
7119,2,0,0.04367533326148987
7120,3,0,0.2018706500530243
7121,5,0,0.15083251893520355
7122,1,1,0.10588373988866806
7123,3,0,0.2620622515678406
7124,3,0,0.1990407109260559
7125,3,1,0.4345613121986389
7126,4,0,0.3089408874511719
7127,2,0,0.6947569847106934
7128,3,0,0.025539662688970566
7129,4,0,0.12291735410690308
7130,5,0,0.11473188549280167
7131,5,1,0.13811489939689636
7132,1,0,0.18330880999565125
7133,1,0,0.11248701065778732
7134,3,0,0.19878193736076355
7135,1,0,0.10447783023118973
7136,3,1,0.8815454840660095
7137,2,0,0.12156303226947784
7138,4,0,0.10168031603097916
7139,5,1,0.6799097061157227
7140,5,1,0.6204528212547302
7141,2,0,0.04337581992149353
7142,1,0,0.1651911586523056
7143,4,0,0.21792559325695038
7144,4,0,0.11228924989700317
7145,3,0,0.05439566448330879
7146,2,0,0.12141982465982437
7147,2,0,0.22805680334568024
7148,4,0,0.12412887066602707
7149,2,0,0.11806333810091019
7150,1,1,0.6099612712860107
7151,3,0,0.04805261641740799
7152,3,0,0.17877015471458435
7153,2,0,0.20656579732894897
7154,3,0,0.13174808025360107
7155,4,0,0.12255848944187164
7156,1,0,0.11659682542085648
7157,1,0,0.08199189603328705
7158,1,0,0.3639660179615021
7159,1,1,0.3063950836658478
7160,4,0,0.21506600081920624
7161,4,0,0.13462096452713013
7162,5,1,0.6735357046127319
7163,3,0,0.08089561015367508
7164,4,0,0.38289734721183777
7165,2,0,0.09612340480089188
7166,3,1,0.6088531613349915
7167,1,0,0.06923561543226242
7168,1,0,0.7563920617103577
7169,5,0,0.08929837495088577
7170,1,0,0.13860222697257996
7171,1,1,0.08311755955219269
7172,5,1,0.8197166323661804
7173,4,0,0.16644875705242157
7174,5,0,0.1377815157175064
7175,1,0,0.18495428562164307
7176,4,0,0.2625604569911957
7177,5,0,0.6079365611076355
7178,1,0,0.05662303790450096
7179,1,0,0.20977842807769775
7180,4,0,0.334801584482193
7181,4,0,0.0983322486281395
7182,3,0,0.12694229185581207
7183,2,1,0.5000166893005371
7184,1,0,0.07893869280815125
7185,2,0,0.13478705286979675
7186,5,1,0.600021243095398
7187,4,0,0.16582868993282318
7188,1,0,0.06108700484037399
7189,2,0,0.18478403985500336
7190,1,0,0.10045480728149414
7191,1,0,0.09859304130077362
7192,4,1,0.2359582930803299
7193,5,0,0.09754589200019836
7194,5,0,0.07402873784303665
7195,1,0,0.12839584052562714
7196,2,0,0.7518189549446106
7197,1,0,0.5044588446617126
7198,4,0,0.13098499178886414
7199,3,0,0.08791044354438782
7200,4,0,0.059059690684080124
7201,1,0,0.09710540622472763
7202,1,0,0.12360883504152298
7203,1,0,0.09161090850830078
7204,2,0,0.1689218133687973
7205,5,0,0.22969192266464233
7206,2,0,0.04841349273920059
7207,5,0,0.161435067653656
7208,3,0,0.12193613499403
7209,2,1,0.6721843481063843
7210,1,0,0.09462042152881622
7211,1,1,0.2550126910209656
7212,5,0,0.6305010318756104
7213,3,1,0.4574647545814514
7214,1,0,0.05252722650766373
7215,2,0,0.14322088658809662
7216,1,0,0.044799670577049255
7217,1,0,0.04869238659739494
7218,1,1,0.20431865751743317
7219,1,0,0.4431420564651489
7220,2,0,0.039155151695013046
7221,4,1,0.20404189825057983
7222,4,1,0.3039335608482361
7223,1,0,0.14784656465053558
7224,2,1,0.13321919739246368
7225,5,0,0.12049417942762375
7226,1,0,0.19900137186050415
7227,5,0,0.6618539094924927
7228,3,0,0.14489147067070007
7229,1,0,0.1190723106265068
7230,2,0,0.04822232201695442
7231,5,0,0.22402334213256836
7232,2,0,0.2458270788192749
7233,3,0,0.21432837843894958
7234,1,1,0.5137962698936462
7235,3,1,0.20621417462825775
7236,5,0,0.19306129217147827
7237,1,0,0.26130738854408264
7238,3,0,0.05420999974012375
7239,1,0,0.10108086466789246
7240,2,1,0.6640296578407288
7241,3,0,0.1068551316857338
7242,5,0,0.24170105159282684
7243,4,1,0.3492298126220703
7244,5,0,0.12362617999315262
7245,1,0,0.030559774488210678
7246,2,0,0.44738250970840454
7247,1,0,0.298313707113266
7248,3,1,0.31865987181663513
7249,4,0,0.15193980932235718
7250,5,0,0.09151095896959305
7251,4,0,0.061198193579912186
7252,5,1,0.7865080833435059
7253,5,1,0.4083716869354248
7254,2,1,0.22333212196826935
7255,5,0,0.11558408290147781
7256,4,0,0.23867671191692352
7257,1,1,0.07674238085746765
7258,4,0,0.043613266199827194
7259,1,0,0.22393180429935455
7260,5,0,0.07001158595085144
7261,4,0,0.15076561272144318
7262,2,0,0.12317919731140137
7263,5,0,0.16386786103248596
7264,1,0,0.1636514961719513
7265,5,0,0.5333150029182434
7266,4,0,0.21077552437782288
7267,1,0,0.3256851136684418
7268,5,0,0.053490422666072845
7269,1,0,0.11808107793331146
7270,3,0,0.060183655470609665
7271,2,1,0.762639045715332
7272,1,1,0.35321536660194397
7273,5,1,0.7419384717941284
7274,1,0,0.09483596682548523
7275,5,1,0.5304463505744934
7276,5,0,0.12746180593967438
7277,3,0,0.16597531735897064
7278,5,0,0.08181652426719666
7279,2,0,0.06909330934286118
7280,1,0,0.057667214423418045
7281,3,0,0.15838825702667236
7282,4,1,0.1706082969903946
7283,4,0,0.2902962565422058
7284,2,1,0.059768203645944595
7285,1,1,0.09379950910806656
7286,4,0,0.647285521030426
7287,5,0,0.1325877457857132
7288,5,0,0.14914929866790771
7289,2,0,0.1616908609867096
7290,4,0,0.1629379391670227
7291,1,0,0.11496078968048096
7292,5,1,0.20266316831111908
7293,5,0,0.6239528656005859
7294,5,1,0.29821038246154785
7295,3,0,0.6028304696083069
7296,2,0,0.061855752021074295
7297,1,0,0.15380501747131348
7298,5,0,0.09971345216035843
7299,3,0,0.18367059528827667
7300,4,0,0.1947704553604126
7301,2,1,0.09684556722640991
7302,5,0,0.320566862821579
7303,1,0,0.16595034301280975
7304,4,0,0.13009938597679138
7305,2,0,0.12830562889575958
7306,3,0,0.052300501614809036
7307,3,0,0.7624554634094238
7308,1,1,0.4992431104183197
7309,2,0,0.07174825668334961
7310,5,0,0.07604813575744629
7311,3,0,0.05480910465121269
7312,4,0,0.19958360493183136
7313,5,0,0.429075688123703
7314,1,0,0.05788009986281395
7315,1,0,0.06792094558477402
7316,3,1,0.5846952199935913
7317,2,1,0.6715542078018188
7318,1,0,0.0691886618733406
7319,4,0,0.1635676622390747
7320,3,0,0.05367604270577431
7321,5,0,0.12368375062942505
7322,3,0,0.029833827167749405
7323,5,0,0.19953659176826477
7324,4,0,0.09941352903842926
7325,1,0,0.0840793251991272
7326,2,0,0.227852463722229
7327,5,1,0.10989570617675781
7328,4,0,0.14134694635868073
7329,4,0,0.21702700853347778
7330,2,1,0.5753142833709717
7331,2,1,0.38980162143707275
7332,5,0,0.04700138419866562
7333,3,0,0.13831572234630585
7334,2,0,0.1617635041475296
7335,2,0,0.12860848009586334
7336,3,0,0.028604594990611076
7337,3,0,0.08234032243490219
7338,2,0,0.10573691129684448
7339,4,0,0.5944712162017822
7340,3,0,0.1686660647392273
7341,4,0,0.09042217582464218
7342,1,0,0.5920818448066711
7343,2,0,0.21796680986881256
7344,2,1,0.15573735535144806
7345,5,0,0.060196224600076675
7346,2,0,0.10324046015739441
7347,1,0,0.09188332408666611
7348,3,0,0.09455693513154984
7349,2,0,0.1458713561296463
7350,5,0,0.16477790474891663
7351,5,0,0.055026087909936905
7352,4,1,0.3027884364128113
7353,1,0,0.10663552582263947
7354,5,1,0.16456113755702972
7355,2,0,0.07136006653308868
7356,2,0,0.05794711410999298
7357,3,0,0.1188400611281395
7358,5,1,0.5751628875732422
7359,2,0,0.09166457504034042
7360,5,0,0.024483883753418922
7361,4,1,0.37409016489982605
7362,4,0,0.046320803463459015
7363,2,0,0.08088517189025879
7364,5,1,0.07385995984077454
7365,1,1,0.694706916809082
7366,2,0,0.06089497357606888
7367,4,0,0.1608545482158661
7368,2,0,0.09201142191886902
7369,3,0,0.1025872528553009
7370,3,0,0.05125408619642258
7371,1,0,0.2205171138048172
7372,5,0,0.1709713190793991
7373,2,1,0.7288405895233154
7374,2,0,0.2406763881444931
7375,5,0,0.17043736577033997
7376,4,0,0.1565900444984436
7377,1,0,0.06259191036224365
7378,2,0,0.11100693047046661
7379,2,1,0.2688884735107422
7380,3,0,0.21435995399951935
7381,4,0,0.1213579922914505
7382,3,0,0.18214425444602966
7383,2,1,0.3242564797401428
7384,3,0,0.11823828518390656
7385,5,0,0.04045076668262482
7386,3,0,0.23264992237091064
7387,2,0,0.06651341915130615
7388,5,0,0.0720749944448471
7389,2,0,0.42171454429626465
7390,2,0,0.08136772364377975
7391,2,1,0.32172662019729614
7392,1,1,0.685889482498169
7393,1,0,0.20711949467658997
7394,4,1,0.14736001193523407
7395,4,0,0.08470842987298965
7396,2,0,0.06948966532945633
7397,3,1,0.12066518515348434
7398,4,0,0.27401089668273926
7399,5,1,0.4924326539039612
7400,3,0,0.09956172108650208
7401,5,1,0.5243468284606934
7402,3,0,0.11374563723802567
7403,4,0,0.10474423319101334
7404,4,1,0.1111651062965393
7405,5,0,0.1242908462882042
7406,1,0,0.07872568815946579
7407,2,0,0.13542376458644867
7408,1,0,0.1379338949918747
7409,2,0,0.08280619233846664
7410,2,0,0.18649864196777344
7411,2,0,0.06467298418283463
7412,2,0,0.06629545986652374
7413,4,0,0.07411039620637894
7414,5,0,0.12279526144266129
7415,5,0,0.13176125288009644
7416,4,1,0.3263034522533417
7417,5,1,0.348556250333786
7418,3,0,0.1688876748085022
7419,3,0,0.1175464615225792
7420,1,0,0.08658892661333084
7421,5,0,0.09609109163284302
7422,2,0,0.0798099935054779
7423,2,0,0.13577577471733093
7424,3,0,0.1641666442155838
7425,1,1,0.17679524421691895
7426,5,1,0.24090619385242462
7427,4,0,0.15225020051002502
7428,3,0,0.14610156416893005
7429,1,0,0.39292460680007935
7430,2,0,0.04567146301269531
7431,5,0,0.747715950012207
7432,2,1,0.5709241628646851
7433,2,0,0.05627506598830223
7434,5,0,0.13661345839500427
7435,3,0,0.043784815818071365
7436,2,1,0.07666371762752533
7437,4,0,0.05849768966436386
7438,2,0,0.0976799875497818
7439,4,0,0.11578554660081863
7440,3,1,0.5334447622299194
7441,2,0,0.11993682384490967
7442,2,0,0.6778572201728821
7443,1,0,0.14231066405773163
7444,2,0,0.13804133236408234
7445,5,1,0.6068431735038757
7446,5,0,0.7486013174057007
7447,5,0,0.12197187542915344
7448,5,0,0.030743421986699104
7449,1,0,0.19433653354644775
7450,5,0,0.07458236813545227
7451,3,0,0.5212171673774719
7452,3,0,0.17801021039485931
7453,2,0,0.08283131569623947
7454,4,0,0.2929701805114746
7455,2,0,0.3776870369911194
7456,5,0,0.3451140224933624
7457,4,0,0.07080823183059692
7458,5,0,0.5253568887710571
7459,2,0,0.050652336329221725
7460,4,0,0.7989248037338257
7461,2,0,0.2295261025428772
7462,5,0,0.3086642920970917
7463,2,1,0.0786181315779686
7464,1,1,0.3075476288795471
7465,1,0,0.1756557673215866
7466,5,1,0.7832671403884888
7467,2,0,0.11276642978191376
7468,3,0,0.1817636787891388
7469,5,0,0.15380379557609558
7470,3,0,0.0419454500079155
7471,3,0,0.30816322565078735
7472,5,0,0.05824210122227669
7473,2,0,0.07957012206315994
7474,4,0,0.5209476947784424
7475,1,0,0.1987205296754837
7476,1,0,0.06385071575641632
7477,1,0,0.2011134773492813
7478,5,0,0.0751706212759018
7479,1,0,0.403205543756485
7480,1,0,0.08491162210702896
7481,1,0,0.18215124309062958
7482,5,0,0.09205222129821777
7483,4,0,0.11235926300287247
7484,2,0,0.07048668712377548
7485,4,0,0.07486648857593536
7486,1,0,0.20041225850582123
7487,3,0,0.06817960739135742
7488,2,0,0.2875019907951355
7489,2,0,0.06635219603776932
7490,5,0,0.04885426536202431
7491,1,0,0.08057985454797745
7492,3,0,0.24693889915943146
7493,2,0,0.143715962767601
7494,4,0,0.13570289313793182
7495,1,0,0.13323266804218292
7496,4,1,0.24075281620025635
7497,3,1,0.13476517796516418
7498,3,0,0.5417043566703796
7499,4,1,0.7125571370124817
7500,3,0,0.07392758876085281
7501,2,0,0.6715084314346313
7502,3,0,0.2491380274295807
7503,2,0,0.13737326860427856
7504,1,0,0.11357075721025467
7505,3,0,0.41248586773872375
7506,4,0,0.310872346162796
7507,3,1,0.20573367178440094
7508,2,0,0.05889257788658142
7509,4,0,0.09424186497926712
7510,2,0,0.7663038969039917
7511,3,0,0.3119528591632843
7512,1,0,0.20159177482128143
7513,5,0,0.1262587308883667
7514,4,0,0.08440734446048737
7515,2,1,0.6374369263648987
7516,1,0,0.05001600831747055
7517,4,0,0.17086102068424225
7518,1,0,0.15295922756195068
7519,4,0,0.18693426251411438
7520,2,0,0.4777163863182068
7521,4,0,0.10355549305677414
7522,1,0,0.12106011807918549
7523,3,1,0.6788235902786255
7524,4,0,0.07207389175891876
7525,2,0,0.08704669773578644
7526,3,1,0.2357059270143509
7527,2,0,0.17080478370189667
7528,3,0,0.6023216247558594
7529,4,0,0.051941148936748505
7530,3,0,0.30319371819496155
7531,2,1,0.7214257121086121
7532,4,0,0.15302106738090515
7533,5,1,0.5200786590576172
7534,4,0,0.16232161223888397
7535,1,0,0.07169558852910995
7536,1,0,0.083852119743824
7537,4,0,0.14117738604545593
7538,4,0,0.8191543817520142
7539,5,0,0.10439359396696091
7540,3,0,0.3871605694293976
7541,1,0,0.4930074214935303
7542,4,0,0.08991646766662598
7543,4,0,0.14783553779125214
7544,4,0,0.0775737464427948
7545,2,1,0.0874318853020668
7546,3,1,0.1635424643754959
7547,2,0,0.07048115879297256
7548,3,0,0.05847474932670593
7549,2,0,0.15812565386295319
7550,4,1,0.09398278594017029
7551,5,0,0.16769322752952576
7552,1,0,0.07412094622850418
7553,4,1,0.14586910605430603
7554,3,0,0.0957132950425148
7555,5,0,0.31958523392677307
7556,4,0,0.16713978350162506
7557,2,0,0.3026178479194641
7558,5,0,0.07856728136539459
7559,5,0,0.1149456650018692
7560,1,0,0.11008171737194061
7561,1,0,0.029123399406671524
7562,2,0,0.29115942120552063
7563,5,0,0.07020880281925201
7564,5,0,0.05792131647467613
7565,3,0,0.054493267089128494
7566,5,0,0.08338350057601929
7567,5,0,0.122176393866539
7568,2,0,0.43412959575653076
7569,4,0,0.21444638073444366
7570,5,1,0.4283357560634613
7571,5,1,0.07428395003080368
7572,5,0,0.17486849427223206
7573,5,0,0.08955767750740051
7574,4,0,0.12324507534503937
7575,1,0,0.08815443515777588
7576,5,0,0.19844655692577362
7577,2,0,0.14105890691280365
7578,4,0,0.13455548882484436
7579,4,1,0.7454875111579895
7580,4,0,0.10429579764604568
7581,1,0,0.3912372589111328
7582,3,0,0.16688832640647888
7583,3,0,0.11900730431079865
7584,2,0,0.09270476549863815
7585,4,1,0.04366892948746681
7586,2,0,0.1270020753145218
7587,5,1,0.5330314636230469
7588,3,0,0.39099496603012085
7589,2,0,0.2425977736711502
7590,4,0,0.18107697367668152
7591,1,0,0.1347598135471344
7592,4,0,0.16159561276435852
7593,2,0,0.12152764201164246
7594,5,0,0.09615130722522736
7595,3,0,0.03869789093732834
7596,3,0,0.10672632604837418
7597,2,0,0.18612264096736908
7598,3,0,0.07347345352172852
7599,1,0,0.19746538996696472
7600,3,1,0.03731943294405937
7601,3,1,0.755147397518158
7602,5,0,0.2368728369474411
7603,3,0,0.04365089163184166
7604,3,0,0.18909630179405212
7605,3,1,0.4474325180053711
7606,2,1,0.10301094502210617
7607,4,1,0.4942486882209778
7608,3,0,0.14883442223072052
7609,1,0,0.47071635723114014
7610,4,0,0.1187652200460434
7611,2,0,0.08262432366609573
7612,3,1,0.3127674162387848
7613,2,0,0.16881738603115082
7614,1,0,0.1327846199274063
7615,4,0,0.0453055314719677
7616,1,0,0.2675296664237976
7617,2,0,0.07757173478603363
7618,3,0,0.07441346347332001
7619,1,0,0.09689418971538544
7620,4,1,0.09179181605577469
7621,1,0,0.24752265214920044
7622,5,1,0.1979822963476181
7623,1,1,0.656545877456665
7624,5,0,0.25566551089286804
7625,2,0,0.408582866191864
7626,2,1,0.11496439576148987
7627,5,0,0.08199966698884964
7628,2,0,0.06391607224941254
7629,5,0,0.10626444220542908
7630,1,0,0.23296797275543213
7631,5,0,0.0849442109465599
7632,3,0,0.09193960577249527
7633,3,1,0.35793066024780273
7634,5,0,0.11298063397407532
7635,4,0,0.05300489068031311
7636,4,0,0.08754273504018784
7637,4,0,0.7003000974655151
7638,4,1,0.07842600345611572
7639,5,0,0.1992161124944687
7640,1,0,0.11501012742519379
7641,5,1,0.1105726957321167
7642,1,0,0.08330127596855164
7643,3,0,0.22086969017982483
7644,5,1,0.189875528216362
7645,5,1,0.6043844819068909
7646,4,0,0.15516416728496552
7647,5,0,0.4951624870300293
7648,5,1,0.5055146217346191
7649,3,0,0.1149686723947525
7650,4,0,0.49874868988990784
7651,1,0,0.16483759880065918
7652,3,0,0.1035333126783371
7653,3,1,0.2617962658405304
7654,2,0,0.17128986120224
7655,3,0,0.2217804491519928
7656,1,0,0.2533068358898163
7657,4,1,0.7219846248626709
7658,5,1,0.16288666427135468
7659,4,0,0.6783334612846375
7660,2,0,0.0686236321926117
7661,1,0,0.12330348044633865
7662,4,0,0.13557171821594238
7663,1,0,0.06532315164804459
7664,5,0,0.701960563659668
7665,1,1,0.14316868782043457
7666,1,0,0.16963057219982147
7667,5,0,0.08026494830846786
7668,3,1,0.41116636991500854
7669,5,0,0.238774374127388
7670,2,0,0.18454764783382416
7671,4,0,0.1342707872390747
7672,1,0,0.1720481812953949
7673,5,0,0.15105849504470825
7674,2,0,0.11236027628183365
7675,4,0,0.08376742899417877
7676,1,0,0.1356315016746521
7677,2,0,0.0967106893658638
7678,5,0,0.10034612566232681
7679,1,0,0.06506803631782532
7680,1,0,0.06862740963697433
7681,3,0,0.0665455237030983
7682,3,0,0.03808997571468353
7683,4,0,0.14191225171089172
7684,3,0,0.052425041794776917
7685,3,0,0.06400749087333679
7686,5,0,0.03485673666000366
7687,4,0,0.752975583076477
7688,3,0,0.04648609086871147
7689,3,0,0.1876041293144226
7690,5,1,0.14779174327850342
7691,5,0,0.2329811155796051
7692,4,1,0.2356606274843216
7693,1,1,0.32993343472480774
7694,1,1,0.7016584277153015
7695,3,0,0.0535711906850338
7696,1,0,0.052208829671144485
7697,5,0,0.40810292959213257
7698,5,0,0.10224538296461105
7699,5,0,0.10488870739936829
7700,5,0,0.037305690348148346
7701,3,0,0.07374954223632812
7702,2,0,0.07814569026231766
7703,3,0,0.12808826565742493
7704,4,0,0.15483969449996948
7705,2,0,0.10453671216964722
7706,1,1,0.7646322250366211
7707,2,0,0.06408704817295074
7708,3,0,0.11160236597061157
7709,2,0,0.08371523022651672
7710,3,1,0.7155259847640991
7711,1,0,0.5557689666748047
7712,2,0,0.39939266443252563
7713,3,0,0.10244528204202652
7714,4,0,0.7238176465034485
7715,5,0,0.04231493920087814
7716,4,0,0.45785754919052124
7717,3,1,0.6610451936721802
7718,4,0,0.15739525854587555
7719,2,1,0.2264775037765503
7720,3,0,0.1082984060049057
7721,4,0,0.028292324393987656
7722,1,0,0.10129768401384354
7723,1,0,0.1706458181142807
7724,1,0,0.043351683765649796
7725,1,1,0.18536008894443512
7726,5,0,0.08286376297473907
7727,5,1,0.48568272590637207
7728,5,0,0.047863543033599854
7729,4,0,0.0751819908618927
7730,5,0,0.042675331234931946
7731,5,0,0.10811140388250351
7732,2,0,0.3286871910095215
7733,1,0,0.13975834846496582
7734,4,1,0.462408185005188
7735,2,0,0.11118873208761215
7736,2,0,0.1912338137626648
7737,3,0,0.09496822953224182
7738,2,0,0.04459723085165024
7739,3,0,0.06017446890473366
7740,4,0,0.09353227913379669
7741,5,0,0.680487334728241
7742,1,1,0.17357420921325684
7743,2,0,0.1487765908241272
7744,1,0,0.040179140865802765
7745,1,0,0.3007998764514923
7746,2,0,0.049776773899793625
7747,5,0,0.21027368307113647
7748,4,0,0.03433649241924286
7749,3,0,0.2418682724237442
7750,3,0,0.16408337652683258
7751,1,0,0.10278034955263138
7752,4,1,0.5564954280853271
7753,4,0,0.199832022190094
7754,3,0,0.12487833201885223
7755,1,0,0.1099349781870842
7756,1,1,0.9244915246963501
7757,4,0,0.07956688851118088
7758,2,1,0.1659822016954422
7759,3,1,0.1852707713842392
7760,1,1,0.40555238723754883
7761,4,1,0.07653292268514633
7762,1,0,0.0654468759894371
7763,2,0,0.08568297326564789
7764,1,0,0.1032014861702919
7765,3,0,0.09016226977109909
7766,5,0,0.6956443190574646
7767,5,0,0.05291751027107239
7768,1,0,0.13173939287662506
7769,1,0,0.12062305957078934
7770,2,1,0.13198834657669067
7771,5,0,0.1399581879377365
7772,1,0,0.09771979600191116
7773,1,0,0.07565313577651978
7774,2,0,0.07563053071498871
7775,1,0,0.18424420058727264
7776,1,1,0.10867198556661606
7777,2,0,0.3432961702346802
7778,5,1,0.2731517255306244
7779,2,0,0.16369804739952087
7780,2,0,0.10971471667289734
7781,3,0,0.1857924908399582
7782,5,0,0.10624656081199646
7783,2,0,0.28103557229042053
7784,4,0,0.4905146062374115
7785,3,0,0.22107237577438354
7786,3,0,0.05510251596570015
7787,3,0,0.03586629033088684
7788,1,0,0.1029348075389862
7789,5,0,0.0592164508998394
7790,3,0,0.0956534892320633
7791,3,0,0.058729659765958786
7792,4,0,0.1426771879196167
7793,1,0,0.15538831055164337
7794,1,0,0.08176223933696747
7795,1,1,0.5406327247619629
7796,3,0,0.05932852253317833
7797,2,0,0.2903173863887787
7798,1,0,0.10155153274536133
7799,5,0,0.10669098049402237
7800,3,0,0.14812178909778595
7801,4,1,0.1642158478498459
7802,1,1,0.48359671235084534
7803,5,0,0.15865930914878845
7804,5,0,0.44097182154655457
7805,2,0,0.14895857870578766
7806,5,0,0.17862938344478607
7807,5,1,0.7888196706771851
7808,4,0,0.09990832209587097
7809,3,0,0.18198539316654205
7810,2,0,0.24276615679264069
7811,1,1,0.5680996179580688
7812,2,0,0.19671568274497986
7813,1,0,0.12538808584213257
7814,5,0,0.0804431363940239
7815,4,0,0.25536414980888367
7816,5,1,0.7618033289909363
7817,2,0,0.11013757437467575
7818,3,0,0.20545868575572968
7819,2,0,0.062726691365242
7820,4,0,0.0828392505645752
7821,5,0,0.0681876689195633
7822,1,0,0.0493943989276886
7823,3,0,0.23469388484954834
7824,5,0,0.27662205696105957
7825,5,1,0.13621807098388672
7826,4,0,0.03918401896953583
7827,3,0,0.11582533270120621
7828,3,1,0.5949606895446777
7829,1,0,0.1280597448348999
7830,4,0,0.06039342284202576
7831,5,1,0.24969454109668732
7832,1,0,0.09253066778182983
7833,3,1,0.7249106168746948
7834,3,0,0.1107984334230423
7835,3,0,0.08830190449953079
7836,3,1,0.11440973728895187
7837,2,0,0.11666043847799301
7838,4,0,0.4807332158088684
7839,4,0,0.11668407917022705
7840,2,1,0.05964231863617897
7841,2,0,0.06809797883033752
7842,1,0,0.7186453938484192
7843,5,0,0.09694730490446091
7844,3,0,0.10636074095964432
7845,4,1,0.29515236616134644
7846,5,0,0.05144234001636505
7847,4,0,0.21033062040805817
7848,3,0,0.14553231000900269
7849,1,1,0.6433463096618652
7850,5,0,0.0890386700630188
7851,4,0,0.05525974556803703
7852,4,0,0.05382358282804489
7853,3,0,0.7068962454795837
7854,1,1,0.16504639387130737
7855,4,1,0.21771745383739471
7856,5,0,0.041902728378772736
7857,3,0,0.04963542893528938
7858,2,1,0.06101687625050545
7859,5,0,0.16788643598556519
7860,5,0,0.1482831984758377
7861,4,0,0.11155600100755692
7862,1,0,0.14924873411655426
7863,3,0,0.13798895478248596
7864,2,1,0.2845577299594879
7865,4,0,0.11017176508903503
7866,1,0,0.7560865879058838
7867,3,0,0.07887395471334457
7868,1,1,0.12841182947158813
7869,1,0,0.055449359118938446
7870,2,0,0.43404072523117065
7871,5,1,0.783123791217804
7872,1,0,0.16648194193840027
7873,5,0,0.1266397088766098
7874,4,0,0.19113822281360626
7875,4,1,0.0617852620780468
7876,2,0,0.08232969045639038
7877,3,0,0.116879403591156
7878,1,0,0.20364150404930115
7879,5,1,0.09242475032806396
7880,5,0,0.07794462889432907
7881,1,0,0.07160583138465881
7882,2,1,0.4155055284500122
7883,5,0,0.029012396931648254
7884,2,1,0.19016100466251373
7885,1,0,0.07684464752674103
7886,5,1,0.1782543659210205
7887,2,0,0.22103843092918396
7888,2,0,0.11613184213638306
7889,3,0,0.07885592430830002
7890,3,0,0.1647886484861374
7891,4,1,0.26121121644973755
7892,1,0,0.09043625742197037
7893,2,0,0.10442205518484116
7894,3,0,0.14005997776985168
7895,3,0,0.08958839625120163
7896,4,0,0.7301416397094727
7897,3,0,0.47626999020576477
7898,3,0,0.09721104055643082
7899,3,0,0.12134192138910294
7900,2,0,0.12162922322750092
7901,5,0,0.17802628874778748
7902,2,1,0.20206357538700104
7903,3,0,0.035572778433561325
7904,4,1,0.7267583012580872
7905,5,0,0.08721655607223511
7906,3,0,0.1575707048177719
7907,2,0,0.6118259429931641
7908,1,0,0.2524397075176239
7909,4,0,0.62037593126297
7910,3,0,0.057378366589546204
7911,5,0,0.24927236139774323
7912,4,0,0.08443225920200348
7913,1,1,0.31816500425338745
7914,3,0,0.6175223588943481
7915,5,1,0.07902402430772781
7916,3,0,0.12809927761554718
7917,3,0,0.06053476780653
7918,1,0,0.1810208112001419
7919,2,1,0.7841287851333618
7920,4,0,0.07871147245168686
7921,3,0,0.17775380611419678
7922,3,0,0.09930866211652756
7923,2,0,0.06020363047719002
7924,5,0,0.20635609328746796
7925,4,1,0.20423364639282227
7926,5,0,0.06918203085660934
7927,1,0,0.10960898548364639
7928,5,0,0.12391064316034317
7929,5,0,0.13881632685661316
7930,4,0,0.21412961184978485
7931,4,0,0.14623452723026276
7932,3,0,0.0875934287905693
7933,4,0,0.2289467453956604
7934,4,0,0.3767283856868744
7935,4,0,0.14466753602027893
7936,1,0,0.12037071585655212
7937,3,0,0.02859635278582573
7938,5,1,0.7811224460601807
7939,4,0,0.14295469224452972
7940,4,1,0.7093667984008789
7941,3,0,0.07459240406751633
7942,2,1,0.48834335803985596
7943,4,0,0.15012727677822113
7944,5,1,0.7143340706825256
7945,2,1,0.1897539347410202
7946,3,0,0.10727818310260773
7947,2,1,0.6169583201408386
7948,2,1,0.21448829770088196
7949,3,0,0.38070735335350037
7950,4,1,0.73679119348526
7951,2,0,0.3784695863723755
7952,5,0,0.050864409655332565
7953,2,0,0.25593891739845276
7954,1,0,0.178912952542305
7955,1,1,0.36022689938545227
7956,2,0,0.10722338408231735
7957,3,1,0.44021496176719666
7958,4,0,0.0589904747903347
7959,1,1,0.9056614637374878
7960,5,1,0.13756978511810303
7961,3,0,0.17169727385044098
7962,4,0,0.3665170967578888
7963,2,0,0.17795853316783905
7964,4,0,0.13953615725040436
7965,5,0,0.35036733746528625
7966,1,0,0.08166132867336273
7967,4,0,0.21879616379737854
7968,3,0,0.08622086048126221
7969,2,0,0.042614638805389404
7970,2,1,0.07858439534902573
7971,2,0,0.13209795951843262
7972,5,1,0.09721624851226807
7973,4,0,0.12042629718780518
7974,5,0,0.1719435751438141
7975,2,0,0.056647926568984985
7976,2,0,0.04320055618882179
7977,4,1,0.8231876492500305
7978,1,1,0.08056223392486572
7979,2,0,0.046462561935186386
7980,4,0,0.15310107171535492
7981,3,1,0.0878947451710701
7982,4,0,0.15209555625915527
7983,4,0,0.11531896889209747
7984,3,1,0.30025631189346313
7985,5,0,0.09987038373947144
7986,2,0,0.04673910513520241
7987,2,0,0.10152239352464676
7988,4,0,0.2518675625324249
7989,4,0,0.11561056226491928
7990,3,0,0.14888618886470795
7991,5,0,0.05637667700648308
7992,2,0,0.1008424311876297
7993,2,0,0.06988103687763214
7994,4,0,0.15185436606407166
7995,4,0,0.3764549195766449
7996,1,0,0.19063030183315277
7997,3,1,0.19064874947071075
7998,1,0,0.12853452563285828
7999,3,0,0.04077501967549324
8000,2,1,0.287340372800827
8001,2,1,0.19009412825107574
8002,4,1,0.804405689239502
8003,1,0,0.09101205319166183
8004,3,1,0.47182220220565796
8005,3,0,0.07049762457609177
8006,2,1,0.14903108775615692
8007,5,0,0.0414140410721302
8008,3,1,0.17926524579524994
8009,4,0,0.04093299061059952
8010,5,0,0.5422340631484985
8011,2,0,0.42686355113983154
8012,3,0,0.08195332437753677
8013,4,0,0.3067610263824463
8014,5,0,0.16797883808612823
8015,4,1,0.19806143641471863
8016,1,0,0.05266023799777031
8017,3,0,0.5528205037117004
8018,1,0,0.137234166264534
8019,1,0,0.13893337547779083
8020,1,0,0.16271042823791504
8021,3,0,0.4990067481994629
8022,5,0,0.12968365848064423
8023,2,0,0.1143072172999382
8024,5,0,0.09595591574907303
8025,5,0,0.31475144624710083
8026,4,0,0.0746154636144638
8027,1,0,0.1006358340382576
8028,1,0,0.1827736794948578
8029,4,0,0.1626487523317337
8030,4,0,0.413463294506073
8031,2,0,0.7236588001251221
8032,2,0,0.18768779933452606
8033,1,0,0.07943929731845856
8034,3,1,0.10985769331455231
8035,5,1,0.6176695227622986
8036,1,0,0.396793007850647
8037,2,0,0.16272114217281342
8038,5,0,0.6691715121269226
8039,2,0,0.5708990693092346
8040,3,0,0.15160273015499115
8041,2,0,0.18025098741054535
8042,3,0,0.0223827101290226
8043,5,0,0.14623816311359406
8044,3,1,0.903480052947998
8045,2,1,0.3808223307132721
8046,4,0,0.06025468558073044
8047,4,0,0.12386088073253632
8048,5,0,0.053255584090948105
8049,5,0,0.12810508906841278
8050,3,0,0.24926598370075226
8051,1,1,0.5894975662231445
8052,3,0,0.19380858540534973
8053,1,0,0.039882875978946686
8054,1,0,0.09994979202747345
8055,4,0,0.0516190379858017
8056,5,1,0.11016414314508438
8057,5,0,0.1219518631696701
8058,4,0,0.03781523182988167
8059,5,0,0.23261772096157074
8060,2,1,0.5820720195770264
8061,3,1,0.1413007527589798
8062,3,0,0.09331106394529343
8063,1,0,0.06047322601079941
8064,3,0,0.19184809923171997
8065,4,0,0.1510753333568573
8066,3,0,0.18471194803714752
8067,5,0,0.16673237085342407
8068,5,0,0.4148545265197754
8069,1,0,0.05297388136386871
8070,1,1,0.29987579584121704
8071,3,0,0.04401017352938652
8072,2,0,0.2382323294878006
8073,2,0,0.556925356388092
8074,4,0,0.07248660922050476
8075,2,0,0.10021857917308807
8076,2,0,0.4117029905319214
8077,1,0,0.163181334733963
8078,1,0,0.13373149931430817
8079,1,0,0.3085090219974518
8080,5,1,0.7578741312026978
8081,4,0,0.16719181835651398
8082,1,1,0.21700817346572876
8083,4,0,0.038277845829725266
8084,3,0,0.16193370521068573
8085,4,0,0.07688654959201813
8086,3,0,0.09512245655059814
8087,3,0,0.0512508861720562
8088,5,0,0.048135288059711456
8089,1,0,0.0786331444978714
8090,2,0,0.0888466015458107
8091,5,0,0.07113854587078094
8092,5,1,0.38312965631484985
8093,1,0,0.1591593623161316
8094,5,0,0.028655370697379112
8095,5,0,0.4446106255054474
8096,2,0,0.033892903476953506
8097,4,0,0.05484970659017563
8098,1,0,0.2848135232925415
8099,3,0,0.08641310036182404
8100,1,0,0.28917941451072693
8101,5,0,0.30441194772720337
8102,3,1,0.21063420176506042
8103,3,0,0.15917927026748657
8104,5,0,0.11245591193437576
8105,1,0,0.17117810249328613
8106,2,0,0.061386846005916595
8107,3,0,0.09246005862951279
8108,5,0,0.044537924230098724
8109,4,0,0.09907703101634979
8110,4,0,0.10631123930215836
8111,1,0,0.056802816689014435
8112,4,0,0.2921908497810364
8113,4,0,0.06775496900081635
8114,3,1,0.09293238073587418
8115,1,0,0.158891499042511
8116,1,0,0.32324355840682983
8117,4,1,0.09243093430995941
8118,1,0,0.2639647424221039
8119,1,0,0.04377000406384468
8120,5,0,0.2004701942205429
8121,4,0,0.30266839265823364
8122,3,0,0.31154152750968933
8123,4,0,0.12973645329475403
8124,3,0,0.13927480578422546
8125,1,0,0.13791030645370483
8126,4,0,0.11317850649356842
8127,4,0,0.5336980223655701
8128,4,0,0.1515195369720459
8129,5,1,0.715418815612793
8130,1,0,0.32455313205718994
8131,4,0,0.09088865667581558
8132,1,0,0.06567449867725372
8133,5,0,0.13218677043914795
8134,3,0,0.10797793418169022
8135,3,1,0.767998218536377
8136,3,0,0.12596601247787476
8137,1,0,0.03614680469036102
8138,4,1,0.7134248614311218
8139,5,0,0.056883543729782104
8140,2,0,0.09943930804729462
8141,5,1,0.1981656700372696
8142,4,1,0.1176535114645958
8143,3,0,0.1645565778017044
8144,1,1,0.15504688024520874
8145,1,0,0.16088393330574036
8146,2,0,0.08948414027690887
8147,5,1,0.6813581585884094
8148,4,0,0.07899636775255203
8149,4,0,0.043435629457235336
8150,4,1,0.45398834347724915
8151,5,1,0.05978035554289818
8152,3,1,0.509459912776947
8153,1,0,0.031102577224373817
8154,2,0,0.2095128893852234
8155,1,0,0.1196967139840126
8156,5,0,0.1624859720468521
8157,5,0,0.08120505511760712
8158,2,0,0.13713006675243378
8159,2,0,0.09653226286172867
8160,2,0,0.045740388333797455
8161,5,1,0.10404389351606369
8162,5,0,0.055052440613508224
8163,3,0,0.16813792288303375
8164,1,0,0.18637527525424957
8165,1,0,0.6927862167358398
8166,5,1,0.13208478689193726
8167,2,0,0.1908455789089203
8168,5,0,0.0614459291100502
8169,4,0,0.29873090982437134
8170,5,0,0.09043177217245102
8171,4,0,0.2163931131362915
8172,5,0,0.10709384828805923
8173,1,0,0.4034518897533417
8174,4,0,0.06907804310321808
8175,5,0,0.3108082413673401
8176,5,0,0.04745976999402046
8177,5,1,0.19460704922676086
8178,2,0,0.17136256396770477
8179,3,0,0.09454908967018127
8180,5,1,0.47445783019065857
8181,2,0,0.2281297892332077
8182,1,1,0.38708174228668213
8183,2,0,0.0612512044608593
8184,2,0,0.13329964876174927
8185,2,0,0.06755848228931427
8186,3,0,0.0773843377828598
8187,4,0,0.18316416442394257
8188,2,0,0.10821064561605453
8189,2,0,0.16249388456344604
8190,3,0,0.2130855768918991
8191,4,0,0.24887117743492126
8192,1,0,0.3869074285030365
8193,1,0,0.2011069804430008
8194,2,0,0.12037143111228943
8195,4,0,0.15289206802845
8196,4,0,0.10945404320955276
8197,1,0,0.02690032683312893
8198,5,1,0.5118669271469116
8199,3,1,0.6041887402534485
8200,4,0,0.06173784285783768
8201,5,0,0.40538910031318665
8202,2,0,0.1134081706404686
8203,2,0,0.2596533000469208
8204,1,1,0.17408281564712524
8205,1,1,0.2928101420402527
8206,1,0,0.06579715758562088
8207,2,0,0.7933973670005798
8208,4,0,0.13105827569961548
8209,5,0,0.08396339416503906
8210,5,0,0.09243173152208328
8211,1,0,0.0694977417588234
8212,1,0,0.048540592193603516
8213,3,0,0.30375751852989197
8214,4,1,0.1784147173166275
8215,5,0,0.05316660925745964
8216,1,0,0.03707665950059891
8217,1,0,0.1497274935245514
8218,5,0,0.23504570126533508
8219,5,0,0.15101800858974457
8220,1,0,0.15119731426239014
8221,5,0,0.2573104798793793
8222,3,0,0.10220085829496384
8223,5,0,0.2992825508117676
8224,1,0,0.11636675894260406
8225,5,0,0.02931550145149231
8226,2,0,0.17416225373744965
8227,3,0,0.19882787764072418
8228,5,0,0.07678931951522827
8229,3,0,0.06985277682542801
8230,2,1,0.48170363903045654
8231,1,0,0.11768481880426407
8232,4,0,0.6265341639518738
8233,5,0,0.03871520608663559
8234,2,0,0.1675208956003189
8235,2,1,0.09462057799100876
8236,5,0,0.14014320075511932
8237,3,1,0.7649993300437927
8238,4,0,0.12291672080755234
8239,4,0,0.1420331448316574
8240,1,0,0.12738430500030518
8241,5,0,0.08709720522165298
8242,5,0,0.10737568885087967
8243,4,1,0.12896287441253662
8244,2,0,0.13852384686470032
8245,1,0,0.4230474531650543
8246,2,0,0.08285216242074966
8247,2,0,0.17037369310855865
8248,5,1,0.4403952956199646
8249,3,0,0.14856407046318054
8250,5,0,0.057431649416685104
8251,1,0,0.2246239185333252
8252,5,0,0.3998269736766815
8253,2,1,0.7032369375228882
8254,5,0,0.07017689198255539
8255,4,0,0.08064325153827667
8256,5,0,0.09780999273061752
8257,1,1,0.6869159936904907
8258,2,1,0.21198445558547974
8259,3,0,0.570237398147583
8260,5,1,0.3858669102191925
8261,4,0,0.21224194765090942
8262,2,0,0.2931569516658783
8263,3,1,0.21036987006664276
8264,3,0,0.3401280343532562
8265,1,0,0.33181190490722656
8266,3,0,0.2920609414577484
8267,5,0,0.0517723485827446
8268,5,0,0.16945050656795502
8269,1,0,0.1003953218460083
8270,2,0,0.07346495240926743
8271,3,1,0.366225928068161
8272,5,0,0.19895467162132263
8273,5,1,0.19744007289409637
8274,1,0,0.10457070916891098
8275,3,0,0.5445693731307983
8276,2,1,0.23737600445747375
8277,3,0,0.4706880450248718
8278,2,0,0.07885143905878067
8279,1,1,0.5689716935157776
8280,1,1,0.7619154453277588
8281,2,0,0.0874902680516243
8282,1,0,0.304184228181839
8283,3,0,0.12364906817674637
8284,2,0,0.4005305767059326
8285,5,0,0.1552104502916336
8286,1,1,0.8100625872612
8287,2,0,0.1739608496427536
8288,5,0,0.12301114201545715
8289,1,0,0.43731755018234253
8290,5,0,0.15802527964115143
8291,3,0,0.12603513896465302
8292,4,0,0.0925649031996727
8293,3,0,0.2066628485918045
8294,5,0,0.10636801272630692
8295,3,0,0.2983163297176361
8296,4,0,0.15811823308467865
8297,4,0,0.09773242473602295
8298,3,0,0.28644177317619324
8299,2,1,0.22673051059246063
8300,4,0,0.04777837172150612
8301,5,0,0.08187755197286606
8302,4,0,0.2511366605758667
8303,2,0,0.03936000540852547
8304,4,0,0.054285239428281784
8305,3,1,0.7510002255439758
8306,3,0,0.11375930905342102
8307,1,0,0.105824775993824
8308,5,1,0.34079647064208984
8309,3,1,0.15959379076957703
8310,4,1,0.45523330569267273
8311,3,0,0.15911313891410828
8312,2,0,0.2104199379682541
8313,5,0,0.05108268931508064
8314,4,0,0.16287994384765625
8315,5,0,0.3503527045249939
8316,2,1,0.7107625007629395
8317,5,0,0.625569224357605
8318,4,0,0.02984710969030857
8319,5,1,0.726966142654419
8320,5,0,0.13015908002853394
8321,4,1,0.6013886332511902
8322,3,0,0.2538608908653259
8323,4,0,0.06433635950088501
8324,2,0,0.07110397517681122
8325,1,0,0.4790944755077362
8326,1,0,0.039917416870594025
8327,4,1,0.05232062563300133
8328,3,0,0.5132554173469543
8329,5,0,0.25534775853157043
8330,2,0,0.06650281697511673
8331,4,0,0.07472730427980423
8332,3,0,0.12253427505493164
8333,4,0,0.19515147805213928
8334,4,0,0.16311541199684143
8335,5,1,0.6360640525817871
8336,1,0,0.30380871891975403
8337,5,0,0.2661905586719513
8338,5,0,0.675865650177002
8339,5,0,0.25786641240119934
8340,3,0,0.36094388365745544
8341,1,0,0.12188435345888138
8342,5,1,0.43491700291633606
8343,2,0,0.16148707270622253
8344,5,0,0.08123403787612915
8345,4,0,0.18837665021419525
8346,4,0,0.1574496477842331
8347,5,0,0.12678904831409454
8348,3,0,0.08766082674264908
8349,4,0,0.22579792141914368
8350,3,0,0.22308945655822754
8351,5,0,0.14208634197711945
8352,5,0,0.1732732504606247
8353,1,0,0.10800115764141083
8354,2,0,0.2723718285560608
8355,4,1,0.1902756541967392
8356,5,0,0.1427067071199417
8357,3,0,0.1820041686296463
8358,5,0,0.1594264954328537
8359,2,0,0.3139345347881317
8360,2,0,0.056508731096982956
8361,2,1,0.2023562639951706
8362,1,1,0.31013843417167664
8363,4,0,0.11392344534397125
8364,2,0,0.10015922039747238
8365,1,0,0.16100817918777466
8366,1,1,0.27568548917770386
8367,3,0,0.10514041781425476
8368,2,0,0.14801590144634247
8369,3,1,0.7555742263793945
8370,2,0,0.0790141299366951
8371,2,0,0.08430904150009155
8372,1,0,0.5426023006439209
8373,5,1,0.3344017267227173
8374,5,0,0.0959310531616211
8375,3,0,0.15693947672843933
8376,4,0,0.03342568501830101
8377,4,0,0.10694047063589096
8378,5,0,0.15515334904193878
8379,1,0,0.4250643253326416
8380,5,1,0.3107717037200928
8381,1,0,0.20608524978160858
8382,3,0,0.16312824189662933
8383,1,0,0.12338493019342422
8384,1,0,0.03849659115076065
8385,1,1,0.11924690753221512
8386,5,0,0.12783896923065186
8387,2,0,0.31214141845703125
8388,3,0,0.13854894042015076
8389,4,0,0.11740511655807495
8390,5,1,0.7514169216156006
8391,2,0,0.18595637381076813
8392,1,0,0.09723683446645737
8393,2,1,0.20250961184501648
8394,4,0,0.3332614302635193
8395,2,0,0.16751709580421448
8396,4,0,0.1254992038011551
8397,3,0,0.09132880717515945
8398,5,0,0.6798782348632812
8399,1,0,0.028730014339089394
8400,5,0,0.2415895015001297
8401,3,0,0.22508595883846283
8402,2,0,0.13919387757778168
8403,4,1,0.040380191057920456
8404,4,0,0.5973723530769348
8405,3,0,0.1139310672879219
8406,1,0,0.11954521387815475
8407,1,0,0.198594868183136
8408,5,1,0.6232865452766418
8409,1,0,0.1326499879360199
8410,1,0,0.17413750290870667
8411,3,0,0.3611941337585449
8412,4,1,0.7539843916893005
8413,2,0,0.06287343055009842
8414,5,1,0.17797237634658813
8415,2,1,0.22167500853538513
8416,5,0,0.08467603474855423
8417,1,0,0.10778039693832397
8418,3,0,0.08736453205347061
8419,1,1,0.499898225069046
8420,1,1,0.1894676685333252
8421,3,1,0.16697359085083008
8422,5,0,0.06053001806139946
8423,1,0,0.11844605207443237
8424,5,0,0.04467293247580528
8425,3,1,0.6957126259803772
8426,5,0,0.14801986515522003
8427,1,0,0.627183198928833
8428,3,0,0.08825717121362686
8429,2,0,0.08956041932106018
8430,1,0,0.16939379274845123
8431,3,1,0.29236119985580444
8432,4,0,0.10862220823764801
8433,1,1,0.15339118242263794
8434,5,0,0.10361068695783615
8435,1,0,0.3584454357624054
8436,3,0,0.09887196123600006
8437,1,0,0.1540570855140686
8438,1,0,0.6852272152900696
8439,1,0,0.13191309571266174
8440,2,0,0.1461469531059265
8441,4,0,0.12354228645563126
8442,3,0,0.07207322865724564
8443,3,0,0.0692981407046318
8444,3,0,0.28652849793434143
8445,5,0,0.20250007510185242
8446,3,0,0.03177507966756821
8447,2,0,0.09780355542898178
8448,1,0,0.6862339973449707
8449,5,0,0.18359945714473724
8450,1,0,0.12184039503335953
8451,2,1,0.45845451951026917
8452,1,0,0.17489472031593323
8453,1,0,0.11541632562875748
8454,5,1,0.1401035040616989
8455,4,1,0.6774843335151672
8456,5,0,0.0964532345533371
8457,3,0,0.14561542868614197
8458,1,1,0.5016876459121704
8459,1,0,0.22979390621185303
8460,2,1,0.14544802904129028
8461,3,0,0.04879090189933777
8462,2,0,0.5730739235877991
8463,3,0,0.06597001850605011
8464,5,0,0.18280889093875885
8465,4,0,0.17907506227493286
8466,4,0,0.10458129644393921
8467,2,0,0.08403884619474411
8468,4,0,0.14761272072792053
8469,3,0,0.5935856103897095
8470,1,0,0.12289312481880188
8471,4,0,0.7886393070220947
8472,2,0,0.2161450833082199
8473,5,1,0.4231860637664795
8474,3,0,0.07240647077560425
8475,2,0,0.08160391449928284
8476,1,0,0.13078461587429047
8477,3,0,0.16838175058364868
8478,4,0,0.07345583289861679
8479,5,1,0.7149564623832703
8480,3,0,0.3045991063117981
8481,5,0,0.1139255091547966
8482,5,0,0.36878702044487
8483,4,0,0.0829569399356842
8484,4,0,0.04798223450779915
8485,2,0,0.10307037085294724
8486,3,0,0.7704295516014099
8487,2,0,0.06700754165649414
8488,1,1,0.19732218980789185
8489,5,0,0.13345372676849365
8490,1,0,0.055409397929906845
8491,4,0,0.08427304774522781
8492,5,0,0.20281384885311127
8493,2,0,0.061016883701086044
8494,5,0,0.06962327659130096
8495,4,0,0.16894829273223877
8496,2,0,0.10060476511716843
8497,3,0,0.1938924938440323
8498,1,0,0.14660967886447906
8499,4,1,0.18473276495933533
8500,4,0,0.08550206571817398
8501,2,1,0.24361342191696167
8502,4,0,0.06444084644317627
8503,5,1,0.6334179639816284
8504,2,0,0.049027685075998306
8505,5,0,0.09909806400537491
8506,5,1,0.34267809987068176
8507,1,0,0.055633630603551865
8508,2,0,0.17083054780960083
8509,5,0,0.20888502895832062
8510,4,0,0.10924404114484787
8511,5,0,0.056110482662916183
8512,3,1,0.6800223588943481
8513,5,0,0.13720852136611938
8514,2,1,0.36197003722190857
8515,1,0,0.5476420521736145
8516,1,0,0.26475560665130615
8517,1,0,0.13142822682857513
8518,4,0,0.07053561508655548
8519,5,0,0.18792545795440674
8520,4,0,0.08908938616514206
8521,1,0,0.21701553463935852
8522,4,1,0.3619275391101837
8523,1,0,0.10714560747146606
8524,4,1,0.7597405314445496
8525,2,0,0.05774388089776039
8526,3,0,0.19506455957889557
8527,2,0,0.08214978128671646
8528,1,0,0.16219131648540497
8529,5,0,0.5139244794845581
8530,5,0,0.11239635944366455
8531,1,0,0.15078198909759521
8532,2,0,0.08994460105895996
8533,1,0,0.14706772565841675
8534,2,0,0.6466988325119019
8535,4,0,0.34425508975982666
8536,4,1,0.2669796049594879
8537,1,0,0.37039369344711304
8538,5,0,0.19127830862998962
8539,3,0,0.12549558281898499
8540,3,0,0.11594373732805252
8541,1,0,0.3063076138496399
8542,2,0,0.3770742118358612
8543,2,0,0.0811806172132492
8544,4,1,0.2736566960811615
8545,4,0,0.2007448375225067
8546,5,0,0.05268232151865959
8547,4,0,0.09050974994897842
8548,2,0,0.06319035589694977
8549,5,0,0.21263687312602997
8550,3,0,0.0987996980547905
8551,4,0,0.06990611553192139
8552,4,0,0.10020246356725693
8553,1,0,0.09886754304170609
8554,4,0,0.13208577036857605
8555,3,0,0.062396056950092316
8556,3,1,0.22412975132465363
8557,4,0,0.12314338237047195
8558,5,0,0.1674717217683792
8559,5,0,0.1326557844877243
8560,2,0,0.2998060882091522
8561,1,1,0.15897850692272186
8562,4,0,0.23022912442684174
8563,4,0,0.7967044711112976
8564,2,0,0.749455988407135
8565,2,0,0.2561379373073578
8566,3,0,0.21073484420776367
8567,5,1,0.18864043056964874
8568,4,1,0.21682623028755188
8569,2,0,0.05934004485607147
8570,3,0,0.029354115948081017
8571,2,0,0.08359452337026596
8572,2,0,0.1153874397277832
8573,1,0,0.1569429636001587
8574,4,0,0.3064999282360077
8575,5,0,0.06271638721227646
8576,2,0,0.04286588728427887
8577,1,0,0.1178162470459938
8578,3,1,0.6985624432563782
8579,4,0,0.06998176872730255
8580,2,0,0.05236760154366493
8581,4,0,0.579291820526123
8582,2,0,0.08900310844182968
8583,4,0,0.14257442951202393
8584,4,1,0.14865051209926605
8585,4,0,0.14332540333271027
8586,3,0,0.461130827665329
8587,1,0,0.058787424117326736
8588,2,0,0.6261122226715088
8589,1,1,0.6948007941246033
8590,4,1,0.6866635680198669
8591,1,0,0.15471898019313812
8592,5,0,0.3326498866081238
8593,3,0,0.06881426274776459
8594,2,0,0.0814942866563797
8595,1,0,0.1696096509695053
8596,3,0,0.0425843819975853
8597,5,0,0.17356671392917633
8598,2,0,0.0600130520761013
8599,3,0,0.09223926812410355
8600,2,0,0.07176046818494797
8601,4,0,0.21793627738952637
8602,1,1,0.16331633925437927
8603,2,0,0.05441666394472122
8604,4,1,0.5740052461624146
8605,1,0,0.33229613304138184
8606,5,1,0.8167727589607239
8607,2,0,0.20666837692260742
8608,3,0,0.12720263004302979
8609,1,0,0.17336349189281464
8610,3,0,0.7160148620605469
8611,2,0,0.08739934116601944
8612,5,0,0.16634783148765564
8613,4,0,0.08531352132558823
8614,4,0,0.08369841426610947
8615,5,0,0.07195866852998734
8616,3,0,0.19860908389091492
8617,4,0,0.1613319367170334
8618,5,0,0.23888471722602844
8619,5,0,0.18978288769721985
8620,1,0,0.137404665350914
8621,4,0,0.09844309836626053
8622,1,0,0.10500312596559525
8623,1,0,0.11467763036489487
8624,5,0,0.0876644104719162
8625,4,0,0.2906118631362915
8626,3,1,0.8747829794883728
8627,4,1,0.11829843372106552
8628,3,0,0.28761565685272217
8629,1,0,0.25094208121299744
8630,5,0,0.14328140020370483
8631,2,0,0.1010788306593895
8632,3,0,0.2886662185192108
8633,2,0,0.18099187314510345
8634,5,0,0.08676430583000183
8635,3,0,0.14172832667827606
8636,5,0,0.5560827255249023
8637,2,0,0.0971311405301094
8638,3,0,0.3483358323574066
8639,5,0,0.13740190863609314
8640,5,1,0.40605416893959045
8641,5,0,0.05597596988081932
8642,1,0,0.22876012325286865
8643,3,1,0.22401688992977142
8644,2,0,0.2259914129972458
8645,2,0,0.14962883293628693
8646,5,0,0.0733342096209526
8647,4,1,0.857744038105011
8648,3,0,0.10521424561738968
8649,3,1,0.8074981570243835
8650,3,1,0.13642440736293793
8651,5,1,0.1544213443994522
8652,3,0,0.11242135614156723
8653,3,0,0.13691581785678864
8654,1,0,0.1044125184416771
8655,5,0,0.1905500590801239
8656,5,1,0.39250826835632324
8657,2,0,0.0751478299498558
8658,3,1,0.14773009717464447
8659,1,0,0.03574733808636665
8660,5,0,0.05388709157705307
8661,1,0,0.10845112800598145
8662,5,0,0.2991395592689514
8663,1,1,0.1858968734741211
8664,1,0,0.07716464251279831
8665,2,0,0.4378085434436798
8666,5,0,0.03446746990084648
8667,5,0,0.13958752155303955
8668,5,0,0.2629098892211914
8669,1,0,0.1717401146888733
8670,3,0,0.06911062449216843
8671,1,0,0.048814695328474045
8672,3,0,0.34388265013694763
8673,1,0,0.168827086687088
8674,2,0,0.14324788749217987
8675,1,0,0.2566196322441101
8676,2,0,0.4306727647781372
8677,5,0,0.07855241000652313
8678,3,0,0.3361065983772278
8679,4,0,0.08640675991773605
8680,4,1,0.44582265615463257
8681,5,0,0.13030356168746948
8682,3,0,0.11319645494222641
8683,1,1,0.6274410486221313
8684,3,1,0.6730833053588867
8685,1,0,0.05269400775432587
8686,2,0,0.15969312191009521
8687,2,0,0.1215890571475029
8688,4,0,0.1763814389705658
8689,4,0,0.0949949324131012
8690,4,0,0.18114829063415527
8691,3,0,0.22113743424415588
8692,2,0,0.047687675803899765
8693,1,1,0.6397029161453247
8694,4,0,0.15329182147979736
8695,5,0,0.08493470400571823
8696,5,0,0.33103251457214355
8697,1,0,0.7376754283905029
8698,5,0,0.3376445770263672
8699,3,0,0.2658356726169586
8700,1,0,0.6337607502937317
8701,1,0,0.0967521220445633
8702,3,1,0.6947587728500366
8703,2,0,0.06742437928915024
8704,2,0,0.18357783555984497
8705,2,0,0.10696116089820862
8706,4,1,0.2893911898136139
8707,2,0,0.07663097977638245
8708,2,0,0.13296924531459808
8709,2,0,0.1971476525068283
8710,5,0,0.05378032475709915
8711,4,0,0.10788680613040924
8712,4,1,0.053848184645175934
8713,4,0,0.13025933504104614
8714,1,0,0.25291791558265686
8715,1,0,0.0439332015812397
8716,1,0,0.7340775728225708
8717,1,0,0.20553433895111084
8718,5,1,0.7131385803222656
8719,1,0,0.15256120264530182
8720,4,0,0.06118065491318703
8721,1,0,0.1288260817527771
8722,1,0,0.15597479045391083
8723,1,0,0.1517145037651062
8724,3,0,0.0655205026268959
8725,3,0,0.14885061979293823
8726,3,0,0.08721543848514557
8727,2,0,0.08539097011089325
8728,5,0,0.06457597762346268
8729,5,0,0.3581068813800812
8730,4,0,0.08122316002845764
8731,4,0,0.10322735458612442
8732,3,0,0.16430890560150146
8733,4,0,0.149855375289917
8734,3,0,0.06782972067594528
8735,3,0,0.14362002909183502
8736,3,1,0.7850329875946045
8737,5,0,0.0588097907602787
8738,4,0,0.14160342514514923
8739,3,1,0.5773809552192688
8740,2,0,0.3028351366519928
8741,3,0,0.07868770509958267
8742,4,0,0.09266360104084015
8743,4,0,0.16078126430511475
8744,4,1,0.6346047520637512
8745,1,0,0.05304824933409691
8746,3,0,0.36343228816986084
8747,3,0,0.5324735045433044
8748,2,0,0.05270883068442345
8749,3,0,0.0788121223449707
8750,5,0,0.14364255964756012
8751,2,0,0.12425895780324936
8752,2,0,0.1561862677335739
8753,2,0,0.09943468123674393
8754,1,1,0.197535902261734
8755,1,0,0.04482603073120117
8756,1,0,0.1223539188504219
8757,5,0,0.13065707683563232
8758,3,0,0.19591505825519562
8759,3,0,0.1390039324760437
8760,5,0,0.05747656524181366
8761,4,0,0.09937664866447449
8762,5,0,0.18814322352409363
8763,4,1,0.16221728920936584
8764,1,0,0.06513084471225739
8765,1,0,0.1447795033454895
8766,4,0,0.09309570491313934
8767,3,1,0.6271910667419434
8768,2,0,0.12131515145301819
8769,2,0,0.08083482831716537
8770,4,0,0.11081639677286148
8771,2,0,0.16670042276382446
8772,3,0,0.0854077860713005
8773,3,0,0.04784027114510536
8774,3,0,0.16801631450653076
8775,3,0,0.04683166369795799
8776,4,1,0.5107913613319397
8777,3,0,0.05956580862402916
8778,1,0,0.11992719769477844
8779,4,1,0.15274812281131744
8780,2,1,0.766268253326416
8781,4,0,0.14693276584148407
8782,1,0,0.15258999168872833
8783,1,0,0.18049675226211548
8784,5,0,0.19519886374473572
8785,5,0,0.7704810500144958
8786,1,0,0.1694430112838745
8787,4,0,0.2710704803466797
8788,2,0,0.24798662960529327
8789,5,0,0.18114760518074036
8790,4,0,0.08455143868923187
8791,4,0,0.8051382303237915
8792,1,0,0.09489237517118454
8793,3,0,0.1000739187002182
8794,1,1,0.8232285380363464
8795,4,0,0.15892645716667175
8796,1,1,0.6633338928222656
8797,5,0,0.3901766836643219
8798,4,0,0.0764155462384224
8799,4,0,0.631149411201477
8800,5,0,0.3232690393924713
8801,4,0,0.1663232445716858
8802,4,1,0.24123795330524445
8803,1,0,0.03128209337592125
8804,2,0,0.10387800633907318
8805,1,0,0.09197103977203369
8806,3,0,0.10906598716974258
8807,5,0,0.1097789779305458
8808,3,0,0.248766228556633
8809,2,0,0.47140559554100037
8810,3,1,0.16688629984855652
8811,3,0,0.12956804037094116
8812,2,0,0.4531500041484833
8813,1,0,0.06938289105892181
8814,2,0,0.07867085933685303
8815,3,0,0.04691445454955101
8816,5,0,0.17480960488319397
8817,5,1,0.2255270630121231
8818,5,0,0.24914567172527313
8819,1,0,0.1503433734178543
8820,4,1,0.6774228811264038
8821,4,0,0.1768302172422409
8822,1,0,0.1031237468123436
8823,3,0,0.05741729587316513
8824,3,1,0.09262637794017792
8825,5,0,0.32356128096580505
8826,5,0,0.12412826716899872
8827,2,0,0.18704968690872192
8828,2,1,0.11939053237438202
8829,2,1,0.06013990193605423
8830,3,0,0.1357364058494568
8831,3,0,0.03368886560201645
8832,2,0,0.09640700370073318
8833,4,0,0.21854408085346222
8834,2,0,0.06078838184475899
8835,5,0,0.03622967004776001
8836,2,0,0.1570989340543747
8837,5,0,0.1653730422258377
8838,1,0,0.10217071324586868
8839,2,0,0.04217533394694328
8840,5,1,0.734847903251648
8841,1,1,0.7653583288192749
8842,2,1,0.2981746196746826
8843,5,0,0.7305383086204529
8844,5,1,0.27216097712516785
8845,5,1,0.2847755253314972
8846,2,0,0.20882609486579895
8847,1,0,0.21549148857593536
8848,4,0,0.5545941591262817
8849,2,0,0.09867586940526962
8850,4,1,0.38602107763290405
8851,2,0,0.1400064080953598
8852,5,0,0.06125987693667412
8853,2,1,0.17088879644870758
8854,3,0,0.11914485692977905
8855,4,0,0.10277809947729111
8856,3,0,0.1528785079717636
8857,1,0,0.2988011837005615
8858,5,0,0.35652056336402893
8859,4,0,0.09627752751111984
8860,5,0,0.7214671969413757
8861,1,0,0.12702234089374542
8862,5,0,0.09384391456842422
8863,2,1,0.5148293375968933
8864,1,0,0.22641509771347046
8865,1,0,0.5434736609458923
8866,5,0,0.293674498796463
8867,1,1,0.8977879881858826
8868,2,0,0.10578759759664536
8869,5,1,0.5569990873336792
8870,3,0,0.19616860151290894
8871,5,0,0.07855574041604996
8872,3,1,0.27776625752449036
8873,5,0,0.0787009671330452
8874,3,0,0.23897789418697357
8875,4,1,0.18393424153327942
8876,2,0,0.1824110746383667
8877,2,0,0.10640221834182739
8878,2,0,0.27587729692459106
8879,5,1,0.2511902451515198
8880,5,0,0.35397177934646606
8881,1,0,0.16370134055614471
8882,3,0,0.10109000653028488
8883,5,0,0.17305827140808105
8884,1,1,0.3645566999912262
8885,4,0,0.10156427323818207
8886,5,0,0.07407603412866592
8887,1,1,0.8145642280578613
8888,4,0,0.07014478743076324
8889,1,1,0.7602201104164124
8890,4,1,0.6146736145019531
8891,1,1,0.7231792211532593
8892,3,0,0.16673801839351654
8893,3,1,0.3108867108821869
8894,1,0,0.08386508375406265
8895,2,1,0.7289360761642456
8896,3,0,0.09406767785549164
8897,2,0,0.0844578891992569
8898,2,0,0.2618176341056824
8899,4,0,0.20254138112068176
8900,5,0,0.14971689879894257
8901,4,0,0.1015169620513916
8902,4,0,0.0682108923792839
8903,4,0,0.041340626776218414
8904,4,0,0.17823511362075806
8905,1,1,0.30535760521888733
8906,4,1,0.08529884368181229
8907,5,0,0.10473949462175369
8908,2,0,0.28304523229599
8909,1,0,0.04921591281890869
8910,5,0,0.12243735045194626
8911,4,0,0.08218713104724884
8912,4,1,0.6410309672355652
8913,2,1,0.38484999537467957
8914,2,0,0.06422776728868484
8915,5,0,0.2121790200471878
8916,5,1,0.6559017300605774
8917,4,1,0.6259183883666992
8918,3,0,0.07650721073150635
8919,3,1,0.22867733240127563
8920,5,0,0.11039536446332932
8921,2,1,0.15625439584255219
8922,3,1,0.34143224358558655
8923,2,0,0.23312479257583618
8924,5,0,0.07003337144851685
8925,5,0,0.13559964299201965
8926,1,1,0.23818175494670868
8927,5,1,0.6008694171905518
8928,1,0,0.09636477380990982
8929,4,0,0.06836656481027603
8930,4,0,0.0989208072423935
8931,4,0,0.1424267292022705
8932,1,1,0.25814470648765564
8933,3,0,0.14595259726047516
8934,2,0,0.078057661652565
8935,5,1,0.7989166975021362
8936,4,0,0.08336278051137924
8937,2,1,0.30540287494659424
8938,3,0,0.4038426876068115
8939,3,0,0.12302378565073013
8940,3,0,0.2132723033428192
8941,3,0,0.10960061103105545
8942,4,0,0.0786210298538208
8943,3,1,0.5417491793632507
8944,4,1,0.6277779936790466
8945,3,0,0.10633203387260437
8946,1,0,0.10133367776870728
8947,5,0,0.1446610689163208
8948,4,0,0.22389018535614014
8949,4,0,0.15038418769836426
8950,3,0,0.14166732132434845
8951,3,1,0.20198838412761688
8952,3,0,0.15922129154205322
8953,5,0,0.04959976673126221
8954,3,0,0.20990802347660065
8955,5,1,0.648810863494873
8956,4,0,0.12326893955469131
8957,2,0,0.10813608020544052
8958,1,0,0.18903188407421112
8959,5,0,0.06153205409646034
8960,4,0,0.20770202577114105
8961,3,0,0.19648237526416779
8962,2,1,0.900655210018158
8963,2,0,0.10310851037502289
8964,3,0,0.20037609338760376
8965,4,0,0.22865262627601624
8966,4,1,0.5967339873313904
8967,4,0,0.586727499961853
8968,1,0,0.13688801229000092
8969,1,1,0.7436263561248779
8970,1,0,0.04052213951945305
8971,2,0,0.1784580796957016
8972,1,1,0.5328781008720398
8973,4,0,0.09546421468257904
8974,5,1,0.7497076392173767
8975,4,0,0.07821553200483322
8976,2,0,0.15914583206176758
8977,5,0,0.6001428365707397
8978,2,0,0.2692577838897705
8979,4,0,0.2674453556537628
8980,3,0,0.055865053087472916
8981,2,0,0.06935792416334152
8982,1,0,0.09891212731599808
8983,2,0,0.4167848527431488
8984,3,0,0.11894944310188293
8985,5,0,0.08860669285058975
8986,1,0,0.2350517064332962
8987,1,0,0.14006482064723969
8988,2,0,0.06030299514532089
8989,3,0,0.2983163297176361
8990,2,0,0.14924998581409454
8991,5,1,0.05084151774644852
8992,1,0,0.7501174211502075
8993,2,0,0.19761881232261658
8994,4,0,0.14595845341682434
8995,4,0,0.09429997205734253
8996,1,0,0.3956368863582611
8997,2,0,0.1642606258392334
8998,1,1,0.15271614491939545
8999,3,0,0.16307874023914337
9000,2,1,0.36514610052108765
9001,3,1,0.31056225299835205
9002,2,0,0.129043310880661
9003,3,0,0.1728963851928711
9004,5,0,0.11659936606884003
9005,1,0,0.12459984421730042
9006,4,0,0.13453154265880585
9007,5,0,0.11576611548662186
9008,1,0,0.7040033340454102
9009,5,1,0.20288652181625366
9010,1,1,0.6911770701408386
9011,1,0,0.2573070824146271
9012,3,0,0.20105311274528503
9013,2,0,0.7112986445426941
9014,3,0,0.6231771111488342
9015,1,1,0.14855724573135376
9016,1,0,0.3953187167644501
9017,3,0,0.10792311280965805
9018,5,0,0.11357167363166809
9019,5,1,0.7120357155799866
9020,3,1,0.3165830373764038
9021,5,0,0.3255460858345032
9022,3,1,0.4173385202884674
9023,3,0,0.21165284514427185
9024,4,0,0.22651620209217072
9025,2,0,0.07709287852048874
9026,3,0,0.07822411507368088
9027,3,0,0.3863540291786194
9028,1,0,0.04454878717660904
9029,3,0,0.10255193710327148
9030,2,0,0.03213992342352867
9031,1,1,0.06424423307180405
9032,4,0,0.14261427521705627
9033,4,0,0.8352450132369995
9034,4,0,0.12617699801921844
9035,3,0,0.16244801878929138
9036,2,0,0.08749062567949295
9037,5,1,0.6163744330406189
9038,3,0,0.1206902265548706
9039,2,0,0.3780525028705597
9040,3,0,0.12126516550779343
9041,2,0,0.16220369935035706
9042,5,0,0.12569206953048706
9043,3,1,0.22189109027385712
9044,4,0,0.17540845274925232
9045,1,0,0.09651149064302444
9046,4,0,0.8100211024284363
9047,4,0,0.10334139317274094
9048,5,0,0.23381119966506958
9049,2,0,0.06628293544054031
9050,2,0,0.06611306220293045
9051,4,0,0.23688939213752747
9052,2,0,0.1339983344078064
9053,5,0,0.10403942316770554
9054,4,0,0.23280255496501923
9055,3,0,0.05353657901287079
9056,3,0,0.03837110102176666
9057,2,0,0.20304937660694122
9058,5,0,0.13869144022464752
9059,4,0,0.09498318284749985
9060,5,0,0.09231191873550415
9061,5,1,0.06074270233511925
9062,3,1,0.7301914095878601
9063,5,0,0.139953151345253
9064,1,0,0.20333223044872284
9065,1,0,0.38389116525650024
9066,4,1,0.18464292585849762
9067,2,0,0.14279405772686005
9068,4,1,0.27331703901290894
9069,5,0,0.05100710317492485
9070,2,0,0.08752287179231644
9071,2,0,0.3459784984588623
9072,3,1,0.14161619544029236
9073,5,0,0.03584142401814461
9074,1,0,0.06738070398569107
9075,2,0,0.06503257155418396
9076,5,0,0.049201518297195435
9077,4,0,0.16377770900726318
9078,2,0,0.10545145720243454
9079,4,0,0.29995691776275635
9080,2,1,0.15744629502296448
9081,4,0,0.13874666392803192
9082,4,0,0.09037334471940994
9083,2,1,0.748794674873352
9084,5,0,0.16557447612285614
9085,4,0,0.31278300285339355
9086,3,0,0.49345746636390686
9087,5,1,0.1403106153011322
9088,1,1,0.6944248080253601
9089,4,0,0.4462890028953552
9090,5,0,0.021167011931538582
9091,4,0,0.05936378985643387
9092,4,1,0.7390301823616028
9093,3,0,0.6749358773231506
9094,3,0,0.1490548849105835
9095,4,1,0.2223113626241684
9096,5,0,0.1710311472415924
9097,4,0,0.16627223789691925
9098,1,0,0.09070423990488052
9099,2,1,0.11327671259641647
9100,1,0,0.13298237323760986
9101,1,0,0.15503853559494019
9102,5,1,0.7101709842681885
9103,1,0,0.05643855035305023
9104,1,0,0.40720126032829285
9105,4,0,0.2095506191253662
9106,1,0,0.2631908059120178
9107,2,0,0.20023028552532196
9108,2,0,0.048740703612565994
9109,3,0,0.12644648551940918
9110,2,0,0.1863301545381546
9111,5,0,0.390117347240448
9112,1,0,0.0959351509809494
9113,1,1,0.8223178386688232
9114,3,0,0.09327283501625061
9115,5,0,0.7533993721008301
9116,5,0,0.3948942720890045
9117,5,0,0.17157965898513794
9118,2,0,0.341307669878006
9119,4,0,0.21468093991279602
9120,4,0,0.23362264037132263
9121,5,0,0.06014531850814819
9122,4,0,0.06685614585876465
9123,1,1,0.052733439952135086
9124,1,0,0.11150788515806198
9125,1,0,0.16363197565078735
9126,1,0,0.09950923919677734
9127,2,0,0.09141203761100769
9128,2,0,0.040456727147102356
9129,1,0,0.05664108321070671
9130,2,1,0.679589569568634
9131,5,1,0.23746304214000702
9132,3,0,0.059000786393880844
9133,5,0,0.09554437547922134
9134,5,0,0.07277347892522812
9135,4,0,0.057092007249593735
9136,2,1,0.3385274112224579
9137,1,1,0.6511489748954773
9138,5,0,0.08097520470619202
9139,2,0,0.2829352021217346
9140,5,0,0.15666203200817108
9141,2,0,0.06851276755332947
9142,5,1,0.2076243758201599
9143,1,0,0.08141233772039413
9144,2,0,0.1401922106742859
9145,2,1,0.43409833312034607
9146,5,0,0.09185510873794556
9147,3,1,0.1648452877998352
9148,1,0,0.041730090975761414
9149,3,0,0.27109313011169434
9150,2,0,0.15250355005264282
9151,3,0,0.31515172123908997
9152,2,0,0.20354944467544556
9153,4,1,0.6305038332939148
9154,3,0,0.08891905844211578
9155,3,0,0.045303717255592346
9156,1,0,0.07367449253797531
9157,3,0,0.060952357947826385
9158,3,1,0.14755003154277802
9159,1,1,0.11154532432556152
9160,4,0,0.0916236862540245
9161,2,0,0.03607242554426193
9162,1,0,0.1324981451034546
9163,2,1,0.711887776851654
9164,4,1,0.0984964370727539
9165,1,0,0.21452870965003967
9166,4,1,0.1489112377166748
9167,4,1,0.10450936108827591
9168,5,0,0.05556832626461983
9169,2,0,0.07565373927354813
9170,3,0,0.10595544427633286
9171,2,0,0.27007856965065
9172,2,0,0.43124887347221375
9173,4,0,0.10251560807228088
9174,2,0,0.16611400246620178
9175,5,0,0.1013965979218483
9176,5,0,0.1462663859128952
9177,5,0,0.07848549634218216
9178,5,1,0.3241737186908722
9179,2,1,0.6138786673545837
9180,1,0,0.13472943007946014
9181,3,0,0.06740912050008774
9182,3,1,0.2043542116880417
9183,2,1,0.08153941482305527
9184,3,1,0.2398509830236435
9185,1,0,0.11069988459348679
9186,5,0,0.13949908316135406
9187,2,1,0.36721086502075195
9188,3,0,0.4056088328361511
9189,2,1,0.7510740756988525
9190,5,0,0.18463243544101715
9191,3,0,0.23700140416622162
9192,1,0,0.06610773503780365
9193,1,0,0.4200930595397949
9194,3,0,0.04180257022380829
9195,3,0,0.42476537823677063
9196,1,0,0.097532257437706
9197,1,0,0.14638914167881012
9198,5,0,0.12843811511993408
9199,2,0,0.04589676111936569
9200,2,0,0.04275713860988617
9201,2,0,0.22444148361682892
9202,3,1,0.13019683957099915
9203,3,0,0.10069361329078674
9204,1,0,0.19448967278003693
9205,4,1,0.6722580194473267
9206,3,1,0.33123499155044556
9207,2,0,0.09451700001955032
9208,3,0,0.08425723016262054
9209,1,0,0.1163807362318039
9210,2,1,0.757798433303833
9211,4,0,0.3608356714248657
9212,1,0,0.13055364787578583
9213,3,0,0.12613539397716522
9214,4,1,0.5572524666786194
9215,4,0,0.2517014145851135
9216,5,0,0.2194715440273285
9217,5,0,0.3230980932712555
9218,2,1,0.3191017508506775
9219,2,1,0.6676236987113953
9220,1,0,0.09660787135362625
9221,4,0,0.13789130747318268
9222,1,0,0.05524902045726776
9223,4,0,0.11102942377328873
9224,2,0,0.04713108390569687
9225,5,0,0.06187121197581291
9226,1,0,0.23154130578041077
9227,3,1,0.48187968134880066
9228,2,0,0.11442507058382034
9229,1,0,0.21114179491996765
9230,1,0,0.11122385412454605
9231,4,1,0.21447719633579254
9232,2,1,0.12668897211551666
9233,3,1,0.8107767105102539
9234,3,1,0.12769858539104462
9235,4,0,0.24455636739730835
9236,3,1,0.8252995014190674
9237,2,0,0.10369157791137695
9238,4,1,0.23333723843097687
9239,3,0,0.0594971589744091
9240,2,0,0.1907673180103302
9241,5,0,0.47823628783226013
9242,4,0,0.21056698262691498
9243,4,1,0.45271530747413635
9244,2,0,0.15532338619232178
9245,5,0,0.11585482954978943
9246,2,0,0.07729990035295486
9247,4,1,0.5284134149551392
9248,2,0,0.09313920885324478
9249,4,0,0.41802725195884705
9250,1,0,0.07135525345802307
9251,3,1,0.6883611679077148
9252,2,0,0.16009867191314697
9253,1,0,0.10552655160427094
9254,3,0,0.7423849105834961
9255,4,1,0.08039402216672897
9256,5,0,0.08454608917236328
9257,2,1,0.12567003071308136
9258,4,0,0.041017815470695496
9259,3,0,0.4515153467655182
9260,4,0,0.1456460952758789
9261,1,0,0.048588965088129044
9262,4,1,0.2511131465435028
9263,2,0,0.05385672673583031
9264,5,0,0.7462651133537292
9265,4,0,0.08135141432285309
9266,4,0,0.1452096402645111
9267,3,0,0.1646927148103714
9268,2,0,0.1604432761669159
9269,4,0,0.14274835586547852
9270,1,0,0.10509493947029114
9271,1,0,0.09556053578853607
9272,4,1,0.3017897307872772
9273,1,0,0.1280028074979782
9274,2,0,0.5452021360397339
9275,2,0,0.22885730862617493
9276,3,0,0.15758775174617767
9277,1,0,0.20222865045070648
9278,1,1,0.5530133843421936
9279,3,1,0.27514997124671936
9280,5,0,0.22667688131332397
9281,4,0,0.258823424577713
9282,1,1,0.7062661051750183
9283,4,0,0.180221825838089
9284,3,0,0.07413739711046219
9285,2,0,0.16334497928619385
9286,3,0,0.10388706624507904
9287,3,0,0.17239132523536682
9288,1,0,0.07080332189798355
9289,3,0,0.08915573358535767
9290,2,0,0.19313381612300873
9291,5,1,0.29188185930252075
9292,4,0,0.15470704436302185
9293,2,0,0.11246630549430847
9294,5,0,0.11638056486845016
9295,2,0,0.1399063616991043
9296,2,1,0.11077069491147995
9297,5,0,0.7212954759597778
9298,5,0,0.2228785902261734
9299,2,0,0.10758767277002335
9300,1,1,0.05409223213791847
9301,4,0,0.10476690530776978
9302,4,0,0.09642123430967331
9303,4,1,0.13507968187332153
9304,5,0,0.3290889859199524
9305,2,0,0.36809301376342773
9306,4,1,0.7308703660964966
9307,3,0,0.10800549387931824
9308,4,1,0.10179347544908524
9309,5,0,0.14806145429611206
9310,3,1,0.3118605613708496
9311,1,0,0.1312892735004425
9312,1,1,0.780680775642395
9313,1,0,0.16105134785175323
9314,5,0,0.032989270985126495
9315,1,0,0.11247102171182632
9316,5,1,0.07798601686954498
9317,3,1,0.41147974133491516
9318,2,0,0.18685369193553925
9319,4,0,0.07065068185329437
9320,3,0,0.191824272274971
9321,3,0,0.0541667565703392
9322,1,1,0.21358875930309296
9323,1,0,0.12134739756584167
9324,1,0,0.29418668150901794
9325,3,0,0.10431138426065445
9326,2,1,0.7452930808067322
9327,5,0,0.22320081293582916
9328,1,0,0.08565578609704971
9329,3,1,0.8539160490036011
9330,3,1,0.17850041389465332
9331,1,0,0.16692370176315308
9332,3,0,0.1575014591217041
9333,2,1,0.6500982642173767
9334,3,0,0.04341099038720131
9335,2,0,0.3455135226249695
9336,1,1,0.4345898926258087
9337,2,1,0.15016575157642365
9338,3,0,0.09354657679796219
9339,1,0,0.42225953936576843
9340,3,0,0.22979439795017242
9341,5,1,0.14882807433605194
9342,1,0,0.20556287467479706
9343,5,1,0.6836224794387817
9344,2,0,0.05808468535542488
9345,3,0,0.15356925129890442
9346,3,1,0.12240657955408096
9347,4,0,0.07354720681905746
9348,4,0,0.10397013276815414
9349,2,1,0.691643238067627
9350,5,0,0.13776178658008575
9351,2,0,0.18641412258148193
9352,2,0,0.36821508407592773
9353,3,0,0.15802665054798126
9354,1,0,0.17000599205493927
9355,2,0,0.09315522015094757
9356,5,0,0.12473811209201813
9357,4,0,0.09001277387142181
9358,3,0,0.13541819155216217
9359,5,1,0.2376812994480133
9360,2,0,0.14823077619075775
9361,5,0,0.10314279794692993
9362,3,0,0.05675896257162094
9363,1,0,0.18763351440429688
9364,5,0,0.28542426228523254
9365,5,1,0.30517181754112244
9366,1,0,0.0800243392586708
9367,2,1,0.26517531275749207
9368,1,1,0.6936339139938354
9369,1,1,0.5184829235076904
9370,5,0,0.11205565184354782
9371,2,0,0.16161058843135834
9372,2,1,0.21660013496875763
9373,1,0,0.30625203251838684
9374,5,0,0.04191761463880539
9375,2,0,0.1132366806268692
9376,5,0,0.07580915093421936
9377,4,1,0.20036068558692932
9378,3,1,0.9015097618103027
9379,3,0,0.06613046675920486
9380,5,0,0.16613537073135376
9381,4,1,0.8034636974334717
9382,5,1,0.2353886067867279
9383,1,0,0.040350884199142456
9384,2,0,0.659226655960083
9385,2,0,0.36696362495422363
9386,5,0,0.06163733825087547
9387,2,0,0.24647612869739532
9388,5,1,0.02833530306816101
9389,2,1,0.10486307740211487
9390,4,0,0.04674488306045532
9391,3,0,0.36027616262435913
9392,2,0,0.10047683119773865
9393,3,0,0.21377652883529663
9394,2,0,0.09998518973588943
9395,4,1,0.6929555535316467
9396,1,0,0.06747066974639893
9397,5,0,0.16425728797912598
9398,5,0,0.1441659778356552
9399,1,0,0.09702476114034653
9400,2,0,0.206818088889122
9401,1,0,0.7511735558509827
9402,4,0,0.1337851732969284
9403,3,1,0.1428316831588745
9404,2,0,0.043041475117206573
9405,1,0,0.07694816589355469
9406,3,1,0.8072856664657593
9407,1,0,0.08153568208217621
9408,1,0,0.07172220945358276
9409,1,0,0.06818196177482605
9410,2,1,0.1551404744386673
9411,2,0,0.11262964457273483
9412,2,0,0.11204171180725098
9413,2,0,0.08800972998142242
9414,4,0,0.07670178264379501
9415,3,0,0.1531425565481186
9416,4,0,0.2085234522819519
9417,1,0,0.3654148578643799
9418,3,0,0.10062509775161743
9419,3,0,0.15101438760757446
9420,4,0,0.09050529450178146
9421,5,0,0.15027257800102234
9422,4,1,0.3895704448223114
9423,2,0,0.12865883111953735
9424,3,0,0.07524070888757706
9425,2,0,0.22002793848514557
9426,4,0,0.1952451914548874
9427,5,0,0.1017824038863182
9428,2,0,0.39167022705078125
9429,3,0,0.08617355674505234
9430,2,0,0.10888299345970154
9431,4,0,0.07549796253442764
9432,5,0,0.1601426750421524
9433,4,0,0.05161872133612633
9434,5,0,0.06828782707452774
9435,3,1,0.4059067964553833
9436,3,1,0.16579927504062653
9437,1,0,0.07443851977586746
9438,3,0,0.09801362454891205
9439,3,0,0.07395169883966446
9440,4,1,0.4091723561286926
9441,3,1,0.6383832693099976
9442,4,1,0.31554287672042847
9443,5,0,0.07381454855203629
9444,4,1,0.6846790313720703
9445,5,0,0.5158041715621948
9446,4,0,0.04346520081162453
9447,3,0,0.30702731013298035
9448,5,1,0.23528215289115906
9449,1,0,0.11507958173751831
9450,2,0,0.6973719000816345
9451,2,0,0.06795696914196014
9452,1,0,0.04126647859811783
9453,1,0,0.03557189553976059
9454,5,0,0.13751688599586487
9455,2,0,0.37757718563079834
9456,2,0,0.048659682273864746
9457,1,0,0.09397971630096436
9458,1,0,0.0542415976524353
9459,1,1,0.2404617965221405
9460,3,1,0.2156873196363449
9461,3,0,0.11743088066577911
9462,1,0,0.30211031436920166
9463,4,0,0.18005923926830292
9464,2,0,0.4913278818130493
9465,5,0,0.18718305230140686
9466,4,1,0.1265096366405487
9467,1,1,0.14431335031986237
9468,1,0,0.13371658325195312
9469,5,0,0.0797407329082489
9470,5,0,0.7061977386474609
9471,5,0,0.10151048749685287
9472,2,0,0.08673208951950073
9473,3,0,0.28486546874046326
9474,4,0,0.05380244553089142
9475,5,0,0.06900986284017563
9476,1,1,0.785942792892456
9477,3,0,0.1607593297958374
9478,5,0,0.18019987642765045
9479,4,0,0.14255210757255554
9480,3,0,0.07071669399738312
9481,1,0,0.11195878684520721
9482,1,0,0.03587585315108299
9483,1,0,0.2356259971857071
9484,1,1,0.18560248613357544
9485,5,1,0.31677481532096863
9486,2,0,0.16550050675868988
9487,1,1,0.1104988306760788
9488,4,0,0.16600586473941803
9489,3,0,0.1749807745218277
9490,5,0,0.13196486234664917
9491,4,0,0.14359328150749207
9492,2,0,0.27134907245635986
9493,2,0,0.09776204824447632
9494,2,1,0.20275138318538666
9495,5,0,0.09459736198186874
9496,5,0,0.2518635094165802
9497,5,0,0.10246475040912628
9498,1,1,0.5890132784843445
9499,3,0,0.13665060698986053
9500,1,0,0.16708853840827942
9501,2,1,0.2982129156589508
9502,4,0,0.30353406071662903
9503,1,0,0.3195861876010895
9504,2,0,0.17084434628486633
9505,5,0,0.13581345975399017
9506,2,1,0.2810985743999481
9507,4,0,0.1014939397573471
9508,2,0,0.13267982006072998
9509,4,0,0.1289350688457489
9510,4,0,0.20467667281627655
9511,2,0,0.16817869246006012
9512,3,0,0.0458182618021965
9513,1,0,0.0688154399394989
9514,4,0,0.052024759352207184
9515,2,0,0.12217998504638672
9516,3,0,0.028973974287509918
9517,1,0,0.13067089021205902
9518,1,0,0.21290920674800873
9519,2,0,0.07081948220729828
9520,3,0,0.14067402482032776
9521,5,1,0.16806820034980774
9522,4,0,0.20137403905391693
9523,5,0,0.07703021913766861
9524,5,0,0.10425179451704025
9525,5,1,0.11615996807813644
9526,2,0,0.07338681817054749
9527,5,0,0.671302318572998
9528,4,0,0.09012186527252197
9529,3,0,0.2903554141521454
9530,2,1,0.5989312529563904
9531,4,0,0.054922956973314285
9532,2,0,0.11042437702417374
9533,1,0,0.29562005400657654
9534,5,1,0.880511999130249
9535,1,0,0.0902031883597374
9536,4,1,0.0944761261343956
9537,2,0,0.5603285431861877
9538,4,0,0.05342407524585724
9539,4,0,0.08677230030298233
9540,2,0,0.3167797923088074
9541,3,0,0.04254797473549843
9542,1,0,0.18743732571601868
9543,3,0,0.08277498185634613
9544,4,0,0.20988625288009644
9545,5,0,0.04326927661895752
9546,5,0,0.2751508057117462
9547,4,0,0.11177653074264526
9548,5,0,0.3239936828613281
9549,4,1,0.5100662708282471
9550,1,1,0.15955305099487305
9551,4,1,0.14328604936599731
9552,5,0,0.09916917979717255
9553,5,0,0.27355435490608215
9554,2,1,0.10412399470806122
9555,4,1,0.30607959628105164
9556,5,0,0.554752767086029
9557,3,1,0.1972244828939438
9558,1,0,0.32539501786231995
9559,4,0,0.09700872004032135
9560,5,0,0.12570032477378845
9561,3,1,0.5229601860046387
9562,4,0,0.19313852488994598
9563,2,0,0.3060247600078583
9564,4,0,0.06593706458806992
9565,1,0,0.12286639958620071
9566,4,1,0.7526434063911438
9567,1,0,0.051783353090286255
9568,5,0,0.0861152932047844
9569,4,1,0.7246379852294922
9570,2,0,0.0753735676407814
9571,4,0,0.07961272448301315
9572,1,0,0.1202269047498703
9573,3,0,0.11087068170309067
9574,1,0,0.10915806889533997
9575,5,0,0.3869898319244385
9576,1,0,0.09871506690979004
9577,4,0,0.1341271847486496
9578,5,1,0.6593579649925232
9579,4,0,0.09875259548425674
9580,3,0,0.3179045617580414
9581,3,0,0.07769836485385895
9582,1,0,0.1502922624349594
9583,3,0,0.5386329293251038
9584,1,1,0.5894179940223694
9585,4,0,0.19162431359291077
9586,2,0,0.11053922772407532
9587,1,0,0.05980328842997551
9588,3,1,0.3727978467941284
9589,2,1,0.061903517693281174
9590,2,0,0.05179024860262871
9591,5,1,0.1902208924293518
9592,2,1,0.13266818225383759
9593,1,0,0.1367984414100647
9594,3,1,0.15295656025409698
9595,1,1,0.8030508160591125
9596,4,1,0.12174742668867111
9597,3,0,0.4132063686847687
9598,4,0,0.10272691398859024
9599,3,0,0.3281659483909607
9600,3,1,0.7645159363746643
9601,1,0,0.1227443590760231
9602,1,0,0.26744771003723145
9603,1,0,0.10919778794050217
9604,1,0,0.07114254683256149
9605,4,0,0.340211421251297
9606,3,0,0.7406293749809265
9607,1,0,0.03699316084384918
9608,1,0,0.21192249655723572
9609,3,0,0.1810862123966217
9610,3,0,0.0593414306640625
9611,1,0,0.5604557991027832
9612,1,0,0.07749029994010925
9613,3,0,0.1452721804380417
9614,3,0,0.056677646934986115
9615,5,0,0.7257236242294312
9616,5,0,0.07985971122980118
9617,4,1,0.14842002093791962
9618,1,0,0.2132461667060852
9619,1,1,0.17528283596038818
9620,1,1,0.1625029742717743
9621,5,0,0.16626955568790436
9622,2,0,0.10012304037809372
9623,2,0,0.17007629573345184
9624,1,0,0.211788609623909
9625,2,0,0.6767821907997131
9626,5,0,0.07731496542692184
9627,3,0,0.06371018290519714
9628,3,1,0.08972887694835663
9629,5,0,0.13378465175628662
9630,3,1,0.8732737898826599
9631,2,0,0.17523033916950226
9632,2,1,0.12741683423519135
9633,3,0,0.12595532834529877
9634,5,0,0.16971051692962646
9635,5,0,0.04096166789531708
9636,2,0,0.14798609912395477
9637,3,1,0.7958658337593079
9638,1,0,0.25770410895347595
9639,3,1,0.7892009019851685
9640,5,0,0.4358968436717987
9641,3,0,0.10978732258081436
9642,1,1,0.08980093896389008
9643,5,0,0.0661127120256424
9644,3,0,0.046271707862615585
9645,1,1,0.6349955797195435
9646,2,0,0.09639226645231247
9647,5,0,0.18780642747879028
9648,4,0,0.16023972630500793
9649,5,0,0.10133685171604156
9650,3,0,0.23457753658294678
9651,1,1,0.2937493920326233
9652,1,0,0.04457273334264755
9653,5,0,0.05779924616217613
9654,3,0,0.1390795111656189
9655,1,0,0.069774329662323
9656,1,0,0.20538493990898132
9657,2,0,0.18072272837162018
9658,3,0,0.37782153487205505
9659,5,0,0.10711197555065155
9660,3,0,0.11749433726072311
9661,4,1,0.057125024497509
9662,3,1,0.12437774240970612
9663,4,0,0.22947949171066284
9664,3,0,0.13917970657348633
9665,5,0,0.12948261201381683
9666,3,0,0.11513008177280426
9667,5,0,0.24299319088459015
9668,4,0,0.07497399300336838
9669,4,0,0.07959087193012238
9670,4,0,0.2638700604438782
9671,1,1,0.28889140486717224
9672,1,0,0.05055391043424606
9673,5,1,0.14426887035369873
9674,5,0,0.14850327372550964
9675,1,1,0.2407912313938141
9676,4,1,0.07107045501470566
9677,1,0,0.6198581457138062
9678,2,1,0.7320252060890198
9679,3,0,0.05582910031080246
9680,2,1,0.6088246703147888
9681,5,1,0.06566816568374634
9682,2,1,0.7724663615226746
9683,2,0,0.12309141457080841
9684,5,0,0.10515755414962769
9685,5,1,0.11048455536365509
9686,4,0,0.12586914002895355
9687,1,0,0.2800237536430359
9688,5,1,0.7698825001716614
9689,5,0,0.053954966366291046
9690,2,1,0.7263898253440857
9691,2,0,0.17595244944095612
9692,1,0,0.06881210952997208
9693,2,0,0.15893132984638214
9694,5,1,0.06375695019960403
9695,1,0,0.04219071567058563
9696,4,0,0.12541328370571136
9697,5,0,0.10955383628606796
9698,5,1,0.5782532095909119
9699,3,1,0.14231844246387482
9700,4,1,0.17126934230327606
9701,5,0,0.06869006901979446
9702,5,1,0.6647940278053284
9703,3,1,0.37846219539642334
9704,3,0,0.08599599450826645
9705,5,0,0.31748658418655396
9706,2,1,0.5130728483200073
9707,3,0,0.09073787182569504
9708,1,0,0.36897680163383484
9709,5,0,0.7225778102874756
9710,4,0,0.08119036257266998
9711,2,0,0.12794984877109528
9712,3,0,0.10239118337631226
9713,4,0,0.039795298129320145
9714,5,1,0.2454882711172104
9715,2,0,0.08273031562566757
9716,3,0,0.11171785742044449
9717,3,0,0.09013611823320389
9718,4,1,0.157011479139328
9719,1,0,0.1467277556657791
9720,2,1,0.3447917699813843
9721,1,1,0.10898742824792862
9722,1,0,0.21947170794010162
9723,3,0,0.40280449390411377
9724,5,0,0.10836342722177505
9725,5,0,0.1106380745768547
9726,3,0,0.0711636021733284
9727,5,0,0.12712299823760986
9728,1,0,0.2112526148557663
9729,5,1,0.5625572204589844
9730,3,0,0.06206071004271507
9731,1,0,0.1814292073249817
9732,4,1,0.1693178415298462
9733,2,1,0.16493967175483704
9734,3,1,0.6086759567260742
9735,3,0,0.13174860179424286
9736,1,0,0.2906937897205353
9737,3,0,0.34201085567474365
9738,4,0,0.06617644429206848
9739,2,0,0.11740602552890778
9740,1,0,0.06983299553394318
9741,3,0,0.07944845408201218
9742,5,0,0.08449623733758926
9743,5,0,0.15619024634361267
9744,5,0,0.2292211353778839
9745,3,1,0.5948294401168823
9746,2,1,0.7406859397888184
9747,1,0,0.09904308617115021
9748,3,0,0.12177522480487823
9749,4,0,0.2717367708683014
9750,4,1,0.3162832260131836
9751,1,0,0.4663238227367401
9752,1,0,0.1209823414683342
9753,5,1,0.06283774226903915
9754,4,0,0.06982821226119995
9755,5,0,0.33496952056884766
9756,2,0,0.1310962736606598
9757,1,1,0.5936132669448853
9758,3,0,0.3329944610595703
9759,4,0,0.06213177740573883
9760,2,0,0.17537163197994232
9761,2,1,0.13309995830059052
9762,2,0,0.09502110630273819
9763,3,0,0.11100737750530243
9764,5,1,0.11860262602567673
9765,2,0,0.3431369364261627
9766,5,0,0.08525750041007996
9767,3,0,0.12968267500400543
9768,5,1,0.5925133228302002
9769,2,0,0.05467923730611801
9770,3,1,0.13675087690353394
9771,1,0,0.041713930666446686
9772,5,1,0.20792558789253235
9773,1,1,0.4043255150318146
9774,4,1,0.7894625663757324
9775,1,0,0.10370553284883499
9776,3,0,0.12585002183914185
9777,2,0,0.10174430906772614
9778,3,0,0.08943214267492294
9779,4,0,0.21754075586795807
9780,2,0,0.1871805340051651
9781,2,0,0.143503338098526
9782,1,0,0.3949924409389496
9783,5,0,0.07628871500492096
9784,4,0,0.14761705696582794
9785,5,0,0.04008614644408226
9786,4,0,0.09454311430454254
9787,3,0,0.1383907049894333
9788,1,1,0.6166152954101562
9789,2,0,0.08474449813365936
9790,3,0,0.031762316823005676
9791,2,1,0.6890650987625122
9792,1,0,0.22336770594120026
9793,4,0,0.09377998858690262
9794,5,0,0.3655812442302704
9795,5,1,0.22206269204616547
9796,5,0,0.11062299460172653
9797,4,0,0.27391892671585083
9798,3,1,0.35651540756225586
9799,3,1,0.24759185314178467
9800,5,0,0.345655232667923
9801,4,0,0.08291450887918472
9802,2,0,0.07189062982797623
9803,3,0,0.08704435080289841
9804,2,0,0.09645667672157288
9805,1,0,0.0678742453455925
9806,5,0,0.076609306037426
9807,2,0,0.08519914746284485
9808,5,1,0.5147408843040466
9809,5,0,0.21858374774456024
9810,1,0,0.11381912976503372
9811,4,1,0.47188302874565125
9812,4,0,0.12466627359390259
9813,5,1,0.20003379881381989
9814,1,0,0.0845755785703659
9815,5,1,0.8818838596343994
9816,1,0,0.2568185329437256
9817,4,1,0.6396944522857666
9818,4,0,0.0771639496088028
9819,4,0,0.2290029525756836
9820,4,0,0.0964990109205246
9821,2,1,0.4217345416545868
9822,2,0,0.18358679115772247
9823,5,0,0.12279672920703888
9824,5,0,0.16451048851013184
9825,5,1,0.8176873326301575
9826,3,1,0.7672872543334961
9827,2,0,0.16247084736824036
9828,5,0,0.08487722277641296
9829,2,1,0.5901150107383728
9830,1,0,0.10385850071907043
9831,4,1,0.138421431183815
9832,2,0,0.24280855059623718
9833,4,1,0.7330700159072876
9834,2,0,0.1637914627790451
9835,2,0,0.09036378562450409
9836,2,1,0.09237007051706314
9837,4,0,0.7433997988700867
9838,2,1,0.044379379600286484
9839,4,0,0.08061312139034271
9840,4,1,0.7823978662490845
9841,5,1,0.8917729258537292
9842,2,0,0.08887487649917603
9843,5,0,0.3164048492908478
9844,4,0,0.7692228555679321
9845,1,0,0.06406503170728683
9846,5,0,0.10807029157876968
9847,3,1,0.11933273077011108
9848,4,0,0.08822932094335556
9849,5,0,0.0600198470056057
9850,5,0,0.14903555810451508
9851,4,0,0.17003554105758667
9852,1,1,0.14224784076213837
9853,4,1,0.11037977039813995
9854,3,0,0.06442417204380035
9855,3,0,0.19199691712856293
9856,2,0,0.049811214208602905
9857,4,1,0.23671159148216248
9858,4,0,0.2659206986427307
9859,4,0,0.19340765476226807
9860,1,0,0.13727077841758728
9861,2,0,0.16307197511196136
9862,5,0,0.2483150213956833
9863,3,0,0.07786867022514343
9864,3,0,0.18969379365444183
9865,2,0,0.13993288576602936
9866,2,1,0.06176142022013664
9867,4,0,0.05341704562306404
9868,3,0,0.07530464977025986
9869,4,1,0.7477538585662842
9870,2,0,0.10244429111480713
9871,3,1,0.7164340615272522
9872,3,0,0.09838995337486267
9873,1,0,0.09021933376789093
9874,3,0,0.2894347310066223
9875,2,0,0.1326458901166916
9876,4,0,0.05128704383969307
9877,1,1,0.7980283498764038
9878,3,0,0.1464107185602188
9879,3,1,0.5591216087341309
9880,1,0,0.05313248559832573
9881,5,1,0.20460402965545654
9882,3,0,0.2131948322057724
9883,2,0,0.7452967762947083
9884,5,0,0.06574048101902008
9885,1,0,0.09966515749692917
9886,2,0,0.142802432179451
9887,2,1,0.41372016072273254
9888,2,0,0.0808861255645752
9889,1,0,0.05788758769631386
9890,5,0,0.03131483867764473
9891,1,0,0.22091734409332275
9892,5,0,0.7261788249015808
9893,3,0,0.15019387006759644
9894,4,0,0.15558616816997528
9895,5,0,0.5429085493087769
9896,2,0,0.24193955957889557
9897,1,0,0.1792825311422348
9898,5,0,0.2659185528755188
9899,2,0,0.21159107983112335
9900,3,0,0.10181128233671188
9901,1,0,0.17880165576934814
9902,5,0,0.22415657341480255
9903,5,1,0.13990190625190735
9904,1,0,0.049696702510118484
9905,5,0,0.1349744349718094
9906,1,0,0.2908881604671478
9907,1,0,0.09123188257217407
9908,4,0,0.18189232051372528
9909,4,1,0.13055796921253204
9910,3,1,0.18315745890140533
9911,5,0,0.10884202271699905
9912,2,0,0.1992412656545639
9913,3,0,0.1616716980934143
9914,5,0,0.09876228123903275
9915,3,0,0.1099870428442955
9916,4,0,0.03651338070631027
9917,4,1,0.8330731987953186
9918,2,0,0.10021142661571503
9919,2,0,0.07288014888763428
9920,5,0,0.06515854597091675
9921,1,0,0.2163204550743103
9922,4,0,0.1939247101545334
9923,3,0,0.05734701082110405
9924,4,0,0.20589756965637207
9925,5,1,0.35428720712661743
9926,5,0,0.23533271253108978
9927,5,0,0.1449919044971466
9928,2,0,0.09495795518159866
9929,1,0,0.17063522338867188
9930,2,0,0.16601692140102386
9931,5,0,0.09317784011363983
9932,2,0,0.2801937162876129
9933,2,0,0.1735144555568695
9934,3,1,0.24602407217025757
9935,3,1,0.2561798691749573
9936,5,0,0.0729353129863739
9937,3,0,0.09470143169164658
9938,1,1,0.37262675166130066
9939,3,0,0.10028643161058426
9940,1,0,0.6473325490951538
9941,2,0,0.21102622151374817
9942,5,0,0.12474110722541809
9943,3,1,0.06382280588150024
9944,4,0,0.1396569013595581
9945,5,0,0.10044177621603012
9946,4,0,0.0996108129620552
9947,1,0,0.05904379487037659
9948,1,0,0.23296649754047394
9949,1,0,0.15547391772270203
9950,4,1,0.6617998480796814
9951,2,0,0.20530319213867188
9952,3,1,0.8314553499221802
9953,5,0,0.1757713407278061
9954,3,0,0.043683797121047974
9955,1,0,0.26836633682250977
9956,2,1,0.34430748224258423
9957,5,0,0.19552111625671387
9958,2,0,0.12642338871955872
9959,3,1,0.7612811923027039
9960,4,1,0.19762252271175385
9961,4,0,0.19219084084033966
9962,1,0,0.43144750595092773
9963,4,0,0.152795672416687
9964,2,0,0.14971709251403809
9965,2,0,0.07512972503900528
9966,4,0,0.34977179765701294
9967,4,0,0.10158070176839828
9968,4,0,0.04268260672688484
9969,4,0,0.15566225349903107
9970,2,0,0.14139293134212494
9971,5,0,0.12699000537395477
9972,3,0,0.08727724105119705
9973,1,0,0.14831262826919556
9974,4,0,0.2659702003002167
9975,2,0,0.26533952355384827
9976,5,0,0.24425463378429413
9977,1,0,0.05964813381433487
9978,3,0,0.06925805658102036
9979,2,0,0.11214203387498856
9980,5,0,0.1299239993095398
9981,5,0,0.16274309158325195
9982,5,1,0.6969757676124573
9983,4,0,0.14845514297485352
9984,4,1,0.10938509553670883
9985,1,1,0.031756334006786346
9986,5,1,0.12626364827156067
9987,3,0,0.14697256684303284
9988,3,0,0.40607884526252747
9989,3,0,0.44216305017471313
9990,2,1,0.7163931131362915
9991,3,0,0.41192910075187683
9992,1,0,0.10096597671508789
9993,2,1,0.10787001252174377
9994,2,0,0.3917815089225769
9995,2,1,0.36568284034729004
9996,3,0,0.16774331033229828
9997,1,0,0.0671180933713913
9998,4,0,0.19384725391864777
9999,4,1,0.655491828918457
10000,1,0,0.15977489948272705
10001,3,0,0.1823037564754486
10002,3,0,0.13997353613376617
10003,5,1,0.7611222267150879
10004,5,0,0.295405775308609
10005,2,0,0.1565786600112915
10006,5,0,0.05406128987669945
10007,5,1,0.17992199957370758
10008,2,0,0.09044496715068817
10009,5,0,0.1399819254875183
10010,5,0,0.08155923336744308
10011,4,0,0.47526198625564575
10012,4,0,0.08797915279865265
10013,3,0,0.033870380371809006
10014,4,1,0.47027480602264404
10015,3,0,0.11664533615112305
10016,4,0,0.11286633461713791
10017,5,0,0.6689524054527283
10018,4,0,0.5046629905700684
10019,4,1,0.34751686453819275
10020,3,0,0.6974052786827087
10021,2,0,0.16843421757221222
10022,5,0,0.14113953709602356
10023,2,0,0.16386651992797852
10024,4,0,0.15370170772075653
10025,2,1,0.14314396679401398
10026,3,0,0.19488829374313354
10027,5,0,0.07735167443752289
10028,2,0,0.08161434531211853
10029,4,0,0.418831467628479
10030,5,1,0.5714781880378723
10031,1,0,0.07583608478307724
10032,2,0,0.0714118480682373
10033,4,0,0.08993849158287048
10034,1,0,0.1524636447429657
10035,1,0,0.0906028226017952
10036,1,0,0.17076876759529114
10037,5,0,0.08210655301809311
10038,3,0,0.031989339739084244
10039,1,0,0.07721647620201111
10040,2,0,0.062255892902612686
10041,5,0,0.16702158749103546
10042,5,0,0.09217502921819687
10043,4,0,0.1441798061132431
10044,2,0,0.0909600555896759
10045,5,1,0.608120322227478
10046,5,0,0.09530609846115112
10047,5,0,0.1123291477560997
10048,4,1,0.34224554896354675
10049,5,0,0.07753373682498932
10050,4,1,0.774949312210083
10051,1,0,0.1438991278409958
10052,4,1,0.14820559322834015
10053,3,0,0.10089447349309921
10054,4,0,0.34349411725997925
10055,2,0,0.11435329169034958
10056,2,0,0.0732831284403801
10057,4,0,0.386366069316864
10058,5,0,0.0899430438876152
10059,3,0,0.044570520520210266
10060,4,0,0.04643217474222183
10061,3,0,0.19574235379695892
10062,4,0,0.2786761522293091
10063,3,0,0.32185956835746765
10064,2,0,0.35320591926574707
10065,2,0,0.19220806658267975
10066,4,0,0.04004719480872154
10067,2,0,0.11879748851060867
10068,4,0,0.08140552043914795
10069,5,0,0.061186954379081726
10070,4,0,0.11649275571107864
10071,5,0,0.07422473281621933
10072,3,0,0.15384647250175476
10073,3,0,0.21188455820083618
10074,3,0,0.1377657800912857
10075,4,0,0.10610891878604889
10076,3,1,0.6633194088935852
10077,5,0,0.06615103781223297
10078,3,0,0.12758377194404602
10079,4,1,0.42028331756591797
10080,3,0,0.49928444623947144
10081,5,1,0.07946956902742386
10082,1,0,0.312175452709198
10083,1,0,0.047831252217292786
10084,2,0,0.10713939368724823
10085,2,0,0.30425554513931274
10086,2,0,0.11967616528272629
10087,5,0,0.09766275435686111
10088,4,0,0.05937011539936066
10089,2,0,0.09125091880559921
10090,4,0,0.05451369658112526
10091,2,0,0.08246456831693649
10092,2,0,0.16333533823490143
10093,4,0,0.10709191113710403
10094,3,0,0.48953917622566223
10095,5,1,0.03848165273666382
10096,5,0,0.10750594735145569
10097,2,0,0.13186553120613098
10098,1,0,0.0671781450510025
10099,2,0,0.058851584792137146
10100,3,0,0.07155882567167282
10101,4,0,0.11745245009660721
10102,5,0,0.03238849341869354
10103,2,0,0.1096489429473877
10104,1,1,0.6635239124298096
10105,4,1,0.17003518342971802
10106,1,0,0.2232951670885086
10107,1,0,0.22058936953544617
10108,5,1,0.7534070611000061
10109,2,0,0.14538967609405518
10110,4,0,0.29614150524139404
10111,2,0,0.3842485845088959
10112,2,1,0.6618365049362183
10113,5,1,0.3059547543525696
10114,2,0,0.1929764598608017
10115,3,1,0.314570814371109
10116,3,1,0.07564394921064377
10117,2,0,0.06765159964561462
10118,5,0,0.06226881593465805
10119,5,0,0.40328720211982727
10120,1,0,0.10328671336174011
10121,4,0,0.06902841478586197
10122,4,0,0.5352658629417419
10123,1,0,0.04892630875110626
10124,5,1,0.727217972278595
10125,4,0,0.07472243905067444
10126,2,0,0.1728600710630417
10127,1,0,0.08018846809864044
10128,2,0,0.22262398898601532
10129,1,0,0.8026193380355835
10130,5,0,0.09733858704566956
10131,3,0,0.1323733776807785
10132,4,1,0.5762942433357239
10133,2,1,0.1350536048412323
10134,3,1,0.10931296646595001
10135,3,0,0.16861802339553833
10136,5,1,0.7641229033470154
10137,1,1,0.41242706775665283
10138,1,1,0.5331917405128479
10139,5,0,0.05744247883558273
10140,1,0,0.14623594284057617
10141,1,1,0.7136794328689575
10142,5,0,0.2114069163799286
10143,4,1,0.18904748558998108
10144,2,1,0.786564826965332
10145,1,0,0.28952035307884216
10146,2,0,0.15739727020263672
10147,4,0,0.3439478278160095
10148,3,0,0.08651784807443619
10149,4,0,0.16467590630054474
10150,2,0,0.1854904741048813
10151,4,1,0.3045102655887604
10152,1,0,0.3904944956302643
10153,1,0,0.28979283571243286
10154,5,0,0.05356377735733986
10155,3,0,0.17847973108291626
10156,4,0,0.0537901408970356
10157,1,0,0.15150737762451172
10158,4,0,0.2007538229227066
10159,2,0,0.33347639441490173
10160,3,1,0.7596291303634644
10161,1,0,0.09218373149633408
10162,5,0,0.07905936241149902
10163,2,0,0.13245302438735962
10164,3,0,0.04311341419816017
10165,3,0,0.09595971554517746
10166,3,0,0.5591351389884949
10167,1,0,0.4617910385131836
10168,5,0,0.15040834248065948
10169,1,0,0.23430679738521576
10170,3,0,0.258687824010849
10171,1,0,0.2106202393770218
10172,3,1,0.18299119174480438
10173,4,0,0.06989414989948273
10174,5,0,0.15535502135753632
10175,3,0,0.1910991668701172
10176,3,0,0.1185433492064476
10177,1,0,0.1453399360179901
10178,3,0,0.10541574656963348
10179,5,0,0.18205219507217407
10180,5,0,0.6075138449668884
10181,5,0,0.05578316003084183
10182,4,1,0.6041537523269653
10183,3,1,0.7354723811149597
10184,2,0,0.07890515774488449
10185,4,0,0.21586793661117554
10186,3,0,0.4308800995349884
10187,5,0,0.06236004829406738
10188,3,0,0.1197376623749733
10189,3,0,0.042753685265779495
10190,4,0,0.0907817855477333
10191,4,0,0.08064643293619156
10192,2,0,0.16805092990398407
10193,1,1,0.20678876340389252
10194,3,0,0.2672191560268402
10195,5,0,0.15209800004959106
10196,5,0,0.09566695243120193
10197,1,0,0.09910018742084503
10198,4,0,0.05374492332339287
10199,5,0,0.31142300367355347
10200,5,0,0.15809480845928192
10201,3,0,0.184051513671875
10202,5,0,0.1809478998184204
10203,5,0,0.09944407641887665
10204,2,0,0.06651587784290314
10205,4,0,0.2828551232814789
10206,3,1,0.03895052149891853
10207,3,0,0.29051950573921204
10208,5,0,0.17641319334506989
10209,1,0,0.6525301337242126
10210,2,0,0.0879770815372467
10211,1,0,0.39660340547561646
10212,4,0,0.18555580079555511
10213,5,1,0.7892252206802368
10214,3,0,0.12008732557296753
10215,2,0,0.08677198737859726
10216,5,0,0.3830946683883667
10217,5,0,0.4134436249732971
10218,4,0,0.07410422712564468
10219,4,0,0.7047832608222961
10220,1,0,0.22037500143051147
10221,1,0,0.14976857602596283
10222,5,1,0.1547672152519226
10223,2,0,0.04668397456407547
10224,4,0,0.06420008838176727
10225,5,0,0.21128155291080475
10226,2,0,0.0748525857925415
10227,4,0,0.11046047508716583
10228,5,0,0.5344517827033997
10229,1,0,0.12003769725561142
10230,4,1,0.15857048332691193
10231,1,0,0.0959419533610344
10232,5,0,0.26398608088493347
10233,2,0,0.08684922754764557
10234,5,1,0.7981534600257874
10235,3,0,0.16437093913555145
10236,3,1,0.6677440404891968
10237,1,0,0.11082297563552856
10238,4,0,0.2281106561422348
10239,2,1,0.19893474876880646
10240,2,0,0.13639062643051147
10241,5,0,0.11144649237394333
10242,3,1,0.3442990183830261
10243,1,1,0.3879700005054474
10244,4,0,0.03451187536120415
10245,1,0,0.18738333880901337
10246,5,0,0.30019643902778625
10247,4,1,0.24022530019283295
10248,4,0,0.2517058551311493
10249,4,0,0.21444004774093628
10250,4,1,0.1677825152873993
10251,4,0,0.07608278840780258
10252,4,0,0.06594036519527435
10253,1,1,0.24303866922855377
10254,4,1,0.2666696310043335
10255,5,0,0.0814647525548935
10256,4,1,0.17583048343658447
10257,4,0,0.06606639921665192
10258,1,0,0.13873931765556335
10259,5,0,0.18203780055046082
10260,3,0,0.09851385653018951
10261,4,0,0.31733646988868713
10262,5,1,0.13980408012866974
10263,5,0,0.2230101227760315
10264,1,0,0.11252211034297943
10265,1,0,0.14905482530593872
10266,3,0,0.1597289741039276
10267,2,0,0.03745407983660698
10268,3,1,0.15334658324718475
10269,3,0,0.2885199785232544
10270,2,0,0.10556069761514664
10271,1,0,0.036469921469688416
10272,1,0,0.06567545235157013
10273,2,1,0.23281237483024597
10274,4,0,0.0559002086520195
10275,1,1,0.07501526176929474
10276,5,1,0.1673901230096817
10277,4,0,0.05322687700390816
10278,3,0,0.09804708510637283
10279,2,0,0.5275177359580994
10280,1,0,0.06719239801168442
10281,3,1,0.10191299766302109
10282,5,0,0.08864200860261917
10283,5,0,0.07937968522310257
10284,2,0,0.05855906754732132
10285,2,1,0.15127792954444885
10286,4,1,0.13997946679592133
10287,1,0,0.18497736752033234
10288,3,1,0.18155750632286072
10289,4,0,0.26716408133506775
10290,2,0,0.12618978321552277
10291,5,0,0.15992677211761475
10292,1,0,0.10707025229930878
10293,3,0,0.35146042704582214
10294,3,0,0.11061279475688934
10295,1,0,0.07083270698785782
10296,2,0,0.15418320894241333
10297,4,0,0.05138377845287323
10298,4,0,0.13784030079841614
10299,5,0,0.2482621669769287
10300,2,0,0.20282571017742157
10301,1,0,0.13579973578453064
10302,3,0,0.04607085511088371
10303,2,0,0.12601269781589508
10304,1,0,0.06433464586734772
10305,2,1,0.09656587988138199
10306,3,0,0.23815809190273285
10307,4,0,0.41491103172302246
10308,4,0,0.08855820447206497
10309,5,0,0.2730470895767212
10310,2,1,0.1484399437904358
10311,5,0,0.09312774986028671
10312,5,0,0.13932737708091736
10313,4,1,0.1667078584432602
10314,5,0,0.06227957084774971
10315,2,0,0.21049630641937256
10316,5,1,0.09426022320985794
10317,4,0,0.2941043972969055
10318,1,0,0.17950506508350372
10319,3,0,0.04362249746918678
10320,4,0,0.48702847957611084
10321,2,0,0.09796448796987534
10322,3,0,0.0949353352189064
10323,4,1,0.7445057034492493
10324,5,0,0.12985478341579437
10325,1,0,0.3236246705055237
10326,5,0,0.1254463791847229
10327,3,0,0.11266680806875229
10328,5,0,0.17125459015369415
10329,1,0,0.23363128304481506
10330,4,0,0.27095967531204224
10331,5,0,0.17598527669906616
10332,5,0,0.12542954087257385
10333,3,0,0.13980640470981598
10334,5,0,0.05856684595346451
10335,3,0,0.67353755235672
10336,3,0,0.15145064890384674
10337,4,0,0.10673045367002487
10338,1,0,0.4116517901420593
10339,3,0,0.12732629477977753
10340,1,1,0.49413204193115234
10341,3,0,0.13225410878658295
10342,5,0,0.08722623437643051
10343,4,0,0.2319016009569168
10344,1,0,0.06153497472405434
10345,2,0,0.1044362410902977
10346,1,0,0.03456456959247589
10347,1,0,0.07430411875247955
10348,4,1,0.3747175633907318
10349,1,1,0.5090422630310059
10350,1,0,0.2189927101135254
10351,1,0,0.11829079687595367
10352,1,0,0.2630443274974823
10353,3,0,0.14597968757152557
10354,1,1,0.24866324663162231
10355,2,0,0.09913541376590729
10356,2,0,0.06683000177145004
10357,2,0,0.05775285139679909
10358,2,0,0.725946307182312
10359,3,1,0.7011698484420776
10360,3,0,0.1306687295436859
10361,1,0,0.20036697387695312
10362,1,0,0.15863579511642456
10363,5,0,0.16656982898712158
10364,5,0,0.08675994724035263
10365,5,0,0.25870388746261597
10366,2,0,0.04090917855501175
10367,2,1,0.5670908689498901
10368,4,0,0.15038029849529266
10369,5,0,0.07671767473220825
10370,1,1,0.41558197140693665
10371,2,0,0.3658949136734009
10372,2,1,0.36474740505218506
10373,3,0,0.06591218709945679
10374,5,0,0.1745673567056656
10375,5,0,0.049211535602808
10376,4,0,0.06178794428706169
10377,2,0,0.17965444922447205
10378,3,0,0.20069535076618195
10379,2,0,0.08743219077587128
10380,3,0,0.22770771384239197
10381,2,0,0.0825471356511116
10382,1,1,0.20601782202720642
10383,5,0,0.18939746916294098
10384,3,0,0.11278804391622543
10385,1,1,0.7888301014900208
10386,3,0,0.1546299308538437
10387,4,0,0.7095416784286499
10388,1,0,0.1446610689163208
10389,1,0,0.104848213493824
10390,4,1,0.6789692640304565
10391,1,0,0.6245086193084717
10392,2,1,0.14691045880317688
10393,3,0,0.07051470130681992
10394,5,0,0.03413578122854233
10395,5,1,0.15238505601882935
10396,5,0,0.08673473447561264
10397,5,1,0.5094431638717651
10398,1,0,0.11959511786699295
10399,5,0,0.18865971267223358
10400,5,0,0.24528099596500397
10401,5,0,0.11740050464868546
10402,5,1,0.2517797648906708
10403,2,1,0.13578420877456665
10404,1,0,0.05169851705431938
10405,2,0,0.13423758745193481
10406,4,1,0.5201130509376526
10407,3,0,0.12535379827022552
10408,4,0,0.7770402431488037
10409,1,1,0.12475361675024033
10410,2,0,0.0853230282664299
10411,3,0,0.2439063936471939
10412,5,0,0.08435224741697311
10413,2,0,0.11320768296718597
10414,3,0,0.1365603357553482
10415,4,0,0.18428808450698853
10416,5,0,0.11617700755596161
10417,2,0,0.13387872278690338
10418,3,1,0.7115514874458313
10419,4,0,0.17583757638931274
10420,2,0,0.4124976396560669
10421,3,1,0.7778202891349792
10422,2,0,0.1748650223016739
10423,4,1,0.33474352955818176
10424,3,1,0.7970741391181946
10425,3,0,0.4204822778701782
10426,4,0,0.32114771008491516
10427,3,0,0.6569660902023315
10428,5,0,0.08440865576267242
10429,5,1,0.20994706451892853
10430,3,1,0.14726798236370087
10431,4,1,0.603028416633606
10432,3,0,0.16883067786693573
10433,3,0,0.18566519021987915
10434,5,0,0.1665862649679184
10435,2,0,0.8588320016860962
10436,2,0,0.15958702564239502
10437,1,0,0.15570881962776184
10438,3,0,0.0894298255443573
10439,4,0,0.14278027415275574
10440,4,0,0.715484082698822
10441,4,0,0.07888749986886978
10442,2,0,0.62635338306427
10443,5,0,0.34386351704597473
10444,4,0,0.04863286018371582
10445,1,0,0.17399264872074127
10446,4,0,0.22321312129497528
10447,3,0,0.20250855386257172
10448,2,0,0.050739068537950516
10449,5,1,0.20036736130714417
10450,1,0,0.22111105918884277
10451,5,0,0.3142915368080139
10452,5,1,0.15267954766750336
10453,3,0,0.18776902556419373
10454,3,0,0.04673461243510246
10455,2,0,0.3265751600265503
10456,3,0,0.36717984080314636
10457,2,1,0.6829578280448914
10458,3,1,0.16770513355731964
10459,3,0,0.1637628674507141
10460,2,1,0.5094274878501892
10461,5,0,0.17152786254882812
10462,5,0,0.036181267350912094
10463,1,0,0.16834741830825806
10464,2,0,0.15972842276096344
10465,1,0,0.2130776047706604
10466,5,1,0.11038754135370255
10467,5,0,0.05335061252117157
10468,3,0,0.1504606157541275
10469,5,0,0.1560543179512024
10470,5,1,0.1024082824587822
10471,3,0,0.46468496322631836
10472,2,0,0.15835663676261902
10473,1,0,0.05004008486866951
10474,3,0,0.16339915990829468
10475,3,0,0.20249590277671814
10476,4,0,0.09642211347818375
10477,1,0,0.1292484551668167
10478,3,1,0.7676991820335388
10479,4,0,0.1892615258693695
10480,1,0,0.16894271969795227
10481,5,0,0.3482688367366791
10482,5,0,0.382779598236084
10483,1,1,0.17512334883213043
10484,1,0,0.6855380535125732
10485,2,0,0.18928374350070953
10486,2,1,0.29374977946281433
10487,4,1,0.17721149325370789
10488,2,1,0.341372549533844
10489,3,0,0.1068463996052742
10490,2,0,0.19306902587413788
10491,5,0,0.12157343327999115
10492,4,0,0.1035117581486702
10493,4,1,0.150750070810318
10494,3,0,0.12788741290569305
10495,1,1,0.7217698097229004
10496,2,0,0.11241445690393448
10497,5,1,0.06863347440958023
10498,4,0,0.12802448868751526
10499,5,0,0.229150652885437
10500,5,1,0.2500945031642914
10501,5,0,0.10991748422384262
10502,3,0,0.22444786131381989
10503,3,0,0.11436519026756287
10504,4,0,0.09767630696296692
10505,3,0,0.1429731696844101
10506,5,1,0.22233502566814423
10507,2,0,0.14222335815429688
10508,3,1,0.1710243672132492
10509,3,1,0.7938116788864136
10510,2,0,0.06127428263425827
10511,5,0,0.1155112236738205
10512,2,0,0.1263306885957718
10513,2,0,0.07968467473983765
10514,4,0,0.1717040240764618
10515,3,1,0.7483503222465515
10516,4,0,0.16893456876277924
10517,5,1,0.09275169670581818
10518,3,0,0.10780083388090134
10519,4,0,0.11637566983699799
10520,4,0,0.23091939091682434
10521,3,0,0.09017085283994675
10522,3,1,0.6308793425559998
10523,3,1,0.311576247215271
10524,5,0,0.1666765809059143
10525,1,0,0.04298675060272217
10526,2,0,0.13749410212039948
10527,2,0,0.17187200486660004
10528,2,0,0.13188254833221436
10529,2,0,0.06131094694137573
10530,5,0,0.06406155973672867
10531,3,0,0.07473000138998032
10532,3,1,0.19434557855129242
10533,4,1,0.183844193816185
10534,3,0,0.8101237416267395
10535,2,0,0.7085837721824646
10536,3,0,0.16451649367809296
10537,2,0,0.09326259046792984
10538,1,0,0.0477936826646328
10539,1,0,0.09076742082834244
10540,2,0,0.2119784951210022
10541,5,0,0.3903523087501526
10542,3,0,0.1329406201839447
10543,5,0,0.050543300807476044
10544,4,0,0.11900148540735245
10545,3,0,0.16774602234363556
10546,1,1,0.07595366984605789
10547,1,0,0.16597296297550201
10548,4,0,0.12182312458753586
10549,5,1,0.6505696773529053
10550,4,0,0.1905227154493332
10551,3,0,0.03849029168486595
10552,5,0,0.09691859781742096
10553,2,0,0.27237623929977417
10554,2,0,0.14994598925113678
10555,4,0,0.1726083606481552
10556,3,0,0.11848636716604233
10557,1,0,0.05411191284656525
10558,2,0,0.06893588602542877
10559,2,1,0.7378036379814148
10560,1,0,0.3304983079433441
10561,3,0,0.049005381762981415
10562,2,1,0.3202849328517914
10563,4,0,0.1712333858013153
10564,1,0,0.6095618605613708
10565,3,0,0.5354816317558289
10566,1,0,0.06446523219347
10567,3,0,0.1360754668712616
10568,4,0,0.27150535583496094
10569,2,0,0.16367818415164948
10570,2,0,0.07211997359991074
10571,3,0,0.07626237720251083
10572,1,1,0.7316542863845825
10573,1,0,0.12227364629507065
10574,2,0,0.0793226957321167
10575,4,0,0.10471893101930618
10576,4,0,0.13197585940361023
10577,2,0,0.04928826540708542
10578,5,0,0.0850014016032219
10579,1,0,0.10181178897619247
10580,5,1,0.38892653584480286
10581,4,0,0.11607455462217331
10582,4,1,0.754487931728363
10583,1,0,0.06675997376441956
10584,2,0,0.09312300384044647
10585,4,0,0.07842615991830826
10586,3,0,0.2311786264181137
10587,4,0,0.12889233231544495
10588,1,0,0.09862827509641647
10589,2,0,0.12444685399532318
10590,4,0,0.13060113787651062
10591,3,0,0.06661716103553772
10592,1,0,0.04130248725414276
10593,1,0,0.21524731814861298
10594,2,1,0.6805409789085388
10595,3,0,0.18859811127185822
10596,1,0,0.16348880529403687
10597,2,1,0.3603743314743042
10598,4,1,0.15608781576156616
10599,2,1,0.1531723588705063
10600,1,1,0.24804623425006866
10601,1,0,0.08296223729848862
10602,2,1,0.8009704947471619
10603,3,0,0.050990328192710876
10604,1,0,0.1378633826971054
10605,2,0,0.09541994333267212
10606,1,0,0.06380201131105423
10607,2,0,0.2792418301105499
10608,3,0,0.12519018352031708
10609,2,0,0.15388356149196625
10610,2,0,0.6804038286209106
10611,3,0,0.651418149471283
10612,2,0,0.05931346118450165
10613,5,0,0.6080784797668457
10614,4,0,0.07442013919353485
10615,2,1,0.23931469023227692
10616,2,0,0.14191934466362
10617,4,0,0.09220020473003387
10618,2,0,0.19250385463237762
10619,2,0,0.7296262383460999
10620,1,0,0.14893603324890137
10621,5,0,0.07395108044147491
10622,1,0,0.41979217529296875
10623,1,0,0.22712638974189758
10624,3,1,0.4377436339855194
10625,3,0,0.4863729178905487
10626,5,0,0.1421910524368286
10627,1,0,0.1756080687046051
10628,4,0,0.07003868371248245
10629,5,0,0.07869558781385422
10630,2,0,0.38392120599746704
10631,4,0,0.09672234952449799
10632,5,0,0.19273333251476288
10633,4,0,0.10900994390249252
10634,4,1,0.6582999229431152
10635,5,0,0.6436765789985657
10636,2,0,0.18211330473423004
10637,4,0,0.11702130734920502
10638,5,0,0.6686609983444214
10639,5,0,0.5530481934547424
10640,4,0,0.05363044515252113
10641,5,1,0.2292817384004593
10642,5,0,0.0674915760755539
10643,1,0,0.17902863025665283
10644,5,0,0.18803729116916656
10645,3,0,0.1311270147562027
10646,5,0,0.7086886763572693
10647,3,0,0.25380370020866394
10648,2,0,0.14137953519821167
10649,4,1,0.8098258972167969
10650,4,1,0.4747566282749176
10651,1,0,0.07316121459007263
10652,4,1,0.07111295312643051
10653,4,0,0.09126897156238556
10654,1,0,0.041164614260196686
10655,5,0,0.11831297725439072
10656,2,1,0.16734102368354797
10657,2,0,0.05848286300897598
10658,1,0,0.21520644426345825
10659,5,1,0.15222905576229095
10660,2,0,0.051281001418828964
10661,4,0,0.18691617250442505
10662,4,0,0.6525151133537292
10663,3,0,0.040995147079229355
10664,5,1,0.6538856029510498
10665,1,0,0.6673535108566284
10666,1,0,0.19236820936203003
10667,1,0,0.03840286284685135
10668,5,0,0.1674526035785675
10669,4,0,0.10125541687011719
10670,4,0,0.24027979373931885
10671,4,0,0.2090349793434143
10672,3,1,0.7743695378303528
10673,4,0,0.10814424604177475
10674,5,0,0.20788617432117462
10675,1,1,0.526561975479126
10676,3,1,0.6221964359283447
10677,1,0,0.4242800772190094
10678,3,0,0.1671808809041977
10679,2,0,0.08272494375705719
10680,2,0,0.5759239196777344
10681,2,1,0.18333029747009277
10682,2,0,0.11836942285299301
10683,2,0,0.06486290693283081
10684,3,0,0.1706206053495407
10685,1,0,0.08043772727251053
10686,1,0,0.15855418145656586
10687,3,0,0.14092335104942322
10688,5,0,0.07671774178743362
10689,5,0,0.07365261763334274
10690,5,1,0.16387300193309784
10691,1,0,0.2915761172771454
10692,1,1,0.4011649489402771
10693,1,0,0.04509193077683449
10694,2,0,0.04182920232415199
10695,3,0,0.05727700516581535
10696,4,0,0.11273761093616486
10697,5,0,0.6898822784423828
10698,5,0,0.0738096609711647
10699,3,0,0.3425356149673462
10700,3,0,0.3864567279815674
10701,3,1,0.1669382005929947
10702,1,0,0.11796138435602188
10703,1,0,0.04458610713481903
10704,4,0,0.1587299108505249
10705,4,0,0.1522800624370575
10706,4,0,0.14754493534564972
10707,5,0,0.06438751518726349
10708,2,1,0.3814661204814911
10709,2,0,0.1495024859905243
10710,5,1,0.24381378293037415
10711,2,0,0.04929397255182266
10712,2,0,0.24639904499053955
10713,3,0,0.254863977432251
10714,4,1,0.3579862117767334
10715,2,0,0.09812679141759872
10716,3,0,0.19765515625476837
10717,4,0,0.075414277613163
10718,4,0,0.10826749354600906
10719,3,0,0.13247805833816528
10720,3,0,0.14589372277259827
10721,1,0,0.16385628283023834
10722,1,1,0.16085883975028992
10723,4,1,0.3685697615146637
10724,3,0,0.07855820655822754
10725,3,0,0.27078548073768616
10726,4,0,0.2395409196615219
10727,4,1,0.15935079753398895
10728,5,1,0.47378790378570557
10729,5,0,0.17046111822128296
10730,1,0,0.12722685933113098
10731,3,0,0.06465086340904236
10732,4,1,0.1276136338710785
10733,1,1,0.15591225028038025
10734,4,1,0.22038385272026062
10735,3,0,0.176731139421463
10736,3,0,0.09098315984010696
10737,1,0,0.21410521864891052
10738,3,1,0.6389983296394348
10739,5,0,0.09153688699007034
10740,1,0,0.22096584737300873
10741,4,0,0.276897668838501
10742,5,0,0.0427057221531868
10743,4,1,0.5904785990715027
10744,3,0,0.06279169023036957
10745,1,0,0.10146097838878632
10746,1,0,0.4394952952861786
10747,4,0,0.1947917491197586
10748,2,1,0.11518006026744843
10749,2,1,0.2027408331632614
10750,4,0,0.19454160332679749
10751,4,0,0.10668889433145523
10752,1,0,0.1340903341770172
10753,2,0,0.09297654777765274
10754,1,0,0.18608781695365906
10755,4,0,0.14539697766304016
10756,3,0,0.40332308411598206
10757,4,0,0.07051794975996017
10758,4,0,0.0823710560798645
10759,5,0,0.29269516468048096
10760,5,1,0.8143395781517029
10761,2,0,0.3232724964618683
10762,4,0,0.0969935804605484
10763,4,0,0.22210702300071716
10764,1,0,0.10479188710451126
10765,3,0,0.0661347508430481
10766,1,0,0.11327795684337616
10767,4,0,0.18730123341083527
10768,5,0,0.21787026524543762
10769,1,0,0.18573664128780365
10770,2,0,0.11398684978485107
10771,2,0,0.09210227429866791
10772,3,0,0.1697210967540741
10773,1,0,0.13340340554714203
10774,1,0,0.11961481720209122
10775,4,0,0.04547766596078873
10776,3,0,0.04804931953549385
10777,4,0,0.19859135150909424
10778,1,1,0.3929365277290344
10779,1,0,0.10297517478466034
10780,5,0,0.05071617662906647
10781,5,1,0.329585999250412
10782,3,0,0.7321563363075256
10783,3,0,0.1851632297039032
10784,3,0,0.10468149185180664
10785,1,0,0.03393518552184105
10786,2,0,0.12318971008062363
10787,5,0,0.1087045818567276
10788,5,0,0.14746788144111633
10789,5,0,0.13666966557502747
10790,5,0,0.32283562421798706
10791,5,0,0.08625809848308563
10792,5,0,0.6183971762657166
10793,3,0,0.6251897811889648
10794,1,0,0.10886413604021072
10795,4,0,0.08523669093847275
10796,3,1,0.776397168636322
10797,2,0,0.32360154390335083
10798,1,0,0.1888861507177353
10799,4,0,0.15081848204135895
10800,1,0,0.09033593535423279
10801,4,1,0.7594857215881348
10802,4,0,0.06568797677755356
10803,2,1,0.05356496572494507
10804,1,1,0.2041281759738922
10805,1,0,0.187612846493721
10806,1,1,0.17490680515766144
10807,5,0,0.14565643668174744
10808,4,1,0.11069118231534958
10809,4,1,0.7529932260513306
10810,2,0,0.13990122079849243
10811,4,0,0.10892345011234283
10812,2,0,0.08662530779838562
10813,3,0,0.1232636496424675
10814,1,0,0.10141892731189728
10815,3,0,0.09883597493171692
10816,3,0,0.5462756752967834
10817,2,0,0.14774629473686218
10818,3,0,0.15185751020908356
10819,2,0,0.06635192036628723
10820,3,0,0.06434805691242218
10821,3,0,0.07481303811073303
10822,1,0,0.12375007569789886
10823,4,1,0.7050965428352356
10824,2,0,0.04205924645066261
10825,4,1,0.13595183193683624
10826,1,1,0.6800112128257751
10827,3,0,0.06768405437469482
10828,5,0,0.04370381310582161
10829,1,1,0.25964653491973877
10830,3,0,0.07579678297042847
10831,4,0,0.12409316748380661
10832,4,0,0.10509134083986282
10833,1,1,0.6873760223388672
10834,1,0,0.16264989972114563
10835,5,0,0.16443639993667603
10836,1,0,0.12065478414297104
10837,2,0,0.10080131143331528
10838,2,0,0.17156477272510529
10839,5,1,0.18530023097991943
10840,2,1,0.19057293236255646
10841,5,0,0.12794995307922363
10842,1,0,0.4733700752258301
10843,4,1,0.6506282091140747
10844,5,0,0.1199045404791832
10845,2,0,0.3341478109359741
10846,5,0,0.27674636244773865
10847,3,1,0.7239764332771301
10848,2,0,0.09765195846557617
10849,4,0,0.1679425686597824
10850,3,1,0.1298884153366089
10851,1,0,0.3726229965686798
10852,2,0,0.09656311571598053
10853,4,0,0.6418362259864807
10854,3,0,0.057601019740104675
10855,4,0,0.07167746871709824
10856,5,0,0.22536514699459076
10857,5,1,0.1786954551935196
10858,3,0,0.11868155747652054
10859,3,0,0.09267346560955048
10860,4,0,0.08444631099700928
10861,5,1,0.10063210874795914
10862,3,0,0.0707160010933876
10863,4,0,0.10970529168844223
10864,2,0,0.034440647810697556
10865,4,1,0.21872122585773468
10866,1,1,0.1054743304848671
10867,1,0,0.097270168364048
10868,1,0,0.15667156875133514
10869,4,0,0.1331557035446167
10870,5,0,0.5088604092597961
10871,4,1,0.7799042463302612
10872,3,1,0.08968815207481384
10873,4,0,0.12467417120933533
10874,2,0,0.1443246304988861
10875,1,0,0.11858923733234406
10876,3,0,0.22330176830291748
10877,2,0,0.13341109454631805
10878,5,0,0.16572308540344238
10879,2,0,0.12670564651489258
10880,1,0,0.09472224116325378
10881,1,0,0.08163940161466599
10882,3,0,0.47423627972602844
10883,2,0,0.08324163407087326
10884,2,0,0.25444531440734863
10885,1,0,0.1926621049642563
10886,2,0,0.3680095970630646
10887,1,0,0.12358663231134415
10888,4,0,0.12358952313661575
10889,4,0,0.1738235354423523
10890,2,0,0.20165900886058807
10891,4,0,0.6930438280105591
10892,1,0,0.09923837333917618
10893,3,0,0.10386402904987335
10894,4,1,0.22091920673847198
10895,4,0,0.04690155014395714
10896,1,0,0.14794445037841797
10897,4,0,0.04310291260480881
10898,3,0,0.13784772157669067
10899,2,0,0.07412083446979523
10900,1,0,0.03573315590620041
10901,1,0,0.26732221245765686
10902,2,0,0.07711035013198853
10903,2,0,0.27412888407707214
10904,5,0,0.45784616470336914
10905,4,0,0.11099234968423843
10906,1,1,0.6034871935844421
10907,3,0,0.279048353433609
10908,2,0,0.16239303350448608
10909,4,0,0.24172478914260864
10910,2,1,0.787091076374054
10911,5,0,0.05319417268037796
10912,1,0,0.28359541296958923
10913,1,1,0.19867290556430817
10914,2,0,0.07788506895303726
10915,1,0,0.12998265027999878
10916,1,0,0.11005690693855286
10917,4,0,0.14321395754814148
10918,1,1,0.5394636392593384
10919,2,0,0.09143517166376114
10920,3,1,0.18100214004516602
10921,4,0,0.16756421327590942
10922,5,0,0.5107976198196411
10923,4,0,0.0899278074502945
10924,5,1,0.27039027214050293
10925,5,1,0.1286984533071518
10926,4,0,0.10360100120306015
10927,4,0,0.07136645913124084
10928,3,1,0.08736550062894821
10929,5,1,0.17598919570446014
10930,1,1,0.6072800755500793
10931,3,1,0.26146477460861206
10932,5,0,0.0836031436920166
10933,2,0,0.09331715852022171
10934,1,0,0.15817879140377045
10935,2,0,0.037961553782224655
10936,5,0,0.6327736973762512
10937,1,0,0.09292731434106827
10938,5,0,0.08670851588249207
10939,2,0,0.05610904097557068
10940,3,0,0.30916059017181396
10941,2,0,0.2040911763906479
10942,2,0,0.09455650299787521
10943,3,0,0.05064893141388893
10944,1,0,0.0716758519411087
10945,1,0,0.06271239370107651
10946,5,0,0.04030248895287514
10947,2,1,0.6055980920791626
10948,2,1,0.10043186694383621
10949,1,1,0.7774264812469482
10950,2,0,0.1774607002735138
10951,4,0,0.5055927038192749
10952,5,0,0.1331525295972824
10953,1,0,0.1116718128323555
10954,4,0,0.07536140084266663
10955,3,1,0.13025377690792084
10956,2,0,0.2061634510755539
10957,3,0,0.648285984992981
10958,2,0,0.6050256490707397
10959,4,0,0.17620985209941864
10960,1,0,0.11804918199777603
10961,5,0,0.12035639584064484
10962,4,0,0.07232049107551575
10963,2,1,0.6823847889900208
10964,1,0,0.07137882709503174
10965,5,0,0.18173885345458984
10966,3,0,0.17745810747146606
10967,2,0,0.17956987023353577
10968,2,0,0.07653418928384781
10969,1,0,0.1921238750219345
10970,1,0,0.3026673495769501
10971,1,0,0.12871921062469482
10972,3,0,0.3561820685863495
10973,5,1,0.45585504174232483
10974,4,1,0.3542269766330719
10975,1,1,0.8201951384544373
10976,1,0,0.08641485869884491
10977,1,0,0.168666809797287
10978,4,0,0.09109099954366684
10979,3,0,0.15402133762836456
10980,4,0,0.19391770660877228
10981,5,0,0.7530407309532166
10982,5,0,0.04349773749709129
10983,3,0,0.18634986877441406
10984,4,0,0.15011176466941833
10985,5,0,0.09842867404222488
10986,2,0,0.18677374720573425
10987,3,0,0.19696074724197388
10988,2,1,0.6903144121170044
10989,1,0,0.3012978434562683
10990,4,1,0.36376699805259705
10991,4,1,0.6130193471908569
10992,5,0,0.08710046112537384
10993,5,0,0.40050429105758667
10994,5,0,0.17941002547740936
10995,2,0,0.1789707988500595
10996,1,0,0.14232304692268372
10997,3,0,0.700702428817749
10998,1,0,0.1440747082233429
10999,5,0,0.12396411597728729
11000,5,1,0.37444013357162476
11001,4,0,0.1388121098279953
11002,5,1,0.131943941116333
11003,2,1,0.1544847935438156
11004,2,1,0.739403247833252
11005,5,1,0.42612189054489136
11006,3,0,0.1483643501996994
11007,1,0,0.11478827893733978
11008,3,0,0.06749841570854187
11009,3,0,0.07782430946826935
11010,5,0,0.04575558751821518
11011,3,1,0.8932451605796814
11012,4,0,0.05663955956697464
11013,3,0,0.1085762083530426
11014,5,0,0.12115134298801422
11015,1,0,0.17574316263198853
11016,1,1,0.5648960471153259
11017,2,0,0.6514766812324524
11018,3,0,0.03620823845267296
11019,2,0,0.09583626687526703
11020,2,0,0.2563480734825134
11021,3,0,0.21110326051712036
11022,5,0,0.09896644204854965
11023,5,1,0.6711841225624084
11024,4,1,0.464845210313797
11025,2,0,0.16684280335903168
11026,3,0,0.2872965931892395
11027,5,0,0.3636370003223419
11028,4,1,0.4706558287143707
11029,5,0,0.5133166313171387
11030,4,0,0.16282407939434052
11031,3,0,0.2596340775489807
11032,2,0,0.04482487216591835
11033,4,0,0.0780426636338234
11034,2,0,0.169712096452713
11035,3,0,0.07339237630367279
11036,4,1,0.1493535041809082
11037,1,0,0.045226048678159714
11038,3,0,0.2517722249031067
11039,4,0,0.03159787505865097
11040,4,0,0.06310515850782394
11041,1,1,0.25288307666778564
11042,2,0,0.14892470836639404
11043,2,0,0.17540372908115387
11044,2,0,0.11067894846200943
11045,1,0,0.1878107786178589
11046,5,0,0.06068972125649452
11047,2,0,0.05563347786664963
11048,1,1,0.8679431676864624
11049,1,0,0.22249747812747955
11050,1,0,0.035032398998737335
11051,2,0,0.24997293949127197
11052,2,0,0.13242223858833313
11053,3,0,0.043266475200653076
11054,1,0,0.02935647964477539
11055,2,0,0.22234869003295898
11056,4,0,0.0930352732539177
11057,2,1,0.2845243811607361
11058,4,0,0.1619093418121338
11059,4,1,0.644625723361969
11060,5,0,0.08105156570672989
11061,1,1,0.2607358992099762
11062,3,0,0.15344861149787903
11063,5,1,0.5763635039329529
11064,3,0,0.47745591402053833
11065,2,0,0.13050146400928497
11066,5,0,0.14083386957645416
11067,5,0,0.20565004646778107
11068,1,0,0.24145549535751343
11069,5,0,0.16017043590545654
11070,5,0,0.1815812587738037
11071,4,0,0.11556967347860336
11072,2,0,0.14990009367465973
11073,3,0,0.1097354143857956
11074,3,0,0.1591818481683731
11075,5,0,0.0673372820019722
11076,3,0,0.13152126967906952
11077,2,0,0.06334377825260162
11078,2,0,0.09377158433198929
11079,3,0,0.12061150372028351
11080,1,1,0.4711313247680664
11081,1,0,0.11770693957805634
11082,3,0,0.05468844622373581
11083,3,1,0.809397280216217
11084,4,0,0.2792408764362335
11085,1,0,0.11214134842157364
11086,4,0,0.11427976191043854
11087,3,0,0.6126438975334167
11088,5,0,0.13217565417289734
11089,5,0,0.08450876176357269
11090,1,0,0.15648788213729858
11091,5,0,0.1127232015132904
11092,2,1,0.7439752817153931
11093,5,1,0.06460712105035782
11094,4,1,0.2732391953468323
11095,1,1,0.766514241695404
11096,5,0,0.23841047286987305
11097,4,0,0.10254698246717453
11098,1,0,0.26693397760391235
11099,3,0,0.17237578332424164
11100,5,1,0.4297339618206024
11101,4,0,0.18735535442829132
11102,2,0,0.7419989109039307
11103,5,0,0.0808311253786087
11104,5,1,0.8090776801109314
11105,4,1,0.2832515239715576
11106,3,0,0.0870591476559639
11107,1,1,0.12003735452890396
11108,3,0,0.03928486630320549
11109,5,1,0.3498595058917999
11110,4,0,0.8097131252288818
11111,3,1,0.04981347173452377
11112,3,0,0.10443717986345291
11113,2,0,0.39283743500709534
11114,1,0,0.08282776921987534
11115,5,1,0.19607263803482056
11116,5,0,0.045390043407678604
11117,3,0,0.12010156363248825
11118,2,0,0.1561608910560608
11119,3,0,0.062483225017786026
11120,2,0,0.126257985830307
11121,1,0,0.024899352341890335
11122,4,1,0.11736481636762619
11123,2,0,0.3603101372718811
11124,1,1,0.6651100516319275
11125,2,0,0.1926816999912262
11126,1,0,0.04449485242366791
11127,2,0,0.0924188569188118
11128,4,1,0.15920569002628326
11129,1,1,0.07537008821964264
11130,4,0,0.19172848761081696
11131,2,1,0.12642011046409607
11132,3,0,0.5403465032577515
11133,1,1,0.6926020979881287
11134,4,0,0.05667237192392349
11135,3,0,0.03567366302013397
11136,1,0,0.06799482554197311
11137,2,0,0.12640152871608734
11138,3,1,0.13079211115837097
11139,1,0,0.05245329439640045
11140,1,0,0.26452547311782837
11141,4,0,0.10793318599462509
11142,2,0,0.3356991708278656
11143,4,0,0.051405370235443115
11144,5,0,0.14232900738716125
11145,3,0,0.23464001715183258
11146,2,0,0.10728287696838379
11147,4,0,0.12904879450798035
11148,1,0,0.07946695387363434
11149,4,0,0.6337531805038452
11150,5,0,0.1341349184513092
11151,5,0,0.14385104179382324
11152,2,0,0.1253798007965088
11153,1,0,0.20435385406017303
11154,4,0,0.20751294493675232
11155,2,0,0.270768404006958
11156,3,1,0.1188097894191742
11157,5,1,0.15594179928302765
11158,1,0,0.118718720972538
11159,5,0,0.08550464361906052
11160,2,0,0.06830030679702759
11161,1,0,0.1722845435142517
11162,4,1,0.2698899805545807
11163,4,0,0.10494132339954376
11164,2,0,0.08420825749635696
11165,1,0,0.061927735805511475
11166,3,1,0.14743982255458832
11167,5,0,0.09665495157241821
11168,4,0,0.04383571073412895
11169,3,0,0.6905027031898499
11170,3,1,0.11893178522586823
11171,1,0,0.09017077088356018
11172,3,0,0.7018448710441589
11173,5,1,0.11558139324188232
11174,2,1,0.46883219480514526
11175,1,1,0.040234699845314026
11176,5,1,0.41036778688430786
11177,3,1,0.14505642652511597
11178,4,0,0.21685273945331573
11179,3,0,0.08965954929590225
11180,5,0,0.11331360787153244
11181,4,0,0.1267140954732895
11182,1,0,0.08313874900341034
11183,1,0,0.07986388355493546
11184,5,0,0.04090659320354462
11185,3,0,0.12362001836299896
11186,1,1,0.77970951795578
11187,1,0,0.06312697380781174
11188,3,0,0.3918953537940979
11189,3,0,0.0762358084321022
11190,1,0,0.039117999374866486
11191,1,0,0.1341215968132019
11192,2,0,0.24770046770572662
11193,2,0,0.1678510159254074
11194,5,0,0.11474908888339996
11195,5,0,0.1688871681690216
11196,5,0,0.2810567021369934
11197,5,0,0.08406177908182144
11198,1,0,0.14000332355499268
11199,3,0,0.12587539851665497
11200,1,0,0.19465306401252747
11201,1,0,0.14474500715732574
11202,1,0,0.0401550754904747
11203,2,1,0.04271991550922394
11204,4,1,0.3761061131954193
11205,3,0,0.40935325622558594
11206,4,1,0.6259106993675232
11207,1,0,0.04764809459447861
11208,5,0,0.2689529359340668
11209,5,0,0.16365833580493927
11210,2,0,0.046475112438201904
11211,4,0,0.6787199378013611
11212,1,0,0.07043175399303436
11213,3,0,0.1632786989212036
11214,2,0,0.09920334070920944
11215,5,0,0.12885141372680664
11216,3,0,0.4385800361633301
11217,5,0,0.09832603484392166
11218,4,1,0.17824801802635193
11219,4,0,0.28177526593208313
11220,2,0,0.10954948514699936
11221,3,0,0.07169009745121002
11222,1,0,0.04395564645528793
11223,1,0,0.25108805298805237
11224,3,0,0.06156057119369507
11225,4,0,0.1607971042394638
11226,2,0,0.06902749091386795
11227,2,0,0.07772167026996613
11228,5,0,0.0430583581328392
11229,4,0,0.12880820035934448
11230,4,1,0.7912144064903259
11231,1,1,0.8459950685501099
11232,2,0,0.10743418335914612
11233,5,0,0.1934496909379959
11234,4,0,0.07378500699996948
11235,1,0,0.10371704399585724
11236,1,0,0.05779314786195755
11237,4,0,0.07379334419965744
11238,5,1,0.3997877240180969
11239,2,0,0.2698376476764679
11240,4,0,0.03932181000709534
11241,3,0,0.23852324485778809
11242,5,1,0.12226791679859161
11243,1,0,0.39212003350257874
11244,1,0,0.13031725585460663
11245,4,0,0.0528324618935585
11246,5,1,0.6271803975105286
11247,1,0,0.13287879526615143
11248,4,0,0.26701632142066956
11249,2,0,0.11989376693964005
11250,5,1,0.20310746133327484
11251,5,1,0.3984243869781494
11252,1,1,0.6746939420700073
11253,5,0,0.1268496960401535
11254,1,0,0.13816030323505402
11255,2,0,0.15205712616443634
11256,4,0,0.5546371936798096
11257,3,0,0.11865262687206268
11258,2,0,0.12610197067260742
11259,5,0,0.25988876819610596
11260,5,1,0.16851645708084106
11261,1,0,0.1311224102973938
11262,2,0,0.2341204285621643
11263,4,0,0.1766967475414276
11264,5,0,0.24930495023727417
11265,5,0,0.6147941946983337
11266,3,0,0.1716945767402649
11267,2,0,0.44264042377471924
11268,5,0,0.2017451375722885
11269,5,0,0.1423235833644867
11270,3,0,0.06816691905260086
11271,4,0,0.2148575335741043
11272,3,0,0.07151086628437042
11273,4,0,0.6406990885734558
11274,5,0,0.06200946122407913
11275,4,0,0.061971068382263184
11276,3,0,0.10463525354862213
11277,1,0,0.1500798463821411
11278,4,0,0.1778845191001892
11279,3,0,0.10318741202354431
11280,1,0,0.09510333836078644
11281,3,0,0.12423206120729446
11282,1,0,0.13227683305740356
11283,3,0,0.28871873021125793
11284,3,0,0.09285539388656616
11285,4,1,0.1253894567489624
11286,2,0,0.1431201547384262
11287,2,0,0.09054722636938095
11288,4,0,0.10112933814525604
11289,1,0,0.10071374475955963
11290,1,0,0.14277318120002747
11291,4,0,0.06174983084201813
11292,4,0,0.360156387090683
11293,1,0,0.0656445324420929
11294,3,0,0.08247607201337814
11295,3,0,0.04134439677000046
11296,2,1,0.5860582590103149
11297,3,0,0.4109674394130707
11298,3,0,0.18617667257785797
11299,5,0,0.0654519647359848
11300,4,0,0.23631833493709564
11301,4,0,0.14560863375663757
11302,3,0,0.16507194936275482
11303,5,0,0.09740712493658066
11304,4,1,0.7505924701690674
11305,4,0,0.07422829419374466
11306,3,0,0.08935592323541641
11307,2,1,0.2131013423204422
11308,4,0,0.06572219729423523
11309,5,0,0.15392464399337769
11310,1,0,0.05977856367826462
11311,4,0,0.09191805124282837
11312,2,0,0.10008996725082397
11313,5,0,0.09511207789182663
11314,4,0,0.3422245383262634
11315,2,0,0.307893842458725
11316,5,0,0.6170684099197388
11317,2,0,0.09757372736930847
11318,1,0,0.15952202677726746
11319,2,1,0.10618191957473755
11320,3,1,0.19540950655937195
11321,3,0,0.09400944411754608
11322,3,0,0.12570889294147491
11323,4,0,0.2250218689441681
11324,1,0,0.10585705935955048
11325,3,0,0.03392372280359268
11326,1,1,0.7724631428718567
11327,2,0,0.6471640467643738
11328,1,0,0.42191022634506226
11329,3,1,0.6403546333312988
11330,4,1,0.1859103888273239
11331,3,0,0.07209180295467377
11332,3,0,0.1308339536190033
11333,2,1,0.41344210505485535
11334,4,1,0.11055377125740051
11335,4,0,0.08761324733495712
11336,1,0,0.05350174009799957
11337,4,0,0.06397274136543274
11338,4,0,0.34580135345458984
11339,4,0,0.368871808052063
11340,5,0,0.1234402135014534
11341,5,0,0.07782287150621414
11342,3,1,0.0421663299202919
11343,4,0,0.1552707552909851
11344,5,0,0.1888362020254135
11345,3,0,0.2282639741897583
11346,1,0,0.10342719405889511
11347,4,0,0.044120967388153076
11348,2,1,0.04932226240634918
11349,3,0,0.253246545791626
11350,4,0,0.2097472846508026
11351,1,0,0.07046493142843246
11352,1,1,0.1663895547389984
11353,5,0,0.06398053467273712
11354,1,0,0.23288491368293762
11355,1,0,0.2406046986579895
11356,1,0,0.2089155614376068
11357,4,0,0.13154101371765137
11358,5,0,0.05767080560326576
11359,3,0,0.15164059400558472
11360,5,0,0.5473514795303345
11361,4,1,0.10969047248363495
11362,3,0,0.18669810891151428
11363,4,0,0.1292632818222046
11364,1,0,0.04871430993080139
11365,5,1,0.533683180809021
11366,3,0,0.08505889773368835
11367,1,0,0.05647323653101921
11368,2,0,0.2944551110267639
11369,4,0,0.39325401186943054
11370,2,0,0.11199088394641876
11371,2,0,0.2294270247220993
11372,5,0,0.14690974354743958
11373,3,0,0.2219206988811493
11374,4,0,0.22740308940410614
11375,2,1,0.34050753712654114
11376,2,0,0.09444105625152588
11377,2,0,0.2846684157848358
11378,3,0,0.29065772891044617
11379,5,1,0.7354723811149597
11380,4,1,0.5333367586135864
11381,4,0,0.12545257806777954
11382,5,0,0.32773253321647644
11383,5,0,0.10501038283109665
11384,1,0,0.21607078611850739
11385,3,0,0.22295933961868286
11386,2,0,0.09122584760189056
11387,4,0,0.05899210274219513
11388,4,0,0.12695972621440887
11389,2,0,0.045889537781476974
11390,1,0,0.28322702646255493
11391,1,0,0.05305268242955208
11392,2,0,0.11142104864120483
11393,1,0,0.18941383063793182
11394,1,0,0.06027024984359741
11395,5,0,0.18077419698238373
11396,1,0,0.04016966372728348
11397,3,1,0.10812442749738693
11398,2,0,0.11257656663656235
11399,1,1,0.8031186461448669
11400,4,1,0.6631340980529785
11401,4,0,0.11670801788568497
11402,2,0,0.10937440395355225
11403,4,0,0.10805439203977585
11404,2,0,0.4028454124927521
11405,5,0,0.09044531732797623
11406,4,0,0.10322436690330505
11407,3,0,0.15074889361858368
11408,4,0,0.17467285692691803
11409,3,0,0.08074475824832916
11410,4,0,0.06963606178760529
11411,2,0,0.08949840068817139
11412,4,0,0.11512833833694458
11413,1,0,0.2737475335597992
11414,4,1,0.14595909416675568
11415,2,0,0.320534348487854
11416,3,1,0.23749934136867523
11417,3,0,0.1908663660287857
11418,4,1,0.7135607600212097
11419,5,0,0.09747613221406937
11420,1,0,0.10063611716032028
11421,3,0,0.14112846553325653
11422,5,0,0.06457466632127762
11423,2,0,0.04320701211690903
11424,1,0,0.08896958082914352
11425,2,0,0.07862743735313416
11426,4,0,0.07564688473939896
11427,5,1,0.24062563478946686
11428,2,0,0.07266616821289062
11429,1,0,0.17999525368213654
11430,3,0,0.13236907124519348
11431,3,0,0.07901883870363235
11432,3,0,0.12451641261577606
11433,2,0,0.1084757074713707
11434,3,0,0.15751589834690094
11435,5,0,0.08308611810207367
11436,5,0,0.1720862239599228
11437,1,1,0.7284886837005615
11438,4,1,0.5646412372589111
11439,2,0,0.0909014493227005
11440,3,0,0.2878513038158417
11441,2,0,0.11246944218873978
11442,2,1,0.2520766854286194
11443,1,1,0.04730762913823128
11444,2,0,0.08357632905244827
11445,4,0,0.09865462779998779
11446,3,1,0.8125339150428772
11447,5,0,0.02976633980870247
11448,2,1,0.5137450098991394
11449,4,0,0.06966462731361389
11450,4,0,0.09238699823617935
11451,3,1,0.35886383056640625
11452,4,0,0.08324655145406723
11453,2,0,0.08307473361492157
11454,3,1,0.2332194298505783
11455,2,1,0.17224159836769104
11456,2,0,0.31086266040802
11457,1,0,0.08044308423995972
11458,5,0,0.7457531094551086
11459,5,1,0.697329044342041
11460,4,1,0.17973093688488007
11461,2,0,0.10367418080568314
11462,2,0,0.5647627711296082
11463,2,0,0.11328273266553879
11464,5,0,0.08316350728273392
11465,4,1,0.43379294872283936
11466,4,0,0.06647775322198868
11467,4,1,0.3806391954421997
11468,2,1,0.12374228239059448
11469,5,0,0.05130580812692642
11470,4,0,0.13414694368839264
11471,5,1,0.3925085663795471
11472,4,0,0.24344795942306519
11473,3,0,0.13688386976718903
11474,5,0,0.04391109198331833
11475,1,0,0.22881969809532166
11476,2,1,0.6640086770057678
11477,5,0,0.15295624732971191
11478,1,0,0.12369180470705032
11479,5,0,0.13923867046833038
11480,5,1,0.7480177879333496
11481,3,0,0.06193414330482483
11482,4,0,0.2155248373746872
11483,2,1,0.38771387934684753
11484,5,0,0.3240966498851776
11485,3,1,0.052796028554439545
11486,1,0,0.08994350582361221
11487,4,0,0.15000182390213013
11488,2,0,0.42758235335350037
11489,2,0,0.6665558218955994
11490,2,0,0.07999665290117264
11491,1,0,0.20837536454200745
11492,3,1,0.14744535088539124
11493,1,0,0.054285015910863876
11494,4,0,0.15108487010002136
11495,5,0,0.13475437462329865
11496,5,0,0.114358089864254
11497,3,0,0.0911688432097435
11498,5,0,0.0807403177022934
11499,2,0,0.6664144396781921
11500,4,0,0.1381707340478897
11501,2,0,0.1524341106414795
11502,2,0,0.10861625522375107
11503,5,0,0.14954611659049988
11504,4,0,0.1522124856710434
11505,5,0,0.15341457724571228
11506,5,1,0.2686270475387573
11507,4,0,0.06440439075231552
11508,5,1,0.16963039338588715
11509,1,1,0.07020261138677597
11510,2,0,0.10470698773860931
11511,4,0,0.10319418460130692
11512,3,0,0.14435969293117523
11513,4,0,0.10866803675889969
11514,4,0,0.20819473266601562
11515,3,0,0.12819142639636993
11516,2,0,0.07255340367555618
11517,3,0,0.12576651573181152
11518,5,0,0.21026331186294556
11519,1,1,0.27560415863990784
11520,3,0,0.19930590689182281
11521,1,0,0.6078742146492004
11522,2,0,0.030528264120221138
11523,1,0,0.13158726692199707
11524,2,1,0.12824372947216034
11525,2,0,0.06308019161224365
11526,2,0,0.20128872990608215
11527,3,0,0.16656890511512756
11528,2,0,0.1819319874048233
11529,2,1,0.212776780128479
11530,4,1,0.13243670761585236
11531,1,0,0.5899950265884399
11532,3,0,0.05451805889606476
11533,1,0,0.10373319685459137
11534,3,0,0.30901357531547546
11535,2,0,0.14413760602474213
11536,4,0,0.14176328480243683
11537,2,0,0.1279314011335373
11538,3,1,0.2789872884750366
11539,1,0,0.14981134235858917
11540,2,0,0.04413950443267822
11541,1,0,0.12545625865459442
11542,2,0,0.052175238728523254
11543,3,0,0.043223436921834946
11544,1,0,0.10592270642518997
11545,5,0,0.09791579842567444
11546,5,0,0.06642761081457138
11547,5,1,0.5181582570075989
11548,5,0,0.7175583243370056
11549,2,0,0.22199302911758423
11550,5,0,0.17025920748710632
11551,2,1,0.2576623558998108
11552,5,0,0.0634797215461731
11553,1,0,0.4340880811214447
11554,3,1,0.1607881337404251
11555,4,0,0.10826408863067627
11556,5,0,0.0679328441619873
11557,5,1,0.2893652617931366
11558,3,0,0.10838791728019714
11559,1,0,0.1772664487361908
11560,3,1,0.7272830605506897
11561,5,0,0.05278956517577171
11562,1,0,0.14400841295719147
11563,1,0,0.07548788189888
11564,1,0,0.1488625705242157
11565,1,0,0.10715103894472122
11566,5,1,0.7258161902427673
11567,4,0,0.2856888175010681
11568,4,0,0.09206593781709671
11569,2,0,0.14671866595745087
11570,3,0,0.22365151345729828
11571,1,0,0.1636253148317337
11572,2,0,0.11947345733642578
11573,4,0,0.229996919631958
11574,1,0,0.17456810176372528
11575,1,1,0.7249053716659546
11576,5,0,0.07651538401842117
11577,2,0,0.177202045917511
11578,1,0,0.06460196524858475
11579,5,1,0.1223297044634819
11580,3,1,0.6581702828407288
11581,4,0,0.05719570815563202
11582,1,1,0.30477383732795715
11583,1,0,0.20292724668979645
11584,3,0,0.10943593829870224
11585,4,0,0.13387960195541382
11586,3,0,0.15597641468048096
11587,4,1,0.8020637035369873
11588,2,0,0.037917591631412506
11589,1,1,0.06154574453830719
11590,3,0,0.6408342123031616
11591,3,0,0.11670216917991638
11592,5,0,0.18118305504322052
11593,4,0,0.09766458719968796
11594,2,1,0.7405299544334412
11595,5,1,0.4148619472980499
11596,5,0,0.20475156605243683
11597,2,1,0.6512483954429626
11598,3,0,0.08111821860074997
11599,4,1,0.2908191382884979
11600,1,0,0.03332662954926491
11601,4,0,0.047527212649583817
11602,4,0,0.15373213589191437
11603,3,0,0.07071860134601593
11604,4,0,0.07619187980890274
11605,5,0,0.13855743408203125
11606,5,0,0.1271534264087677
11607,5,1,0.13640353083610535
11608,2,0,0.15500731766223907
11609,2,0,0.17202027142047882
11610,3,0,0.1891898661851883
11611,5,0,0.2724626660346985
11612,2,0,0.07359138876199722
11613,2,1,0.5063490271568298
11614,3,0,0.0639461949467659
11615,3,0,0.04506385326385498
11616,3,0,0.14356087148189545
11617,3,0,0.6768864989280701
11618,2,1,0.13740979135036469
11619,3,1,0.3508366048336029
11620,2,0,0.09078339487314224
11621,4,0,0.31818917393684387
11622,1,0,0.7420433759689331
11623,3,0,0.059412382543087006
11624,1,0,0.13179655373096466
11625,2,1,0.3317020833492279
11626,4,0,0.20355460047721863
11627,2,0,0.13626378774642944
11628,4,0,0.09291111677885056
11629,5,0,0.13562355935573578
11630,2,0,0.05615437775850296
11631,3,0,0.13258887827396393
11632,1,1,0.1927834004163742
11633,2,0,0.11976442486047745
11634,1,0,0.043617501854896545
11635,5,0,0.04913707450032234
11636,1,1,0.7466720938682556
11637,3,0,0.11720461398363113
11638,5,0,0.24982857704162598
11639,4,0,0.1468539983034134
11640,2,0,0.08097997307777405
11641,2,0,0.08258818089962006
11642,3,1,0.4270014762878418
11643,5,0,0.060415659099817276
11644,5,1,0.4190416634082794
11645,1,1,0.4880146086215973
11646,3,0,0.41007623076438904
11647,5,0,0.08206843584775925
11648,2,0,0.14500953257083893
11649,3,0,0.12244641780853271
11650,5,0,0.14516203105449677
11651,5,0,0.09126093983650208
11652,4,0,0.18632985651493073
11653,4,0,0.14828366041183472
11654,3,0,0.047440823167562485
11655,1,1,0.16882263123989105
11656,1,0,0.08922569453716278
11657,4,0,0.7980233430862427
11658,1,0,0.06617821753025055
11659,3,0,0.1866065263748169
11660,5,0,0.16432110965251923
11661,4,0,0.06072511896491051
11662,1,0,0.11137274652719498
11663,2,0,0.05208837613463402
11664,1,0,0.06598907709121704
11665,1,1,0.42165136337280273
11666,2,0,0.22940754890441895
11667,4,0,0.11668336391448975
11668,5,0,0.09022947400808334
11669,1,1,0.8335475325584412
11670,3,0,0.15593338012695312
11671,5,0,0.07738489657640457
11672,4,0,0.08324092626571655
11673,5,1,0.3377581834793091
11674,2,0,0.18202504515647888
11675,1,0,0.3751573860645294
11676,2,0,0.18121588230133057
11677,3,0,0.15654951333999634
11678,5,0,0.07016900181770325
11679,4,0,0.31685349345207214
11680,1,0,0.061680201441049576
11681,4,0,0.5237248539924622
11682,1,0,0.22028164565563202
11683,1,0,0.14202946424484253
11684,4,0,0.059405528008937836
11685,2,0,0.47625279426574707
11686,5,1,0.1567843109369278
11687,1,0,0.15062512457370758
11688,2,0,0.1334836483001709
11689,5,0,0.0834508016705513
11690,5,1,0.6072912216186523
11691,3,1,0.12046337872743607
11692,4,1,0.513237714767456
11693,4,0,0.05391933023929596
11694,2,0,0.15961438417434692
11695,1,0,0.10782574117183685
11696,1,0,0.134444460272789
11697,5,0,0.7347869277000427
11698,1,1,0.6617896556854248
11699,2,0,0.1408422887325287
11700,4,0,0.1013215035200119
11701,3,0,0.15874901413917542
11702,1,0,0.03411872684955597
11703,2,0,0.1692347228527069
11704,4,1,0.47805169224739075
11705,5,0,0.38530686497688293
11706,2,0,0.03469463810324669
11707,1,0,0.14097420871257782
11708,3,1,0.09810900688171387
11709,2,0,0.13841472566127777
11710,1,0,0.05797553434967995
11711,4,0,0.6356216669082642
11712,1,1,0.8848412036895752
11713,3,0,0.18456301093101501
11714,2,0,0.09685264527797699
11715,1,0,0.15867553651332855
11716,4,0,0.09637580066919327
11717,2,0,0.10145657509565353
11718,5,0,0.02653956599533558
11719,2,1,0.17871667444705963
11720,2,0,0.25170451402664185
11721,1,0,0.24044856429100037
11722,1,1,0.1940319985151291
11723,3,1,0.3620131015777588
11724,3,1,0.7615925073623657
11725,1,0,0.675369918346405
11726,5,0,0.06405424326658249
11727,3,1,0.3210495710372925
11728,2,0,0.17148463428020477
11729,3,0,0.17227935791015625
11730,3,0,0.19281642138957977
11731,5,0,0.06552065908908844
11732,5,0,0.07732249796390533
11733,3,0,0.12082503736019135
11734,4,0,0.06913857907056808
11735,3,0,0.5561421513557434
11736,5,0,0.3034979999065399
11737,3,0,0.03408357873558998
11738,4,0,0.2798399031162262
11739,5,1,0.46110227704048157
11740,1,0,0.08587492257356644
11741,4,1,0.5588531494140625
11742,2,0,0.21064616739749908
11743,4,1,0.17786484956741333
11744,1,0,0.12319766730070114
11745,2,0,0.09284196048974991
11746,2,0,0.07845085114240646
11747,2,0,0.05137726664543152
11748,5,0,0.09269074350595474
11749,5,0,0.08846210688352585
11750,3,1,0.663753867149353
11751,4,0,0.06475645303726196
11752,4,0,0.6498827338218689
11753,2,1,0.31482166051864624
11754,1,0,0.16264663636684418
11755,4,0,0.10896798223257065
11756,1,0,0.20890145003795624
11757,4,0,0.1327793449163437
11758,4,0,0.07458560913801193
11759,1,0,0.19153836369514465
11760,3,0,0.08649458736181259
11761,3,0,0.07607866078615189
11762,4,0,0.06072530895471573
11763,5,0,0.06911754608154297
11764,5,0,0.09208092838525772
11765,1,1,0.11103743314743042
11766,2,1,0.12537781894207
11767,1,0,0.22095441818237305
11768,5,0,0.06882885098457336
11769,4,0,0.1647898256778717
11770,4,0,0.16492241621017456
11771,3,0,0.08282992243766785
11772,5,0,0.3645150065422058
11773,2,0,0.09747680276632309
11774,2,0,0.13585412502288818
11775,2,1,0.05677667260169983
11776,5,0,0.1437472105026245
11777,3,1,0.2026052176952362
11778,5,1,0.13125979900360107
11779,4,0,0.050029147416353226
11780,1,0,0.7965059876441956
11781,2,1,0.3772313892841339
11782,4,0,0.2758156955242157
11783,4,0,0.15135402977466583
11784,1,0,0.1490696668624878
11785,2,0,0.09636188298463821
11786,2,0,0.06330166757106781
11787,3,0,0.05826759710907936
11788,2,0,0.09859352558851242
11789,3,0,0.07278992235660553
11790,1,0,0.18367373943328857
11791,4,0,0.11878690868616104
11792,3,1,0.1341087520122528
11793,3,0,0.1442684382200241
11794,2,1,0.06990642845630646
11795,4,0,0.07762424647808075
11796,1,0,0.0562419667840004
11797,3,0,0.12407318502664566
11798,2,0,0.7397252321243286
11799,2,0,0.14569547772407532
11800,3,0,0.22718273103237152
11801,3,0,0.21285304427146912
11802,5,1,0.08227614313364029
11803,5,0,0.10079064965248108
11804,4,0,0.7357615232467651
11805,3,0,0.1809234470129013
11806,4,0,0.1643225997686386
11807,4,1,0.4232015013694763
11808,1,0,0.0963466688990593
11809,5,0,0.13372282683849335
11810,3,0,0.1525631994009018
11811,3,0,0.11628372967243195
11812,5,0,0.10079725831747055
11813,1,0,0.16247975826263428
11814,4,0,0.18532338738441467
11815,2,0,0.14818954467773438
11816,2,0,0.34064191579818726
11817,4,0,0.04184075817465782
11818,3,0,0.3321188688278198
11819,3,0,0.11610445380210876
11820,3,0,0.13282178342342377
11821,5,0,0.17664477229118347
11822,1,0,0.06012304872274399
11823,1,0,0.08761756867170334
11824,4,0,0.05895856022834778
11825,1,0,0.38153183460235596
11826,2,0,0.09120618551969528
11827,1,0,0.1632825881242752
11828,3,0,0.06418626755475998
11829,1,0,0.14994703233242035
11830,3,0,0.13424116373062134
11831,3,1,0.15229003131389618
11832,5,0,0.18282577395439148
11833,5,0,0.3589916527271271
11834,2,0,0.1626976579427719
11835,1,0,0.22606879472732544
11836,5,0,0.04731949791312218
11837,4,0,0.05879713594913483
11838,2,0,0.144479438662529
11839,4,0,0.15746678411960602
11840,4,0,0.6943156123161316
11841,1,0,0.16794997453689575
11842,4,1,0.1884266585111618
11843,1,0,0.3067739009857178
11844,5,1,0.4916929304599762
11845,5,0,0.33554181456565857
11846,4,0,0.3832438290119171
11847,3,0,0.05292263627052307
11848,2,1,0.0814489796757698
11849,5,0,0.0651940181851387
11850,1,0,0.10324591398239136
11851,3,0,0.4014871418476105
11852,2,0,0.09093736857175827
11853,5,0,0.10031396895647049
11854,5,1,0.2717370092868805
11855,3,0,0.2156960666179657
11856,4,0,0.3846752941608429
11857,3,0,0.14575541019439697
11858,2,0,0.3977188467979431
11859,5,0,0.07441701740026474
11860,2,0,0.07822564244270325
11861,5,1,0.09882505983114243
11862,3,0,0.17185284197330475
11863,5,0,0.13973206281661987
11864,4,0,0.0401446633040905
11865,4,0,0.42178523540496826
11866,4,0,0.1093556135892868
11867,3,0,0.043693263083696365
11868,4,1,0.21965213119983673
11869,2,0,0.07078271359205246
11870,4,0,0.07189880311489105
11871,5,0,0.25300174951553345
11872,2,0,0.09118679910898209
11873,1,0,0.15151982009410858
11874,2,0,0.069228395819664
11875,2,0,0.14306193590164185
11876,1,0,0.13520848751068115
11877,3,0,0.13955973088741302
11878,1,1,0.7491667866706848
11879,2,0,0.1777161806821823
11880,2,0,0.04975414648652077
11881,3,1,0.12968076765537262
11882,3,0,0.39966315031051636
11883,1,0,0.041028302162885666
11884,1,1,0.07845256477594376
11885,4,1,0.15984076261520386
11886,2,0,0.17001822590827942
11887,1,0,0.22977566719055176
11888,5,0,0.22071896493434906
11889,1,0,0.510195791721344
11890,1,0,0.03388308361172676
11891,3,0,0.062008317559957504
11892,5,0,0.057300545275211334
11893,3,0,0.15039999783039093
11894,3,0,0.28855153918266296
11895,2,1,0.2842833399772644
11896,3,0,0.17449426651000977
11897,5,0,0.10422424972057343
11898,2,0,0.23940598964691162
11899,3,0,0.05036135017871857
11900,5,1,0.11846592277288437
11901,5,0,0.1596481055021286
11902,1,0,0.18412162363529205
11903,2,1,0.40813446044921875
11904,1,0,0.2272588610649109
11905,1,0,0.10536357760429382
11906,3,0,0.11724410951137543
11907,3,0,0.19134120643138885
11908,1,0,0.11493796110153198
11909,5,0,0.06810450553894043
11910,3,1,0.13331106305122375
11911,1,0,0.03003942221403122
11912,1,0,0.15578903257846832
11913,4,0,0.15426744520664215
11914,3,0,0.11285392194986343
11915,5,0,0.15826785564422607
11916,5,0,0.1468956470489502
11917,2,0,0.23369500041007996
11918,3,0,0.1490050107240677
11919,5,1,0.46717414259910583
11920,4,0,0.14631080627441406
11921,4,0,0.2503487467765808
11922,3,0,0.2093692123889923
11923,1,0,0.11072137951850891
11924,4,0,0.1537327617406845
11925,3,0,0.07412473112344742
11926,4,1,0.3519287705421448
11927,2,0,0.4550287425518036
11928,1,0,0.15966291725635529
11929,2,0,0.13614246249198914
11930,5,1,0.10478799790143967
11931,5,0,0.03519899770617485
11932,1,0,0.17183338105678558
11933,4,1,0.192793607711792
11934,2,0,0.23366710543632507
11935,3,0,0.15597519278526306
11936,4,0,0.10047212988138199
11937,4,0,0.18104547262191772
11938,3,1,0.47506633400917053
11939,2,0,0.16183660924434662
11940,4,0,0.16127023100852966
11941,3,0,0.042852479964494705
11942,4,0,0.10453778505325317
11943,4,0,0.05286382883787155
11944,5,0,0.1411120444536209
11945,3,0,0.168168842792511
11946,2,1,0.8729349374771118
11947,1,0,0.23991899192333221
11948,3,0,0.26950135827064514
11949,4,0,0.060712963342666626
11950,3,0,0.04673713073134422
11951,5,0,0.10666755586862564
11952,1,1,0.3929727375507355
11953,4,0,0.0823512077331543
11954,2,0,0.07277154922485352
11955,2,0,0.5412046909332275
11956,3,1,0.537753164768219
11957,2,0,0.11044536530971527
11958,1,1,0.3412313163280487
11959,3,0,0.07722418755292892
11960,5,1,0.6597056984901428
11961,1,0,0.12903138995170593
11962,3,0,0.3264428973197937
11963,5,1,0.6659874320030212
11964,2,0,0.5501280426979065
11965,3,0,0.08662208914756775
11966,3,1,0.27971401810646057
11967,5,0,0.5606734752655029
11968,2,0,0.048510316759347916
11969,3,0,0.08566627651453018
11970,1,0,0.06634103506803513
11971,3,0,0.07595131546258926
11972,3,0,0.09935636073350906
11973,3,0,0.08447568118572235
11974,4,0,0.031016439199447632
11975,2,1,0.04901019111275673
11976,5,0,0.651738703250885
11977,1,0,0.037004534155130386
11978,3,0,0.04651346057653427
11979,5,0,0.09643829613924026
11980,1,0,0.1909227818250656
11981,3,1,0.3334762454032898
11982,1,1,0.11146535724401474
11983,3,1,0.13472460210323334
11984,4,0,0.08165781944990158
11985,5,0,0.036134570837020874
11986,4,1,0.3989466428756714
11987,4,0,0.07796839624643326
11988,5,0,0.08472904562950134
11989,2,0,0.09367074072360992
11990,2,0,0.06433972716331482
11991,3,1,0.7654526829719543
11992,4,0,0.2006859928369522
11993,1,0,0.035917941480875015
11994,4,0,0.19453084468841553
11995,1,0,0.06011257693171501
11996,4,0,0.15678806602954865
11997,2,0,0.14762353897094727
11998,2,0,0.04586206004023552
11999,4,0,0.08296939730644226
12000,5,0,0.30219823122024536
12001,3,1,0.712401807308197
12002,2,1,0.4346082806587219
12003,1,0,0.18303315341472626
12004,3,0,0.043539367616176605
12005,1,0,0.16216568648815155
12006,5,0,0.2814693748950958
12007,5,0,0.5202765464782715
12008,3,0,0.1486082375049591
12009,1,0,0.03400687128305435
12010,5,0,0.04590290039777756
12011,1,0,0.6973578333854675
12012,3,0,0.06804336607456207
12013,4,0,0.09159860759973526
12014,1,0,0.10708211362361908
12015,4,0,0.15936212241649628
12016,1,0,0.15766654908657074
12017,1,0,0.04758923128247261
12018,1,1,0.6972727179527283
12019,1,1,0.6364322304725647
12020,2,0,0.16495998203754425
12021,3,0,0.14904479682445526
12022,3,0,0.13860197365283966
12023,4,0,0.15328088402748108
12024,4,0,0.20512837171554565
12025,1,0,0.30607840418815613
12026,5,0,0.1560295969247818
12027,3,0,0.0776800736784935
12028,5,0,0.16078069806098938
12029,3,0,0.20057211816310883
12030,4,0,0.20457902550697327
12031,2,1,0.223582461476326
12032,5,0,0.2767997682094574
12033,3,0,0.19803114235401154
12034,3,1,0.7263831496238708
12035,3,0,0.236811101436615
12036,2,1,0.13460619747638702
12037,5,0,0.3135838806629181
12038,1,0,0.6946965456008911
12039,4,0,0.174082949757576
12040,1,0,0.0843266099691391
12041,4,1,0.7431640625
12042,1,1,0.8328969478607178
12043,4,1,0.6888136267662048
12044,5,0,0.11230186372995377
12045,5,0,0.031111543998122215
12046,1,0,0.08423428982496262
12047,2,0,0.10368612408638
12048,4,0,0.04634643346071243
12049,5,0,0.30123767256736755
12050,4,0,0.27279186248779297
12051,1,0,0.06923016160726547
12052,4,0,0.19139118492603302
12053,1,0,0.17317919433116913
12054,5,0,0.2988063097000122
12055,1,1,0.04538506641983986
12056,1,0,0.12761889398097992
12057,1,0,0.0692691057920456
12058,5,0,0.04085736349225044
12059,4,0,0.05876181274652481
12060,1,0,0.10767312347888947
12061,1,1,0.49081939458847046
12062,1,1,0.6866894364356995
12063,2,0,0.16202808916568756
12064,2,0,0.13425256311893463
12065,2,0,0.21985025703907013
12066,3,1,0.30809903144836426
12067,1,0,0.0530427061021328
12068,1,0,0.4233837127685547
12069,2,1,0.20295920968055725
12070,1,0,0.12966176867485046
12071,4,0,0.3796602189540863
12072,3,0,0.10457086563110352
12073,3,0,0.09709879755973816
12074,1,0,0.032925717532634735
12075,3,0,0.08921800553798676
12076,5,0,0.06442806869745255
12077,4,0,0.04989699274301529
12078,1,0,0.1549401879310608
12079,5,0,0.1301448494195938
12080,5,1,0.5604559183120728
12081,2,0,0.14511680603027344
12082,4,0,0.13066266477108002
12083,5,0,0.06075935810804367
12084,3,0,0.05522587522864342
12085,4,0,0.11963380873203278
12086,5,0,0.0843542069196701
12087,2,0,0.08996134996414185
12088,4,0,0.11592958122491837
12089,5,0,0.5621095299720764
12090,3,0,0.13572724163532257
12091,2,0,0.09210696071386337
12092,4,0,0.16682013869285583
12093,3,0,0.09257274866104126
12094,5,0,0.21936355531215668
12095,5,0,0.08542352169752121
12096,2,0,0.14029501378536224
12097,2,1,0.1366690695285797
12098,3,0,0.10569243133068085
12099,1,0,0.14689579606056213
12100,3,0,0.08453880250453949
12101,4,0,0.08197632431983948
12102,4,0,0.09860660135746002
12103,5,0,0.20657804608345032
12104,5,0,0.20840901136398315
12105,3,0,0.08413636684417725
12106,5,1,0.4077022075653076
12107,3,0,0.11321531236171722
12108,4,0,0.3782435357570648
12109,4,1,0.7398608922958374
12110,5,0,0.18564529716968536
12111,1,0,0.13424360752105713
12112,3,0,0.46771475672721863
12113,5,0,0.04797688499093056
12114,1,1,0.09403713047504425
12115,2,0,0.09438607841730118
12116,1,1,0.730401873588562
12117,4,0,0.12341095507144928
12118,1,0,0.3465632200241089
12119,1,0,0.03512147068977356
12120,1,0,0.2821395993232727
12121,5,0,0.3061371147632599
12122,1,1,0.1798933893442154
12123,5,0,0.18192723393440247
12124,3,0,0.07606244087219238
12125,1,0,0.06252878159284592
12126,4,0,0.16757962107658386
12127,1,0,0.06185715273022652
12128,4,1,0.7341947555541992
12129,5,1,0.6375437378883362
12130,4,0,0.06787308305501938
12131,3,1,0.3443533182144165
12132,5,1,0.5607818365097046
12133,4,0,0.2560805678367615
12134,5,0,0.06330160796642303
12135,5,0,0.0741317868232727
12136,3,1,0.8475306034088135
12137,4,0,0.17083172500133514
12138,3,0,0.2667781710624695
12139,2,0,0.14811323583126068
12140,4,1,0.22493720054626465
12141,4,0,0.17400959134101868
12142,3,0,0.1105385273694992
12143,3,0,0.05597265437245369
12144,3,0,0.13312408328056335
12145,5,1,0.13919837772846222
12146,2,0,0.10775560140609741
12147,2,0,0.11935804039239883
12148,4,0,0.06288060545921326
12149,2,0,0.1491912603378296
12150,3,0,0.1430923491716385
12151,3,0,0.17101500928401947
12152,3,0,0.1954200267791748
12153,4,0,0.08349580317735672
12154,1,0,0.14240849018096924
12155,5,0,0.20810027420520782
12156,2,0,0.06539949029684067
12157,5,0,0.20597000420093536
12158,3,0,0.1398596167564392
12159,2,1,0.7544610500335693
12160,2,0,0.109995536506176
12161,1,0,0.4523336589336395
12162,2,1,0.21587546169757843
12163,5,0,0.11541932076215744
12164,2,0,0.05742589384317398
12165,4,0,0.21687762439250946
12166,2,0,0.11281328648328781
12167,4,0,0.1113031655550003
12168,2,0,0.7558643221855164
12169,5,0,0.04568369314074516
12170,3,1,0.10560379922389984
12171,1,0,0.07503044605255127
12172,4,0,0.14880727231502533
12173,1,0,0.07680964469909668
12174,4,0,0.16869136691093445
12175,4,0,0.13637959957122803
12176,4,0,0.16937468945980072
12177,3,0,0.08385039120912552
12178,5,0,0.25271010398864746
12179,1,0,0.19112582504749298
12180,3,0,0.03400871157646179
12181,3,1,0.4343651831150055
12182,2,0,0.1663455069065094
12183,3,0,0.060913778841495514
12184,1,0,0.131445974111557
12185,2,0,0.05466844514012337
12186,4,1,0.11827483773231506
12187,1,1,0.10610555112361908
12188,2,0,0.17986099421977997
12189,1,0,0.15049110352993011
12190,5,0,0.033509209752082825
12191,4,0,0.3779432773590088
12192,2,1,0.107811838388443
12193,5,0,0.13143527507781982
12194,2,0,0.13250011205673218
12195,2,1,0.6673908829689026
12196,2,1,0.13800404965877533
12197,5,0,0.13595126569271088
12198,5,0,0.24646179378032684
12199,3,0,0.13317959010601044
12200,4,0,0.08164040744304657
12201,1,0,0.2855733335018158
12202,1,0,0.13070887327194214
12203,5,0,0.060240186750888824
12204,2,0,0.03500569984316826
12205,4,1,0.13870321214199066
12206,3,0,0.18010927736759186
12207,3,0,0.13416360318660736
12208,2,0,0.12929672002792358
12209,5,0,0.3257399797439575
12210,4,0,0.15996913611888885
12211,5,1,0.12071901559829712
12212,4,0,0.16530123353004456
12213,5,0,0.05159187316894531
12214,5,1,0.6789591312408447
12215,3,0,0.19681066274642944
12216,2,1,0.7712414264678955
12217,3,1,0.5888200402259827
12218,4,0,0.07324232906103134
12219,1,0,0.09778807312250137
12220,3,1,0.15965260565280914
12221,1,0,0.0663156658411026
12222,1,1,0.641953706741333
12223,4,1,0.5594642162322998
12224,1,0,0.13807560503482819
12225,1,0,0.06687432527542114
12226,1,0,0.1408873200416565
12227,2,0,0.15650154650211334
12228,5,0,0.14573316276073456
12229,3,0,0.03213929384946823
12230,2,1,0.07067321240901947
12231,4,0,0.2118455469608307
12232,4,0,0.20266404747962952
12233,2,0,0.0573398731648922
12234,3,0,0.14669761061668396
12235,2,0,0.18927566707134247
12236,4,0,0.13084633648395538
12237,5,1,0.5305709838867188
12238,2,0,0.13425619900226593
12239,5,0,0.21010278165340424
12240,5,0,0.22382327914237976
12241,5,0,0.2088664025068283
12242,2,0,0.23516646027565002
12243,3,0,0.6801989674568176
12244,5,1,0.45473572611808777
12245,1,0,0.07361295074224472
12246,1,0,0.14078709483146667
12247,4,1,0.6504727005958557
12248,2,0,0.1280261129140854
12249,4,0,0.08790766447782516
12250,3,1,0.5945806503295898
12251,4,0,0.17186009883880615
12252,2,0,0.24424277245998383
12253,1,0,0.08572497963905334
12254,3,0,0.06393855810165405
12255,3,0,0.08162741363048553
12256,4,1,0.4443534314632416
12257,3,1,0.2290084809064865
12258,5,0,0.051854971796274185
12259,2,0,0.13644589483737946
12260,4,0,0.11086668819189072
12261,3,1,0.10868977010250092
12262,1,0,0.5909144878387451
12263,4,1,0.7914760112762451
12264,4,0,0.060037001967430115
12265,1,0,0.14780576527118683
12266,4,0,0.1011166200041771
12267,4,0,0.717801034450531
12268,1,0,0.1204548105597496
12269,2,1,0.7959145307540894
12270,1,0,0.08465585112571716
12271,4,0,0.22463655471801758
12272,5,0,0.11168777942657471
12273,2,0,0.14233486354351044
12274,1,1,0.15027563273906708
12275,5,0,0.10374723374843597
12276,2,0,0.16009663045406342
12277,5,0,0.047716304659843445
12278,2,0,0.1407870054244995
12279,2,0,0.04319993779063225
12280,4,0,0.2007753998041153
12281,5,0,0.10609453171491623
12282,3,0,0.07424697279930115
12283,2,0,0.13944226503372192
12284,3,0,0.0641874447464943
12285,3,0,0.1091235801577568
12286,1,1,0.31434327363967896
12287,5,0,0.11822560429573059
12288,2,1,0.10144363343715668
12289,3,0,0.2653672397136688
12290,2,0,0.04857691004872322
12291,3,0,0.1325281411409378
12292,4,0,0.2583340108394623
12293,1,0,0.1176835149526596
12294,1,0,0.21915192902088165
12295,3,0,0.16717098653316498
12296,3,0,0.2613428831100464
12297,3,0,0.40459367632865906
12298,3,1,0.21341469883918762
12299,5,1,0.16580776870250702
12300,2,1,0.315585732460022
12301,5,0,0.11926736682653427
12302,5,0,0.06660688668489456
12303,1,1,0.11237043887376785
12304,2,0,0.08789249509572983
12305,3,1,0.21972361207008362
12306,2,1,0.528047502040863
12307,4,1,0.4652791917324066
12308,2,0,0.24028927087783813
12309,4,1,0.38778623938560486
12310,5,0,0.030003225430846214
12311,1,0,0.02756037749350071
12312,3,0,0.15284405648708344
12313,3,0,0.20091639459133148
12314,2,0,0.09768521785736084
12315,5,0,0.40814268589019775
12316,2,1,0.7262690663337708
12317,5,1,0.2599305808544159
12318,5,1,0.18779180943965912
12319,5,0,0.3329540193080902
12320,4,0,0.23446032404899597
12321,2,0,0.14876125752925873
12322,5,0,0.27946755290031433
12323,3,0,0.16217458248138428
12324,5,0,0.06755651533603668
12325,1,0,0.13967925310134888
12326,1,0,0.08501211553812027
12327,1,1,0.41747385263442993
12328,3,1,0.6907315850257874
12329,2,0,0.09084796160459518
12330,2,0,0.07121718674898148
12331,4,0,0.35018905997276306
12332,3,0,0.20023797452449799
12333,2,0,0.14259062707424164
12334,1,0,0.08574847131967545
12335,4,0,0.03839436173439026
12336,2,0,0.09026511758565903
12337,3,0,0.27752357721328735
12338,3,0,0.0793541669845581
12339,3,0,0.03943169116973877
12340,3,0,0.6983819007873535
12341,5,0,0.022287437692284584
12342,4,1,0.20243661105632782
12343,3,0,0.3312915563583374
12344,2,0,0.13580401241779327
12345,3,0,0.1399804800748825
12346,1,0,0.47351959347724915
12347,3,1,0.15174812078475952
12348,5,0,0.41727545857429504
12349,3,1,0.12450125813484192
12350,5,0,0.267198383808136
12351,3,0,0.4502135217189789
12352,3,0,0.06883009523153305
12353,1,1,0.19527789950370789
12354,1,0,0.13172045350074768
12355,5,0,0.11832115054130554
12356,5,0,0.15100115537643433
12357,2,1,0.2694169878959656
12358,4,0,0.0987650528550148
12359,4,0,0.16510114073753357
12360,1,1,0.2043440192937851
12361,1,0,0.17741893231868744
12362,5,1,0.5135393142700195
12363,1,0,0.17461621761322021
12364,5,0,0.09240207821130753
12365,5,0,0.20238927006721497
12366,1,0,0.24978087842464447
12367,2,0,0.12783315777778625
12368,3,1,0.6181730031967163
12369,4,0,0.1924169659614563
12370,5,1,0.7432921528816223
12371,5,1,0.20508062839508057
12372,1,0,0.1558709442615509
12373,4,0,0.11494423449039459
12374,5,0,0.06892518699169159
12375,2,1,0.37929636240005493
12376,4,1,0.2601056694984436
12377,3,0,0.1068328320980072
12378,3,0,0.4591621160507202
12379,1,0,0.07483310252428055
12380,1,0,0.08296211063861847
12381,3,0,0.15267902612686157
12382,3,0,0.09968821704387665
12383,2,1,0.684890866279602
12384,4,0,0.08426451683044434
12385,1,0,0.17328864336013794
12386,1,0,0.09351221472024918
12387,4,0,0.29731032252311707
12388,4,0,0.03404463455080986
12389,5,0,0.1658904254436493
12390,3,1,0.42483800649642944
12391,5,1,0.28536808490753174
12392,3,1,0.6902866363525391
12393,4,0,0.06286723166704178
12394,5,0,0.21195420622825623
12395,2,0,0.23634468019008636
12396,5,1,0.1528199464082718
12397,5,0,0.40518718957901
12398,5,0,0.05226965621113777
12399,5,0,0.037128105759620667
12400,4,1,0.338505357503891
12401,2,0,0.17281319200992584
12402,4,0,0.1103028804063797
12403,3,0,0.5472261905670166
12404,1,0,0.2218315750360489
12405,1,0,0.30305713415145874
12406,2,0,0.3055240511894226
12407,1,1,0.16982004046440125
12408,1,0,0.04806533455848694
12409,2,0,0.04506736248731613
12410,5,0,0.20107492804527283
12411,3,0,0.05761973187327385
12412,3,1,0.08576858043670654
12413,4,0,0.11365265399217606
12414,1,0,0.17193526029586792
12415,5,0,0.1452832818031311
12416,5,0,0.06106118485331535
12417,1,1,0.14681829512119293
12418,5,1,0.4219568371772766
12419,3,1,0.624919593334198
12420,1,0,0.14626304805278778
12421,4,0,0.11447253823280334
12422,1,0,0.0889192745089531
12423,4,0,0.08956961333751678
12424,3,0,0.06091079115867615
12425,4,1,0.1816534548997879
12426,4,0,0.27778875827789307
12427,2,0,0.04551638290286064
12428,4,0,0.06660155206918716
12429,3,0,0.14068633317947388
12430,5,1,0.7688177824020386
12431,3,0,0.16875454783439636
12432,2,0,0.13188885152339935
12433,3,0,0.20908860862255096
12434,2,0,0.05687970668077469
12435,2,0,0.09049126505851746
12436,2,0,0.14001694321632385
12437,1,0,0.03764777258038521
12438,1,0,0.18318316340446472
12439,1,0,0.13166674971580505
12440,3,0,0.136708602309227
12441,2,1,0.30533960461616516
12442,4,1,0.17439007759094238
12443,1,0,0.15909408032894135
12444,3,0,0.19125927984714508
12445,5,0,0.13229915499687195
12446,5,0,0.22383369505405426
12447,5,0,0.12191621214151382
12448,3,0,0.2383890450000763
12449,4,0,0.07629306614398956
12450,5,0,0.18674148619174957
12451,3,0,0.05508805438876152
12452,1,0,0.09010204672813416
12453,2,0,0.14872956275939941
12454,5,0,0.08761882781982422
12455,4,0,0.10285039246082306
12456,1,0,0.10086584091186523
12457,2,0,0.11627241224050522
12458,5,0,0.4446336627006531
12459,4,0,0.09472277760505676
12460,1,0,0.03983515501022339
12461,1,0,0.546425461769104
12462,1,1,0.8261477947235107
12463,2,1,0.2057233601808548
12464,2,1,0.7342503070831299
12465,2,1,0.7915070056915283
12466,5,0,0.2512890100479126
12467,3,0,0.18867945671081543
12468,4,0,0.27718350291252136
12469,2,0,0.14466676115989685
12470,1,0,0.04967907443642616
12471,1,1,0.4744013845920563
12472,2,0,0.06435634940862656
12473,3,0,0.3285834789276123
12474,2,1,0.4920085370540619
12475,1,1,0.49552735686302185
12476,4,0,0.13006174564361572
12477,2,0,0.07147949934005737
12478,4,0,0.33705106377601624
12479,3,0,0.07727515697479248
12480,2,0,0.0497327484190464
12481,4,1,0.3913414478302002
12482,4,1,0.6924104690551758
12483,5,0,0.10063941776752472
12484,3,1,0.7325799465179443
12485,4,0,0.04767592251300812
12486,2,1,0.2627962827682495
12487,3,0,0.15856698155403137
12488,1,0,0.11852138489484787
12489,2,0,0.1105550080537796
12490,5,0,0.045223064720630646
12491,2,1,0.08990886062383652
12492,2,0,0.0879456102848053
12493,2,0,0.06611650437116623
12494,4,0,0.1555023491382599
12495,1,1,0.72066730260849
12496,5,1,0.7426637411117554
12497,4,0,0.07351439446210861
12498,3,0,0.29252544045448303
12499,5,0,0.09218853712081909
12500,1,1,0.21160238981246948
12501,3,0,0.4293665885925293
12502,1,1,0.10083140432834625
12503,5,0,0.17276564240455627
12504,4,0,0.09216099977493286
12505,2,0,0.076070636510849
12506,3,0,0.11156362295150757
12507,1,0,0.18022754788398743
12508,3,1,0.7378191351890564
12509,1,0,0.10509239882230759
12510,2,0,0.21039515733718872
12511,3,1,0.40535274147987366
12512,4,1,0.2482169270515442
12513,2,0,0.14822068810462952
12514,1,1,0.7489854097366333
12515,4,0,0.16312721371650696
12516,2,1,0.6666427254676819
12517,1,0,0.08534036576747894
12518,2,0,0.14729583263397217
12519,3,0,0.19532550871372223
12520,5,1,0.7410300374031067
12521,1,0,0.11841907352209091
12522,4,1,0.7716923952102661
12523,4,0,0.3618127703666687
12524,2,0,0.24465981125831604
12525,4,0,0.2542077302932739
12526,4,0,0.052116695791482925
12527,1,0,0.08305290341377258
12528,4,0,0.5320911407470703
12529,4,0,0.07244189828634262
12530,5,0,0.08660034090280533
12531,3,0,0.06447933614253998
12532,4,0,0.1385563164949417
12533,2,1,0.09215819090604782
12534,5,0,0.05971037223935127
12535,5,0,0.13683950901031494
12536,5,0,0.6491113305091858
12537,3,1,0.8814431428909302
12538,2,1,0.3013744056224823
12539,2,0,0.10336532443761826
12540,2,0,0.18445155024528503
12541,3,0,0.08577753603458405
12542,1,0,0.6172767877578735
12543,5,0,0.6004393100738525
12544,2,1,0.7570106983184814
12545,1,0,0.27965959906578064
12546,2,1,0.7089623808860779
12547,5,0,0.05949411913752556
12548,5,0,0.14700546860694885
12549,3,0,0.32539260387420654
12550,1,0,0.07202573865652084
12551,2,1,0.46776315569877625
12552,1,0,0.30375465750694275
12553,3,1,0.66901034116745
12554,5,0,0.29594090580940247
12555,1,0,0.08103148639202118
12556,5,1,0.39000773429870605
12557,5,1,0.1192401871085167
12558,4,0,0.21114346385002136
12559,5,0,0.16477511823177338
12560,5,1,0.09014448523521423
12561,4,0,0.15900103747844696
12562,2,0,0.12069175392389297
12563,3,0,0.7430221438407898
12564,1,0,0.31538692116737366
12565,2,0,0.2144622802734375
12566,1,0,0.26225531101226807
12567,5,1,0.2660939693450928
12568,5,0,0.03894428163766861
12569,3,0,0.17535220086574554
12570,3,1,0.30036354064941406
12571,4,0,0.036554668098688126
12572,4,0,0.06227736920118332
12573,2,1,0.5626274943351746
12574,1,1,0.1497245579957962
12575,4,0,0.08668594807386398
12576,2,1,0.8942561149597168
12577,2,1,0.1897750049829483
12578,5,0,0.18489812314510345
12579,4,0,0.05466947704553604
12580,3,1,0.18437865376472473
12581,5,0,0.10708125680685043
12582,3,0,0.1903436928987503
12583,4,0,0.17391227185726166
12584,3,0,0.43882450461387634
12585,1,1,0.7195478081703186
12586,1,0,0.1097380593419075
12587,1,0,0.10166221112012863
12588,1,0,0.11759201437234879
12589,1,0,0.0947708860039711
12590,3,0,0.044475141912698746
12591,4,0,0.055358026176691055
12592,2,0,0.0816418007016182
12593,5,1,0.5158712863922119
12594,3,0,0.11046066135168076
12595,3,0,0.15313543379306793
12596,2,0,0.6722659468650818
12597,4,0,0.12759929895401
12598,1,1,0.388501912355423
12599,5,0,0.1734996736049652
12600,5,0,0.08222801238298416
12601,5,0,0.06574418395757675
12602,3,1,0.7695797085762024
12603,2,0,0.23573040962219238
12604,4,0,0.12711237370967865
12605,3,0,0.18063202500343323
12606,4,0,0.16292782127857208
12607,2,0,0.15176056325435638
12608,5,0,0.1274844855070114
12609,3,0,0.22408941388130188
12610,3,1,0.5998319387435913
12611,2,1,0.12966914474964142
12612,5,0,0.13236886262893677
12613,2,0,0.09713470935821533
12614,2,0,0.09944277256727219
12615,3,0,0.2843933403491974
12616,2,1,0.6869498491287231
12617,4,0,0.13960334658622742
12618,2,0,0.10198544710874557
12619,4,0,0.09478265047073364
12620,3,0,0.1264125108718872
12621,5,0,0.06367968767881393
12622,1,0,0.4654642641544342
12623,5,0,0.06575147807598114
12624,1,0,0.1411494016647339
12625,5,0,0.052174173295497894
12626,2,0,0.06706268340349197
12627,4,0,0.22107602655887604
12628,1,0,0.1709480881690979
12629,3,0,0.14438457787036896
12630,2,0,0.2254328727722168
12631,4,1,0.19042159616947174
12632,5,1,0.14922906458377838
12633,4,0,0.2623961865901947
12634,3,1,0.22331298887729645
12635,4,0,0.0855800062417984
12636,4,1,0.1114685907959938
12637,2,0,0.08850068598985672
12638,4,1,0.2509957551956177
12639,1,0,0.05098084360361099
12640,5,0,0.12853850424289703
12641,4,0,0.1317959874868393
12642,2,0,0.25605979561805725
12643,2,0,0.1722174733877182
12644,1,0,0.09332650154829025
12645,3,0,0.11359340697526932
12646,1,1,0.14593029022216797
12647,4,0,0.08787424117326736
12648,5,0,0.055560335516929626
12649,3,0,0.15061387419700623
12650,4,0,0.05579167231917381
12651,4,0,0.24607805907726288
12652,3,0,0.19224663078784943
12653,1,0,0.15287724137306213
12654,4,1,0.7161399722099304
12655,5,0,0.12347178906202316
12656,4,0,0.09280997514724731
12657,3,1,0.4429442286491394
12658,4,0,0.18709386885166168
12659,5,0,0.0759909600019455
12660,3,1,0.12011204659938812
12661,1,0,0.09535183012485504
12662,2,0,0.16946355998516083
12663,3,0,0.250857949256897
12664,4,0,0.11691507697105408
12665,1,1,0.5709310173988342
12666,1,0,0.36812496185302734
12667,4,0,0.05016164109110832
12668,2,0,0.1163252741098404
12669,2,1,0.6379461884498596
12670,2,0,0.27018237113952637
12671,2,0,0.09653780609369278
12672,1,0,0.1461412012577057
12673,3,0,0.14070729911327362
12674,1,0,0.09558987617492676
12675,5,0,0.08801418542861938
12676,4,0,0.12509053945541382
12677,1,0,0.30854952335357666
12678,4,0,0.18517282605171204
12679,1,0,0.08935131877660751
12680,4,0,0.04190504550933838
12681,1,0,0.07852345705032349
12682,1,0,0.3395921587944031
12683,1,1,0.5866838097572327
12684,3,0,0.1786045879125595
12685,3,1,0.3312305510044098
12686,1,0,0.1834234893321991
12687,5,0,0.19236020743846893
12688,3,0,0.13790346682071686
12689,5,1,0.5343831777572632
12690,4,1,0.19158485531806946
12691,3,0,0.2537670433521271
12692,3,0,0.09237122535705566
12693,2,0,0.08617012202739716
12694,5,0,0.5712695121765137
12695,3,0,0.6376188397407532
12696,4,0,0.32709693908691406
12697,5,0,0.29859235882759094
12698,5,0,0.2283344566822052
12699,3,0,0.20412586629390717
12700,5,0,0.1936921328306198
12701,4,0,0.0427691712975502
12702,3,0,0.12592652440071106
12703,2,0,0.08945485204458237
12704,3,0,0.3489234447479248
12705,5,0,0.20378081500530243
12706,3,1,0.44897347688674927
12707,2,1,0.2867138981819153
12708,3,0,0.10114789009094238
12709,5,0,0.33885830640792847
12710,1,0,0.03953398019075394
12711,1,0,0.5104641318321228
12712,4,0,0.1541748046875
12713,5,0,0.15901502966880798
12714,3,0,0.12287621945142746
12715,4,0,0.09314393997192383
12716,3,0,0.05367827042937279
12717,3,0,0.08887823671102524
12718,5,0,0.7693126201629639
12719,2,0,0.4748022258281708
12720,4,1,0.12308307737112045
12721,5,1,0.16015340387821198
12722,5,0,0.050242118537425995
12723,1,0,0.13810154795646667
12724,2,0,0.07452847808599472
12725,2,0,0.059675831347703934
12726,1,0,0.042204707860946655
12727,2,0,0.10401560366153717
12728,1,0,0.271095335483551
12729,5,1,0.5721602439880371
12730,4,0,0.11603662371635437
12731,1,0,0.14573130011558533
12732,5,0,0.3893832564353943
12733,4,0,0.17118485271930695
12734,2,1,0.6695878505706787
12735,4,0,0.1337657868862152
12736,2,1,0.413933128118515
12737,4,1,0.22864410281181335
12738,3,0,0.13712970912456512
12739,3,1,0.7453946471214294
12740,2,0,0.4739063084125519
12741,1,0,0.10427647083997726
12742,1,0,0.16021916270256042
12743,4,0,0.045384589582681656
12744,4,0,0.26180118322372437
12745,2,0,0.1975400149822235
12746,2,0,0.06864587962627411
12747,2,1,0.23389603197574615
12748,1,1,0.7579363584518433
12749,2,1,0.2230813354253769
12750,4,1,0.10050056129693985
12751,4,0,0.20523449778556824
12752,3,0,0.03500351682305336
12753,4,0,0.04730070009827614
12754,3,1,0.34370046854019165
12755,1,0,0.05076048895716667
12756,5,0,0.06853697448968887
12757,2,0,0.09817418456077576
12758,3,0,0.1403692215681076
12759,2,0,0.11657308042049408
12760,1,0,0.09009566903114319
12761,2,1,0.11773459613323212
12762,1,0,0.12407785654067993
12763,4,0,0.21101926267147064
12764,1,1,0.25487378239631653
12765,4,1,0.6766658425331116
12766,3,0,0.054573267698287964
12767,1,1,0.21323637664318085
12768,1,1,0.7809905409812927
12769,2,0,0.3231046199798584
12770,1,1,0.29604488611221313
12771,5,0,0.5244545340538025
12772,2,0,0.20820793509483337
12773,2,1,0.7716784477233887
12774,1,1,0.31680965423583984
12775,4,1,0.6777490973472595
12776,3,0,0.26821017265319824
12777,5,1,0.13770177960395813
12778,3,1,0.11241260170936584
12779,4,1,0.7000482082366943
12780,3,0,0.11393292993307114
12781,1,0,0.03999689593911171
12782,1,0,0.21722735464572906
12783,4,1,0.6393694281578064
12784,1,0,0.06754311174154282
12785,1,0,0.11002660542726517
12786,4,0,0.06539193540811539
12787,4,0,0.20374561846256256
12788,4,0,0.20560193061828613
12789,1,0,0.23335224390029907
12790,3,0,0.22847573459148407
12791,4,0,0.08238869905471802
12792,5,0,0.05368081480264664
12793,2,0,0.13557961583137512
12794,3,0,0.09742795675992966
12795,3,0,0.05889292433857918
12796,1,0,0.06548988074064255
12797,2,0,0.05958142504096031
12798,4,0,0.04981335997581482
12799,4,0,0.1727006882429123
12800,1,0,0.1475522220134735
12801,3,0,0.42081665992736816
12802,3,0,0.4404951333999634
12803,4,0,0.06822513043880463
12804,3,1,0.5120055079460144
12805,3,0,0.15053988993167877
12806,3,0,0.09647933393716812
12807,2,0,0.04487555846571922
12808,1,0,0.13250301778316498
12809,3,0,0.21171104907989502
12810,3,0,0.7262623310089111
12811,5,1,0.2530341148376465
12812,2,0,0.13797283172607422
12813,1,0,0.10386735945940018
12814,1,0,0.3082430064678192
12815,5,1,0.13226014375686646
12816,2,0,0.10612300783395767
12817,2,0,0.0994860902428627
12818,4,1,0.29053395986557007
12819,4,0,0.08612411469221115
12820,1,0,0.15935289859771729
12821,4,0,0.1550801694393158
12822,2,0,0.7177267670631409
12823,5,0,0.07310653477907181
12824,1,0,0.06388021260499954
12825,2,0,0.09455554932355881
12826,5,1,0.5204512476921082
12827,3,0,0.15669341385364532
12828,4,0,0.07948540896177292
12829,2,0,0.28138598799705505
12830,4,0,0.26993322372436523
12831,2,0,0.18184901773929596
12832,1,1,0.12269896268844604
12833,5,0,0.09999306499958038
12834,3,0,0.061172518879175186
12835,3,1,0.6844619512557983
12836,4,0,0.1962277591228485
12837,2,0,0.03396441042423248
12838,3,0,0.26653409004211426
12839,3,0,0.756884753704071
12840,1,1,0.44438180327415466
12841,4,1,0.06056256964802742
12842,4,1,0.6170022487640381
12843,3,1,0.3946841061115265
12844,2,0,0.13638836145401
12845,5,0,0.06440898776054382
12846,1,0,0.31062576174736023
12847,5,1,0.13037389516830444
12848,3,0,0.12756897509098053
12849,5,0,0.057146813720464706
12850,2,0,0.07474943995475769
12851,3,1,0.13524305820465088
12852,3,0,0.04397236183285713
12853,2,1,0.5176809430122375
12854,5,0,0.058841630816459656
12855,4,0,0.08595586568117142
12856,4,0,0.06261305510997772
12857,4,0,0.08072523772716522
12858,3,0,0.08210037648677826
12859,4,0,0.11987122893333435
12860,4,0,0.06722041964530945
12861,4,1,0.2616749107837677
12862,1,0,0.13464973866939545
12863,5,0,0.1840018481016159
12864,4,0,0.0774482935667038
12865,3,0,0.0837273970246315
12866,2,1,0.7511307001113892
12867,5,1,0.24268387258052826
12868,4,0,0.14221099019050598
12869,4,0,0.09736430644989014
12870,1,0,0.17024067044258118
12871,4,0,0.11671923846006393
12872,1,0,0.3221183121204376
12873,3,0,0.6260514855384827
12874,4,0,0.11609818041324615
12875,3,0,0.12853685021400452
12876,3,0,0.08804785460233688
12877,1,0,0.18187597393989563
12878,3,0,0.11021833121776581
12879,3,0,0.03138846531510353
12880,4,0,0.15111327171325684
12881,5,0,0.12087880074977875
12882,3,0,0.08564263582229614
12883,3,1,0.07828239351511002
12884,4,1,0.3373706638813019
12885,2,0,0.14976702630519867
12886,3,0,0.2102319449186325
12887,4,0,0.6024073362350464
12888,4,0,0.11215005815029144
12889,5,0,0.473563015460968
12890,1,0,0.04853619635105133
12891,5,0,0.17833784222602844
12892,3,0,0.11200222373008728
12893,4,0,0.13523228466510773
12894,3,0,0.04430164769291878
12895,2,1,0.10640185326337814
12896,3,1,0.753248929977417
12897,5,0,0.061947811394929886
12898,1,1,0.7677677869796753
12899,5,0,0.06957550346851349
12900,4,0,0.12061262130737305
12901,4,0,0.06367688626050949
12902,4,0,0.8175384402275085
12903,3,1,0.09017789363861084
12904,5,0,0.08575994521379471
12905,2,1,0.1468551605939865
12906,3,0,0.7121363878250122
12907,1,1,0.3854829668998718
12908,1,0,0.044675312936306
12909,4,0,0.1535707265138626
12910,2,0,0.07807495445013046
12911,2,1,0.1321965754032135
12912,5,0,0.06577608734369278
12913,3,0,0.25593870878219604
12914,2,0,0.03611531853675842
12915,2,0,0.0890217274427414
12916,2,0,0.15818704664707184
12917,2,1,0.2885946035385132
12918,5,0,0.11900017410516739
12919,3,0,0.09765147417783737
12920,5,0,0.09300894290208817
12921,3,0,0.2891370356082916
12922,3,0,0.11274603754281998
12923,4,0,0.2148507833480835
12924,1,1,0.146205335855484
12925,2,1,0.6400967240333557
12926,5,1,0.18570762872695923
12927,2,1,0.20398977398872375
12928,4,0,0.16369761526584625
12929,2,0,0.11368267238140106
12930,1,1,0.6932836771011353
12931,2,1,0.07817133516073227
12932,1,1,0.13640737533569336
12933,3,0,0.12873035669326782
12934,2,0,0.0782678946852684
12935,1,0,0.11831484735012054
12936,2,0,0.14309294521808624
12937,4,0,0.22133077681064606
12938,3,0,0.1226520985364914
12939,3,0,0.12228107452392578
12940,4,0,0.12495492398738861
12941,3,0,0.1358211487531662
12942,2,0,0.524605929851532
12943,3,0,0.0791768953204155
12944,3,0,0.07785062491893768
12945,4,0,0.07270234078168869
12946,3,1,0.8052975535392761
12947,3,0,0.1589038372039795
12948,1,0,0.1244860365986824
12949,4,0,0.16661645472049713
12950,5,0,0.05187225341796875
12951,1,0,0.17670422792434692
12952,3,0,0.05971512570977211
12953,1,0,0.1903584897518158
12954,3,0,0.06660378724336624
12955,1,1,0.5109186172485352
12956,3,0,0.15644828975200653
12957,3,0,0.1197797879576683
12958,5,1,0.3423117399215698
12959,3,0,0.12515561282634735
12960,4,0,0.10859572887420654
12961,5,0,0.14002832770347595
12962,1,0,0.10694356262683868
12963,4,0,0.047065943479537964
12964,3,1,0.26830896735191345
12965,4,0,0.17382583022117615
12966,3,0,0.13427577912807465
12967,2,0,0.2064371258020401
12968,2,1,0.19678311049938202
12969,4,0,0.05174518749117851
12970,5,0,0.0618901289999485
12971,1,0,0.19867347180843353
12972,1,0,0.2799135148525238
12973,5,1,0.4761798083782196
12974,2,1,0.1438930183649063
12975,2,0,0.07794351875782013
12976,5,1,0.6241190433502197
12977,3,1,0.7314741015434265
12978,3,1,0.30917057394981384
12979,1,0,0.12991726398468018
12980,5,0,0.0968426838517189
12981,1,0,0.05349443480372429
12982,3,1,0.15178868174552917
12983,3,1,0.6784051060676575
12984,1,0,0.10598601400852203
12985,5,0,0.10619300603866577
12986,5,0,0.3215806782245636
12987,4,0,0.18532533943653107
12988,2,0,0.07003238797187805
12989,5,0,0.13140089809894562
12990,1,1,0.24675485491752625
12991,2,1,0.10656598210334778
12992,1,0,0.12271807342767715
12993,2,1,0.6484743356704712
12994,4,1,0.09827348589897156
12995,4,0,0.2630574703216553
12996,2,0,0.058479584753513336
12997,4,0,0.13660584390163422
12998,5,0,0.1285945028066635
12999,2,0,0.19651912152767181
13000,5,0,0.4767363965511322
13001,4,0,0.22273002564907074
13002,4,0,0.24364812672138214
13003,3,0,0.10630274564027786
13004,4,0,0.08782472461462021
13005,2,0,0.10229802876710892
13006,5,0,0.12106067687273026
13007,4,0,0.07043829560279846
13008,1,0,0.3342828154563904
13009,2,0,0.1618194580078125
13010,1,1,0.08463669568300247
13011,4,0,0.08718862384557724
13012,1,0,0.0910407155752182
13013,5,0,0.13935047388076782
13014,4,0,0.08002044260501862
13015,2,1,0.6793562769889832
13016,3,0,0.3208698034286499
13017,5,0,0.11773466318845749
13018,1,1,0.28387942910194397
13019,3,0,0.5923461318016052
13020,5,0,0.3525920808315277
13021,4,0,0.17975714802742004
13022,1,0,0.13322719931602478
13023,5,0,0.11991113424301147
13024,2,0,0.1366828978061676
13025,5,0,0.1491682231426239
13026,3,1,0.2977144718170166
13027,3,0,0.15773309767246246
13028,5,0,0.2178753763437271
13029,5,1,0.5387646555900574
13030,1,0,0.16771498322486877
13031,1,0,0.09407219290733337
13032,5,0,0.346390962600708
13033,2,0,0.03731765225529671
13034,3,0,0.08744200319051743
13035,4,0,0.16126275062561035
13036,2,0,0.2612917721271515
13037,2,0,0.2066688984632492
13038,1,0,0.0340125672519207
13039,4,0,0.0787850022315979
13040,4,0,0.06680816411972046
13041,2,0,0.11855528503656387
13042,4,1,0.055836062878370285
13043,2,0,0.13128431141376495
13044,4,0,0.0910191759467125
13045,3,0,0.28140273690223694
13046,5,0,0.08043888956308365
13047,4,0,0.3036339581012726
13048,4,0,0.06632611900568008
13049,4,0,0.35772743821144104
13050,5,0,0.2006794810295105
13051,3,0,0.059996865689754486
13052,5,1,0.07235929369926453
13053,4,0,0.11437869071960449
13054,4,0,0.09387177973985672
13055,2,0,0.13348715007305145
13056,5,1,0.627498209476471
13057,3,0,0.14331859350204468
13058,5,1,0.17427711188793182
13059,4,0,0.12838958203792572
13060,2,0,0.09080018848180771
13061,2,0,0.14799277484416962
13062,1,0,0.03169911727309227
13063,4,0,0.062371354550123215
13064,2,0,0.1312883198261261
13065,3,0,0.52105712890625
13066,3,0,0.09630599617958069
13067,1,0,0.3075374364852905
13068,2,1,0.8114128112792969
13069,3,0,0.116063691675663
13070,1,1,0.7551928162574768
13071,3,0,0.08485842496156693
13072,3,0,0.09728947281837463
13073,1,1,0.7186405062675476
13074,3,0,0.04672509431838989
13075,4,0,0.15159347653388977
13076,1,1,0.5585832595825195
13077,1,0,0.5173101425170898
13078,5,0,0.11500022560358047
13079,4,0,0.10025359690189362
13080,4,0,0.03893624246120453
13081,4,0,0.07316064834594727
13082,2,0,0.17352749407291412
13083,3,0,0.2055981159210205
13084,3,0,0.07170355319976807
13085,1,0,0.21105517446994781
13086,1,1,0.7261224985122681
13087,2,0,0.08820105344057083
13088,2,0,0.055057983845472336
13089,5,0,0.6115267872810364
13090,3,0,0.09780264645814896
13091,5,0,0.04071979597210884
13092,2,0,0.6374902725219727
13093,4,1,0.17096160352230072
13094,2,1,0.2425377368927002
13095,1,0,0.19654735922813416
13096,4,1,0.3368437588214874
13097,5,1,0.7760012149810791
13098,5,0,0.11807127296924591
13099,3,0,0.2696335017681122
13100,1,0,0.0668625757098198
13101,4,0,0.1803590953350067
13102,4,1,0.8366132378578186
13103,4,0,0.06934863328933716
13104,4,0,0.1492636501789093
13105,5,1,0.1938524842262268
13106,5,0,0.05367941036820412
13107,3,1,0.42160487174987793
13108,3,0,0.15589524805545807
13109,4,0,0.04668937250971794
13110,4,0,0.10474041849374771
13111,4,0,0.1378554254770279
13112,2,0,0.08331262320280075
13113,4,1,0.7303151488304138
13114,2,0,0.08444087207317352
13115,2,0,0.12905138731002808
13116,2,1,0.2935909628868103
13117,1,0,0.24889034032821655
13118,3,0,0.4058927297592163
13119,4,0,0.08504589647054672
13120,1,0,0.4623677134513855
13121,1,0,0.2559598684310913
13122,3,1,0.3978620171546936
13123,4,0,0.11573103815317154
13124,3,1,0.19439703226089478
13125,5,0,0.11549936234951019
13126,2,0,0.3486819863319397
13127,1,0,0.11303316801786423
13128,4,0,0.06284993141889572
13129,3,1,0.601470947265625
13130,2,0,0.1510162204504013
13131,5,0,0.10090135037899017
13132,4,0,0.17130573093891144
13133,4,0,0.03842649236321449
13134,3,0,0.650018572807312
13135,1,1,0.14742209017276764
13136,5,1,0.2593090832233429
13137,3,0,0.12014379352331161
13138,4,0,0.13242104649543762
13139,5,1,0.14720061421394348
13140,4,1,0.5957624316215515
13141,2,0,0.12725719809532166
13142,5,0,0.2081034779548645
13143,2,0,0.1761942356824875
13144,5,0,0.1470828354358673
13145,3,0,0.07381486147642136
13146,1,0,0.113010935485363
13147,5,0,0.2852940559387207
13148,3,1,0.18398699164390564
13149,4,0,0.10150602459907532
13150,2,0,0.4591483771800995
13151,1,0,0.04448738321661949
13152,4,1,0.054590098559856415
13153,1,0,0.08402080833911896
13154,1,0,0.0718432068824768
13155,1,0,0.09277748316526413
13156,1,0,0.18247517943382263
13157,5,1,0.23368491232395172
13158,2,0,0.19441796839237213
13159,1,1,0.6387906670570374
13160,2,0,0.36138004064559937
13161,1,1,0.059710822999477386
13162,3,0,0.10490632802248001
13163,5,0,0.18379278481006622
13164,4,0,0.06456081569194794
13165,2,0,0.15573635697364807
13166,3,0,0.226530522108078
13167,5,0,0.12240516394376755
13168,3,0,0.2000381201505661
13169,4,1,0.13781701028347015
13170,4,0,0.0898519828915596
13171,4,0,0.22314082086086273
13172,1,0,0.10979273170232773
13173,3,0,0.09807061403989792
13174,1,0,0.1228630468249321
13175,5,0,0.17284329235553741
13176,3,0,0.14993570744991302
13177,3,0,0.08605299890041351
13178,1,0,0.2059357464313507
13179,4,0,0.13173717260360718
13180,5,0,0.3800754249095917
13181,3,1,0.6414685845375061
13182,3,0,0.2931358218193054
13183,1,0,0.14990951120853424
13184,5,0,0.06779210269451141
13185,5,0,0.07954190671443939
13186,1,0,0.09978335350751877
13187,4,1,0.10725671797990799
13188,2,1,0.1439540535211563
13189,5,0,0.20561087131500244
13190,5,0,0.19309686124324799
13191,5,0,0.08550206571817398
13192,1,0,0.06712896376848221
13193,1,0,0.16626156866550446
13194,3,0,0.09552791714668274
13195,5,0,0.17558741569519043
13196,4,0,0.05983848497271538
13197,5,1,0.314464807510376
13198,3,0,0.18443095684051514
13199,4,0,0.14476479589939117
13200,5,0,0.16173891723155975
13201,5,1,0.19116905331611633
13202,2,0,0.18362094461917877
13203,1,0,0.6366199851036072
13204,3,0,0.10919294506311417
13205,3,0,0.05483721196651459
13206,3,0,0.5346245169639587
13207,2,0,0.3637862503528595
13208,2,0,0.07316429913043976
13209,1,0,0.18809258937835693
13210,2,0,0.2212032526731491
13211,4,0,0.37577444314956665
13212,4,0,0.10599958896636963
13213,3,0,0.194452702999115
13214,5,0,0.15823988616466522
13215,2,0,0.3325553834438324
13216,4,0,0.11200091987848282
13217,1,0,0.10538386553525925
13218,5,0,0.24762754142284393
13219,1,0,0.0867738127708435
13220,5,0,0.09075915813446045
13221,2,1,0.17518208920955658
13222,4,0,0.12416651099920273
13223,4,0,0.10439209640026093
13224,1,1,0.1579832136631012
13225,4,0,0.05628468841314316
13226,5,1,0.7663566470146179
13227,2,0,0.10528626292943954
13228,2,0,0.15948432683944702
13229,4,0,0.18592175841331482
13230,4,0,0.1298956722021103
13231,5,1,0.10681040585041046
13232,1,0,0.24476364254951477
13233,1,0,0.053887009620666504
13234,1,0,0.09391557425260544
13235,1,0,0.08045920729637146
13236,5,0,0.3269535005092621
13237,1,0,0.03598729148507118
13238,1,0,0.08830095827579498
13239,2,0,0.11112641543149948
13240,3,0,0.1394297182559967
13241,5,0,0.1362810879945755
13242,5,0,0.20610149204730988
13243,4,0,0.093495674431324
13244,1,0,0.07857931405305862
13245,3,1,0.32928842306137085
13246,4,1,0.304629921913147
13247,5,0,0.07530880719423294
13248,5,0,0.5821521282196045
13249,4,0,0.05074186995625496
13250,2,0,0.15604552626609802
13251,3,0,0.13455042243003845
13252,4,0,0.3090084195137024
13253,3,0,0.08986401557922363
13254,2,0,0.08485560119152069
13255,1,1,0.10701348632574081
13256,5,0,0.06277912110090256
13257,5,0,0.058286480605602264
13258,5,0,0.07614850997924805
13259,3,0,0.13355067372322083
13260,5,1,0.31050246953964233
13261,3,0,0.22663620114326477
13262,3,0,0.05497809126973152
13263,5,0,0.11907224357128143
13264,4,1,0.7843456268310547
13265,2,1,0.7869353890419006
13266,1,1,0.6980712413787842
13267,3,0,0.10562432557344437
13268,4,0,0.061491891741752625
13269,5,0,0.15078076720237732
13270,5,0,0.14830730855464935
13271,3,0,0.04338119924068451
13272,5,0,0.3780703842639923
13273,4,1,0.20074160397052765
13274,1,0,0.11473489552736282
13275,5,0,0.07182373106479645
13276,1,0,0.03967777639627457
13277,3,0,0.1832221895456314
13278,5,0,0.09649213403463364
13279,5,0,0.08119901269674301
13280,5,0,0.03662852197885513
13281,5,0,0.7450218796730042
13282,3,0,0.12758421897888184
13283,2,0,0.278882771730423
13284,2,0,0.0823960229754448
13285,4,0,0.07614416629076004
13286,1,1,0.32641151547431946
13287,4,0,0.05096229910850525
13288,3,1,0.786935567855835
13289,1,0,0.06973167508840561
13290,2,0,0.3033563196659088
13291,1,0,0.06801371276378632
13292,2,0,0.3101295530796051
13293,1,0,0.18241634964942932
13294,2,0,0.150340735912323
13295,2,0,0.08183882385492325
13296,2,0,0.027896396815776825
13297,1,0,0.04220493882894516
13298,2,0,0.18106119334697723
13299,1,0,0.19352900981903076
13300,1,0,0.14705154299736023
13301,2,0,0.09073265641927719
13302,1,0,0.028092652559280396
13303,3,1,0.7727383375167847
13304,4,0,0.1436196267604828
13305,4,0,0.08514267951250076
13306,4,1,0.6915333867073059
13307,1,1,0.694304883480072
13308,1,0,0.22284942865371704
13309,2,0,0.6109650731086731
13310,5,1,0.16421307623386383
13311,2,0,0.09547752141952515
13312,1,0,0.17243316769599915
13313,5,0,0.19244006276130676
13314,5,0,0.054571039974689484
13315,1,1,0.21378785371780396
13316,1,1,0.7638056874275208
13317,4,0,0.1253964602947235
13318,1,0,0.09365349262952805
13319,1,1,0.3106948137283325
13320,1,0,0.3009224534034729
13321,3,0,0.09452115744352341
13322,4,1,0.7145083546638489
13323,5,0,0.11938735097646713
13324,2,1,0.6857616901397705
13325,2,0,0.11606881767511368
13326,5,0,0.16895997524261475
13327,3,0,0.029869528487324715
13328,5,0,0.14886899292469025
13329,5,1,0.6254705190658569
13330,1,0,0.2993161082267761
13331,4,0,0.09120994061231613
13332,2,0,0.1571202427148819
13333,1,0,0.09718441963195801
13334,5,1,0.12905053794384003
13335,5,0,0.06847450882196426
13336,4,0,0.1264944225549698
13337,5,0,0.056738581508398056
13338,4,0,0.06508538872003555
13339,3,0,0.10346358269453049
13340,4,1,0.7245593667030334
13341,5,0,0.3119029104709625
13342,4,0,0.11102359741926193
13343,1,0,0.08778007328510284
13344,2,0,0.1002373993396759
13345,3,0,0.6527004241943359
13346,1,1,0.13379691541194916
13347,2,0,0.2337370365858078
13348,1,1,0.22592425346374512
13349,4,0,0.07531701773405075
13350,2,0,0.08091092854738235
13351,1,0,0.255643367767334
13352,3,0,0.10538942366838455
13353,1,0,0.20157164335250854
13354,2,0,0.18486948311328888
13355,5,0,0.07487433403730392
13356,4,0,0.2818075716495514
13357,5,0,0.1366642266511917
13358,1,0,0.06571772694587708
13359,5,0,0.15050570666790009
13360,1,0,0.08632584661245346
13361,1,0,0.08669392764568329
13362,4,0,0.13540008664131165
13363,5,1,0.6316288113594055
13364,1,0,0.09274844825267792
13365,1,0,0.6311628222465515
13366,2,0,0.07111254334449768
13367,2,1,0.7397081851959229
13368,1,0,0.0776674821972847
13369,4,0,0.40896308422088623
13370,3,0,0.032621923834085464
13371,1,0,0.2124715894460678
13372,5,0,0.0734783262014389
13373,4,1,0.15997552871704102
13374,2,1,0.5708980560302734
13375,4,1,0.1585618406534195
13376,4,0,0.16310681402683258
13377,1,1,0.2588580250740051
13378,1,1,0.14059288799762726
13379,1,0,0.28264105319976807
13380,2,0,0.06591732800006866
13381,3,0,0.10420037806034088
13382,3,0,0.13667744398117065
13383,2,0,0.09829917550086975
13384,4,0,0.15814612805843353
13385,2,0,0.03690759092569351
13386,2,0,0.08870069682598114
13387,5,0,0.12399756908416748
13388,5,0,0.6170846223831177
13389,3,0,0.11187786608934402
13390,4,0,0.15200890600681305
13391,4,0,0.0799173042178154
13392,3,0,0.2761270999908447
13393,3,0,0.10208171606063843
13394,2,0,0.24516674876213074
13395,5,0,0.08521043509244919
13396,2,0,0.19052089750766754
13397,3,0,0.666330099105835
13398,3,0,0.2622286379337311
13399,1,0,0.15250042080879211
13400,2,0,0.17952461540699005
13401,4,0,0.1964959055185318
13402,3,0,0.13535015285015106
13403,4,1,0.236117422580719
13404,2,0,0.07470318675041199
13405,2,1,0.7154137492179871
13406,4,1,0.5321391820907593
13407,5,0,0.21007324755191803
13408,2,0,0.07698159664869308
13409,2,0,0.3752169609069824
13410,2,0,0.05609378218650818
13411,2,0,0.5931017994880676
13412,3,0,0.09685245156288147
13413,2,0,0.08374914526939392
13414,4,1,0.34074079990386963
13415,4,0,0.6390650272369385
13416,3,0,0.594109833240509
13417,1,0,0.1223263368010521
13418,4,0,0.09475366771221161
13419,3,0,0.31425172090530396
13420,3,0,0.4630774259567261
13421,5,1,0.5875986814498901
13422,5,0,0.08496204018592834
13423,2,1,0.4166238605976105
13424,5,0,0.09884198755025864
13425,1,1,0.3903208076953888
13426,5,0,0.12231417000293732
13427,2,0,0.14148661494255066
13428,4,0,0.1389997899532318
13429,1,0,0.1228627860546112
13430,2,1,0.7828764915466309
13431,1,0,0.11801345646381378
13432,5,0,0.07263629138469696
13433,1,1,0.7819725871086121
13434,4,0,0.07716729491949081
13435,2,0,0.042486388236284256
13436,5,1,0.7272964119911194
13437,3,0,0.07237417995929718
13438,4,1,0.23860730230808258
13439,4,0,0.13722465932369232
13440,1,0,0.20382395386695862
13441,2,1,0.7814901471138
13442,5,1,0.510384738445282
13443,3,0,0.1713050901889801
13444,1,0,0.10424048453569412
13445,5,0,0.04700753837823868
13446,3,0,0.1843024641275406
13447,3,0,0.13887538015842438
13448,4,1,0.28538525104522705
13449,4,0,0.18810521066188812
13450,2,0,0.1464948207139969
13451,3,0,0.2037152200937271
13452,1,0,0.22240854799747467
13453,2,0,0.08543790876865387
13454,4,0,0.14711783826351166
13455,1,1,0.1097010001540184
13456,1,0,0.19881027936935425
13457,1,0,0.12379872053861618
13458,3,1,0.10442041605710983
13459,3,0,0.1101272702217102
13460,5,0,0.1076752096414566
13461,5,0,0.13207672536373138
13462,3,0,0.19921940565109253
13463,1,0,0.14436893165111542
13464,5,1,0.5500549674034119
13465,3,0,0.7628215551376343
13466,1,0,0.07102219760417938
13467,5,1,0.28378868103027344
13468,4,0,0.15554198622703552
13469,4,1,0.19043973088264465
13470,3,0,0.12007603794336319
13471,1,0,0.05889519304037094
13472,3,0,0.2331857681274414
13473,2,0,0.19588589668273926
13474,5,0,0.23267707228660583
13475,1,1,0.2588496804237366
13476,4,0,0.12279556691646576
13477,4,0,0.561953067779541
13478,3,0,0.21424034237861633
13479,5,0,0.1916065812110901
13480,3,0,0.044051993638277054
13481,2,1,0.5165152549743652
13482,3,0,0.22976389527320862
13483,4,0,0.04889155924320221
13484,3,1,0.22271791100502014
13485,5,0,0.3103526830673218
13486,5,1,0.6068226099014282
13487,5,0,0.14873860776424408
13488,3,0,0.16194801032543182
13489,1,0,0.10602331906557083
13490,3,0,0.10498890280723572
13491,1,0,0.15015403926372528
13492,1,0,0.6429365873336792
13493,4,1,0.7808756828308105
13494,2,0,0.2024478167295456
13495,5,1,0.7687124013900757
13496,3,0,0.10570920258760452
13497,5,0,0.2533903121948242
13498,4,0,0.1012839674949646
13499,2,0,0.435846745967865
13500,1,0,0.152269646525383
13501,2,0,0.3101295530796051
13502,4,1,0.6322399973869324
13503,3,0,0.8284419178962708
13504,3,0,0.1421380192041397
13505,4,1,0.09756536781787872
13506,5,0,0.0960276648402214
13507,5,0,0.09225624054670334
13508,4,1,0.5862402319908142
13509,5,1,0.42630884051322937
13510,2,0,0.06885083019733429
13511,1,1,0.23150672018527985
13512,2,0,0.10093189775943756
13513,3,0,0.24289846420288086
13514,5,0,0.061565645039081573
13515,3,1,0.25771185755729675
13516,4,0,0.22576744854450226
13517,5,0,0.02963664010167122
13518,4,0,0.09143277257680893
13519,5,0,0.12023415416479111
13520,2,0,0.13472667336463928
13521,4,0,0.0793074294924736
13522,5,0,0.7734422087669373
13523,2,0,0.6138134002685547
13524,1,0,0.024499667808413506
13525,3,0,0.059184055775403976
13526,4,1,0.6912105083465576
13527,2,0,0.050840113312006
13528,5,0,0.14587236940860748
13529,5,0,0.17550791800022125
13530,2,0,0.09882024675607681
13531,2,0,0.2195829451084137
13532,2,1,0.20346397161483765
13533,1,1,0.4772060215473175
13534,2,0,0.06823427975177765
13535,3,0,0.04388301447033882
13536,5,1,0.7682545781135559
13537,3,0,0.11290828883647919
13538,2,1,0.14701315760612488
13539,1,0,0.07135337591171265
13540,3,0,0.21867191791534424
13541,4,0,0.09689846634864807
13542,3,0,0.11163626611232758
13543,5,1,0.8316367864608765
13544,3,0,0.08735764771699905
13545,1,0,0.16290417313575745
13546,4,0,0.06424286961555481
13547,2,0,0.10383664816617966
13548,5,1,0.546083927154541
13549,4,0,0.11296354979276657
13550,4,0,0.1195649802684784
13551,3,0,0.2286684215068817
13552,3,0,0.12125400453805923
13553,4,0,0.24754759669303894
13554,5,0,0.14092573523521423
13555,3,1,0.806215763092041
13556,4,0,0.42477869987487793
13557,5,0,0.19082506000995636
13558,1,0,0.08613470196723938
13559,3,1,0.6462222933769226
13560,2,0,0.05532875657081604
13561,3,0,0.07417217642068863
13562,1,1,0.7346871495246887
13563,5,0,0.04794905707240105
13564,4,0,0.12333541363477707
13565,1,1,0.1662406623363495
13566,2,0,0.18750731647014618
13567,3,0,0.09532853215932846
13568,4,0,0.19652637839317322
13569,5,0,0.4121314585208893
13570,1,0,0.10719480365514755
13571,2,1,0.44893860816955566
13572,4,0,0.12666863203048706
13573,4,0,0.15996994078159332
13574,4,0,0.10045021772384644
13575,4,0,0.16528883576393127
13576,3,0,0.11312878131866455
13577,5,0,0.15806445479393005
13578,5,0,0.18387390673160553
13579,1,0,0.05460051819682121
13580,2,1,0.45391446352005005
13581,2,0,0.061472758650779724
13582,2,0,0.33061790466308594
13583,5,0,0.20522461831569672
13584,4,0,0.25536060333251953
13585,4,0,0.11973004788160324
13586,3,1,0.1256708949804306
13587,2,1,0.7527549266815186
13588,1,0,0.031363800168037415
13589,4,0,0.06789093464612961
13590,5,0,0.07956267148256302
13591,1,0,0.23236580193042755
13592,2,0,0.14019271731376648
13593,4,0,0.11216763406991959
13594,2,0,0.6871381402015686
13595,5,0,0.1311296820640564
13596,2,1,0.16705310344696045
13597,4,0,0.10304800420999527
13598,1,0,0.15166611969470978
13599,3,1,0.7204978466033936
13600,2,0,0.1414405107498169
13601,2,0,0.12922009825706482
13602,2,0,0.10202246904373169
13603,1,0,0.1043376550078392
13604,1,1,0.3128146231174469
13605,4,1,0.8097203373908997
13606,4,0,0.756424069404602
13607,4,1,0.7989892959594727
13608,5,1,0.645241916179657
13609,5,0,0.05362001061439514
13610,4,0,0.22550299763679504
13611,3,0,0.051411695778369904
13612,3,1,0.20458629727363586
13613,2,0,0.03587251529097557
13614,2,0,0.10616955906152725
13615,3,0,0.0812675878405571
13616,4,1,0.13619664311408997
13617,4,0,0.7610015273094177
13618,3,0,0.06342528015375137
13619,4,1,0.24527625739574432
13620,4,0,0.1738332360982895
13621,1,0,0.7642170190811157
13622,4,1,0.5607211589813232
13623,1,0,0.11396437883377075
13624,5,0,0.15112271904945374
13625,1,0,0.06318461149930954
13626,1,0,0.237114816904068
13627,3,1,0.1488141119480133
13628,5,0,0.2600141763687134
13629,3,0,0.11589773744344711
13630,3,1,0.07446564733982086
13631,2,0,0.046568915247917175
13632,5,0,0.06668929010629654
13633,1,0,0.14491130411624908
13634,3,0,0.03536953032016754
13635,4,0,0.11455129832029343
13636,3,0,0.27241015434265137
13637,2,0,0.09521694481372833
13638,2,0,0.07900524884462357
13639,5,0,0.19750624895095825
13640,2,1,0.08979953080415726
13641,5,1,0.2694259285926819
13642,1,0,0.1708354353904724
13643,2,0,0.08766328543424606
13644,4,0,0.03907820209860802
13645,1,0,0.13580860197544098
13646,4,0,0.03617086634039879
13647,5,0,0.13814938068389893
13648,1,1,0.38470226526260376
13649,3,0,0.05807936564087868
13650,1,0,0.2476443350315094
13651,4,0,0.11371839791536331
13652,1,0,0.23638133704662323
13653,1,0,0.2113170325756073
13654,3,0,0.09126812219619751
13655,4,1,0.6291361451148987
13656,4,0,0.10121996700763702
13657,1,0,0.0935148373246193
13658,2,0,0.6602190136909485
13659,5,0,0.09859180450439453
13660,4,0,0.09591008722782135
13661,5,0,0.09590215235948563
13662,2,0,0.06845683604478836
13663,4,1,0.7575584053993225
13664,5,0,0.06764761358499527
13665,3,0,0.08484597504138947
13666,5,0,0.1780002862215042
13667,2,0,0.11718039959669113
13668,2,0,0.09363804757595062
13669,2,1,0.34039536118507385
13670,1,0,0.1483774185180664
13671,1,1,0.501897394657135
13672,5,0,0.22881852090358734
13673,1,0,0.10874921083450317
13674,2,1,0.20097006857395172
13675,5,0,0.08945684880018234
13676,2,0,0.11895284801721573
13677,3,0,0.18896329402923584
13678,3,1,0.15446630120277405
13679,4,0,0.04662567749619484
13680,3,0,0.09928338974714279
13681,4,0,0.1034686267375946
13682,5,0,0.06306055188179016
13683,5,0,0.11944950371980667
13684,1,0,0.029019204899668694
13685,4,0,0.09556426107883453
13686,1,0,0.24542181193828583
13687,1,0,0.07023539394140244
13688,3,0,0.1659885197877884
13689,3,0,0.11587696522474289
13690,2,0,0.10343463718891144
13691,1,0,0.2601931095123291
13692,1,0,0.13953626155853271
13693,1,1,0.2392045259475708
13694,5,0,0.15263473987579346
13695,1,0,0.12090718001127243
13696,3,1,0.25621533393859863
13697,1,0,0.11554577201604843
13698,4,0,0.134657621383667
13699,1,0,0.17605039477348328
13700,3,1,0.5151164531707764
13701,5,1,0.18355168402194977
13702,4,0,0.08026167750358582
13703,2,0,0.3185349106788635
13704,4,0,0.11570335179567337
13705,4,1,0.12959988415241241
13706,5,0,0.09926678240299225
13707,5,0,0.6538416743278503
13708,2,0,0.07013881951570511
13709,4,0,0.13242442905902863
13710,2,0,0.034807540476322174
13711,3,0,0.2019789218902588
13712,5,0,0.11372629553079605
13713,2,0,0.10579980164766312
13714,3,1,0.12890371680259705
13715,5,0,0.10119324922561646
13716,1,0,0.0520944744348526
13717,2,0,0.19494415819644928
13718,2,0,0.18797238171100616
13719,3,1,0.04784853011369705
13720,2,0,0.1107705757021904
13721,5,1,0.3032321035861969
13722,2,1,0.1673383265733719
13723,1,0,0.09630514681339264
13724,2,1,0.653937816619873
13725,5,0,0.41875970363616943
13726,4,0,0.11845359951257706
13727,2,1,0.7051784992218018
13728,3,0,0.0838153287768364
13729,5,0,0.7124197483062744
13730,1,0,0.13502711057662964
13731,3,0,0.09510470926761627
13732,1,0,0.20936262607574463
13733,4,0,0.20482100546360016
13734,5,0,0.11710137128829956
13735,5,1,0.4159744083881378
13736,4,0,0.037614546716213226
13737,3,0,0.07036686688661575
13738,4,0,0.4992986023426056
13739,4,0,0.17657214403152466
13740,4,0,0.31329524517059326
13741,5,0,0.06235687434673309
13742,1,0,0.07394687086343765
13743,2,0,0.2138039916753769
13744,4,0,0.42534852027893066
13745,1,0,0.06693201512098312
13746,2,1,0.09516964107751846
13747,4,0,0.11407231539487839
13748,2,0,0.24531519412994385
13749,5,0,0.33878669142723083
13750,5,0,0.1557297706604004
13751,4,0,0.06348629295825958
13752,2,0,0.6626592874526978
13753,4,0,0.12998582422733307
13754,5,0,0.1268441379070282
13755,2,0,0.08884715288877487
13756,2,0,0.05763453617691994
13757,2,1,0.1831088811159134
13758,3,1,0.6935169696807861
13759,2,1,0.5086566805839539
13760,1,0,0.06462796032428741
13761,1,0,0.08415044844150543
13762,4,1,0.1298532485961914
13763,1,0,0.02547640912234783
13764,5,0,0.575819194316864
13765,2,0,0.5378325581550598
13766,2,0,0.18459109961986542
13767,1,0,0.06296880543231964
13768,2,0,0.14196041226387024
13769,3,0,0.10930753499269485
13770,2,0,0.3032614290714264
13771,2,0,0.04442707076668739
13772,2,0,0.062347352504730225
13773,4,0,0.15962272882461548
13774,4,1,0.8103018999099731
13775,2,0,0.43012067675590515
13776,1,0,0.0392870157957077
13777,4,0,0.19995462894439697
13778,1,0,0.09666123241186142
13779,3,0,0.18929137289524078
13780,1,1,0.624998927116394
13781,3,0,0.12918999791145325
13782,4,1,0.8278846144676208
13783,5,1,0.16482208669185638
13784,3,0,0.13317716121673584
13785,1,1,0.13416798412799835
13786,2,0,0.09793387353420258
13787,3,0,0.17689786851406097
13788,2,0,0.541832685470581
13789,5,0,0.12845982611179352
13790,1,0,0.22695571184158325
13791,4,0,0.16234347224235535
13792,5,0,0.13268519937992096
13793,2,0,0.24756887555122375
13794,1,0,0.08115627616643906
13795,3,1,0.23054584860801697
13796,5,0,0.24896486103534698
13797,4,0,0.5454300045967102
13798,1,0,0.06394161283969879
13799,3,0,0.3878561854362488
13800,5,1,0.7728970050811768
13801,3,0,0.05258554220199585
13802,2,0,0.09566658735275269
13803,1,0,0.12282270193099976
13804,3,1,0.18685512244701385
13805,2,0,0.34514594078063965
13806,2,0,0.0722431018948555
13807,2,0,0.17336082458496094
13808,3,0,0.12223424762487411
13809,2,0,0.5437909960746765
13810,5,0,0.08682200312614441
13811,3,1,0.7454386353492737
13812,5,0,0.04023145139217377
13813,3,1,0.7715538144111633
13814,3,0,0.05320070683956146
13815,5,0,0.6250837445259094
13816,4,0,0.05781888589262962
13817,3,0,0.050075601786375046
13818,1,0,0.16601155698299408
13819,5,0,0.13569489121437073
13820,2,1,0.60280841588974
13821,3,0,0.14322346448898315
13822,3,0,0.10059566050767899
13823,1,1,0.5319827198982239
13824,5,0,0.09745205193758011
13825,4,1,0.8065047860145569
13826,5,0,0.10986736416816711
13827,4,0,0.13705267012119293
13828,4,1,0.1521708220243454
13829,1,0,0.08662904798984528
13830,2,0,0.0839414894580841
13831,3,0,0.095576710999012
13832,4,0,0.082087941467762
13833,1,0,0.08963435888290405
13834,2,0,0.08672770112752914
13835,5,0,0.054378412663936615
13836,2,0,0.15423329174518585
13837,3,0,0.252225399017334
13838,3,0,0.18959707021713257
13839,5,0,0.4119543433189392
13840,3,0,0.7258965373039246
13841,1,0,0.07644529640674591
13842,1,0,0.08885252475738525
13843,1,0,0.3171255886554718
13844,3,0,0.06186489015817642
13845,1,0,0.24342498183250427
13846,1,0,0.44703614711761475
13847,4,0,0.14913436770439148
13848,1,0,0.6671626567840576
13849,4,0,0.1584504395723343
13850,1,0,0.05734233185648918
13851,3,0,0.16862721741199493
13852,3,1,0.10198040306568146
13853,5,0,0.20485684275627136
13854,1,0,0.155831441283226
13855,2,0,0.12365832924842834
13856,1,0,0.11941759288311005
13857,4,0,0.13593046367168427
13858,4,0,0.2237582504749298
13859,3,0,0.16595937311649323
13860,2,0,0.33207547664642334
13861,4,1,0.05076856538653374
13862,1,0,0.09133381396532059
13863,3,0,0.14020653069019318
13864,3,1,0.12383580952882767
13865,2,1,0.15974290668964386
13866,4,1,0.8573757410049438
13867,5,0,0.17102684080600739
13868,3,0,0.16570445895195007
13869,3,0,0.0723017156124115
13870,2,0,0.07515126466751099
13871,5,0,0.1315908432006836
13872,2,0,0.1707223355770111
13873,1,0,0.17155303061008453
13874,5,0,0.14948587119579315
13875,2,0,0.03770234063267708
13876,4,1,0.6432946920394897
13877,5,0,0.13210374116897583
13878,3,0,0.15893149375915527
13879,2,0,0.14374525845050812
13880,4,0,0.1898193657398224
13881,5,0,0.07937804609537125
13882,1,0,0.6982340812683105
13883,5,0,0.09983552992343903
13884,3,1,0.8144701719284058
13885,5,0,0.07289895415306091
13886,5,0,0.18681856989860535
13887,4,0,0.26777002215385437
13888,1,0,0.31052085757255554
13889,4,0,0.1179429292678833
13890,3,0,0.33397024869918823
13891,3,0,0.31179264187812805
13892,1,0,0.06781869381666183
13893,5,0,0.1603497415781021
13894,1,0,0.10759317874908447
13895,5,0,0.14911891520023346
13896,1,0,0.16959773004055023
13897,2,0,0.0865800678730011
13898,5,0,0.29429954290390015
13899,3,1,0.07753723114728928
13900,5,0,0.2005929946899414
13901,3,0,0.561611533164978
13902,4,0,0.1060953289270401
13903,1,0,0.059866614639759064
13904,5,1,0.11620496958494186
13905,5,0,0.05459892004728317
13906,4,0,0.09120264649391174
13907,1,0,0.11834927648305893
13908,3,0,0.17768122255802155
13909,3,0,0.14616884291172028
13910,3,1,0.6861183643341064
13911,4,0,0.08320450782775879
13912,5,0,0.15865345299243927
13913,4,1,0.07234617322683334
13914,1,1,0.33974188566207886
13915,4,0,0.17932401597499847
13916,1,0,0.1597260683774948
13917,2,0,0.12934119999408722
13918,3,0,0.19626709818840027
13919,1,0,0.1642829328775406
13920,1,0,0.07790675759315491
13921,1,0,0.14463689923286438
13922,4,0,0.08378139138221741
13923,3,1,0.6358432173728943
13924,1,0,0.09656569361686707
13925,4,0,0.6041629314422607
13926,2,1,0.7658969163894653
13927,4,0,0.1525404453277588
13928,5,0,0.1634543240070343
13929,5,0,0.17083141207695007
13930,3,0,0.049476295709609985
13931,2,1,0.1256917417049408
13932,1,0,0.13315536081790924
13933,3,0,0.15722009539604187
13934,5,0,0.1769694983959198
13935,1,1,0.5742768049240112
13936,2,1,0.15122734010219574
13937,3,0,0.36865732073783875
13938,1,1,0.3352077305316925
13939,3,0,0.1301688551902771
13940,4,0,0.1312650591135025
13941,5,0,0.0841362401843071
13942,3,0,0.08909600973129272
13943,3,0,0.13933680951595306
13944,4,0,0.09609921276569366
13945,4,0,0.29832860827445984
13946,4,1,0.2133617252111435
13947,4,1,0.07392243295907974
13948,1,0,0.21330052614212036
13949,3,1,0.4001965820789337
13950,3,0,0.7935799956321716
13951,2,0,0.04751690477132797
13952,4,0,0.1031709685921669
13953,5,0,0.07775936275720596
13954,3,0,0.17029108107089996
13955,3,0,0.04802386462688446
13956,2,1,0.06803438812494278
13957,5,0,0.11275079846382141
13958,3,0,0.1495611071586609
13959,3,0,0.07157979160547256
13960,3,0,0.053721439093351364
13961,2,1,0.24534401297569275
13962,5,0,0.1047208309173584
13963,2,0,0.1774895042181015
13964,1,0,0.1522234082221985
13965,1,0,0.13583433628082275
13966,1,1,0.1759887933731079
13967,3,0,0.05638956278562546
13968,4,1,0.6169330477714539
13969,2,0,0.17696624994277954
13970,2,0,0.08766499906778336
13971,2,0,0.09683243185281754
13972,3,0,0.1114560067653656
13973,3,0,0.1962316483259201
13974,2,0,0.06774373352527618
13975,5,0,0.3163008391857147
13976,4,0,0.31051644682884216
13977,4,0,0.12965881824493408
13978,5,0,0.1647500991821289
13979,5,1,0.2974778115749359
13980,4,0,0.08251191675662994
13981,5,0,0.3730555772781372
13982,4,0,0.12886305153369904
13983,4,0,0.05335889756679535
13984,2,0,0.07280881702899933
13985,4,0,0.14258448779582977
13986,2,1,0.34700852632522583
13987,3,1,0.17254538834095
13988,4,0,0.06962406635284424
13989,3,0,0.11380068212747574
13990,2,0,0.15259912610054016
13991,4,0,0.19758151471614838
13992,5,0,0.12794215977191925
13993,3,1,0.32795584201812744
13994,3,0,0.07875799387693405
13995,5,0,0.1608884185552597
13996,2,0,0.12391682714223862
13997,2,0,0.06023085117340088
13998,3,1,0.7358327507972717
13999,3,0,0.1978960931301117
14000,1,0,0.23116405308246613
14001,1,0,0.11812041699886322
14002,2,1,0.1025891974568367
14003,2,1,0.2183823585510254
14004,3,0,0.09998618066310883
14005,3,0,0.15983407199382782
14006,5,0,0.2107144445180893
14007,5,0,0.3186984658241272
14008,4,0,0.33921483159065247
14009,2,0,0.08834227919578552
14010,1,0,0.14533068239688873
14011,1,0,0.08258137106895447
14012,1,1,0.3821450173854828
14013,4,0,0.09891938418149948
14014,4,0,0.1154647171497345
14015,5,0,0.21734857559204102
14016,4,0,0.43833911418914795
14017,2,0,0.25456503033638
14018,5,0,0.06580787152051926
14019,5,0,0.19674047827720642
14020,2,1,0.7231244444847107
14021,2,0,0.17625848948955536
14022,4,0,0.10496439039707184
14023,2,1,0.1399439573287964
14024,3,0,0.08725633472204208
14025,3,0,0.6130913496017456
14026,5,0,0.11843925714492798
14027,3,0,0.15228921175003052
14028,5,0,0.046839389950037
14029,5,1,0.12139367312192917
14030,5,0,0.41252344846725464
14031,3,0,0.25556105375289917
14032,1,0,0.11097752302885056
14033,3,0,0.09435787796974182
14034,5,0,0.16026394069194794
14035,4,1,0.7779287695884705
14036,4,1,0.1304018795490265
14037,4,0,0.10505755245685577
14038,3,0,0.24779178202152252
14039,3,0,0.5113601088523865
14040,5,0,0.1396263688802719
14041,4,0,0.07425828278064728
14042,2,1,0.7461279630661011
14043,4,1,0.1479950249195099
14044,1,0,0.04045568034052849
14045,1,0,0.19254690408706665
14046,1,0,0.060290075838565826
14047,2,0,0.33758068084716797
14048,5,0,0.029260948300361633
14049,5,0,0.3179236054420471
14050,1,0,0.12484057992696762
14051,5,0,0.0884471908211708
14052,5,0,0.17504030466079712
14053,1,0,0.15450556576251984
14054,4,0,0.0595899373292923
14055,1,0,0.09644851088523865
14056,3,0,0.210117369890213
14057,5,0,0.21345975995063782
14058,5,0,0.11222412437200546
14059,1,1,0.5817511081695557
14060,3,0,0.10956417769193649
14061,2,1,0.8155025839805603
14062,5,0,0.0837901383638382
14063,3,0,0.20602861046791077
14064,2,0,0.31655216217041016
14065,4,0,0.05366113781929016
14066,4,0,0.1830611526966095
14067,1,0,0.11579024791717529
14068,5,0,0.026708321645855904
14069,5,0,0.15416285395622253
14070,4,1,0.1608845442533493
14071,3,0,0.04090254381299019
14072,3,0,0.09454244375228882
14073,1,0,0.03671947494149208
14074,3,0,0.15777461230754852
14075,1,1,0.34981971979141235
14076,2,0,0.3367061913013458
14077,2,0,0.04446673393249512
14078,2,0,0.1555350124835968
14079,5,0,0.31008845567703247
14080,1,0,0.1258525252342224
14081,5,0,0.19734996557235718
14082,4,0,0.058393120765686035
14083,2,0,0.06812667101621628
14084,3,0,0.07354442030191422
14085,1,0,0.07882856577634811
14086,4,0,0.06814983487129211
14087,3,0,0.08403244614601135
14088,4,0,0.3334266245365143
14089,2,0,0.1116708368062973
14090,5,0,0.1452203094959259
14091,3,0,0.1286952644586563
14092,3,0,0.1253182590007782
14093,2,0,0.05876297131180763
14094,1,0,0.2421169877052307
14095,4,0,0.22340884804725647
14096,3,0,0.10906852036714554
14097,3,0,0.11050096154212952
14098,1,0,0.21286790072917938
14099,1,0,0.10242046415805817
14100,4,1,0.8092390298843384
14101,3,1,0.6445174813270569
14102,3,1,0.17777562141418457
14103,3,1,0.10319559276103973
14104,1,0,0.31787070631980896
14105,1,0,0.06114540249109268
14106,3,0,0.09463528543710709
14107,5,1,0.18502940237522125
14108,2,0,0.09825381636619568
14109,1,0,0.1879168599843979
14110,2,0,0.10687413066625595
14111,3,1,0.14179997146129608
14112,2,0,0.23078222572803497
14113,3,0,0.16843993961811066
14114,1,0,0.11008912324905396
14115,4,0,0.10758134722709656
14116,2,0,0.1990622878074646
14117,5,0,0.335423082113266
14118,2,0,0.06150805205106735
14119,5,0,0.25722822546958923
14120,2,0,0.054298948496580124
14121,2,0,0.07940277457237244
14122,3,0,0.14492395520210266
14123,2,0,0.07925363630056381
14124,2,0,0.1604422777891159
14125,5,0,0.07956361025571823
14126,2,0,0.0852542296051979
14127,2,0,0.18834616243839264
14128,4,0,0.09138135612010956
14129,4,1,0.30388206243515015
14130,1,0,0.14938294887542725
14131,3,0,0.024774109944701195
14132,2,0,0.3716622292995453
14133,5,1,0.11680122464895248
14134,1,0,0.045463915914297104
14135,3,0,0.07696168124675751
14136,1,0,0.033221371471881866
14137,2,0,0.060713622719049454
14138,3,0,0.26685234904289246
14139,5,0,0.3162297308444977
14140,2,0,0.03922921419143677
14141,1,0,0.14208264648914337
14142,5,0,0.2509433627128601
14143,2,1,0.39179855585098267
14144,5,0,0.06603653728961945
14145,4,0,0.12977272272109985
14146,2,0,0.020168576389551163
14147,3,0,0.8549924492835999
14148,3,0,0.09979791194200516
14149,2,0,0.09508704394102097
14150,4,1,0.17526282370090485
14151,1,0,0.09391861408948898
14152,2,0,0.12011851370334625
14153,5,0,0.08653411269187927
14154,3,1,0.3942613899707794
14155,3,0,0.16353915631771088
14156,4,0,0.14203491806983948
14157,4,1,0.2811546325683594
14158,5,1,0.15159712731838226
14159,2,0,0.2742006480693817
14160,1,1,0.4645019471645355
14161,2,1,0.08995138108730316
14162,4,0,0.07587220519781113
14163,4,0,0.0948275625705719
14164,2,0,0.04736917465925217
14165,1,1,0.724585771560669
14166,1,0,0.1007230132818222
14167,2,1,0.7016332149505615
14168,3,1,0.05644511803984642
14169,2,0,0.12337096780538559
14170,2,0,0.11332810670137405
14171,4,0,0.05794961377978325
14172,1,0,0.08751047402620316
14173,3,0,0.22323407232761383
14174,5,0,0.04337633401155472
14175,5,0,0.2371843159198761
14176,1,0,0.3955366611480713
14177,2,0,0.1903764009475708
14178,2,0,0.15840759873390198
14179,2,0,0.08200372755527496
14180,3,0,0.16685649752616882
14181,4,0,0.10566113889217377
14182,2,0,0.050465524196624756
14183,1,0,0.12465886026620865
14184,1,1,0.1195569634437561
14185,2,0,0.229667067527771
14186,1,1,0.7639774084091187
14187,1,0,0.1849350482225418
14188,4,0,0.18862424790859222
14189,2,0,0.11297345161437988
14190,5,0,0.6481382250785828
14191,1,0,0.04806673154234886
14192,2,1,0.06609590351581573
14193,1,0,0.7364909648895264
14194,1,0,0.1404746174812317
14195,2,0,0.04251023381948471
14196,3,0,0.14058201014995575
14197,4,1,0.09910771995782852
14198,1,0,0.19651232659816742
14199,4,1,0.31055131554603577
14200,2,1,0.08223515748977661
14201,3,1,0.6921941637992859
14202,1,0,0.16223151981830597
14203,4,0,0.263568639755249
14204,2,1,0.6699621677398682
14205,2,0,0.2047175168991089
14206,4,0,0.24161595106124878
14207,5,1,0.5141963958740234
14208,5,1,0.11476068943738937
14209,2,1,0.09023253619670868
14210,3,0,0.05994206294417381
14211,5,1,0.7777974009513855
14212,3,0,0.27202126383781433
14213,5,0,0.13443447649478912
14214,4,0,0.08231174945831299
14215,5,0,0.36896857619285583
14216,3,0,0.219759002327919
14217,4,1,0.2458258420228958
14218,4,0,0.055456701666116714
14219,4,0,0.20589213073253632
14220,1,1,0.8747594356536865
14221,2,0,0.08392529934644699
14222,3,0,0.13707460463047028
14223,3,0,0.4274841248989105
14224,1,0,0.11729949712753296
14225,2,0,0.09450901299715042
14226,3,0,0.19008654356002808
14227,1,0,0.16816610097885132
14228,5,0,0.11771412193775177
14229,3,1,0.10884162783622742
14230,1,0,0.07755199819803238
14231,3,0,0.0920017883181572
14232,5,0,0.14544136822223663
14233,1,1,0.6620382070541382
14234,1,1,0.23423367738723755
14235,1,0,0.1702316850423813
14236,3,0,0.22477366030216217
14237,4,0,0.10800575464963913
14238,4,0,0.2270957976579666
14239,5,0,0.40667614340782166
14240,4,0,0.26526328921318054
14241,2,0,0.17192460596561432
14242,1,0,0.06615883111953735
14243,2,0,0.08002130687236786
14244,5,0,0.06722311675548553
14245,1,1,0.11280521005392075
14246,5,0,0.6665292382240295
14247,3,0,0.1622377634048462
14248,4,0,0.19143858551979065
14249,1,0,0.1364845484495163
14250,3,0,0.21601839363574982
14251,5,1,0.05002313107252121
14252,2,0,0.1195327565073967
14253,2,1,0.6015412211418152
14254,4,0,0.12631596624851227
14255,5,0,0.08311522006988525
14256,1,0,0.46291375160217285
14257,4,1,0.29008471965789795
14258,3,0,0.09539566934108734
14259,1,1,0.37271034717559814
14260,5,0,0.1176956295967102
14261,1,1,0.766943633556366
14262,3,0,0.3007339835166931
14263,5,0,0.120783232152462
14264,4,0,0.07953723520040512
14265,1,0,0.1405017375946045
14266,5,0,0.14193956553936005
14267,5,0,0.04852217435836792
14268,3,0,0.22826918959617615
14269,2,0,0.3509763777256012
14270,3,0,0.13338947296142578
14271,4,0,0.04515860229730606
14272,1,0,0.1463717371225357
14273,1,0,0.0381658710539341
14274,2,0,0.13188490271568298
14275,3,0,0.2756696045398712
14276,5,0,0.12305908650159836
14277,5,0,0.14774128794670105
14278,3,0,0.15197281539440155
14279,5,1,0.8338215351104736
14280,2,0,0.10908323526382446
14281,2,0,0.14366909861564636
14282,3,0,0.06960295140743256
14283,4,0,0.14459487795829773
14284,5,0,0.06443650275468826
14285,2,0,0.18254314363002777
14286,5,1,0.6931537985801697
14287,5,1,0.09826397895812988
14288,1,0,0.10732953995466232
14289,2,0,0.14345896244049072
14290,3,0,0.13575752079486847
14291,1,1,0.7172302603721619
14292,1,0,0.1166926771402359
14293,5,0,0.15492771565914154
14294,2,0,0.04543652385473251
14295,1,0,0.10141345858573914
14296,4,0,0.060552388429641724
14297,4,0,0.16246938705444336
14298,3,0,0.10146167874336243
14299,1,0,0.13587075471878052
14300,5,0,0.11321338266134262
14301,4,0,0.08550141006708145
14302,4,1,0.841966986656189
14303,5,0,0.27187687158584595
14304,1,0,0.094456247985363
14305,3,0,0.23126482963562012
14306,2,0,0.1018839105963707
14307,1,0,0.1381135880947113
14308,3,0,0.10309341549873352
14309,2,0,0.3277534544467926
14310,2,0,0.08230680227279663
14311,3,0,0.05832839757204056
14312,3,0,0.28110674023628235
14313,3,1,0.25902894139289856
14314,5,0,0.2613760530948639
14315,4,0,0.10110829025506973
14316,5,0,0.12737198173999786
14317,1,0,0.7465807795524597
14318,5,0,0.10618989914655685
14319,2,0,0.15220092236995697
14320,4,0,0.10884639620780945
14321,1,1,0.6894868612289429
14322,4,1,0.20220038294792175
14323,2,0,0.13587912917137146
14324,1,0,0.09718281030654907
14325,4,0,0.10729537159204483
14326,1,0,0.03873605281114578
14327,2,0,0.2212570458650589
14328,2,0,0.14320315420627594
14329,1,0,0.22278918325901031
14330,5,0,0.30248966813087463
14331,4,1,0.35735899209976196
14332,2,0,0.15245577692985535
14333,1,0,0.10923026502132416
14334,4,0,0.29117631912231445
14335,3,0,0.09521428495645523
14336,1,0,0.0983324646949768
14337,4,0,0.17613118886947632
14338,4,0,0.2436523735523224
14339,1,0,0.08461762219667435
14340,3,1,0.07388594001531601
14341,2,0,0.11596380174160004
14342,3,0,0.07027117908000946
14343,3,0,0.024348603561520576
14344,1,0,0.16518688201904297
14345,1,0,0.06375838816165924
14346,2,0,0.11119065433740616
14347,4,1,0.8271125555038452
14348,1,1,0.13594473898410797
14349,5,0,0.14550162851810455
14350,1,1,0.0750320702791214
14351,3,0,0.18354277312755585
14352,5,0,0.27465498447418213
14353,1,0,0.11480189859867096
14354,3,0,0.2540556788444519
14355,5,0,0.056248318403959274
14356,2,0,0.217278853058815
14357,5,1,0.08928427845239639
14358,1,0,0.1509695202112198
14359,2,0,0.15457451343536377
14360,1,0,0.09036192297935486
14361,2,0,0.18295201659202576
14362,5,0,0.38077831268310547
14363,4,0,0.05438860133290291
14364,4,0,0.22851085662841797
14365,1,0,0.09827062487602234
14366,2,1,0.7889755964279175
14367,2,0,0.3844304382801056
14368,2,0,0.36038851737976074
14369,2,1,0.6764522790908813
14370,2,1,0.7090542316436768
14371,5,0,0.10404178500175476
14372,1,1,0.08939412981271744
14373,4,0,0.15182457864284515
14374,1,0,0.20435887575149536
14375,1,1,0.17107702791690826
14376,5,0,0.737555980682373
14377,2,0,0.1375574767589569
14378,2,0,0.059876665472984314
14379,4,0,0.13559529185295105
14380,5,0,0.07767605036497116
14381,1,0,0.28936898708343506
14382,2,0,0.08457490056753159
14383,3,0,0.1389964371919632
14384,1,1,0.13562622666358948
14385,1,0,0.03495198115706444
14386,3,0,0.2268626093864441
14387,2,0,0.07505012303590775
14388,1,0,0.2347501814365387
14389,4,0,0.10338327288627625
14390,3,0,0.05289077386260033
14391,1,0,0.2126934975385666
14392,3,0,0.09400869905948639
14393,4,0,0.29851648211479187
14394,2,0,0.08892375230789185
14395,1,0,0.16936036944389343
14396,5,0,0.1801658570766449
14397,1,1,0.8737834095954895
14398,1,0,0.17431074380874634
14399,3,0,0.25873398780822754
14400,5,0,0.6261407732963562
14401,4,1,0.202479749917984
14402,1,1,0.6739994883537292
14403,4,0,0.07778318971395493
14404,3,0,0.09920056909322739
14405,5,0,0.049396224319934845
14406,2,0,0.11758393049240112
14407,2,1,0.3707445561885834
14408,1,0,0.08314580470323563
14409,1,0,0.06360449641942978
14410,5,1,0.682616651058197
14411,2,0,0.2188984453678131
14412,4,0,0.11266281455755234
14413,1,1,0.06769761443138123
14414,5,1,0.08929715305566788
14415,3,0,0.17848874628543854
14416,2,0,0.1287154257297516
14417,2,0,0.08540686964988708
14418,3,1,0.14660057425498962
14419,1,0,0.06905515491962433
14420,2,0,0.16377972066402435
14421,2,0,0.11184469610452652
14422,2,0,0.23874406516551971
14423,1,1,0.6335576176643372
14424,4,0,0.36759302020072937
14425,4,1,0.423668771982193
14426,3,0,0.05289269983768463
14427,4,0,0.16131402552127838
14428,5,0,0.2962239384651184
14429,3,0,0.10865806043148041
14430,5,0,0.6967355012893677
14431,1,0,0.04104437679052353
14432,5,1,0.13080666959285736
14433,1,0,0.12163907289505005
14434,2,0,0.08067617565393448
14435,2,1,0.23750127851963043
14436,4,0,0.748888373374939
14437,3,0,0.12983062863349915
14438,1,0,0.29653242230415344
14439,3,0,0.28189268708229065
14440,1,0,0.10098322480916977
14441,3,0,0.2953152656555176
14442,4,1,0.13685928285121918
14443,1,0,0.06908633559942245
14444,5,0,0.2716325521469116
14445,5,1,0.17281633615493774
14446,2,0,0.2272890955209732
14447,1,1,0.7348331212997437
14448,4,0,0.1593274176120758
14449,2,1,0.503957986831665
14450,4,0,0.07538788765668869
14451,4,0,0.14438068866729736
14452,2,0,0.34675973653793335
14453,3,0,0.07658282667398453
14454,4,0,0.1071525514125824
14455,1,0,0.10339263826608658
14456,4,0,0.07376579940319061
14457,3,0,0.825218915939331
14458,5,0,0.07639523595571518
14459,1,1,0.31102144718170166
14460,2,0,0.10437970608472824
14461,1,0,0.14554080367088318
14462,5,0,0.14792054891586304
14463,3,0,0.15353113412857056
14464,5,0,0.0843605026602745
14465,1,0,0.5065379738807678
14466,5,0,0.18492558598518372
14467,4,0,0.10778441280126572
14468,3,0,0.3502616882324219
14469,2,1,0.4220173954963684
14470,4,0,0.09986767917871475
14471,2,0,0.692275881767273
14472,3,0,0.41607657074928284
14473,1,0,0.08093763142824173
14474,5,0,0.17115287482738495
14475,4,0,0.14210504293441772
14476,2,1,0.11420232057571411
14477,2,0,0.0805189236998558
14478,1,1,0.042434073984622955
14479,2,0,0.24620014429092407
14480,4,1,0.30788755416870117
14481,4,0,0.7106931805610657
14482,2,0,0.11271476745605469
14483,5,0,0.1655721366405487
14484,2,1,0.2654866576194763
14485,4,0,0.23844435811042786
14486,5,0,0.3756759762763977
14487,1,1,0.12381631880998611
14488,2,0,0.20566755533218384
14489,3,0,0.5544651746749878
14490,1,0,0.059399787336587906
14491,1,0,0.09979374706745148
14492,2,0,0.20580381155014038
14493,2,0,0.1452036201953888
14494,4,0,0.3268694281578064
14495,2,0,0.5012417435646057
14496,4,0,0.7592658996582031
14497,3,0,0.148661270737648
14498,2,1,0.7957460284233093
14499,4,0,0.09442666172981262
14500,1,0,0.089889757335186
14501,5,0,0.09327559918165207
14502,5,1,0.5048079490661621
14503,2,0,0.07708452641963959
14504,1,0,0.2830864191055298
14505,3,0,0.16894352436065674
14506,5,0,0.09922818839550018
14507,1,0,0.3216494023799896
14508,2,0,0.15146297216415405
14509,4,0,0.2087428718805313
14510,2,0,0.07414387911558151
14511,5,0,0.23675565421581268
14512,5,1,0.06327379494905472
14513,3,1,0.14820756018161774
14514,3,1,0.10223487764596939
14515,3,0,0.0654301866889
14516,5,1,0.11336476355791092
14517,1,0,0.1504349708557129
14518,1,0,0.10464617609977722
14519,1,0,0.06088541820645332
14520,1,0,0.09419039636850357
14521,4,0,0.10987775027751923
14522,3,0,0.2593595087528229
14523,4,1,0.11755339056253433
14524,3,0,0.053529199212789536
14525,2,0,0.047878071665763855
14526,1,0,0.10685107856988907
14527,3,0,0.05714273825287819
14528,3,1,0.25628751516342163
14529,5,0,0.3138062059879303
14530,1,0,0.051308926194906235
14531,4,1,0.7784382700920105
14532,4,1,0.24726314842700958
14533,5,0,0.20454168319702148
14534,5,0,0.06895144283771515
14535,1,0,0.08758185803890228
14536,2,1,0.1932576298713684
14537,3,0,0.39033347368240356
14538,3,0,0.0674031525850296
14539,1,0,0.04923682287335396
14540,2,0,0.14526405930519104
14541,5,0,0.03287447243928909
14542,1,1,0.10759752988815308
14543,3,0,0.10613209754228592
14544,2,0,0.0787806436419487
14545,3,0,0.3058539628982544
14546,3,0,0.020313840359449387
14547,4,0,0.08202661573886871
14548,2,0,0.09133876115083694
14549,5,0,0.04543169587850571
14550,3,0,0.043543558567762375
14551,5,0,0.46154311299324036
14552,3,0,0.10662703216075897
14553,2,0,0.11899496614933014
14554,2,0,0.3301568925380707
14555,2,0,0.30298173427581787
14556,4,0,0.10766410082578659
14557,5,0,0.18787896633148193
14558,3,1,0.7613805532455444
14559,5,0,0.23430149257183075
14560,1,1,0.20059917867183685
14561,1,0,0.7690085768699646
14562,3,1,0.7173376083374023
14563,4,0,0.05039452016353607
14564,1,1,0.24644942581653595
14565,1,0,0.16943858563899994
14566,2,1,0.09446875005960464
14567,4,0,0.24698419868946075
14568,5,0,0.36489108204841614
14569,2,0,0.33086690306663513
14570,4,0,0.052357181906700134
14571,4,0,0.14247369766235352
14572,3,1,0.5507800579071045
14573,2,0,0.14366571605205536
14574,2,0,0.1237078532576561
14575,1,1,0.0910053476691246
14576,2,0,0.24424579739570618
14577,5,1,0.6248864531517029
14578,3,0,0.07966341823339462
14579,1,0,0.5727081298828125
14580,4,0,0.6016026735305786
14581,5,0,0.17928244173526764
14582,5,1,0.4501720070838928
14583,1,1,0.26237615942955017
14584,3,0,0.057840943336486816
14585,5,0,0.05740232765674591
14586,3,1,0.28638723492622375
14587,5,0,0.09324081987142563
14588,3,0,0.15721556544303894
14589,1,0,0.04237819090485573
14590,4,0,0.12611304223537445
14591,2,0,0.07471509277820587
14592,3,0,0.15915735065937042
14593,5,0,0.05694480240345001
14594,2,0,0.1677120178937912
14595,5,0,0.22380638122558594
14596,4,1,0.42520228028297424
14597,4,0,0.20590715110301971
14598,1,0,0.08819997310638428
14599,2,0,0.06325611472129822
14600,1,0,0.09568213671445847
14601,2,0,0.18960705399513245
14602,2,0,0.235076442360878
14603,1,1,0.1348736435174942
14604,1,0,0.10059463232755661
14605,2,0,0.1199062168598175
14606,3,1,0.06474614143371582
14607,3,0,0.19441571831703186
14608,1,0,0.1688486933708191
14609,5,0,0.19146543741226196
14610,3,1,0.05893668159842491
14611,3,0,0.08468978106975555
14612,4,1,0.4797680377960205
14613,3,0,0.46754559874534607
14614,3,1,0.17212989926338196
14615,4,1,0.16837139427661896
14616,4,0,0.1607303023338318
14617,5,0,0.03759818896651268
14618,2,0,0.05950736626982689
14619,2,0,0.05243914574384689
14620,4,0,0.07016618549823761
14621,1,1,0.7034234404563904
14622,1,1,0.6198465824127197
14623,4,1,0.5478743314743042
14624,2,1,0.7274860739707947
14625,2,0,0.044139597564935684
14626,2,0,0.12606246769428253
14627,3,0,0.19551199674606323
14628,4,0,0.16999271512031555
14629,5,0,0.08671161532402039
14630,5,0,0.1848892867565155
14631,4,0,0.2294839769601822
14632,2,1,0.7250931262969971
14633,1,0,0.07913323491811752
14634,3,0,0.08185860514640808
14635,1,1,0.7513154149055481
14636,3,0,0.07001283019781113
14637,1,0,0.1771419495344162
14638,5,0,0.1513577699661255
14639,3,0,0.22643856704235077
14640,5,0,0.11335716396570206
14641,1,0,0.10490451008081436
14642,5,0,0.049821529537439346
14643,2,0,0.252166748046875
14644,3,0,0.09553363919258118
14645,3,0,0.10455792397260666
14646,2,0,0.2196749597787857
14647,2,1,0.36500152945518494
14648,1,0,0.033324647694826126
14649,5,0,0.5157160758972168
14650,1,0,0.05489492043852806
14651,4,0,0.1254800707101822
14652,4,0,0.12783437967300415
14653,4,1,0.6713034510612488
14654,4,1,0.6019017696380615
14655,3,0,0.47278228402137756
14656,1,0,0.060254428535699844
14657,2,0,0.31859272718429565
14658,1,0,0.5288907885551453
14659,3,0,0.07443980127573013
14660,4,0,0.4103914499282837
14661,2,0,0.27587535977363586
14662,5,0,0.1299656182527542
14663,5,0,0.111603282392025
14664,4,0,0.18161864578723907
14665,2,0,0.06807459890842438
14666,4,0,0.17874465882778168
14667,1,1,0.2482115477323532
14668,4,1,0.21693171560764313
14669,1,0,0.106264628469944
14670,1,0,0.16970376670360565
14671,4,1,0.2683194875717163
14672,1,0,0.06357299536466599
14673,5,0,0.13751645386219025
14674,5,0,0.11118575930595398
14675,3,0,0.06813761591911316
14676,3,0,0.07892701029777527
14677,4,0,0.14310060441493988
14678,5,1,0.10454478114843369
14679,1,0,0.13604231178760529
14680,1,0,0.05321443825960159
14681,2,0,0.2807618975639343
14682,1,0,0.11015243083238602
14683,5,0,0.05056142061948776
14684,3,0,0.17833556234836578
14685,3,1,0.43606817722320557
14686,5,0,0.41421034932136536
14687,2,1,0.26649391651153564
14688,5,1,0.6294510364532471
14689,4,0,0.14031930267810822
14690,4,0,0.18492276966571808
14691,2,0,0.10835416615009308
14692,5,0,0.03092247247695923
14693,2,0,0.15043440461158752
14694,1,0,0.12027544528245926
14695,4,1,0.13794749975204468
14696,1,1,0.632254958152771
14697,2,0,0.08700545877218246
14698,3,1,0.1281658560037613
14699,5,1,0.17488278448581696
14700,4,0,0.1194220632314682
14701,5,0,0.42829981446266174
14702,1,0,0.11195840686559677
14703,5,0,0.06814029812812805
14704,3,0,0.12554822862148285
14705,1,1,0.6896293759346008
14706,5,0,0.06863179802894592
14707,1,0,0.10079123079776764
14708,3,0,0.07395236939191818
14709,4,0,0.0881757065653801
14710,1,0,0.23087559640407562
14711,1,0,0.1464659720659256
14712,5,0,0.21892322599887848
14713,3,0,0.21546655893325806
14714,5,1,0.7341541051864624
14715,5,0,0.1538645625114441
14716,4,0,0.07026977837085724
14717,4,0,0.1281069666147232
14718,2,0,0.05658205226063728
14719,4,0,0.09873618930578232
14720,3,0,0.09919124096632004
14721,2,0,0.06693509966135025
14722,5,1,0.7650682926177979
14723,3,0,0.39169347286224365
14724,2,0,0.14813387393951416
14725,1,1,0.14468015730381012
14726,1,0,0.09721748530864716
14727,4,0,0.04439178854227066
14728,2,1,0.4533882737159729
14729,4,1,0.23324696719646454
14730,5,0,0.049370210617780685
14731,3,0,0.031378328800201416
14732,3,0,0.2166796773672104
14733,2,1,0.14608152210712433
14734,5,0,0.15472593903541565
14735,2,1,0.649308443069458
14736,2,1,0.1822616457939148
14737,4,0,0.17648626863956451
14738,2,0,0.061398327350616455
14739,4,0,0.051580965518951416
14740,1,0,0.22037014365196228
14741,2,0,0.11632887274026871
14742,3,0,0.19920487701892853
14743,2,0,0.09442523866891861
14744,5,0,0.15572014451026917
14745,2,1,0.5680335164070129
14746,5,0,0.09654507040977478
14747,1,0,0.11086822301149368
14748,5,0,0.11106475442647934
14749,3,0,0.14309042692184448
14750,3,1,0.2382281869649887
14751,3,0,0.5760830044746399
14752,5,1,0.7562028169631958
14753,5,1,0.17640559375286102
14754,2,0,0.23451930284500122
14755,1,0,0.13559842109680176
14756,3,0,0.12786652147769928
14757,3,1,0.28193390369415283
14758,4,0,0.3295655846595764
14759,2,0,0.0978681743144989
14760,4,0,0.1501871794462204
14761,4,0,0.16061033308506012
14762,3,0,0.14678142964839935
14763,3,0,0.09574280679225922
14764,5,0,0.05512544885277748
14765,1,0,0.09322719275951385
14766,1,0,0.17057675123214722
14767,3,0,0.11220880597829819
14768,5,0,0.3671451210975647
14769,3,0,0.21237605810165405
14770,5,0,0.24675920605659485
14771,2,1,0.2789773643016815
14772,5,1,0.5111783742904663
14773,4,0,0.04738279804587364
14774,5,0,0.055863745510578156
14775,5,0,0.34396302700042725
14776,2,0,0.11799611151218414
14777,4,0,0.11176931113004684
14778,2,0,0.14430466294288635
14779,5,0,0.11554859578609467
14780,4,0,0.15331712365150452
14781,1,0,0.044093504548072815
14782,1,0,0.10058518499135971
14783,3,0,0.10574164241552353
14784,5,1,0.06595967710018158
14785,4,1,0.7219858765602112
14786,1,1,0.6297931671142578
14787,1,0,0.0530356764793396
14788,5,1,0.7896162271499634
14789,5,0,0.1024763286113739
14790,2,0,0.08787072449922562
14791,2,0,0.26033464074134827
14792,5,0,0.14991897344589233
14793,1,0,0.04529924318194389
14794,4,0,0.09992813318967819
14795,3,0,0.06648920476436615
14796,1,1,0.17004568874835968
14797,2,0,0.15960942208766937
14798,4,1,0.1486365795135498
14799,1,0,0.13433270156383514
14800,1,0,0.45351141691207886
14801,3,0,0.09833569824695587
14802,3,1,0.1924058198928833
14803,2,0,0.08842027932405472
14804,5,0,0.09531988948583603
14805,1,0,0.08018458634614944
14806,4,0,0.05967643857002258
14807,4,0,0.05404757335782051
14808,3,0,0.0647665485739708
14809,1,0,0.05303492397069931
14810,2,0,0.11588647216558456
14811,2,0,0.11968575417995453
14812,2,1,0.17555762827396393
14813,3,0,0.10241445899009705
14814,3,0,0.29375946521759033
14815,5,0,0.11808309704065323
14816,4,0,0.09378191828727722
14817,2,0,0.04574178159236908
14818,2,0,0.25734826922416687
14819,4,0,0.22852589190006256
14820,3,0,0.0898260623216629
14821,3,0,0.17479820549488068
14822,1,1,0.38654547929763794
14823,5,0,0.04380759969353676
14824,1,1,0.0963059514760971
14825,2,0,0.12159144133329391
14826,4,1,0.17132146656513214
14827,5,0,0.09046144038438797
14828,5,0,0.10809065401554108
14829,1,0,0.031834252178668976
14830,3,0,0.027521567419171333
14831,1,1,0.10261286050081253
14832,2,1,0.18024487793445587
14833,1,0,0.10860515385866165
14834,1,0,0.12977463006973267
14835,3,0,0.07903993874788284
14836,3,0,0.0848231092095375
14837,2,0,0.08768738061189651
14838,3,0,0.05456273630261421
14839,1,0,0.09692114591598511
14840,2,1,0.8768402338027954
14841,1,0,0.03721555322408676
14842,1,0,0.11261777579784393
14843,5,0,0.17611370980739594
14844,5,0,0.3100821375846863
14845,2,1,0.09722597897052765
14846,5,0,0.3140156865119934
14847,2,1,0.5733876824378967
14848,4,0,0.14425474405288696
14849,1,0,0.7786108255386353
14850,1,1,0.21860435605049133
14851,4,0,0.3391863703727722
14852,2,0,0.1400405317544937
14853,3,0,0.17000913619995117
14854,5,0,0.5079991221427917
14855,1,1,0.7062410116195679
14856,2,1,0.5196646451950073
14857,4,0,0.1353376805782318
14858,1,0,0.07614027708768845
14859,5,0,0.12152525037527084
14860,4,0,0.10958003997802734
14861,1,0,0.08181779831647873
14862,4,0,0.0746266096830368
14863,2,0,0.20324575901031494
14864,3,1,0.15455769002437592
14865,5,0,0.12136005610227585
14866,3,0,0.13505344092845917
14867,5,0,0.14724524319171906
14868,2,1,0.7707471251487732
14869,1,0,0.29988303780555725
14870,3,1,0.12087713181972504
14871,2,0,0.07983571290969849
14872,5,1,0.1209033653140068
14873,2,0,0.1837964504957199
14874,1,0,0.0888190045952797
14875,1,0,0.059211622923612595
14876,3,0,0.10268861055374146
14877,2,0,0.2529074251651764
14878,2,0,0.07020211219787598
14879,3,0,0.15582789480686188
14880,4,1,0.6996909976005554
14881,1,0,0.15543043613433838
14882,2,0,0.061239756643772125
14883,2,0,0.09611018747091293
14884,1,0,0.09325611591339111
14885,1,0,0.19534000754356384
14886,4,0,0.14931994676589966
14887,4,0,0.060047492384910583
14888,5,0,0.1281702220439911
14889,5,0,0.11717957258224487
14890,2,0,0.12062174081802368
14891,1,1,0.7368679046630859
14892,5,0,0.19236476719379425
14893,1,0,0.11389052867889404
14894,2,1,0.050788331776857376
14895,4,0,0.06844207644462585
14896,4,0,0.158883735537529
14897,1,0,0.13379822671413422
14898,3,0,0.7962690591812134
14899,3,0,0.2920317053794861
14900,3,0,0.3307949900627136
14901,3,1,0.6659557223320007
14902,5,0,0.12189348042011261
14903,4,1,0.2087957113981247
14904,5,0,0.20328927040100098
14905,4,0,0.08305497467517853
14906,5,1,0.5787528157234192
14907,1,0,0.1510068029165268
14908,2,0,0.06942260265350342
14909,2,0,0.05102340131998062
14910,4,0,0.20993386209011078
14911,5,0,0.09665896743535995
14912,3,0,0.26456892490386963
14913,2,0,0.25043246150016785
14914,1,0,0.37614303827285767
14915,5,0,0.2505893111228943
14916,1,0,0.0976092517375946
14917,3,0,0.047254037111997604
14918,2,0,0.20182885229587555
14919,2,0,0.21430589258670807
14920,5,0,0.18435199558734894
14921,3,0,0.02577504888176918
14922,5,0,0.05889922007918358
14923,4,0,0.0846882238984108
14924,4,0,0.33790266513824463
14925,1,0,0.4142790138721466
14926,5,0,0.08791348338127136
14927,3,0,0.16779759526252747
14928,2,0,0.22564436495304108
14929,3,0,0.10229130834341049
14930,2,0,0.10976484417915344
14931,4,0,0.1460772007703781
14932,1,0,0.10976766049861908
14933,2,1,0.16906628012657166
14934,2,1,0.531072735786438
14935,1,0,0.32581260800361633
14936,1,0,0.07539784163236618
14937,4,0,0.14465944468975067
14938,4,0,0.17880485951900482
14939,1,0,0.0898764580488205
14940,4,0,0.3876692056655884
14941,1,0,0.051501572132110596
14942,1,0,0.09783804416656494
14943,1,0,0.16352269053459167
14944,4,0,0.07122547924518585
14945,2,0,0.12125016003847122
14946,4,0,0.18876008689403534
14947,3,1,0.21657633781433105
14948,2,0,0.09988418966531754
14949,1,0,0.5202987194061279
14950,4,0,0.1548333615064621
14951,4,0,0.11026091128587723
14952,4,0,0.16134312748908997
14953,5,0,0.396588534116745
14954,5,0,0.11812371760606766
14955,5,0,0.14160984754562378
14956,2,0,0.20755337178707123
14957,5,0,0.12602904438972473
14958,2,0,0.08564519882202148
14959,3,0,0.13820554316043854
14960,1,1,0.4650602638721466
14961,4,0,0.13461366295814514
14962,1,0,0.21398693323135376
14963,4,1,0.08054959028959274
14964,1,1,0.2377764880657196
14965,2,0,0.14952389895915985
14966,5,0,0.24553810060024261
14967,3,0,0.06273221224546432
14968,2,0,0.12784911692142487
14969,1,0,0.14566601812839508
14970,2,0,0.20172607898712158
14971,4,0,0.17958945035934448
14972,1,0,0.2179645448923111
14973,3,0,0.05326123163104057
14974,5,0,0.3048625588417053
14975,4,0,0.19794049859046936
14976,5,0,0.08524991571903229
14977,2,1,0.7332236766815186
14978,5,1,0.12796354293823242
14979,2,0,0.10143490135669708
14980,4,0,0.4725663363933563
14981,5,0,0.12692543864250183
14982,2,1,0.16816502809524536
14983,3,0,0.09851747751235962
14984,1,1,0.10059262067079544
14985,4,1,0.2351679503917694
14986,2,0,0.2406022548675537
14987,1,1,0.5177688598632812
14988,2,0,0.11545941978693008
14989,3,1,0.060358911752700806
14990,3,1,0.3495752811431885
14991,3,0,0.28493764996528625
14992,3,0,0.04443531855940819
14993,1,1,0.10087846964597702
14994,2,0,0.15815381705760956
14995,2,0,0.03395061194896698
14996,5,0,0.6754606366157532
14997,5,0,0.3739830553531647
14998,1,0,0.10196856409311295
14999,5,0,0.07168391346931458
15000,5,0,0.09521886706352234
15001,4,0,0.18649452924728394
15002,5,0,0.6294881105422974
15003,1,1,0.21612806618213654
15004,4,0,0.2230481654405594
15005,3,0,0.0686211884021759
15006,2,1,0.11271676421165466
15007,5,0,0.14747373759746552
15008,4,0,0.08803964406251907
15009,1,0,0.30532196164131165
15010,2,0,0.18387693166732788
15011,4,0,0.1522241234779358
15012,1,0,0.12234597653150558
15013,5,0,0.24792371690273285
15014,1,0,0.0431029237806797
15015,2,0,0.08038540184497833
15016,4,0,0.06897110491991043
15017,2,0,0.19233444333076477
15018,4,0,0.10122217237949371
15019,3,0,0.1295645534992218
15020,5,0,0.10724803805351257
15021,3,1,0.2533511221408844
15022,2,0,0.6173495650291443
15023,5,0,0.08789805322885513
15024,3,0,0.1560126692056656
15025,3,1,0.13615797460079193
15026,3,0,0.07835936546325684
15027,4,1,0.11538994312286377
15028,1,0,0.0738086849451065
15029,4,0,0.09550987929105759
15030,1,0,0.6443151235580444
15031,4,0,0.1476324498653412
15032,1,0,0.1212032362818718
15033,5,1,0.14140307903289795
15034,4,0,0.14173758029937744
15035,4,0,0.1498277187347412
15036,1,1,0.8671724200248718
15037,1,0,0.08627865463495255
15038,1,0,0.0696481242775917
15039,1,0,0.13671670854091644
15040,3,1,0.872356116771698
15041,4,0,0.06444668024778366
15042,3,0,0.20681564509868622
15043,1,0,0.17229358851909637
15044,5,1,0.1242479458451271
15045,4,0,0.09907685965299606
15046,5,0,0.1004190444946289
15047,4,0,0.08786740154027939
15048,1,0,0.501152515411377
15049,1,0,0.05191250890493393
15050,3,0,0.09195909649133682
15051,4,0,0.26778921484947205
15052,2,0,0.0664258673787117
15053,5,0,0.26591283082962036
15054,4,1,0.17598269879817963
15055,1,0,0.2234014868736267
15056,1,0,0.15385323762893677
15057,2,0,0.08537230640649796
15058,5,0,0.14860311150550842
15059,2,1,0.1748267114162445
15060,3,0,0.18755824863910675
15061,1,0,0.8150579929351807
15062,3,1,0.395577073097229
15063,4,1,0.7114553451538086
15064,2,0,0.08140618354082108
15065,5,1,0.18013428151607513
15066,1,0,0.04355219751596451
15067,4,0,0.1416512429714203
15068,3,0,0.07796826213598251
15069,2,0,0.05004654452204704
15070,4,1,0.16802258789539337
15071,2,0,0.5625234842300415
15072,1,0,0.33593979477882385
15073,2,0,0.05903197452425957
15074,5,0,0.21227343380451202
15075,1,0,0.07236263900995255
15076,5,1,0.24694496393203735
15077,2,0,0.10200027376413345
15078,1,0,0.6591307520866394
15079,4,0,0.0669674426317215
15080,1,0,0.057655736804008484
15081,2,0,0.09988557547330856
15082,4,0,0.10618587583303452
15083,4,0,0.10002579540014267
15084,5,1,0.3231855034828186
15085,4,0,0.22576715052127838
15086,4,0,0.2280951589345932
15087,2,1,0.7115437984466553
15088,3,1,0.6777161955833435
15089,4,0,0.0513971671462059
15090,2,1,0.12483927607536316
15091,3,1,0.7521669268608093
15092,3,0,0.02558891661465168
15093,2,0,0.06680184602737427
15094,2,0,0.36532267928123474
15095,2,0,0.14546111226081848
15096,1,1,0.7329835891723633
15097,5,0,0.1549353301525116
15098,1,0,0.08994279056787491
15099,2,0,0.17200607061386108
15100,5,0,0.1304890662431717
15101,1,0,0.15372002124786377
15102,2,0,0.13464497029781342
15103,1,0,0.1171993613243103
15104,5,0,0.11860572546720505
15105,4,0,0.1491788774728775
15106,1,1,0.30445006489753723
15107,4,1,0.22926561534404755
15108,1,1,0.09597919881343842
15109,2,0,0.17952297627925873
15110,4,0,0.18098820745944977
15111,5,1,0.07994244247674942
15112,4,1,0.6304972767829895
15113,1,1,0.8431587219238281
15114,3,0,0.08231759071350098
15115,2,0,0.07069731503725052
15116,5,0,0.12475020438432693
15117,4,0,0.0930287092924118
15118,3,0,0.6683947443962097
15119,4,0,0.11175669729709625
15120,1,1,0.5858557820320129
15121,2,0,0.560992419719696
15122,4,0,0.31604787707328796
15123,5,0,0.056529171764850616
15124,3,0,0.42827108502388
15125,4,0,0.07406803965568542
15126,1,0,0.1306031495332718
15127,1,0,0.22445747256278992
15128,5,0,0.1059364378452301
15129,1,0,0.06642110645771027
15130,4,0,0.17278523743152618
15131,5,0,0.09017818421125412
15132,1,0,0.0820966586470604
15133,2,1,0.7607555389404297
15134,2,0,0.06100863218307495
15135,4,0,0.11499818414449692
15136,1,0,0.24809077382087708
15137,3,0,0.06624191999435425
15138,1,0,0.7452086210250854
15139,3,0,0.30147480964660645
15140,5,0,0.1172279343008995
15141,5,0,0.13438692688941956
15142,5,1,0.33855995535850525
15143,3,0,0.38694503903388977
15144,5,0,0.23032423853874207
15145,4,0,0.12946252524852753
15146,1,0,0.16756705939769745
15147,4,0,0.11983197182416916
15148,1,0,0.03542359918355942
15149,1,1,0.39551302790641785
15150,3,0,0.18949635326862335
15151,5,0,0.08618756383657455
15152,5,0,0.14177878201007843
15153,4,0,0.24683158099651337
15154,2,1,0.7587188482284546
15155,1,0,0.08045192062854767
15156,4,0,0.12045910209417343
15157,3,0,0.15001343190670013
15158,3,0,0.13828477263450623
15159,5,0,0.38771241903305054
15160,5,1,0.7350327968597412
15161,3,0,0.1776483803987503
15162,2,1,0.3340422213077545
15163,1,1,0.6509146690368652
15164,1,0,0.17178001999855042
15165,5,0,0.07392337918281555
15166,1,0,0.18994668126106262
15167,2,0,0.0890321135520935
15168,3,0,0.05065484717488289
15169,4,0,0.16177639365196228
15170,4,0,0.11188087612390518
15171,1,0,0.1304866075515747
15172,2,0,0.24176982045173645
15173,4,1,0.2398385852575302
15174,2,0,0.07872843742370605
15175,2,0,0.06346917897462845
15176,1,0,0.10409098118543625
15177,1,0,0.5182681679725647
15178,2,0,0.17308484017848969
15179,2,0,0.042761482298374176
15180,2,0,0.02007387951016426
15181,2,0,0.08023083955049515
15182,2,0,0.16110514104366302
15183,4,0,0.057533714920282364
15184,5,0,0.1697930544614792
15185,3,0,0.09075722098350525
15186,3,0,0.09140139073133469
15187,4,0,0.10802185535430908
15188,4,1,0.6061621904373169
15189,3,0,0.11570575833320618
15190,5,0,0.37656182050704956
15191,1,1,0.4626694619655609
15192,1,0,0.23263360559940338
15193,4,0,0.32645681500434875
15194,3,0,0.11963748186826706
15195,5,0,0.10813610255718231
15196,2,0,0.08063077926635742
15197,1,0,0.25966325402259827
15198,5,1,0.08480573445558548
15199,4,1,0.6984066367149353
15200,3,0,0.0674525648355484
15201,3,1,0.1197386234998703
15202,4,0,0.07978437840938568
15203,3,0,0.15126506984233856
15204,1,1,0.8197356462478638
15205,3,1,0.15540020167827606
15206,3,1,0.7883554100990295
15207,3,0,0.0478515662252903
15208,3,0,0.3098759651184082
15209,1,0,0.0630526915192604
15210,1,0,0.27451157569885254
15211,3,1,0.10157965868711472
15212,1,1,0.4762069284915924
15213,5,0,0.5497785806655884
15214,3,0,0.6206594109535217
15215,2,0,0.045347072184085846
15216,3,0,0.2581663131713867
15217,3,0,0.1594681739807129
15218,1,1,0.1394720822572708
15219,2,0,0.14591024816036224
15220,4,1,0.07709302753210068
15221,2,0,0.2145523875951767
15222,2,1,0.08316398411989212
15223,2,0,0.33317431807518005
15224,4,1,0.3190854489803314
15225,4,0,0.1815064698457718
15226,5,1,0.4000476002693176
15227,4,0,0.149495929479599
15228,2,0,0.274475634098053
15229,1,0,0.24410441517829895
15230,1,1,0.7476117014884949
15231,1,0,0.18261060118675232
15232,4,1,0.38471734523773193
15233,5,0,0.3844045400619507
15234,1,0,0.1101539134979248
15235,4,0,0.08034329116344452
15236,5,0,0.11205040663480759
15237,2,1,0.16481658816337585
15238,4,0,0.05142068862915039
15239,2,1,0.3495751917362213
15240,4,0,0.11195449531078339
15241,4,0,0.6518152952194214
15242,3,0,0.022839060053229332
15243,3,0,0.14066988229751587
15244,2,0,0.09434571117162704
15245,3,0,0.15298384428024292
15246,4,0,0.0853666141629219
15247,3,1,0.7505929470062256
15248,3,1,0.16807998716831207
15249,2,0,0.05521438270807266
15250,3,0,0.0732249990105629
15251,5,0,0.11073782294988632
15252,4,0,0.14011700451374054
15253,5,0,0.05103427916765213
15254,1,0,0.0774746686220169
15255,4,1,0.25705641508102417
15256,4,0,0.26679474115371704
15257,5,1,0.05499520152807236
15258,4,1,0.14488336443901062
15259,5,0,0.14745154976844788
15260,3,0,0.3000825345516205
15261,3,0,0.12948739528656006
15262,2,1,0.37468117475509644
15263,3,0,0.19605287909507751
15264,1,0,0.11728416383266449
15265,5,0,0.10977278649806976
15266,5,0,0.2288038432598114
15267,5,1,0.16527274250984192
15268,1,0,0.058672983199357986
15269,4,0,0.3478696644306183
15270,3,0,0.3598281145095825
15271,4,1,0.16950051486492157
15272,5,0,0.10456332564353943
15273,4,1,0.4589068591594696
15274,4,1,0.1161804050207138
15275,1,0,0.1267973929643631
15276,2,0,0.034776721149683
15277,3,0,0.1266854852437973
15278,5,0,0.1624840945005417
15279,3,0,0.18159767985343933
15280,5,0,0.07380172610282898
15281,2,0,0.03679404407739639
15282,2,0,0.05781806260347366
15283,4,0,0.15183581411838531
15284,1,0,0.16817308962345123
15285,2,0,0.16093219816684723
15286,5,0,0.10757844150066376
15287,3,1,0.6268519759178162
15288,4,0,0.07000062614679337
15289,1,0,0.33433297276496887
15290,5,0,0.2001871019601822
15291,1,0,0.13910885155200958
15292,1,1,0.36542800068855286
15293,2,0,0.11034823954105377
15294,4,0,0.1682998687028885
15295,3,0,0.11465781927108765
15296,2,1,0.21791775524616241
15297,5,1,0.7438617944717407
15298,1,1,0.16601510345935822
15299,3,0,0.12166473269462585
15300,2,1,0.34142574667930603
15301,2,0,0.12264643609523773
15302,2,0,0.1610981673002243
15303,3,0,0.13933339715003967
15304,5,0,0.08123551309108734
15305,3,0,0.7772310972213745
15306,2,0,0.06003670021891594
15307,4,0,0.07766827940940857
15308,1,0,0.11978971213102341
15309,3,1,0.751719057559967
15310,5,0,0.0758386105298996
15311,4,1,0.1499965339899063
15312,3,0,0.09201790392398834
15313,4,0,0.6682292819023132
15314,4,0,0.2433047890663147
15315,3,0,0.6474078297615051
15316,2,1,0.1590505838394165
15317,3,0,0.5040916204452515
15318,4,0,0.11995004862546921
15319,1,0,0.5895211696624756
15320,4,0,0.18821604549884796
15321,5,0,0.017048856243491173
15322,4,0,0.27898454666137695
15323,1,0,0.03392832726240158
15324,4,0,0.43107011914253235
15325,1,0,0.11099526286125183
15326,5,1,0.8136166930198669
15327,1,0,0.32307106256484985
15328,3,0,0.1907196342945099
15329,2,0,0.09898879379034042
15330,5,1,0.08434334397315979
15331,2,0,0.16031023859977722
15332,4,0,0.19011840224266052
15333,4,0,0.17295017838478088
15334,3,1,0.09675724804401398
15335,2,0,0.05586528033018112
15336,3,0,0.2783021628856659
15337,5,0,0.1992637813091278
15338,2,0,0.15346655249595642
15339,1,0,0.028257319703698158
15340,3,0,0.12077919393777847
15341,3,1,0.22974863648414612
15342,2,0,0.049660876393318176
15343,3,1,0.4213346540927887
15344,5,0,0.1893794685602188
15345,1,1,0.6527289748191833
15346,2,0,0.14837738871574402
15347,1,0,0.26821398735046387
15348,1,0,0.14168284833431244
15349,1,1,0.09195373952388763
15350,4,0,0.16815772652626038
15351,1,0,0.08386366069316864
15352,5,1,0.6251343488693237
15353,4,0,0.1492505520582199
15354,3,0,0.20897766947746277
15355,2,0,0.1417197734117508
15356,4,0,0.04744577035307884
15357,1,1,0.7057651877403259
15358,4,0,0.15716876089572906
15359,1,0,0.07514245808124542
15360,5,0,0.12717723846435547
15361,4,0,0.04648067057132721
15362,1,0,0.36669662594795227
15363,4,0,0.08228829503059387
15364,3,0,0.06823685765266418
15365,2,1,0.7266985774040222
15366,4,0,0.09385663270950317
15367,3,0,0.2008567750453949
15368,2,0,0.13257774710655212
15369,2,0,0.09689852595329285
15370,3,1,0.054881516844034195
15371,4,0,0.27858325839042664
15372,2,0,0.05180427432060242
15373,5,0,0.18376809358596802
15374,4,0,0.0887918770313263
15375,3,0,0.6691544651985168
15376,4,1,0.24189123511314392
15377,4,0,0.1375444531440735
15378,1,0,0.17107650637626648
15379,1,1,0.45990094542503357
15380,5,0,0.07536701112985611
15381,5,0,0.16388940811157227
15382,3,0,0.05360179394483566
15383,1,1,0.4081985652446747
15384,4,0,0.47921302914619446
15385,1,1,0.16903866827487946
15386,3,0,0.22270767390727997
15387,1,0,0.1420702040195465
15388,1,1,0.3104691803455353
15389,2,0,0.03646184876561165
15390,1,0,0.33295854926109314
15391,3,0,0.14787286520004272
15392,4,0,0.06740301847457886
15393,4,0,0.41115081310272217
15394,5,0,0.15160302817821503
15395,1,1,0.43325671553611755
15396,1,0,0.17501062154769897
15397,2,0,0.14290571212768555
15398,2,0,0.0470375157892704
15399,5,1,0.7534068822860718
15400,5,1,0.7853571176528931
15401,1,1,0.09756997227668762
15402,5,1,0.3394358158111572
15403,3,1,0.19232255220413208
15404,1,1,0.29511335492134094
15405,3,0,0.07507922500371933
15406,3,0,0.15468274056911469
15407,4,0,0.11421428620815277
15408,3,0,0.06682626903057098
15409,5,0,0.10306110233068466
15410,4,0,0.7931942343711853
15411,1,0,0.07828081399202347
15412,2,0,0.1631717085838318
15413,3,0,0.4490356743335724
15414,3,0,0.11963224411010742
15415,5,0,0.057317789644002914
15416,3,0,0.1501999944448471
15417,4,0,0.1472981572151184
15418,5,0,0.05496949702501297
15419,4,0,0.06087246909737587
15420,5,0,0.1704799383878708
15421,4,0,0.12007584422826767
15422,4,0,0.08879177272319794
15423,4,0,0.13972780108451843
15424,4,0,0.12675778567790985
15425,4,1,0.3551768958568573
15426,4,0,0.328970730304718
15427,5,1,0.4747874438762665
15428,5,0,0.1672707498073578
15429,5,0,0.07204609364271164
15430,3,0,0.4706785976886749
15431,5,1,0.047855693846940994
15432,4,0,0.07217048853635788
15433,2,0,0.17726151645183563
15434,4,0,0.08413685113191605
15435,2,0,0.044318508356809616
15436,1,0,0.11972098052501678
15437,5,0,0.0948469266295433
15438,3,1,0.05911988019943237
15439,2,0,0.1554877609014511
15440,5,0,0.058854248374700546
15441,2,0,0.20923538506031036
15442,1,1,0.16719664633274078
15443,4,0,0.19740846753120422
15444,1,0,0.22038230299949646
15445,2,0,0.06238611042499542
15446,4,0,0.07454067468643188
15447,4,0,0.2881069481372833
15448,1,0,0.08545344322919846
15449,1,0,0.16589036583900452
15450,5,1,0.1367160826921463
15451,2,0,0.23733212053775787
15452,2,1,0.7104222178459167
15453,4,0,0.24204304814338684
15454,4,0,0.10711723566055298
15455,2,0,0.20550332963466644
15456,1,0,0.0647469088435173
15457,2,0,0.26962798833847046
15458,3,1,0.6838812828063965
15459,3,0,0.29709988832473755
15460,1,1,0.6356940865516663
15461,3,0,0.39190056920051575
15462,4,1,0.4518323838710785
15463,2,0,0.16172774136066437
15464,5,0,0.059423573315143585
15465,2,0,0.1708614081144333
15466,5,0,0.060655198991298676
15467,3,0,0.10593855381011963
15468,3,0,0.15073558688163757
15469,2,0,0.1457662433385849
15470,4,0,0.0848119929432869
15471,5,0,0.12328054755926132
15472,2,0,0.11667967587709427
15473,3,0,0.12720292806625366
15474,3,0,0.2511026859283447
15475,5,0,0.6640056371688843
15476,4,0,0.28299403190612793
15477,3,1,0.16077932715415955
15478,4,0,0.15043778717517853
15479,3,0,0.12809701263904572
15480,2,1,0.49730509519577026
15481,5,0,0.055558621883392334
15482,3,1,0.26193666458129883
15483,3,0,0.08411754667758942
15484,2,0,0.13963451981544495
15485,1,0,0.7197014689445496
15486,5,0,0.10249491780996323
15487,2,0,0.0948294848203659
15488,2,0,0.1465926468372345
15489,2,0,0.2046850174665451
15490,4,0,0.09824824333190918
15491,1,0,0.14594660699367523
15492,5,0,0.14227686822414398
15493,3,0,0.16520588099956512
15494,2,0,0.17562302947044373
15495,2,0,0.07130305469036102
15496,2,0,0.08892185986042023
15497,5,0,0.15248538553714752
15498,1,0,0.08607111871242523
15499,4,0,0.1439610868692398
15500,5,0,0.08646658807992935
15501,2,0,0.03927561640739441
15502,3,0,0.27698788046836853
15503,2,0,0.08483850955963135
15504,4,0,0.0653606429696083
15505,1,0,0.16001629829406738
15506,1,0,0.1639828383922577
15507,5,0,0.1588982343673706
15508,1,0,0.13356421887874603
15509,4,0,0.18186752498149872
15510,3,1,0.7519822120666504
15511,2,0,0.17005422711372375
15512,4,0,0.13738931715488434
15513,3,0,0.19276125729084015
15514,5,0,0.045442964881658554
15515,5,0,0.2905893325805664
15516,4,0,0.12481129169464111
15517,2,0,0.10149946063756943
15518,2,1,0.51993727684021
15519,3,0,0.13838130235671997
15520,1,0,0.05639089643955231
15521,4,0,0.12241039425134659
15522,4,0,0.10574921220541
15523,1,0,0.232796773314476
15524,2,1,0.4417893588542938
15525,5,0,0.1512223333120346
15526,5,0,0.05925342068076134
15527,2,1,0.15283551812171936
15528,2,0,0.08231690526008606
15529,1,0,0.1638459414243698
15530,2,0,0.34254398941993713
15531,3,0,0.05442601069808006
15532,3,0,0.2634735107421875
15533,2,0,0.1331036388874054
15534,2,0,0.08769229799509048
15535,2,0,0.13295336067676544
15536,5,1,0.6733839511871338
15537,3,1,0.12256446480751038
15538,1,0,0.3470146358013153
15539,1,0,0.12706919014453888
15540,2,0,0.1831638514995575
15541,3,0,0.22864504158496857
15542,1,0,0.11161182075738907
15543,1,0,0.7224791646003723
15544,5,0,0.08255941420793533
15545,5,0,0.2178424894809723
15546,2,0,0.04529339447617531
15547,2,1,0.6788097620010376
15548,5,1,0.7422435283660889
15549,2,0,0.10064393281936646
15550,1,0,0.1149338111281395
15551,4,0,0.26534146070480347
15552,4,0,0.1856744885444641
15553,1,0,0.12443394958972931
15554,5,0,0.6212003827095032
15555,1,1,0.18147993087768555
15556,1,0,0.2581803500652313
15557,4,1,0.5933366417884827
15558,4,0,0.09970507770776749
15559,4,1,0.7230020761489868
15560,5,1,0.25758877396583557
15561,5,0,0.16550111770629883
15562,5,0,0.03887801989912987
15563,5,0,0.1352519690990448
15564,4,0,0.11997409909963608
15565,3,0,0.05069505795836449
15566,2,0,0.3557950556278229
15567,4,0,0.176879420876503
15568,4,0,0.09597791731357574
15569,1,0,0.12907280027866364
15570,3,0,0.10758375376462936
15571,2,0,0.1001354306936264
15572,4,0,0.13851715624332428
15573,3,0,0.10009322315454483
15574,2,0,0.18936355412006378
15575,2,1,0.38670629262924194
15576,2,0,0.23397493362426758
15577,4,0,0.09676214307546616
15578,3,0,0.12155559659004211
15579,4,0,0.46037647128105164
15580,5,0,0.5792981386184692
15581,5,0,0.2654018998146057
15582,2,0,0.39029067754745483
15583,5,1,0.6599014401435852
15584,4,0,0.3488381505012512
15585,5,0,0.12016931176185608
15586,4,0,0.5240196585655212
15587,4,0,0.14777754247188568
15588,4,0,0.13650421798229218
15589,4,0,0.09689410775899887
15590,4,0,0.15682893991470337
15591,5,0,0.06526167690753937
15592,2,0,0.0906696543097496
15593,2,1,0.22552722692489624
15594,2,0,0.1319965124130249
15595,5,0,0.13633325695991516
15596,1,0,0.6045977473258972
15597,2,1,0.210609570145607
15598,3,0,0.14271225035190582
15599,4,1,0.3173399865627289
15600,1,0,0.720118522644043
15601,4,0,0.5185255408287048
15602,3,0,0.17579399049282074
15603,1,0,0.11115614324808121
15604,5,1,0.3954813480377197
15605,5,0,0.1800854355096817
15606,3,0,0.3084678649902344
15607,2,0,0.15577656030654907
15608,5,0,0.10100758820772171
15609,5,0,0.07260897755622864
15610,2,0,0.10269274562597275
15611,5,0,0.0650000348687172
15612,3,0,0.20848652720451355
15613,5,0,0.11203403025865555
15614,1,1,0.11661171168088913
15615,3,0,0.05130745470523834
15616,3,0,0.057206522673368454
15617,2,0,0.2856979966163635
15618,1,0,0.025860348716378212
15619,5,1,0.22337667644023895
15620,2,0,0.0633045956492424
15621,2,0,0.3927972912788391
15622,2,0,0.09274830669164658
15623,1,0,0.08077386021614075
15624,5,0,0.21595807373523712
15625,4,0,0.2250916063785553
15626,1,0,0.08273017406463623
15627,2,1,0.7510663270950317
15628,2,1,0.813500165939331
15629,1,0,0.27164626121520996
15630,1,0,0.16077837347984314
15631,2,0,0.21090130507946014
15632,2,0,0.16400937736034393
15633,5,0,0.118179552257061
15634,1,0,0.14864490926265717
15635,1,0,0.2875159978866577
15636,1,0,0.41066229343414307
15637,5,0,0.17775292694568634
15638,3,0,0.1247372180223465
15639,4,0,0.15575818717479706
15640,3,0,0.3291507959365845
15641,3,0,0.15791264176368713
15642,1,0,0.21666324138641357
15643,5,0,0.11936566233634949
15644,3,0,0.07732066512107849
15645,5,0,0.19461944699287415
15646,5,0,0.06866799294948578
15647,4,0,0.08395182341337204
15648,1,0,0.24487315118312836
15649,1,0,0.10719194263219833
15650,3,0,0.06032554805278778
15651,1,0,0.07699739187955856
15652,3,1,0.9065568447113037
15653,2,0,0.32536521553993225
15654,2,1,0.6119804978370667
15655,2,0,0.13968610763549805
15656,1,0,0.1781453937292099
15657,3,0,0.15115584433078766
15658,3,0,0.3358992636203766
15659,5,1,0.23478153347969055
15660,5,1,0.5772727131843567
15661,1,0,0.21780753135681152
15662,2,0,0.052358388900756836
15663,1,0,0.12313181161880493
15664,5,1,0.7626933455467224
15665,5,0,0.08555194735527039
15666,1,0,0.3103722929954529
15667,1,0,0.8275477886199951
15668,1,1,0.13137322664260864
15669,4,1,0.07800326496362686
15670,4,0,0.13235114514827728
15671,4,0,0.14379695057868958
15672,5,1,0.7123736143112183
15673,1,0,0.11007096618413925
15674,4,1,0.6483702063560486
15675,2,1,0.6225832104682922
15676,4,1,0.295102059841156
15677,5,0,0.1749088615179062
15678,3,0,0.06871415674686432
15679,5,1,0.3197728097438812
15680,3,0,0.07590893656015396
15681,4,1,0.20501786470413208
15682,1,0,0.047615133225917816
15683,5,0,0.06673244386911392
15684,3,0,0.029910875484347343
15685,4,0,0.13418236374855042
15686,1,1,0.13803260028362274
15687,1,0,0.19752703607082367
15688,4,0,0.08515307307243347
15689,3,0,0.12305622547864914
15690,1,0,0.13139745593070984
15691,1,0,0.05267587676644325
15692,4,0,0.08212784677743912
15693,4,0,0.2543245255947113
15694,2,0,0.051878705620765686
15695,4,0,0.14432764053344727
15696,5,0,0.07736051082611084
15697,4,0,0.10256170481443405
15698,1,1,0.5887815356254578
15699,3,0,0.14123935997486115
15700,1,1,0.7267147302627563
15701,5,0,0.06210971623659134
15702,5,0,0.2896212041378021
15703,1,1,0.3693682551383972
15704,3,0,0.20724844932556152
15705,4,1,0.49047502875328064
15706,1,0,0.32790327072143555
15707,2,0,0.05894244834780693
15708,5,1,0.14605660736560822
15709,2,0,0.0620829313993454
15710,1,1,0.26020246744155884
15711,4,0,0.19106097519397736
15712,5,0,0.22623559832572937
15713,4,1,0.17405486106872559
15714,1,1,0.3537614643573761
15715,2,0,0.21726855635643005
15716,5,0,0.10863037407398224
15717,1,0,0.20231884717941284
15718,4,0,0.11690352857112885
15719,5,0,0.07330166548490524
15720,1,0,0.10873816907405853
15721,5,0,0.17470338940620422
15722,2,0,0.1095881387591362
15723,2,1,0.09432515501976013
15724,1,0,0.16807571053504944
15725,1,0,0.100192591547966
15726,5,0,0.12035717070102692
15727,2,1,0.8070139288902283
15728,2,0,0.10382349789142609
15729,5,0,0.6908921003341675
15730,1,1,0.37092334032058716
15731,3,0,0.07702867686748505
15732,5,0,0.18135637044906616
15733,1,1,0.42666786909103394
15734,4,0,0.04633249714970589
15735,5,0,0.10612722486257553
15736,2,1,0.7096948027610779
15737,5,0,0.13971540331840515
15738,5,0,0.18280580639839172
15739,2,1,0.7673616409301758
15740,2,1,0.14326627552509308
15741,4,0,0.16228049993515015
15742,1,0,0.1209881529211998
15743,1,0,0.1622707098722458
15744,2,0,0.1216779574751854
15745,3,0,0.12258389592170715
15746,3,0,0.16995501518249512
15747,5,0,0.22698253393173218
15748,4,0,0.1229441910982132
15749,2,0,0.36765557527542114
15750,5,0,0.09144271910190582
15751,1,1,0.15583789348602295
15752,1,0,0.12318336963653564
15753,4,1,0.19731751084327698
15754,4,0,0.1611902415752411
15755,1,0,0.10932183265686035
15756,1,0,0.14038164913654327
15757,2,0,0.12069414556026459
15758,5,0,0.17758187651634216
15759,1,1,0.30315542221069336
15760,2,0,0.16791453957557678
15761,2,0,0.48831629753112793
15762,5,0,0.1749265193939209
15763,5,0,0.10855250805616379
15764,2,1,0.8118048906326294
15765,3,0,0.07273752987384796
15766,3,0,0.26075974106788635
15767,3,1,0.7826858758926392
15768,2,0,0.047145307064056396
15769,1,0,0.597898006439209
15770,3,0,0.13908767700195312
15771,1,0,0.1808069795370102
15772,4,0,0.07923905551433563
15773,2,0,0.09527124464511871
15774,5,0,0.0841321274638176
15775,2,0,0.13640175759792328
15776,3,0,0.21356600522994995
15777,3,0,0.30822354555130005
15778,4,0,0.08110156655311584
15779,2,0,0.3401273190975189
15780,2,0,0.27819088101387024
15781,4,0,0.05912790820002556
15782,2,0,0.07027646154165268
15783,1,1,0.651266872882843
15784,1,0,0.3580436110496521
15785,1,1,0.08927828818559647
15786,3,0,0.29929396510124207
15787,5,0,0.17914877831935883
15788,4,1,0.368294358253479
15789,1,1,0.6807698607444763
15790,4,0,0.11949728429317474
15791,4,0,0.14519305527210236
15792,5,0,0.14423303306102753
15793,3,1,0.23551243543624878
15794,4,1,0.1938263326883316
15795,1,0,0.12605512142181396
15796,2,0,0.14918361604213715
15797,2,0,0.09457285702228546
15798,5,0,0.1097266897559166
15799,3,0,0.3104507029056549
15800,3,1,0.2813989222049713
15801,4,1,0.48241764307022095
15802,5,0,0.125962495803833
15803,2,0,0.1421908736228943
15804,4,0,0.07119672000408173
15805,5,1,0.577369213104248
15806,3,0,0.3220357596874237
15807,5,0,0.22592060267925262
15808,4,0,0.09259657561779022
15809,2,0,0.13779044151306152
15810,2,1,0.6160712242126465
15811,4,0,0.13193419575691223
15812,3,1,0.21094632148742676
15813,5,0,0.07293308526277542
15814,5,0,0.6779667735099792
15815,5,1,0.15388458967208862
15816,3,0,0.06094139814376831
15817,5,0,0.07937628775835037
15818,1,0,0.27373188734054565
15819,4,1,0.15210871398448944
15820,1,0,0.09621775895357132
15821,4,0,0.1248311921954155
15822,2,0,0.6091001629829407
15823,4,1,0.609666645526886
15824,1,0,0.05658658593893051
15825,5,0,0.04450787976384163
15826,2,0,0.0622110515832901
15827,4,1,0.7099677920341492
15828,5,1,0.148910254240036
15829,1,0,0.15410614013671875
15830,5,0,0.0966576486825943
15831,4,0,0.10339390486478806
15832,3,0,0.2224428951740265
15833,3,1,0.2719845771789551
15834,3,0,0.12139806151390076
15835,5,0,0.07446867227554321
15836,4,0,0.07796251773834229
15837,4,0,0.08758363872766495
15838,3,0,0.3792864978313446
15839,5,0,0.06374656409025192
15840,5,0,0.3536229431629181
15841,2,0,0.15532280504703522
15842,5,0,0.7551105618476868
15843,4,0,0.10710093379020691
15844,4,0,0.16625119745731354
15845,5,0,0.1575326919555664
15846,2,0,0.19118140637874603
15847,1,0,0.18577700853347778
15848,3,0,0.2230934500694275
15849,1,0,0.15961508452892303
15850,5,0,0.04749593511223793
15851,3,1,0.6669340133666992
15852,3,0,0.5497601628303528
15853,5,0,0.11504209041595459
15854,3,0,0.16710634529590607
15855,5,0,0.10715796798467636
15856,3,1,0.22577176988124847
15857,1,1,0.558052122592926
15858,4,0,0.04835452884435654
15859,2,0,0.10148073732852936
15860,1,0,0.38380494713783264
15861,2,0,0.03765127807855606
15862,1,0,0.17795272171497345
15863,5,1,0.11384952813386917
15864,5,0,0.09633544087409973
15865,1,0,0.2405679076910019
15866,1,1,0.1749504804611206
15867,2,0,0.05983322858810425
15868,3,1,0.1524777114391327
15869,1,0,0.11768040806055069
15870,4,0,0.13444556295871735
15871,1,0,0.051238369196653366
15872,1,0,0.059313684701919556
15873,3,1,0.39809560775756836
15874,1,0,0.08819426596164703
15875,2,0,0.10845136642456055
15876,1,0,0.14935283362865448
15877,1,0,0.10562168061733246
15878,2,0,0.12808412313461304
15879,1,0,0.5841050148010254
15880,4,1,0.33142367005348206
15881,1,0,0.10840897262096405
15882,2,0,0.0885157436132431
15883,5,0,0.07824336737394333
15884,4,0,0.1423613429069519
15885,3,1,0.18899588286876678
15886,1,0,0.05002547428011894
15887,2,0,0.05576934292912483
15888,3,0,0.20054125785827637
15889,4,0,0.03727329894900322
15890,4,1,0.25959455966949463
15891,3,1,0.22160792350769043
15892,2,0,0.05284207686781883
15893,4,0,0.06908515840768814
15894,3,1,0.3540533781051636
15895,5,0,0.07859665155410767
15896,5,0,0.06538303941488266
15897,2,0,0.13521446287631989
15898,5,0,0.3179309070110321
15899,3,1,0.14012768864631653
15900,4,0,0.16101746261119843
15901,5,0,0.7854430079460144
15902,1,0,0.4215530753135681
15903,4,0,0.1770830899477005
15904,3,0,0.0681406781077385
15905,2,0,0.1561363935470581
15906,4,0,0.056040115654468536
15907,5,0,0.1036066934466362
15908,2,0,0.16454127430915833
15909,2,0,0.13927829265594482
15910,3,0,0.16981545090675354
15911,1,0,0.0596843920648098
15912,4,1,0.28366678953170776
15913,4,0,0.07877598702907562
15914,1,0,0.14591361582279205
15915,3,1,0.21824699640274048
15916,1,0,0.29372626543045044
15917,2,0,0.08185926824808121
15918,5,0,0.055585987865924835
15919,2,0,0.2388909012079239
15920,2,0,0.18153291940689087
15921,2,1,0.7483622431755066
15922,2,0,0.20722593367099762
15923,1,1,0.3543778359889984
15924,4,0,0.10837611556053162
15925,5,0,0.17495271563529968
15926,5,1,0.6185204386711121
15927,1,0,0.05137672275304794
15928,4,0,0.0774436965584755
15929,5,0,0.22192925214767456
15930,3,0,0.16913075745105743
15931,1,1,0.12155235558748245
15932,3,0,0.5522372722625732
15933,2,0,0.10354044288396835
15934,4,0,0.15424571931362152
15935,2,1,0.7794337868690491
15936,3,1,0.1782812625169754
15937,2,0,0.04624844714999199
15938,1,1,0.7726916074752808
15939,4,0,0.1504163146018982
15940,3,0,0.4554051160812378
15941,4,0,0.09487361460924149
15942,3,0,0.19049422442913055
15943,3,0,0.1569252759218216
15944,4,0,0.11254280805587769
15945,2,0,0.12626172602176666
15946,5,0,0.1874884068965912
15947,5,0,0.16346588730812073
15948,5,0,0.08038654178380966
15949,5,1,0.3041612505912781
15950,3,1,0.7571980357170105
15951,3,0,0.13027413189411163
15952,4,0,0.2618653178215027
15953,1,1,0.20584434270858765
15954,4,0,0.17040316760540009
15955,5,0,0.16510435938835144
15956,1,1,0.2823942005634308
15957,2,0,0.10529030859470367
15958,2,0,0.563245952129364
15959,5,0,0.34206870198249817
15960,4,0,0.25307705998420715
15961,2,0,0.025205524638295174
15962,5,0,0.1947663426399231
15963,3,1,0.7152256369590759
15964,1,0,0.6390942335128784
15965,1,0,0.11303254216909409
15966,4,0,0.10910061001777649
15967,2,0,0.11979833245277405
15968,1,0,0.5479836463928223
15969,5,0,0.12648123502731323
15970,3,0,0.06293150037527084
15971,3,1,0.7015972137451172
15972,5,0,0.4591798186302185
15973,3,0,0.7561927437782288
15974,1,0,0.05341164767742157
15975,2,0,0.15433244407176971
15976,3,0,0.10755417495965958
15977,1,0,0.0965510755777359
15978,3,0,0.17039816081523895
15979,3,0,0.11875786632299423
15980,5,1,0.23814883828163147
15981,4,0,0.06645713001489639
15982,5,0,0.06500191986560822
15983,4,0,0.3438275158405304
15984,3,1,0.1624985784292221
15985,5,0,0.045918043702840805
15986,4,0,0.037645965814590454
15987,1,0,0.2490151971578598
15988,5,0,0.791327714920044
15989,4,0,0.34899282455444336
15990,3,0,0.1938352882862091
15991,3,1,0.36079147458076477
15992,4,0,0.12683431804180145
15993,3,0,0.17405672371387482
15994,3,0,0.16185130178928375
15995,1,0,0.1601932942867279
15996,2,0,0.20542870461940765
15997,1,0,0.03903496637940407
15998,4,1,0.792290449142456
15999,3,1,0.16678714752197266
16000,2,0,0.061548128724098206
16001,5,0,0.19251134991645813
16002,3,0,0.3902837634086609
16003,2,0,0.2162090390920639
16004,2,0,0.10369127243757248
16005,1,0,0.13620616495609283
16006,2,1,0.5674446821212769
16007,1,0,0.26000693440437317
16008,3,1,0.5743823051452637
16009,5,0,0.12452983856201172
16010,2,1,0.7232252359390259
16011,4,1,0.5536162853240967
16012,5,0,0.10315482318401337
16013,4,0,0.04672512784600258
16014,3,0,0.14592814445495605
16015,5,0,0.11065273731946945
16016,2,1,0.385379433631897
16017,4,0,0.056464649736881256
16018,2,1,0.13666121661663055
16019,3,0,0.08811028301715851
16020,1,0,0.16479390859603882
16021,2,0,0.10119717568159103
16022,4,0,0.14422506093978882
16023,3,0,0.04240097478032112
16024,4,0,0.27734923362731934
16025,2,0,0.12780798971652985
16026,1,0,0.34303954243659973
16027,5,0,0.23145641386508942
16028,2,0,0.13003236055374146
16029,4,1,0.10890160501003265
16030,2,0,0.59901362657547
16031,3,0,0.11148370057344437
16032,1,0,0.07770749181509018
16033,4,1,0.11944044381380081
16034,5,0,0.24525569379329681
16035,3,1,0.36169925332069397
16036,5,1,0.3825104236602783
16037,4,0,0.08752409368753433
16038,1,0,0.3180607557296753
16039,2,0,0.1212729662656784
16040,5,0,0.1441669911146164
16041,1,0,0.07799665629863739
16042,4,0,0.1555013358592987
16043,3,1,0.19978122413158417
16044,3,0,0.1913589984178543
16045,1,0,0.09845617413520813
16046,3,0,0.20877297222614288
16047,1,0,0.05461157113313675
16048,5,1,0.08449669927358627
16049,4,1,0.15328805148601532
16050,3,1,0.11338111758232117
16051,3,0,0.06318119913339615
16052,3,1,0.08663447946310043
16053,5,0,0.18854810297489166
16054,4,0,0.15093615651130676
16055,4,0,0.0829557254910469
16056,1,0,0.21807946264743805
16057,2,0,0.22876134514808655
16058,3,0,0.06743142753839493
16059,3,0,0.2358761727809906
16060,1,0,0.28271862864494324
16061,2,0,0.2538425326347351
16062,5,1,0.27728089690208435
16063,5,1,0.16717343032360077
16064,5,0,0.06785622239112854
16065,3,0,0.2174406498670578
16066,2,0,0.1251102238893509
16067,2,0,0.19615177810192108
16068,5,0,0.10925848037004471
16069,3,1,0.4606635570526123
16070,1,0,0.16396786272525787
16071,2,1,0.6747541427612305
16072,4,0,0.42647144198417664
16073,2,0,0.1918743997812271
16074,4,0,0.10729636251926422
16075,3,1,0.4964989423751831
16076,3,0,0.07827943563461304
16077,1,0,0.4511443078517914
16078,3,0,0.0712578222155571
16079,5,0,0.15104909241199493
16080,2,0,0.4706454873085022
16081,3,0,0.13644565641880035
16082,5,0,0.1130094826221466
16083,4,1,0.3444651961326599
16084,2,0,0.04283381626009941
16085,2,0,0.08626794815063477
16086,4,0,0.4644554555416107
16087,1,0,0.10410863161087036
16088,4,0,0.615790069103241
16089,3,1,0.13981357216835022
16090,1,1,0.782016396522522
16091,1,0,0.15935161709785461
16092,1,0,0.18830740451812744
16093,1,0,0.10009022057056427
16094,2,0,0.6676165461540222
16095,4,0,0.47058817744255066
16096,5,0,0.06589309871196747
16097,3,0,0.08518904447555542
16098,1,0,0.046389397233724594
16099,2,0,0.1607481688261032
16100,3,0,0.16458375751972198
16101,2,1,0.8861122131347656
16102,1,0,0.06106920167803764
16103,1,0,0.11267256736755371
16104,1,1,0.5835840106010437
16105,3,0,0.12437701970338821
16106,4,0,0.0700063705444336
16107,3,0,0.19098486006259918
16108,5,0,0.29493582248687744
16109,4,0,0.10328743606805801
16110,5,0,0.08630243688821793
16111,4,0,0.11935974657535553
16112,5,1,0.7982742786407471
16113,5,0,0.14551909267902374
16114,1,0,0.11884649842977524
16115,2,0,0.6826198101043701
16116,1,0,0.12650248408317566
16117,3,0,0.1980358064174652
16118,2,0,0.09301487356424332
16119,4,0,0.07938054203987122
16120,3,1,0.37777286767959595
16121,4,0,0.32673129439353943
16122,3,0,0.024659251794219017
16123,5,1,0.7383201122283936
16124,3,0,0.1701764464378357
16125,3,0,0.19580380618572235
16126,4,0,0.18242235481739044
16127,2,1,0.19928820431232452
16128,4,0,0.08333659172058105
16129,5,0,0.3809558153152466
16130,4,1,0.472624272108078
16131,3,0,0.10180987417697906
16132,2,0,0.1465030312538147
16133,5,0,0.04281158372759819
16134,2,0,0.06842924654483795
16135,4,0,0.09370370954275131
16136,2,0,0.07964814454317093
16137,3,0,0.0421210452914238
16138,4,0,0.10496817529201508
16139,5,1,0.19003894925117493
16140,4,0,0.39589768648147583
16141,4,0,0.18307195603847504
16142,4,0,0.11616397649049759
16143,5,0,0.12968721985816956
16144,1,0,0.09535810351371765
16145,5,0,0.10835999250411987
16146,1,0,0.08114270865917206
16147,2,0,0.13809676468372345
16148,5,0,0.06706856191158295
16149,4,0,0.11715375632047653
16150,3,0,0.1272583305835724
16151,5,0,0.256827712059021
16152,1,1,0.2251727432012558
16153,3,0,0.0644846111536026
16154,4,0,0.262263685464859
16155,2,1,0.6868276000022888
16156,1,0,0.2524963319301605
16157,3,0,0.5508288145065308
16158,1,1,0.6728492975234985
16159,3,0,0.34064981341362
16160,3,0,0.10406851768493652
16161,1,0,0.532789409160614
16162,3,0,0.037224531173706055
16163,4,1,0.7811466455459595
16164,1,0,0.19661788642406464
16165,2,0,0.05255876109004021
16166,2,0,0.2495366930961609
16167,2,0,0.1141638457775116
16168,3,0,0.18005618453025818
16169,2,1,0.139241561293602
16170,4,0,0.08627061545848846
16171,1,0,0.07866665720939636
16172,4,1,0.11862002313137054
16173,3,0,0.07504034042358398
16174,4,0,0.23786936700344086
16175,3,0,0.11805874109268188
16176,3,1,0.12639132142066956
16177,3,1,0.333583801984787
16178,2,1,0.4943234622478485
16179,3,0,0.4484484791755676
16180,1,1,0.7721312642097473
16181,2,1,0.3236149549484253
16182,1,1,0.7205858826637268
16183,3,0,0.10571061819791794
16184,1,1,0.6014363765716553
16185,5,0,0.6589178442955017
16186,4,0,0.08777777850627899
16187,5,1,0.043531328439712524
16188,1,0,0.10378583520650864
16189,1,1,0.30878695845603943
16190,1,0,0.24630741775035858
16191,3,1,0.7667439579963684
16192,3,0,0.18029801547527313
16193,5,0,0.17114415764808655
16194,3,0,0.06394286453723907
16195,2,1,0.39152616262435913
16196,3,0,0.7361630797386169
16197,2,0,0.13597933948040009
16198,1,1,0.2432195097208023
16199,3,1,0.33876076340675354
16200,2,0,0.1363162249326706
16201,1,0,0.053233418613672256
16202,5,1,0.1313941776752472
16203,5,1,0.684512734413147
16204,3,0,0.3714640736579895
16205,5,0,0.07308093458414078
16206,3,0,0.09921591728925705
16207,4,1,0.6361721754074097
16208,4,0,0.06069863587617874
16209,4,0,0.2946353554725647
16210,3,0,0.041775207966566086
16211,4,0,0.10685531049966812
16212,5,0,0.15744826197624207
16213,5,0,0.12250303477048874
16214,3,0,0.23250097036361694
16215,2,0,0.15456704795360565
16216,5,1,0.3355720639228821
16217,2,0,0.08662544935941696
16218,2,0,0.04344651848077774
16219,4,0,0.10306425392627716
16220,5,1,0.5005708932876587
16221,2,0,0.8157072067260742
16222,1,0,0.1607063114643097
16223,3,0,0.03200476989150047
16224,5,0,0.14352697134017944
16225,3,0,0.17772319912910461
16226,5,0,0.21787935495376587
16227,4,1,0.41944944858551025
16228,4,0,0.20680096745491028
16229,5,0,0.08205830305814743
16230,4,0,0.578366756439209
16231,5,0,0.17466753721237183
16232,4,1,0.5728681683540344
16233,2,0,0.1602347195148468
16234,5,0,0.21328796446323395
16235,1,0,0.11989451944828033
16236,5,1,0.04610953480005264
16237,5,0,0.18646825850009918
16238,5,1,0.6768001317977905
16239,2,0,0.10521212965250015
16240,1,0,0.0866565927863121
16241,3,0,0.22329576313495636
16242,1,0,0.0896577462553978
16243,3,0,0.05230403319001198
16244,5,0,0.03265388682484627
16245,5,0,0.09073371440172195
16246,3,1,0.664383053779602
16247,2,0,0.08951643109321594
16248,4,1,0.6818440556526184
16249,1,0,0.06136498972773552
16250,2,0,0.10918207466602325
16251,4,0,0.7664627432823181
16252,2,0,0.05749586597084999
16253,3,0,0.05926630645990372
16254,5,0,0.09372979402542114
16255,3,0,0.24304644763469696
16256,2,1,0.7178956270217896
16257,1,0,0.17326408624649048
16258,1,0,0.08778228610754013
16259,2,0,0.15996530652046204
16260,4,0,0.7753586769104004
16261,3,0,0.12776359915733337
16262,2,0,0.15758481621742249
16263,2,0,0.07900707423686981
16264,2,0,0.07110035419464111
16265,3,0,0.4109848737716675
16266,1,0,0.19663581252098083
16267,1,1,0.4460532069206238
16268,4,0,0.11703571677207947
16269,4,0,0.0710218995809555
16270,4,0,0.43722227215766907
16271,2,0,0.2625390887260437
16272,5,0,0.043809130787849426
16273,2,1,0.32959023118019104
16274,3,0,0.15566658973693848
16275,3,0,0.05481920763850212
16276,5,0,0.09762895852327347
16277,5,0,0.37963369488716125
16278,2,1,0.26537030935287476
16279,3,0,0.266710489988327
16280,2,1,0.5045256018638611
16281,1,0,0.14282888174057007
16282,4,0,0.5784313678741455
16283,3,1,0.7145001888275146
16284,1,0,0.1797739714384079
16285,3,0,0.07665041834115982
16286,1,0,0.09161360561847687
16287,5,0,0.07904832065105438
16288,4,1,0.6151426434516907
16289,1,0,0.12355340272188187
16290,3,0,0.10992352664470673
16291,2,0,0.1105433776974678
16292,4,0,0.1554582417011261
16293,4,0,0.30298230051994324
16294,2,0,0.7456658482551575
16295,1,0,0.11263202875852585
16296,1,0,0.09264275431632996
16297,4,0,0.20065408945083618
16298,1,0,0.04471093416213989
16299,3,1,0.5116536021232605
16300,5,0,0.09574668109416962
16301,5,1,0.7200554013252258
16302,3,0,0.025240523740649223
16303,1,0,0.1870221197605133
16304,4,0,0.11969180405139923
16305,4,1,0.13585054874420166
16306,2,0,0.057832781225442886
16307,5,0,0.18781964480876923
16308,4,0,0.09201383590698242
16309,3,0,0.31244680285453796
16310,3,0,0.10658220946788788
16311,1,1,0.783355712890625
16312,2,0,0.28589025139808655
16313,1,0,0.2855035960674286
16314,3,0,0.09200835973024368
16315,5,0,0.10951698571443558
16316,4,0,0.21138769388198853
16317,5,0,0.048121947795152664
16318,4,0,0.1938282549381256
16319,1,0,0.05775110796093941
16320,4,0,0.1512392908334732
16321,1,0,0.7379791736602783
16322,5,0,0.19233110547065735
16323,3,0,0.14494626224040985
16324,1,0,0.2205606997013092
16325,1,0,0.16221484541893005
16326,3,0,0.18434126675128937
16327,2,0,0.0652717724442482
16328,3,0,0.115589939057827
16329,1,0,0.29187384247779846
16330,2,0,0.06904032081365585
16331,3,0,0.8400605916976929
16332,1,0,0.07230512797832489
16333,3,0,0.10283730179071426
16334,1,0,0.06888435781002045
16335,3,0,0.0572245791554451
16336,3,0,0.2773924767971039
16337,4,0,0.239717498421669
16338,4,0,0.156263068318367
16339,3,0,0.08058259636163712
16340,3,0,0.14123880863189697
16341,2,0,0.23978519439697266
16342,2,0,0.0946454182267189
16343,4,0,0.20640431344509125
16344,4,0,0.1174246147274971
16345,3,0,0.312491774559021
16346,5,0,0.11114858835935593
16347,5,0,0.1605377048254013
16348,3,0,0.12090639770030975
16349,5,0,0.737333357334137
16350,3,0,0.1319972574710846
16351,1,0,0.10552991181612015
16352,4,0,0.2323857843875885
16353,1,0,0.11229126900434494
16354,2,1,0.1753414273262024
16355,2,0,0.06974274665117264
16356,4,0,0.13504528999328613
16357,2,0,0.1908857524394989
16358,3,1,0.2744583487510681
16359,1,0,0.2284347116947174
16360,5,0,0.0831504613161087
16361,3,0,0.08814067393541336
16362,1,0,0.1903425008058548
16363,5,0,0.10240209847688675
16364,5,0,0.07899384200572968
16365,4,0,0.14771105349063873
16366,4,0,0.176005020737648
16367,2,0,0.20412443578243256
16368,2,0,0.12404939532279968
16369,1,1,0.0912652313709259
16370,2,1,0.5480901598930359
16371,3,1,0.5497696399688721
16372,1,0,0.07991193979978561
16373,1,0,0.15302762389183044
16374,1,0,0.14703692495822906
16375,2,0,0.6057374477386475
16376,3,1,0.30668768286705017
16377,1,0,0.14215891063213348
16378,4,0,0.10529021918773651
16379,2,0,0.11263900995254517
16380,1,0,0.17522205412387848
16381,3,0,0.1501818746328354
16382,1,1,0.20764197409152985
16383,5,0,0.07342801243066788
16384,4,0,0.07231937348842621
16385,1,0,0.029916763305664062
16386,2,1,0.6832021474838257
16387,5,0,0.05752085521817207
16388,3,0,0.05223538726568222
16389,1,0,0.11757706105709076
16390,4,0,0.19232572615146637
16391,1,0,0.1011851355433464
16392,3,0,0.08661480993032455
16393,4,0,0.10172475874423981
16394,4,1,0.15792258083820343
16395,3,1,0.34528475999832153
16396,3,0,0.0708933025598526
16397,5,0,0.17180463671684265
16398,5,0,0.6931289434432983
16399,4,0,0.1139129027724266
16400,5,0,0.0957041084766388
16401,2,0,0.11869058758020401
16402,5,0,0.04606408625841141
16403,2,0,0.12023676931858063
16404,1,0,0.5229145288467407
16405,2,0,0.13937564194202423
16406,5,0,0.14832749962806702
16407,5,0,0.05416484922170639
16408,5,1,0.3850833475589752
16409,2,0,0.11849594861268997
16410,1,0,0.11812230944633484
16411,5,0,0.06639615446329117
16412,3,0,0.2311730533838272
16413,2,0,0.24193984270095825
16414,2,0,0.33772706985473633
16415,4,0,0.11701139807701111
16416,3,0,0.10378868877887726
16417,4,0,0.10857968777418137
16418,1,0,0.07999922335147858
16419,2,0,0.3284277319908142
16420,3,0,0.23391710221767426
16421,4,0,0.049579933285713196
16422,4,0,0.09409383684396744
16423,3,0,0.1421240121126175
16424,5,0,0.16254179179668427
16425,3,0,0.09779143333435059
16426,1,0,0.13290256261825562
16427,1,0,0.08119796216487885
16428,5,0,0.04478586092591286
16429,3,0,0.1582910269498825
16430,3,0,0.04682523384690285
16431,2,0,0.20010295510292053
16432,2,0,0.15666043758392334
16433,5,0,0.1435832977294922
16434,4,0,0.2360202670097351
16435,2,0,0.05642612278461456
16436,1,0,0.13267652690410614
16437,1,1,0.6347850561141968
16438,1,1,0.15820632874965668
16439,2,1,0.23253126442432404
16440,1,0,0.290563702583313
16441,4,0,0.10665532946586609
16442,1,0,0.21573740243911743
16443,2,0,0.2530108690261841
16444,3,1,0.0956873744726181
16445,5,0,0.07350146025419235
16446,2,0,0.12005951255559921
16447,3,0,0.07726560533046722
16448,5,1,0.3887648582458496
16449,5,0,0.15452514588832855
16450,1,1,0.09908213466405869
16451,4,0,0.26300477981567383
16452,3,1,0.7585862278938293
16453,2,0,0.1744486540555954
16454,1,0,0.21325454115867615
16455,2,0,0.1457320749759674
16456,3,0,0.2771660387516022
16457,1,1,0.28016436100006104
16458,3,0,0.5417667031288147
16459,4,1,0.4624418318271637
16460,5,0,0.2322664111852646
16461,2,0,0.15824279189109802
16462,3,0,0.12501774728298187
16463,5,0,0.6057223081588745
16464,3,0,0.1456374228000641
16465,2,0,0.10191813111305237
16466,5,0,0.09386640787124634
16467,5,0,0.11397536844015121
16468,5,0,0.11819620430469513
16469,5,0,0.2714897096157074
16470,2,0,0.22492076456546783
16471,5,0,0.2637459635734558
16472,4,0,0.09296230971813202
16473,5,0,0.06805302947759628
16474,4,0,0.14731384813785553
16475,2,0,0.19406402111053467
16476,3,0,0.09102653712034225
16477,3,0,0.15872128307819366
16478,3,0,0.2457188367843628
16479,1,0,0.27944162487983704
16480,2,0,0.07348037511110306
16481,1,1,0.6058685779571533
16482,2,0,0.03906608372926712
16483,1,0,0.24161727726459503
16484,2,0,0.07777304202318192
16485,3,0,0.05382140725851059
16486,4,0,0.048895664513111115
16487,3,0,0.11183813214302063
16488,3,1,0.26970186829566956
16489,1,0,0.1340423822402954
16490,3,0,0.08450932055711746
16491,3,0,0.13002824783325195
16492,2,0,0.09272553771734238
16493,4,0,0.5423398017883301
16494,5,0,0.1608693152666092
16495,2,0,0.12325587868690491
16496,1,0,0.11580276489257812
16497,2,0,0.0994296446442604
16498,4,0,0.3101751208305359
16499,2,0,0.09599318355321884
16500,3,0,0.10874475538730621
16501,2,0,0.1254957914352417
16502,1,0,0.11387038230895996
16503,1,0,0.05552801862359047
16504,5,0,0.4084826707839966
16505,1,1,0.2995438277721405
16506,2,0,0.02693476527929306
16507,1,0,0.10787863284349442
16508,3,1,0.6070489287376404
16509,2,0,0.7263714671134949
16510,2,0,0.09832984209060669
16511,5,0,0.1634639948606491
16512,2,0,0.19526593387126923
16513,1,0,0.39161697030067444
16514,4,1,0.109505794942379
16515,5,0,0.0864647850394249
16516,4,0,0.06952949613332748
16517,1,1,0.12257438153028488
16518,3,0,0.13450001180171967
16519,1,0,0.16279621422290802
16520,2,0,0.14334459602832794
16521,5,0,0.05952727422118187
16522,5,1,0.18741679191589355
16523,3,0,0.13647465407848358
16524,5,0,0.08095911145210266
16525,5,0,0.17596039175987244
16526,3,1,0.067071832716465
16527,2,0,0.5676419138908386
16528,5,0,0.020470481365919113
16529,1,0,0.2835061252117157
16530,4,0,0.48303499817848206
16531,3,0,0.2211238145828247
16532,2,0,0.1845979392528534
16533,3,0,0.4379971921443939
16534,3,0,0.09577210247516632
16535,2,1,0.34351399540901184
16536,3,1,0.6915008425712585
16537,2,0,0.25548255443573
16538,5,0,0.19355891644954681
16539,2,1,0.511413037776947
16540,4,0,0.21367444097995758
16541,2,0,0.07698635011911392
16542,4,0,0.19247624278068542
16543,4,0,0.09067175537347794
16544,5,0,0.12136827409267426
16545,5,1,0.7052134275436401
16546,2,0,0.1861240714788437
16547,3,0,0.30679696798324585
16548,2,0,0.19342130422592163
16549,3,0,0.6215974688529968
16550,1,1,0.7936457395553589
16551,2,1,0.5815512537956238
16552,3,0,0.15614628791809082
16553,1,0,0.0920490175485611
16554,5,0,0.09328531473875046
16555,4,0,0.09299488365650177
16556,4,0,0.04306263104081154
16557,4,1,0.07915335893630981
16558,4,0,0.07771844416856766
16559,3,0,0.2738805115222931
16560,3,0,0.02536703273653984
16561,1,0,0.09216682612895966
16562,3,1,0.3373083472251892
16563,2,0,0.3396839499473572
16564,2,1,0.6129986643791199
16565,4,0,0.15830577909946442
16566,4,0,0.14055217802524567
16567,2,0,0.11357241868972778
16568,5,0,0.24453480541706085
16569,4,0,0.07201750576496124
16570,2,0,0.08153316378593445
16571,2,0,0.08077716827392578
16572,2,0,0.14137236773967743
16573,3,0,0.21144609153270721
16574,2,0,0.21441535651683807
16575,5,1,0.2567330300807953
16576,4,0,0.1880841702222824
16577,2,0,0.0676715075969696
16578,3,0,0.3383041322231293
16579,3,0,0.18608428537845612
16580,3,1,0.13698995113372803
16581,2,1,0.11065855622291565
16582,3,0,0.24400293827056885
16583,1,0,0.12308099865913391
16584,2,0,0.16488507390022278
16585,4,0,0.16154779493808746
16586,1,0,0.0882735326886177
16587,5,0,0.29586389660835266
16588,3,1,0.5950063467025757
16589,5,0,0.11616784334182739
16590,3,0,0.18567250669002533
16591,2,0,0.13331238925457
16592,2,0,0.07458852231502533
16593,4,0,0.06758104264736176
16594,3,0,0.13091862201690674
16595,4,1,0.2038961499929428
16596,4,1,0.5492923259735107
16597,5,0,0.06206071004271507
16598,4,0,0.1360490471124649
16599,4,0,0.0933278501033783
16600,5,0,0.21347926557064056
16601,2,0,0.12235088646411896
16602,4,0,0.08587896078824997
16603,2,0,0.05108887329697609
16604,2,0,0.29544827342033386
16605,2,0,0.06077900901436806
16606,4,0,0.1284625381231308
16607,3,0,0.6169458627700806
16608,3,0,0.12316320091485977
16609,4,0,0.12373507022857666
16610,4,0,0.06627562642097473
16611,2,0,0.20701530575752258
16612,4,0,0.09132738411426544
16613,2,1,0.6918662786483765
16614,2,0,0.11632318049669266
16615,5,0,0.14739921689033508
16616,4,0,0.6677696704864502
16617,2,0,0.09484712779521942
16618,3,0,0.11507544666528702
16619,4,0,0.11754577606916428
16620,3,1,0.4840616285800934
16621,5,0,0.05107078701257706
16622,5,0,0.0862998440861702
16623,4,1,0.12197400629520416
16624,1,1,0.7291041016578674
16625,2,0,0.03826361894607544
16626,5,1,0.33024901151657104
16627,2,0,0.1143423467874527
16628,3,0,0.18714359402656555
16629,4,0,0.1392425000667572
16630,4,0,0.13223285973072052
16631,1,0,0.2072603702545166
16632,4,0,0.12644612789154053
16633,2,1,0.7482188940048218
16634,5,1,0.08571791648864746
16635,1,0,0.14400728046894073
16636,1,1,0.62668377161026
16637,2,1,0.2454865723848343
16638,3,0,0.18063081800937653
16639,3,0,0.16121572256088257
16640,1,0,0.22489705681800842
16641,4,0,0.10857725143432617
16642,3,0,0.17831844091415405
16643,2,0,0.2614230811595917
16644,1,0,0.3866168260574341
16645,3,0,0.1551038771867752
16646,5,0,0.10647949576377869
16647,3,1,0.772367537021637
16648,2,0,0.1155514195561409
16649,5,1,0.7529155015945435
16650,1,1,0.2022688388824463
16651,5,0,0.1979476809501648
16652,1,0,0.2053280770778656
16653,4,0,0.13358289003372192
16654,4,0,0.15497620403766632
16655,5,0,0.15821406245231628
16656,1,0,0.10345161706209183
16657,1,0,0.052811697125434875
16658,5,1,0.7533548474311829
16659,1,0,0.2826421558856964
16660,1,0,0.14615562558174133
16661,3,1,0.6266298890113831
16662,5,0,0.12944822013378143
16663,4,1,0.7282425165176392
16664,2,0,0.0887710228562355
16665,2,0,0.07912243157625198
16666,3,0,0.049570754170417786
16667,5,0,0.1947367936372757
16668,3,1,0.7583772540092468
16669,5,0,0.13301882147789001
16670,2,0,0.24997279047966003
16671,2,0,0.05553385242819786
16672,3,0,0.10758272558450699
16673,5,0,0.04835464060306549
16674,1,1,0.525032639503479
16675,2,0,0.4202146828174591
16676,2,0,0.0691719800233841
16677,2,0,0.07422734051942825
16678,2,0,0.03456061705946922
16679,1,1,0.37864357233047485
16680,5,0,0.12222498655319214
16681,2,0,0.6547289490699768
16682,1,0,0.16243137419223785
16683,2,0,0.10995268821716309
16684,1,0,0.7890599966049194
16685,3,1,0.10016372799873352
16686,5,0,0.03930190950632095
16687,5,0,0.25426265597343445
16688,4,0,0.14936837553977966
16689,1,1,0.2013733834028244
16690,1,0,0.05031190067529678
16691,3,0,0.05459005758166313
16692,5,0,0.08684714138507843
16693,4,0,0.13237310945987701
16694,1,0,0.16447462141513824
16695,3,0,0.2298249751329422
16696,3,0,0.026227500289678574
16697,4,0,0.1305675059556961
16698,5,0,0.22421452403068542
16699,5,0,0.0670609101653099
16700,3,1,0.6351163387298584
16701,2,1,0.757030725479126
16702,5,0,0.09468501806259155
16703,2,1,0.7102563977241516
16704,1,0,0.2647395431995392
16705,3,1,0.10880894213914871
16706,4,1,0.13898736238479614
16707,1,0,0.17844687402248383
16708,2,0,0.1549762636423111
16709,3,0,0.16554869711399078
16710,1,0,0.14703339338302612
16711,2,0,0.12327683717012405
16712,3,0,0.24145181477069855
16713,1,0,0.05573182925581932
16714,5,0,0.548125684261322
16715,1,0,0.14086765050888062
16716,1,0,0.20724309980869293
16717,5,0,0.14080558717250824
16718,2,0,0.156577467918396
16719,2,0,0.13894982635974884
16720,1,0,0.15432316064834595
16721,3,0,0.056935328990221024
16722,5,0,0.09771405905485153
16723,2,0,0.10512290149927139
16724,1,1,0.09948240965604782
16725,3,0,0.1953296661376953
16726,4,1,0.24112489819526672
16727,3,0,0.08578074723482132
16728,4,0,0.1158236712217331
16729,4,0,0.5778750777244568
16730,1,1,0.4527231752872467
16731,5,0,0.04925515130162239
16732,5,0,0.09437921643257141
16733,3,0,0.08827327191829681
16734,1,0,0.6818751692771912
16735,5,0,0.09756942838430405
16736,3,0,0.13526974618434906
16737,4,0,0.0962568074464798
16738,2,0,0.19794617593288422
16739,5,0,0.11481952667236328
16740,5,0,0.13195645809173584
16741,4,0,0.28317689895629883
16742,1,0,0.16430889070034027
16743,5,1,0.4471721649169922
16744,4,0,0.15921376645565033
16745,5,0,0.12789130210876465
16746,4,0,0.4687478840351105
16747,2,0,0.29827484488487244
16748,5,0,0.1478262096643448
16749,4,0,0.13181887567043304
16750,4,0,0.06337807327508926
16751,4,0,0.0779002457857132
16752,1,0,0.11840534955263138
16753,3,0,0.04634762555360794
16754,1,0,0.04170103743672371
16755,1,0,0.2825470268726349
16756,3,1,0.07615035772323608
16757,4,1,0.14285537600517273
16758,3,0,0.13802948594093323
16759,4,0,0.09958339482545853
16760,2,0,0.13336165249347687
16761,1,1,0.04878700524568558
16762,3,0,0.09704369306564331
16763,1,0,0.17175735533237457
16764,4,0,0.06550813466310501
16765,1,0,0.1680438071489334
16766,4,0,0.34791991114616394
16767,2,0,0.14364759624004364
16768,1,0,0.13085897266864777
16769,3,0,0.27526015043258667
16770,4,0,0.0737173780798912
16771,3,1,0.055736783891916275
16772,3,0,0.14709259569644928
16773,5,0,0.1617516577243805
16774,5,0,0.19901546835899353
16775,1,0,0.1543242633342743
16776,2,0,0.15530480444431305
16777,5,0,0.0829680934548378
16778,3,1,0.6573807597160339
16779,2,0,0.09122767299413681
16780,5,1,0.23742620646953583
16781,4,0,0.11545484513044357
16782,2,0,0.20321236550807953
16783,1,0,0.06767817586660385
16784,2,0,0.15996989607810974
16785,3,0,0.11011941730976105
16786,2,0,0.11969278007745743
16787,2,1,0.5665510892868042
16788,4,0,0.09324448555707932
16789,3,0,0.16637924313545227
16790,3,0,0.2247665524482727
16791,3,0,0.08844288438558578
16792,2,1,0.8390302658081055
16793,2,0,0.33058953285217285
16794,2,0,0.04123205319046974
16795,1,0,0.08965533971786499
16796,3,1,0.8037021160125732
16797,5,0,0.1461697518825531
16798,4,0,0.1493525207042694
16799,3,0,0.10552056133747101
16800,2,0,0.07567358016967773
16801,4,0,0.12582531571388245
16802,4,0,0.1866864413022995
16803,2,0,0.062493085861206055
16804,4,1,0.2408604770898819
16805,4,0,0.3045722544193268
16806,2,0,0.4461575448513031
16807,5,0,0.6196396350860596
16808,1,1,0.18575790524482727
16809,1,0,0.29830583930015564
16810,1,0,0.21594898402690887
16811,4,0,0.07613202184438705
16812,4,0,0.1791955679655075
16813,5,0,0.10908833146095276
16814,1,0,0.038134314119815826
16815,5,0,0.1187150776386261
16816,2,0,0.0722075030207634
16817,4,0,0.14460515975952148
16818,3,0,0.029790198430418968
16819,4,0,0.11626694351434708
16820,3,0,0.8151805400848389
16821,4,0,0.30945876240730286
16822,1,0,0.054692402482032776
16823,5,1,0.21148090064525604
16824,2,1,0.4709581136703491
16825,5,1,0.20101337134838104
16826,1,1,0.7026917934417725
16827,1,0,0.11102773249149323
16828,4,1,0.15777403116226196
16829,2,0,0.11914066225290298
16830,5,0,0.12365183979272842
16831,2,0,0.1471092253923416
16832,5,0,0.1801013946533203
16833,2,1,0.786572277545929
16834,4,0,0.21513496339321136
16835,5,1,0.7203202843666077
16836,1,0,0.14522315561771393
16837,2,0,0.058699823915958405
16838,5,0,0.18849582970142365
16839,4,0,0.3312147855758667
16840,5,0,0.2934640944004059
16841,4,0,0.11317838728427887
16842,2,1,0.412529855966568
16843,1,0,0.6956472396850586
16844,1,0,0.1335962414741516
16845,1,0,0.17030388116836548
16846,2,0,0.34405529499053955
16847,4,0,0.6924501061439514
16848,4,0,0.10855191200971603
16849,1,0,0.18548381328582764
16850,2,1,0.6090008616447449
16851,2,0,0.2883313298225403
16852,4,0,0.06107548996806145
16853,3,0,0.21675127744674683
16854,2,0,0.12518951296806335
16855,2,0,0.11940479278564453
16856,1,1,0.18585620820522308
16857,2,0,0.040272071957588196
16858,3,0,0.11935843527317047
16859,1,0,0.34488335251808167
16860,1,0,0.06344474107027054
16861,2,0,0.07388202846050262
16862,3,0,0.07812687009572983
16863,2,1,0.25228404998779297
16864,3,0,0.0689045637845993
16865,4,1,0.5090394616127014
16866,2,0,0.08703680336475372
16867,5,0,0.08922751992940903
16868,4,0,0.12651443481445312
16869,4,1,0.6013350486755371
16870,4,0,0.03268418833613396
16871,1,0,0.1474095731973648
16872,1,1,0.8313362002372742
16873,4,0,0.29957979917526245
16874,1,0,0.19313904643058777
16875,2,0,0.06418535113334656
16876,3,0,0.09768813848495483
16877,3,0,0.148320734500885
16878,5,0,0.6444212794303894
16879,4,0,0.29955410957336426
16880,2,0,0.180613175034523
16881,3,0,0.06584280729293823
16882,4,0,0.08525525033473969
16883,5,0,0.2036808878183365
16884,2,0,0.08074574917554855
16885,4,1,0.2265460044145584
16886,1,0,0.09528513252735138
16887,4,0,0.12478935718536377
16888,4,1,0.4847101867198944
16889,3,1,0.28689339756965637
16890,4,0,0.1407645344734192
16891,2,1,0.12212938070297241
16892,4,0,0.1585511565208435
16893,2,1,0.46853816509246826
16894,2,0,0.1656036376953125
16895,5,0,0.08470834046602249
16896,4,1,0.629913330078125
16897,1,0,0.20554913580417633
16898,2,0,0.1446816325187683
16899,3,0,0.14152266085147858
16900,3,0,0.08991201967000961
16901,3,0,0.12272960692644119
16902,1,1,0.5860198140144348
16903,2,1,0.43898892402648926
16904,5,1,0.13452965021133423
16905,3,0,0.06323596090078354
16906,5,0,0.6751983761787415
16907,4,0,0.14661023020744324
16908,3,0,0.1480313539505005
16909,1,0,0.11643356829881668
16910,5,0,0.08265271782875061
16911,2,0,0.16096577048301697
16912,4,0,0.15497319400310516
16913,4,0,0.057104114443063736
16914,5,0,0.06539876013994217
16915,3,1,0.11300092190504074
16916,5,0,0.10143359750509262
16917,5,0,0.18425394594669342
16918,4,0,0.11773117631673813
16919,5,1,0.537291407585144
16920,1,0,0.13765275478363037
16921,5,1,0.40674102306365967
16922,2,1,0.650744616985321
16923,4,1,0.6595383882522583
16924,4,1,0.3961988687515259
16925,1,0,0.1406257450580597
16926,4,0,0.06618984043598175
16927,1,0,0.1625816524028778
16928,5,0,0.08731089532375336
16929,1,0,0.1413896083831787
16930,1,0,0.461174339056015
16931,4,0,0.12799012660980225
16932,4,1,0.3773464262485504
16933,1,0,0.10118825733661652
16934,1,0,0.07471482455730438
16935,1,0,0.7365401983261108
16936,1,0,0.14637216925621033
16937,4,0,0.07075518369674683
16938,1,0,0.07766736298799515
16939,5,0,0.10401614010334015
16940,1,0,0.1466369777917862
16941,4,0,0.05156810209155083
16942,3,0,0.058650288730859756
16943,1,0,0.09520918130874634
16944,5,1,0.08413181453943253
16945,5,0,0.10992327332496643
16946,5,0,0.13240595161914825
16947,5,0,0.08927495777606964
16948,5,1,0.24043472111225128
16949,5,0,0.5034984946250916
16950,3,0,0.0793837234377861
16951,1,0,0.16046594083309174
16952,1,0,0.19609981775283813
16953,2,0,0.07743170857429504
16954,1,0,0.14790378510951996
16955,3,0,0.09787723422050476
16956,1,1,0.14786390960216522
16957,4,0,0.0643971636891365
16958,5,0,0.07996901869773865
16959,1,0,0.26063159108161926
16960,4,1,0.46036455035209656
16961,4,1,0.1652528941631317
16962,5,0,0.5550059080123901
16963,3,0,0.19770723581314087
16964,1,0,0.05323394760489464
16965,4,0,0.1250879019498825
16966,5,0,0.3107997477054596
16967,1,1,0.2684178054332733
16968,5,0,0.1490468829870224
16969,4,0,0.4149254858493805
16970,2,0,0.11848610639572144
16971,5,0,0.0812951996922493
16972,1,1,0.61245197057724
16973,5,1,0.5128313899040222
16974,1,0,0.15784189105033875
16975,4,0,0.19369196891784668
16976,4,0,0.1502046287059784
16977,2,0,0.16699960827827454
16978,5,0,0.0925956666469574
16979,1,0,0.15112562477588654
16980,4,1,0.7483475804328918
16981,3,1,0.5025680661201477
16982,3,1,0.7464717626571655
16983,5,0,0.10913161933422089
16984,3,0,0.09128186851739883
16985,3,0,0.16884845495224
16986,1,0,0.1997637152671814
16987,5,0,0.1435660868883133
16988,1,0,0.08741369843482971
16989,4,0,0.12385637313127518
16990,4,0,0.07126419991254807
16991,4,0,0.47397807240486145
16992,1,1,0.6998351812362671
16993,1,0,0.12313780188560486
16994,2,1,0.41358503699302673
16995,2,0,0.108524389564991
16996,3,0,0.12596012651920319
16997,1,0,0.123353011906147
16998,3,0,0.1915057748556137
16999,5,1,0.22572457790374756
17000,4,1,0.690890371799469
17001,1,0,0.14110305905342102
17002,5,0,0.0724208801984787
17003,2,0,0.43103304505348206
17004,1,0,0.07815489172935486
17005,5,1,0.6801490783691406
17006,2,1,0.43575266003608704
17007,1,0,0.703032374382019
17008,5,0,0.17280073463916779
17009,3,1,0.35089510679244995
17010,3,0,0.12469369918107986
17011,5,0,0.08541921526193619
17012,3,0,0.16458581387996674
17013,1,0,0.04523462802171707
17014,2,0,0.15579207241535187
17015,3,0,0.11583393067121506
17016,2,0,0.10439831763505936
17017,5,0,0.11614707112312317
17018,2,0,0.6623572111129761
17019,1,0,0.09960539638996124
17020,3,0,0.32782182097435
17021,2,0,0.2698507308959961
17022,3,1,0.628894567489624
17023,3,0,0.07449132204055786
17024,5,0,0.11234751343727112
17025,3,0,0.2734757959842682
17026,1,0,0.645002543926239
17027,2,0,0.13536792993545532
17028,5,0,0.13859549164772034
17029,4,0,0.08321436494588852
17030,2,0,0.09323005378246307
17031,4,1,0.13926580548286438
17032,1,0,0.13294671475887299
17033,2,0,0.06091473251581192
17034,1,0,0.22501708567142487
17035,2,1,0.13667377829551697
17036,1,1,0.18136292695999146
17037,5,0,0.12233185023069382
17038,1,0,0.1675998866558075
17039,2,1,0.6770563125610352
17040,2,0,0.10879437625408173
17041,2,0,0.09357916563749313
17042,1,1,0.6585678458213806
17043,1,0,0.17370255291461945
17044,2,1,0.14638175070285797
17045,3,0,0.10841348767280579
17046,4,0,0.1316927671432495
17047,3,1,0.1832399070262909
17048,3,0,0.07953488826751709
17049,5,0,0.13529318571090698
17050,5,0,0.12560899555683136
17051,2,0,0.08908559381961823
17052,4,0,0.0800691470503807
17053,3,1,0.6395405530929565
17054,1,0,0.2085157334804535
17055,1,1,0.7675209641456604
17056,4,0,0.0925552099943161
17057,2,0,0.13647104799747467
17058,1,0,0.12653836607933044
17059,5,1,0.03220381215214729
17060,5,0,0.10795506834983826
17061,4,0,0.1523134708404541
17062,1,1,0.6570727229118347
17063,1,1,0.7410100698471069
17064,5,1,0.32623395323753357
17065,2,0,0.06275442242622375
17066,3,0,0.18973562121391296
17067,5,1,0.8190338015556335
17068,1,0,0.169647216796875
17069,1,1,0.14230969548225403
17070,2,0,0.1275716871023178
17071,4,0,0.1386132389307022
17072,1,1,0.19004946947097778
17073,2,0,0.15310148894786835
17074,1,0,0.0779937207698822
17075,3,0,0.04023491218686104
17076,3,0,0.12364462018013
17077,4,0,0.6809647083282471
17078,4,0,0.27756357192993164
17079,5,0,0.21959230303764343
17080,5,0,0.18345330655574799
17081,4,1,0.3159652054309845
17082,1,0,0.36863523721694946
17083,5,0,0.12745019793510437
17084,1,0,0.12052620202302933
17085,5,0,0.16170327365398407
17086,4,0,0.10635432600975037
17087,2,0,0.1460154503583908
17088,5,0,0.11982741206884384
17089,3,0,0.09379538893699646
17090,4,0,0.09083304554224014
17091,5,1,0.2300127148628235
17092,5,0,0.08397718518972397
17093,3,0,0.21122755110263824
17094,3,0,0.07781945168972015
17095,5,0,0.08336207270622253
17096,5,0,0.10015904903411865
17097,4,1,0.12305514514446259
17098,5,1,0.744138777256012
17099,3,0,0.05316581577062607
17100,5,0,0.08449231088161469
17101,3,0,0.10794515162706375
17102,3,0,0.22919975221157074
17103,1,0,0.17280693352222443
17104,3,0,0.09839994460344315
17105,5,0,0.13675051927566528
17106,5,0,0.10475517064332962
17107,3,0,0.06505408883094788
17108,4,0,0.15424862504005432
17109,4,0,0.13540716469287872
17110,4,0,0.08431040495634079
17111,4,1,0.12531834840774536
17112,3,0,0.05535333976149559
17113,5,0,0.6452608704566956
17114,2,0,0.15789037942886353
17115,2,0,0.15750156342983246
17116,3,0,0.2241666615009308
17117,3,1,0.22979223728179932
17118,3,1,0.687971830368042
17119,2,0,0.22513675689697266
17120,1,1,0.29229986667633057
17121,3,1,0.20814594626426697
17122,4,0,0.16087767481803894
17123,4,0,0.13256579637527466
17124,3,0,0.8109849095344543
17125,4,0,0.18533699214458466
17126,4,0,0.1179601401090622
17127,1,0,0.24476850032806396
17128,4,0,0.1668817400932312
17129,5,0,0.1018247902393341
17130,2,0,0.27243098616600037
17131,2,0,0.05987260490655899
17132,2,0,0.11249507963657379
17133,4,0,0.8162021040916443
17134,5,0,0.06514961272478104
17135,5,0,0.1949925422668457
17136,4,0,0.16566425561904907
17137,5,1,0.47507110238075256
17138,3,1,0.46470868587493896
17139,2,1,0.1012587696313858
17140,4,0,0.12624140083789825
17141,3,0,0.09643172472715378
17142,3,1,0.24107065796852112
17143,5,0,0.0906713679432869
17144,3,0,0.2608008086681366
17145,1,0,0.14484761655330658
17146,5,0,0.052612513303756714
17147,3,1,0.504121720790863
17148,2,1,0.20656268298625946
17149,1,0,0.14301395416259766
17150,1,1,0.6719374060630798
17151,3,0,0.21345418691635132
17152,3,1,0.1660642772912979
17153,1,0,0.14622077345848083
17154,4,0,0.1641596406698227
17155,4,0,0.33380618691444397
17156,4,1,0.37717971205711365
17157,1,0,0.1311829537153244
17158,3,0,0.1601923704147339
17159,5,0,0.12087365984916687
17160,2,0,0.27726560831069946
17161,4,0,0.16780808568000793
17162,1,0,0.1611887365579605
17163,2,0,0.08078886568546295
17164,4,1,0.14889222383499146
17165,1,0,0.26696404814720154
17166,5,0,0.1130606085062027
17167,4,0,0.08850926160812378
17168,5,0,0.16320031881332397
17169,5,0,0.09954951703548431
17170,3,0,0.3824281096458435
17171,3,0,0.1380731165409088
17172,2,0,0.1193905621767044
17173,5,0,0.4857141673564911
17174,2,0,0.3760479986667633
17175,2,0,0.17818735539913177
17176,1,0,0.03794209659099579
17177,3,0,0.21254299581050873
17178,1,1,0.07601273059844971
17179,3,0,0.1438189297914505
17180,4,0,0.1488095372915268
17181,3,0,0.04280873015522957
17182,2,0,0.3322674334049225
17183,4,0,0.48442065715789795
17184,1,0,0.4355764389038086
17185,5,1,0.7413550615310669
17186,4,0,0.10450438410043716
17187,4,0,0.14903588593006134
17188,4,0,0.2551497220993042
17189,5,0,0.13062821328639984
17190,4,1,0.570936381816864
17191,1,0,0.03974965959787369
17192,5,0,0.13091519474983215
17193,1,1,0.7234535217285156
17194,3,0,0.16014505922794342
17195,1,1,0.45405101776123047
17196,2,0,0.07849147170782089
17197,3,0,0.06174861639738083
17198,1,1,0.22791405022144318
17199,5,1,0.7691494822502136
17200,2,1,0.6101387143135071
17201,4,0,0.1470257043838501
17202,1,0,0.3820957541465759
17203,3,0,0.14597083628177643
17204,2,0,0.08694951236248016
17205,1,0,0.07393238693475723
17206,2,1,0.17702700197696686
17207,2,0,0.11738108098506927
17208,4,1,0.7374700307846069
17209,4,0,0.3926714062690735
17210,1,0,0.155344620347023
17211,2,1,0.7081134915351868
17212,2,0,0.09236675500869751
17213,2,0,0.36841803789138794
17214,3,1,0.05025983974337578
17215,2,1,0.5938647389411926
17216,3,0,0.14311157166957855
17217,1,0,0.17229631543159485
17218,4,0,0.3094748556613922
17219,2,0,0.08798526972532272
17220,4,0,0.07272741943597794
17221,2,0,0.14783261716365814
17222,4,0,0.41397103667259216
17223,2,0,0.07324537634849548
17224,1,0,0.7193874716758728
17225,4,0,0.38751354813575745
17226,4,1,0.07058972865343094
17227,4,1,0.8951338529586792
17228,5,0,0.08916332572698593
17229,4,1,0.05320705845952034
17230,2,0,0.07309431582689285
17231,2,0,0.4355126619338989
17232,5,0,0.13060781359672546
17233,5,1,0.7560179829597473
17234,5,0,0.057986512780189514
17235,2,0,0.13890843093395233
17236,5,1,0.2526519000530243
17237,5,0,0.045986607670784
17238,3,0,0.27237096428871155
17239,5,0,0.23940345644950867
17240,2,1,0.7352513670921326
17241,3,0,0.0860273540019989
17242,1,0,0.10243841260671616
17243,4,0,0.30190372467041016
17244,2,0,0.2996726334095001
17245,4,0,0.06833244860172272
17246,1,0,0.08987130969762802
17247,1,1,0.14916929602622986
17248,5,0,0.05547038093209267
17249,1,0,0.034033164381980896
17250,1,0,0.13805179297924042
17251,5,1,0.335243284702301
17252,4,0,0.07167781889438629
17253,2,0,0.14838692545890808
17254,1,0,0.0930359736084938
17255,2,1,0.5687127709388733
17256,3,1,0.10670063644647598
17257,4,0,0.12032952159643173
17258,2,0,0.10127682983875275
17259,2,0,0.1819484680891037
17260,2,0,0.07369493693113327
17261,3,1,0.1944989114999771
17262,2,0,0.41417616605758667
17263,1,0,0.14846910536289215
17264,2,0,0.09485670924186707
17265,5,0,0.19821521639823914
17266,5,1,0.43993404507637024
17267,3,0,0.12053398787975311
17268,2,0,0.26365965604782104
17269,4,0,0.04455624893307686
17270,5,0,0.7908614873886108
17271,3,0,0.1147318109869957
17272,4,1,0.4015423357486725
17273,4,1,0.14800462126731873
17274,3,0,0.5995064377784729
17275,4,0,0.05380699783563614
17276,5,0,0.2291184365749359
17277,4,0,0.0830039456486702
17278,2,0,0.13561469316482544
17279,4,0,0.055385809391736984
17280,3,0,0.15965384244918823
17281,1,0,0.041979916393756866
17282,5,1,0.8835805654525757
17283,1,0,0.3087084889411926
17284,5,0,0.11416561156511307
17285,5,0,0.07445511221885681
17286,5,0,0.181271031498909
17287,2,0,0.20272381603717804
17288,3,1,0.7294459342956543
17289,4,1,0.45936259627342224
17290,4,0,0.37142622470855713
17291,4,1,0.8075283169746399
17292,1,1,0.7256409525871277
17293,1,0,0.11399900913238525
17294,3,0,0.17767901718616486
17295,3,0,0.06751807034015656
17296,5,0,0.6562148928642273
17297,3,0,0.5922204852104187
17298,2,0,0.08539487421512604
17299,1,1,0.5658779144287109
17300,3,0,0.23567503690719604
17301,3,1,0.4067411422729492
17302,5,0,0.13427908718585968
17303,2,0,0.06601700186729431
17304,4,1,0.7797552943229675
17305,1,0,0.1251954436302185
17306,4,0,0.3566376864910126
17307,3,0,0.07987233251333237
17308,4,0,0.07676137238740921
17309,2,0,0.13621185719966888
17310,1,0,0.2042110562324524
17311,5,0,0.08786934614181519
17312,4,0,0.24603965878486633
17313,5,0,0.4089082181453705
17314,5,0,0.06194391846656799
17315,4,0,0.06479865312576294
17316,1,0,0.07759089767932892
17317,5,0,0.10656039416790009
17318,5,1,0.10927081853151321
17319,4,0,0.1518973708152771
17320,4,0,0.3271156847476959
17321,1,1,0.6909664869308472
17322,4,0,0.059033822268247604
17323,1,1,0.13631996512413025
17324,2,1,0.8572299480438232
17325,3,0,0.08306673914194107
17326,4,0,0.11404497176408768
17327,2,1,0.18449820578098297
17328,2,0,0.21759171783924103
17329,3,0,0.7241392135620117
17330,1,0,0.07392401248216629
17331,5,0,0.14889076352119446
17332,1,0,0.15690076351165771
17333,5,0,0.07878965884447098
17334,4,0,0.055687952786684036
17335,5,0,0.10338689386844635
17336,2,1,0.24390605092048645
17337,2,0,0.04017873480916023
17338,2,0,0.6687400341033936
17339,4,0,0.1222873330116272
17340,2,0,0.25513380765914917
17341,5,0,0.07750874012708664
17342,1,0,0.2465241700410843
17343,2,0,0.09759392589330673
17344,5,0,0.18128849565982819
17345,4,0,0.11573421955108643
17346,4,0,0.2940234839916229
17347,1,0,0.0503137931227684
17348,5,0,0.15734486281871796
17349,3,0,0.22461405396461487
17350,4,1,0.7876771688461304
17351,1,0,0.032398421317338943
17352,3,0,0.09676095098257065
17353,2,0,0.21872779726982117
17354,3,0,0.06025401130318642
17355,2,0,0.1230480968952179
17356,5,0,0.17081771790981293
17357,4,0,0.30143415927886963
17358,1,1,0.12818974256515503
17359,3,0,0.07661101222038269
17360,3,0,0.13134168088436127
17361,1,0,0.08322452008724213
17362,4,0,0.20984838902950287
17363,2,0,0.10101483762264252
17364,3,0,0.06626441329717636
17365,1,0,0.633823812007904
17366,2,0,0.1405736207962036
17367,4,0,0.28064149618148804
17368,3,0,0.14995691180229187
17369,3,0,0.21840383112430573
17370,2,0,0.08033659309148788
17371,3,0,0.30098244547843933
17372,2,0,0.05689994618296623
17373,1,0,0.4003029763698578
17374,3,0,0.1759359985589981
17375,5,1,0.3658255934715271
17376,1,0,0.2527545690536499
17377,4,0,0.08627165108919144
17378,5,1,0.30289214849472046
17379,4,0,0.08700045943260193
17380,5,0,0.10733722150325775
17381,3,0,0.1758071631193161
17382,5,0,0.15239965915679932
17383,5,0,0.10891033709049225
17384,2,0,0.10620137304067612
17385,2,0,0.2644272744655609
17386,4,0,0.09334951639175415
17387,2,0,0.1700507253408432
17388,5,1,0.5832211375236511
17389,3,0,0.06076237931847572
17390,3,0,0.10649764537811279
17391,5,0,0.4811972677707672
17392,5,0,0.13583645224571228
17393,1,0,0.607489824295044
17394,2,0,0.08868055790662766
17395,2,0,0.04640685021877289
17396,3,0,0.10853032022714615
17397,2,0,0.15943075716495514
17398,3,0,0.10344987362623215
17399,1,1,0.6383838057518005
17400,5,1,0.3029528260231018
17401,2,0,0.16166043281555176
17402,2,0,0.10290507972240448
17403,5,0,0.19865351915359497
17404,3,0,0.5447169542312622
17405,2,1,0.679914116859436
17406,5,0,0.25443151593208313
17407,1,0,0.10720519721508026
17408,1,0,0.12863902747631073
17409,4,0,0.08217845857143402
17410,1,1,0.3935135304927826
17411,1,1,0.12070145457983017
17412,1,0,0.20210640132427216
17413,4,0,0.16012482345104218
17414,5,0,0.2691408693790436
17415,4,0,0.1971433311700821
17416,4,1,0.7567126154899597
17417,5,0,0.03438879922032356
17418,5,0,0.0929325595498085
17419,2,0,0.171340674161911
17420,4,0,0.062047649174928665
17421,5,0,0.049226220697164536
17422,2,0,0.06877635419368744
17423,3,0,0.21530596911907196
17424,4,0,0.1270689219236374
17425,5,0,0.11730266362428665
17426,4,0,0.09236455708742142
17427,4,0,0.1178470328450203
17428,1,0,0.21620534360408783
17429,4,1,0.8171207308769226
17430,4,0,0.12941685318946838
17431,5,0,0.1288815438747406
17432,3,0,0.1800910383462906
17433,2,1,0.3901750147342682
17434,3,0,0.06002218276262283
17435,3,0,0.14886260032653809
17436,2,0,0.22869373857975006
17437,3,0,0.07028614729642868
17438,1,0,0.14913372695446014
17439,4,0,0.3484638035297394
17440,3,0,0.0655636191368103
17441,4,0,0.28219449520111084
17442,2,0,0.17182698845863342
17443,4,0,0.7735463976860046
17444,3,0,0.13809026777744293
17445,5,0,0.111869677901268
17446,5,0,0.0988214910030365
17447,2,1,0.7403528094291687
17448,2,1,0.22567084431648254
17449,2,0,0.11683649569749832
17450,5,0,0.15966348350048065
17451,3,0,0.5590057969093323
17452,2,0,0.11862025409936905
17453,5,0,0.1542242169380188
17454,4,0,0.1549544781446457
17455,4,0,0.4578230381011963
17456,3,0,0.17964185774326324
17457,3,0,0.18391039967536926
17458,2,1,0.34505441784858704
17459,4,0,0.04801495745778084
17460,4,0,0.13178376853466034
17461,4,0,0.16464170813560486
17462,2,0,0.17558182775974274
17463,5,1,0.6888574361801147
17464,5,0,0.12889644503593445
17465,4,0,0.059695158153772354
17466,3,0,0.19881904125213623
17467,2,0,0.07100308686494827
17468,3,0,0.21465353667736053
17469,5,0,0.09766273945569992
17470,5,0,0.07102784514427185
17471,5,0,0.08600645512342453
17472,4,0,0.12714797258377075
17473,4,1,0.08428655564785004
17474,4,1,0.21477675437927246
17475,5,0,0.18085169792175293
17476,3,0,0.14761382341384888
17477,3,1,0.6810312271118164
17478,3,0,0.14195501804351807
17479,4,0,0.14343364536762238
17480,5,0,0.0949043557047844
17481,1,0,0.6746575832366943
17482,1,0,0.12608838081359863
17483,2,1,0.20806899666786194
17484,3,0,0.1537482589483261
17485,4,0,0.09597210586071014
17486,1,0,0.28703486919403076
17487,4,0,0.057549118995666504
17488,3,0,0.06931804120540619
17489,2,1,0.41000688076019287
17490,2,0,0.08507873862981796
17491,4,0,0.07804036140441895
17492,3,1,0.38189756870269775
17493,4,0,0.12624642252922058
17494,1,0,0.16386699676513672
17495,1,0,0.38033831119537354
17496,1,0,0.10844619572162628
17497,5,1,0.4326542019844055
17498,2,0,0.07144534587860107
17499,5,0,0.11935658752918243
17500,2,0,0.04968173801898956
17501,5,0,0.20634505152702332
17502,1,0,0.06565161794424057
17503,3,0,0.05103067681193352
17504,4,0,0.17308057844638824
17505,2,1,0.16288471221923828
17506,4,0,0.07620401680469513
17507,1,0,0.12068180739879608
17508,1,1,0.6686930060386658
17509,1,0,0.18721319735050201
17510,1,0,0.11642914265394211
17511,2,0,0.1064293384552002
17512,5,0,0.040993832051754
17513,5,1,0.28098490834236145
17514,2,1,0.7574273347854614
17515,3,0,0.0645286962389946
17516,4,0,0.12273893505334854
17517,3,1,0.16872258484363556
17518,2,0,0.15708012878894806
17519,1,0,0.12720267474651337
17520,4,0,0.0903024971485138
17521,4,0,0.23354530334472656
17522,3,1,0.22747686505317688
17523,1,0,0.1640177220106125
17524,5,0,0.12607601284980774
17525,3,0,0.210260272026062
17526,2,0,0.4931393563747406
17527,4,0,0.17248642444610596
17528,4,0,0.06592895835638046
17529,3,1,0.7991018295288086
17530,3,1,0.06938169151544571
17531,5,0,0.05617927759885788
17532,5,1,0.3241080939769745
17533,4,0,0.21367833018302917
17534,1,0,0.18639414012432098
17535,1,0,0.1295817494392395
17536,1,0,0.0950043797492981
17537,2,0,0.1701359748840332
17538,4,0,0.14042475819587708
17539,1,1,0.6745701432228088
17540,1,0,0.13510450720787048
17541,4,1,0.49398621916770935
17542,1,0,0.6156923174858093
17543,3,0,0.041258662939071655
17544,3,0,0.5732796788215637
17545,1,0,0.13585321605205536
17546,3,0,0.06518618762493134
17547,4,0,0.1250634491443634
17548,1,0,0.17058663070201874
17549,5,0,0.02975868247449398
17550,1,1,0.10778157413005829
17551,5,0,0.22181296348571777
17552,5,0,0.7858836650848389
17553,3,0,0.07853896170854568
17554,3,0,0.49978402256965637
17555,3,0,0.1872618943452835
17556,2,0,0.306678831577301
17557,4,1,0.6028529405593872
17558,3,0,0.10618186742067337
17559,5,1,0.7274596691131592
17560,4,0,0.2880971133708954
17561,4,0,0.038476720452308655
17562,4,1,0.14369547367095947
17563,1,0,0.048036184161901474
17564,4,1,0.1297832578420639
17565,5,0,0.08819907903671265
17566,5,0,0.08442067354917526
17567,4,0,0.04673962667584419
17568,5,0,0.18433912098407745
17569,2,0,0.05037764087319374
17570,2,0,0.2571052312850952
17571,1,1,0.15408392250537872
17572,2,0,0.3041950762271881
17573,3,1,0.09856431186199188
17574,2,0,0.08768222481012344
17575,1,0,0.03386133164167404
17576,1,0,0.12569202482700348
17577,5,0,0.10774386674165726
17578,2,0,0.1438727080821991
17579,4,0,0.13999880850315094
17580,1,0,0.7671231031417847
17581,3,0,0.1549919843673706
17582,1,0,0.06784638017416
17583,3,0,0.14818039536476135
17584,1,0,0.10339842736721039
17585,4,1,0.8915497660636902
17586,5,0,0.15028120577335358
17587,5,1,0.6070386171340942
17588,4,1,0.3701491057872772
17589,5,1,0.5941613912582397
17590,5,0,0.054000288248062134
17591,1,0,0.14759021997451782
17592,5,0,0.5911651253700256
17593,2,0,0.06964252144098282
17594,3,1,0.7819181680679321
17595,2,0,0.0863717794418335
17596,1,1,0.7489073872566223
17597,4,0,0.20705829560756683
17598,4,0,0.07142236083745956
17599,3,1,0.3224143385887146
17600,1,0,0.148996040225029
17601,3,0,0.12045376002788544
17602,2,0,0.08169610798358917
17603,4,0,0.0806591659784317
17604,5,0,0.04716212674975395
17605,2,1,0.2918248772621155
17606,4,0,0.09358100593090057
17607,1,0,0.15241675078868866
17608,2,1,0.16637635231018066
17609,1,0,0.11776939034461975
17610,3,0,0.07033710926771164
17611,4,0,0.13110879063606262
17612,5,0,0.19028078019618988
17613,1,0,0.6609352231025696
17614,2,0,0.12054149806499481
17615,5,0,0.15289422869682312
17616,1,1,0.24305996298789978
17617,5,1,0.43584710359573364
17618,4,0,0.10162254422903061
17619,2,0,0.35197845101356506
17620,4,1,0.09549949318170547
17621,5,0,0.12005757540464401
17622,2,0,0.32416433095932007
17623,3,0,0.20167626440525055
17624,4,0,0.0753440111875534
17625,3,0,0.07807765156030655
17626,3,0,0.4685608446598053
17627,5,1,0.6469219923019409
17628,2,1,0.07229775190353394
17629,3,0,0.26726219058036804
17630,3,0,0.0858224555850029
17631,5,0,0.06987038999795914
17632,2,0,0.1242072656750679
17633,1,1,0.19362382590770721
17634,3,0,0.060113877058029175
17635,5,0,0.04258996993303299
17636,4,1,0.1625939905643463
17637,1,0,0.1475592404603958
17638,4,1,0.7721343636512756
17639,4,0,0.2259657084941864
17640,4,0,0.10443458706140518
17641,1,0,0.0918102040886879
17642,4,1,0.777125895023346
17643,3,0,0.07220610976219177
17644,2,0,0.07399321347475052
17645,5,1,0.2545858919620514
17646,3,0,0.10460961610078812
17647,1,0,0.13275352120399475
17648,4,0,0.2121776044368744
17649,4,1,0.09850403666496277
17650,2,0,0.2984478771686554
17651,1,0,0.15263089537620544
17652,5,0,0.14695417881011963
17653,4,0,0.07807841897010803
17654,1,0,0.16522690653800964
17655,3,0,0.10820770263671875
17656,3,1,0.5299347639083862
17657,1,1,0.05053183063864708
17658,3,1,0.6462132334709167
17659,4,1,0.15215229988098145
17660,4,0,0.10334115475416183
17661,1,0,0.10158515721559525
17662,5,0,0.1520017832517624
17663,4,0,0.04746060073375702
17664,2,0,0.6415925621986389
17665,1,0,0.17162096500396729
17666,1,0,0.0766414925456047
17667,1,0,0.2475341558456421
17668,4,0,0.6780779957771301
17669,2,1,0.7701106071472168
17670,2,0,0.16072063148021698
17671,2,0,0.04767999053001404
17672,5,0,0.11595318466424942
17673,4,0,0.31478139758110046
17674,3,0,0.08944986015558243
17675,5,0,0.17307430505752563
17676,5,0,0.10057047009468079
17677,4,0,0.2324254959821701
17678,3,0,0.1267181634902954
17679,1,0,0.11169153451919556
17680,4,0,0.09144806861877441
17681,3,0,0.1182180643081665
17682,2,1,0.3577844798564911
17683,5,1,0.3799646198749542
17684,2,0,0.1846909373998642
17685,5,0,0.6728399991989136
17686,1,1,0.16419561207294464
17687,2,0,0.031133983284235
17688,2,0,0.10553296655416489
17689,2,1,0.48880138993263245
17690,5,0,0.12837430834770203
17691,5,1,0.12984292209148407
17692,4,0,0.10999186336994171
17693,2,0,0.4918825328350067
17694,1,0,0.06290867924690247
17695,2,1,0.4619963765144348
17696,5,0,0.18013447523117065
17697,2,0,0.197363942861557
17698,1,0,0.6784675717353821
17699,1,0,0.06976446509361267
17700,2,0,0.06922461837530136
17701,2,1,0.4488034248352051
17702,2,0,0.101874440908432
17703,4,0,0.6691943407058716
17704,5,0,0.11366985738277435
17705,1,1,0.6909743547439575
17706,5,1,0.6575886011123657
17707,1,0,0.057906754314899445
17708,1,0,0.09098860621452332
17709,3,0,0.1425151228904724
17710,3,0,0.06562238186597824
17711,2,0,0.1533740609884262
17712,3,0,0.07574822753667831
17713,2,0,0.0618773028254509
17714,2,0,0.1168709397315979
17715,3,0,0.16641651093959808
17716,1,0,0.06191650778055191
17717,2,0,0.13619397580623627
17718,5,0,0.2802495062351227
17719,4,0,0.38437241315841675
17720,2,0,0.12304654717445374
17721,4,0,0.23084214329719543
17722,5,0,0.09267785400152206
17723,1,0,0.11675029993057251
17724,2,0,0.19032405316829681
17725,5,0,0.05653577297925949
17726,1,0,0.11707425117492676
17727,3,0,0.09589588642120361
17728,2,0,0.15475411713123322
17729,5,1,0.3767555356025696
17730,3,1,0.14162009954452515
17731,2,0,0.6969743967056274
17732,3,0,0.10653717070817947
17733,4,0,0.7000822424888611
17734,2,0,0.08573467284440994
17735,5,0,0.1641499549150467
17736,3,0,0.14337700605392456
17737,1,0,0.3070996105670929
17738,5,0,0.11023742705583572
17739,3,1,0.4054720401763916
17740,1,0,0.19380612671375275
17741,5,0,0.06344149261713028
17742,2,0,0.14099547266960144
17743,4,0,0.15739579498767853
17744,1,1,0.14266325533390045
17745,1,0,0.5349984765052795
17746,1,1,0.21627049148082733
17747,5,0,0.1173761636018753
17748,3,0,0.05087239295244217
17749,5,0,0.038061369210481644
17750,2,0,0.0744992271065712
17751,1,0,0.10517065972089767
17752,3,1,0.22615519165992737
17753,5,0,0.11699078232049942
17754,1,0,0.2369941771030426
17755,4,0,0.19326984882354736
17756,5,0,0.2556951642036438
17757,4,1,0.10762441158294678
17758,5,0,0.135773703455925
17759,5,1,0.1283520609140396
17760,3,0,0.16168202459812164
17761,5,0,0.15215493738651276
17762,5,0,0.12234597653150558
17763,5,0,0.07694821804761887
17764,3,0,0.0718567967414856
17765,4,0,0.08116955310106277
17766,4,0,0.11515438556671143
17767,2,1,0.1993563324213028
17768,4,0,0.1695919632911682
17769,1,0,0.07076256722211838
17770,5,1,0.3225948214530945
17771,3,1,0.2525483965873718
17772,5,0,0.06498747318983078
17773,4,0,0.0617980882525444
17774,2,1,0.5204449892044067
17775,3,1,0.14660429954528809
17776,4,0,0.04179252311587334
17777,2,1,0.3385778069496155
17778,3,1,0.6349797248840332
17779,2,0,0.11394599825143814
17780,5,0,0.13724686205387115
17781,5,0,0.19671469926834106
17782,4,0,0.17190362513065338
17783,1,1,0.2516980767250061
17784,4,0,0.37334272265434265
17785,1,0,0.07069358974695206
17786,2,0,0.16204214096069336
17787,1,0,0.6902839541435242
17788,3,0,0.7041999697685242
17789,5,0,0.1485125720500946
17790,4,0,0.09185010939836502
17791,2,0,0.07917346805334091
17792,1,0,0.17406949400901794
17793,3,0,0.11344777792692184
17794,4,1,0.6925963163375854
17795,3,1,0.14697830379009247
17796,2,0,0.4777362048625946
17797,1,0,0.09013940393924713
17798,4,0,0.11472252011299133
17799,3,0,0.3596932590007782
17800,1,0,0.6187595725059509
17801,2,1,0.15744704008102417
17802,3,0,0.14058856666088104
17803,2,0,0.026236118748784065
17804,5,0,0.06703785061836243
17805,5,1,0.6596346497535706
17806,5,1,0.3787931799888611
17807,2,1,0.5636118054389954
17808,1,0,0.17798589169979095
17809,3,0,0.1071862205862999
17810,4,1,0.19838811457157135
17811,2,0,0.2782706618309021
17812,5,0,0.02625485695898533
17813,3,0,0.2468060553073883
17814,3,0,0.1599131077528
17815,4,1,0.7536932229995728
17816,4,1,0.15221339464187622
17817,3,0,0.39817214012145996
17818,2,0,0.24919170141220093
17819,5,0,0.28603067994117737
17820,5,0,0.1664288192987442
17821,5,0,0.07684290409088135
17822,4,0,0.7271745800971985
17823,1,1,0.756075918674469
17824,5,0,0.14195013046264648
17825,1,0,0.3887133300304413
17826,2,0,0.0665874183177948
17827,3,0,0.07029387354850769
17828,3,0,0.16367948055267334
17829,1,0,0.07925096899271011
17830,1,0,0.21339815855026245
17831,1,0,0.1293809711933136
17832,2,0,0.15867145359516144
17833,4,1,0.15861260890960693
17834,2,1,0.06676843017339706
17835,1,0,0.10239411890506744
17836,2,0,0.0734487920999527
17837,2,0,0.28012987971305847
17838,5,0,0.049412790685892105
17839,2,0,0.15799543261528015
17840,1,1,0.2610585689544678
17841,5,1,0.6483283042907715
17842,1,0,0.0869266465306282
17843,2,0,0.08082424849271774
17844,4,0,0.36620721220970154
17845,5,0,0.05054553225636482
17846,4,0,0.0984618216753006
17847,2,0,0.10999411344528198
17848,4,1,0.06818883866071701
17849,2,0,0.1397170126438141
17850,5,0,0.15437087416648865
17851,3,0,0.03625700995326042
17852,4,0,0.06954442709684372
17853,2,0,0.4255251884460449
17854,2,0,0.06561291962862015
17855,5,0,0.11273517459630966
17856,1,0,0.16163977980613708
17857,1,0,0.1829543113708496
17858,3,0,0.13366805016994476
17859,1,0,0.1670171022415161
17860,2,1,0.14163579046726227
17861,5,0,0.14676977694034576
17862,4,0,0.12248331308364868
17863,2,0,0.10214581340551376
17864,1,0,0.12732818722724915
17865,2,0,0.11798416078090668
17866,2,0,0.06218211352825165
17867,4,0,0.1765396147966385
17868,3,1,0.7735664248466492
17869,3,1,0.19225630164146423
17870,3,0,0.30387642979621887
17871,1,1,0.11673963814973831
17872,5,0,0.23670880496501923
17873,2,0,0.046365827322006226
17874,1,0,0.04576662927865982
17875,5,0,0.22597636282444
17876,2,0,0.08327202498912811
17877,5,1,0.20882734656333923
17878,1,0,0.030515136197209358
17879,5,0,0.12228545546531677
17880,1,1,0.6324925422668457
17881,2,0,0.0745721161365509
17882,4,0,0.2874011695384979
17883,3,0,0.1786036342382431
17884,1,1,0.6189627647399902
17885,1,1,0.7672408819198608
17886,4,0,0.05728664621710777
17887,2,0,0.1973237246274948
17888,3,1,0.6114096641540527
17889,4,0,0.16352640092372894
17890,1,0,0.11139459162950516
17891,5,0,0.07442418485879898
17892,2,0,0.17664644122123718
17893,2,0,0.10602148622274399
17894,4,0,0.43825259804725647
17895,4,0,0.17906618118286133
17896,2,0,0.07654775679111481
17897,4,0,0.23476389050483704
17898,4,1,0.7215247750282288
17899,2,0,0.2119659185409546
17900,2,0,0.07610662281513214
17901,5,1,0.13440416753292084
17902,3,0,0.08112695813179016
17903,3,0,0.5391350984573364
17904,5,0,0.06638474762439728
17905,5,0,0.6044755578041077
17906,2,0,0.17223814129829407
17907,1,0,0.2597273290157318
17908,4,1,0.764599621295929
17909,3,0,0.1043933629989624
17910,5,0,0.5329133868217468
17911,1,0,0.22852210700511932
17912,5,0,0.05118901655077934
17913,2,0,0.20221251249313354
17914,2,0,0.09838101267814636
17915,1,1,0.7876107096672058
17916,3,0,0.1413668394088745
17917,1,0,0.14653591811656952
17918,2,0,0.44740936160087585
17919,5,1,0.16307708621025085
17920,1,0,0.15284067392349243
17921,2,0,0.1475893259048462
17922,2,0,0.05751953646540642
17923,5,0,0.16913531720638275
17924,1,0,0.563789427280426
17925,5,1,0.07798533886671066
17926,1,1,0.4374648928642273
17927,5,0,0.0706443265080452
17928,5,0,0.13048866391181946
17929,2,0,0.3072991371154785
17930,5,0,0.07768404483795166
17931,5,1,0.17083610594272614
17932,4,0,0.11813710629940033
17933,4,0,0.06653597205877304
17934,1,0,0.30498912930488586
17935,2,0,0.19533202052116394
17936,4,0,0.2607843577861786
17937,1,0,0.05436394363641739
17938,2,0,0.0749383494257927
17939,3,0,0.14230023324489594
17940,4,0,0.14717890322208405
17941,5,1,0.21867412328720093
17942,2,0,0.1442609578371048
17943,4,0,0.06185527145862579
17944,3,0,0.7027982473373413
17945,5,0,0.10861920565366745
17946,2,1,0.12820859253406525
17947,4,0,0.042485207319259644
17948,5,0,0.143310084939003
17949,2,0,0.07084019482135773
17950,5,0,0.14799022674560547
17951,2,0,0.1665366142988205
17952,5,0,0.14607182145118713
17953,3,0,0.037414733320474625
17954,3,1,0.07406312972307205
17955,1,0,0.1316528618335724
17956,1,0,0.2142135500907898
17957,5,0,0.1214292123913765
17958,4,0,0.06895262748003006
17959,3,1,0.1064855083823204
17960,1,0,0.24582745134830475
17961,1,0,0.0788913145661354
17962,1,0,0.1164855882525444
17963,1,0,0.28569623827934265
17964,5,1,0.4104453921318054
17965,5,0,0.12592002749443054
17966,5,0,0.36875298619270325
17967,5,1,0.29859235882759094
17968,5,0,0.07071618735790253
17969,2,1,0.3369969129562378
17970,3,0,0.20241513848304749
17971,2,0,0.1327473670244217
17972,4,0,0.22447602450847626
17973,5,1,0.797419011592865
17974,3,1,0.5984278321266174
17975,1,1,0.7901535034179688
17976,2,0,0.10499676316976547
17977,4,0,0.16227670013904572
17978,1,0,0.16685543954372406
17979,5,0,0.07055331021547318
17980,4,0,0.21367037296295166
17981,5,1,0.16086849570274353
17982,2,0,0.312162309885025
17983,4,0,0.6310604214668274
17984,3,0,0.08724330365657806
17985,3,0,0.14751480519771576
17986,1,0,0.11439438164234161
17987,3,1,0.7412882447242737
17988,5,0,0.5498912334442139
17989,5,0,0.15101701021194458
17990,4,0,0.14208093285560608
17991,1,0,0.15475517511367798
17992,2,0,0.31229716539382935
17993,5,0,0.13519704341888428
17994,4,1,0.10555698722600937
17995,3,1,0.7312201857566833
17996,2,0,0.1592760980129242
17997,3,1,0.23914849758148193
17998,1,0,0.07179044187068939
17999,1,1,0.7351247072219849
18000,1,0,0.07923364639282227
18001,3,0,0.6587703824043274
18002,5,0,0.148087739944458
18003,4,1,0.06332992762327194
18004,2,0,0.14876733720302582
18005,5,0,0.15399689972400665
18006,2,0,0.11496590822935104
18007,1,0,0.3035001754760742
18008,3,1,0.0791049599647522
18009,2,0,0.16938331723213196
18010,3,0,0.20305727422237396
18011,1,0,0.16854995489120483
18012,4,1,0.3793301582336426
18013,2,0,0.15526515245437622
18014,5,0,0.07888688147068024
18015,2,0,0.13336540758609772
18016,5,0,0.13112150132656097
18017,5,1,0.15242689847946167
18018,1,0,0.11930432915687561
18019,3,0,0.09397728741168976
18020,5,0,0.06376543641090393
18021,3,1,0.6357577443122864
18022,2,0,0.09592755883932114
18023,4,1,0.6583274006843567
18024,2,0,0.15310333669185638
18025,3,0,0.11433617025613785
18026,1,0,0.10685155540704727
18027,3,0,0.1305759698152542
18028,2,1,0.05120571702718735
18029,4,0,0.07117841392755508
18030,4,0,0.06398395448923111
18031,5,0,0.1849050670862198
18032,4,0,0.08625413477420807
18033,5,0,0.10486576706171036
18034,4,0,0.18535098433494568
18035,3,0,0.10986636579036713
18036,1,0,0.11517702043056488
18037,2,0,0.6070187091827393
18038,2,0,0.23160474002361298
18039,1,0,0.13306908309459686
18040,1,0,0.13908052444458008
18041,1,1,0.15186019241809845
18042,3,0,0.44826045632362366
18043,3,1,0.7882887125015259
18044,5,1,0.7587683796882629
18045,1,0,0.18888767063617706
18046,3,0,0.1165410652756691
18047,4,0,0.07035351544618607
18048,1,0,0.14864012598991394
18049,5,0,0.09088550508022308
18050,2,0,0.2691677212715149
18051,5,0,0.1623135805130005
18052,4,0,0.09554240107536316
18053,3,0,0.1251019388437271
18054,2,0,0.10893815010786057
18055,5,0,0.06661268323659897
18056,3,1,0.6769077181816101
18057,4,0,0.5500749349594116
18058,1,1,0.5766277313232422
18059,3,0,0.05529186874628067
18060,4,0,0.310474693775177
18061,1,0,0.35360342264175415
18062,5,0,0.08709299564361572
18063,3,1,0.5437459945678711
18064,5,0,0.4954404830932617
18065,3,1,0.7880330085754395
18066,5,0,0.15341775119304657
18067,5,0,0.14333124458789825
18068,4,0,0.31796061992645264
18069,5,0,0.15073759853839874
18070,2,0,0.1871207058429718
18071,2,0,0.15459994971752167
18072,5,0,0.10126421600580215
18073,3,0,0.08977256715297699
18074,2,0,0.0952082946896553
18075,3,0,0.10331495106220245
18076,5,0,0.1768038421869278
18077,3,0,0.09054329246282578
18078,3,0,0.10303610563278198
18079,4,0,0.12275311350822449
18080,1,0,0.12809927761554718
18081,2,0,0.5303937792778015
18082,4,0,0.13968470692634583
18083,2,1,0.16390599310398102
18084,2,0,0.20091496407985687
18085,4,1,0.16070309281349182
18086,1,1,0.2418823540210724
18087,1,0,0.04569244757294655
18088,1,0,0.23693019151687622
18089,4,0,0.24028247594833374
18090,4,0,0.19304637610912323
18091,2,0,0.05570762977004051
18092,4,0,0.12739220261573792
18093,4,0,0.07341509312391281
18094,3,0,0.03365026414394379
18095,4,0,0.04789752513170242
18096,4,0,0.17934109270572662
18097,1,0,0.11067906767129898
18098,1,0,0.08418504893779755
18099,5,1,0.44469332695007324
18100,4,0,0.15320225059986115
18101,3,0,0.07712238281965256
18102,4,1,0.7006567716598511
18103,2,0,0.13308781385421753
18104,1,0,0.046045903116464615
18105,1,0,0.159977987408638
18106,5,0,0.10085790604352951
18107,5,0,0.14038099348545074
18108,3,0,0.049509841948747635
18109,2,0,0.2311890572309494
18110,3,0,0.14364884793758392
18111,2,0,0.05900343507528305
18112,1,0,0.12885782122612
18113,3,1,0.23696193099021912
18114,2,1,0.5656231641769409
18115,4,1,0.1279584765434265
18116,4,0,0.31354501843452454
18117,2,0,0.11584383249282837
18118,5,0,0.19729812443256378
18119,3,0,0.08504928648471832
18120,5,1,0.6301410794258118
18121,4,1,0.44825780391693115
18122,5,1,0.1848709136247635
18123,4,0,0.07433631271123886
18124,1,0,0.2914141118526459
18125,1,0,0.19465292990207672
18126,2,1,0.37028858065605164
18127,5,1,0.7028204202651978
18128,2,0,0.2579732835292816
18129,4,1,0.2520768642425537
18130,2,0,0.1206972524523735
18131,5,1,0.19092945754528046
18132,3,0,0.12261548638343811
18133,2,0,0.39248043298721313
18134,3,0,0.1617261916399002
18135,3,0,0.06964682787656784
18136,3,0,0.1337430626153946
18137,5,0,0.21283023059368134
18138,1,0,0.10172535479068756
18139,3,0,0.3754402995109558
18140,1,0,0.3442654311656952
18141,4,0,0.055018290877342224
18142,3,0,0.05861522629857063
18143,3,0,0.09343059360980988
18144,1,0,0.4033711552619934
18145,3,1,0.31410443782806396
18146,5,0,0.5475878715515137
18147,5,0,0.05478037893772125
18148,4,1,0.4809701442718506
18149,2,0,0.05953918397426605
18150,2,0,0.3832132816314697
18151,4,0,0.14438720047473907
18152,1,1,0.02939254231750965
18153,2,0,0.03400694206357002
18154,5,0,0.11355005204677582
18155,4,0,0.222154900431633
18156,1,0,0.10756786912679672
18157,2,0,0.4915580451488495
18158,2,0,0.370974063873291
18159,5,0,0.5729042291641235
18160,4,0,0.12537424266338348
18161,5,1,0.7390592694282532
18162,1,0,0.11161941289901733
18163,4,0,0.6749460697174072
18164,3,0,0.14363393187522888
18165,1,1,0.69326251745224
18166,4,0,0.10642271488904953
18167,2,0,0.04302652180194855
18168,4,1,0.1857263296842575
18169,1,0,0.12253286689519882
18170,1,0,0.3205241560935974
18171,2,0,0.34864166378974915
18172,4,0,0.19401933252811432
18173,1,0,0.060618605464696884
18174,2,1,0.09185697138309479
18175,2,0,0.08155380189418793
18176,3,0,0.13995717465877533
18177,2,0,0.6810314059257507
18178,4,0,0.10090308636426926
18179,2,1,0.2244211584329605
18180,4,0,0.1788390427827835
18181,3,0,0.05550362914800644
18182,3,0,0.043590351939201355
18183,2,0,0.11361365765333176
18184,3,1,0.5033656358718872
18185,3,0,0.09804275631904602
18186,4,0,0.1236935555934906
18187,2,1,0.19838634133338928
18188,1,1,0.784864604473114
18189,2,1,0.08871003985404968
18190,3,0,0.28042224049568176
18191,2,1,0.7301456332206726
18192,1,1,0.8025912046432495
18193,1,0,0.11805586516857147
18194,2,0,0.15812939405441284
18195,2,0,0.28465500473976135
18196,5,0,0.10918188095092773
18197,1,0,0.5780275464057922
18198,4,0,0.23032662272453308
18199,1,0,0.08802838623523712
18200,1,0,0.10829398781061172
18201,5,0,0.1091873049736023
18202,5,1,0.1846555471420288
18203,1,0,0.2081756591796875
18204,5,0,0.038662899285554886
18205,3,0,0.050229646265506744
18206,2,1,0.7192075252532959
18207,5,0,0.14467447996139526
18208,4,0,0.16288764774799347
18209,4,0,0.2656090259552002
18210,3,0,0.08846230059862137
18211,2,0,0.041977960616350174
18212,4,0,0.0845402181148529
18213,4,0,0.22116249799728394
18214,3,0,0.028972705826163292
18215,5,1,0.7372052669525146
18216,4,0,0.17654195427894592
18217,5,1,0.10062339156866074
18218,1,0,0.1774289608001709
18219,5,0,0.4559004306793213
18220,3,1,0.5219672918319702
18221,1,0,0.1989041566848755
18222,5,0,0.09563054889440536
18223,5,1,0.23323535919189453
18224,4,0,0.06322656571865082
18225,5,0,0.1710335910320282
18226,4,0,0.21123482286930084
18227,4,0,0.1752607375383377
18228,5,0,0.13578768074512482
18229,3,0,0.23440895974636078
18230,1,1,0.303536593914032
18231,5,1,0.17381204664707184
18232,1,0,0.5737656354904175
18233,3,0,0.17851479351520538
18234,3,1,0.7162954211235046
18235,1,0,0.061607521027326584
18236,5,1,0.7163485884666443
18237,2,0,0.16317707300186157
18238,1,0,0.14930252730846405
18239,1,0,0.11415165662765503
18240,3,0,0.0703556165099144
18241,3,0,0.07260051369667053
18242,4,1,0.29900267720222473
18243,5,0,0.4966786801815033
18244,4,0,0.16108302772045135
18245,2,0,0.10518059879541397
18246,4,0,0.23179686069488525
18247,4,0,0.20062512159347534
18248,3,0,0.20981553196907043
18249,4,0,0.13154464960098267
18250,5,1,0.2984321713447571
18251,3,0,0.09250526130199432
18252,1,0,0.3351360857486725
18253,1,0,0.10756944864988327
18254,4,1,0.1441859006881714
18255,2,0,0.086568683385849
18256,1,0,0.17083701491355896
18257,2,0,0.18341678380966187
18258,5,0,0.08782760798931122
18259,2,0,0.15490062534809113
18260,4,0,0.20963437855243683
18261,5,0,0.19147662818431854
18262,2,0,0.407647043466568
18263,1,0,0.2655709683895111
18264,1,1,0.6430712342262268
18265,4,1,0.2982395887374878
18266,4,1,0.09928122162818909
18267,4,0,0.3911961317062378
18268,1,0,0.3141233026981354
18269,3,0,0.13926470279693604
18270,5,0,0.10487455874681473
18271,3,1,0.18945714831352234
18272,1,0,0.07537465542554855
18273,1,0,0.3137477934360504
18274,2,1,0.615188479423523
18275,1,1,0.2668529748916626
18276,3,0,0.230291485786438
18277,2,0,0.7482253909111023
18278,3,0,0.15497593581676483
18279,4,0,0.12690480053424835
18280,1,0,0.23951378464698792
18281,2,0,0.16564416885375977
18282,3,0,0.08013173937797546
18283,5,0,0.12902618944644928
18284,5,0,0.09644300490617752
18285,1,1,0.17091809213161469
18286,3,0,0.11598347872495651
18287,3,1,0.09336721897125244
18288,1,1,0.15182086825370789
18289,5,0,0.713081955909729
18290,5,0,0.3257042169570923
18291,3,0,0.5824972987174988
18292,3,1,0.7762725353240967
18293,4,0,0.08219077438116074
18294,1,0,0.1340266913175583
18295,2,1,0.6826701164245605
18296,4,0,0.12074457854032516
18297,3,0,0.11502745002508163
18298,4,0,0.06752464920282364
18299,5,1,0.09125459939241409
18300,3,0,0.2380058616399765
18301,1,0,0.07008321583271027
18302,4,0,0.08718492090702057
18303,3,1,0.22761447727680206
18304,2,0,0.09560195356607437
18305,1,0,0.10856789350509644
18306,1,1,0.8053644299507141
18307,5,0,0.14693227410316467
18308,3,0,0.45880749821662903
18309,2,1,0.8996139764785767
18310,2,1,0.6605810523033142
18311,2,1,0.22925807535648346
18312,1,0,0.17874956130981445
18313,2,0,0.09572794288396835
18314,2,0,0.38585010170936584
18315,5,1,0.5496314167976379
18316,5,0,0.11961677670478821
18317,5,0,0.25819653272628784
18318,3,0,0.20939616858959198
18319,3,1,0.19416891038417816
18320,3,0,0.3691512942314148
18321,1,0,0.14135561883449554
18322,3,0,0.13421310484409332
18323,2,0,0.14415571093559265
18324,2,0,0.1518818885087967
18325,5,0,0.7192288637161255
18326,4,0,0.2147393673658371
18327,1,0,0.09114786982536316
18328,1,0,0.10199990123510361
18329,5,0,0.0600150041282177
18330,4,0,0.08235756307840347
18331,3,0,0.10888279974460602
18332,1,0,0.15334151685237885
18333,3,1,0.11177875846624374
18334,5,0,0.0715472400188446
18335,3,0,0.06430098414421082
18336,5,0,0.24130608141422272
18337,3,0,0.2852165699005127
18338,1,0,0.20145440101623535
18339,5,0,0.07814113795757294
18340,5,1,0.1623942106962204
18341,5,0,0.15958349406719208
18342,5,0,0.291060209274292
18343,4,1,0.21347109973430634
18344,2,0,0.13186849653720856
18345,3,1,0.31772422790527344
18346,2,0,0.07820422202348709
18347,4,0,0.1539974957704544
18348,2,1,0.10737395286560059
18349,5,0,0.040503744035959244
18350,2,0,0.21472309529781342
18351,1,0,0.17266345024108887
18352,2,0,0.07476415485143661
18353,4,0,0.04990964010357857
18354,2,1,0.6950608491897583
18355,1,0,0.06564793735742569
18356,4,0,0.18056343495845795
18357,2,0,0.1371377557516098
18358,2,0,0.0693584457039833
18359,3,0,0.11117953807115555
18360,3,0,0.05875803902745247
18361,3,0,0.21039046347141266
18362,3,0,0.1079145073890686
18363,3,0,0.03684301674365997
18364,5,0,0.11916942894458771
18365,2,1,0.10266076028347015
18366,2,0,0.057216156274080276
18367,2,0,0.21680337190628052
18368,5,0,0.027059780433773994
18369,5,1,0.0999666154384613
18370,3,1,0.5249653458595276
18371,1,0,0.2076556533575058
18372,1,1,0.6581757664680481
18373,3,0,0.11629647761583328
18374,3,1,0.2851177752017975
18375,2,0,0.16673438251018524
18376,3,1,0.09469147771596909
18377,5,0,0.07057440280914307
18378,4,0,0.11569791287183762
18379,2,1,0.5814461708068848
18380,3,0,0.4499101936817169
18381,5,0,0.07019397616386414
18382,3,0,0.13918663561344147
18383,5,1,0.6023340821266174
18384,4,0,0.08146040141582489
18385,1,0,0.1412048488855362
18386,5,1,0.570570707321167
18387,1,1,0.19863726198673248
18388,2,0,0.21191900968551636
18389,1,0,0.11681002378463745
18390,3,0,0.09404874593019485
18391,2,0,0.13388846814632416
18392,4,0,0.3501764237880707
18393,1,0,0.09676918387413025
18394,1,0,0.3215409219264984
18395,1,0,0.04973682388663292
18396,3,0,0.06260037422180176
18397,4,0,0.8150835633277893
18398,5,0,0.02534996159374714
18399,4,0,0.870629072189331
18400,5,0,0.0975482389330864
18401,5,0,0.13521002233028412
18402,5,0,0.1884632259607315
18403,2,0,0.08994132280349731
18404,4,0,0.23535290360450745
18405,4,0,0.41333797574043274
18406,5,1,0.2398347556591034
18407,2,0,0.1998146027326584
18408,1,0,0.1294555962085724
18409,2,0,0.07676586508750916
18410,4,1,0.1824536770582199
18411,3,0,0.04900824651122093
18412,5,0,0.4102022349834442
18413,2,0,0.15339462459087372
18414,5,1,0.3594748079776764
18415,4,0,0.36073940992355347
18416,2,0,0.0409267283976078
18417,3,0,0.07457375526428223
18418,5,0,0.14993563294410706
18419,1,0,0.292109876871109
18420,4,0,0.2314072698354721
18421,5,0,0.06691896915435791
18422,3,0,0.16803616285324097
18423,4,0,0.06316936016082764
18424,2,0,0.31906524300575256
18425,1,1,0.515837550163269
18426,5,0,0.1866324543952942
18427,2,0,0.6239233613014221
18428,4,0,0.22078730165958405
18429,1,1,0.14047382771968842
18430,3,0,0.06113492697477341
18431,5,0,0.11199278384447098
18432,4,1,0.6131536364555359
18433,3,0,0.12291170656681061
18434,2,0,0.12606805562973022
18435,5,0,0.21428588032722473
18436,4,0,0.07146309316158295
18437,5,0,0.07433108240365982
18438,4,0,0.03459101915359497
18439,5,1,0.7122505903244019
18440,1,0,0.09454838186502457
18441,5,0,0.0820455327630043
18442,1,0,0.1957378387451172
18443,4,1,0.24205738306045532
18444,3,0,0.05803427845239639
18445,2,0,0.14434978365898132
18446,3,0,0.06285325437784195
18447,3,0,0.45877984166145325
18448,2,0,0.06205813214182854
18449,2,0,0.22506265342235565
18450,2,1,0.6557559967041016
18451,5,0,0.11541594564914703
18452,4,0,0.15638287365436554
18453,1,0,0.133435919880867
18454,4,1,0.3184202015399933
18455,5,0,0.043054066598415375
18456,4,1,0.3140505254268646
18457,1,0,0.30980128049850464
18458,3,0,0.41058528423309326
18459,1,1,0.75455641746521
18460,2,0,0.058522507548332214
18461,4,0,0.11667583882808685
18462,5,0,0.2126760333776474
18463,3,0,0.28942322731018066
18464,4,0,0.1830350011587143
18465,1,1,0.11512387543916702
18466,3,1,0.7840321660041809
18467,5,0,0.30288028717041016
18468,3,0,0.29555559158325195
18469,3,1,0.43660157918930054
18470,4,0,0.0585455447435379
18471,4,0,0.11489196866750717
18472,5,0,0.0530315563082695
18473,5,0,0.04221322759985924
18474,3,1,0.1469203680753708
18475,2,0,0.11207076907157898
18476,3,0,0.1537041962146759
18477,2,0,0.14973613619804382
18478,2,1,0.1923467516899109
18479,2,0,0.2544284164905548
18480,3,0,0.16052503883838654
18481,2,0,0.1025521531701088
18482,2,1,0.14557859301567078
18483,4,0,0.11453405767679214
18484,4,0,0.049876466393470764
18485,5,0,0.09738067537546158
18486,4,0,0.09451369196176529
18487,5,0,0.12036813050508499
18488,3,1,0.35389044880867004
18489,3,0,0.5722028613090515
18490,2,0,0.17609456181526184
18491,1,0,0.2838725745677948
18492,5,0,0.1091688722372055
18493,4,0,0.1603301465511322
18494,3,1,0.38843709230422974
18495,5,0,0.08355262875556946
18496,1,1,0.8746273517608643
18497,2,1,0.13527801632881165
18498,2,0,0.10373856127262115
18499,4,1,0.1799720972776413
18500,2,0,0.10816697031259537
18501,1,0,0.061060160398483276
18502,5,0,0.23608730733394623
18503,4,0,0.11194248497486115
18504,2,0,0.14652810990810394
18505,4,1,0.18899080157279968
18506,1,0,0.0553504154086113
18507,4,0,0.13814860582351685
18508,1,0,0.38407307863235474
18509,4,0,0.21788056194782257
18510,4,0,0.08176644146442413
18511,3,0,0.1451495736837387
18512,1,0,0.12382681667804718
18513,3,0,0.48981621861457825
18514,2,0,0.05231860652565956
18515,3,0,0.7180407047271729
18516,2,1,0.5348423719406128
18517,2,0,0.09540924429893494
18518,5,0,0.04059790447354317
18519,1,0,0.11047694087028503
18520,3,0,0.09752480685710907
18521,3,0,0.07799793779850006
18522,1,1,0.5905168056488037
18523,1,1,0.13620048761367798
18524,5,0,0.08752940595149994
18525,5,0,0.16203388571739197
18526,4,1,0.8437684774398804
18527,5,0,0.15352539718151093
18528,1,0,0.13381783664226532
18529,4,0,0.36624905467033386
18530,5,1,0.8498812913894653
18531,1,0,0.11189191043376923
18532,1,0,0.15098334848880768
18533,2,0,0.06261396408081055
18534,5,0,0.15010905265808105
18535,2,0,0.1719440221786499
18536,4,0,0.13961952924728394
18537,3,0,0.20047248899936676
18538,1,0,0.0686822310090065
18539,5,1,0.3603869676589966
18540,4,0,0.13617996871471405
18541,1,0,0.06881727278232574
18542,1,1,0.25446590781211853
18543,2,0,0.05310627073049545
18544,4,0,0.1541140377521515
18545,3,0,0.3658585250377655
18546,2,1,0.09026174992322922
18547,4,0,0.21197918057441711
18548,3,0,0.12638477981090546
18549,5,0,0.07355938106775284
18550,4,0,0.05773606151342392
18551,4,0,0.0988047868013382
18552,5,0,0.11711682379245758
18553,4,1,0.4499915838241577
18554,2,0,0.11080369353294373
18555,3,1,0.7499633431434631
18556,2,0,0.05368007719516754
18557,1,1,0.14259225130081177
18558,4,0,0.2140689343214035
18559,3,0,0.09281577914953232
18560,4,0,0.08149143308401108
18561,5,0,0.15448540449142456
18562,2,1,0.6701057553291321
18563,3,0,0.1165577620267868
18564,4,0,0.09874514490365982
18565,5,1,0.33303409814834595
18566,1,0,0.10000486671924591
18567,5,0,0.07340647280216217
18568,3,0,0.12075869739055634
18569,5,1,0.13015516102313995
18570,1,0,0.07835407555103302
18571,4,0,0.18941785395145416
18572,5,1,0.6096446514129639
18573,1,0,0.36774975061416626
18574,5,1,0.7775652408599854
18575,1,0,0.05963372066617012
18576,4,0,0.05685695633292198
18577,4,0,0.1274699568748474
18578,2,0,0.08622261136770248
18579,1,0,0.06510474532842636
18580,2,1,0.14359019696712494
18581,4,0,0.15605202317237854
18582,1,0,0.082476906478405
18583,1,1,0.1113017275929451
18584,1,0,0.18263065814971924
18585,1,0,0.04191536456346512
18586,4,1,0.8148268461227417
18587,4,0,0.09334231913089752
18588,1,0,0.08622666448354721
18589,3,1,0.46118366718292236
18590,1,0,0.36629459261894226
18591,4,1,0.17392230033874512
18592,3,0,0.11514345556497574
18593,2,0,0.1537739634513855
18594,4,0,0.19331030547618866
18595,1,0,0.20435108244419098
18596,5,1,0.6070786714553833
18597,2,1,0.4975586533546448
18598,3,0,0.26394641399383545
18599,3,0,0.19422872364521027
18600,2,1,0.3790578544139862
18601,4,0,0.29122763872146606
18602,3,0,0.04839219152927399
18603,5,0,0.1449691355228424
18604,1,0,0.15290296077728271
18605,3,0,0.11813676357269287
18606,2,0,0.25730884075164795
18607,1,0,0.10883869975805283
18608,3,0,0.054670725017786026
18609,1,1,0.7286670804023743
18610,5,1,0.12066280841827393
18611,3,0,0.10972775518894196
18612,5,0,0.0921083316206932
18613,2,0,0.11119723320007324
18614,5,0,0.12710021436214447
18615,4,1,0.19196884334087372
18616,4,1,0.08717072755098343
18617,3,0,0.1505175232887268
18618,4,0,0.17415757477283478
18619,4,1,0.12063159048557281
18620,2,0,0.5741288661956787
18621,1,1,0.27606844902038574
18622,3,1,0.20864734053611755
18623,4,0,0.08263567090034485
18624,5,0,0.12721124291419983
18625,4,0,0.046022407710552216
18626,4,0,0.15413014590740204
18627,3,1,0.1229558065533638
18628,3,0,0.05300828814506531
18629,3,0,0.17714263498783112
18630,1,0,0.029087625443935394
18631,3,1,0.0657956600189209
18632,3,0,0.17896802723407745
18633,3,0,0.20980139076709747
18634,4,0,0.25219693779945374
18635,5,0,0.07110043615102768
18636,5,0,0.5541325211524963
18637,5,0,0.08015891164541245
18638,5,0,0.07198962569236755
18639,3,0,0.4165676534175873
18640,5,1,0.6507894992828369
18641,1,1,0.4151710867881775
18642,1,0,0.10515746474266052
18643,1,0,0.0830928236246109
18644,3,1,0.8204282522201538
18645,3,0,0.14714066684246063
18646,4,1,0.7194526791572571
18647,1,1,0.7857463955879211
18648,2,0,0.043443549424409866
18649,3,1,0.12403881549835205
18650,4,0,0.14809644222259521
18651,5,0,0.10376347601413727
18652,1,0,0.13565461337566376
18653,5,0,0.489408016204834
18654,5,0,0.26272815465927124
18655,1,0,0.13545294106006622
18656,4,0,0.5024251341819763
18657,1,0,0.20018978416919708
18658,5,1,0.6110027432441711
18659,2,0,0.17231495678424835
18660,1,1,0.7426118850708008
18661,3,1,0.18108132481575012
18662,3,0,0.21964946389198303
18663,3,0,0.16319535672664642
18664,1,0,0.5017585158348083
18665,3,0,0.05488797277212143
18666,2,0,0.11234113574028015
18667,2,0,0.25013837218284607
18668,5,0,0.10789261013269424
18669,3,0,0.10067315399646759
18670,4,1,0.5067453980445862
18671,3,0,0.12375682592391968
18672,5,0,0.04233691468834877
18673,3,0,0.12990479171276093
18674,2,1,0.4102191627025604
18675,2,0,0.28034061193466187
18676,2,0,0.18453100323677063
18677,1,0,0.12332616001367569
18678,3,0,0.4303992688655853
18679,3,1,0.6688798666000366
18680,1,0,0.19683483242988586
18681,3,1,0.7629356384277344
18682,5,0,0.13365992903709412
18683,4,0,0.10546492785215378
18684,1,0,0.19520677626132965
18685,4,1,0.5695785880088806
18686,3,0,0.15116465091705322
18687,1,0,0.034364860504865646
18688,1,0,0.7167834639549255
18689,1,1,0.655166506767273
18690,1,0,0.4413555860519409
18691,4,0,0.03758368641138077
18692,4,0,0.09325089305639267
18693,3,0,0.15450218319892883
18694,3,0,0.4244591295719147
18695,2,0,0.3415899872779846
18696,2,0,0.085642971098423
18697,2,1,0.6362915635108948
18698,5,0,0.1660781353712082
18699,5,0,0.48964500427246094
18700,1,1,0.7428470849990845
18701,1,0,0.05550549179315567
18702,5,0,0.19780407845973969
18703,1,0,0.49182912707328796
18704,4,1,0.3584960401058197
18705,1,1,0.7073066830635071
18706,5,0,0.12836922705173492
18707,1,0,0.036904506385326385
18708,4,0,0.11696011573076248
18709,1,0,0.05916757881641388
18710,5,0,0.07524137198925018
18711,1,0,0.07205485552549362
18712,1,0,0.1602342128753662
18713,2,0,0.5686289072036743
18714,1,1,0.7894819974899292
18715,3,0,0.18981802463531494
18716,2,0,0.06490948796272278
18717,3,0,0.6236681938171387
18718,3,0,0.07183890044689178
18719,5,0,0.18472154438495636
18720,2,0,0.044855259358882904
18721,1,0,0.05596372112631798
18722,5,0,0.10853184014558792
18723,2,0,0.10300473123788834
18724,2,0,0.099025197327137
18725,3,0,0.10839639604091644
18726,4,1,0.581541895866394
18727,2,0,0.1672779768705368
18728,2,0,0.18251933157444
18729,2,0,0.103802889585495
18730,4,0,0.1015506312251091
18731,4,0,0.1863768994808197
18732,1,0,0.36612260341644287
18733,3,0,0.1483384519815445
18734,3,0,0.10139469057321548
18735,4,0,0.10118815302848816
18736,5,1,0.23093625903129578
18737,3,0,0.07343451678752899
18738,2,1,0.32496553659439087
18739,4,0,0.029193444177508354
18740,4,0,0.06893569976091385
18741,3,0,0.09713239222764969
18742,2,0,0.07276548445224762
18743,3,0,0.09666727483272552
18744,5,0,0.09205545485019684
18745,1,0,0.12736737728118896
18746,1,1,0.49274036288261414
18747,2,0,0.026611875742673874
18748,4,0,0.17546427249908447
18749,4,1,0.6271216869354248
18750,5,1,0.3693375289440155
18751,1,0,0.19305063784122467
18752,4,0,0.12302593141794205
18753,1,0,0.053263504058122635
18754,3,1,0.16967818140983582
18755,3,0,0.10885702073574066
18756,5,0,0.08871948719024658
18757,1,0,0.10928121954202652
18758,5,0,0.05102584883570671
18759,4,0,0.14159777760505676
18760,5,0,0.2662714719772339
18761,4,0,0.17535574734210968
18762,1,1,0.2707141637802124
18763,1,1,0.38058486580848694
18764,4,0,0.11311931163072586
18765,2,0,0.10648378729820251
18766,3,1,0.467442125082016
18767,1,0,0.41417813301086426
18768,3,0,0.11691992729902267
18769,1,0,0.09355185180902481
18770,4,0,0.16484545171260834
18771,5,0,0.1652740091085434
18772,5,1,0.08382972329854965
18773,1,0,0.14327684044837952
18774,1,0,0.13242511451244354
18775,3,1,0.13752885162830353
18776,1,0,0.35588541626930237
18777,2,0,0.1492571383714676
18778,3,0,0.08853082358837128
18779,2,0,0.1082204058766365
18780,3,0,0.21259428560733795
18781,4,0,0.09505197405815125
18782,5,0,0.1404648721218109
18783,2,0,0.33467262983322144
18784,4,0,0.19895359873771667
18785,1,1,0.7221270799636841
18786,1,0,0.06939078867435455
18787,4,1,0.13842414319515228
18788,4,0,0.1284177601337433
18789,4,0,0.2864295244216919
18790,3,0,0.09656807035207748
18791,1,0,0.12171006202697754
18792,1,0,0.14448799192905426
18793,2,0,0.22122636437416077
18794,3,1,0.16146191954612732
18795,2,0,0.08363984525203705
18796,3,1,0.1501612514257431
18797,4,1,0.13352228701114655
18798,1,0,0.7340500950813293
18799,4,0,0.133555606007576
18800,5,0,0.17553670704364777
18801,4,1,0.12440364062786102
18802,3,1,0.1229640394449234
18803,2,0,0.13863646984100342
18804,5,0,0.03501226380467415
18805,5,0,0.378508061170578
18806,3,0,0.15398754179477692
18807,2,0,0.42901766300201416
18808,5,1,0.08530420064926147
18809,2,1,0.08421260863542557
18810,1,1,0.168050616979599
18811,2,0,0.16286543011665344
18812,1,1,0.15125204622745514
18813,5,0,0.1355077475309372
18814,4,1,0.31216734647750854
18815,3,0,0.12727707624435425
18816,3,1,0.7640724182128906
18817,3,0,0.5609262585639954
18818,4,1,0.6144149303436279
18819,1,1,0.32335174083709717
18820,1,0,0.13369423151016235
18821,1,0,0.08171314001083374
18822,4,0,0.09771491587162018
18823,3,0,0.16900314390659332
18824,1,0,0.4457620680332184
18825,5,0,0.18733838200569153
18826,1,1,0.5629139542579651
18827,5,0,0.14477422833442688
18828,2,0,0.08291476219892502
18829,4,1,0.6001087427139282
18830,5,1,0.5391289591789246
18831,5,0,0.1064019724726677
18832,5,0,0.1769496500492096
18833,1,0,0.0876193642616272
18834,3,0,0.49904438853263855
18835,5,0,0.07235753536224365
18836,4,0,0.07575669139623642
18837,3,1,0.3213033676147461
18838,3,1,0.11114276945590973
18839,1,0,0.21191410720348358
18840,5,0,0.047968458384275436
18841,5,0,0.39645707607269287
18842,3,1,0.7232771515846252
18843,2,0,0.17179256677627563
18844,4,0,0.08665338903665543
18845,4,0,0.1710723638534546
18846,4,1,0.13762354850769043
18847,3,1,0.1957828402519226
18848,4,0,0.21157942712306976
18849,5,0,0.08952280879020691
18850,4,0,0.04426998272538185
18851,4,0,0.11106052249670029
18852,2,0,0.07413176447153091
18853,5,0,0.1182163804769516
18854,5,0,0.09304019808769226
18855,4,0,0.15681639313697815
18856,1,1,0.395345002412796
18857,5,0,0.16136324405670166
18858,4,0,0.1255950927734375
18859,3,0,0.03352697193622589
18860,1,0,0.06530410051345825
18861,4,0,0.10327688604593277
18862,4,0,0.25623753666877747
18863,1,0,0.10188888758420944
18864,4,0,0.07541728764772415
18865,1,0,0.11025819927453995
18866,2,0,0.2079903781414032
18867,5,0,0.046687908470630646
18868,1,0,0.112204909324646
18869,4,0,0.05998626723885536
18870,4,0,0.11707746982574463
18871,4,0,0.16253986954689026
18872,4,0,0.10647934675216675
18873,2,1,0.12570741772651672
18874,5,0,0.06704986095428467
18875,5,0,0.0968724936246872
18876,2,0,0.18354596197605133
18877,3,0,0.10363133996725082
18878,2,0,0.11943578720092773
18879,2,0,0.1721220761537552
18880,1,1,0.3428376615047455
18881,3,0,0.09260720759630203
18882,5,0,0.7582265734672546
18883,2,0,0.08971577882766724
18884,4,0,0.14684519171714783
18885,3,0,0.16635774075984955
18886,2,0,0.09887796640396118
18887,4,0,0.12060478329658508
18888,3,1,0.1616448014974594
18889,5,0,0.1471196860074997
18890,5,0,0.23185698688030243
18891,5,0,0.09286785125732422
18892,4,0,0.34645673632621765
18893,4,0,0.1608223021030426
18894,4,0,0.08783546835184097
18895,2,1,0.08805309981107712
18896,2,1,0.2397260218858719
18897,4,0,0.2359016239643097
18898,1,0,0.52045738697052
18899,4,0,0.05547843128442764
18900,3,0,0.14785516262054443
18901,4,0,0.14663910865783691
18902,4,0,0.15648972988128662
18903,3,0,0.1695842146873474
18904,1,0,0.11250977218151093
18905,3,0,0.37994176149368286
18906,2,0,0.129959374666214
18907,5,0,0.13369666039943695
18908,5,0,0.11221588402986526
18909,5,0,0.12721700966358185
18910,5,0,0.07824698090553284
18911,3,0,0.13854093849658966
18912,2,1,0.5138499736785889
18913,4,0,0.05272253230214119
18914,2,0,0.10270864516496658
18915,1,0,0.06925344467163086
18916,2,0,0.1943368762731552
18917,2,0,0.09614413976669312
18918,5,0,0.10193397104740143
18919,2,0,0.14287157356739044
18920,2,0,0.09218935668468475
18921,3,0,0.03385380655527115
18922,5,0,0.05046399310231209
18923,3,0,0.09274684637784958
18924,1,1,0.7306528687477112
18925,4,0,0.09148558974266052
18926,2,0,0.2196510285139084
18927,3,0,0.09642350673675537
18928,3,1,0.2755281627178192
18929,4,0,0.40681546926498413
18930,1,1,0.7809679508209229
18931,1,0,0.08357914537191391
18932,2,0,0.19188593327999115
18933,5,0,0.13406339287757874
18934,1,1,0.5319492816925049
18935,4,0,0.2086561918258667
18936,2,0,0.22655019164085388
18937,3,0,0.24170957505702972
18938,3,0,0.30404114723205566
18939,5,0,0.09325914084911346
18940,5,1,0.10867688804864883
18941,4,0,0.09052665531635284
18942,3,0,0.11217382550239563
18943,5,1,0.5680800080299377
18944,3,0,0.7140723466873169
18945,2,0,0.3244784474372864
18946,2,0,0.4080899953842163
18947,1,0,0.20243816077709198
18948,2,1,0.7090398073196411
18949,1,0,0.7154020071029663
18950,2,0,0.11844037473201752
18951,1,0,0.0748308077454567
18952,4,1,0.3127494156360626
18953,5,0,0.5868422985076904
18954,1,0,0.16846045851707458
18955,1,0,0.1969171166419983
18956,2,0,0.11320124566555023
18957,2,0,0.061047859489917755
18958,2,0,0.15248434245586395
18959,2,0,0.13522720336914062
18960,2,1,0.6201609969139099
18961,3,0,0.40114423632621765
18962,3,0,0.16248171031475067
18963,1,0,0.20110248029232025
18964,1,0,0.13816551864147186
18965,3,1,0.6536282300949097
18966,1,0,0.06707396358251572
18967,1,0,0.09359040856361389
18968,3,0,0.15988896787166595
18969,3,0,0.09814697504043579
18970,1,0,0.07303743809461594
18971,2,0,0.15331599116325378
18972,1,0,0.08097776025533676
18973,3,0,0.22661322355270386
18974,5,0,0.15842114388942719
18975,2,0,0.06243188679218292
18976,2,0,0.19957122206687927
18977,5,0,0.05059557035565376
18978,4,0,0.0897814929485321
18979,2,1,0.7958669662475586
18980,3,1,0.22814324498176575
18981,4,1,0.10645359754562378
18982,2,0,0.2105819284915924
18983,4,1,0.6708996891975403
18984,4,0,0.2213774472475052
18985,3,0,0.315932959318161
18986,5,0,0.2603203058242798
18987,4,1,0.40667495131492615
18988,2,1,0.1726503223180771
18989,4,0,0.20484472811222076
18990,5,0,0.10215595364570618
18991,1,0,0.1998608261346817
18992,3,0,0.12732267379760742
18993,5,0,0.18139822781085968
18994,2,0,0.060964152216911316
18995,2,0,0.1243176981806755
18996,5,0,0.07584210485219955
18997,4,1,0.17807051539421082
18998,5,0,0.05547206476330757
18999,3,0,0.12385699152946472
19000,4,0,0.22439664602279663
19001,3,0,0.20906566083431244
19002,1,0,0.0478932224214077
19003,2,0,0.35508161783218384
19004,1,0,0.05124808847904205
19005,5,1,0.47524508833885193
19006,2,1,0.6915870308876038
19007,1,1,0.1972949355840683
19008,2,0,0.26931577920913696
19009,5,0,0.1611730456352234
19010,2,0,0.08515209704637527
19011,1,0,0.3062661588191986
19012,1,0,0.3493567705154419
19013,4,1,0.6928679943084717
19014,3,0,0.06809159368276596
19015,4,0,0.07290849089622498
19016,5,0,0.02459588274359703
19017,2,1,0.3142260015010834
19018,1,0,0.2456761747598648
19019,4,0,0.06964389234781265
19020,1,0,0.12412470579147339
19021,2,1,0.21660205721855164
19022,1,0,0.061903391033411026
19023,4,0,0.0673537328839302
19024,2,0,0.08828546851873398
19025,1,0,0.07568245381116867
19026,1,0,0.11605993658304214
19027,4,1,0.26041993498802185
19028,3,0,0.2043246328830719
19029,5,0,0.09527455270290375
19030,5,1,0.07538961619138718
19031,3,1,0.10478571802377701
19032,5,1,0.14151039719581604
19033,3,0,0.06654465943574905
19034,1,0,0.1658610850572586
19035,2,0,0.06360775232315063
19036,2,0,0.06417757272720337
19037,2,0,0.17952261865139008
19038,1,0,0.061721786856651306
19039,4,1,0.3040720522403717
19040,4,0,0.13701878488063812
19041,2,0,0.16736288368701935
19042,4,1,0.1987438052892685
19043,4,0,0.29881802201271057
19044,5,0,0.1168341264128685
19045,5,0,0.03408891707658768
19046,2,0,0.062968909740448
19047,1,0,0.6835523843765259
19048,3,0,0.16525864601135254
19049,3,0,0.0406949445605278
19050,2,0,0.10766423493623734
19051,1,0,0.2514002025127411
19052,5,0,0.22654742002487183
19053,1,0,0.08777524530887604
19054,5,0,0.20974288880825043
19055,2,0,0.1657271385192871
19056,3,0,0.14685247838497162
19057,2,0,0.0337771400809288
19058,3,0,0.16134557127952576
19059,1,0,0.1920453906059265
19060,1,0,0.13764390349388123
19061,1,0,0.06976918876171112
19062,5,0,0.055994898080825806
19063,3,0,0.6217551231384277
19064,2,0,0.038657981902360916
19065,5,0,0.06684274971485138
19066,2,0,0.29221466183662415
19067,3,1,0.5527766346931458
19068,2,1,0.15688778460025787
19069,2,0,0.0876874253153801
19070,1,0,0.18989770114421844
19071,5,0,0.11976154148578644
19072,1,0,0.1362386792898178
19073,3,1,0.6397562623023987
19074,1,0,0.20259502530097961
19075,5,1,0.3574758768081665
19076,3,0,0.1915244609117508
19077,3,0,0.06403787434101105
19078,5,0,0.04077434912323952
19079,1,0,0.2818291485309601
19080,1,0,0.13916778564453125
19081,1,0,0.05853120610117912
19082,3,0,0.04014980047941208
19083,1,1,0.6229909658432007
19084,1,0,0.09504052251577377
19085,2,0,0.1622888445854187
19086,5,0,0.08839216828346252
19087,5,1,0.52135169506073
19088,2,1,0.14394527673721313
19089,2,0,0.3253220021724701
19090,5,0,0.17891450226306915
19091,3,1,0.5925080180168152
19092,5,0,0.058244455605745316
19093,1,0,0.07640939950942993
19094,4,0,0.12953081727027893
19095,1,0,0.0698903352022171
19096,1,0,0.07044734805822372
19097,4,0,0.12037342041730881
19098,1,0,0.2188495397567749
19099,1,0,0.10843130201101303
19100,1,0,0.16507701575756073
19101,4,0,0.1307694911956787
19102,5,0,0.14589181542396545
19103,3,1,0.12589707970619202
19104,3,0,0.16273629665374756
19105,5,0,0.7100570797920227
19106,2,0,0.1513206958770752
19107,1,0,0.308037668466568
19108,4,0,0.12060175091028214
19109,2,0,0.0894022062420845
19110,2,0,0.04490535706281662
19111,2,0,0.12023649364709854
19112,2,0,0.5862021446228027
19113,5,0,0.15630300343036652
19114,4,0,0.10787675529718399
19115,3,0,0.07629486173391342
19116,3,1,0.3015879690647125
19117,1,0,0.10784333199262619
19118,4,0,0.10637055337429047
19119,1,0,0.11606524139642715
19120,3,1,0.09308706969022751
19121,3,0,0.0935308188199997
19122,2,0,0.2314925342798233
19123,4,0,0.13821876049041748
19124,5,0,0.08729153871536255
19125,3,0,0.2807394564151764
19126,5,1,0.4698339104652405
19127,3,1,0.8296099901199341
19128,5,1,0.17589852213859558
19129,3,0,0.15705522894859314
19130,2,0,0.06709182262420654
19131,1,0,0.07161015272140503
19132,4,0,0.1516570746898651
19133,2,0,0.0413784496486187
19134,2,0,0.1473831981420517
19135,1,1,0.2563917636871338
19136,4,1,0.8292864561080933
19137,4,0,0.12499198317527771
19138,1,1,0.6080041527748108
19139,1,0,0.29791945219039917
19140,3,0,0.1557440459728241
19141,5,0,0.09406755864620209
19142,5,0,0.158939927816391
19143,1,1,0.0998537689447403
19144,1,0,0.1118118017911911
19145,1,0,0.15382002294063568
19146,5,0,0.06088415905833244
19147,5,0,0.19079923629760742
19148,4,0,0.09805043041706085
19149,4,0,0.14045846462249756
19150,2,0,0.1467197686433792
19151,4,0,0.26908597350120544
19152,5,0,0.09807746857404709
19153,3,0,0.13249297440052032
19154,4,0,0.19289831817150116
19155,1,1,0.3140658438205719
19156,1,1,0.2924444377422333
19157,5,0,0.18022936582565308
19158,3,0,0.04678109288215637
19159,1,0,0.31102654337882996
19160,5,0,0.15335850417613983
19161,3,0,0.1400696039199829
19162,5,0,0.17489401996135712
19163,2,0,0.10527539253234863
19164,3,0,0.5822800993919373
19165,2,1,0.24904745817184448
19166,4,0,0.45144400000572205
19167,4,0,0.14858797192573547
19168,2,1,0.10393210500478745
19169,2,0,0.18735483288764954
19170,3,1,0.6737112402915955
19171,4,0,0.030968688428401947
19172,5,0,0.07954088598489761
19173,4,1,0.7744700312614441
19174,1,1,0.7034507393836975
19175,1,0,0.8401756882667542
19176,2,0,0.5075393915176392
19177,2,0,0.3747568130493164
19178,1,0,0.12598422169685364
19179,4,0,0.5857400894165039
19180,3,0,0.22542086243629456
19181,2,0,0.11726531386375427
19182,4,0,0.14584411680698395
19183,1,0,0.10336952656507492
19184,3,1,0.07203803956508636
19185,4,0,0.049409691244363785
19186,3,1,0.14638353884220123
19187,3,0,0.3560175597667694
19188,5,1,0.8252809047698975
19189,1,0,0.1336144357919693
19190,4,1,0.15806517004966736
19191,5,0,0.0821336880326271
19192,2,0,0.11290372908115387
19193,3,0,0.11811050772666931
19194,3,1,0.12572096288204193
19195,1,0,0.15055903792381287
19196,3,0,0.07481090724468231
19197,4,0,0.04942048713564873
19198,4,0,0.07529856264591217
19199,5,0,0.18414025008678436
19200,1,0,0.28973156213760376
19201,4,0,0.0445522703230381
19202,4,0,0.12298516929149628
19203,3,0,0.28688496351242065
19204,2,0,0.084145687520504
19205,2,1,0.5338492393493652
19206,5,0,0.07954473793506622
19207,2,0,0.14372333884239197
19208,3,0,0.1129208505153656
19209,2,0,0.425540953874588
19210,2,0,0.08992474526166916
19211,4,0,0.18562418222427368
19212,1,1,0.4435141980648041
19213,1,0,0.12811173498630524
19214,4,0,0.1737871915102005
19215,4,0,0.18244485557079315
19216,2,0,0.09226062893867493
19217,3,0,0.16348065435886383
19218,5,0,0.08190686255693436
19219,5,0,0.22641004621982574
19220,2,1,0.716227114200592
19221,1,0,0.27396830916404724
19222,5,0,0.328766405582428
19223,1,1,0.5140638947486877
19224,3,1,0.09986633062362671
19225,4,0,0.055519264191389084
19226,3,0,0.0787746012210846
19227,2,0,0.12313886731863022
19228,3,1,0.6578438878059387
19229,1,0,0.043637022376060486
19230,2,0,0.05553404241800308
19231,5,1,0.5859535932540894
19232,3,0,0.0712120309472084
19233,2,0,0.1118338480591774
19234,3,0,0.3919183611869812
19235,5,0,0.20564021170139313
19236,1,0,0.11382900923490524
19237,4,1,0.08582307398319244
19238,5,0,0.37757018208503723
19239,1,0,0.11767929792404175
19240,5,1,0.39452481269836426
19241,2,0,0.6383591294288635
19242,2,0,0.15624487400054932
19243,1,0,0.06533322483301163
19244,5,0,0.14056846499443054
19245,3,0,0.6221699118614197
19246,5,0,0.1109759733080864
19247,1,0,0.23276622593402863
19248,5,1,0.7972657084465027
19249,5,0,0.18460950255393982
19250,1,0,0.24726277589797974
19251,5,0,0.3163645267486572
19252,5,0,0.07666043937206268
19253,5,0,0.7233920097351074
19254,4,0,0.2753511071205139
19255,5,0,0.12612217664718628
19256,1,1,0.19978757202625275
19257,5,1,0.21682612597942352
19258,4,1,0.14403291046619415
19259,4,0,0.1796698272228241
19260,5,0,0.20414967834949493
19261,4,1,0.4440584182739258
19262,1,1,0.17054970562458038
19263,4,0,0.09680403769016266
19264,4,0,0.07984911650419235
19265,3,0,0.6668334007263184
19266,1,1,0.13679225742816925
19267,5,0,0.09037163853645325
19268,4,0,0.11084245890378952
19269,5,0,0.04567716643214226
19270,5,0,0.13177098333835602
19271,1,0,0.1879076510667801
19272,4,0,0.08872133493423462
19273,2,0,0.13953930139541626
19274,4,0,0.1779153198003769
19275,4,0,0.14625820517539978
19276,3,0,0.06937802582979202
19277,1,1,0.08941056579351425
19278,5,1,0.542670726776123
19279,2,1,0.5878772735595703
19280,5,0,0.17252415418624878
19281,5,0,0.5108935832977295
19282,4,0,0.09156054258346558
19283,4,0,0.15093854069709778
19284,4,1,0.767750084400177
19285,1,1,0.3359955847263336
19286,1,1,0.6724084615707397
19287,3,0,0.09067293256521225
19288,2,0,0.16998496651649475
19289,4,0,0.03568273410201073
19290,2,0,0.057239774614572525
19291,1,0,0.22468645870685577
19292,3,0,0.11750254034996033
19293,1,1,0.20316177606582642
19294,1,0,0.4626806378364563
19295,3,0,0.12068114429712296
19296,3,0,0.27415135502815247
19297,3,0,0.1457938849925995
19298,5,0,0.20258522033691406
19299,3,1,0.714654803276062
19300,2,0,0.12518060207366943
19301,4,0,0.19676423072814941
19302,3,0,0.18658587336540222
19303,4,0,0.15583088994026184
19304,2,0,0.09594500809907913
19305,4,0,0.17935000360012054
19306,5,0,0.04406357929110527
19307,1,1,0.17345944046974182
19308,5,0,0.049887143075466156
19309,4,0,0.06290245801210403
19310,5,0,0.08372959494590759
19311,1,0,0.10441470146179199
19312,1,1,0.5253230333328247
19313,3,0,0.11693815141916275
19314,4,0,0.0716770589351654
19315,3,0,0.10280994325876236
19316,3,0,0.11929544061422348
19317,2,0,0.11826881021261215
19318,5,0,0.11340247839689255
19319,5,0,0.37658625841140747
19320,1,0,0.19387134909629822
19321,5,1,0.11225887387990952
19322,4,0,0.1353418380022049
19323,2,0,0.1521843820810318
19324,4,0,0.1262574940919876
19325,5,0,0.07457643747329712
19326,5,0,0.39988216757774353
19327,3,0,0.1109161302447319
19328,5,0,0.10542859137058258
19329,3,0,0.17376451194286346
19330,1,1,0.06328974664211273
19331,2,0,0.05354118347167969
19332,3,0,0.2362843006849289
19333,1,0,0.13750740885734558
19334,4,0,0.12829214334487915
19335,5,0,0.10630079358816147
19336,3,1,0.09458906948566437
19337,3,0,0.20312049984931946
19338,2,0,0.15971830487251282
19339,5,1,0.1580854207277298
19340,4,0,0.050245992839336395
19341,3,1,0.7125824093818665
19342,5,1,0.509733259677887
19343,1,1,0.1345902979373932
19344,5,1,0.8110188245773315
19345,5,0,0.05640264227986336
19346,2,1,0.7893438935279846
19347,5,0,0.17711642384529114
19348,4,0,0.12556259334087372
19349,4,0,0.16038744151592255
19350,3,0,0.10393735021352768
19351,5,1,0.09046620875597
19352,4,1,0.7308890223503113
19353,2,1,0.297745019197464
19354,4,0,0.1310739368200302
19355,1,0,0.12986767292022705
19356,1,0,0.20536261796951294
19357,4,0,0.32500800490379333
19358,1,0,0.18345056474208832
19359,5,0,0.06543000787496567
19360,1,0,0.322877436876297
19361,5,0,0.10254379361867905
19362,4,1,0.120431087911129
19363,3,1,0.24116593599319458
19364,2,0,0.6746965646743774
19365,3,0,0.5079310536384583
19366,5,0,0.045959338545799255
19367,2,0,0.31010469794273376
19368,1,0,0.08108485490083694
19369,2,0,0.27836474776268005
19370,2,1,0.05076640844345093
19371,4,1,0.18192824721336365
19372,1,0,0.47763532400131226
19373,4,1,0.16339445114135742
19374,5,1,0.12842287123203278
19375,5,1,0.7816781997680664
19376,5,1,0.3420906662940979
19377,4,0,0.039493072777986526
19378,5,1,0.7778853178024292
19379,3,1,0.36118367314338684
19380,1,0,0.06266617774963379
19381,3,0,0.08790349960327148
19382,4,1,0.6815989017486572
19383,5,0,0.32674747705459595
19384,1,0,0.08383305370807648
19385,1,0,0.16019488871097565
19386,5,0,0.07212788611650467
19387,1,1,0.1305036097764969
19388,4,0,0.04842269793152809
19389,2,0,0.10988996922969818
19390,2,0,0.2316843420267105
19391,3,0,0.09192368388175964
19392,5,0,0.024992186576128006
19393,2,0,0.330221951007843
19394,1,0,0.33815184235572815
19395,4,0,0.07590620964765549
19396,2,0,0.0698734000325203
19397,2,1,0.6357063055038452
19398,3,0,0.10092666000127792
19399,1,0,0.10670070350170135
19400,5,0,0.3007649779319763
19401,1,1,0.1512024998664856
19402,3,0,0.1698140949010849
19403,2,1,0.3634633719921112
19404,2,0,0.1900038719177246
19405,1,0,0.41061100363731384
19406,4,0,0.04506383091211319
19407,1,0,0.0832127183675766
19408,1,0,0.15107595920562744
19409,2,0,0.12477605044841766
19410,3,0,0.14918357133865356
19411,2,0,0.13653068244457245
19412,3,0,0.09104268997907639
19413,4,1,0.09821461886167526
19414,3,0,0.09760161489248276
19415,3,0,0.10109949856996536
19416,2,0,0.07337053120136261
19417,5,0,0.13211318850517273
19418,3,0,0.06988795101642609
19419,1,1,0.08997655659914017
19420,1,0,0.5919620394706726
19421,1,0,0.040621303021907806
19422,1,1,0.11859114468097687
19423,1,1,0.07959913462400436
19424,2,0,0.1496318131685257
19425,4,1,0.1378115564584732
19426,5,0,0.5069097876548767
19427,1,0,0.14172235131263733
19428,5,0,0.10017938911914825
19429,3,0,0.31303858757019043
19430,5,1,0.1604689359664917
19431,3,1,0.13856561481952667
19432,3,0,0.558282196521759
19433,1,0,0.4695025086402893
19434,2,1,0.40308618545532227
19435,5,0,0.05689852684736252
19436,5,1,0.20877757668495178
19437,1,0,0.09452439844608307
19438,4,1,0.397167831659317
19439,5,0,0.15094880759716034
19440,5,0,0.12693673372268677
19441,1,0,0.31213098764419556
19442,3,1,0.5895028114318848
19443,2,0,0.0822407528758049
19444,1,1,0.17279662191867828
19445,3,1,0.14254230260849
19446,4,1,0.21053853631019592
19447,1,0,0.189654141664505
19448,3,1,0.23767007887363434
19449,4,0,0.17342892289161682
19450,4,0,0.055049214512109756
19451,5,1,0.7122148871421814
19452,3,0,0.14122290909290314
19453,5,0,0.06949254870414734
19454,2,0,0.04725680872797966
19455,3,0,0.13431580364704132
19456,4,0,0.051024578511714935
19457,1,0,0.8109350204467773
19458,4,0,0.048959821462631226
19459,4,0,0.1339268982410431
19460,2,0,0.19900234043598175
19461,3,0,0.10859014838933945
19462,2,0,0.0997053012251854
19463,5,0,0.09139271080493927
19464,4,0,0.1350872963666916
19465,3,0,0.09021914005279541
19466,3,1,0.4483998119831085
19467,2,1,0.3469635844230652
19468,1,0,0.16072751581668854
19469,3,0,0.208253875374794
19470,3,0,0.33955398201942444
19471,1,0,0.08623182773590088
19472,1,0,0.14766962826251984
19473,5,0,0.03766569867730141
19474,2,0,0.11301714181900024
19475,4,1,0.5917657613754272
19476,5,0,0.07123434543609619
19477,2,0,0.1621096134185791
19478,1,0,0.14060819149017334
19479,5,0,0.09400143474340439
19480,2,1,0.6435127854347229
19481,4,0,0.10477213561534882
19482,4,0,0.25156542658805847
19483,1,0,0.18959267437458038
19484,4,0,0.1936248242855072
19485,4,0,0.15820860862731934
19486,1,0,0.03243404999375343
19487,2,1,0.252716600894928
19488,5,0,0.09277284890413284
19489,5,0,0.12391079217195511
19490,5,0,0.3786477744579315
19491,3,0,0.037802282720804214
19492,4,0,0.24289938807487488
19493,5,0,0.09551563858985901
19494,3,0,0.16426099836826324
19495,5,0,0.08589285612106323
19496,3,0,0.07805673778057098
19497,5,0,0.04622814431786537
19498,5,0,0.11756189167499542
19499,3,1,0.10280343145132065
19500,5,0,0.14788992702960968
19501,5,0,0.15680168569087982
19502,4,0,0.2216852903366089
19503,3,0,0.1993793100118637
19504,5,0,0.2338685393333435
19505,2,0,0.12083987146615982
19506,2,0,0.12329501658678055
19507,3,0,0.08040101826190948
19508,3,0,0.07048922032117844
19509,4,0,0.10754133760929108
19510,1,0,0.16262924671173096
19511,5,0,0.0862453356385231
19512,3,0,0.07270770519971848
19513,4,1,0.8497072458267212
19514,3,0,0.10090730339288712
19515,4,0,0.16311705112457275
19516,5,1,0.20622703433036804
19517,4,1,0.5638904571533203
19518,5,1,0.3078465163707733
19519,4,0,0.09821204096078873
19520,5,0,0.04292597994208336
19521,3,0,0.05798720568418503
19522,5,1,0.45471835136413574
19523,4,0,0.07985679060220718
19524,4,0,0.21567822992801666
19525,2,0,0.13258905708789825
19526,3,0,0.23738573491573334
19527,4,0,0.19332563877105713
19528,3,0,0.12362134456634521
19529,4,1,0.08257397264242172
19530,2,0,0.41770702600479126
19531,5,0,0.06248656287789345
19532,3,0,0.14675840735435486
19533,4,1,0.765733003616333
19534,1,1,0.6587615013122559
19535,4,0,0.19217926263809204
19536,3,0,0.22089193761348724
19537,4,0,0.07646216452121735
19538,1,0,0.1404060274362564
19539,4,0,0.16791367530822754
19540,2,1,0.28728389739990234
19541,5,0,0.4489952027797699
19542,1,0,0.102705217897892
19543,2,1,0.6800708174705505
19544,2,0,0.0415375642478466
19545,2,0,0.4784950613975525
19546,4,0,0.13067694008350372
19547,1,0,0.5306356549263
19548,4,0,0.13350321352481842
19549,5,0,0.21034839749336243
19550,5,0,0.17030221223831177
19551,3,1,0.7281813621520996
19552,5,0,0.09282756596803665
19553,2,0,0.07581464946269989
19554,2,0,0.1566132754087448
19555,1,0,0.40837571024894714
19556,5,0,0.08566698431968689
19557,3,0,0.07513432204723358
19558,3,0,0.06909880042076111
19559,2,1,0.6926562190055847
19560,4,0,0.06086380407214165
19561,5,0,0.13248874247074127
19562,5,1,0.48691993951797485
19563,2,0,0.08623181283473969
19564,1,0,0.21087191998958588
19565,1,0,0.14871670305728912
19566,4,0,0.03271880000829697
19567,1,1,0.42724958062171936
19568,1,1,0.7679722309112549
19569,4,0,0.13569243252277374
19570,5,0,0.8013650178909302
19571,1,1,0.41352900862693787
19572,2,1,0.538594663143158
19573,3,0,0.8106719255447388
19574,3,0,0.13847988843917847
19575,5,1,0.3331787884235382
19576,1,1,0.16782964766025543
19577,5,1,0.161317840218544
19578,1,0,0.08158308267593384
19579,2,0,0.031242938712239265
19580,1,0,0.10184469819068909
19581,4,0,0.030416416004300117
19582,4,0,0.04356953129172325
19583,2,0,0.07214860618114471
19584,1,1,0.19497884809970856
19585,3,0,0.370531290769577
19586,1,1,0.626501202583313
19587,3,0,0.09157242625951767
19588,3,0,0.17258664965629578
19589,3,0,0.11839119344949722
19590,1,0,0.14584952592849731
19591,1,1,0.5341259241104126
19592,2,0,0.09574274718761444
19593,4,0,0.08411788940429688
19594,3,0,0.08566439896821976
19595,5,0,0.32396161556243896
19596,2,1,0.280879944562912
19597,3,0,0.0908566564321518
19598,3,0,0.10206412523984909
19599,3,0,0.08447584509849548
19600,2,1,0.18090835213661194
19601,1,0,0.1529620885848999
19602,4,0,0.07970336824655533
19603,2,0,0.11069679260253906
19604,5,1,0.8219870328903198
19605,1,0,0.2265601009130478
19606,5,1,0.18942220509052277
19607,3,0,0.4822848439216614
19608,4,1,0.30683523416519165
19609,1,0,0.21655230224132538
19610,1,0,0.09608717262744904
19611,2,0,0.17911332845687866
19612,1,1,0.4391777515411377
19613,2,0,0.12468928098678589
19614,4,0,0.03245094045996666
19615,4,0,0.10005174577236176
19616,2,1,0.7496030330657959
19617,2,0,0.12655247747898102
19618,2,0,0.07889732718467712
19619,3,0,0.2010326385498047
19620,2,0,0.1883401721715927
19621,5,0,0.15416733920574188
19622,3,1,0.5261093974113464
19623,4,0,0.04045084863901138
19624,4,0,0.06599152833223343
19625,1,0,0.2512499690055847
19626,5,0,0.29239514470100403
19627,3,0,0.5447196960449219
19628,4,0,0.03640420362353325
19629,3,0,0.08921618014574051
19630,4,0,0.08696357160806656
19631,2,0,0.10581011325120926
19632,3,0,0.10971317440271378
19633,3,1,0.5753142833709717
19634,1,0,0.15662004053592682
19635,2,1,0.20755422115325928
19636,2,1,0.7976032495498657
19637,1,0,0.24990633130073547
19638,2,0,0.13540442287921906
19639,4,0,0.14533422887325287
19640,4,0,0.08579761534929276
19641,4,1,0.07484030723571777
19642,4,0,0.09419015049934387
19643,3,0,0.08646167814731598
19644,3,0,0.0811389908194542
19645,3,0,0.062180306762456894
19646,4,0,0.058744508773088455
19647,1,0,0.08559512346982956
19648,3,1,0.37567758560180664
19649,3,0,0.16718286275863647
19650,5,0,0.14621926844120026
19651,5,0,0.07879677414894104
19652,3,0,0.14934326708316803
19653,5,1,0.2448074072599411
19654,3,0,0.05401637777686119
19655,2,0,0.06611562520265579
19656,2,0,0.13944979012012482
19657,2,1,0.2015521228313446
19658,1,1,0.3055625557899475
19659,4,1,0.8578565716743469
19660,1,0,0.671668291091919
19661,4,1,0.3391839563846588
19662,1,0,0.10423308610916138
19663,4,0,0.06367526203393936
19664,2,0,0.2161898910999298
19665,5,0,0.3342835605144501
19666,1,0,0.16919927299022675
19667,5,0,0.04092027246952057
19668,4,0,0.06988320499658585
19669,3,0,0.13078582286834717
19670,1,1,0.12083715200424194
19671,4,1,0.2667611837387085
19672,4,0,0.16574935615062714
19673,2,1,0.6314932107925415
19674,3,0,0.740655779838562
19675,4,0,0.09225135296583176
19676,4,0,0.09089988470077515
19677,4,1,0.1047072634100914
19678,4,0,0.09416057169437408
19679,4,0,0.08519058674573898
19680,4,0,0.14893051981925964
19681,5,0,0.11607717722654343
19682,4,0,0.07530046999454498
19683,4,0,0.8194956183433533
19684,5,0,0.3448975086212158
19685,5,0,0.1640167236328125
19686,1,0,0.06160739064216614
19687,2,0,0.1534087061882019
19688,4,1,0.24565473198890686
19689,2,0,0.14895255863666534
19690,2,1,0.130915567278862
19691,5,0,0.11477287113666534
19692,2,0,0.11117465794086456
19693,1,0,0.12002304196357727
19694,1,0,0.17943401634693146
19695,2,0,0.6287868618965149
19696,2,0,0.04443512484431267
19697,4,0,0.06834981590509415
19698,1,0,0.179939866065979
19699,2,1,0.7539545297622681
19700,1,1,0.4075626730918884
19701,4,0,0.2604282796382904
19702,2,0,0.060259927064180374
19703,5,0,0.22778746485710144
19704,4,0,0.2530207633972168
19705,1,1,0.24546001851558685
19706,1,0,0.086985744535923
19707,1,0,0.14582495391368866
19708,2,0,0.3412441909313202
19709,2,0,0.2659823000431061
19710,3,0,0.07461512833833694
19711,4,0,0.7217018008232117
19712,5,0,0.14445944130420685
19713,4,0,0.24417807161808014
19714,2,0,0.09673366695642471
19715,5,1,0.3498057723045349
19716,3,1,0.7812783718109131
19717,4,0,0.2714959383010864
19718,3,1,0.8231716156005859
19719,4,0,0.16374558210372925
19720,3,0,0.15652765333652496
19721,1,0,0.12058369070291519
19722,1,0,0.12122701853513718
19723,2,0,0.09883498400449753
19724,4,0,0.07107456773519516
19725,4,0,0.1361280083656311
19726,2,0,0.18154245615005493
19727,5,0,0.1117749959230423
19728,1,0,0.11049622297286987
19729,4,0,0.075970858335495
19730,2,1,0.13956083357334137
19731,3,0,0.04636050760746002
19732,5,0,0.09056288748979568
19733,4,0,0.07692168653011322
19734,5,0,0.0706847533583641
19735,1,0,0.11695458739995956
19736,2,0,0.09286896884441376
19737,3,1,0.04830285161733627
19738,2,0,0.37422075867652893
19739,4,0,0.1583295613527298
19740,3,0,0.4493567943572998
19741,5,0,0.18874706327915192
19742,1,1,0.23442131280899048
19743,4,1,0.6727168560028076
19744,5,0,0.060444723814725876
19745,1,0,0.03854971006512642
19746,3,0,0.1321100890636444
19747,4,0,0.1303965449333191
19748,3,1,0.5121497511863708
19749,2,1,0.0984412208199501
19750,1,1,0.7193333506584167
19751,2,1,0.07855331897735596
19752,4,0,0.0674363449215889
19753,4,0,0.20799919962882996
19754,3,0,0.06904534995555878
19755,2,0,0.04251597076654434
19756,1,0,0.13890030980110168
19757,5,0,0.17338262498378754
19758,5,0,0.22044505178928375
19759,2,1,0.054100342094898224
19760,1,0,0.07561834901571274
19761,1,0,0.17384515702724457
19762,3,0,0.20526082813739777
19763,3,0,0.16119128465652466
19764,1,0,0.08965986967086792
19765,5,0,0.08099924772977829
19766,2,0,0.3363665044307709
19767,2,1,0.4332859218120575
19768,5,0,0.0717725083231926
19769,3,0,0.1856994777917862
19770,2,0,0.31173524260520935
19771,1,0,0.12135810405015945
19772,2,1,0.15835575759410858
19773,4,1,0.36146968603134155
19774,4,1,0.08128929138183594
19775,5,0,0.13535375893115997
19776,5,0,0.07211935520172119
19777,4,0,0.1286940723657608
19778,4,1,0.8691198229789734
19779,4,0,0.04573477804660797
19780,4,0,0.08947008103132248
19781,2,1,0.1383265107870102
19782,1,0,0.09854884445667267
19783,3,0,0.14032568037509918
19784,4,0,0.08960461616516113
19785,3,1,0.6715458631515503
19786,2,0,0.1330145001411438
19787,1,0,0.11863663047552109
19788,3,0,0.20279726386070251
19789,2,0,0.1571035236120224
19790,1,1,0.4359663426876068
19791,5,0,0.31448283791542053
19792,5,0,0.6947212815284729
19793,4,1,0.31433379650115967
19794,1,0,0.028684882447123528
19795,5,1,0.08078134059906006
19796,4,0,0.09655679762363434
19797,5,0,0.07310941070318222
19798,4,0,0.053309760987758636
19799,4,0,0.20791569352149963
19800,2,1,0.15099017322063446
19801,4,1,0.15161795914173126
19802,4,1,0.18928052484989166
19803,3,0,0.17876800894737244
19804,2,0,0.14757603406906128
19805,1,1,0.715213418006897
19806,3,1,0.17460677027702332
19807,4,1,0.8218837380409241
19808,1,0,0.12764254212379456
19809,5,0,0.14819608628749847
19810,3,1,0.4794211983680725
19811,4,0,0.08781484514474869
19812,3,1,0.15923452377319336
19813,5,0,0.1741958111524582
19814,1,0,0.05875196307897568
19815,5,0,0.08372820168733597
19816,5,0,0.06416315585374832
19817,4,1,0.17304344475269318
19818,4,0,0.6809293031692505
19819,2,0,0.04804784804582596
19820,4,0,0.23008504509925842
19821,4,0,0.08734478056430817
19822,2,0,0.6597559452056885
19823,3,1,0.2046891748905182
19824,3,0,0.06968162953853607
19825,1,0,0.40056025981903076
19826,2,1,0.11938585340976715
19827,1,1,0.6296136975288391
19828,2,0,0.06157761439681053
19829,3,0,0.6169062852859497
19830,1,0,0.3622286021709442
19831,5,1,0.14183643460273743
19832,3,0,0.25959518551826477
19833,3,0,0.10278929769992828
19834,3,0,0.2715161144733429
19835,5,0,0.07954655587673187
19836,1,0,0.08505938202142715
19837,1,0,0.04060905799269676
19838,1,1,0.15084725618362427
19839,5,0,0.18323758244514465
19840,2,0,0.14267081022262573
19841,4,0,0.04393841698765755
19842,2,1,0.7034112215042114
19843,1,0,0.18518102169036865
19844,2,0,0.1483735740184784
19845,4,0,0.6005333065986633
19846,3,1,0.6960986852645874
19847,2,1,0.24306116998195648
19848,5,0,0.20810054242610931
19849,3,0,0.253336101770401
19850,4,0,0.1566740870475769
19851,3,0,0.2968907356262207
19852,3,0,0.12099792808294296
19853,1,0,0.10869607329368591
19854,5,0,0.0551520437002182
19855,4,1,0.206089049577713
19856,2,0,0.05784064158797264
19857,2,0,0.10468455404043198
19858,3,0,0.0862521231174469
19859,2,0,0.13883714377880096
19860,2,0,0.04212186485528946
19861,3,0,0.16148370504379272
19862,1,1,0.18410265445709229
19863,2,0,0.31656965613365173
19864,3,0,0.12897789478302002
19865,2,0,0.31688085198402405
19866,3,1,0.19784055650234222
19867,1,0,0.08350774645805359
19868,5,0,0.034155525267124176
19869,2,1,0.7875838279724121
19870,5,1,0.3218977749347687
19871,1,0,0.4245074987411499
19872,2,0,0.04601525142788887
19873,3,0,0.16572441160678864
19874,1,0,0.15670572221279144
19875,5,0,0.15174326300621033
19876,5,0,0.1256500780582428
19877,2,0,0.14414334297180176
19878,1,0,0.7335315346717834
19879,1,1,0.42198675870895386
19880,4,0,0.06925825774669647
19881,4,1,0.5575974583625793
19882,3,0,0.09964966773986816
19883,5,0,0.14796845614910126
19884,2,1,0.10648655891418457
19885,4,0,0.6011715531349182
19886,5,1,0.1469418853521347
19887,2,0,0.1677948385477066
19888,2,0,0.1689324826002121
19889,4,0,0.08615091443061829
19890,2,0,0.2667345404624939
19891,3,0,0.09444967657327652
19892,2,0,0.14934946596622467
19893,4,0,0.09334857016801834
19894,1,1,0.22738610208034515
19895,4,0,0.05710368603467941
19896,2,0,0.5658896565437317
19897,1,0,0.8044862151145935
19898,3,0,0.045140400528907776
19899,1,0,0.18733088672161102
19900,3,0,0.0869484692811966
19901,4,0,0.04474343731999397
19902,4,1,0.7804644107818604
19903,5,0,0.14801308512687683
19904,1,0,0.11124467104673386
19905,4,1,0.08112331479787827
19906,1,1,0.7734305262565613
19907,4,0,0.1329137235879898
19908,2,0,0.0875764936208725
19909,5,1,0.6626783609390259
19910,4,0,0.32751524448394775
19911,5,1,0.13956056535243988
19912,2,0,0.04886071756482124
19913,4,0,0.09689179062843323
19914,2,0,0.07548891007900238
19915,5,0,0.07483482360839844
19916,4,0,0.45090675354003906
19917,5,1,0.39024531841278076
19918,3,0,0.18515408039093018
19919,5,0,0.234055757522583
19920,2,1,0.8903837203979492
19921,5,0,0.06943771243095398
19922,1,0,0.7115745544433594
19923,2,0,0.042401961982250214
19924,5,0,0.15315286815166473
19925,5,0,0.3051796555519104
19926,4,0,0.18919257819652557
19927,5,0,0.11157487332820892
19928,2,0,0.1688169687986374
19929,3,0,0.13117064535617828
19930,5,0,0.21548941731452942
19931,1,0,0.0770173892378807
19932,3,0,0.07905924320220947
19933,5,0,0.0426870621740818
19934,3,1,0.020074715837836266
19935,5,1,0.41869258880615234
19936,3,0,0.3751295506954193
19937,2,1,0.3132638931274414
19938,5,0,0.3971807360649109
19939,5,1,0.7344204783439636
19940,4,0,0.08878132700920105
19941,5,1,0.15753723680973053
19942,2,0,0.216179758310318
19943,2,0,0.20541463792324066
19944,1,1,0.25483500957489014
19945,2,0,0.08989253640174866
19946,4,0,0.39904898405075073
19947,5,0,0.042342424392700195
19948,2,0,0.341617226600647
19949,1,0,0.04474269598722458
19950,2,0,0.16484522819519043
19951,3,0,0.07547742873430252
19952,3,0,0.10757550597190857
19953,5,0,0.13025307655334473
19954,3,1,0.5310239195823669
19955,1,1,0.18785421550273895
19956,5,0,0.7367246150970459
19957,3,0,0.33688879013061523
19958,5,1,0.0914779081940651
19959,5,0,0.11005088686943054
19960,5,0,0.41707858443260193
19961,1,0,0.10394738614559174
19962,2,0,0.19949480891227722
19963,5,0,0.03670487180352211
19964,3,0,0.14121051132678986
19965,5,0,0.059176139533519745
19966,4,0,0.2439424693584442
19967,2,0,0.07272166013717651
19968,5,1,0.08578705042600632
19969,3,0,0.1431177407503128
19970,4,0,0.5454066395759583
19971,1,0,0.051586542278528214
19972,1,0,0.11821700632572174
19973,5,0,0.03529928997159004
19974,1,0,0.03986404463648796
19975,2,0,0.10589391738176346
19976,3,0,0.047053709626197815
19977,2,0,0.1106431633234024
19978,4,0,0.17128385603427887
19979,5,0,0.12748508155345917
19980,4,0,0.08864464610815048
19981,2,0,0.1429840475320816
19982,4,0,0.11478041112422943
19983,4,0,0.14120353758335114
19984,2,1,0.6948150992393494
19985,5,0,0.1182125136256218
19986,2,0,0.05079188570380211
19987,3,1,0.7702613472938538
19988,4,0,0.17067505419254303
19989,4,1,0.22780007123947144
19990,2,0,0.04688645154237747
19991,2,1,0.7315206527709961
19992,3,1,0.4179856777191162
19993,5,0,0.06531094014644623
19994,1,1,0.7588911056518555
19995,3,0,0.05970742180943489
19996,5,1,0.11183801293373108
19997,4,1,0.7931166887283325
19998,2,0,0.08325865119695663
19999,2,0,0.13582366704940796
20000,2,0,0.13380968570709229
20001,2,0,0.5568216443061829
20002,1,0,0.07048769295215607
20003,5,0,0.15848445892333984
20004,2,0,0.05753723159432411
20005,1,1,0.3173886239528656
20006,1,1,0.1346667855978012
20007,5,0,0.2056451141834259
20008,4,0,0.08662686496973038
20009,5,0,0.19087639451026917
20010,4,0,0.3090408444404602
20011,3,0,0.05688012018799782
20012,5,0,0.14423538744449615
20013,2,0,0.30884382128715515
20014,5,0,0.15468178689479828
20015,2,1,0.11733228713274002
20016,2,1,0.11393677443265915
20017,5,0,0.059574227780103683
20018,4,0,0.10863982141017914
20019,1,0,0.18772836029529572
20020,3,0,0.2559809982776642
20021,3,0,0.061913348734378815
20022,3,1,0.08273854851722717
20023,1,0,0.1426784098148346
20024,2,0,0.2042493224143982
20025,5,0,0.11286356300115585
20026,5,0,0.1540408432483673
20027,2,0,0.11625196784734726
20028,2,0,0.45702141523361206
20029,2,0,0.15646399557590485
20030,2,0,0.09374820441007614
20031,5,1,0.5733358263969421
20032,5,0,0.670142412185669
20033,3,0,0.054099902510643005
20034,4,0,0.18329274654388428
20035,5,0,0.14751718938350677
20036,5,0,0.15747754275798798
20037,3,0,0.08219967782497406
20038,4,0,0.05691029876470566
20039,4,0,0.10024607926607132
20040,3,0,0.21260684728622437
20041,1,0,0.11372186988592148
20042,1,0,0.208896204829216
20043,3,1,0.6219538450241089
20044,5,1,0.2071203589439392
20045,5,1,0.2503901422023773
20046,1,0,0.19506506621837616
20047,2,1,0.6167763471603394
20048,4,1,0.7795587778091431
20049,2,0,0.25807806849479675
20050,1,1,0.37492072582244873
20051,5,0,0.14439916610717773
20052,5,0,0.07114910334348679
20053,5,0,0.09006805717945099
20054,4,0,0.053072065114974976
20055,1,0,0.1020161509513855
20056,1,1,0.5547135472297668
20057,2,0,0.1591690182685852
20058,1,0,0.09555321931838989
20059,3,1,0.7061386704444885
20060,1,0,0.3177471160888672
20061,3,0,0.132524773478508
20062,2,0,0.14503054320812225
20063,2,0,0.34143030643463135
20064,2,0,0.5097106695175171
20065,3,0,0.11961066722869873
20066,1,0,0.0873747169971466
20067,3,1,0.04538422077894211
20068,1,0,0.06754013150930405
20069,3,0,0.0790918618440628
20070,5,0,0.0793522298336029
20071,1,0,0.5671592950820923
20072,4,0,0.5142339468002319
20073,3,0,0.1749092936515808
20074,3,1,0.12628856301307678
20075,2,1,0.6147435307502747
20076,4,0,0.05875590443611145
20077,5,0,0.33450037240982056
20078,2,1,0.3611515462398529
20079,1,0,0.13746850192546844
20080,4,0,0.08106502145528793
20081,5,1,0.3593592047691345
20082,2,1,0.2445049285888672
20083,2,1,0.1283484250307083
20084,4,1,0.21955443918704987
20085,4,1,0.514320433139801
20086,2,0,0.22541460394859314
20087,2,0,0.0972624197602272
20088,3,0,0.10051838308572769
20089,3,0,0.13691700994968414
20090,3,0,0.22516784071922302
20091,4,0,0.11811020225286484
20092,3,0,0.059202440083026886
20093,5,0,0.20010174810886383
20094,1,1,0.30881592631340027
20095,3,1,0.37804892659187317
20096,5,0,0.17196093499660492
20097,2,0,0.12270588427782059
20098,5,1,0.51015704870224
20099,2,0,0.14186066389083862
20100,3,0,0.10939498990774155
20101,1,1,0.30693548917770386
20102,2,0,0.08110197633504868
20103,1,0,0.1282842457294464
20104,4,0,0.19767309725284576
20105,1,0,0.10844448953866959
20106,2,0,0.11022506654262543
20107,5,1,0.7325611114501953
20108,2,1,0.20202866196632385
20109,3,0,0.10767575353384018
20110,4,0,0.07416900247335434
20111,5,0,0.05257295444607735
20112,2,1,0.5872336626052856
20113,1,0,0.16272324323654175
20114,5,0,0.14278554916381836
20115,3,0,0.11028538644313812
20116,1,1,0.17611254751682281
20117,1,0,0.11767156422138214
20118,1,0,0.1370910108089447
20119,5,0,0.1392717808485031
20120,1,1,0.5274344086647034
20121,1,0,0.10492657124996185
20122,1,1,0.10767722874879837
20123,5,0,0.070280522108078
20124,3,0,0.15668541193008423
20125,2,0,0.04687272012233734
20126,2,0,0.13120366632938385
20127,2,0,0.24386118352413177
20128,4,0,0.03982080519199371
20129,4,0,0.2374875396490097
20130,1,0,0.09236989170312881
20131,5,0,0.1503818929195404
20132,5,0,0.10805216431617737
20133,4,0,0.07114453613758087
20134,2,1,0.33006012439727783
20135,2,0,0.16111163794994354
20136,3,0,0.1147831380367279
20137,4,0,0.06612600386142731
20138,2,1,0.4327845871448517
20139,5,0,0.11423029750585556
20140,2,0,0.08730094134807587
20141,4,1,0.15876495838165283
20142,1,0,0.17400720715522766
20143,5,1,0.6035322546958923
20144,3,0,0.07825260609388351
20145,4,0,0.22537322342395782
20146,3,0,0.24494236707687378
20147,2,0,0.039205875247716904
20148,5,0,0.16373637318611145
20149,1,1,0.7670780420303345
20150,3,0,0.09911184757947922
20151,2,0,0.09318898618221283
20152,3,0,0.15601743757724762
20153,1,0,0.46032655239105225
20154,1,0,0.24556073546409607
20155,1,0,0.11997149139642715
20156,4,0,0.06337777525186539
20157,3,0,0.16117432713508606
20158,3,0,0.17042726278305054
20159,2,1,0.2133246809244156
20160,4,0,0.1577213555574417
20161,4,0,0.6397324800491333
20162,3,1,0.16988800466060638
20163,5,0,0.6546614766120911
20164,1,0,0.058181993663311005
20165,3,0,0.08734333515167236
20166,3,0,0.07781755179166794
20167,4,0,0.6986998915672302
20168,4,0,0.10281746834516525
20169,2,0,0.15699727833271027
20170,4,1,0.4624949097633362
20171,3,0,0.21603253483772278
20172,2,0,0.3346896171569824
20173,3,1,0.2752660810947418
20174,3,0,0.07494393736124039
20175,1,0,0.07282770425081253
20176,1,0,0.12762106955051422
20177,4,0,0.05935211852192879
20178,2,0,0.6252475380897522
20179,1,0,0.18052855134010315
20180,1,0,0.09223394095897675
20181,3,1,0.5866391062736511
20182,1,0,0.08128606528043747
20183,5,0,0.08693064004182816
20184,5,0,0.06678467988967896
20185,2,0,0.09456565231084824
20186,1,0,0.17228953540325165
20187,3,1,0.7754153609275818
20188,1,0,0.09396569430828094
20189,2,0,0.16321271657943726
20190,2,0,0.156757190823555
20191,2,0,0.08716820925474167
20192,5,0,0.1726362258195877
20193,2,0,0.1302606463432312
20194,4,1,0.6038517951965332
20195,5,0,0.2733933925628662
20196,1,0,0.034631144255399704
20197,2,1,0.3410504460334778
20198,1,0,0.18496392667293549
20199,3,0,0.19279201328754425
20200,5,0,0.6504443883895874
20201,2,1,0.16996623575687408
20202,2,1,0.5452800393104553
20203,5,0,0.10477433353662491
20204,3,0,0.17135177552700043
20205,1,1,0.14533185958862305
20206,3,0,0.14518627524375916
20207,1,1,0.14258712530136108
20208,4,0,0.21531794965267181
20209,5,0,0.5984195470809937
20210,1,0,0.27953478693962097
20211,5,0,0.24109144508838654
20212,3,0,0.08888765424489975
20213,4,0,0.10194796323776245
20214,3,1,0.11262140423059464
20215,4,0,0.16350722312927246
20216,1,1,0.45143312215805054
20217,2,0,0.11769891530275345
20218,5,0,0.05635997653007507
20219,3,1,0.3928876519203186
20220,5,0,0.027438318356871605
20221,1,0,0.07632624357938766
20222,3,0,0.1184428408741951
20223,2,0,0.6356937289237976
20224,1,0,0.14344851672649384
20225,1,0,0.08100464195013046
20226,5,0,0.13968652486801147
20227,3,0,0.20565317571163177
20228,1,0,0.08923902362585068
20229,5,1,0.7794747948646545
20230,2,1,0.15552936494350433
20231,2,0,0.04091343283653259
20232,1,0,0.11235212534666061
20233,3,0,0.2326298952102661
20234,1,0,0.15003694593906403
20235,4,0,0.06317517161369324
20236,5,0,0.38212263584136963
20237,5,0,0.1548878401517868
20238,5,0,0.2097310572862625
20239,2,0,0.0373954176902771
20240,4,0,0.1365894377231598
20241,5,1,0.385271817445755
20242,2,0,0.12406209111213684
20243,5,0,0.34586992859840393
20244,2,0,0.14641663432121277
20245,3,1,0.6480809450149536
20246,1,1,0.4819914400577545
20247,4,1,0.7381014227867126
20248,4,0,0.07469125837087631
20249,2,1,0.7135369777679443
20250,1,0,0.10064740478992462
20251,4,1,0.31162041425704956
20252,2,0,0.31382256746292114
20253,2,0,0.10249505937099457
20254,5,0,0.03667503222823143
20255,4,0,0.05184972286224365
20256,4,0,0.11694619059562683
20257,1,0,0.13297562301158905
20258,1,1,0.7818923592567444
20259,5,0,0.08108412474393845
20260,2,1,0.28535833954811096
20261,5,0,0.1833893060684204
20262,4,0,0.12107916921377182
20263,3,1,0.10630926489830017
20264,5,0,0.14026270806789398
20265,4,1,0.17729298770427704
20266,4,0,0.0644456073641777
20267,3,0,0.14252857863903046
20268,3,1,0.5630670189857483
20269,2,0,0.03445420786738396
20270,5,0,0.3356006443500519
20271,3,0,0.14949733018875122
20272,4,0,0.1845533698797226
20273,2,0,0.22142815589904785
20274,4,0,0.06958470493555069
20275,1,1,0.15824197232723236
20276,4,0,0.10727094113826752
20277,2,0,0.16637933254241943
20278,2,0,0.17087861895561218
20279,4,1,0.29698944091796875
20280,3,0,0.16944283246994019
20281,4,1,0.654792070388794
20282,5,0,0.1749858558177948
20283,2,0,0.12776994705200195
20284,3,0,0.3538511395454407
20285,1,0,0.12941265106201172
20286,4,0,0.13301827013492584
20287,4,0,0.2308388501405716
20288,1,0,0.12696154415607452
20289,1,0,0.16207078099250793
20290,4,0,0.21816430985927582
20291,1,0,0.1374509185552597
20292,5,0,0.24392525851726532
20293,3,0,0.14913158118724823
20294,5,0,0.12038128077983856
20295,3,0,0.5637245774269104
20296,2,0,0.09813934564590454
20297,4,0,0.07657414674758911
20298,4,0,0.2851216793060303
20299,3,0,0.13826274871826172
20300,1,0,0.3283248543739319
20301,1,0,0.1250576227903366
20302,1,1,0.20452885329723358
20303,1,1,0.8070003986358643
20304,1,0,0.20550215244293213
20305,3,0,0.7610649466514587
20306,3,0,0.2253691405057907
20307,3,1,0.42991384863853455
20308,2,1,0.6350373029708862
20309,4,0,0.07977171987295151
20310,1,0,0.17881900072097778
20311,1,0,0.17990167438983917
20312,2,1,0.3783605098724365
20313,2,0,0.038824401795864105
20314,5,0,0.07826832681894302
20315,2,1,0.6217893958091736
20316,1,0,0.2939597964286804
20317,3,0,0.18883958458900452
20318,5,0,0.17311595380306244
20319,4,1,0.25106120109558105
20320,3,1,0.1253310739994049
20321,1,0,0.1990584284067154
20322,2,1,0.7819287180900574
20323,5,1,0.24822138249874115
20324,3,0,0.13581734895706177
20325,2,1,0.1474084109067917
20326,4,0,0.04694803059101105
20327,1,0,0.09974992275238037
20328,1,0,0.09794636815786362
20329,4,1,0.21291588246822357
20330,3,0,0.11026491224765778
20331,4,0,0.10506293177604675
20332,1,0,0.038397908210754395
20333,2,0,0.08166586607694626
20334,4,0,0.19214503467082977
20335,4,0,0.20825470983982086
20336,3,0,0.07546816021203995
20337,1,0,0.09036292135715485
20338,4,1,0.058180972933769226
20339,5,0,0.14207912981510162
20340,3,1,0.1582024246454239
20341,3,1,0.249998539686203
20342,1,1,0.25634685158729553
20343,2,0,0.3590233027935028
20344,1,0,0.09068594872951508
20345,5,0,0.10096638649702072
20346,5,0,0.2513439357280731
20347,4,0,0.20571276545524597
20348,4,0,0.16294100880622864
20349,3,0,0.0805288776755333
20350,5,0,0.05159424617886543
20351,3,0,0.7084489464759827
20352,2,0,0.12183224409818649
20353,2,0,0.10197935253381729
20354,3,0,0.13698379695415497
20355,4,1,0.3416409492492676
20356,4,0,0.5195832848548889
20357,1,0,0.07469774782657623
20358,5,0,0.1320393979549408
20359,3,0,0.08959547430276871
20360,5,0,0.7205060124397278
20361,1,0,0.15319402515888214
20362,1,0,0.1100359708070755
20363,3,0,0.232587531208992
20364,3,0,0.3073396384716034
20365,4,1,0.09296848624944687
20366,4,1,0.5656138062477112
20367,2,1,0.32503676414489746
20368,4,0,0.12774431705474854
20369,1,0,0.10422870516777039
20370,4,1,0.3122808337211609
20371,3,1,0.2398470938205719
20372,2,1,0.7102079391479492
20373,5,1,0.1119140163064003
20374,2,1,0.22461570799350739
20375,3,0,0.24089467525482178
20376,5,0,0.20484566688537598
20377,1,1,0.40444138646125793
20378,5,0,0.11698881536722183
20379,2,0,0.1023608148097992
20380,5,1,0.613074779510498
20381,3,0,0.21928414702415466
20382,3,1,0.6238105893135071
20383,5,0,0.2271290272474289
20384,1,0,0.16742399334907532
20385,3,0,0.3534587025642395
20386,4,0,0.09911644458770752
20387,5,1,0.6145231127738953
20388,5,0,0.08472525328397751
20389,1,0,0.2288392037153244
20390,3,0,0.4597679674625397
20391,2,0,0.051888227462768555
20392,3,1,0.1639794409275055
20393,2,0,0.8283560872077942
20394,3,0,0.8011137843132019
20395,3,0,0.0473768450319767
20396,1,0,0.16444441676139832
20397,1,0,0.05822232365608215
20398,5,0,0.19907794892787933
20399,1,0,0.09633520990610123
20400,4,1,0.31559333205223083
20401,4,0,0.11483192443847656
20402,4,0,0.15441268682479858
20403,3,0,0.06427133828401566
20404,5,0,0.06741403788328171
20405,2,0,0.0720900371670723
20406,3,0,0.06141430884599686
20407,1,0,0.12532077729701996
20408,2,0,0.24772094190120697
20409,5,0,0.24187035858631134
20410,4,0,0.30917081236839294
20411,2,0,0.06569968163967133
20412,4,0,0.07049396634101868
20413,5,1,0.16799895465373993
20414,3,0,0.12089024484157562
20415,1,0,0.18620401620864868
20416,5,0,0.1149696409702301
20417,2,0,0.2797946333885193
20418,1,0,0.3551020920276642
20419,4,0,0.10101278126239777
20420,2,0,0.28367865085601807
20421,4,0,0.7618530988693237
20422,2,1,0.775312066078186
20423,5,0,0.10925640165805817
20424,1,1,0.1069846898317337
20425,3,0,0.7963768243789673
20426,1,1,0.5511611104011536
20427,3,0,0.11125028878450394
20428,5,0,0.1309533417224884
20429,2,0,0.10223925113677979
20430,1,0,0.29164204001426697
20431,1,0,0.1112431138753891
20432,2,0,0.10438672453165054
20433,2,1,0.20835454761981964
20434,2,0,0.07398349791765213
20435,5,1,0.5241541266441345
20436,4,0,0.06263841688632965
20437,2,0,0.43155306577682495
20438,3,1,0.233052060008049
20439,1,1,0.09958452731370926
20440,1,0,0.06700003147125244
20441,4,1,0.10881071537733078
20442,2,0,0.2654189169406891
20443,4,0,0.06753970682621002
20444,1,0,0.17185468971729279
20445,5,1,0.462754487991333
20446,3,1,0.7707272171974182
20447,3,0,0.11567684262990952
20448,4,0,0.1259281039237976
20449,3,0,0.1300836205482483
20450,2,0,0.099249929189682
20451,2,0,0.08381214737892151
20452,4,0,0.5476375222206116
20453,3,0,0.11013065278530121
20454,3,0,0.2841579020023346
20455,3,0,0.08378037065267563
20456,4,1,0.29816582798957825
20457,3,0,0.15501455962657928
20458,2,0,0.15686379373073578
20459,2,0,0.09051552414894104
20460,4,0,0.09227478504180908
20461,3,1,0.145034521818161
20462,4,1,0.3427112102508545
20463,1,0,0.2403295785188675
20464,1,0,0.2952331304550171
20465,3,0,0.10841411352157593
20466,5,0,0.07639332860708237
20467,5,0,0.718090832233429
20468,5,1,0.7336649894714355
20469,3,0,0.1379721462726593
20470,1,0,0.042083680629730225
20471,2,1,0.7225885391235352
20472,2,0,0.4919227957725525
20473,5,0,0.1474207639694214
20474,1,0,0.2265145629644394
20475,2,1,0.08937100321054459
20476,4,0,0.16109757125377655
20477,5,1,0.6504693031311035
20478,3,1,0.6542824506759644
20479,5,0,0.13651013374328613
20480,3,1,0.8206649422645569
20481,4,1,0.09359368681907654
20482,4,1,0.3485317826271057
20483,4,0,0.03595660999417305
20484,3,0,0.06141949072480202
20485,1,1,0.09741932153701782
20486,1,0,0.12534606456756592
20487,4,0,0.09979922324419022
20488,1,0,0.15598450601100922
20489,1,1,0.20189574360847473
20490,5,1,0.31390395760536194
20491,5,0,0.6417489647865295
20492,2,0,0.05475929006934166
20493,3,0,0.0726715475320816
20494,1,0,0.18911594152450562
20495,3,0,0.051103901118040085
20496,4,0,0.09807328879833221
20497,4,0,0.19313731789588928
20498,4,0,0.433075487613678
20499,4,0,0.05366778373718262
20500,4,0,0.45579954981803894
20501,5,0,0.08840414136648178
20502,5,0,0.13604620099067688
20503,1,0,0.09974998980760574
20504,1,0,0.137100949883461
20505,1,0,0.19636383652687073
20506,4,1,0.631839394569397
20507,3,0,0.18722596764564514
20508,5,0,0.11090951412916183
20509,3,1,0.2661169767379761
20510,5,0,0.09056754410266876
20511,5,0,0.4408554434776306
20512,1,0,0.1349097639322281
20513,4,0,0.19440127909183502
20514,2,0,0.2627629041671753
20515,4,1,0.8221073746681213
20516,3,0,0.10248436778783798
20517,4,1,0.19021761417388916
20518,2,0,0.06876859813928604
20519,5,0,0.08120060712099075
20520,1,0,0.1355699896812439
20521,2,1,0.5493833422660828
20522,3,0,0.29051128029823303
20523,4,1,0.5099966526031494
20524,3,0,0.11407405138015747
20525,2,0,0.060860373079776764
20526,1,0,0.04833727702498436
20527,4,0,0.13088980317115784
20528,3,0,0.1915825456380844
20529,1,1,0.35600152611732483
20530,4,1,0.06550037115812302
20531,5,0,0.19452041387557983
20532,4,0,0.26356300711631775
20533,2,1,0.3630409836769104
20534,1,0,0.64317387342453
20535,1,0,0.06831853091716766
20536,5,0,0.06991457939147949
20537,5,0,0.03404024615883827
20538,4,0,0.0560673289000988
20539,4,1,0.8175157904624939
20540,5,0,0.14762957394123077
20541,1,0,0.06851449608802795
20542,1,0,0.09574439376592636
20543,1,0,0.2514856159687042
20544,2,0,0.19135682284832
20545,1,1,0.08578896522521973
20546,2,0,0.06479146331548691
20547,1,1,0.6417174935340881
20548,1,0,0.07936135679483414
20549,5,0,0.11517639458179474
20550,1,0,0.03606738522648811
20551,2,1,0.7130110263824463
20552,1,0,0.14771448075771332
20553,5,1,0.6811712980270386
20554,4,1,0.18630312383174896
20555,1,0,0.10450221598148346
20556,3,0,0.07284006476402283
20557,4,0,0.26159754395484924
20558,3,1,0.11598894000053406
20559,1,0,0.08317574858665466
20560,5,1,0.7636654376983643
20561,4,0,0.10467389971017838
20562,5,1,0.5670230984687805
20563,4,1,0.5676019191741943
20564,4,0,0.10267192125320435
20565,3,0,0.3337567150592804
20566,2,0,0.06187857314944267
20567,5,0,0.13219520449638367
20568,3,0,0.3282580077648163
20569,1,0,0.48855143785476685
20570,1,0,0.061457566916942596
20571,5,0,0.18010465800762177
20572,5,0,0.1453075408935547
20573,1,1,0.19573348760604858
20574,1,0,0.09052304178476334
20575,4,0,0.08876475691795349
20576,3,0,0.10115677863359451
20577,2,1,0.25119712948799133
20578,1,0,0.047309789806604385
20579,2,0,0.16761107742786407
20580,2,0,0.07912740111351013
20581,5,0,0.09305905550718307
20582,5,0,0.1159885823726654
20583,5,1,0.14262926578521729
20584,2,0,0.08917786926031113
20585,1,1,0.28038954734802246
20586,2,0,0.12236648052930832
20587,3,0,0.1871808022260666
20588,4,0,0.8027869462966919
20589,2,0,0.10335010290145874
20590,3,0,0.3176833987236023
20591,2,0,0.0431450791656971
20592,5,0,0.06937157362699509
20593,5,0,0.24758124351501465
20594,4,1,0.22035571932792664
20595,3,0,0.1759258508682251
20596,4,1,0.1297975331544876
20597,5,0,0.15194202959537506
20598,1,0,0.1301303207874298
20599,1,0,0.08262305706739426
20600,1,0,0.0539066344499588
20601,5,1,0.1563965231180191
20602,4,0,0.13933740556240082
20603,4,0,0.08014794439077377
20604,2,0,0.22854502499103546
20605,3,1,0.1978764832019806
20606,4,0,0.15709510445594788
20607,2,0,0.04503989964723587
20608,2,0,0.16414830088615417
20609,5,0,0.09491924196481705
20610,5,1,0.7195712924003601
20611,4,1,0.5971317887306213
20612,2,0,0.07219592481851578
20613,1,0,0.1053076982498169
20614,4,0,0.16773591935634613
20615,2,1,0.4717603623867035
20616,2,1,0.5642464756965637
20617,1,0,0.04239499196410179
20618,4,0,0.09602176398038864
20619,4,0,0.10970722138881683
20620,3,0,0.14445458352565765
20621,5,0,0.11042329668998718
20622,5,0,0.11690318584442139
20623,1,0,0.11233645677566528
20624,4,0,0.1194341853260994
20625,3,0,0.6441344618797302
20626,2,1,0.33183014392852783
20627,3,0,0.20598143339157104
20628,5,0,0.13661246001720428
20629,4,0,0.044999875128269196
20630,2,0,0.05242231488227844
20631,4,0,0.1689528375864029
20632,3,0,0.0619615837931633
20633,4,0,0.14133797585964203
20634,5,0,0.20030076801776886
20635,3,0,0.2123972624540329
20636,1,0,0.20827390253543854
20637,1,0,0.17270144820213318
20638,5,1,0.12299691140651703
20639,1,0,0.050335440784692764
20640,2,0,0.1540730595588684
20641,5,1,0.45490768551826477
20642,2,0,0.03756384178996086
20643,2,0,0.15442761778831482
20644,2,0,0.3669356405735016
20645,4,0,0.21061120927333832
20646,4,0,0.1279384344816208
20647,1,0,0.10739082098007202
20648,3,0,0.3232194483280182
20649,5,0,0.07766008377075195
20650,1,0,0.15179428458213806
20651,2,0,0.07977677881717682
20652,4,0,0.08883827924728394
20653,5,0,0.07813418656587601
20654,1,0,0.13438163697719574
20655,3,0,0.25610631704330444
20656,1,1,0.30569976568222046
20657,2,1,0.3889515697956085
20658,1,0,0.15214815735816956
20659,5,0,0.64592444896698
20660,5,0,0.176240473985672
20661,5,0,0.06851749867200851
20662,1,1,0.6603450775146484
20663,3,0,0.17244939506053925
20664,3,0,0.31933459639549255
20665,2,0,0.10870379209518433
20666,1,0,0.14574429392814636
20667,2,0,0.2423761636018753
20668,5,0,0.09406126290559769
20669,4,0,0.10611335933208466
20670,2,0,0.1667940765619278
20671,1,0,0.06842850148677826
20672,2,0,0.2793826758861542
20673,2,1,0.5772809386253357
20674,2,0,0.08889750391244888
20675,5,0,0.06611259281635284
20676,5,1,0.12888634204864502
20677,2,0,0.6643361449241638
20678,1,0,0.1053779125213623
20679,5,1,0.20970362424850464
20680,5,0,0.03721759468317032
20681,5,1,0.15157833695411682
20682,4,0,0.10705254226922989
20683,3,0,0.3023565411567688
20684,4,1,0.7565339207649231
20685,5,1,0.2617705464363098
20686,4,0,0.38009852170944214
20687,5,0,0.0963238850235939
20688,4,1,0.12658463418483734
20689,2,0,0.12903061509132385
20690,5,0,0.030038846656680107
20691,1,0,0.08983102440834045
20692,5,0,0.11948587000370026
20693,2,0,0.14686313271522522
20694,1,1,0.1939583718776703
20695,4,1,0.32778313755989075
20696,5,1,0.2962239384651184
20697,4,0,0.3524243235588074
20698,4,1,0.836394190788269
20699,4,1,0.6737143397331238
20700,4,0,0.05327746272087097
20701,2,0,0.1363867074251175
20702,1,0,0.10454194247722626
20703,2,1,0.57187420129776
20704,5,1,0.10338059812784195
20705,5,0,0.030267028138041496
20706,3,1,0.41394680738449097
20707,4,1,0.6879482269287109
20708,5,0,0.07776811718940735
20709,5,1,0.12210271507501602
20710,5,0,0.125405415892601
20711,2,0,0.46876463294029236
20712,4,1,0.08672232180833817
20713,3,0,0.06826715171337128
20714,4,0,0.10779144614934921
20715,4,0,0.03673393279314041
20716,2,1,0.16706134378910065
20717,4,0,0.15709255635738373
20718,2,1,0.1041175052523613
20719,3,0,0.10579576343297958
20720,4,0,0.11483436077833176
20721,4,0,0.46792858839035034
20722,4,0,0.1148943305015564
20723,1,0,0.03883994743227959
20724,5,0,0.3408954441547394
20725,2,1,0.7760251760482788
20726,3,0,0.13545353710651398
20727,4,1,0.8088988661766052
20728,1,0,0.40385574102401733
20729,4,1,0.12158417701721191
20730,1,1,0.6930594444274902
20731,2,0,0.14206750690937042
20732,5,0,0.24506768584251404
20733,1,0,0.10669241100549698
20734,5,1,0.144405335187912
20735,5,0,0.10029865801334381
20736,4,1,0.149971604347229
20737,4,1,0.33998507261276245
20738,2,0,0.21524430811405182
20739,2,0,0.37503233551979065
20740,2,1,0.7169621586799622
20741,2,0,0.06174524500966072
20742,2,1,0.26030340790748596
20743,3,1,0.4028826355934143
20744,1,0,0.12746120989322662
20745,1,0,0.08178014308214188
20746,4,0,0.321725994348526
20747,4,1,0.2494971752166748
20748,1,0,0.2478228509426117
20749,3,0,0.09706366807222366
20750,1,0,0.06188221275806427
20751,2,1,0.7478354573249817
20752,5,0,0.18907302618026733
20753,5,0,0.0795990377664566
20754,5,1,0.7778542637825012
20755,2,0,0.3127919137477875
20756,4,0,0.12073513865470886
20757,2,0,0.03838936984539032
20758,1,0,0.041906606405973434
20759,5,0,0.20296500623226166
20760,3,0,0.09891492128372192
20761,2,0,0.16181562840938568
20762,5,0,0.07602882385253906
20763,4,0,0.06527099758386612
20764,1,0,0.08407951146364212
20765,1,0,0.1861375868320465
20766,2,0,0.4028278589248657
20767,3,1,0.4915526807308197
20768,1,0,0.31225356459617615
20769,3,1,0.27531224489212036
20770,3,1,0.13676325976848602
20771,4,0,0.16336238384246826
20772,2,0,0.1285756677389145
20773,5,0,0.08621533215045929
20774,2,0,0.1897951066493988
20775,4,0,0.1508951187133789
20776,2,0,0.10870348662137985
20777,1,0,0.0283021442592144
20778,3,0,0.07062814384698868
20779,5,0,0.09660766273736954
20780,1,0,0.028902748599648476
20781,1,1,0.4631142020225525
20782,3,0,0.0409989058971405
20783,4,1,0.12247735261917114
20784,1,1,0.41007956862449646
20785,4,1,0.15921194851398468
20786,1,1,0.1356339007616043
20787,5,0,0.05365997552871704
20788,2,0,0.22673320770263672
20789,2,0,0.09206157177686691
20790,2,0,0.16968005895614624
20791,5,0,0.10463109612464905
20792,4,0,0.5801117420196533
20793,2,0,0.07231569290161133
20794,1,0,0.1340463012456894
20795,2,1,0.6712081432342529
20796,5,1,0.20627360045909882
20797,2,0,0.2196502834558487
20798,3,1,0.08433334529399872
20799,3,0,0.07340069860219955
20800,4,0,0.210263192653656
20801,2,1,0.7384998798370361
20802,4,0,0.17861230671405792
20803,2,1,0.15031975507736206
20804,1,0,0.09351713955402374
20805,2,1,0.03540703281760216
20806,3,0,0.26875320076942444
20807,3,0,0.23361483216285706
20808,1,1,0.21312446892261505
20809,3,1,0.6054171323776245
20810,4,0,0.07035215944051743
20811,3,0,0.1001969575881958
20812,4,0,0.8406463265419006
20813,1,0,0.20619624853134155
20814,4,0,0.13527421653270721
20815,3,0,0.10915730893611908
20816,2,0,0.11041117459535599
20817,3,0,0.04207577928900719
20818,4,0,0.06649050116539001
20819,5,0,0.10502158850431442
20820,4,1,0.18913115561008453
20821,2,0,0.165497288107872
20822,3,0,0.2942740321159363
20823,4,0,0.1151030883193016
20824,2,1,0.20595434308052063
20825,1,0,0.10965250432491302
20826,1,0,0.10740506649017334
20827,2,0,0.08595328032970428
20828,2,0,0.11074936389923096
20829,3,0,0.12911705672740936
20830,5,0,0.10572408139705658
20831,5,0,0.14046934247016907
20832,4,0,0.0996604934334755
20833,4,1,0.6943506002426147
20834,3,0,0.07303982973098755
20835,1,0,0.04873661324381828
20836,1,0,0.06814321875572205
20837,1,0,0.08190284669399261
20838,1,1,0.4477161169052124
20839,1,0,0.06434891372919083
20840,2,1,0.783021867275238
20841,4,0,0.07659989595413208
20842,5,0,0.09403763711452484
20843,3,0,0.10635387152433395
20844,2,1,0.060160908848047256
20845,4,0,0.09578403830528259
20846,2,0,0.13434629142284393
20847,1,0,0.16974076628684998
20848,2,1,0.5558508038520813
20849,4,0,0.07776515930891037
20850,3,0,0.26991480588912964
20851,1,0,0.18606075644493103
20852,1,0,0.06940252333879471
20853,5,1,0.2255861610174179
20854,4,0,0.1913653314113617
20855,4,0,0.1247306615114212
20856,2,0,0.10722414404153824
20857,4,0,0.1279696226119995
20858,4,0,0.14688952267169952
20859,5,0,0.07835467904806137
20860,3,0,0.07850524038076401
20861,4,0,0.08844077587127686
20862,4,0,0.0484660342335701
20863,1,0,0.26164066791534424
20864,2,1,0.7109107971191406
20865,3,1,0.15963271260261536
20866,2,0,0.12485851347446442
20867,4,0,0.06678123772144318
20868,3,0,0.3237512409687042
20869,3,1,0.14092779159545898
20870,5,0,0.36854860186576843
20871,3,0,0.48877033591270447
20872,5,0,0.05834462493658066
20873,4,0,0.10575704276561737
20874,2,0,0.09686651080846786
20875,4,0,0.1791396290063858
20876,5,1,0.06872463971376419
20877,2,0,0.08091907948255539
20878,3,0,0.38215547800064087
20879,1,0,0.14977659285068512
20880,5,0,0.10178200900554657
20881,1,0,0.09913181513547897
20882,2,0,0.0962320864200592
20883,2,1,0.14782091975212097
20884,4,0,0.43789204955101013
20885,1,1,0.44522911310195923
20886,4,0,0.1045287549495697
20887,3,0,0.34632736444473267
20888,2,1,0.6922053694725037
20889,3,1,0.55039381980896
20890,1,0,0.3117326498031616
20891,2,0,0.08623702079057693
20892,3,1,0.28480371832847595
20893,3,0,0.15943370759487152
20894,3,0,0.155976802110672
20895,4,1,0.22960254549980164
20896,5,0,0.14707475900650024
20897,4,0,0.10959388315677643
20898,5,1,0.08143439888954163
20899,1,0,0.09476526081562042
20900,2,0,0.028442928567528725
20901,1,0,0.25208815932273865
20902,2,0,0.07332306355237961
20903,3,0,0.3282904624938965
20904,3,0,0.08983034640550613
20905,4,0,0.050193287432193756
20906,3,0,0.19195525348186493
20907,4,1,0.6416860222816467
20908,4,0,0.05959034338593483
20909,1,0,0.1401822865009308
20910,1,0,0.1784740388393402
20911,4,0,0.16030575335025787
20912,5,1,0.6206538081169128
20913,1,0,0.34196895360946655
20914,3,0,0.5482506155967712
20915,3,1,0.770860493183136
20916,4,0,0.17717242240905762
20917,5,0,0.14252689480781555
20918,1,0,0.17560724914073944
20919,2,0,0.1078374832868576
20920,3,0,0.10768872499465942
20921,3,0,0.11815233528614044
20922,1,1,0.4412478506565094
20923,5,0,0.15094465017318726
20924,5,0,0.16224680840969086
20925,3,0,0.13552571833133698
20926,1,0,0.07631231844425201
20927,4,1,0.6613689661026001
20928,5,0,0.035337843000888824
20929,5,0,0.3327885866165161
20930,2,0,0.27249717712402344
20931,1,0,0.1712600290775299
20932,4,0,0.6401234269142151
20933,4,0,0.3137269616127014
20934,2,0,0.06751509010791779
20935,4,1,0.8032556772232056
20936,5,0,0.15278260409832
20937,5,0,0.05106063559651375
20938,3,1,0.705594003200531
20939,5,0,0.05858059972524643
20940,4,0,0.0545736700296402
20941,5,1,0.20656447112560272
20942,4,0,0.11717397719621658
20943,5,0,0.09258465468883514
20944,3,0,0.3174833357334137
20945,5,0,0.09925992786884308
20946,1,0,0.07522029429674149
20947,3,0,0.07357228547334671
20948,3,0,0.1264166235923767
20949,5,0,0.11169450730085373
20950,3,1,0.7085080742835999
20951,4,0,0.04103259742259979
20952,5,0,0.14358650147914886
20953,4,0,0.6299904584884644
20954,4,0,0.13940058648586273
20955,5,0,0.09571025520563126
20956,4,0,0.17677684128284454
20957,5,0,0.21074336767196655
20958,4,0,0.04558756202459335
20959,2,0,0.13914620876312256
20960,3,0,0.05245737358927727
20961,1,0,0.10836713761091232
20962,1,0,0.08699195832014084
20963,5,1,0.7306308746337891
20964,4,1,0.21566221117973328
20965,3,0,0.07639192044734955
20966,5,0,0.038259416818618774
20967,1,0,0.04448818415403366
20968,4,0,0.2724662721157074
20969,1,0,0.4154627323150635
20970,5,1,0.27140769362449646
20971,1,0,0.1695297807455063
20972,3,0,0.14803947508335114
20973,2,0,0.21223227679729462
20974,2,0,0.06533421576023102
20975,1,0,0.12047604471445084
20976,4,0,0.04186383634805679
20977,5,0,0.12649814784526825
20978,1,1,0.39173266291618347
20979,2,1,0.33047667145729065
20980,4,0,0.07248178124427795
20981,4,0,0.11802762001752853
20982,4,0,0.09681320935487747
20983,3,0,0.14243774116039276
20984,5,0,0.6249011754989624
20985,2,0,0.06437946856021881
20986,4,0,0.0554485097527504
20987,5,0,0.1044733077287674
20988,3,0,0.0680210143327713
20989,2,1,0.18311507999897003
20990,5,1,0.12317222356796265
20991,2,0,0.13178406655788422
20992,3,0,0.03891485556960106
20993,3,0,0.13227272033691406
20994,2,0,0.10313764214515686
20995,3,0,0.0936727374792099
20996,1,0,0.07867052406072617
20997,5,0,0.13577011227607727
20998,3,0,0.19305798411369324
20999,2,1,0.5027773976325989
21000,2,0,0.11254239082336426
21001,2,0,0.05403253436088562
21002,3,1,0.37267982959747314
21003,1,0,0.1379978060722351
21004,5,1,0.7348307371139526
21005,3,1,0.8209774494171143
21006,4,1,0.31634628772735596
21007,5,0,0.13639304041862488
21008,5,0,0.10628582537174225
21009,4,0,0.1542106568813324
21010,2,0,0.17564067244529724
21011,4,0,0.12157075852155685
21012,3,1,0.1846916228532791
21013,2,0,0.733846127986908
21014,2,1,0.47100380063056946
21015,1,0,0.6890377998352051
21016,5,0,0.21455425024032593
21017,3,0,0.14151962101459503
21018,5,0,0.1233755573630333
21019,4,1,0.3426037132740021
21020,5,0,0.041984640061855316
21021,4,0,0.19503507018089294
21022,2,0,0.7545908689498901
21023,2,0,0.07185705751180649
21024,3,1,0.7122510075569153
21025,4,0,0.17277075350284576
21026,4,0,0.8383782505989075
21027,5,0,0.1310795545578003
21028,3,0,0.28316885232925415
21029,2,0,0.31254202127456665
21030,1,0,0.061818379908800125
21031,5,1,0.42596539855003357
21032,2,1,0.03841625154018402
21033,2,1,0.4326137900352478
21034,3,1,0.27876144647598267
21035,1,1,0.4545081555843353
21036,1,0,0.044753506779670715
21037,3,1,0.29992929100990295
21038,3,1,0.7665989995002747
21039,1,0,0.10660246014595032
21040,2,0,0.03282085433602333
21041,5,0,0.06891971081495285
21042,5,0,0.07676370441913605
21043,3,1,0.14198866486549377
21044,2,0,0.0752854272723198
21045,3,0,0.1186593696475029
21046,4,0,0.0731327161192894
21047,2,1,0.17008076608181
21048,5,1,0.36101284623146057
21049,5,0,0.2242080122232437
21050,4,1,0.18547241389751434
21051,3,1,0.7546411752700806
21052,5,0,0.24284560978412628
21053,3,0,0.02438252791762352
21054,4,0,0.21177233755588531
21055,3,0,0.060598745942115784
21056,2,0,0.15839044749736786
21057,2,0,0.13349397480487823
21058,4,0,0.054860059171915054
21059,1,0,0.10464730858802795
21060,4,1,0.6765910983085632
21061,3,0,0.1170814037322998
21062,3,0,0.1310928612947464
21063,2,1,0.7479708790779114
21064,2,0,0.2648651897907257
21065,5,0,0.13813650608062744
21066,1,1,0.5997534990310669
21067,2,0,0.1584312617778778
21068,5,0,0.06288736313581467
21069,1,0,0.16890209913253784
21070,1,0,0.14528650045394897
21071,3,0,0.4903285801410675
21072,5,0,0.4144207239151001
21073,2,0,0.18587061762809753
21074,1,0,0.17994330823421478
21075,4,0,0.12402813136577606
21076,3,1,0.24667303264141083
21077,3,0,0.07237835228443146
21078,3,0,0.8529388904571533
21079,2,1,0.7776476144790649
21080,3,0,0.3052029311656952
21081,5,0,0.19011043012142181
21082,2,0,0.2340850979089737
21083,5,0,0.04656444862484932
21084,3,0,0.20910689234733582
21085,4,0,0.09902247041463852
21086,5,1,0.16462650895118713
21087,2,0,0.0816565677523613
21088,1,0,0.2081436961889267
21089,2,0,0.3236181139945984
21090,4,0,0.05973674729466438
21091,2,0,0.42064884305000305
21092,2,1,0.7665335536003113
21093,4,0,0.11521182209253311
21094,3,0,0.05771574005484581
21095,1,0,0.39376723766326904
21096,2,0,0.10489584505558014
21097,3,0,0.1438574492931366
21098,5,0,0.2860509753227234
21099,1,0,0.0714569240808487
21100,3,0,0.12380291521549225
21101,4,0,0.21371805667877197
21102,4,0,0.6521874666213989
21103,5,0,0.0885002389550209
21104,3,0,0.14658072590827942
21105,4,0,0.11657336354255676
21106,5,0,0.1576259732246399
21107,1,0,0.08531264215707779
21108,4,0,0.3143528997898102
21109,3,0,0.11419983208179474
21110,4,0,0.08217912167310715
21111,5,0,0.10922476649284363
21112,1,0,0.14940635859966278
21113,2,1,0.6512408256530762
21114,2,0,0.056497085839509964
21115,3,0,0.053609028458595276
21116,5,0,0.20087316632270813
21117,5,0,0.16379931569099426
21118,5,0,0.04040523245930672
21119,3,0,0.25327005982398987
21120,5,1,0.2639593183994293
21121,1,0,0.10836415737867355
21122,5,0,0.5743986368179321
21123,1,0,0.12102480977773666
21124,5,1,0.5595466494560242
21125,5,0,0.0818813294172287
21126,3,0,0.04961433261632919
21127,2,0,0.05641627311706543
21128,4,0,0.10793408751487732
21129,5,0,0.31705164909362793
21130,1,0,0.262012779712677
21131,2,0,0.0593666136264801
21132,3,0,0.08930599689483643
21133,2,0,0.3114562928676605
21134,1,0,0.18144921958446503
21135,4,0,0.15120698511600494
21136,1,0,0.11133471876382828
21137,3,0,0.10416608303785324
21138,2,0,0.11045773327350616
21139,2,0,0.1431571990251541
21140,1,0,0.28925880789756775
21141,4,1,0.45039892196655273
21142,4,0,0.2546711266040802
21143,1,0,0.09368443489074707
21144,1,0,0.1223192885518074
21145,3,0,0.3217538595199585
21146,5,0,0.05334783345460892
21147,2,0,0.25724124908447266
21148,2,1,0.10967984050512314
21149,4,1,0.8343764543533325
21150,4,1,0.10792022198438644
21151,4,0,0.7729150056838989
21152,4,0,0.30500292778015137
21153,2,0,0.21122682094573975
21154,4,0,0.15697699785232544
21155,4,0,0.10618969798088074
21156,2,0,0.147235706448555
21157,3,1,0.7179099917411804
21158,1,0,0.1721535474061966
21159,3,0,0.08722938597202301
21160,2,0,0.06340035796165466
21161,5,0,0.25478413701057434
21162,3,0,0.11345358937978745
21163,1,0,0.14764773845672607
21164,1,1,0.17688512802124023
21165,5,0,0.12107719480991364
21166,2,0,0.23838280141353607
21167,1,0,0.19253480434417725
21168,2,0,0.0899510458111763
21169,4,1,0.3057357370853424
21170,2,0,0.24968907237052917
21171,4,0,0.13615940511226654
21172,5,0,0.049173153936862946
21173,2,1,0.8028966784477234
21174,3,0,0.0638715848326683
21175,4,1,0.07291778922080994
21176,3,0,0.8256383538246155
21177,4,0,0.11836492270231247
21178,5,0,0.6465190649032593
21179,5,0,0.05296551436185837
21180,2,0,0.08280494809150696
21181,2,0,0.13753290474414825
21182,5,0,0.05541083216667175
21183,1,0,0.15053115785121918
21184,2,1,0.3151507079601288
21185,4,0,0.07495817542076111
21186,2,1,0.14615149796009064
21187,3,0,0.2843765914440155
21188,2,0,0.031131723895668983
21189,2,0,0.3243141770362854
21190,4,0,0.4386568069458008
21191,3,0,0.08497544378042221
21192,5,1,0.09379328787326813
21193,3,0,0.2391442358493805
21194,5,0,0.15540610253810883
21195,3,0,0.0972970724105835
21196,1,1,0.14759336411952972
21197,2,0,0.3301641643047333
21198,3,0,0.17862699925899506
21199,5,0,0.24190685153007507
21200,1,0,0.35984310507774353
21201,5,0,0.25335821509361267
21202,2,0,0.07167597860097885
21203,3,0,0.06306017935276031
21204,2,0,0.08029557764530182
21205,2,1,0.4982244372367859
21206,4,0,0.19462473690509796
21207,4,0,0.1077086552977562
21208,4,0,0.1936047077178955
21209,1,0,0.391787588596344
21210,1,0,0.09557968378067017
21211,4,0,0.12459799647331238
21212,4,0,0.07366558164358139
21213,4,0,0.12274627387523651
21214,5,0,0.11143001168966293
21215,1,0,0.0759631097316742
21216,3,0,0.13874861598014832
21217,5,0,0.03822498023509979
21218,1,0,0.17080920934677124
21219,4,0,0.3857838809490204
21220,4,0,0.3061429560184479
21221,5,0,0.14418365061283112
21222,2,0,0.08707201480865479
21223,5,1,0.7525402903556824
21224,3,1,0.49211928248405457
21225,4,1,0.16426634788513184
21226,3,1,0.5959886312484741
21227,3,0,0.10467881709337234
21228,1,0,0.1393304169178009
21229,3,1,0.7293985486030579
21230,3,0,0.08847741037607193
21231,5,0,0.05767103284597397
21232,1,0,0.05941091477870941
21233,5,0,0.07099810242652893
21234,2,1,0.20508964359760284
21235,2,0,0.12398313730955124
21236,2,0,0.05661582946777344
21237,5,0,0.06616831570863724
21238,5,0,0.17708583176136017
21239,5,0,0.3076819181442261
21240,1,0,0.16842402517795563
21241,2,0,0.11010798811912537
21242,4,0,0.046605803072452545
21243,5,0,0.7149465084075928
21244,5,0,0.0790768414735794
21245,4,0,0.20349441468715668
21246,5,0,0.07722346484661102
21247,3,0,0.052187297493219376
21248,5,0,0.11186366528272629
21249,1,0,0.14057254791259766
21250,5,0,0.22623096406459808
21251,4,1,0.310200572013855
21252,3,0,0.16575364768505096
21253,4,1,0.15488570928573608
21254,4,1,0.24322323501110077
21255,5,0,0.12879058718681335
21256,5,0,0.10206137597560883
21257,3,1,0.18981905281543732
21258,4,0,0.07611162215471268
21259,5,0,0.1545368731021881
21260,5,0,0.14839862287044525
21261,5,0,0.3006203770637512
21262,1,0,0.11492671072483063
21263,2,0,0.07168430835008621
21264,3,0,0.14113232493400574
21265,1,0,0.08606145530939102
21266,5,1,0.10183566808700562
21267,4,1,0.3276826739311218
21268,3,1,0.13420476019382477
21269,3,0,0.04142322018742561
21270,3,0,0.1425766944885254
21271,5,1,0.3764168322086334
21272,1,0,0.14855213463306427
21273,3,0,0.5336624979972839
21274,1,0,0.1427101343870163
21275,1,0,0.31407588720321655
21276,3,1,0.5560111403465271
21277,2,0,0.12140319496393204
21278,5,1,0.7960981726646423
21279,5,0,0.16456985473632812
21280,3,0,0.13278736174106598
21281,2,0,0.14658527076244354
21282,3,0,0.10182638466358185
21283,1,0,0.2767501771450043
21284,5,0,0.15244148671627045
21285,4,0,0.050734855234622955
21286,4,0,0.19904862344264984
21287,3,1,0.269715815782547
21288,5,0,0.08122117072343826
21289,3,0,0.08660253137350082
21290,5,1,0.31040915846824646
21291,3,0,0.1305173933506012
21292,2,1,0.7266820073127747
21293,2,0,0.07502957433462143
21294,3,0,0.0876658633351326
21295,4,0,0.11095724999904633
21296,4,0,0.15242300927639008
21297,5,1,0.08788619190454483
21298,3,0,0.07396189123392105
21299,3,0,0.29529109597206116
21300,4,1,0.7296992540359497
21301,1,0,0.669251561164856
21302,1,0,0.15821628272533417
21303,5,1,0.4910956919193268
21304,5,0,0.25581440329551697
21305,1,1,0.254302978515625
21306,1,1,0.12515264749526978
21307,5,0,0.1922103315591812
21308,5,0,0.10362663120031357
21309,3,0,0.710664689540863
21310,5,0,0.06115242466330528
21311,1,0,0.170136958360672
21312,3,0,0.05859171226620674
21313,5,1,0.5624904632568359
21314,3,0,0.44249090552330017
21315,5,0,0.15097804367542267
21316,2,0,0.1239958107471466
21317,1,0,0.0666688084602356
21318,2,1,0.1435232162475586
21319,2,0,0.2818547189235687
21320,3,0,0.1913171112537384
21321,4,0,0.06839742511510849
21322,4,0,0.09929294884204865
21323,1,0,0.1327260583639145
21324,3,0,0.08757957816123962
21325,3,0,0.09232103079557419
21326,2,1,0.12333004921674728
21327,1,0,0.07151667773723602
21328,4,0,0.11243989318609238
21329,4,0,0.17513182759284973
21330,4,1,0.21015812456607819
21331,5,0,0.05540955066680908
21332,1,0,0.07065168768167496
21333,1,0,0.048576194792985916
21334,4,1,0.24828968942165375
21335,4,0,0.16742360591888428
21336,4,0,0.7921931743621826
21337,3,0,0.16688401997089386
21338,1,0,0.035415347665548325
21339,5,0,0.12672638893127441
21340,5,1,0.6832406520843506
21341,5,1,0.5952262282371521
21342,5,0,0.13002052903175354
21343,3,0,0.48944810032844543
21344,1,0,0.14369921386241913
21345,1,0,0.23373541235923767
21346,1,0,0.10681870579719543
21347,3,1,0.21556097269058228
21348,1,1,0.7766030430793762
21349,3,0,0.03522300347685814
21350,2,0,0.04754491522908211
21351,5,1,0.16930697858333588
21352,2,0,0.17115269601345062
21353,5,0,0.22415916621685028
21354,3,0,0.14736421406269073
21355,5,0,0.21311978995800018
21356,3,0,0.2426059991121292
21357,5,1,0.18275365233421326
21358,5,0,0.05907642841339111
21359,2,0,0.14552612602710724
21360,2,1,0.6491134166717529
21361,2,1,0.19563229382038116
21362,1,0,0.32053640484809875
21363,3,0,0.11247649043798447
21364,4,0,0.13727758824825287
21365,5,0,0.1557956039905548
21366,1,0,0.03566655144095421
21367,5,1,0.12460322678089142
21368,4,0,0.15030108392238617
21369,3,0,0.17944329977035522
21370,1,1,0.12812615931034088
21371,1,1,0.14841419458389282
21372,4,0,0.2322608232498169
21373,5,0,0.08103103935718536
21374,5,0,0.15408149361610413
21375,3,0,0.20497971773147583
21376,3,0,0.7884397506713867
21377,2,0,0.1612599939107895
21378,5,1,0.7178800702095032
21379,2,0,0.0728270411491394
21380,3,1,0.09845539927482605
21381,5,0,0.6631076335906982
21382,5,0,0.16850923001766205
21383,1,0,0.27861496806144714
21384,5,0,0.5168365240097046
21385,1,0,0.08378508687019348
21386,3,1,0.6429824233055115
21387,2,1,0.4190766513347626
21388,3,0,0.11907106637954712
21389,5,0,0.09198744595050812
21390,2,0,0.09991636872291565
21391,1,0,0.06764014065265656
21392,2,0,0.13299794495105743
21393,4,0,0.1241937205195427
21394,1,0,0.13553936779499054
21395,4,0,0.19452515244483948
21396,5,0,0.23686254024505615
21397,3,0,0.07166872918605804
21398,2,1,0.3430631756782532
21399,1,1,0.453856498003006
21400,5,1,0.2541455328464508
21401,5,0,0.27674412727355957
21402,5,0,0.1813453733921051
21403,1,0,0.17093290388584137
21404,4,0,0.13944672048091888
21405,3,0,0.07249385863542557
21406,2,0,0.19435933232307434
21407,3,0,0.05832371860742569
21408,1,0,0.18944604694843292
21409,4,0,0.09619203209877014
21410,2,0,0.21027158200740814
21411,2,1,0.22364775836467743
21412,1,0,0.0529131256043911
21413,5,0,0.3205690383911133
21414,5,0,0.686389148235321
21415,3,0,0.22347266972064972
21416,4,1,0.11116036027669907
21417,4,0,0.10621874034404755
21418,5,0,0.719636857509613
21419,4,1,0.1816391795873642
21420,5,0,0.06793974339962006
21421,3,0,0.11867625266313553
21422,4,0,0.49797913432121277
21423,2,0,0.26981210708618164
21424,5,1,0.11682510375976562
21425,1,0,0.3492639362812042
21426,4,0,0.15092554688453674
21427,4,0,0.054411984980106354
21428,4,0,0.03466280922293663
21429,2,1,0.6575540900230408
21430,2,0,0.40500015020370483
21431,2,0,0.2870396077632904
21432,1,0,0.16114497184753418
21433,5,1,0.42693185806274414
21434,1,0,0.13620047271251678
21435,1,1,0.15046554803848267
21436,5,1,0.7668796181678772
21437,1,0,0.15977491438388824
21438,4,0,0.09972355514764786
21439,3,0,0.14622245728969574
21440,5,0,0.0684891864657402
21441,2,0,0.07393471896648407
21442,1,0,0.0791664570569992
21443,3,0,0.5003858208656311
21444,5,1,0.5847481489181519
21445,5,0,0.14800558984279633
21446,3,0,0.13546648621559143
21447,2,0,0.13115788996219635
21448,2,0,0.08803632855415344
21449,5,0,0.12440365552902222
21450,3,0,0.4212888181209564
21451,3,0,0.38767483830451965
21452,1,0,0.16214852035045624
21453,1,0,0.14210058748722076
21454,2,0,0.08606303483247757
21455,3,0,0.10576774924993515
21456,5,0,0.12641440331935883
21457,2,0,0.05782844498753548
21458,4,1,0.6851715445518494
21459,4,0,0.2762967050075531
21460,1,1,0.15779070556163788
21461,5,0,0.2002975344657898
21462,4,0,0.10564357042312622
21463,1,1,0.7237640619277954
21464,4,0,0.04203968495130539
21465,5,0,0.0654091164469719
21466,3,0,0.09423638135194778
21467,3,0,0.1674925833940506
21468,4,0,0.07458708435297012
21469,5,0,0.11814996600151062
21470,4,0,0.05841117352247238
21471,5,0,0.2158021628856659
21472,2,0,0.3125050961971283
21473,4,1,0.16063952445983887
21474,5,0,0.17397017776966095
21475,3,0,0.07739631831645966
21476,2,0,0.1709512621164322
21477,3,0,0.1594160497188568
21478,5,0,0.1973850429058075
21479,5,0,0.10326027870178223
21480,4,0,0.12060724198818207
21481,3,1,0.6774564981460571
21482,1,0,0.10871785879135132
21483,4,0,0.06591101735830307
21484,5,0,0.18721236288547516
21485,4,0,0.0848865956068039
21486,1,0,0.11853916198015213
21487,4,0,0.4003138840198517
21488,4,0,0.0513116680085659
21489,2,0,0.21561414003372192
21490,5,0,0.24395105242729187
21491,2,0,0.11028110235929489
21492,2,1,0.17006538808345795
21493,2,0,0.17706814408302307
21494,2,1,0.7366066575050354
21495,4,0,0.15200470387935638
21496,5,1,0.7654854655265808
21497,4,0,0.11006611585617065
21498,5,0,0.1265556514263153
21499,2,0,0.08497214317321777
21500,4,0,0.0633227750658989
21501,2,0,0.6865817308425903
21502,1,1,0.7922272682189941
21503,3,0,0.07984175533056259
21504,1,0,0.12238702178001404
21505,3,1,0.34578195214271545
21506,2,0,0.0999533087015152
21507,1,0,0.21596978604793549
21508,4,0,0.15922540426254272
21509,5,0,0.31889602541923523
21510,5,0,0.07446138560771942
21511,3,0,0.24528351426124573
21512,2,0,0.0681186094880104
21513,4,0,0.11671914905309677
21514,1,0,0.09805915504693985
21515,4,0,0.09265626221895218
21516,1,1,0.3158155381679535
21517,2,0,0.15727883577346802
21518,4,0,0.047349877655506134
21519,5,0,0.05397124961018562
21520,1,1,0.7476353645324707
21521,4,0,0.038875382393598557
21522,2,0,0.18226531147956848
21523,3,0,0.08959932625293732
21524,2,0,0.1495695561170578
21525,3,0,0.1162467822432518
21526,2,0,0.3257354199886322
21527,2,0,0.6725329756736755
21528,5,0,0.14551576972007751
21529,2,0,0.08910291641950607
21530,3,0,0.19990886747837067
21531,5,0,0.07356196641921997
21532,4,1,0.4116046726703644
21533,5,0,0.09103888273239136
21534,2,1,0.650992751121521
21535,2,1,0.3938429057598114
21536,3,0,0.2708672285079956
21537,4,0,0.09204547107219696
21538,5,0,0.06820030510425568
21539,2,1,0.1382429152727127
21540,4,0,0.06499577313661575
21541,5,0,0.13393010199069977
21542,3,0,0.07378487288951874
21543,1,0,0.08486517518758774
21544,3,1,0.7023754119873047
21545,2,0,0.1398954838514328
21546,3,0,0.15866294503211975
21547,5,0,0.09717719256877899
21548,4,0,0.1293923705816269
21549,2,0,0.04254111647605896
21550,3,1,0.6118518114089966
21551,1,1,0.1388654261827469
21552,1,1,0.651929497718811
21553,3,0,0.2100437879562378
21554,3,1,0.12231709063053131
21555,5,0,0.04569440335035324
21556,5,0,0.1210198774933815
21557,1,1,0.44253629446029663
21558,3,0,0.04850153997540474
21559,2,0,0.18536913394927979
21560,1,0,0.1487327516078949
21561,2,0,0.4613553285598755
21562,3,1,0.7027540802955627
21563,1,0,0.11355850100517273
21564,1,0,0.0448913499712944
21565,1,0,0.1550731062889099
21566,5,0,0.1272105872631073
21567,5,0,0.04569786414504051
21568,2,0,0.2026473879814148
21569,2,1,0.7880551218986511
21570,1,0,0.15579181909561157
21571,2,0,0.18861371278762817
21572,1,1,0.7794736623764038
21573,2,0,0.16336482763290405
21574,3,0,0.1488751471042633
21575,2,0,0.15913070738315582
21576,3,0,0.049826961010694504
21577,1,1,0.16488532721996307
21578,2,0,0.0872425064444542
21579,4,0,0.03767400607466698
21580,3,0,0.19547508656978607
21581,1,0,0.11721038073301315
21582,1,0,0.035833802074193954
21583,1,1,0.784898042678833
21584,4,0,0.12589240074157715
21585,5,0,0.07063823938369751
21586,3,1,0.40618038177490234
21587,5,0,0.19753865897655487
21588,4,0,0.056790996342897415
21589,2,0,0.13484981656074524
21590,2,1,0.05420271307229996
21591,3,0,0.18569301068782806
21592,1,1,0.5615851283073425
21593,4,1,0.1884714514017105
21594,3,0,0.09555243700742722
21595,3,0,0.09070923179388046
21596,2,0,0.31211331486701965
21597,2,0,0.2420591413974762
21598,2,0,0.07663803547620773
21599,1,0,0.14377698302268982
21600,3,0,0.22535961866378784
21601,2,0,0.22232531011104584
21602,3,0,0.17603306472301483
21603,1,0,0.14920131862163544
21604,4,0,0.1457614004611969
21605,1,0,0.09828558564186096
21606,2,0,0.10464369505643845
21607,3,0,0.03438407555222511
21608,2,1,0.307268887758255
21609,5,1,0.6970319747924805
21610,1,1,0.7843759059906006
21611,5,0,0.15194499492645264
21612,5,1,0.23643380403518677
21613,2,0,0.35682278871536255
21614,4,0,0.08854468911886215
21615,5,0,0.11872991919517517
21616,5,0,0.2347058802843094
21617,1,0,0.27322089672088623
21618,3,0,0.2949223220348358
21619,1,0,0.13363537192344666
21620,5,1,0.0879763588309288
21621,3,1,0.7247939705848694
21622,1,0,0.06205347925424576
21623,3,0,0.15347790718078613
21624,1,1,0.1508338451385498
21625,1,0,0.1615726202726364
21626,4,0,0.08796145766973495
21627,3,0,0.07075806707143784
21628,2,0,0.06342173367738724
21629,3,0,0.43005886673927307
21630,2,0,0.1869504302740097
21631,4,0,0.46504631638526917
21632,1,1,0.30696532130241394
21633,2,0,0.11865260452032089
21634,4,1,0.3485317826271057
21635,4,0,0.06096798926591873
21636,3,1,0.7767719626426697
21637,5,1,0.17451992630958557
21638,3,1,0.7681976556777954
21639,2,0,0.08964183181524277
21640,2,0,0.17759203910827637
21641,3,0,0.08098606020212173
21642,1,1,0.48460519313812256
21643,1,1,0.42089909315109253
21644,3,1,0.22709845006465912
21645,4,0,0.10413558781147003
21646,2,0,0.15599612891674042
21647,1,1,0.17465002834796906
21648,5,0,0.05758887901902199
21649,1,1,0.3103829622268677
21650,2,0,0.16921396553516388
21651,2,0,0.10023505240678787
21652,4,0,0.30156224966049194
21653,5,1,0.3340143859386444
21654,5,0,0.2551092207431793
21655,1,0,0.0786937028169632
21656,1,0,0.07256840169429779
21657,1,1,0.6324782967567444
21658,3,0,0.10493126511573792
21659,4,0,0.045702140778303146
21660,4,0,0.1490836888551712
21661,4,0,0.060394253581762314
21662,3,1,0.15416711568832397
21663,3,0,0.5057072639465332
21664,4,1,0.7318204641342163
21665,2,0,0.17713527381420135
21666,4,0,0.17007599771022797
21667,2,0,0.14773927628993988
21668,1,0,0.11598452925682068
21669,5,0,0.18207472562789917
21670,5,0,0.11463002860546112
21671,2,0,0.14475303888320923
21672,1,0,0.13289210200309753
21673,3,0,0.1685291975736618
21674,5,0,0.09845873713493347
21675,4,0,0.1802242398262024
21676,5,1,0.1669589728116989
21677,3,1,0.6159608960151672
21678,3,0,0.18703080713748932
21679,2,0,0.42680907249450684
21680,2,0,0.13465571403503418
21681,3,0,0.1946195513010025
21682,3,1,0.20532743632793427
21683,5,0,0.08187805116176605
21684,2,0,0.09249456971883774
21685,1,1,0.7382410168647766
21686,5,0,0.2473936527967453
21687,2,0,0.07734765857458115
21688,2,0,0.07021127641201019
21689,2,0,0.07131368666887283
21690,5,0,0.12086296081542969
21691,4,0,0.07848299294710159
21692,3,0,0.21684274077415466
21693,5,1,0.13188637793064117
21694,3,0,0.15625502169132233
21695,3,0,0.2691914439201355
21696,5,0,0.10146152228116989
21697,4,0,0.04260038584470749
21698,2,1,0.5304268002510071
21699,4,0,0.10563414543867111
21700,1,0,0.03381161391735077
21701,4,0,0.13320225477218628
21702,1,0,0.22119107842445374
21703,2,0,0.14602403342723846
21704,2,0,0.16841594874858856
21705,2,0,0.03270316869020462
21706,3,0,0.11709596961736679
21707,4,1,0.07780206203460693
21708,2,1,0.6675223112106323
21709,4,1,0.4891994297504425
21710,2,0,0.11829517781734467
21711,5,0,0.4346120059490204
21712,3,0,0.28029942512512207
21713,5,0,0.16715553402900696
21714,1,1,0.7728739976882935
21715,5,0,0.08170876652002335
21716,1,0,0.13298538327217102
21717,5,0,0.7815945148468018
21718,1,1,0.8032456040382385
21719,2,0,0.18028028309345245
21720,5,0,0.127748042345047
21721,3,0,0.12879621982574463
21722,3,0,0.05147704482078552
21723,5,0,0.17143453657627106
21724,2,0,0.14827769994735718
21725,5,0,0.12360257655382156
21726,1,0,0.10755834728479385
21727,5,0,0.061560507863759995
21728,3,0,0.14239394664764404
21729,5,0,0.03434630483388901
21730,2,0,0.08627255260944366
21731,2,0,0.20587149262428284
21732,1,0,0.10717745870351791
21733,4,1,0.3148959279060364
21734,4,1,0.19352668523788452
21735,5,0,0.3411376178264618
21736,5,0,0.23167888820171356
21737,3,0,0.16289986670017242
21738,1,1,0.14641156792640686
21739,2,0,0.13836635649204254
21740,3,0,0.04604150354862213
21741,4,0,0.09724146127700806
21742,3,1,0.2495759129524231
21743,1,0,0.15169018507003784
21744,1,0,0.11090187728404999
21745,1,0,0.08734230697154999
21746,5,0,0.0636339858174324
21747,5,0,0.5764452219009399
21748,2,1,0.5141634345054626
21749,3,0,0.2802492082118988
21750,5,0,0.04777590185403824
21751,3,1,0.42275819182395935
21752,3,0,0.2781369090080261
21753,4,0,0.39909833669662476
21754,1,1,0.6852427124977112
21755,4,0,0.2264855057001114
21756,5,0,0.8370248079299927
21757,4,0,0.05802963301539421
21758,3,0,0.1678173691034317
21759,3,1,0.0271975789219141
21760,2,0,0.08880190551280975
21761,3,0,0.14410234987735748
21762,2,0,0.09933444857597351
21763,4,0,0.09925433248281479
21764,5,0,0.04844006896018982
21765,3,0,0.10235487669706345
21766,5,0,0.3048618733882904
21767,1,0,0.1358584761619568
21768,4,0,0.06450721621513367
21769,2,0,0.10495072603225708
21770,3,1,0.08944135904312134
21771,5,0,0.1611252725124359
21772,3,1,0.29626476764678955
21773,1,0,0.13770924508571625
21774,3,0,0.2479436993598938
21775,5,0,0.17558600008487701
21776,5,1,0.14689475297927856
21777,1,0,0.24789324402809143
21778,2,0,0.11154940724372864
21779,5,0,0.15866757929325104
21780,2,0,0.41119304299354553
21781,5,0,0.13415952026844025
21782,5,1,0.6672869324684143
21783,5,0,0.07612268626689911
21784,2,1,0.28973227739334106
21785,4,0,0.14790968596935272
21786,3,0,0.0318637378513813
21787,4,0,0.04839510843157768
21788,4,0,0.14817818999290466
21789,4,0,0.7465851902961731
21790,5,0,0.13551686704158783
21791,4,1,0.796927273273468
21792,2,0,0.0736253559589386
21793,3,0,0.14925073087215424
21794,1,0,0.04604710638523102
21795,5,0,0.15783853828907013
21796,2,1,0.3388482630252838
21797,4,0,0.15539370477199554
21798,2,0,0.11322829872369766
21799,1,1,0.45673584938049316
21800,4,0,0.15072989463806152
21801,5,0,0.15651308000087738
21802,2,0,0.2685321271419525
21803,2,0,0.20255176723003387
21804,2,1,0.0990481749176979
21805,3,0,0.14582735300064087
21806,3,0,0.16322271525859833
21807,1,0,0.2757197916507721
21808,5,1,0.1185595765709877
21809,5,0,0.08037412166595459
21810,1,0,0.17617866396903992
21811,4,0,0.14026184380054474
21812,3,0,0.11291700601577759
21813,5,0,0.15585805475711823
21814,2,1,0.2749055325984955
21815,5,0,0.09594517946243286
21816,5,0,0.18780416250228882
21817,3,0,0.10271625220775604
21818,1,0,0.09578797221183777
21819,5,0,0.15584026277065277
21820,2,0,0.14755824208259583
21821,5,0,0.11779850721359253
21822,1,0,0.1313810497522354
21823,2,0,0.23481644690036774
21824,1,0,0.3195044696331024
21825,2,0,0.0698564350605011
21826,4,0,0.13695527613162994
21827,1,0,0.18838493525981903
21828,1,0,0.5971026420593262
21829,5,0,0.5201438069343567
21830,3,0,0.30842500925064087
21831,2,1,0.19031494855880737
21832,2,0,0.11696463078260422
21833,3,0,0.1657964438199997
21834,2,1,0.7647919058799744
21835,4,1,0.20655255019664764
21836,5,0,0.17076072096824646
21837,2,0,0.12350229918956757
21838,3,1,0.16349364817142487
21839,5,0,0.17913201451301575
21840,1,0,0.08811652660369873
21841,5,0,0.2388039082288742
21842,5,0,0.11793916672468185
21843,4,1,0.4175492227077484
21844,4,0,0.6282384395599365
21845,3,0,0.1403011530637741
21846,2,0,0.09339521825313568
21847,3,0,0.05400365963578224
21848,1,0,0.15881413221359253
21849,1,1,0.6545378565788269
21850,4,0,0.12075359374284744
21851,3,1,0.780308187007904
21852,3,0,0.1447867602109909
21853,2,0,0.07240723818540573
21854,3,0,0.07106378674507141
21855,5,0,0.15355797111988068
21856,1,0,0.10346396267414093
21857,2,0,0.13502144813537598
21858,5,0,0.1590203493833542
21859,4,0,0.6708145141601562
21860,5,0,0.1498447060585022
21861,1,0,0.08581683039665222
21862,1,0,0.35545235872268677
21863,4,1,0.23630402982234955
21864,3,0,0.05564931407570839
21865,4,0,0.274175763130188
21866,4,0,0.15224072337150574
21867,1,1,0.3170280456542969
21868,3,0,0.5730540156364441
21869,5,0,0.1419178694486618
21870,4,0,0.24945692718029022
21871,2,0,0.13213859498500824
21872,3,0,0.08166055381298065
21873,1,0,0.13030724227428436
21874,2,1,0.33532199263572693
21875,2,0,0.4217160940170288
21876,2,0,0.09766484051942825
21877,4,0,0.16118401288986206
21878,4,0,0.6169722080230713
21879,2,0,0.21075651049613953
21880,5,0,0.15388569235801697
21881,4,0,0.19462557137012482
21882,4,0,0.15968047082424164
21883,5,1,0.6498085856437683
21884,4,0,0.1513645201921463
21885,2,0,0.07152098417282104
21886,3,0,0.12472806870937347
21887,2,0,0.041743893176317215
21888,2,0,0.10428020358085632
21889,5,0,0.6764979958534241
21890,1,0,0.13996878266334534
21891,5,0,0.11382181942462921
21892,4,0,0.2950916886329651
21893,5,0,0.15970155596733093
21894,3,0,0.05955740436911583
21895,3,0,0.1067303866147995
21896,4,1,0.6101974844932556
21897,4,0,0.07204781472682953
21898,4,0,0.29973432421684265
21899,4,0,0.14885272085666656
21900,5,0,0.1620107740163803
21901,2,1,0.12722152471542358
21902,1,0,0.07985374331474304
21903,2,0,0.05994947999715805
21904,1,0,0.18424201011657715
21905,3,0,0.08446705341339111
21906,1,0,0.21035684645175934
21907,2,1,0.6421427130699158
21908,2,1,0.1576780080795288
21909,2,0,0.16720478236675262
21910,3,0,0.08914981037378311
21911,4,0,0.1343192756175995
21912,3,1,0.21102237701416016
21913,1,0,0.2001243233680725
21914,3,0,0.386015921831131
21915,2,0,0.08956021815538406
21916,2,1,0.3814043402671814
21917,3,1,0.7012674808502197
21918,3,1,0.24554865062236786
21919,4,0,0.13113990426063538
21920,4,0,0.05352211371064186
21921,3,0,0.06019001454114914
21922,4,0,0.12824510037899017
21923,5,0,0.07594496756792068
21924,1,0,0.20354169607162476
21925,3,1,0.37377747893333435
21926,3,1,0.15418386459350586
21927,4,0,0.3809451460838318
21928,3,0,0.0844956636428833
21929,5,1,0.08397418260574341
21930,1,0,0.11238665133714676
21931,4,1,0.15770427882671356
21932,5,0,0.23292005062103271
21933,1,0,0.17377303540706635
21934,5,0,0.16055147349834442
21935,3,0,0.07955985516309738
21936,1,1,0.46691739559173584
21937,3,0,0.05441216006875038
21938,2,1,0.1486029177904129
21939,1,0,0.14514274895191193
21940,1,0,0.12427905946969986
21941,2,0,0.24103061854839325
21942,5,0,0.1572040617465973
21943,1,0,0.1985381692647934
21944,3,0,0.07067754864692688
21945,1,0,0.14462131261825562
21946,2,0,0.13132931292057037
21947,1,0,0.15697917342185974
21948,3,1,0.5020675659179688
21949,1,0,0.17297708988189697
21950,2,1,0.1285220980644226
21951,5,0,0.22518041729927063
21952,2,1,0.14075450599193573
21953,5,0,0.05579309165477753
21954,1,0,0.16096904873847961
21955,5,0,0.17686493694782257
21956,3,1,0.732250988483429
21957,4,0,0.06263565272092819
21958,3,0,0.13634347915649414
21959,2,0,0.08777627348899841
21960,2,1,0.12955276668071747
21961,5,0,0.0648614913225174
21962,3,0,0.08541573584079742
21963,5,0,0.12034662067890167
21964,2,0,0.044828787446022034
21965,5,0,0.10678524523973465
21966,1,0,0.11085342615842819
21967,2,1,0.22570852935314178
21968,3,0,0.03681669756770134
21969,4,0,0.45689794421195984
21970,4,1,0.13218602538108826
21971,3,1,0.12545083463191986
21972,4,0,0.7710697650909424
21973,2,1,0.3503652513027191
21974,3,0,0.09458594769239426
21975,4,0,0.043176133185625076
21976,4,0,0.12123343348503113
21977,4,0,0.11995803564786911
21978,5,0,0.10801121592521667
21979,2,1,0.7421093583106995
21980,5,1,0.08905305713415146
21981,2,0,0.0739043802022934
21982,3,0,0.17493321001529694
21983,5,0,0.16957320272922516
21984,5,0,0.10338879376649857
21985,3,1,0.8707760572433472
21986,5,0,0.04455167055130005
21987,5,1,0.26797613501548767
21988,5,0,0.08929266035556793
21989,5,0,0.09060708433389664
21990,2,0,0.11121995002031326
21991,4,0,0.3150264322757721
21992,5,0,0.15834754705429077
21993,4,0,0.15178802609443665
21994,5,0,0.30844372510910034
21995,4,0,0.06142808124423027
21996,3,0,0.6986067295074463
21997,1,1,0.32556790113449097
21998,3,0,0.17416039109230042
21999,3,0,0.2655997574329376
22000,4,1,0.22687864303588867
22001,3,0,0.03503267467021942
22002,3,0,0.025895124301314354
22003,2,0,0.1415720134973526
22004,3,0,0.10174839943647385
22005,1,0,0.0947638750076294
22006,4,0,0.16713730990886688
22007,2,0,0.09506560862064362
22008,2,0,0.06449593603610992
22009,4,0,0.05098064988851547
22010,4,0,0.16446398198604584
22011,3,0,0.0876414030790329
22012,3,0,0.11760146915912628
22013,4,1,0.46748673915863037
22014,1,0,0.1842842400074005
22015,3,1,0.2768835723400116
22016,2,0,0.34693846106529236
22017,2,0,0.1605183482170105
22018,5,1,0.15037523210048676
22019,2,1,0.6245546340942383
22020,5,0,0.4166671335697174
22021,4,0,0.22353868186473846
22022,1,1,0.1621973216533661
22023,3,1,0.6025233864784241
22024,5,1,0.32909759879112244
22025,1,0,0.5195514559745789
22026,5,0,0.05136055126786232
22027,2,0,0.09467414766550064
22028,3,1,0.055127471685409546
22029,1,0,0.09321726858615875
22030,1,0,0.17398576438426971
22031,3,0,0.1088322177529335
22032,1,0,0.05418375879526138
22033,3,0,0.04450027644634247
22034,2,0,0.10469946265220642
22035,2,0,0.058657169342041016
22036,3,0,0.5418316125869751
22037,1,0,0.17979112267494202
22038,3,1,0.25864261388778687
22039,2,0,0.5775341391563416
22040,5,0,0.1530064046382904
22041,2,1,0.7056555151939392
22042,1,0,0.14926420152187347
22043,1,1,0.20334336161613464
22044,5,1,0.04500115290284157
22045,4,0,0.06228546053171158
22046,4,1,0.7771323323249817
22047,1,0,0.03655575215816498
22048,5,0,0.06349816918373108
22049,5,1,0.08041032403707504
22050,1,1,0.16463801264762878
22051,1,0,0.14571309089660645
22052,3,1,0.19331377744674683
22053,1,0,0.09905438870191574
22054,4,1,0.7640247344970703
22055,1,1,0.35420119762420654
22056,1,0,0.31995171308517456
22057,4,0,0.5556638240814209
22058,5,1,0.7258183360099792
22059,3,0,0.14754706621170044
22060,1,0,0.07130330801010132
22061,1,1,0.15328849852085114
22062,5,0,0.12868615984916687
22063,2,0,0.17239317297935486
22064,1,0,0.571995198726654
22065,3,0,0.14113900065422058
22066,2,0,0.3499374985694885
22067,5,0,0.1066170185804367
22068,1,1,0.15906356275081635
22069,3,0,0.1694042831659317
22070,2,1,0.3661201596260071
22071,4,0,0.1546894609928131
22072,5,0,0.11831717193126678
22073,5,0,0.13595019280910492
22074,2,0,0.10846288502216339
22075,3,0,0.06483922898769379
22076,3,1,0.692141056060791
22077,4,0,0.11320004612207413
22078,4,1,0.31048914790153503
22079,3,0,0.17471963167190552
22080,2,0,0.21251030266284943
22081,3,0,0.10033654421567917
22082,5,0,0.07939647138118744
22083,5,1,0.22516092658042908
22084,1,0,0.07258809357881546
22085,1,1,0.7287513613700867
22086,4,0,0.07145924121141434
22087,3,1,0.439557284116745
22088,2,0,0.1316080540418625
22089,1,0,0.0723477229475975
22090,4,0,0.07987891882658005
22091,4,0,0.049299851059913635
22092,3,0,0.166423499584198
22093,1,0,0.028330286964774132
22094,1,0,0.054202258586883545
22095,4,0,0.09647328406572342
22096,2,0,0.16272659599781036
22097,3,0,0.05679009109735489
22098,3,1,0.15738560259342194
22099,1,0,0.20934879779815674
22100,3,1,0.1651456505060196
22101,4,0,0.6203448176383972
22102,1,0,0.11984951794147491
22103,2,0,0.08486642688512802
22104,1,0,0.11619853228330612
22105,1,0,0.027204878628253937
22106,1,0,0.18473593890666962
22107,2,0,0.0656551793217659
22108,4,0,0.11987035721540451
22109,1,0,0.08757109940052032
22110,5,0,0.09444236755371094
22111,1,0,0.1761830598115921
22112,3,1,0.4367927312850952
22113,3,0,0.18174098432064056
22114,4,0,0.0750192180275917
22115,4,1,0.6817603707313538
22116,4,0,0.150935098528862
22117,4,0,0.1739187240600586
22118,1,0,0.1561466008424759
22119,5,0,0.32064005732536316
22120,4,1,0.3380250930786133
22121,2,1,0.262759268283844
22122,2,1,0.2717283368110657
22123,3,0,0.15780407190322876
22124,5,1,0.21297430992126465
22125,4,0,0.09093593060970306
22126,4,1,0.7113823890686035
22127,4,0,0.38729655742645264
22128,2,1,0.22546938061714172
22129,4,0,0.316305011510849
22130,3,0,0.10681190341711044
22131,5,0,0.2374705672264099
22132,4,0,0.17817836999893188
22133,2,0,0.08192189782857895
22134,2,0,0.09110094606876373
22135,5,0,0.032969433814287186
22136,3,1,0.765537440776825
22137,5,1,0.14666464924812317
22138,5,0,0.35609838366508484
22139,5,0,0.11419127881526947
22140,1,0,0.12874647974967957
22141,2,0,0.1319779008626938
22142,1,0,0.1623205989599228
22143,2,1,0.6942014694213867
22144,4,1,0.12835010886192322
22145,4,0,0.14687572419643402
22146,5,1,0.8202404379844666
22147,5,0,0.3260376751422882
22148,3,0,0.3047770857810974
22149,5,1,0.5201835036277771
22150,1,0,0.4022533893585205
22151,1,0,0.03904740512371063
22152,5,0,0.23553898930549622
22153,4,0,0.19503706693649292
22154,2,0,0.06860768049955368
22155,1,0,0.5520769953727722
22156,4,0,0.38323602080345154
22157,5,0,0.15029160678386688
22158,2,0,0.07075469940900803
22159,4,0,0.08540663123130798
22160,3,0,0.12239313125610352
22161,4,0,0.10541163384914398
22162,5,0,0.14512479305267334
22163,1,0,0.05456588417291641
22164,5,0,0.15971244871616364
22165,2,0,0.1593928188085556
22166,1,0,0.12827809154987335
22167,5,0,0.17122314870357513
22168,2,0,0.1406572312116623
22169,3,0,0.17202357947826385
22170,5,0,0.16124755144119263
22171,2,0,0.06707500666379929
22172,1,0,0.2721530497074127
22173,4,0,0.11589822918176651
22174,5,0,0.07337284088134766
22175,4,0,0.17474520206451416
22176,3,1,0.7682676911354065
22177,1,0,0.09271609038114548
22178,4,0,0.16560706496238708
22179,5,1,0.13409820199012756
22180,3,0,0.11336591839790344
22181,2,0,0.17901302874088287
22182,5,0,0.07991847395896912
22183,5,0,0.10803484171628952
22184,4,1,0.5152254104614258
22185,5,1,0.2052863985300064
22186,4,1,0.6957573890686035
22187,4,0,0.0983722135424614
22188,2,0,0.2693946361541748
22189,1,0,0.1314445585012436
22190,2,1,0.1419386863708496
22191,1,0,0.1916126161813736
22192,3,0,0.05196940526366234
22193,5,0,0.4926282465457916
22194,5,0,0.1512441188097
22195,1,0,0.17267878353595734
22196,1,0,0.21307764947414398
22197,5,0,0.26305341720581055
22198,1,0,0.06290283799171448
22199,1,0,0.13891074061393738
22200,4,0,0.17850825190544128
22201,1,0,0.05973779037594795
22202,2,0,0.08632635325193405
22203,1,0,0.13296405971050262
22204,2,0,0.20298558473587036
22205,1,0,0.2188672423362732
22206,5,0,0.6855093836784363
22207,2,0,0.17194055020809174
22208,5,0,0.04423442855477333
22209,1,1,0.7621490359306335
22210,5,0,0.18181952834129333
22211,1,0,0.07269144058227539
22212,1,0,0.2918967008590698
22213,5,1,0.12606830894947052
22214,5,1,0.6217613816261292
22215,5,0,0.20905464887619019
22216,3,0,0.10999802500009537
22217,1,0,0.3458143472671509
22218,5,0,0.10609589517116547
22219,3,0,0.1112034022808075
22220,5,0,0.06571127474308014
22221,3,1,0.1754031926393509
22222,4,0,0.04639245569705963
22223,2,1,0.5217814445495605
22224,4,0,0.29080188274383545
22225,4,0,0.17316444218158722
22226,3,1,0.6130868792533875
22227,2,0,0.31568780541419983
22228,5,0,0.10685525089502335
22229,1,1,0.7907983064651489
22230,2,1,0.729200541973114
22231,3,0,0.0604557991027832
22232,3,0,0.2206827849149704
22233,5,1,0.15654508769512177
22234,1,0,0.6508328318595886
22235,5,0,0.08576272428035736
22236,5,1,0.6874668002128601
22237,4,0,0.15846699476242065
22238,4,1,0.1639205664396286
22239,3,0,0.18315574526786804
22240,5,0,0.06569711863994598
22241,5,0,0.17295587062835693
22242,5,0,0.10620664805173874
22243,3,0,0.06707640737295151
22244,3,0,0.06710495799779892
22245,4,0,0.07289830595254898
22246,2,0,0.0479259230196476
22247,1,0,0.18024064600467682
22248,5,0,0.11794092506170273
22249,3,0,0.07873213291168213
22250,2,0,0.41360753774642944
22251,3,0,0.1924261599779129
22252,2,0,0.08049271255731583
22253,5,0,0.09614308178424835
22254,4,1,0.09329041838645935
22255,3,1,0.09081979095935822
22256,3,1,0.4811903238296509
22257,1,1,0.8243541717529297
22258,5,0,0.29429876804351807
22259,5,0,0.08866714686155319
22260,2,0,0.15640617907047272
22261,5,0,0.13922302424907684
22262,5,0,0.5638754963874817
22263,3,0,0.05234791710972786
22264,1,0,0.07032664865255356
22265,4,0,0.08382413536310196
22266,3,1,0.24468162655830383
22267,4,0,0.436622679233551
22268,5,0,0.2691877782344818
22269,1,0,0.08387142419815063
22270,1,1,0.6662997007369995
22271,1,0,0.0978444367647171
22272,5,0,0.05876658111810684
22273,4,0,0.2511317729949951
22274,2,0,0.23930196464061737
22275,3,0,0.17130164802074432
22276,2,0,0.0712195485830307
22277,5,0,0.16468000411987305
22278,2,0,0.49756160378456116
22279,4,0,0.16646374762058258
22280,3,0,0.06226251646876335
22281,3,0,0.8017668724060059
22282,1,0,0.1424727439880371
22283,1,0,0.04755539819598198
22284,2,0,0.10084844380617142
22285,3,1,0.19783881306648254
22286,5,1,0.3657667934894562
22287,2,0,0.05137753486633301
22288,1,0,0.07795227319002151
22289,5,0,0.07204227894544601
22290,2,1,0.39238354563713074
22291,1,1,0.12333019077777863
22292,1,1,0.6505730152130127
22293,5,0,0.10179471969604492
22294,5,0,0.0665021687746048
22295,3,0,0.26164984703063965
22296,5,0,0.11995454877614975
22297,1,0,0.05414832383394241
22298,4,0,0.14026285707950592
22299,1,1,0.1653178185224533
22300,5,0,0.08764761686325073
22301,4,0,0.10510119050741196
22302,4,0,0.12585477530956268
22303,2,0,0.050389956682920456
22304,2,0,0.04978311061859131
22305,1,0,0.2521822452545166
22306,5,0,0.02567368932068348
22307,5,0,0.8164430856704712
22308,3,1,0.36424368619918823
22309,1,1,0.23605167865753174
22310,1,1,0.24185486137866974
22311,2,0,0.6735267639160156
22312,1,0,0.1440434604883194
22313,5,0,0.21751993894577026
22314,4,0,0.17880985140800476
22315,3,1,0.5935816168785095
22316,4,0,0.19580751657485962
22317,1,0,0.3863794207572937
22318,4,0,0.1360468715429306
22319,4,0,0.08341052383184433
22320,3,0,0.05087516829371452
22321,1,0,0.05866273492574692
22322,3,0,0.08401563763618469
22323,4,1,0.14099591970443726
22324,1,0,0.13059259951114655
22325,5,0,0.0957799032330513
22326,2,0,0.028624825179576874
22327,4,0,0.3319403827190399
22328,1,0,0.2327287197113037
22329,4,0,0.18794488906860352
22330,4,0,0.12350541353225708
22331,4,1,0.1860162317752838
22332,4,0,0.13362184166908264
22333,1,1,0.09028293937444687
22334,4,0,0.1361379772424698
22335,3,0,0.1867300271987915
22336,5,0,0.13219504058361053
22337,1,0,0.08904875069856644
22338,4,0,0.09472794085741043
22339,5,0,0.17001095414161682
22340,2,0,0.051034845411777496
22341,1,0,0.1381436288356781
22342,5,0,0.1639627069234848
22343,4,0,0.14878804981708527
22344,3,0,0.05715537816286087
22345,3,0,0.13922514021396637
22346,4,0,0.786806046962738
22347,5,0,0.22742319107055664
22348,3,0,0.21955418586730957
22349,5,1,0.1397467702627182
22350,4,0,0.12438978254795074
22351,2,0,0.1700425148010254
22352,4,0,0.21501944959163666
22353,5,0,0.05662809684872627
22354,2,0,0.27573442459106445
22355,1,0,0.07598123699426651
22356,1,1,0.21942363679409027
22357,1,0,0.1063268855214119
22358,1,1,0.09356068074703217
22359,1,0,0.09645379334688187
22360,4,0,0.1496221274137497
22361,3,0,0.04074833169579506
22362,4,0,0.13952487707138062
22363,4,0,0.12190589308738708
22364,3,0,0.07013185322284698
22365,1,1,0.12054694443941116
22366,2,0,0.04012354090809822
22367,1,0,0.6955212354660034
22368,2,0,0.12898683547973633
22369,4,0,0.12690283358097076
22370,2,0,0.0812019407749176
22371,2,1,0.5519708395004272
22372,1,0,0.1608366072177887
22373,1,0,0.048790086060762405
22374,1,1,0.32264867424964905
22375,3,0,0.377790629863739
22376,1,1,0.3912835419178009
22377,3,0,0.0841352716088295
22378,1,0,0.09210658818483353
22379,5,0,0.32603931427001953
22380,2,0,0.08857119083404541
22381,3,0,0.09641213715076447
22382,2,0,0.1085164025425911
22383,4,1,0.10858793556690216
22384,5,1,0.814745306968689
22385,4,0,0.0953158438205719
22386,1,0,0.03571375086903572
22387,5,0,0.6792287230491638
22388,4,0,0.15358184278011322
22389,3,1,0.15292538702487946
22390,4,0,0.20629580318927765
22391,5,0,0.10557670146226883
22392,1,0,0.33186280727386475
22393,3,0,0.042091161012649536
22394,5,1,0.5720232725143433
22395,5,0,0.1135702058672905
22396,5,0,0.13739264011383057
22397,1,0,0.14427579939365387
22398,1,0,0.051342058926820755
22399,4,0,0.07536796480417252
22400,1,0,0.12116287648677826
22401,3,1,0.6257356405258179
22402,2,0,0.25860095024108887
22403,4,0,0.2434898167848587
22404,1,0,0.12980081140995026
22405,2,0,0.31979796290397644
22406,1,0,0.17009952664375305
22407,2,0,0.07573330402374268
22408,4,0,0.39375925064086914
22409,1,0,0.1397939771413803
22410,1,0,0.04540930688381195
22411,5,0,0.05317641794681549
22412,4,0,0.10551593452692032
22413,3,0,0.1039082407951355
22414,2,0,0.06334670633077621
22415,5,0,0.0646388828754425
22416,3,0,0.11587855219841003
22417,4,1,0.5411816835403442
22418,3,1,0.19769547879695892
22419,2,1,0.415492445230484
22420,1,0,0.13559721410274506
22421,3,0,0.06189505383372307
22422,3,0,0.21406368911266327
22423,3,0,0.08138071000576019
22424,4,0,0.22056536376476288
22425,2,0,0.16786107420921326
22426,4,1,0.6186153292655945
22427,2,0,0.0869864672422409
22428,4,0,0.10311049222946167
22429,2,0,0.052703857421875
22430,4,1,0.6522248387336731
22431,1,0,0.07912521064281464
22432,4,1,0.2822985351085663
22433,5,1,0.6141309142112732
22434,2,0,0.2355824112892151
22435,5,0,0.12373530119657516
22436,5,0,0.11683088541030884
22437,3,0,0.16995278000831604
22438,4,0,0.0879846066236496
22439,2,0,0.06382471323013306
22440,3,0,0.11743620038032532
22441,1,1,0.07545560598373413
22442,4,0,0.23293818533420563
22443,4,0,0.22666899859905243
22444,5,1,0.5956377983093262
22445,1,0,0.15091583132743835
22446,2,0,0.27877599000930786
22447,3,0,0.12367461621761322
22448,1,0,0.07690080255270004
22449,2,0,0.3219068646430969
22450,4,1,0.2843810021877289
22451,2,1,0.6782554984092712
22452,3,0,0.07035042345523834
22453,4,0,0.23883920907974243
22454,3,0,0.29395791888237
22455,1,1,0.5735982060432434
22456,3,0,0.0813833624124527
22457,4,0,0.06382690370082855
22458,4,0,0.10224400460720062
22459,1,0,0.7764750719070435
22460,2,0,0.08992432802915573
22461,3,0,0.09315525740385056
22462,4,1,0.8302749395370483
22463,5,0,0.14038197696208954
22464,4,0,0.09786500036716461
22465,3,0,0.1842542439699173
22466,5,0,0.08907119929790497
22467,5,0,0.11668653041124344
22468,4,1,0.061602309346199036
22469,2,0,0.16110916435718536
22470,4,0,0.16497500240802765
22471,1,0,0.059071190655231476
22472,1,0,0.12194803357124329
22473,3,0,0.08876938372850418
22474,2,0,0.21746951341629028
22475,5,0,0.2224423736333847
22476,5,0,0.18547484278678894
22477,4,0,0.26137876510620117
22478,2,1,0.12082812935113907
22479,5,0,0.1844206154346466
22480,4,0,0.10956776142120361
22481,5,1,0.14614006876945496
22482,4,1,0.7509037852287292
22483,1,0,0.17793112993240356
22484,3,0,0.09908067435026169
22485,1,0,0.05239729955792427
22486,2,0,0.048266299068927765
22487,5,0,0.17617373168468475
22488,4,0,0.10307352989912033
22489,5,0,0.11036166548728943
22490,5,0,0.11763504892587662
22491,3,0,0.3098832666873932
22492,1,1,0.36995869874954224
22493,1,1,0.06506006419658661
22494,3,0,0.0849929228425026
22495,5,0,0.23030264675617218
22496,1,1,0.8696714043617249
22497,2,0,0.058837391436100006
22498,1,0,0.11965830624103546
22499,1,1,0.1533837467432022
22500,4,0,0.05444332957267761
22501,3,0,0.18761003017425537
22502,4,0,0.2264593541622162
22503,1,0,0.09782104194164276
22504,1,0,0.04304415360093117
22505,1,0,0.08916464447975159
22506,4,0,0.23788420855998993
22507,2,1,0.4135594964027405
22508,1,0,0.11458912491798401
22509,5,1,0.30823570489883423
22510,3,0,0.052645616233348846
22511,4,0,0.13099947571754456
22512,1,0,0.036006443202495575
22513,5,0,0.09894044697284698
22514,1,1,0.7499629855155945
22515,2,0,0.08468547463417053
22516,2,0,0.07557737827301025
22517,2,1,0.7469520568847656
22518,3,0,0.15475168824195862
22519,1,0,0.05952072516083717
22520,1,1,0.6427780389785767
22521,1,1,0.16422876715660095
22522,3,1,0.08316343277692795
22523,5,1,0.6452446579933167
22524,4,0,0.15435263514518738
22525,5,1,0.19300153851509094
22526,3,0,0.10727735608816147
22527,4,0,0.12082796543836594
22528,5,0,0.06582576781511307
22529,3,0,0.2008642703294754
22530,5,0,0.16326336562633514
22531,2,0,0.12828341126441956
22532,4,0,0.48215267062187195
22533,5,0,0.313337504863739
22534,3,0,0.13042272627353668
22535,4,1,0.7911112308502197
22536,2,0,0.06710764765739441
22537,1,0,0.7956603169441223
22538,3,0,0.07394195348024368
22539,4,0,0.2756446897983551
22540,5,1,0.3396476209163666
22541,5,0,0.1575964093208313
22542,3,0,0.16413839161396027
22543,4,1,0.5600366592407227
22544,4,0,0.13919882476329803
22545,5,0,0.16814470291137695
22546,3,0,0.5417696237564087
22547,5,0,0.06853891164064407
22548,5,0,0.07177601754665375
22549,4,0,0.03909808397293091
22550,2,0,0.07947656512260437
22551,3,0,0.14396436512470245
22552,4,0,0.06456183642148972
22553,1,0,0.05141924321651459
22554,5,0,0.41591373085975647
22555,4,0,0.12365831434726715
22556,1,0,0.15812690556049347
22557,5,1,0.6946245431900024
22558,3,0,0.058762721717357635
22559,1,0,0.02622765302658081
22560,2,0,0.06910211592912674
22561,1,0,0.12135664373636246
22562,2,0,0.10216612368822098
22563,1,0,0.7647125720977783
22564,3,0,0.16362446546554565
22565,3,1,0.16670647263526917
22566,5,0,0.09124439209699631
22567,5,0,0.18259328603744507
22568,3,0,0.16504356265068054
22569,2,0,0.2869948446750641
22570,3,0,0.06858641654253006
22571,2,0,0.12621480226516724
22572,4,0,0.7020628452301025
22573,5,0,0.05430951714515686
22574,4,0,0.14713193476200104
22575,3,0,0.06302449852228165
22576,2,0,0.648655116558075
22577,5,0,0.10548043251037598
22578,4,0,0.10526207834482193
22579,4,0,0.047497715801000595
22580,5,0,0.08445688337087631
22581,3,1,0.26663699746131897
22582,2,0,0.3999284505844116
22583,2,0,0.08315235376358032
22584,1,0,0.03334740549325943
22585,5,1,0.5421918630599976
22586,1,0,0.16185863316059113
22587,4,0,0.1367030143737793
22588,1,1,0.2705409526824951
22589,4,0,0.11901883035898209
22590,5,0,0.11547227203845978
22591,1,0,0.48127633333206177
22592,4,0,0.23700059950351715
22593,3,1,0.4124351143836975
22594,1,0,0.1874804049730301
22595,1,0,0.17408400774002075
22596,5,0,0.04986041411757469
22597,1,0,0.8010680079460144
22598,2,0,0.18066692352294922
22599,1,1,0.23051726818084717
22600,2,1,0.08131012320518494
22601,2,0,0.2760944962501526
22602,5,0,0.07427193224430084
22603,3,0,0.14980460703372955
22604,3,0,0.06652988493442535
22605,5,0,0.040428247302770615
22606,4,0,0.7860262393951416
22607,4,0,0.17823754251003265
22608,1,1,0.1268717348575592
22609,5,0,0.467573344707489
22610,3,0,0.1439683735370636
22611,1,1,0.1165216788649559
22612,1,0,0.16711582243442535
22613,1,1,0.29565972089767456
22614,1,0,0.14703528583049774
22615,5,1,0.6117973327636719
22616,2,0,0.1615666151046753
22617,1,0,0.1289447546005249
22618,1,1,0.7085683941841125
22619,5,0,0.02903483435511589
22620,4,1,0.7579811811447144
22621,1,0,0.09509389102458954
22622,3,1,0.09482886642217636
22623,1,0,0.2787879407405853
22624,3,0,0.10712356120347977
22625,1,0,0.05448414757847786
22626,4,0,0.12015494704246521
22627,1,0,0.092333123087883
22628,4,1,0.23484912514686584
22629,2,1,0.7189388275146484
22630,3,1,0.07646284997463226
22631,1,1,0.7080381512641907
22632,3,1,0.06503168493509293
22633,2,0,0.6555081009864807
22634,4,0,0.1077745258808136
22635,4,0,0.060369767248630524
22636,1,1,0.7691667079925537
22637,5,0,0.08373475819826126
22638,1,0,0.15015485882759094
22639,5,0,0.3383488655090332
22640,5,0,0.09185198694467545
22641,3,1,0.3093658685684204
22642,1,1,0.18309615552425385
22643,3,0,0.6086546778678894
22644,2,1,0.12666834890842438
22645,3,0,0.13623152673244476
22646,2,0,0.09054248780012131
22647,1,0,0.5018395185470581
22648,3,0,0.13098293542861938
22649,2,0,0.2257290482521057
22650,2,1,0.4783913791179657
22651,4,0,0.24522575736045837
22652,4,0,0.4184289276599884
22653,2,0,0.3300491273403168
22654,1,0,0.41419079899787903
22655,3,1,0.05297161638736725
22656,3,1,0.2447763830423355
22657,1,0,0.21680372953414917
22658,1,0,0.06566152721643448
22659,4,1,0.538401186466217
22660,1,0,0.27748873829841614
22661,4,0,0.1397007405757904
22662,3,0,0.16919341683387756
22663,3,1,0.6702322959899902
22664,5,0,0.1072714626789093
22665,3,1,0.19882656633853912
22666,4,1,0.7424358129501343
22667,1,1,0.7752927541732788
22668,5,0,0.04454261064529419
22669,2,0,0.07869324088096619
22670,5,0,0.23340153694152832
22671,5,0,0.05663103982806206
22672,3,0,0.0975550040602684
22673,5,0,0.02522405795753002
22674,3,0,0.2642550766468048
22675,5,0,0.06291687488555908
22676,5,1,0.14905965328216553
22677,1,0,0.1010265201330185
22678,2,1,0.3519378900527954
22679,4,0,0.09336308389902115
22680,2,0,0.11186870187520981
22681,2,0,0.0928734540939331
22682,5,0,0.04678067937493324
22683,4,1,0.6648567318916321
22684,3,0,0.13965767621994019
22685,4,0,0.23939861357212067
22686,3,0,0.028130659833550453
22687,1,0,0.12862367928028107
22688,3,0,0.0891791507601738
22689,3,1,0.6812152862548828
22690,2,0,0.3320072591304779
22691,1,0,0.13526654243469238
22692,4,0,0.07307121157646179
22693,1,0,0.0791512206196785
22694,1,0,0.1801726371049881
22695,2,0,0.32162898778915405
22696,5,0,0.5647120475769043
22697,1,0,0.08489327877759933
22698,5,0,0.284244567155838
22699,3,1,0.10629947483539581
22700,4,0,0.07758678495883942
22701,5,0,0.4566677212715149
22702,2,0,0.086440309882164
22703,4,0,0.18596385419368744
22704,1,0,0.10268878936767578
22705,4,0,0.0864972397685051
22706,1,0,0.09745091944932938
22707,4,0,0.14151789247989655
22708,4,0,0.239174947142601
22709,2,0,0.14117418229579926
22710,5,0,0.16888947784900665
22711,5,0,0.06240933761000633
22712,2,0,0.05901234596967697
22713,3,0,0.10655299574136734
22714,3,0,0.16113917529582977
22715,4,0,0.12093790620565414
22716,3,0,0.08980416506528854
22717,3,1,0.11625900119543076
22718,1,0,0.15636491775512695
22719,2,1,0.304037868976593
22720,1,0,0.28327101469039917
22721,4,1,0.8188198804855347
22722,1,1,0.12417125701904297
22723,5,0,0.044560451060533524
22724,2,0,0.11403455585241318
22725,2,0,0.08736414462327957
22726,4,0,0.13326355814933777
22727,1,1,0.10276181250810623
22728,5,0,0.14420966804027557
22729,1,0,0.07760316878557205
22730,5,0,0.3014041483402252
22731,5,1,0.12235920131206512
22732,3,0,0.26903584599494934
22733,4,0,0.06557900458574295
22734,5,0,0.19577111303806305
22735,3,0,0.03162596747279167
22736,5,0,0.07498408108949661
22737,3,1,0.29996350407600403
22738,5,0,0.23741142451763153
22739,4,0,0.28864437341690063
22740,1,0,0.08672772347927094
22741,2,0,0.1494828313589096
22742,1,1,0.11693380028009415
22743,2,0,0.20257128775119781
22744,1,0,0.061680667102336884
22745,3,0,0.18445031344890594
22746,5,0,0.13393135368824005
22747,1,1,0.3416459262371063
22748,3,0,0.13947714865207672
22749,1,1,0.6877904534339905
22750,5,1,0.199120432138443
22751,4,1,0.6685052514076233
22752,4,0,0.25825679302215576
22753,3,0,0.1461385190486908
22754,4,0,0.7710881233215332
22755,5,0,0.4783686697483063
22756,4,0,0.11565748602151871
22757,5,0,0.10954801738262177
22758,3,0,0.05730481445789337
22759,5,1,0.10470663756132126
22760,3,1,0.6826453804969788
22761,5,0,0.04617944732308388
22762,4,0,0.22888031601905823
22763,3,0,0.09956708550453186
22764,1,0,0.16623400151729584
22765,2,0,0.0560397244989872
22766,4,0,0.0406823568046093
22767,5,0,0.07679671049118042
22768,3,0,0.3571080267429352
22769,4,0,0.1368420273065567
22770,2,0,0.16379472613334656
22771,2,1,0.1671411693096161
22772,4,0,0.08862243592739105
22773,5,1,0.12263553589582443
22774,3,1,0.22532029449939728
22775,2,0,0.31481677293777466
22776,1,1,0.10533708333969116
22777,2,0,0.07902825623750687
22778,5,0,0.03327282890677452
22779,2,1,0.24534863233566284
22780,2,0,0.06441213190555573
22781,1,0,0.09419801831245422
22782,2,0,0.21522176265716553
22783,5,0,0.09006635844707489
22784,1,0,0.13542701303958893
22785,1,0,0.07369708269834518
22786,1,0,0.06573878228664398
22787,1,0,0.15510939061641693
22788,3,0,0.17598213255405426
22789,1,0,0.18276435136795044
22790,3,0,0.18180741369724274
22791,3,0,0.09259992092847824
22792,2,1,0.7834596037864685
22793,2,0,0.09537237882614136
22794,4,1,0.16359245777130127
22795,1,1,0.11028587073087692
22796,5,0,0.15488629043102264
22797,4,0,0.11069244146347046
22798,3,1,0.5599604249000549
22799,2,0,0.10007306933403015
22800,5,0,0.04709714278578758
22801,2,1,0.4484251141548157
22802,2,0,0.18750536441802979
22803,5,0,0.19064781069755554
22804,5,1,0.3210146427154541
22805,2,1,0.7371371984481812
22806,3,0,0.08410968631505966
22807,2,0,0.14020399749279022
22808,2,0,0.04272110387682915
22809,4,0,0.04510295018553734
22810,4,1,0.34053292870521545
22811,4,0,0.05060138553380966
22812,1,1,0.7519866824150085
22813,2,0,0.1713813990354538
22814,1,0,0.08854344487190247
22815,4,0,0.8596537709236145
22816,4,0,0.14652188122272491
22817,5,0,0.14809103310108185
22818,4,0,0.09566324204206467
22819,2,0,0.24179819226264954
22820,5,0,0.1464921236038208
22821,1,1,0.5955223441123962
22822,5,1,0.8153597116470337
22823,4,0,0.11947187781333923
22824,2,0,0.055871136486530304
22825,1,0,0.15540705621242523
22826,3,1,0.2852422297000885
22827,5,0,0.13963088393211365
22828,4,1,0.6855813264846802
22829,1,1,0.13076746463775635
22830,1,1,0.8513405919075012
22831,3,0,0.0787559375166893
22832,3,0,0.10454747825860977
22833,3,0,0.08269647508859634
22834,2,1,0.3191194236278534
22835,3,0,0.1324203461408615
22836,1,1,0.18830452859401703
22837,1,0,0.1343516707420349
22838,5,0,0.0561106875538826
22839,3,0,0.12467385083436966
22840,4,0,0.07063823938369751
22841,2,0,0.21426787972450256
22842,2,0,0.03870965912938118
22843,3,0,0.07490700483322144
22844,4,0,0.2958768308162689
22845,1,0,0.05412963405251503
22846,2,0,0.1643306016921997
22847,2,1,0.6744454503059387
22848,2,0,0.13891704380512238
22849,2,1,0.8498097658157349
22850,1,0,0.05955544114112854
22851,1,0,0.09664984047412872
22852,4,0,0.24033008515834808
22853,1,0,0.1571139693260193
22854,1,0,0.17077596485614777
22855,1,0,0.12379010766744614
22856,3,0,0.1550484448671341
22857,1,0,0.15297141671180725
22858,4,0,0.22321867942810059
22859,5,0,0.11239110678434372
22860,4,1,0.07350961118936539
22861,1,1,0.5466630458831787
22862,2,0,0.07594279944896698
22863,1,0,0.04214552417397499
22864,4,0,0.1131872683763504
22865,2,0,0.16540387272834778
22866,4,0,0.034909188747406006
22867,3,0,0.10494629293680191
22868,1,0,0.09845846146345139
22869,2,0,0.08589573949575424
22870,4,0,0.09076960384845734
22871,3,1,0.5334480404853821
22872,5,0,0.09856750816106796
22873,2,0,0.09735668450593948
22874,2,1,0.514775276184082
22875,2,0,0.05088350176811218
22876,3,1,0.08309832215309143
22877,1,0,0.11097893118858337
22878,5,0,0.04819556698203087
22879,5,0,0.1425546556711197
22880,2,1,0.5026187300682068
22881,4,0,0.7595812082290649
22882,3,0,0.14435888826847076
22883,5,1,0.20749446749687195
22884,3,0,0.11135498434305191
22885,5,0,0.10704369843006134
22886,1,1,0.2984214723110199
22887,1,0,0.031641412526369095
22888,2,1,0.18572165071964264
22889,3,0,0.08945924043655396
22890,5,0,0.11320951581001282
22891,1,0,0.16726577281951904
22892,4,0,0.11969294399023056
22893,4,0,0.0609508715569973
22894,5,0,0.14168736338615417
22895,3,1,0.6194630265235901
22896,5,0,0.14291349053382874
22897,2,1,0.18105383217334747
22898,2,1,0.6273616552352905
22899,4,0,0.38122010231018066
22900,4,0,0.11453074216842651
22901,2,0,0.10918477922677994
22902,1,0,0.20231957733631134
22903,1,0,0.14506734907627106
22904,3,0,0.07321903109550476
22905,2,0,0.2741703689098358
22906,1,0,0.06810732185840607
22907,5,0,0.0895146057009697
22908,5,0,0.12964358925819397
22909,2,0,0.09729185700416565
22910,1,0,0.14728188514709473
22911,4,0,0.6318594813346863
22912,1,0,0.16461299359798431
22913,3,0,0.09853503853082657
22914,2,0,0.3213324546813965
22915,5,0,0.03672996908426285
22916,4,0,0.16886918246746063
22917,3,0,0.043619055300951004
22918,4,0,0.17972750961780548
22919,2,0,0.15617652237415314
22920,1,0,0.5047152042388916
22921,2,0,0.11097622662782669
22922,1,0,0.1405697464942932
22923,4,1,0.5810625553131104
22924,5,0,0.32084766030311584
22925,2,1,0.4335010051727295
22926,4,0,0.21774832904338837
22927,1,0,0.2932289242744446
22928,5,1,0.143840029835701
22929,3,0,0.17574037611484528
22930,1,0,0.17653241753578186
22931,1,0,0.048405081033706665
22932,3,0,0.09613587707281113
22933,3,1,0.14461490511894226
22934,2,0,0.14254988729953766
22935,2,0,0.08139527589082718
22936,5,0,0.0855601578950882
22937,4,1,0.31949251890182495
22938,5,0,0.11921324580907822
22939,3,0,0.07059168815612793
22940,1,0,0.48673075437545776
22941,2,1,0.6730650663375854
22942,4,0,0.08488868921995163
22943,2,0,0.14285017549991608
22944,1,0,0.15970848500728607
22945,4,0,0.1296587586402893
22946,4,0,0.09756291657686234
22947,1,0,0.11157416552305222
22948,1,0,0.07442639768123627
22949,3,0,0.24143841862678528
22950,4,1,0.6044654250144958
22951,2,0,0.12188571691513062
22952,2,0,0.18088065087795258
22953,2,1,0.740387499332428
22954,2,0,0.11648105829954147
22955,1,1,0.23203738033771515
22956,3,0,0.06728155165910721
22957,4,0,0.26004913449287415
22958,3,1,0.19611157476902008
22959,2,0,0.22413070499897003
22960,3,0,0.45936039090156555
22961,3,0,0.2829504907131195
22962,5,0,0.11982113867998123
22963,3,1,0.26396575570106506
22964,4,0,0.07433582097291946
22965,1,1,0.4514663517475128
22966,5,0,0.09391321986913681
22967,3,0,0.3966941237449646
22968,5,1,0.25567296147346497
22969,1,0,0.06024014577269554
22970,3,1,0.0931880921125412
22971,2,1,0.06563163548707962
22972,5,0,0.070771224796772
22973,3,0,0.15279585123062134
22974,3,0,0.3179296553134918
22975,2,0,0.050391387194395065
22976,3,0,0.34004640579223633
22977,3,1,0.07006072998046875
22978,1,0,0.09247290343046188
22979,2,0,0.32587891817092896
22980,3,0,0.6733015775680542
22981,2,0,0.11271856725215912
22982,1,0,0.1888858824968338
22983,3,0,0.5000796318054199
22984,1,0,0.1632145494222641
22985,5,0,0.04821837693452835
22986,5,1,0.09499716758728027
22987,1,0,0.11676470190286636
22988,4,0,0.11953471601009369
22989,3,0,0.09164763987064362
22990,5,1,0.6379094123840332
22991,4,1,0.08469564467668533
22992,3,0,0.13064593076705933
22993,1,0,0.2453695833683014
22994,5,1,0.7655892968177795
22995,4,0,0.186094269156456
22996,3,0,0.31845027208328247
22997,1,0,0.2367500215768814
22998,3,0,0.11036906391382217
22999,1,1,0.15400266647338867
23000,1,0,0.13711833953857422
23001,2,0,0.049473315477371216
23002,2,0,0.025697315111756325
23003,1,0,0.22423754632472992
23004,3,0,0.06705398857593536
23005,5,0,0.17161056399345398
23006,5,0,0.21313819289207458
23007,4,0,0.11112456023693085
23008,4,0,0.1173485592007637
23009,2,0,0.2800280749797821
23010,5,1,0.6850157380104065
23011,1,0,0.16185972094535828
23012,1,0,0.22810493409633636
23013,3,0,0.15544356405735016
23014,4,1,0.49867647886276245
23015,4,0,0.24797120690345764
23016,4,0,0.11861065030097961
23017,2,0,0.12023457884788513
23018,5,0,0.06294813007116318
23019,2,0,0.06730301678180695
23020,2,0,0.047353148460388184
23021,3,1,0.28681448101997375
23022,4,0,0.24705170094966888
23023,5,0,0.24130374193191528
23024,3,0,0.09233835339546204
23025,2,0,0.12833073735237122
23026,4,0,0.4574854075908661
23027,5,0,0.3417013883590698
23028,4,0,0.03679107129573822
23029,3,0,0.08435177803039551
23030,1,0,0.2770279049873352
23031,2,0,0.30840736627578735
23032,1,1,0.731411337852478
23033,4,0,0.07536455243825912
23034,4,0,0.11729737371206284
23035,4,0,0.1640949249267578
23036,1,0,0.15139387547969818
23037,3,0,0.07422588765621185
23038,4,0,0.04647756367921829
23039,3,0,0.0792044997215271
23040,5,0,0.04869997501373291
23041,2,0,0.07817480713129044
23042,3,0,0.17602033913135529
23043,3,0,0.07335339486598969
23044,2,0,0.18712691962718964
23045,1,1,0.10046512633562088
23046,1,1,0.6232107281684875
23047,5,0,0.1444178968667984
23048,1,0,0.3749186396598816
23049,4,0,0.11328855901956558
23050,4,0,0.1038656085729599
23051,3,0,0.3466922342777252
23052,1,1,0.12295001745223999
23053,4,0,0.10076919198036194
23054,2,0,0.14090485870838165
23055,1,1,0.8053962588310242
23056,2,0,0.06692369282245636
23057,1,0,0.48277896642684937
23058,5,0,0.2133180797100067
23059,2,0,0.5539853572845459
23060,4,0,0.14917345345020294
23061,5,0,0.11368180811405182
23062,3,0,0.296703040599823
23063,2,1,0.6001453399658203
23064,3,0,0.15674833953380585
23065,1,0,0.21101579070091248
23066,5,0,0.4032108783721924
23067,1,0,0.15526261925697327
23068,5,0,0.08889763802289963
23069,2,1,0.2848184406757355
23070,1,1,0.43108034133911133
23071,2,0,0.10118754953145981
23072,5,0,0.05619512125849724
23073,4,0,0.45953452587127686
23074,3,0,0.09078463912010193
23075,4,0,0.13138790428638458
23076,4,0,0.16966073215007782
23077,2,0,0.1542264074087143
23078,5,0,0.3198695778846741
23079,3,0,0.2961541414260864
23080,1,1,0.8338077664375305
23081,4,1,0.15700764954090118
23082,2,1,0.7422512173652649
23083,3,0,0.06351043283939362
23084,3,0,0.06544411927461624
23085,4,1,0.7158672213554382
23086,2,1,0.21321967244148254
23087,2,0,0.21814103424549103
23088,4,0,0.12381870299577713
23089,3,1,0.13034698367118835
23090,1,0,0.16951635479927063
23091,2,0,0.2386908382177353
23092,2,0,0.2148037552833557
23093,5,0,0.19521187245845795
23094,5,0,0.2637108564376831
23095,2,0,0.13146726787090302
23096,5,0,0.12195102125406265
23097,5,0,0.09634415805339813
23098,3,0,0.1512603461742401
23099,4,0,0.4527040719985962
23100,2,0,0.17652402818202972
23101,3,0,0.03467397019267082
23102,2,1,0.7611441612243652
23103,4,0,0.2034510225057602
23104,1,0,0.11310133337974548
23105,1,1,0.09209311008453369
23106,4,1,0.3569203019142151
23107,1,0,0.06317562609910965
23108,2,0,0.12471897155046463
23109,5,1,0.02500814013183117
23110,2,1,0.0940726175904274
23111,3,0,0.02506420575082302
23112,3,0,0.13890329003334045
23113,5,0,0.16615808010101318
23114,2,0,0.08259489387273788
23115,5,0,0.11585991084575653
23116,2,0,0.06698352098464966
23117,4,1,0.20619498193264008
23118,2,0,0.3629590570926666
23119,4,0,0.08559802919626236
23120,3,1,0.6672097444534302
23121,1,1,0.08628983795642853
23122,5,0,0.10004287958145142
23123,5,1,0.5429100394248962
23124,5,1,0.203868106007576
23125,4,1,0.3067151606082916
23126,2,0,0.1845042109489441
23127,2,1,0.27445676922798157
23128,2,0,0.09782080352306366
23129,5,0,0.19783970713615417
23130,5,0,0.06825368851423264
23131,4,0,0.10256008058786392
23132,1,0,0.12155710160732269
23133,3,0,0.08035842329263687
23134,3,0,0.26263198256492615
23135,4,0,0.16820530593395233
23136,1,0,0.03708340972661972
23137,4,1,0.7347682118415833
23138,5,0,0.15533943474292755
23139,1,0,0.1642087697982788
23140,5,0,0.11970984190702438
23141,4,0,0.20273883640766144
23142,4,0,0.2257533222436905
23143,2,0,0.09645458310842514
23144,4,0,0.22001609206199646
23145,5,1,0.7593926191329956
23146,3,0,0.20305931568145752
23147,1,1,0.03282370790839195
23148,3,0,0.04249279201030731
23149,3,1,0.11992371082305908
23150,5,1,0.6719201803207397
23151,2,0,0.12376590073108673
23152,3,0,0.04100273922085762
23153,5,1,0.10779833048582077
23154,5,0,0.12333440035581589
23155,5,1,0.3223262429237366
23156,4,0,0.3039335608482361
23157,3,0,0.06916944682598114
23158,5,0,0.3260861337184906
23159,3,1,0.3122837245464325
23160,2,0,0.434026300907135
23161,4,1,0.09907485544681549
23162,2,0,0.8740010857582092
23163,4,1,0.19748474657535553
23164,4,0,0.5812131762504578
23165,2,0,0.083440862596035
23166,5,0,0.4243806302547455
23167,4,0,0.07946154475212097
23168,4,0,0.5538980960845947
23169,3,0,0.0941159650683403
23170,5,1,0.6959759593009949
23171,5,0,0.0379878394305706
23172,2,0,0.20417796075344086
23173,1,0,0.1085156723856926
23174,1,0,0.0878201350569725
23175,3,0,0.2671053111553192
23176,3,0,0.0397392138838768
23177,1,1,0.16731740534305573
23178,2,1,0.11208462715148926
23179,4,0,0.09810775518417358
23180,4,0,0.16616156697273254
23181,2,0,0.2258964329957962
23182,5,1,0.12081952393054962
23183,2,0,0.15452352166175842
23184,5,0,0.07204180210828781
23185,2,0,0.054150938987731934
23186,5,0,0.05191252380609512
23187,2,0,0.08188604563474655
23188,4,0,0.07423470914363861
23189,4,0,0.30853378772735596
23190,5,1,0.36603736877441406
23191,2,0,0.16891221702098846
23192,2,0,0.08718132972717285
23193,2,0,0.08313065022230148
23194,2,0,0.11147113889455795
23195,4,0,0.1302770972251892
23196,3,0,0.05638185143470764
23197,2,0,0.10099009424448013
23198,5,0,0.09339287877082825
23199,2,0,0.4152585566043854
23200,2,0,0.027538735419511795
23201,2,1,0.732935905456543
23202,3,1,0.15991654992103577
23203,3,0,0.16369979083538055
23204,4,1,0.7486264109611511
23205,2,0,0.20542964339256287
23206,2,0,0.6401138305664062
23207,3,0,0.0853249654173851
23208,5,1,0.24299316108226776
23209,3,1,0.6853348016738892
23210,5,0,0.06007001921534538
23211,3,1,0.12359346449375153
23212,3,0,0.10814978927373886
23213,2,0,0.7217321395874023
23214,3,0,0.039253588765859604
23215,2,1,0.36024460196495056
23216,3,0,0.20706865191459656
23217,3,1,0.6598286628723145
23218,2,0,0.19023139774799347
23219,2,0,0.3007456958293915
23220,4,0,0.2616165280342102
23221,5,0,0.18136480450630188
23222,2,0,0.31481945514678955
23223,4,0,0.07736758887767792
23224,2,0,0.07624578475952148
23225,1,0,0.09821000695228577
23226,4,0,0.14588402211666107
23227,5,0,0.08146435022354126
23228,3,0,0.09844722598791122
23229,2,0,0.14662691950798035
23230,5,1,0.505859375
23231,3,0,0.049701668322086334
23232,3,0,0.06953726708889008
23233,5,0,0.07141043990850449
23234,3,0,0.11956470459699631
23235,2,0,0.03205117955803871
23236,4,1,0.30764058232307434
23237,5,0,0.12446629256010056
23238,3,0,0.1786835640668869
23239,5,0,0.12121182680130005
23240,4,0,0.05211108922958374
23241,2,0,0.28024956583976746
23242,4,0,0.0742512121796608
23243,1,0,0.11320716887712479
23244,4,1,0.7866489887237549
23245,3,0,0.10631424188613892
23246,5,1,0.06904056668281555
23247,5,0,0.09792990982532501
23248,2,0,0.1672813892364502
23249,2,0,0.095640167593956
23250,5,0,0.14014486968517303
23251,4,0,0.09184989333152771
23252,1,0,0.239101842045784
23253,2,0,0.15104293823242188
23254,5,0,0.1161322295665741
23255,4,0,0.3019917607307434
23256,2,0,0.15824991464614868
23257,3,0,0.1536770612001419
23258,2,1,0.39714935421943665
23259,1,0,0.05451108142733574
23260,5,0,0.0935424417257309
23261,3,1,0.08259255439043045
23262,5,0,0.06948461383581161
23263,2,0,0.06870237737894058
23264,2,1,0.13681700825691223
23265,3,0,0.3405679166316986
23266,1,1,0.6662350296974182
23267,4,0,0.22259074449539185
23268,5,0,0.09920858591794968
23269,3,0,0.16969633102416992
23270,5,1,0.24070793390274048
23271,1,0,0.22061587870121002
23272,1,0,0.15723299980163574
23273,3,0,0.5528745651245117
23274,2,0,0.16956724226474762
23275,3,0,0.1360228955745697
23276,5,0,0.19448840618133545
23277,4,0,0.09441730380058289
23278,3,1,0.684255838394165
23279,3,1,0.7419781684875488
23280,2,0,0.12831389904022217
23281,4,1,0.820828914642334
23282,2,0,0.09823130071163177
23283,2,0,0.03500103950500488
23284,5,0,0.6615579724311829
23285,4,0,0.11244184523820877
23286,3,0,0.1784893423318863
23287,1,0,0.6376510262489319
23288,1,0,0.36345240473747253
23289,3,1,0.7139991521835327
23290,2,0,0.08718900382518768
23291,1,1,0.26978781819343567
23292,1,0,0.462956041097641
23293,3,0,0.05657923221588135
23294,2,0,0.11789005994796753
23295,5,0,0.12092015147209167
23296,2,0,0.18359622359275818
23297,4,0,0.10999380797147751
23298,1,0,0.4779389202594757
23299,5,0,0.09858424216508865
23300,1,0,0.16024422645568848
23301,4,0,0.10374527424573898
23302,2,0,0.043258391320705414
23303,2,0,0.11182181537151337
23304,4,0,0.08785495907068253
23305,1,1,0.72105872631073
23306,2,0,0.4182986617088318
23307,4,1,0.30386629700660706
23308,2,0,0.08039530366659164
23309,3,1,0.5625549554824829
23310,2,0,0.3608294725418091
23311,1,0,0.134438619017601
23312,3,0,0.13767710328102112
23313,1,0,0.2994341254234314
23314,4,0,0.056359291076660156
23315,3,0,0.18426549434661865
23316,1,0,0.17603187263011932
23317,3,0,0.17692036926746368
23318,3,0,0.06701519340276718
23319,1,0,0.13292470574378967
23320,4,0,0.07581154257059097
23321,2,0,0.06561632454395294
23322,3,0,0.18911884725093842
23323,1,0,0.06528367102146149
23324,3,0,0.10128043591976166
23325,4,0,0.29758962988853455
23326,3,0,0.12574945390224457
23327,2,0,0.14086231589317322
23328,1,1,0.6853256225585938
23329,5,0,0.27125656604766846
23330,2,0,0.24762816727161407
23331,5,0,0.13526654243469238
23332,4,0,0.23121771216392517
23333,4,0,0.12273058295249939
23334,3,1,0.722388744354248
23335,3,0,0.10419977456331253
23336,2,0,0.1981927901506424
23337,1,0,0.11326498538255692
23338,1,1,0.3876100182533264
23339,4,0,0.10947396606206894
23340,5,0,0.13810934126377106
23341,1,0,0.07080753892660141
23342,5,0,0.157197967171669
23343,4,0,0.10536813735961914
23344,2,0,0.35913920402526855
23345,5,0,0.055300839245319366
23346,1,0,0.10595469921827316
23347,1,0,0.16141842305660248
23348,1,0,0.05733250081539154
23349,1,0,0.3102653920650482
23350,4,0,0.13737636804580688
23351,3,0,0.10081242769956589
23352,2,0,0.15881840884685516
23353,3,0,0.06937948614358902
23354,3,0,0.16168443858623505
23355,4,0,0.15654712915420532
23356,1,0,0.07860130816698074
23357,5,0,0.08995237201452255
23358,2,0,0.1239306777715683
23359,4,0,0.18879131972789764
23360,5,0,0.08086765557527542
23361,2,0,0.16235655546188354
23362,1,1,0.27073433995246887
23363,4,1,0.7277825474739075
23364,2,1,0.13091014325618744
23365,2,0,0.05137024074792862
23366,1,1,0.12611351907253265
23367,1,0,0.04305996000766754
23368,1,0,0.041647400707006454
23369,1,0,0.2713533043861389
23370,2,0,0.1462845653295517
23371,3,0,0.0796380564570427
23372,3,0,0.0424564853310585
23373,5,0,0.19324131309986115
23374,5,1,0.212750643491745
23375,1,1,0.2915799915790558
23376,3,1,0.20276710391044617
23377,3,0,0.17795391380786896
23378,4,0,0.05018354952335358
23379,5,0,0.09495364129543304
23380,2,0,0.29296043515205383
23381,1,1,0.7893681526184082
23382,3,1,0.47558802366256714
23383,5,0,0.03904874250292778
23384,3,1,0.07570577412843704
23385,4,0,0.08700409531593323
23386,1,0,0.11609956622123718
23387,4,0,0.12257678806781769
23388,5,1,0.12446314841508865
23389,4,0,0.4700264036655426
23390,3,1,0.5185958743095398
23391,2,0,0.08373226970434189
23392,1,0,0.15778571367263794
23393,5,0,0.08487830311059952
23394,5,0,0.11948861181735992
23395,2,0,0.3730933964252472
23396,2,0,0.1372886598110199
23397,2,0,0.3187903165817261
23398,2,0,0.06053241342306137
23399,3,0,0.0270942784845829
23400,5,1,0.5459679961204529
23401,2,0,0.1022297665476799
23402,3,0,0.12707309424877167
23403,2,0,0.1106339544057846
23404,3,0,0.05731957033276558
23405,5,1,0.5909146070480347
23406,1,0,0.1161620244383812
23407,1,0,0.20008529722690582
23408,2,1,0.18557067215442657
23409,3,0,0.13380205631256104
23410,3,0,0.1477508395910263
23411,2,1,0.21805720031261444
23412,2,0,0.1312035173177719
23413,3,0,0.09898334741592407
23414,2,0,0.15981602668762207
23415,5,0,0.42545285820961
23416,1,0,0.08998772501945496
23417,2,0,0.14055868983268738
23418,3,1,0.10716210305690765
23419,2,0,0.1328285187482834
23420,5,0,0.09970078617334366
23421,5,0,0.10280022025108337
23422,4,0,0.13981851935386658
23423,4,0,0.11459279805421829
23424,2,0,0.10003553330898285
23425,2,1,0.24666061997413635
23426,1,0,0.16158197820186615
23427,5,1,0.2156577855348587
23428,5,0,0.0876554548740387
23429,5,0,0.12987282872200012
23430,5,1,0.8414417505264282
23431,4,0,0.1695045679807663
23432,3,0,0.19825103878974915
23433,4,0,0.14441309869289398
23434,4,0,0.1269686222076416
23435,4,0,0.12559430301189423
23436,1,0,0.3051249384880066
23437,4,0,0.17228105664253235
23438,3,0,0.3875500559806824
23439,2,0,0.11428552865982056
23440,5,1,0.33448299765586853
23441,1,0,0.05205116420984268
23442,4,0,0.09057684242725372
23443,2,0,0.09088117629289627
23444,1,0,0.09597163647413254
23445,2,0,0.5577760934829712
23446,2,0,0.04045843705534935
23447,5,0,0.26940688490867615
23448,5,0,0.14161273837089539
23449,5,0,0.227643683552742
23450,4,0,0.18110252916812897
23451,1,0,0.04859500378370285
23452,1,1,0.658359944820404
23453,2,0,0.4286043345928192
23454,4,0,0.2035895138978958
23455,2,1,0.13288593292236328
23456,1,0,0.162560373544693
23457,3,0,0.2847888469696045
23458,2,1,0.20878306031227112
23459,3,0,0.12505871057510376
23460,3,1,0.5731222629547119
23461,1,0,0.19887305796146393
23462,4,0,0.19958245754241943
23463,2,0,0.03626313433051109
23464,5,0,0.1474028080701828
23465,4,1,0.05188814550638199
23466,1,0,0.10344132035970688
23467,3,0,0.09512781351804733
23468,1,0,0.12828153371810913
23469,5,1,0.19573210179805756
23470,4,0,0.08653154969215393
23471,3,0,0.05424310266971588
23472,3,1,0.04970254749059677
23473,5,0,0.11251240223646164
23474,5,0,0.153797909617424
23475,1,0,0.1265411674976349
23476,4,0,0.1358390897512436
23477,3,1,0.794678270816803
23478,1,0,0.18152791261672974
23479,2,0,0.2194777876138687
23480,3,0,0.11119348555803299
23481,5,0,0.14762082695960999
23482,1,1,0.7750044465065002
23483,3,1,0.25101515650749207
23484,2,0,0.15884503722190857
23485,5,1,0.5931932330131531
23486,2,1,0.2942250669002533
23487,5,1,0.30372318625450134
23488,4,0,0.050766028463840485
23489,2,0,0.25767651200294495
23490,3,0,0.2210482954978943
23491,3,1,0.7295671701431274
23492,2,0,0.33439967036247253
23493,4,1,0.0996568575501442
23494,1,0,0.29663217067718506
23495,4,1,0.8344891667366028
23496,2,1,0.6615786552429199
23497,4,1,0.7644335031509399
23498,1,1,0.2695085406303406
23499,2,1,0.1382581740617752
23500,2,0,0.3658633828163147
23501,2,0,0.13636238873004913
23502,1,0,0.2504493296146393
23503,4,0,0.07880493998527527
23504,2,0,0.037096668034791946
23505,5,1,0.2304406613111496
23506,5,0,0.08824439346790314
23507,2,1,0.5778937339782715
23508,1,0,0.04837868735194206
23509,1,1,0.6152927875518799
23510,5,0,0.44536927342414856
23511,2,0,0.05829440802335739
23512,3,1,0.34630119800567627
23513,2,0,0.040159255266189575
23514,5,0,0.13473618030548096
23515,3,0,0.12077324092388153
23516,1,1,0.5548719167709351
23517,3,0,0.04058471694588661
23518,3,0,0.5892543196678162
23519,1,0,0.25607559084892273
23520,4,0,0.04495798796415329
23521,2,0,0.25301554799079895
23522,1,0,0.1536940187215805
23523,4,0,0.06736236810684204
23524,2,0,0.10223754495382309
23525,2,0,0.10900772362947464
23526,1,0,0.07079911977052689
23527,3,0,0.3288330137729645
23528,3,0,0.30555838346481323
23529,4,0,0.16608481109142303
23530,4,0,0.17530155181884766
23531,4,0,0.22827216982841492
23532,3,0,0.12207769602537155
23533,5,1,0.2772388756275177
23534,3,1,0.5410545468330383
23535,3,1,0.2487657219171524
23536,2,0,0.1619964987039566
23537,4,0,0.12579096853733063
23538,1,0,0.15931646525859833
23539,2,1,0.6588505506515503
23540,1,0,0.34651973843574524
23541,3,0,0.16609501838684082
23542,2,1,0.4743299186229706
23543,5,0,0.10677971690893173
23544,5,0,0.1409987360239029
23545,3,0,0.21507041156291962
23546,4,0,0.04507816582918167
23547,1,0,0.33179453015327454
23548,4,0,0.18732400238513947
23549,5,0,0.13050279021263123
23550,4,0,0.12604013085365295
23551,2,1,0.15662652254104614
23552,5,0,0.15759670734405518
23553,2,0,0.1828647255897522
23554,3,0,0.04520602896809578
23555,4,0,0.051754921674728394
23556,5,0,0.07972953468561172
23557,1,0,0.09765821695327759
23558,5,0,0.15927299857139587
23559,3,0,0.14351056516170502
23560,1,0,0.1458638310432434
23561,1,0,0.1915026158094406
23562,2,0,0.1823047399520874
23563,3,0,0.1622380018234253
23564,4,0,0.1952008754014969
23565,2,0,0.16446726024150848
23566,4,0,0.09724943339824677
23567,5,0,0.25116071105003357
23568,3,0,0.11480507254600525
23569,4,1,0.08636658638715744
23570,5,0,0.11125566065311432
23571,5,0,0.16243764758110046
23572,5,0,0.05419151857495308
23573,2,0,0.09514044225215912
23574,3,1,0.5106271505355835
23575,5,1,0.16376487910747528
23576,5,1,0.6285428404808044
23577,2,0,0.23857863247394562
23578,4,1,0.5190519690513611
23579,3,0,0.2716558277606964
23580,2,0,0.30631372332572937
23581,2,0,0.11442464590072632
23582,5,0,0.1352059543132782
23583,2,0,0.12033510208129883
23584,1,1,0.18341879546642303
23585,1,0,0.36921507120132446
23586,5,0,0.15656228363513947
23587,1,1,0.14671385288238525
23588,5,0,0.1202320009469986
23589,1,0,0.07713113725185394
23590,4,0,0.0993209257721901
23591,4,1,0.8071408271789551
23592,5,0,0.14093071222305298
23593,1,0,0.08815591037273407
23594,5,1,0.19614732265472412
23595,5,0,0.21074733138084412
23596,5,1,0.3737054765224457
23597,1,1,0.24970833957195282
23598,2,0,0.054764751344919205
23599,3,0,0.03157447278499603
23600,5,0,0.16804303228855133
23601,5,0,0.3317194879055023
23602,1,0,0.2665468454360962
23603,3,0,0.26704293489456177
23604,4,0,0.09364905953407288
23605,4,0,0.31368622183799744
23606,1,1,0.3284216523170471
23607,3,0,0.1120714619755745
23608,2,0,0.11538795381784439
23609,3,0,0.055977266281843185
23610,2,1,0.7552151083946228
23611,2,0,0.19654108583927155
23612,4,0,0.5103176832199097
23613,1,0,0.04123682156205177
23614,2,0,0.08416260778903961
23615,4,0,0.058627817779779434
23616,3,0,0.1941048800945282
23617,3,0,0.12458202242851257
23618,2,1,0.14180141687393188
23619,5,0,0.07989675551652908
23620,2,0,0.16483233869075775
23621,5,0,0.25350725650787354
23622,2,0,0.5993213653564453
23623,5,1,0.25771522521972656
23624,2,0,0.1522674411535263
23625,2,0,0.34598395228385925
23626,4,0,0.15914689004421234
23627,2,1,0.7280251979827881
23628,3,0,0.4219144582748413
23629,3,0,0.04906367138028145
23630,1,0,0.30496397614479065
23631,4,0,0.10764248669147491
23632,1,0,0.17740388214588165
23633,3,0,0.2464669793844223
23634,5,0,0.28588441014289856
23635,1,0,0.46420902013778687
23636,5,0,0.04473413527011871
23637,2,1,0.0761866420507431
23638,3,0,0.04957110434770584
23639,2,0,0.12699013948440552
23640,2,0,0.1438506692647934
23641,5,1,0.6761460900306702
23642,4,0,0.5248425602912903
23643,2,0,0.13080577552318573
23644,1,0,0.14915545284748077
23645,2,0,0.13215401768684387
23646,2,1,0.06299061328172684
23647,1,0,0.04051454737782478
23648,1,0,0.048094261437654495
23649,5,0,0.09331469982862473
23650,1,1,0.12778137624263763
23651,2,0,0.233795166015625
23652,1,0,0.07479757815599442
23653,5,0,0.39987683296203613
23654,3,0,0.08175430446863174
23655,1,0,0.0740036889910698
23656,1,0,0.1476544290781021
23657,2,1,0.1356288194656372
23658,5,0,0.08404756337404251
23659,5,1,0.1654287725687027
23660,4,0,0.15147864818572998
23661,1,0,0.1193157285451889
23662,1,0,0.13325291872024536
23663,1,0,0.20151031017303467
23664,4,0,0.12026684731245041
23665,3,0,0.31744837760925293
23666,5,1,0.5631968975067139
23667,1,0,0.1625458300113678
23668,5,1,0.04711442440748215
23669,1,1,0.31179484724998474
23670,5,0,0.24688249826431274
23671,3,0,0.16081282496452332
23672,3,0,0.09563964605331421
23673,3,0,0.13305850327014923
23674,4,0,0.12441104650497437
23675,2,0,0.10061889886856079
23676,4,0,0.11376159638166428
23677,3,0,0.049582451581954956
23678,2,1,0.2827624976634979
23679,2,1,0.8371362090110779
23680,3,0,0.09481769800186157
23681,2,0,0.03941090777516365
23682,2,1,0.29910510778427124
23683,3,0,0.052455537021160126
23684,2,0,0.03403034433722496
23685,5,0,0.5816333889961243
23686,5,1,0.5317404270172119
23687,5,0,0.48276153206825256
23688,2,0,0.2515418231487274
23689,3,0,0.29278698563575745
23690,3,0,0.13981111347675323
23691,1,0,0.13938407599925995
23692,4,0,0.13411487638950348
23693,4,0,0.09595149010419846
23694,3,1,0.05672678351402283
23695,5,0,0.1705329716205597
23696,5,1,0.14853112399578094
23697,2,0,0.5642601251602173
23698,5,0,0.1595466136932373
23699,3,1,0.42305949330329895
23700,4,0,0.31761711835861206
23701,4,1,0.15022729337215424
23702,2,1,0.19392499327659607
23703,3,0,0.16009359061717987
23704,3,0,0.40683385729789734
23705,2,0,0.09884171932935715
23706,4,1,0.7985892295837402
23707,4,0,0.04595927894115448
23708,5,1,0.6947185397148132
23709,2,0,0.037888236343860626
23710,1,0,0.06255411356687546
23711,4,0,0.07153065502643585
23712,2,0,0.060475997626781464
23713,2,0,0.1602679342031479
23714,4,0,0.055824294686317444
23715,5,0,0.12397545576095581
23716,1,0,0.07126574218273163
23717,4,0,0.25657355785369873
23718,4,0,0.5967203974723816
23719,1,0,0.20037341117858887
23720,4,0,0.06084311753511429
23721,1,1,0.15025168657302856
23722,1,0,0.1816379725933075
23723,5,0,0.059808894991874695
23724,2,0,0.20743292570114136
23725,1,0,0.08200398087501526
23726,5,0,0.10324770212173462
23727,3,0,0.07124774158000946
23728,5,1,0.2360796332359314
23729,5,1,0.14180512726306915
23730,2,0,0.07068533450365067
23731,1,1,0.5527805089950562
23732,5,0,0.03633179888129234
23733,4,1,0.7897182703018188
23734,4,0,0.07506498694419861
23735,4,0,0.043936893343925476
23736,2,0,0.06550423800945282
23737,5,1,0.5957484841346741
23738,2,0,0.1540861576795578
23739,1,1,0.30227288603782654
23740,1,0,0.042276531457901
23741,5,0,0.07030884921550751
23742,3,0,0.0729602500796318
23743,2,0,0.14008483290672302
23744,3,1,0.05233052372932434
23745,3,0,0.15974129736423492
23746,2,0,0.08375467360019684
23747,2,1,0.1519421935081482
23748,3,1,0.06038089841604233
23749,4,0,0.4060809016227722
23750,2,0,0.35574644804000854
23751,1,0,0.07994011789560318
23752,4,0,0.1053384467959404
23753,4,0,0.06277673691511154
23754,5,0,0.17968422174453735
23755,3,0,0.18027259409427643
23756,4,0,0.10611636191606522
23757,4,1,0.2111775130033493
23758,4,1,0.15293410420417786
23759,5,0,0.11423176527023315
23760,4,0,0.12570533156394958
23761,2,1,0.8241085410118103
23762,4,0,0.18998897075653076
23763,2,0,0.17776916921138763
23764,3,0,0.6229285597801208
23765,5,1,0.13517585396766663
23766,3,0,0.09737392514944077
23767,1,0,0.1723962128162384
23768,2,0,0.16697460412979126
23769,3,0,0.38672947883605957
23770,1,0,0.10401342809200287
23771,2,0,0.06881102919578552
23772,5,0,0.17801223695278168
23773,3,0,0.06243491917848587
23774,5,0,0.09049165993928909
23775,1,0,0.17393751442432404
23776,1,0,0.2681630849838257
23777,4,0,0.8338804244995117
23778,3,0,0.25441959500312805
23779,1,0,0.09370383620262146
23780,2,0,0.13806302845478058
23781,4,0,0.21577227115631104
23782,1,0,0.19064152240753174
23783,5,0,0.3803333342075348
23784,5,0,0.06258628517389297
23785,4,0,0.07200797647237778
23786,2,1,0.4606628715991974
23787,3,1,0.14081867039203644
23788,3,1,0.7851237058639526
23789,5,1,0.0581509992480278
23790,1,1,0.4175008237361908
23791,3,0,0.19064313173294067
23792,5,0,0.10242121666669846
23793,4,0,0.1862279772758484
23794,1,0,0.768531858921051
23795,4,1,0.3940473794937134
23796,1,0,0.19017694890499115
23797,3,0,0.09723355621099472
23798,3,0,0.10218745470046997
23799,1,0,0.08214979618787766
23800,2,0,0.35302734375
23801,4,0,0.04503035172820091
23802,5,1,0.5452324748039246
23803,3,1,0.1970490962266922
23804,4,0,0.16264812648296356
23805,1,0,0.2023705095052719
23806,2,0,0.6284738183021545
23807,2,0,0.09301169216632843
23808,5,0,0.07849355041980743
23809,4,0,0.07504145056009293
23810,2,0,0.159159854054451
23811,2,0,0.05073552206158638
23812,1,0,0.07651440799236298
23813,2,1,0.1978636384010315
23814,4,0,0.12238650768995285
23815,4,0,0.05497134104371071
23816,2,0,0.11110790818929672
23817,5,1,0.19628582894802094
23818,5,0,0.21069177985191345
23819,1,0,0.40030035376548767
23820,4,0,0.12794573605060577
23821,5,0,0.13599395751953125
23822,2,1,0.12857942283153534
23823,2,0,0.23901709914207458
23824,4,0,0.13711564242839813
23825,1,1,0.5658482909202576
23826,5,0,0.17654624581336975
23827,1,0,0.19985899329185486
23828,5,0,0.09473311901092529
23829,3,0,0.07734247297048569
23830,1,0,0.10982673615217209
23831,1,0,0.09188173711299896
23832,4,0,0.2243765890598297
23833,2,1,0.20072557032108307
23834,2,0,0.2074691206216812
23835,2,0,0.11849277466535568
23836,3,0,0.4317242205142975
23837,3,0,0.034493640065193176
23838,2,0,0.056479692459106445
23839,2,1,0.13199622929096222
23840,4,1,0.14826396107673645
23841,2,1,0.13764478266239166
23842,1,0,0.11807982623577118
23843,4,0,0.0829203799366951
23844,5,0,0.15548790991306305
23845,3,0,0.18418379127979279
23846,5,0,0.04520247131586075
23847,3,0,0.04715057462453842
23848,5,0,0.10248569399118423
23849,1,0,0.15830948948860168
23850,4,0,0.10344379395246506
23851,1,0,0.2577098309993744
23852,4,0,0.2137587070465088
23853,5,0,0.051404815167188644
23854,3,0,0.07368014007806778
23855,3,0,0.10504177957773209
23856,3,0,0.13349944353103638
23857,4,1,0.698287308216095
23858,1,1,0.9188403487205505
23859,3,0,0.19532541930675507
23860,5,0,0.2625964283943176
23861,1,0,0.4040256440639496
23862,1,0,0.0981224998831749
23863,2,0,0.22757264971733093
23864,3,0,0.4499102830886841
23865,1,1,0.4666760265827179
23866,4,0,0.3053046762943268
23867,4,1,0.6799643635749817
23868,5,0,0.22090114653110504
23869,4,0,0.13471922278404236
23870,3,0,0.08158933371305466
23871,5,0,0.11739359050989151
23872,5,0,0.21708956360816956
23873,5,0,0.1429702639579773
23874,4,1,0.7455252408981323
23875,1,0,0.2088920772075653
23876,4,0,0.07797129452228546
23877,2,0,0.07456732541322708
23878,1,0,0.5216319561004639
23879,5,0,0.20560753345489502
23880,4,0,0.05602525174617767
23881,3,0,0.062031183391809464
23882,2,1,0.3378588557243347
23883,4,0,0.11385869979858398
23884,1,1,0.6710813641548157
23885,2,0,0.3349027633666992
23886,3,0,0.09315291047096252
23887,5,1,0.6699362397193909
23888,3,0,0.06954962760210037
23889,4,0,0.48059725761413574
23890,4,0,0.04109673202037811
23891,1,0,0.035298313945531845
23892,5,1,0.8021823763847351
23893,3,1,0.09112555533647537
23894,5,0,0.14235004782676697
23895,2,1,0.15205436944961548
23896,4,0,0.18270447850227356
23897,3,0,0.09696199744939804
23898,3,1,0.7665387988090515
23899,2,0,0.5262021422386169
23900,1,0,0.07017595320940018
23901,2,0,0.04953044652938843
23902,4,0,0.1113562360405922
23903,4,0,0.21959462761878967
23904,1,0,0.16598810255527496
23905,2,0,0.27785035967826843
23906,2,0,0.0938873365521431
23907,5,0,0.04542285576462746
23908,1,1,0.338401734828949
23909,1,0,0.16648070514202118
23910,1,0,0.16289308667182922
23911,1,0,0.769841730594635
23912,3,0,0.1324297934770584
23913,5,0,0.13591232895851135
23914,5,0,0.04904714971780777
23915,5,0,0.11904484033584595
23916,2,0,0.04340597242116928
23917,2,0,0.0801481381058693
23918,3,0,0.2237640917301178
23919,2,0,0.2513524293899536
23920,4,0,0.13959001004695892
23921,3,0,0.11336229741573334
23922,5,0,0.11326156556606293
23923,3,0,0.14490997791290283
23924,1,0,0.21289198100566864
23925,3,0,0.04572351276874542
23926,2,1,0.29291728138923645
23927,4,0,0.09836950898170471
23928,1,0,0.09058671444654465
23929,2,0,0.10212237387895584
23930,1,0,0.13183896243572235
23931,2,0,0.1967148333787918
23932,2,0,0.6086597442626953
23933,4,0,0.4081060290336609
23934,4,1,0.20716631412506104
23935,3,0,0.06701795011758804
23936,3,0,0.07479028403759003
23937,4,0,0.06402560323476791
23938,3,0,0.10963542759418488
23939,4,0,0.1730589121580124
23940,1,0,0.08973255753517151
23941,2,0,0.0638691708445549
23942,1,0,0.10429584234952927
23943,1,0,0.0337241068482399
23944,4,0,0.19357356429100037
23945,3,0,0.5155827403068542
23946,4,0,0.17816780507564545
23947,5,0,0.10824256390333176
23948,5,0,0.11251004040241241
23949,1,0,0.1929713934659958
23950,3,0,0.0949103906750679
23951,3,0,0.09213786572217941
23952,3,0,0.14149266481399536
23953,3,0,0.06415961682796478
23954,3,0,0.1546577662229538
23955,3,0,0.25061577558517456
23956,5,1,0.33161330223083496
23957,3,0,0.32539770007133484
23958,4,0,0.6741323471069336
23959,3,0,0.16125087440013885
23960,3,1,0.5377116203308105
23961,2,0,0.1339913010597229
23962,1,0,0.3384849429130554
23963,2,1,0.14414052665233612
23964,2,1,0.1149742528796196
23965,4,0,0.12862944602966309
23966,5,0,0.05659811571240425
23967,1,0,0.03690220043063164
23968,1,0,0.693988025188446
23969,1,0,0.11163009703159332
23970,1,0,0.05784958228468895
23971,1,0,0.0681300088763237
23972,5,0,0.0384652204811573
23973,3,1,0.08294529467821121
23974,3,0,0.13711480796337128
23975,2,0,0.24988727271556854
23976,5,0,0.20457321405410767
23977,2,0,0.15778982639312744
23978,2,0,0.31111016869544983
23979,2,0,0.23758767545223236
23980,1,0,0.07361984252929688
23981,2,1,0.08943454176187515
23982,1,0,0.03858932480216026
23983,2,1,0.7896839380264282
23984,1,0,0.15128162503242493
23985,3,0,0.21754541993141174
23986,5,0,0.17048966884613037
23987,4,0,0.21107664704322815
23988,4,0,0.0645628571510315
23989,2,0,0.09922654181718826
23990,4,1,0.1654897779226303
23991,5,0,0.09992554783821106
23992,4,1,0.20818595588207245
23993,2,0,0.10258999466896057
23994,4,0,0.14570023119449615
23995,1,1,0.08616600185632706
23996,4,0,0.17714427411556244
23997,2,0,0.09206553548574448
23998,1,0,0.3841174244880676
23999,5,0,0.17631320655345917
