row_index,fold,y_true,y_score
0,4,0,0.7025656797832657
1,1,0,0.2743693758147546
2,3,0,0.4103448475399469
3,5,1,0.09504676359176102
4,3,0,0.27160560642004594
5,5,1,0.16911024653179818
6,5,0,0.3626003811712786
7,2,1,0.724582961256662
8,4,0,0.08868280074903492
9,1,0,0.0898077734903752
10,1,0,0.3461106314737116
11,4,1,0.19371090718001796
12,5,1,0.3500923714839684
13,3,0,0.12595247308027058
14,4,0,0.25847012040321166
15,3,0,0.12956068954859648
16,2,1,0.6165338181570712
17,4,0,0.09018595062143835
18,5,0,0.31231696362926603
19,5,0,0.10770364377583512
20,4,0,0.09323378127665723
21,4,0,0.09162971208948494
22,4,0,0.140682201766002
23,5,0,0.583227376141442
24,3,0,0.10849598325575983
25,1,0,0.3556401674379117
26,4,1,0.14095665459203005
27,1,0,0.14641655642983467
28,1,1,0.27443745280717285
29,4,0,0.16839564774264137
30,4,1,0.6760123847060528
31,3,0,0.06432340515934636
32,3,0,0.05873610511714249
33,1,0,0.08646759914656581
34,1,0,0.2754687895785656
35,3,0,0.20875200567313906
36,5,0,0.1753555523133713
37,3,0,0.6962356689649565
38,1,1,0.21533106524782808
39,4,0,0.6670849462025624
40,5,0,0.20260850711085712
41,3,1,0.4139599142556853
42,2,0,0.08790853692625203
43,5,1,0.4787727717358348
44,1,0,0.23536090863430362
45,5,0,0.28571943557680124
46,2,0,0.3660060819902569
47,3,0,0.09002714703334892
48,1,0,0.18387651801936472
49,4,0,0.09027346399116169
50,5,0,0.07840251981117925
51,5,1,0.7129969429324039
52,4,1,0.6602684014168584
53,5,0,0.1643698345829166
54,1,0,0.30680165944554305
55,4,1,0.1305021988641155
56,1,0,0.14819737673582287
57,5,0,0.25682782698754286
58,3,0,0.22826953986822843
59,5,0,0.07451763253733061
60,4,0,0.26212226368065783
61,1,0,0.18972427619301138
62,1,0,0.08665425495388006
63,3,0,0.16340940058505707
64,3,0,0.07017665643760439
65,2,0,0.16718715976838258
66,5,0,0.03957419646875562
67,3,0,0.17866858281873582
68,3,0,0.05225851004125681
69,5,0,0.0834117837221436
70,2,1,0.6983417718929682
71,3,1,0.06021060966341251
72,4,1,0.5876511987810165
73,3,0,0.0861843417978125
74,5,0,0.28176893139214787
75,1,0,0.18822118975164695
76,2,0,0.09867644539024863
77,2,0,0.12581666813248535
78,4,0,0.4118933711908831
79,1,0,0.15909840028046654
80,5,1,0.1430369964799092
81,4,1,0.6671914855838585
82,3,0,0.19362387537000697
83,4,1,0.1720675262358607
84,3,0,0.11456370131017383
85,3,0,0.1154676586003293
86,3,0,0.36954712856084726
87,2,0,0.16288592464187074
88,1,0,0.1353890866335916
89,4,0,0.1494948311449508
90,3,0,0.13675391410946242
91,5,0,0.1776821680962432
92,2,0,0.2517161506515706
93,3,0,0.0517214278749705
94,4,0,0.1548773700130284
95,3,0,0.1548813715389506
96,2,0,0.3319994253732532
97,3,1,0.09270905929299667
98,4,1,0.11187931845036649
99,5,1,0.6842330212754185
100,5,0,0.34211648788903154
101,3,0,0.41360781136236846
102,3,0,0.11747025722322832
103,2,0,0.12506291273594028
104,3,1,0.3234659362208882
105,5,1,0.17180114110396824
106,2,0,0.11115549555119318
107,4,0,0.1708122408141549
108,5,0,0.100784449078108
109,2,1,0.6852385459202145
110,3,0,0.19880360924223206
111,1,0,0.14534454832301721
112,3,0,0.1018515623597709
113,5,0,0.31140381956333163
114,3,0,0.07712961241270828
115,4,0,0.13812346128198366
116,2,0,0.09787423113675804
117,4,0,0.12357789739340101
118,1,1,0.2908159746082
119,2,0,0.08866399119182804
120,1,1,0.20543526506536564
121,2,1,0.09082349676113398
122,3,0,0.1711810385151333
123,4,0,0.15247926938339626
124,3,0,0.1771554426658906
125,5,1,0.3964720331615114
126,1,1,0.1674601813569989
127,4,0,0.1035384611313951
128,1,0,0.5205908505756076
129,3,0,0.12028313495111091
130,4,0,0.1822592769217137
131,5,1,0.08690596153821005
132,1,0,0.11998537327573355
133,2,0,0.369227125391653
134,2,0,0.21748731703090238
135,2,0,0.09709234450177626
136,3,0,0.07358290321185466
137,4,0,0.12763781104213368
138,1,0,0.09604867402884867
139,5,0,0.09082888153801595
140,1,0,0.16403763928933535
141,2,0,0.09074180517968501
142,1,0,0.13605324094058735
143,2,0,0.129718761498008
144,5,0,0.39611684698260846
145,2,0,0.4023601812409848
146,5,0,0.5662360218633101
147,2,0,0.17929989183614697
148,5,0,0.1454790455907672
149,1,0,0.19429456758612268
150,5,0,0.09588144670241733
151,1,1,0.08514130296486239
152,5,0,0.23257248712307352
153,3,0,0.11438578174327589
154,5,0,0.7526636438266683
155,2,0,0.18054267106049163
156,4,0,0.16667511007192187
157,5,0,0.26119845178074813
158,2,0,0.08860874552854156
159,2,0,0.16208095629064473
160,5,0,0.05515581633605471
161,2,1,0.4721103621566971
162,1,0,0.10996284444334609
163,2,0,0.10663125373473824
164,4,0,0.17020789405604356
165,3,0,0.17021571256024226
166,3,0,0.07706847531022969
167,2,0,0.08831584220151824
168,1,1,0.273066087041316
169,5,0,0.0842820002711038
170,1,0,0.13476834215417477
171,3,1,0.08135879546626108
172,1,0,0.1011979452532007
173,1,0,0.11121677627687476
174,5,0,0.16238212008083325
175,5,1,0.18216058189943607
176,1,1,0.14697584352149276
177,3,1,0.10348760735581872
178,4,1,0.49779870884505084
179,5,0,0.14145968757564098
180,3,0,0.06958121287495081
181,1,0,0.12492423830644576
182,2,0,0.11547551138155329
183,2,0,0.08816794983739597
184,1,0,0.19067881922862345
185,1,0,0.14205449234866502
186,5,0,0.09583998297994697
187,1,0,0.2492786386092009
188,5,0,0.04160180253082291
189,2,1,0.29977100687105424
190,2,0,0.6533356535769382
191,4,1,0.22614781990996682
192,5,0,0.14007838089600236
193,2,0,0.21917468156562675
194,5,0,0.39271571492109913
195,4,0,0.16027328431450943
196,3,1,0.10134012091383394
197,4,1,0.0918112974193707
198,1,0,0.09815251731876368
199,2,0,0.18234568532390238
200,4,0,0.14052455578707712
201,1,0,0.1337157120477836
202,4,0,0.23466389555718298
203,3,0,0.08199046335968832
204,1,0,0.08677690461919396
205,3,0,0.38366379230780945
206,3,0,0.14200662711700235
207,4,0,0.26792428960759535
208,5,0,0.07682267561234914
209,3,1,0.21759910343450875
210,2,0,0.08796844404185766
211,1,0,0.15592290604633702
212,3,0,0.09277132622389299
213,2,1,0.2285037165817284
214,2,0,0.13996172857164682
215,1,1,0.807166594679409
216,5,0,0.1988333033729815
217,5,0,0.06616202591864649
218,2,0,0.12677232541212743
219,5,0,0.12434882276971765
220,5,0,0.07429815488182451
221,2,1,0.7406321902454456
222,2,1,0.721948713512146
223,1,0,0.13459599115312032
224,4,0,0.18407883013616488
225,1,0,0.1615531641017165
226,5,0,0.18042766127177529
227,3,0,0.1677671399494717
228,3,0,0.050900393599974655
229,5,0,0.15392777704667335
230,5,0,0.048268570620139166
231,3,0,0.13897515538564983
232,2,0,0.3984675961436692
233,2,0,0.12970830823749657
234,3,0,0.12050757263689091
235,2,0,0.09327815254596718
236,2,0,0.20427509199041596
237,3,0,0.11130801684918097
238,4,0,0.1357458634079061
239,1,0,0.12877977389903528
240,3,0,0.23284115427783375
241,4,1,0.10194584553002511
242,3,0,0.17470284533122596
243,2,0,0.16788571171403321
244,5,1,0.4570538856957901
245,4,0,0.09001147987000373
246,1,0,0.2810868613324152
247,4,0,0.7710685057562074
248,4,0,0.3355497094285183
249,3,1,0.22071100415581063
250,4,0,0.11082208073347588
251,2,0,0.10721467033889792
252,5,0,0.06842613548424448
253,4,0,0.4268754661344218
254,2,0,0.7255563694200698
255,1,0,0.19153812721904553
256,1,0,0.3008297349930549
257,2,0,0.09035265689244731
258,4,0,0.19769335932377352
259,2,0,0.28681111076231
260,5,0,0.28209699598762783
261,2,0,0.11756370247516235
262,1,0,0.18794134871735735
263,3,0,0.13512926801554914
264,3,1,0.5595224186556086
265,3,0,0.17504035345618663
266,1,0,0.1039546513941231
267,4,0,0.08942678740411464
268,2,0,0.17730612869119813
269,1,1,0.27988950016541136
270,5,0,0.06013304307484713
271,3,0,0.05395764509915657
272,4,0,0.09803470606444727
273,5,0,0.20002383913393657
274,5,0,0.07359935902049536
275,3,0,0.7541977231339911
276,1,0,0.10241165383938652
277,1,0,0.08532693593113294
278,5,0,0.06800586843974353
279,3,1,0.6207372973018278
280,2,0,0.1863832998224518
281,2,0,0.29087854293463267
282,1,1,0.401639853955571
283,2,0,0.09693909768121074
284,4,0,0.15064170916916528
285,4,1,0.7397285765354592
286,5,0,0.2068840397889374
287,3,1,0.23291831532108156
288,1,0,0.4495979172011028
289,4,0,0.08875283429943603
290,5,0,0.07657616804005433
291,4,0,0.1339366991709694
292,4,0,0.1539648362160824
293,4,1,0.5604865654792025
294,3,0,0.27501338516538515
295,3,0,0.14256078331181377
296,4,0,0.08944309387581956
297,3,0,0.08147468363126173
298,4,0,0.0983522624590517
299,2,0,0.09069506649460979
300,3,0,0.13238332401401065
301,1,1,0.1396359735018553
302,1,0,0.0930024017737013
303,3,0,0.12407110017015718
304,2,1,0.09902359643409635
305,3,0,0.11072348822234156
306,3,1,0.2586409638449381
307,2,0,0.10907047912632982
308,4,0,0.15772790042899118
309,1,1,0.6641072154054157
310,3,1,0.7159834529861374
311,2,0,0.1163205244698601
312,1,1,0.09364713235498713
313,3,0,0.0648934765905798
314,5,0,0.10312796243025485
315,4,0,0.1161577143601109
316,4,0,0.1346443681712779
317,5,0,0.21750456918100797
318,3,0,0.17983702052038317
319,5,0,0.06968954817387184
320,5,0,0.45930671546062796
321,5,0,0.029182843249177203
322,5,0,0.09029771005384836
323,4,0,0.08957744252456948
324,3,0,0.06704686085408988
325,3,1,0.21388603003142923
326,2,1,0.3506649977842255
327,4,1,0.15944090178073184
328,5,1,0.6821973392001707
329,5,0,0.3177421250097583
330,1,0,0.24618618023746447
331,1,1,0.2463508866197793
332,4,0,0.28126865883542357
333,4,0,0.15701376549449372
334,3,0,0.2592920454300983
335,5,0,0.07534954488165226
336,1,1,0.1338702207715137
337,3,1,0.7414475040782957
338,3,0,0.2945148607976423
339,2,0,0.15540668487361958
340,2,0,0.3733750376397693
341,2,1,0.3108115778909949
342,4,0,0.2759216082109827
343,3,1,0.34167438605787576
344,3,0,0.15301407756175125
345,2,0,0.1921379413749437
346,2,0,0.2130865873531347
347,2,0,0.11077132611064863
348,2,0,0.21163452948354278
349,4,0,0.1381967957769592
350,5,0,0.08536413317723275
351,2,0,0.1569933137915005
352,4,0,0.10107614021729738
353,4,0,0.08978951459462091
354,4,0,0.7682424613015336
355,1,0,0.1381688912776323
356,3,0,0.06464595464724798
357,5,0,0.31729551113160775
358,3,0,0.08540022111919059
359,4,0,0.12039698668056756
360,5,0,0.04649637698142181
361,3,0,0.12223870540603449
362,5,0,0.17632209411803307
363,2,1,0.1903739190036289
364,5,0,0.21507588685965592
365,5,0,0.0690058955269347
366,3,0,0.20261326821149808
367,4,0,0.10888945813204227
368,2,1,0.13619364643457527
369,3,0,0.07676805291652218
370,1,0,0.7872962552209047
371,4,0,0.16395976140797863
372,2,0,0.09115624032372273
373,1,0,0.09020306940051794
374,4,0,0.08962411430891759
375,2,0,0.08901519204131171
376,3,0,0.08488708518730574
377,3,0,0.11375974303326544
378,4,0,0.12827469281508763
379,3,0,0.4003287080207492
380,4,0,0.09189666007696727
381,3,1,0.3078631093091838
382,5,0,0.14446469776101065
383,2,1,0.44347284208766186
384,5,1,0.6362560042570108
385,4,0,0.09009057871394585
386,1,0,0.1601738319282032
387,3,0,0.0814545483373904
388,3,0,0.2207943319056261
389,4,1,0.10539429519435016
390,2,1,0.1101481439999562
391,3,0,0.11686106209402662
392,3,1,0.08174653047521635
393,1,0,0.08874018416516087
394,3,0,0.11187822794526042
395,5,0,0.15867500675049787
396,5,0,0.22955222398083863
397,4,0,0.12873641106451297
398,4,0,0.1289675415835452
399,2,0,0.2531998442577726
400,5,0,0.080728708334368
401,2,0,0.10822497334520237
402,3,1,0.2623134534763926
403,5,0,0.09386498625004419
404,1,0,0.13284578732211935
405,4,0,0.13774792243644746
406,4,0,0.09053168132492506
407,1,0,0.14056531420477142
408,1,0,0.6390005184345013
409,5,0,0.38158874475818405
410,1,0,0.7601545180347282
411,4,0,0.09661152200891657
412,3,0,0.31430632527087027
413,3,0,0.16052297151323253
414,5,0,0.09918660106349168
415,5,0,0.1326789887505087
416,1,1,0.31848689530761065
417,1,0,0.13507226227089347
418,5,0,0.19129563126682406
419,4,0,0.2722540977069987
420,3,1,0.15530516354113738
421,5,0,0.17271727139090837
422,5,0,0.11257834810408562
423,1,0,0.10258979324975201
424,4,0,0.11028620421117093
425,3,0,0.08386935315023503
426,2,0,0.12969906976683737
427,5,0,0.05607840988971508
428,3,0,0.05095128862132501
429,3,0,0.21849194307972447
430,1,1,0.16974753120148495
431,2,0,0.42732412095543093
432,2,0,0.1389901328927622
433,3,0,0.07975193943374727
434,2,1,0.1269243030609915
435,5,0,0.08243380554972285
436,2,0,0.08999549648508118
437,4,0,0.1622742584111008
438,1,0,0.1423927621736205
439,3,0,0.04441167065100721
440,3,0,0.39622182100996783
441,3,0,0.17356881462933485
442,5,0,0.24708227542754344
443,4,0,0.6572093610149466
444,5,0,0.07011864861355536
445,3,0,0.11555278806212634
446,4,0,0.16574789648279234
447,4,1,0.7061314166007979
448,4,0,0.34770409157760196
449,4,0,0.16953933334108448
450,3,0,0.06504685672254185
451,4,0,0.08996173500280844
452,4,0,0.12362547051420122
453,5,0,0.5958301864972164
454,2,0,0.14773429390934686
455,1,0,0.1408119214497111
456,3,0,0.04911646632975207
457,5,0,0.09730194172797414
458,3,1,0.06550372568536521
459,2,0,0.1731066615012396
460,4,0,0.16950718109317994
461,2,0,0.09524750645501298
462,4,0,0.18317598169615437
463,4,0,0.08976711306478531
464,4,1,0.16017804625664864
465,2,0,0.12344676692957453
466,4,1,0.47733883888214246
467,4,0,0.1753215434295855
468,3,0,0.2603561115777986
469,5,0,0.11525192168290055
470,5,0,0.06427869675365207
471,1,1,0.22589172407953445
472,3,0,0.12743090249765432
473,2,0,0.18116086812289084
474,4,0,0.26391575110035104
475,1,1,0.7716322059491748
476,3,0,0.19890682575347518
477,5,0,0.24850043799914817
478,1,0,0.17090851425639128
479,1,0,0.09408243647787731
480,3,0,0.15195076156306836
481,3,0,0.1822457217051622
482,3,0,0.20631432277231546
483,5,0,0.07496241739513232
484,2,0,0.1528827251328434
485,2,0,0.29584608513690047
486,5,0,0.03105792923360715
487,4,0,0.3358963869085918
488,5,1,0.14477077253120338
489,3,0,0.12705181370585866
490,3,0,0.17738246839710886
491,3,0,0.08112072474941447
492,2,0,0.15677919808892204
493,2,1,0.7619653127942
494,5,0,0.204618550073236
495,1,1,0.15581106837626382
496,3,0,0.09571225920844381
497,5,1,0.11616752555030008
498,1,1,0.702497498665567
499,2,0,0.13075396553153668
500,4,0,0.08849085017827807
501,5,1,0.7598811832516794
502,3,0,0.06127948151405256
503,2,0,0.09272392432279594
504,1,0,0.08585765240523696
505,3,0,0.7381386547156463
506,4,0,0.18170827247126317
507,3,0,0.053123468636351916
508,4,0,0.09278776774750845
509,5,0,0.18944682258609194
510,5,1,0.49199948365822477
511,2,1,0.7671682703663958
512,1,0,0.1276420086821076
513,2,0,0.09047260317030775
514,4,0,0.5307717375674859
515,3,0,0.16933317364633158
516,5,0,0.15509005691129507
517,5,0,0.14125154003806945
518,5,0,0.08939479452745466
519,1,1,0.4583744798841847
520,5,0,0.05679973896298682
521,3,0,0.17334363017283463
522,2,0,0.30368761539627676
523,5,0,0.1038469845141994
524,3,1,0.7641074152729127
525,5,0,0.047909909840285536
526,5,0,0.10559210479724995
527,2,1,0.22219860896533997
528,5,1,0.731837769090083
529,3,0,0.06452283343189773
530,3,0,0.11676986397773564
531,4,0,0.11285039411705242
532,2,0,0.26121818749420816
533,5,0,0.12842375438542616
534,1,0,0.09665107949111738
535,1,0,0.40570799764884385
536,3,0,0.13631750716374427
537,1,1,0.21517902983975642
538,2,1,0.6788559325629013
539,1,0,0.08661525208651495
540,4,0,0.09165928623334879
541,3,0,0.16267692947882717
542,1,1,0.16103165635144437
543,2,0,0.24335658025899035
544,4,0,0.21963312625615108
545,4,0,0.23928030275967546
546,1,0,0.3090284924330619
547,4,0,0.22275591554761787
548,1,1,0.2559043082529342
549,3,0,0.0986276808699095
550,5,0,0.1507492895309009
551,4,0,0.14279409175667976
552,1,0,0.1823576632816004
553,2,0,0.2285037165817284
554,2,1,0.27900971042648054
555,3,0,0.07956828384311794
556,4,0,0.24361355756665853
557,5,0,0.1983849507500208
558,3,0,0.11841345261064798
559,5,0,0.18470773316953412
560,1,0,0.6933648641863746
561,1,0,0.6246391894007504
562,5,0,0.18330586088113182
563,4,0,0.12584374953589583
564,3,0,0.10571896653608683
565,2,0,0.1856741370656637
566,4,0,0.12266173864183283
567,2,1,0.24837427096309
568,2,0,0.08954249695488053
569,4,0,0.0912993994174095
570,5,1,0.15570187146370223
571,5,0,0.09093784170416695
572,2,0,0.11990597749404613
573,5,1,0.11503523372957389
574,1,0,0.08748442207245882
575,5,0,0.182303021076293
576,2,0,0.10855083174841412
577,2,0,0.2944045230227025
578,4,0,0.16587269406056204
579,4,0,0.09642116965866374
580,3,0,0.07413912288164991
581,2,1,0.3817013611222294
582,5,0,0.08625565371132965
583,1,0,0.1884926185280411
584,2,0,0.09656146482495605
585,1,0,0.09758685548067467
586,3,0,0.22618628161653398
587,2,0,0.09398701919773879
588,1,0,0.12057178960592832
589,4,1,0.19746638292848684
590,5,0,0.09854371893974352
591,2,0,0.10962599428952913
592,2,0,0.13616706823630542
593,5,1,0.22699906181911295
594,1,0,0.09272910473506261
595,4,0,0.15030332190116058
596,1,0,0.20083756555589583
597,5,1,0.21584243200397954
598,1,1,0.7056409988748776
599,3,0,0.0851970977951163
600,5,0,0.055503021398042904
601,5,0,0.13767670576698712
602,4,0,0.09065154491606883
603,4,0,0.11031626969375471
604,5,0,0.3347633984446208
605,2,0,0.09333094202266143
606,4,0,0.22459646313849319
607,4,1,0.15017637709093995
608,4,0,0.21906921756638442
609,3,1,0.7811356521048591
610,1,1,0.5269150855909346
611,3,0,0.15229715938007188
612,4,0,0.12082691585458698
613,3,0,0.06856048988687534
614,2,0,0.14162526306167994
615,4,0,0.13340014649565124
616,2,0,0.7194522898216367
617,3,0,0.07147948286267099
618,1,0,0.22579292505956788
619,5,0,0.06183988488155955
620,3,0,0.15414300066270628
621,3,1,0.6471637229451288
622,3,1,0.3018582250316823
623,1,0,0.09158779677309996
624,4,1,0.6813129388198079
625,1,1,0.1645901880984082
626,4,0,0.09784255503885488
627,3,1,0.7541454807485731
628,4,1,0.14849546838725494
629,2,0,0.09554252451960057
630,4,0,0.19167684274717378
631,3,1,0.16023890816228945
632,2,0,0.33305292017883137
633,2,0,0.10002393591731432
634,1,0,0.10298506975800896
635,5,0,0.16007287938011075
636,2,1,0.6705771570529498
637,4,0,0.08862607013115582
638,3,1,0.23220888354262129
639,5,0,0.03397615557517843
640,2,1,0.22872831823030151
641,1,1,0.7497833316065974
642,4,0,0.15346894563490884
643,2,0,0.12584090336781853
644,2,0,0.11552056508235858
645,3,0,0.13322440055979434
646,4,1,0.22449195984204787
647,5,0,0.07628317839611615
648,2,0,0.15646122720842298
649,2,1,0.13252113670702542
650,3,0,0.620853330844895
651,1,0,0.21698689384334208
652,2,0,0.15819361539510637
653,2,0,0.2872050822390087
654,4,0,0.6700506867576541
655,2,0,0.1588924485671457
656,5,0,0.46283679655372706
657,1,1,0.28128231209329874
658,1,1,0.2969494625273435
659,1,0,0.08631168840696972
660,4,1,0.11751593616098126
661,3,0,0.14846624506250503
662,4,1,0.7615412012199275
663,4,0,0.6774751246994668
664,1,0,0.1103094388956116
665,3,0,0.14337384518606375
666,1,0,0.10421115695581105
667,3,0,0.1399979144369433
668,5,0,0.1853808336699758
669,5,0,0.04529223544833039
670,5,0,0.07043085241121402
671,2,0,0.08856667738132173
672,4,0,0.15470600567641649
673,3,1,0.42431266701075065
674,4,0,0.6959846609281047
675,3,0,0.1359592950919015
676,4,0,0.14923926602719642
677,5,1,0.29266143456544186
678,2,0,0.1370086597431794
679,3,1,0.37889937388023104
680,3,0,0.21065757764730586
681,3,0,0.27149291983606355
682,4,0,0.22539685213479596
683,1,0,0.2746800929666849
684,1,0,0.14687071532711635
685,5,0,0.06613607506547006
686,2,0,0.2410560230022007
687,3,0,0.22464313889826518
688,1,1,0.6904115474872005
689,4,0,0.09908325875592632
690,5,0,0.26405818020542027
691,1,0,0.09012860168165099
692,5,0,0.39964148313209885
693,4,0,0.09614901809504338
694,2,0,0.0890024726763285
695,1,0,0.15047808350099395
696,5,0,0.22534973290910398
697,1,1,0.7318078437790384
698,4,0,0.10922730914082168
699,2,0,0.10733050991246519
700,5,1,0.11132628900373444
701,1,0,0.10983035901960071
702,3,0,0.15426209483781383
703,4,0,0.09835182272067135
704,2,0,0.09041201429251589
705,2,1,0.6743928769003833
706,1,1,0.25044435966293654
707,3,1,0.7673671282772879
708,2,0,0.1751132653619617
709,5,1,0.13207783514291926
710,2,1,0.15223311132449824
711,4,1,0.3474535579614497
712,2,1,0.6789999000983512
713,1,1,0.32277737653712524
714,5,1,0.3150018952991307
715,1,0,0.1092176761365105
716,4,1,0.14282368383538696
717,2,0,0.1255177102112523
718,3,1,0.3586881347306436
719,5,0,0.1109358038624782
720,3,0,0.06838009007786672
721,5,0,0.13022130732600828
722,2,0,0.16712152633723465
723,3,0,0.12005633712675526
724,1,0,0.12556342370200535
725,4,0,0.3098562845115757
726,5,0,0.20872282050182675
727,2,1,0.6719277443935174
728,1,0,0.10523825890585899
729,2,0,0.09246372698499214
730,2,0,0.09028114229796338
731,4,0,0.35226684065272823
732,5,0,0.23865779198860465
733,5,0,0.5701959197254387
734,5,1,0.8217168898877828
735,1,0,0.7582017763660892
736,3,1,0.719158882959211
737,2,0,0.11557954267196907
738,2,0,0.6726531624988045
739,4,1,0.24672323367923832
740,2,0,0.0905954498488975
741,1,0,0.08931230048699214
742,5,1,0.16951658855193058
743,1,0,0.18602268749483586
744,3,0,0.7589284445693454
745,4,1,0.2468531232278207
746,4,1,0.11465248785950956
747,2,0,0.2823253421979249
748,3,0,0.7206876632521362
749,1,0,0.10464330115168444
750,4,1,0.2827387982431099
751,2,0,0.0909880949375917
752,1,0,0.13398609922347143
753,4,0,0.1279227248843705
754,5,0,0.24781946468164817
755,1,0,0.10611324911427364
756,4,1,0.21315818657068905
757,3,0,0.15764657227388004
758,5,1,0.13008970192758235
759,5,0,0.19116013464525963
760,3,0,0.07018001566061932
761,4,0,0.12118994114100054
762,5,0,0.14907151073636832
763,1,0,0.7560364611541243
764,3,0,0.047666028340853914
765,1,0,0.2325356163863255
766,2,0,0.6848274033153117
767,2,0,0.22881227134048107
768,4,0,0.1371688624447109
769,2,0,0.12074321258440845
770,3,1,0.07450167693979781
771,3,0,0.17005016678746465
772,5,0,0.20100916530996085
773,1,0,0.09160953442097865
774,3,0,0.1406778012254565
775,2,0,0.08999549648508118
776,5,1,0.08694736371482624
777,1,0,0.09182432371321053
778,1,1,0.1480843584061409
779,4,0,0.4684949252671084
780,3,1,0.6657637503925118
781,4,0,0.09019162297443703
782,4,1,0.15828187847503775
783,5,1,0.05694975809872121
784,4,0,0.11619258537470352
785,1,0,0.16509320534951694
786,1,0,0.23221361424011477
787,3,0,0.12724258761912366
788,1,0,0.16999921222611614
789,1,0,0.15825320356133
790,3,0,0.11852239021090559
791,1,0,0.08507674925739686
792,5,0,0.14293581635209035
793,1,0,0.7603221770626408
794,5,0,0.1550319184693704
795,1,0,0.1488837297528713
796,3,0,0.05297054907021577
797,4,0,0.22536605124957787
798,4,0,0.12587944526257067
799,3,1,0.7552651629280386
800,1,1,0.11072081942332125
801,1,0,0.16374187914891528
802,2,0,0.08836869608539526
803,2,0,0.12342436465757761
804,5,0,0.17174796028559977
805,3,0,0.1987097045743616
806,1,1,0.08651566883454453
807,5,1,0.7006450559078221
808,2,0,0.12458306582807714
809,1,0,0.11679202019742857
810,1,0,0.08645538546973501
811,2,0,0.10413341641881182
812,2,0,0.13487348444680297
813,3,0,0.12290844730819672
814,5,0,0.1323597408750687
815,3,0,0.1414967463620779
816,2,1,0.13163114035322185
817,1,0,0.6759671949007887
818,2,0,0.08790853692625203
819,5,0,0.05133154050427285
820,4,0,0.15540586237445614
821,5,1,0.32671920792729864
822,2,1,0.13674986267971406
823,4,1,0.6925652700233003
824,2,0,0.15986114223691267
825,2,0,0.14266854515010516
826,5,0,0.14487976691418833
827,2,0,0.08990634330149848
828,5,0,0.8034648339910705
829,5,0,0.07260404312306377
830,4,0,0.08966784921945237
831,5,0,0.39321707584806
832,1,0,0.24671000138003546
833,2,0,0.1871703193920283
834,2,0,0.2712765733612445
835,4,0,0.18243411091048906
836,5,1,0.3360946297342191
837,2,0,0.08883712912675575
838,3,0,0.18504537259458845
839,2,0,0.22449335248209223
840,2,0,0.12241884417526658
841,2,0,0.09469282642254519
842,3,0,0.06527832725742745
843,4,0,0.7659321241937189
844,2,0,0.0914905226783156
845,5,0,0.1491561724279241
846,3,0,0.21614095110498202
847,4,0,0.2956949757548581
848,4,0,0.13769071177781766
849,2,1,0.08851202543882414
850,1,0,0.11660452120038159
851,1,0,0.1742297074046906
852,1,0,0.1810017418015962
853,3,0,0.11540657572680614
854,3,0,0.14645399287001398
855,3,0,0.1608252352130193
856,2,0,0.16771823820383303
857,2,0,0.09105978434727297
858,5,0,0.07633302899442077
859,4,1,0.10394596400797523
860,5,1,0.4262184118363544
861,2,0,0.09743393252770585
862,3,1,0.2214158516999765
863,2,0,0.2648427150486172
864,3,0,0.16549426408849255
865,1,1,0.7714318199444884
866,2,0,0.2080457552340776
867,3,0,0.07514505749437994
868,4,0,0.2395632691439635
869,1,0,0.17843851719371812
870,3,0,0.1274166026463606
871,2,1,0.3137096376880067
872,1,0,0.13300903836371247
873,2,0,0.6949770564091169
874,5,0,0.11187816594192258
875,1,0,0.08651566883454453
876,1,0,0.17258925733854172
877,2,0,0.1634486422483913
878,3,0,0.15614593920178796
879,2,0,0.12476155855321398
880,2,0,0.09488775432808273
881,5,0,0.05135263681917127
882,2,1,0.142370178447444
883,5,0,0.14755273453194412
884,2,1,0.7368409713462241
885,4,0,0.08997562554950123
886,4,0,0.30898063718553953
887,2,1,0.0999214145632355
888,2,1,0.09791783712378292
889,2,0,0.09224009499261232
890,5,0,0.08497588904581617
891,5,0,0.056439185905917684
892,2,0,0.1036083620193035
893,4,1,0.22358242160914327
894,5,0,0.34160706396021967
895,3,0,0.14472369334533253
896,2,0,0.15550593601452065
897,5,1,0.33731185463061136
898,3,1,0.20538458499875353
899,3,1,0.16274819881248878
900,5,1,0.2698698142809978
901,2,0,0.1997646485553082
902,1,0,0.12046111269972304
903,1,0,0.15876662058286617
904,3,0,0.3284976386428582
905,4,0,0.09046395457453596
906,2,1,0.10494517377755694
907,3,0,0.11378901700775954
908,2,0,0.08856616745342794
909,5,1,0.33582515127694834
910,1,0,0.20670404257070962
911,5,0,0.14607464723853603
912,5,0,0.17847988768395678
913,4,0,0.09098665660064818
914,5,0,0.04629296554667369
915,2,0,0.14067758347520354
916,1,1,0.37749361872915727
917,3,1,0.16717379997392545
918,5,0,0.09038799982486369
919,1,0,0.15650368522222133
920,2,0,0.13477480628461103
921,5,1,0.42879256684974726
922,2,0,0.0940057946767165
923,4,0,0.08966398036288019
924,2,0,0.09046025675601448
925,1,1,0.6216209237893907
926,1,0,0.08714131029522006
927,3,0,0.1681273907454662
928,2,0,0.08807181872221238
929,3,1,0.7131232642569814
930,4,0,0.19370958530399318
931,1,0,0.08555148992577784
932,3,1,0.4536928480460422
933,1,0,0.11455725189932726
934,2,0,0.28817346966622864
935,3,0,0.1561838602824964
936,3,1,0.6689072340948408
937,1,1,0.3797753945969977
938,5,0,0.16181260044628257
939,3,0,0.15690135071503616
940,3,1,0.5094110450110052
941,1,1,0.19970747004853462
942,5,0,0.09686272808496436
943,3,0,0.15705016412500067
944,2,0,0.2788877990586276
945,5,1,0.0657267424173699
946,5,1,0.6987230998101589
947,4,0,0.0931732147731283
948,2,1,0.45230074424213546
949,5,1,0.7658107523140804
950,3,0,0.7634633866785755
951,3,0,0.19306266707558684
952,5,1,0.21163117262744416
953,4,1,0.7669832508846157
954,2,0,0.7412757605268302
955,5,0,0.043238738514979856
956,5,1,0.5288290510141369
957,2,0,0.11102750598896331
958,5,0,0.06823172891909374
959,2,0,0.12728181454317247
960,4,0,0.22498908998461048
961,1,0,0.16067521684210015
962,4,0,0.15214034137480698
963,2,1,0.16283547197206588
964,4,0,0.40554673470652797
965,4,0,0.08869000752927074
966,3,0,0.09263278873152796
967,1,0,0.6858114015217546
968,4,1,0.4076850268126374
969,4,0,0.11382510982059443
970,2,0,0.13411205436171203
971,2,0,0.14438774421206257
972,4,0,0.09909970782940347
973,4,0,0.22134370486121316
974,3,1,0.7115149600911398
975,4,1,0.15508487220008518
976,2,0,0.13023706635583207
977,3,0,0.08149786934297155
978,1,0,0.17223201391760184
979,4,0,0.25158811472813847
980,2,1,0.14543670978402903
981,1,0,0.1123915830171046
982,3,0,0.20002023673637442
983,4,1,0.5724614958454058
984,4,0,0.08949366902402313
985,5,0,0.23129262044143717
986,2,0,0.5994989644429914
987,1,0,0.10017543908724834
988,5,0,0.050311834749668626
989,2,1,0.6644194223715354
990,3,0,0.4540182504605927
991,4,0,0.11650253349344936
992,1,1,0.7334452539044877
993,2,0,0.10735507148521338
994,4,0,0.5179062881690293
995,3,1,0.7037725921025786
996,4,0,0.08880677432767983
997,3,0,0.07154148960622421
998,5,0,0.06730373393955527
999,3,1,0.5402485211116974
1000,5,0,0.0802662749481341
1001,3,0,0.5700671339953417
1002,2,0,0.12967103408798164
1003,2,0,0.1705475569689599
1004,3,1,0.7538172884018873
1005,5,1,0.4572955890529884
1006,1,0,0.1610561663759842
1007,3,0,0.2985312055688846
1008,1,0,0.08717049494686079
1009,4,0,0.08925434234475428
1010,4,0,0.09993712850098219
1011,2,0,0.14803991434617506
1012,3,0,0.08167332123898663
1013,1,1,0.27942824649324066
1014,5,0,0.11415366961516352
1015,4,0,0.2842084835960963
1016,1,0,0.1544923128812483
1017,5,0,0.07106201557916234
1018,3,0,0.14724321528377088
1019,4,1,0.7678298757290624
1020,2,1,0.09161124086849035
1021,4,0,0.09138088396734813
1022,3,0,0.0828730614773839
1023,4,0,0.09410423926356254
1024,4,0,0.0898112944501444
1025,1,0,0.35504891890919
1026,2,0,0.2003897496287704
1027,5,0,0.19641696077579632
1028,1,0,0.08624197199505274
1029,5,0,0.13337944764841647
1030,4,1,0.6984052879249266
1031,5,1,0.3554366145102238
1032,2,0,0.13286092203043626
1033,3,1,0.8156275812301448
1034,2,1,0.22872831823030151
1035,2,0,0.1347916843137954
1036,4,0,0.13888723997018665
1037,4,0,0.09302281420448805
1038,2,1,0.8024420762229894
1039,2,0,0.2379412444155668
1040,5,1,0.09008225400488189
1041,4,1,0.6888668191350859
1042,3,1,0.23323511403398514
1043,4,0,0.08907911644872878
1044,4,0,0.1084943782192226
1045,1,0,0.1514314038047387
1046,4,1,0.6793275064118202
1047,2,0,0.1582873340616265
1048,3,0,0.0981153668897455
1049,1,1,0.10634655490682765
1050,1,0,0.15054127745985807
1051,2,0,0.22888771785535103
1052,4,1,0.7056607781353699
1053,4,0,0.10773313746846445
1054,2,0,0.23635545109889944
1055,3,0,0.31003566618453215
1056,2,0,0.08795431372402802
1057,2,0,0.09574484578015678
1058,1,0,0.3630702141459255
1059,5,0,0.20084518857855754
1060,2,0,0.25655962389915976
1061,5,0,0.24024650198220646
1062,1,1,0.434858977698912
1063,5,0,0.13542819523570795
1064,5,0,0.06855433580180291
1065,4,0,0.1544324473961848
1066,1,1,0.2352949142097225
1067,4,0,0.10161233851401535
1068,3,0,0.10207651221190774
1069,2,0,0.10347709630414322
1070,1,1,0.14456906096501942
1071,2,0,0.08873451341229704
1072,2,1,0.18122377421304922
1073,3,0,0.13322541722513018
1074,2,1,0.09138337414802192
1075,3,0,0.058085580606062455
1076,2,1,0.18941443434245486
1077,5,1,0.7858115508251259
1078,2,1,0.17250847707104933
1079,1,0,0.13101876801778056
1080,2,0,0.09277144999913609
1081,1,0,0.12238745780118698
1082,3,0,0.07361104189077282
1083,2,0,0.09551402748967601
1084,2,0,0.08953842829426666
1085,1,0,0.2784429283430941
1086,1,0,0.13404180734977106
1087,2,0,0.14464045339097897
1088,3,0,0.1452208076841097
1089,1,0,0.42570976529497
1090,5,0,0.10535304618828402
1091,3,0,0.2605600161192545
1092,4,0,0.11202277980688578
1093,1,0,0.1546396806878611
1094,2,0,0.392346640911403
1095,2,0,0.09835480610828233
1096,5,0,0.508870118752123
1097,4,1,0.7357467272172534
1098,2,0,0.14765935494534382
1099,4,0,0.10164415931590548
1100,2,1,0.21672067106075882
1101,5,0,0.16632179128307953
1102,1,1,0.22639391348323532
1103,2,1,0.7021382632795005
1104,3,0,0.7545393957854613
1105,2,1,0.15828835425670273
1106,2,0,0.0954694453769492
1107,1,0,0.19372092314021622
1108,5,0,0.6677467470240761
1109,1,0,0.1837290739149019
1110,1,0,0.08870143994345425
1111,1,0,0.17659157915635754
1112,3,0,0.09485990363336154
1113,1,1,0.1673380615461907
1114,5,1,0.313460202202823
1115,2,1,0.6994895726459385
1116,4,0,0.3415154735449194
1117,5,1,0.11146629459332306
1118,3,0,0.08532332949873668
1119,2,0,0.16045654031050405
1120,1,0,0.16248768692442853
1121,2,0,0.11693952072093251
1122,3,0,0.6316466396585335
1123,2,0,0.09532746188554923
1124,1,0,0.14986562045253085
1125,2,0,0.20136208626743057
1126,4,1,0.6717967084643335
1127,3,0,0.07318114678113714
1128,4,0,0.09718848904654581
1129,5,0,0.06828968369433852
1130,2,0,0.10829917572927777
1131,3,0,0.1075850432111403
1132,2,1,0.7192572566245695
1133,4,0,0.1358298930079044
1134,3,1,0.596273993773408
1135,3,1,0.17518303257775736
1136,1,1,0.13955000582597873
1137,5,0,0.07716818405121938
1138,2,1,0.7226903016098145
1139,3,0,0.16432331534298222
1140,4,0,0.12782506105349387
1141,2,0,0.08784849776399722
1142,1,0,0.3239362175238543
1143,5,0,0.6688532331820174
1144,5,0,0.09043100286189253
1145,2,0,0.103900736218651
1146,5,0,0.5070379263591881
1147,4,0,0.10130193719702632
1148,3,1,0.2514405103471321
1149,1,1,0.23511844854402345
1150,2,1,0.42972085822624684
1151,2,0,0.1185779657465993
1152,4,1,0.15808361614621647
1153,5,0,0.1545211836777932
1154,4,1,0.2722552496213045
1155,2,1,0.09130588357120524
1156,2,0,0.11353721532195217
1157,5,0,0.15409312349293477
1158,4,0,0.10144367344279004
1159,3,0,0.060512239427925066
1160,2,0,0.10954146214583277
1161,3,0,0.24962181885567675
1162,4,0,0.11076488182539296
1163,4,0,0.09886386682765429
1164,5,0,0.4337161229234125
1165,2,0,0.5705677646281578
1166,5,0,0.06134461272262986
1167,3,1,0.6753327732522684
1168,2,1,0.16507059825311016
1169,1,0,0.16153529137752126
1170,3,0,0.07525085074596202
1171,4,1,0.1355985046249105
1172,5,1,0.6920666555071631
1173,5,0,0.04670644923962842
1174,3,0,0.1605406813955493
1175,4,0,0.6731012667673081
1176,5,0,0.09341259111003514
1177,3,0,0.31519228559610346
1178,5,0,0.07723482229243053
1179,3,0,0.0712479547066925
1180,5,0,0.14344676430338782
1181,2,0,0.14306400826156263
1182,1,0,0.20773140064836373
1183,1,0,0.09538543483597599
1184,1,0,0.08586050721890225
1185,4,0,0.28826093393973024
1186,3,0,0.1228156388758585
1187,1,0,0.08958002033256253
1188,5,0,0.1853750684725171
1189,1,0,0.13597641533581734
1190,5,1,0.8605304055526293
1191,5,0,0.09153630103993841
1192,1,1,0.6879808093898716
1193,1,0,0.2378416215394696
1194,4,0,0.1691833097606087
1195,4,0,0.17006126751445338
1196,5,0,0.13779912287691534
1197,1,0,0.10289859985594389
1198,4,0,0.3072601318421722
1199,2,0,0.13491550436240982
1200,5,0,0.18726367627303647
1201,3,1,0.6866315482941767
1202,1,0,0.7624304913668084
1203,2,0,0.6955482356440348
1204,2,1,0.12931193611463326
1205,1,0,0.1314400602153877
1206,2,0,0.13051307349306407
1207,2,0,0.09960603872730431
1208,2,0,0.15120396729895685
1209,3,1,0.7007786771731729
1210,1,1,0.2632096266902941
1211,4,1,0.09044779560927961
1212,2,0,0.12855777743099636
1213,5,0,0.07030652406628211
1214,1,0,0.21414382734391443
1215,3,0,0.13202158294359304
1216,5,0,0.12741419785240568
1217,2,0,0.13296921005893145
1218,3,0,0.07910639482042173
1219,4,0,0.22371017486061082
1220,2,1,0.16236232407829224
1221,2,1,0.7295121883138975
1222,1,1,0.08528244032638282
1223,5,0,0.28173257481514924
1224,5,0,0.17967776747214706
1225,1,0,0.2156615969926705
1226,2,0,0.09685592858854075
1227,1,1,0.7529178386755854
1228,3,0,0.6747918758096466
1229,3,0,0.0896354195915569
1230,3,1,0.29452291479327564
1231,5,0,0.02542777725229861
1232,5,0,0.2310298910336718
1233,1,0,0.13193776659707063
1234,4,0,0.11423497917337037
1235,5,0,0.09467130622949341
1236,5,0,0.22457445867095524
1237,3,0,0.11049456284712827
1238,3,0,0.08628833722706569
1239,2,0,0.10177289955858575
1240,4,0,0.7246421578277552
1241,1,0,0.13406770205261115
1242,1,0,0.08862047043746055
1243,4,1,0.10491807294882173
1244,5,1,0.541758653454857
1245,4,1,0.31750413290402113
1246,5,0,0.3420849933486908
1247,3,0,0.08816648612687876
1248,5,0,0.04732788711974292
1249,1,0,0.0858784678630326
1250,3,0,0.08510640629348167
1251,3,0,0.17899560945101378
1252,2,0,0.09645927773378299
1253,3,0,0.1462413396005614
1254,5,0,0.1093602130574405
1255,1,0,0.09685626846651482
1256,2,0,0.15918604495806762
1257,4,1,0.3726739970995321
1258,3,0,0.1011440268704494
1259,2,1,0.08813777928696225
1260,5,0,0.20679464134265294
1261,3,0,0.4247745230614707
1262,5,0,0.10557166161317968
1263,4,0,0.09017529525490642
1264,5,1,0.7132613421147302
1265,2,0,0.09605841021026792
1266,4,0,0.48538197568504016
1267,4,0,0.12498460126316539
1268,4,1,0.11334222532660214
1269,1,1,0.48153702491559575
1270,4,0,0.14038942805172366
1271,1,1,0.11082429395131693
1272,3,0,0.14183029262795613
1273,4,0,0.1597396137125424
1274,2,0,0.27740258439156223
1275,5,1,0.6904785828193607
1276,4,0,0.08968941871382437
1277,1,0,0.20324765332434275
1278,3,1,0.15081520160938966
1279,3,0,0.139558308508828
1280,5,0,0.19478165652804985
1281,2,1,0.22657155858265202
1282,5,1,0.44379113598822445
1283,5,0,0.07882302566955314
1284,4,1,0.09029869100671654
1285,2,0,0.15131396194940494
1286,3,0,0.07378870498464644
1287,5,0,0.1032048078847392
1288,1,0,0.5214244529864199
1289,1,0,0.1854649343713353
1290,4,0,0.15474558042817937
1291,1,0,0.11592477826518144
1292,3,1,0.17627393799875882
1293,5,0,0.1326066790501784
1294,5,0,0.11309545949724066
1295,5,1,0.3988576945897646
1296,4,0,0.42530514120691854
1297,1,0,0.10954496398444546
1298,5,0,0.11092285174380476
1299,4,0,0.21279067967001142
1300,5,0,0.1459097850362458
1301,5,0,0.14396032315269225
1302,3,1,0.22894371099179897
1303,3,0,0.0721776853891205
1304,1,1,0.11825729901788165
1305,5,0,0.22409384575632865
1306,4,1,0.14887665789279655
1307,2,0,0.12189318045932024
1308,3,1,0.20390346216983057
1309,3,1,0.5648220800048263
1310,3,0,0.05690318197874924
1311,4,1,0.7254296450778375
1312,2,0,0.08820551607285317
1313,1,0,0.10103333614060653
1314,5,1,0.5916379111270406
1315,4,0,0.09407817170061
1316,4,0,0.2686122937033491
1317,4,0,0.09014298777758564
1318,5,0,0.09548376632491166
1319,4,0,0.14670080202481584
1320,5,0,0.06864201682159614
1321,3,0,0.15380203546013674
1322,2,0,0.21265883254285475
1323,5,0,0.058319262483043734
1324,1,0,0.16647621071970028
1325,1,0,0.200721955084502
1326,5,0,0.05624491747168393
1327,4,0,0.08908389237332964
1328,5,0,0.12440544877355697
1329,3,0,0.180149188643949
1330,4,1,0.6970667996660571
1331,2,1,0.27539877061479606
1332,1,0,0.13127046848429003
1333,4,0,0.09049255097240189
1334,2,1,0.34335203648625284
1335,4,0,0.12868583847162723
1336,1,1,0.28224208516725247
1337,1,0,0.11031864650114638
1338,2,0,0.10992349537147608
1339,2,1,0.30955226377436906
1340,3,0,0.18886202362658608
1341,4,0,0.09305363817222391
1342,4,0,0.1189091046047956
1343,5,0,0.06349889776386268
1344,4,0,0.09184948344424489
1345,3,0,0.05178080654138988
1346,1,0,0.08579957941942878
1347,1,0,0.09417718656316261
1348,1,1,0.11253770042633586
1349,1,0,0.09164727015645074
1350,5,0,0.06903121482384182
1351,1,0,0.164477464134209
1352,5,0,0.07035672535783662
1353,3,0,0.34338423121699213
1354,5,1,0.11808446755168547
1355,2,0,0.08922198353507557
1356,1,1,0.7411307196818997
1357,1,0,0.19418065137479296
1358,4,0,0.1391872597851399
1359,5,0,0.3300849440334626
1360,1,0,0.08609105183350904
1361,1,1,0.45257082460650516
1362,2,1,0.5676302260987517
1363,4,1,0.6560353314810352
1364,4,1,0.1393873130622091
1365,4,1,0.4139320976652525
1366,2,0,0.2054243407701527
1367,2,0,0.22993534783458255
1368,5,0,0.17100448066924287
1369,1,1,0.13933179255102296
1370,1,0,0.1680518603901221
1371,1,0,0.19722692945051412
1372,4,0,0.15116704646150103
1373,3,1,0.11097210710290557
1374,1,0,0.08621341730280009
1375,4,0,0.1845554933490247
1376,3,0,0.08651755713953395
1377,4,1,0.7639826334578304
1378,4,0,0.16932633223815102
1379,1,0,0.08932398087604988
1380,5,0,0.1920369832897443
1381,3,0,0.296957766656452
1382,4,1,0.700146307250172
1383,5,0,0.1509594592869205
1384,2,0,0.09534241184358755
1385,2,0,0.13504223989028682
1386,3,0,0.09250263238599203
1387,5,0,0.3172654111772413
1388,5,0,0.08343722309839437
1389,4,0,0.0894445524323289
1390,5,1,0.1664010246940626
1391,4,0,0.09982778996918082
1392,1,0,0.17675025103914155
1393,3,1,0.20647807361131987
1394,5,0,0.32419399675605154
1395,1,0,0.11190636778573625
1396,2,0,0.09965714635146944
1397,4,0,0.09181433854266287
1398,2,0,0.09104749212530355
1399,3,0,0.06632224907023256
1400,3,1,0.14519638118420655
1401,2,0,0.08797498734569248
1402,4,0,0.16704160276263297
1403,2,0,0.12857214121470137
1404,2,0,0.37012256768412355
1405,2,0,0.17659101766891844
1406,5,0,0.05452883931393566
1407,2,1,0.7382646852967029
1408,1,0,0.08749491970826567
1409,5,0,0.12041652513808335
1410,2,0,0.08796844404185766
1411,2,0,0.18050847626600755
1412,1,0,0.11201353459202981
1413,1,0,0.08636086400073709
1414,2,0,0.09076363894000204
1415,5,0,0.10473941038541472
1416,2,0,0.2788047214358932
1417,3,0,0.06549333883583608
1418,5,0,0.07335162433080185
1419,3,0,0.496581372928398
1420,5,0,0.13295599367884825
1421,1,0,0.5535852685617714
1422,2,0,0.1585090215006627
1423,1,1,0.25662138356150505
1424,1,0,0.24712571212795742
1425,5,0,0.054676159816209394
1426,5,0,0.07297482324896672
1427,3,0,0.20671540236449112
1428,4,1,0.5240817571438445
1429,2,1,0.7164265507203296
1430,4,0,0.10046442554162789
1431,3,0,0.20945071958139758
1432,5,0,0.17682463050688832
1433,4,1,0.7422787863992127
1434,2,0,0.08822753494118576
1435,4,0,0.37995409601041
1436,4,0,0.08934458900441954
1437,5,1,0.671486473191682
1438,2,0,0.1244404484964796
1439,1,0,0.11816295124743813
1440,3,0,0.16176378003396943
1441,5,0,0.06944284915261055
1442,3,0,0.34338055134675083
1443,1,0,0.14863683594964164
1444,4,0,0.08966746741962897
1445,4,0,0.09128612097691509
1446,1,0,0.14832072905657204
1447,3,0,0.1276998589370655
1448,3,0,0.2353047526428742
1449,5,0,0.045393503391047765
1450,3,0,0.07659358237204056
1451,5,0,0.24843392328958305
1452,1,0,0.152597700220309
1453,5,1,0.6933998853508891
1454,3,0,0.16234834070012896
1455,1,0,0.09923868415396403
1456,3,0,0.1460785653109737
1457,2,0,0.15312979413921904
1458,5,0,0.144533234108005
1459,2,1,0.7432535639752739
1460,2,0,0.08836123229182657
1461,5,0,0.19678046524875875
1462,2,1,0.6685559233335875
1463,4,0,0.24495775786591775
1464,2,0,0.4001965618536978
1465,4,0,0.21158637446511916
1466,2,0,0.1822154409647561
1467,1,1,0.1402197831451665
1468,4,0,0.2576378599568184
1469,4,0,0.17544612929300726
1470,2,1,0.6727152231710004
1471,2,1,0.6062031380445314
1472,4,0,0.1155797562817537
1473,1,0,0.09357948444779329
1474,5,0,0.058183037506837856
1475,4,0,0.08946709863779495
1476,5,0,0.13366200246776686
1477,4,1,0.7586113124410577
1478,3,0,0.1131343085644678
1479,2,1,0.08838988201053789
1480,5,1,0.13694284114932537
1481,3,0,0.16026047048280045
1482,2,0,0.15491142418817755
1483,1,0,0.13755793428794041
1484,2,1,0.41716859978678206
1485,2,0,0.08837888126649159
1486,2,0,0.2758960580965311
1487,2,0,0.08792215595238322
1488,5,1,0.2394626005746506
1489,4,0,0.13866437190366057
1490,4,0,0.16961590276368596
1491,3,0,0.3048412706358849
1492,5,0,0.07512759509024368
1493,2,0,0.17594519452419016
1494,1,1,0.21170175274257608
1495,3,0,0.10542615733330192
1496,1,0,0.09145152035525693
1497,1,0,0.10048308593044478
1498,3,0,0.06525546984579261
1499,5,1,0.3377533435024206
1500,3,1,0.41908078073381405
1501,4,1,0.7638399805852298
1502,4,0,0.10309734958546345
1503,2,0,0.16108994934341536
1504,3,0,0.07950102063468735
1505,5,0,0.18097527446801662
1506,2,0,0.12824664505856012
1507,2,0,0.09076409957342212
1508,2,0,0.1322450628524507
1509,2,0,0.10648109788772704
1510,2,1,0.12897208593532486
1511,3,0,0.20248783763749004
1512,2,0,0.09417268282815976
1513,5,0,0.1854339737506004
1514,3,0,0.23711749934525944
1515,3,1,0.11793314879280094
1516,5,0,0.0745373935116773
1517,3,0,0.7264634907819036
1518,4,0,0.1711350747866903
1519,3,0,0.061790335969863566
1520,1,0,0.1824787235413358
1521,4,0,0.15927576360581502
1522,3,0,0.2798058446577129
1523,2,0,0.3991914100838339
1524,3,0,0.36474074326854045
1525,5,0,0.08098298938363503
1526,3,1,0.11361964732015647
1527,2,0,0.11667957742853044
1528,1,0,0.22685567902423773
1529,4,1,0.22779338816049496
1530,3,0,0.07895952014925488
1531,5,1,0.09957724077242822
1532,3,1,0.11949426771921066
1533,3,0,0.06433553020545738
1534,4,0,0.12983679516063765
1535,5,0,0.34170679818261324
1536,2,0,0.09303559314127627
1537,5,1,0.6848791144764279
1538,3,0,0.05914122806848556
1539,2,1,0.707307701296026
1540,5,1,0.4442606340457993
1541,3,0,0.12010267081750198
1542,2,0,0.1887336614348739
1543,3,0,0.05483445819462187
1544,4,0,0.14483790203338626
1545,3,0,0.10593887282866024
1546,2,0,0.6924307916490576
1547,3,0,0.06634107704095578
1548,1,0,0.2781209523203899
1549,3,0,0.06255612346998352
1550,3,0,0.15525771717097028
1551,2,0,0.17049306855499777
1552,2,0,0.7462390886948892
1553,4,0,0.11969163003094872
1554,4,0,0.1791325909260501
1555,1,0,0.37299984175915923
1556,5,0,0.07966550863508375
1557,4,1,0.15858418608453115
1558,1,0,0.4008404771693106
1559,4,0,0.5372608009728662
1560,3,1,0.17652166013142995
1561,5,0,0.1018979362207907
1562,5,1,0.08776977019634709
1563,1,0,0.08640851281068518
1564,1,0,0.09975618105108097
1565,1,0,0.13976508111629699
1566,2,0,0.1079113745448862
1567,5,1,0.6608532878992129
1568,3,0,0.04649053266958736
1569,1,0,0.13822486034792164
1570,2,0,0.25746890115598775
1571,5,0,0.09863179516546522
1572,5,0,0.1646888884213797
1573,3,0,0.15013032301061405
1574,3,0,0.15066230213019324
1575,5,0,0.15345795623668212
1576,1,0,0.08623740989713659
1577,4,1,0.13241165860049714
1578,5,0,0.289977349318691
1579,2,0,0.10239153680119689
1580,1,1,0.1824965357524384
1581,4,1,0.196519467561841
1582,4,0,0.11425930552214622
1583,2,0,0.4982674052712818
1584,2,0,0.15367538002370465
1585,5,0,0.5514142035810684
1586,3,0,0.1625511322993075
1587,1,0,0.12990945811643959
1588,3,0,0.06916251036243226
1589,3,0,0.1205754211515035
1590,4,0,0.0899912879066402
1591,4,0,0.08862886072079115
1592,3,0,0.15042088177704835
1593,2,0,0.12921023177203095
1594,5,1,0.2419434990180934
1595,5,0,0.03801484611299199
1596,4,0,0.0906805851344047
1597,4,0,0.09557509704177304
1598,5,0,0.17728195313647394
1599,2,0,0.18266859395925042
1600,2,1,0.41643258065863786
1601,4,0,0.12802244016582717
1602,1,1,0.08522462856455734
1603,3,0,0.20728224545827734
1604,1,0,0.6611399897455706
1605,3,1,0.08777993988322372
1606,3,0,0.3443249155205464
1607,4,0,0.17962147567261225
1608,3,0,0.05042914424045159
1609,4,0,0.13272088375530672
1610,5,1,0.29061568141316907
1611,5,0,0.0760623014836208
1612,4,0,0.10040635113542132
1613,5,0,0.3050927128178913
1614,3,0,0.0814468467245864
1615,2,0,0.08893145379472495
1616,2,1,0.1010538364213291
1617,3,0,0.06795116540496478
1618,3,0,0.10498109793286108
1619,1,0,0.1018004737378289
1620,2,0,0.08847690165389502
1621,1,1,0.40211469656093585
1622,3,1,0.07942063569253001
1623,3,0,0.15106120650984795
1624,4,0,0.4950622171159059
1625,1,0,0.12045383812741765
1626,5,0,0.22324727526579552
1627,2,1,0.7435305421700888
1628,1,0,0.08636557953213551
1629,5,0,0.13089255841743047
1630,1,0,0.13311555091311122
1631,1,1,0.37999153488508614
1632,3,0,0.09392296816516697
1633,5,0,0.05680180171738909
1634,3,0,0.23450396183498085
1635,1,0,0.12744047492419797
1636,2,0,0.14452259821850924
1637,2,0,0.13166515501482706
1638,1,0,0.1626971660888324
1639,5,0,0.2252652745291139
1640,5,0,0.37027272806802564
1641,3,0,0.07130934365807287
1642,4,0,0.11434567152702602
1643,2,1,0.7504054572910743
1644,1,0,0.08703803844419375
1645,5,0,0.08732250204566316
1646,4,0,0.09097125457487565
1647,3,0,0.3951104126398331
1648,1,0,0.14683406612453528
1649,3,0,0.06855305245404936
1650,2,0,0.34035286548645866
1651,1,0,0.16809990747259795
1652,1,0,0.1134781138352355
1653,3,0,0.5358166329721294
1654,4,0,0.09387492437430402
1655,5,0,0.1738104793358143
1656,5,0,0.11580237213488657
1657,3,0,0.11982615718219553
1658,1,0,0.13440491237483382
1659,1,0,0.15550888323523862
1660,5,0,0.43441321037852826
1661,5,0,0.12684390364600928
1662,5,0,0.04811474103799593
1663,2,0,0.2830366097378778
1664,2,1,0.0891447272742133
1665,3,0,0.07751863330715264
1666,4,0,0.15116284144885653
1667,4,0,0.10519882673893591
1668,4,1,0.16732752086361308
1669,1,0,0.22557290667658134
1670,2,0,0.2049783445736053
1671,3,0,0.16825027886816843
1672,4,0,0.11516143368820224
1673,2,0,0.08798296106715496
1674,4,0,0.7202946655796468
1675,3,0,0.13900242988878742
1676,1,1,0.7605293166537033
1677,5,0,0.22999642225292594
1678,5,1,0.12486861640054384
1679,3,0,0.29506575534869167
1680,1,0,0.10669008518024459
1681,5,1,0.7343348369223142
1682,5,1,0.24938937865885633
1683,1,0,0.09297932709539501
1684,2,0,0.12415335614516276
1685,3,0,0.14668599831861145
1686,3,0,0.17448701048284387
1687,1,0,0.14021765066850178
1688,4,0,0.11701871486784614
1689,4,0,0.10270253572478254
1690,5,0,0.1972037984275888
1691,3,1,0.4133637123792808
1692,3,0,0.1257088985438192
1693,2,0,0.08892999369099629
1694,3,1,0.2972984778571262
1695,1,1,0.2321440411642392
1696,1,1,0.1068360307346869
1697,5,0,0.13636851571019906
1698,5,1,0.05431171892859791
1699,4,0,0.0896836703221302
1700,4,0,0.08875283429943603
1701,3,0,0.0668785624316198
1702,4,0,0.09014176214078753
1703,3,0,0.18267381321875922
1704,4,0,0.12469989823017828
1705,5,0,0.12242629875429578
1706,4,0,0.11148236043021993
1707,3,0,0.10351445505210985
1708,3,0,0.06054688629283149
1709,2,0,0.09640221000563697
1710,4,0,0.23450185121344194
1711,1,0,0.18540746235116037
1712,2,1,0.27968604399736297
1713,2,0,0.27920595300382994
1714,1,0,0.09835317030771529
1715,2,0,0.08819781844921705
1716,2,0,0.2161869687317104
1717,3,0,0.199464116525236
1718,2,0,0.18454441926967804
1719,3,0,0.3166394568662144
1720,5,0,0.08749821484649455
1721,1,0,0.4791443244930513
1722,3,0,0.1329426603773583
1723,5,0,0.044272430608459784
1724,5,0,0.1472192648607752
1725,5,1,0.44789165339038656
1726,5,1,0.42160897832412864
1727,2,0,0.09050584784924058
1728,1,0,0.16823191507988802
1729,2,0,0.12545612095725617
1730,2,0,0.09369694677309072
1731,2,1,0.699595339638411
1732,4,0,0.09836089578957853
1733,2,1,0.27611410237214645
1734,2,1,0.09194878019782426
1735,2,0,0.14659184369886058
1736,2,0,0.30367538946345296
1737,2,0,0.17143364224610239
1738,2,0,0.20984001509536207
1739,5,1,0.2938402214462691
1740,2,0,0.38458981669884
1741,4,0,0.08936445189878647
1742,1,1,0.13670715526747151
1743,2,0,0.10365939266860459
1744,1,0,0.5977013868790264
1745,1,0,0.10786070863514588
1746,3,0,0.1669207485108439
1747,1,0,0.09335149826207387
1748,4,0,0.28126865883542357
1749,3,0,0.07543203506893816
1750,1,0,0.09316303720329373
1751,1,0,0.09345769631402116
1752,2,0,0.09015935700802825
1753,5,1,0.2121446974326027
1754,3,0,0.06754533432118444
1755,5,1,0.73411086156436
1756,3,0,0.05582185003441114
1757,4,0,0.10379412710823015
1758,2,1,0.15139418104640157
1759,5,0,0.1333942727149518
1760,1,0,0.24066780063853221
1761,2,0,0.329762358273858
1762,5,0,0.06780082665350592
1763,2,1,0.3649478624946521
1764,4,0,0.11976039894974778
1765,5,0,0.3816710382328872
1766,3,1,0.6804291052245758
1767,4,0,0.08970461349889004
1768,1,0,0.1906769366192448
1769,4,0,0.14669850869589568
1770,1,0,0.08658285663404378
1771,4,0,0.17241843411574273
1772,4,1,0.38985202431636967
1773,4,0,0.10359259188004899
1774,3,1,0.833311340014129
1775,1,0,0.1077917445372149
1776,3,1,0.2049821130361026
1777,3,0,0.26659559483619427
1778,4,0,0.15371046817337186
1779,3,0,0.15598954527478143
1780,2,0,0.10014696581389422
1781,5,0,0.14366923904377424
1782,4,0,0.13472135088704293
1783,2,0,0.09045463782902925
1784,3,0,0.05970673478146819
1785,4,0,0.10192748664419551
1786,3,0,0.14462189463574512
1787,3,1,0.18570270268590383
1788,1,0,0.5309007837455196
1789,1,0,0.1582924620539883
1790,5,1,0.23585982753892254
1791,4,0,0.08992070187210453
1792,1,0,0.1324782194507335
1793,4,0,0.12969343805114852
1794,5,0,0.06651673951920016
1795,2,0,0.1642962279514826
1796,3,0,0.17664162534342331
1797,2,0,0.1637195457837979
1798,3,1,0.3096600111572119
1799,2,0,0.16958417238144416
1800,4,0,0.10406845005676586
1801,3,1,0.0787445167222157
1802,4,0,0.0959021249006873
1803,2,1,0.43518435115028203
1804,3,0,0.06553589151997644
1805,1,0,0.08965975169759367
1806,5,0,0.23243771861697246
1807,1,0,0.12226454542545184
1808,1,0,0.08604870908059427
1809,3,0,0.17644396581488167
1810,5,0,0.48583901999560775
1811,1,0,0.08892386114182202
1812,4,0,0.08981100089588084
1813,5,0,0.030369031321711263
1814,4,0,0.26105469420680605
1815,3,0,0.17225600532160254
1816,2,0,0.49520009369145296
1817,1,0,0.13393873475234158
1818,4,1,0.7597558456256077
1819,3,0,0.1496843331276095
1820,1,0,0.15324688446549725
1821,5,1,0.5152159213507415
1822,1,0,0.12424556306939413
1823,4,0,0.36709108902613463
1824,2,0,0.13175837007796046
1825,4,0,0.18195753133775408
1826,5,1,0.7191915903015027
1827,3,0,0.10185419655715014
1828,4,0,0.15283947254359354
1829,2,0,0.13328256052708398
1830,2,0,0.15716270872940596
1831,1,0,0.12239664047375065
1832,4,0,0.39017919366159365
1833,1,1,0.6799165690076275
1834,1,0,0.125115962957042
1835,3,0,0.07578815182890578
1836,2,1,0.3572769230944243
1837,2,0,0.18165660330715253
1838,1,1,0.7490338989762325
1839,4,0,0.14150399223363633
1840,4,0,0.15303937653244462
1841,4,0,0.10544464788814065
1842,2,0,0.472248900628528
1843,5,1,0.08443265734150819
1844,5,0,0.09430697439259897
1845,1,0,0.16855905012483458
1846,1,1,0.15725137159555322
1847,1,0,0.08640211008429705
1848,4,0,0.09599403464562942
1849,5,1,0.6454915547736877
1850,4,0,0.16680765484484072
1851,3,0,0.14703117743992186
1852,2,0,0.17858582551714533
1853,3,0,0.07542083629845826
1854,1,0,0.0851201506656927
1855,4,0,0.09448545858629506
1856,5,0,0.05304840844710977
1857,2,1,0.6789506397883074
1858,1,0,0.12279482829487114
1859,1,0,0.08730426291506851
1860,2,0,0.1510754851431717
1861,1,0,0.19665399739899217
1862,3,0,0.2447970997854459
1863,4,0,0.11267052225874234
1864,3,1,0.7744520259974104
1865,2,0,0.11472347003066562
1866,3,1,0.32770694403815365
1867,5,0,0.27181426100974904
1868,4,1,0.7327720281720652
1869,1,0,0.16871034981657596
1870,2,0,0.17976958679030106
1871,1,0,0.09735932123665049
1872,3,0,0.06329092081251132
1873,5,0,0.12120610272802541
1874,3,0,0.07589615121653483
1875,5,0,0.08486554026855367
1876,1,0,0.207624868470646
1877,4,0,0.10245681908472688
1878,1,0,0.1387617560099082
1879,5,0,0.09762137606910685
1880,4,0,0.7015702446840189
1881,5,1,0.14412095279029646
1882,1,0,0.08954549444206308
1883,4,0,0.3302700040814261
1884,4,0,0.09885528282056394
1885,5,0,0.19039552929058254
1886,1,1,0.793857637328242
1887,3,0,0.21101265566448635
1888,4,0,0.10615402811932394
1889,5,0,0.20521375117964183
1890,2,0,0.2696217687966441
1891,2,0,0.09909069935310656
1892,4,0,0.7002026864690521
1893,5,0,0.3444537472212838
1894,4,1,0.6293835630337558
1895,3,0,0.6538291472511911
1896,3,0,0.23609564854849965
1897,5,0,0.22513946554610653
1898,4,0,0.11248089582661377
1899,3,0,0.3449976609221897
1900,1,1,0.695057693094204
1901,1,1,0.3422891529366041
1902,5,0,0.06600533254269413
1903,5,0,0.04954348974822116
1904,5,1,0.3387961794645925
1905,1,0,0.15977826305449416
1906,4,0,0.4227866410493724
1907,1,0,0.12815758154673837
1908,1,0,0.10255985240804495
1909,1,0,0.08666504756353029
1910,5,0,0.06112643136118544
1911,1,0,0.08565452774966491
1912,4,0,0.26446752721914557
1913,2,1,0.26381320929566726
1914,1,0,0.21661826259938466
1915,5,0,0.075732017527423
1916,2,0,0.31682444169365864
1917,3,1,0.3619312250574247
1918,4,0,0.12445826529118273
1919,1,0,0.14269411423933273
1920,1,0,0.13931859453173964
1921,5,0,0.7146498558428832
1922,4,0,0.1736912387807771
1923,1,1,0.36141791097916187
1924,2,0,0.0910251891503216
1925,5,1,0.1120868861822108
1926,5,0,0.11021815124193585
1927,5,0,0.0702732917731861
1928,3,1,0.11069615843193362
1929,3,0,0.18086329522290548
1930,2,0,0.7827344167334533
1931,4,0,0.3970791940939387
1932,3,1,0.14981622780339984
1933,2,0,0.21169956204453536
1934,5,0,0.14696547820844155
1935,1,0,0.6848054048022595
1936,1,0,0.26730644687699606
1937,4,0,0.09137099736948733
1938,3,0,0.09535156058228786
1939,5,1,0.2806466846682724
1940,5,0,0.04820331930120687
1941,1,0,0.0851991147266879
1942,3,0,0.4267433134217227
1943,1,0,0.2903470942617666
1944,2,1,0.7507626800243586
1945,5,0,0.05654254128572804
1946,3,0,0.15447417605463784
1947,1,0,0.16468790454667148
1948,3,0,0.08515933902105059
1949,2,0,0.09074846461649598
1950,5,0,0.11401453577819956
1951,2,0,0.08836140859305291
1952,4,0,0.22665368440061248
1953,3,1,0.17309819868557297
1954,4,0,0.14812769437646722
1955,2,0,0.1801428602413116
1956,3,0,0.1678810587374467
1957,5,1,0.14487281683723804
1958,2,1,0.6596302601950808
1959,4,0,0.2090453647272263
1960,2,0,0.08798219511463802
1961,2,1,0.6750585460313899
1962,2,0,0.11876344775735795
1963,5,0,0.15516836738004394
1964,5,0,0.09882370884422298
1965,1,0,0.15524841962407374
1966,3,0,0.3630243736383909
1967,5,0,0.14018354634558156
1968,4,0,0.22076259421374364
1969,2,0,0.09584969349212952
1970,3,0,0.1792249810319853
1971,4,0,0.12614672579368943
1972,4,1,0.10679858941091248
1973,4,1,0.22434258769907833
1974,1,0,0.17809000184924145
1975,5,0,0.07973954234597805
1976,1,0,0.09383226162471868
1977,1,0,0.08825874569074045
1978,1,0,0.0977151828903001
1979,4,1,0.1663551918345336
1980,5,0,0.38085858448507104
1981,3,0,0.15003079050322218
1982,2,0,0.5126472982444379
1983,1,0,0.10342068211454228
1984,3,1,0.1258761662610641
1985,3,0,0.06529312794030377
1986,1,0,0.12429422349760567
1987,3,0,0.17137141428916616
1988,3,0,0.15971739856051706
1989,4,1,0.4976675704462473
1990,3,1,0.7498229522619277
1991,5,0,0.1581744816319676
1992,3,0,0.1400323634168103
1993,1,0,0.21598240412654837
1994,1,1,0.6900427103385981
1995,5,0,0.07570760035982088
1996,1,0,0.16604825407794313
1997,1,1,0.5273677850405979
1998,2,0,0.08784849776399722
1999,2,0,0.1267688403945956
2000,5,1,0.3481531040460095
2001,5,0,0.11387515556681296
2002,3,0,0.09754341156386313
2003,2,0,0.20469356687272688
2004,3,0,0.06648546714486032
2005,3,0,0.23654225665228398
2006,2,0,0.08888885116146222
2007,5,0,0.594547717138315
2008,5,1,0.7381234188715725
2009,3,0,0.05705751742785926
2010,4,0,0.17468057241721982
2011,2,1,0.2532877828707713
2012,5,0,0.10526992284544626
2013,2,0,0.15970875305169127
2014,4,0,0.09417684215241072
2015,4,0,0.10667530800874518
2016,1,1,0.1743709285420568
2017,5,0,0.1223874688554925
2018,5,0,0.08432384855360434
2019,3,0,0.1879951798724521
2020,4,0,0.1195039146033358
2021,1,0,0.13951783553688002
2022,1,1,0.1577308615730096
2023,5,0,0.3385382173778985
2024,3,1,0.6181130815838588
2025,1,0,0.1710103707988553
2026,2,0,0.11628830765058945
2027,1,1,0.5080994184438427
2028,5,0,0.32981701074385933
2029,5,0,0.2665968777343236
2030,3,0,0.652595473777166
2031,2,0,0.09338693782379301
2032,4,0,0.11322412561108375
2033,3,0,0.05025093561240397
2034,2,0,0.09975807005682379
2035,4,0,0.11249668252849264
2036,1,0,0.18263916143874548
2037,2,1,0.7168084417449296
2038,5,0,0.12412201449751732
2039,2,0,0.14144231292313053
2040,1,0,0.08702241347096962
2041,3,0,0.7332490963689068
2042,1,1,0.5878209613246197
2043,1,0,0.09288513434607021
2044,4,0,0.08944319473022569
2045,4,0,0.12584262996273168
2046,1,0,0.08594383281859719
2047,3,0,0.08506606848661238
2048,5,0,0.25592605204708113
2049,2,0,0.10504666354723684
2050,3,0,0.0609387043366201
2051,4,0,0.2840166393322618
2052,4,1,0.5219146444909999
2053,4,0,0.17782987177748677
2054,2,0,0.16105046115834332
2055,1,0,0.16824943587253952
2056,1,0,0.19756238577779142
2057,1,0,0.118353998189105
2058,1,1,0.8073562212276185
2059,3,0,0.19306215630628662
2060,4,0,0.7007598964266983
2061,3,0,0.6450957932078037
2062,5,0,0.20017333082985042
2063,3,0,0.07518233403559647
2064,3,1,0.09186470774138776
2065,4,1,0.7272536853360925
2066,4,0,0.13886132743519422
2067,4,0,0.14232437674822285
2068,2,0,0.10279864186749055
2069,1,1,0.4107575041091244
2070,5,1,0.38423665210999625
2071,2,1,0.20129962815256958
2072,5,1,0.7983795173956051
2073,4,0,0.09884819615662571
2074,4,0,0.21054019927411943
2075,4,0,0.13901263387226276
2076,2,0,0.7186322717737875
2077,5,0,0.07301143040297359
2078,4,0,0.10836426163411896
2079,4,1,0.4386911965680054
2080,5,0,0.16622756751396375
2081,2,0,0.15068735016707774
2082,3,1,0.13261085320172625
2083,1,0,0.09543876026360333
2084,3,1,0.15198347098552237
2085,4,0,0.1991935148975131
2086,1,0,0.08638657999590833
2087,3,0,0.16234078372108138
2088,1,0,0.128219006231114
2089,4,0,0.08854479020652187
2090,2,0,0.13699390684844137
2091,4,1,0.18643519597831437
2092,5,1,0.38756016376641705
2093,2,0,0.17067766529207273
2094,4,0,0.10708377854150576
2095,4,0,0.13449784998573072
2096,5,1,0.4341394551705013
2097,1,0,0.12522030727996483
2098,5,1,0.08831233820993077
2099,1,0,0.16084966376363244
2100,3,0,0.15821557470356007
2101,1,0,0.2380735572551019
2102,4,0,0.3667181830958174
2103,1,0,0.17031057360273616
2104,5,0,0.07951549589429827
2105,1,0,0.16200952031129315
2106,2,1,0.7025073079370201
2107,3,0,0.09789510533329944
2108,4,0,0.17183733782303534
2109,4,0,0.178170195391481
2110,5,0,0.08971895646576408
2111,3,1,0.4076594588359071
2112,5,0,0.10040928649044074
2113,3,0,0.13171503644981492
2114,4,0,0.11226494988573812
2115,3,1,0.3100736890931828
2116,3,0,0.15184242646737733
2117,3,1,0.7972000402673988
2118,5,1,0.5896092526560975
2119,4,0,0.10572573047549183
2120,5,1,0.15498390147911084
2121,3,1,0.3331359795185393
2122,3,0,0.1608295692440058
2123,3,0,0.1444979199530702
2124,4,0,0.26913965673411105
2125,1,0,0.08946137712462646
2126,5,0,0.08357053231618923
2127,5,0,0.2692823087645435
2128,5,0,0.47014335294862597
2129,5,0,0.1133009995120613
2130,3,0,0.22379877429204334
2131,2,0,0.11529826349952069
2132,4,1,0.11258957047401041
2133,1,0,0.16687995166280037
2134,3,0,0.13556508837443415
2135,2,0,0.09679497596290675
2136,1,0,0.6377467399975922
2137,4,0,0.24275546114541718
2138,1,1,0.6661146775023473
2139,3,0,0.24808094412045686
2140,2,1,0.2062861915397725
2141,3,1,0.3073100471772002
2142,5,0,0.135505423492471
2143,2,0,0.13322685296268966
2144,3,0,0.07057928346354655
2145,5,0,0.14629779969748108
2146,3,0,0.08283899664381686
2147,2,0,0.5265331006048786
2148,3,0,0.06479179261440361
2149,2,0,0.117059530804218
2150,1,0,0.09777901802329689
2151,3,0,0.06247351347341901
2152,3,0,0.21884967432088803
2153,2,0,0.11450091152891884
2154,1,1,0.24932796438911642
2155,3,0,0.23192185456851092
2156,5,0,0.19094336628812394
2157,3,0,0.05520742290562222
2158,3,0,0.18451280191176267
2159,4,0,0.11562368455598487
2160,5,0,0.11934961990939505
2161,1,0,0.11949538455687383
2162,5,0,0.16741492178709483
2163,1,0,0.1685787850078691
2164,3,0,0.736940834716739
2165,2,0,0.6821012778268237
2166,4,0,0.09810837261493588
2167,3,0,0.15831954296416678
2168,4,0,0.38446645449365463
2169,3,0,0.7874522575135263
2170,2,1,0.11256785588848112
2171,3,0,0.2642877463729799
2172,3,0,0.0530246641723139
2173,3,0,0.1636365873973905
2174,2,0,0.13456264314943753
2175,5,0,0.14130449881893595
2176,1,0,0.10428252220860632
2177,1,0,0.12958744035275985
2178,5,1,0.025663481430529267
2179,5,0,0.07365379965304852
2180,1,0,0.4824487785605938
2181,5,0,0.0959359472060459
2182,1,0,0.0933030964088666
2183,2,0,0.1387981174427133
2184,4,0,0.31944916708035154
2185,2,0,0.08790853692625203
2186,1,1,0.08778740588816826
2187,2,0,0.09001398867621639
2188,3,0,0.06397474373979259
2189,4,0,0.509197688477202
2190,3,0,0.10586299248184572
2191,1,0,0.09944154364155851
2192,3,0,0.15454736504395694
2193,3,0,0.07256110394499257
2194,3,0,0.21995338099238576
2195,1,1,0.39642068752245874
2196,3,0,0.1167939856045264
2197,3,1,0.6839791648803211
2198,4,0,0.31671860625852416
2199,3,1,0.07092712967735397
2200,4,0,0.13085766163744686
2201,3,0,0.23959073091891525
2202,4,1,0.29308249626187116
2203,2,0,0.1296372066231834
2204,3,0,0.21967022758785734
2205,5,0,0.15980273912891574
2206,1,0,0.17408892593637038
2207,2,1,0.525469577186904
2208,3,0,0.06169791101685969
2209,1,0,0.12329594090642164
2210,3,0,0.08994835220734086
2211,5,0,0.07195332883819001
2212,3,0,0.1652449086504668
2213,4,1,0.13489272661703983
2214,2,0,0.1211383444299947
2215,4,0,0.20853990683317525
2216,1,0,0.13177907891962345
2217,3,0,0.25061933960283544
2218,3,1,0.7115190628327035
2219,3,0,0.07748272271130653
2220,4,0,0.08947774827777458
2221,4,0,0.09523621116203393
2222,2,1,0.21671672225597088
2223,2,0,0.128714166463504
2224,3,0,0.08837010274109276
2225,4,0,0.15188219310034543
2226,3,1,0.6643425336229383
2227,5,0,0.31748328786199154
2228,5,0,0.08866993323412434
2229,2,0,0.18175292747377894
2230,5,1,0.7736224537437213
2231,2,0,0.18844161382871988
2232,5,1,0.13472739349867463
2233,5,0,0.06234182478738208
2234,2,0,0.09207597101234447
2235,2,1,0.6521175251536286
2236,5,0,0.21763981977586852
2237,3,0,0.08729200934494534
2238,1,0,0.14834066608129098
2239,5,1,0.1048301051430422
2240,4,0,0.09612395093235235
2241,2,0,0.08816794983739597
2242,3,0,0.08251022739387394
2243,4,0,0.255621187129554
2244,4,0,0.10447714164512244
2245,5,1,0.1856481860809754
2246,4,0,0.14246340294253504
2247,4,0,0.18179366110329107
2248,3,0,0.06917894435203945
2249,5,0,0.13870948394589352
2250,4,0,0.14776399072910823
2251,2,0,0.5896996250160672
2252,3,0,0.15253451910426016
2253,1,0,0.1412741039511273
2254,2,0,0.1533646693976979
2255,1,1,0.6992683506424947
2256,2,0,0.16248304098131539
2257,4,0,0.19705843538875928
2258,1,0,0.8117264737366824
2259,4,0,0.09035372801584962
2260,3,0,0.09283415927791845
2261,2,0,0.09110753128755836
2262,2,0,0.3734302156124109
2263,5,0,0.04264094357236649
2264,3,0,0.22539464159670047
2265,5,0,0.06524362322173682
2266,1,0,0.13632179294707283
2267,2,1,0.12837782136255368
2268,5,1,0.23703770331779847
2269,5,0,0.2057441839482237
2270,4,0,0.12553092521968395
2271,5,0,0.18373337908913354
2272,1,0,0.09946982585591109
2273,4,1,0.1585991314057786
2274,2,0,0.2285037165817284
2275,5,1,0.17764854022878307
2276,4,0,0.1761417855342829
2277,3,0,0.09991221319880973
2278,3,0,0.1663554872901379
2279,4,0,0.14454456693178924
2280,2,0,0.10039896984734668
2281,3,0,0.08759935835487345
2282,2,0,0.09729386523657572
2283,4,0,0.13720859404269795
2284,4,1,0.1445614622546339
2285,2,1,0.21427432333775973
2286,5,1,0.24954406385129885
2287,1,0,0.09315212588475848
2288,4,1,0.10276164453981713
2289,2,1,0.1400398071226064
2290,4,0,0.08858162817617725
2291,5,0,0.18418189186737818
2292,4,0,0.16432430213829693
2293,3,0,0.17622111974834903
2294,5,0,0.06794551666991791
2295,3,0,0.12589172915068766
2296,4,0,0.09019625598346619
2297,5,0,0.08382957382609826
2298,5,0,0.14058214979850134
2299,4,0,0.11462877374251235
2300,5,1,0.14158863998707602
2301,5,1,0.6317768324195444
2302,2,0,0.20628863740023506
2303,1,0,0.09278899621835504
2304,5,0,0.13924921907227095
2305,4,0,0.14844005465736954
2306,1,0,0.11716487611019386
2307,4,0,0.1582690666854338
2308,1,1,0.7548774687316132
2309,1,0,0.17344244148422258
2310,1,0,0.18862233443668827
2311,3,0,0.07289681299113028
2312,3,0,0.7915807131658814
2313,3,1,0.7545631325023959
2314,1,1,0.10967457910536886
2315,3,0,0.10773728366753743
2316,2,0,0.08807787217135661
2317,1,0,0.08518470437315824
2318,5,0,0.11194419574507906
2319,3,1,0.46126167114830335
2320,4,0,0.37438549624435963
2321,2,0,0.12282558875025902
2322,3,1,0.7487228901962897
2323,4,0,0.10232359684009389
2324,4,0,0.3830936528254852
2325,2,0,0.10990233540679242
2326,2,0,0.12420951412821034
2327,3,1,0.07125777614395624
2328,2,1,0.4109485234670426
2329,2,0,0.21833143079226128
2330,3,0,0.18598650403011233
2331,1,0,0.27048793938670107
2332,1,0,0.7460798559085783
2333,5,0,0.13354312818885455
2334,5,0,0.11593271553744364
2335,5,0,0.02644314694538792
2336,4,0,0.3242172201114061
2337,1,0,0.0898077734903752
2338,1,1,0.25689887034370706
2339,2,0,0.09536405028808978
2340,5,0,0.11526900570186546
2341,2,0,0.09589410504915741
2342,1,0,0.17521598580739892
2343,5,0,0.22705900351770625
2344,2,0,0.08798219511463802
2345,4,0,0.1885789849968598
2346,4,0,0.1321426365227943
2347,4,0,0.13236555263970678
2348,1,0,0.16042982645736278
2349,4,1,0.7272703117747769
2350,4,0,0.09045420658395553
2351,2,0,0.2788877990586276
2352,2,1,0.40713583215030663
2353,2,1,0.7393751135970471
2354,3,0,0.1416064242274268
2355,4,0,0.09478549682404556
2356,4,0,0.19417930027321154
2357,5,1,0.6905602196836761
2358,4,0,0.09000773007295688
2359,3,0,0.13702044426596743
2360,1,0,0.13493840206595706
2361,4,0,0.11436337535878392
2362,4,0,0.1310160627743906
2363,1,0,0.1571209623906916
2364,5,0,0.4280759210043253
2365,2,0,0.13456596132656948
2366,5,0,0.8043744471160598
2367,2,0,0.09719810476435681
2368,5,0,0.0656553899336394
2369,3,1,0.0710157355328614
2370,1,0,0.19974391754998982
2371,3,1,0.3990688965386171
2372,1,1,0.6523637849439783
2373,5,0,0.09726143186517132
2374,5,0,0.05141487222921613
2375,5,0,0.045581104396604274
2376,4,0,0.13625533332596093
2377,1,0,0.1634957493072257
2378,5,0,0.11388719745221179
2379,4,0,0.1509956313070011
2380,2,1,0.09275498213506196
2381,1,0,0.1755503164748131
2382,3,0,0.2504703518988425
2383,4,1,0.727087046851302
2384,4,0,0.20949204968516713
2385,2,0,0.20831244579452082
2386,2,1,0.4235301026231897
2387,4,0,0.09726374314796492
2388,4,0,0.14520024409222934
2389,3,1,0.14134686252801107
2390,2,0,0.16138490018580326
2391,2,1,0.7320113757018992
2392,5,0,0.17216347752074002
2393,4,0,0.09015563980751466
2394,2,0,0.11073825391113237
2395,4,0,0.10036776299024783
2396,3,0,0.6738171553290005
2397,1,0,0.2949756491212283
2398,2,0,0.08824162880388192
2399,1,1,0.1778887068115373
2400,3,0,0.13655251768804003
2401,2,0,0.10463015413560929
2402,2,0,0.12269491605817974
2403,5,1,0.16156228878690185
2404,3,0,0.08527701723763285
2405,3,0,0.10251526526711525
2406,5,0,0.08792624719028336
2407,4,0,0.09024699751311525
2408,1,0,0.374837982787196
2409,5,0,0.04011246977015703
2410,3,0,0.24710811896550883
2411,2,0,0.11703479414896913
2412,4,1,0.28951237342328323
2413,1,0,0.09255033293121956
2414,2,0,0.13894099846731522
2415,5,0,0.23879668831391332
2416,1,1,0.3641443479854172
2417,2,0,0.10516798103112218
2418,1,1,0.4598584497194362
2419,1,0,0.0905284059787814
2420,1,0,0.5511900161064179
2421,2,0,0.7240848767762236
2422,2,0,0.161739820012511
2423,2,1,0.2991819434134714
2424,3,0,0.050214467194310455
2425,2,0,0.15486954817585044
2426,3,0,0.0592945395845655
2427,4,0,0.10600419894460031
2428,3,0,0.08534039753648122
2429,2,1,0.0982316626326973
2430,1,0,0.6144018997974807
2431,4,0,0.2098101604513872
2432,2,0,0.15340782471601885
2433,5,0,0.2409451875244173
2434,4,1,0.2230096386740416
2435,2,1,0.3853034727830843
2436,5,0,0.09232879716736071
2437,3,0,0.07380322127576255
2438,5,1,0.32587635449110475
2439,1,0,0.18068639920193366
2440,3,0,0.09079884784718821
2441,5,1,0.6818079050492445
2442,2,1,0.6952468431389142
2443,2,0,0.12151452173347715
2444,2,0,0.0929804053202904
2445,4,0,0.10124993101850935
2446,1,0,0.1598323506352656
2447,4,0,0.10049313871737955
2448,3,1,0.2519990866280301
2449,3,0,0.07040284154088391
2450,5,0,0.10416312866954773
2451,2,0,0.1016706952756446
2452,2,0,0.09013019326068494
2453,1,1,0.44005256934031867
2454,4,0,0.13806777231843234
2455,2,0,0.2803987490624369
2456,1,1,0.7192598914692261
2457,2,0,0.09056232863198578
2458,5,1,0.2220074944860045
2459,1,0,0.3823833830187073
2460,2,0,0.1416667352088209
2461,4,0,0.1536045754122834
2462,4,0,0.1540072174897018
2463,3,0,0.7859059733379812
2464,1,1,0.12251610874699351
2465,1,0,0.11163228049871848
2466,4,1,0.26009882803788387
2467,4,0,0.11254015450823254
2468,5,0,0.059713489609079136
2469,2,0,0.08976612207772176
2470,2,0,0.0918232746340473
2471,3,0,0.21848592422662047
2472,5,0,0.3494774353639494
2473,4,0,0.08932652048791424
2474,5,0,0.11263764319416517
2475,3,0,0.48780176889680765
2476,2,1,0.5761887684858905
2477,3,0,0.16542832018975656
2478,4,1,0.7480604554170046
2479,4,0,0.14464495914226982
2480,2,1,0.13014129527297416
2481,2,0,0.3427127829796424
2482,3,0,0.05010634324655285
2483,3,1,0.3410865425073709
2484,1,1,0.08974321978290967
2485,5,0,0.06821295026391062
2486,5,0,0.14405291191017106
2487,3,1,0.13353856957755228
2488,2,0,0.09069110369045916
2489,3,0,0.048828723792898786
2490,1,0,0.10132939474169014
2491,4,0,0.08940586509829439
2492,3,0,0.6062514887776173
2493,5,0,0.04012578552105695
2494,5,0,0.30289199060061706
2495,5,0,0.18525791792401555
2496,3,0,0.08099585306924884
2497,1,0,0.3095746430776635
2498,4,0,0.1425678500612897
2499,3,0,0.6364089413043105
2500,3,0,0.07959692939039661
2501,4,0,0.3293696427788168
2502,4,0,0.16520288928331583
2503,3,0,0.13353929571818082
2504,1,0,0.20249481808548653
2505,1,0,0.08960998154725915
2506,4,1,0.09987766301301879
2507,2,0,0.3268261358272673
2508,1,0,0.159280228093851
2509,2,0,0.3243453419957848
2510,1,0,0.09887182108694606
2511,4,0,0.13997583372603078
2512,1,1,0.6492042841352837
2513,1,0,0.08536590841169883
2514,2,0,0.08876926622141758
2515,4,0,0.14837911782458796
2516,5,0,0.1578782109653575
2517,1,1,0.4615691997472631
2518,5,1,0.3531248270960805
2519,3,0,0.3545066574087195
2520,5,0,0.1674179769411022
2521,4,0,0.0899047980066191
2522,5,0,0.13277631491301073
2523,1,1,0.09145433629220805
2524,2,0,0.09112919563876963
2525,5,1,0.741085915799042
2526,1,0,0.08698483074184336
2527,3,0,0.08211256496813824
2528,4,0,0.13652183480571764
2529,5,1,0.65787558713129
2530,2,0,0.4398733156795988
2531,3,1,0.7712756344415551
2532,5,0,0.15300818992399495
2533,4,0,0.09333733780226171
2534,4,1,0.6692801199831853
2535,4,0,0.08986397406406509
2536,2,0,0.13448227640018487
2537,4,1,0.15709087078911718
2538,4,0,0.09986021924089633
2539,4,1,0.22409981078976401
2540,4,0,0.15235018539779605
2541,3,0,0.1731110707461389
2542,5,0,0.06177369961517778
2543,4,1,0.6724975028057115
2544,4,0,0.13475477907341796
2545,5,0,0.14163294537856624
2546,1,0,0.15909729258857275
2547,3,0,0.1509138510801751
2548,5,0,0.7256115683893432
2549,1,1,0.5634442184732098
2550,4,1,0.4550792280538815
2551,5,0,0.15051060491957477
2552,5,0,0.1882701775868375
2553,2,0,0.09168076663850759
2554,3,0,0.7535088172562364
2555,1,0,0.18822923495296612
2556,4,1,0.10939628493322169
2557,1,0,0.13425498850887035
2558,4,0,0.15571438421721218
2559,3,1,0.04725333757421825
2560,1,0,0.10343770706212564
2561,2,0,0.08803489446129811
2562,3,0,0.1416359386902065
2563,4,0,0.14784061938826804
2564,3,0,0.05249531025818154
2565,3,0,0.07088124325065158
2566,1,1,0.4967903717091718
2567,2,1,0.08798206306798885
2568,3,1,0.8400807512035048
2569,5,0,0.14438169424404654
2570,3,0,0.10160841964883427
2571,5,0,0.16098299320437495
2572,3,0,0.08873842263896328
2573,5,0,0.048350533606136226
2574,1,0,0.10105309381753541
2575,5,0,0.06462171395542016
2576,5,0,0.2896323785910525
2577,3,0,0.19768134458076886
2578,1,0,0.16236524474585248
2579,2,0,0.09270265809921242
2580,1,0,0.1587072115587084
2581,1,1,0.28224208516725247
2582,1,1,0.4507524567104828
2583,1,1,0.08605770788823336
2584,2,0,0.7245643205922824
2585,2,0,0.11138497302247724
2586,4,0,0.08921150154745777
2587,4,0,0.09331562229338189
2588,3,0,0.1511787290335792
2589,4,0,0.0914755880848085
2590,2,1,0.688782754512789
2591,4,0,0.09412571857676248
2592,1,0,0.10798635169755681
2593,5,1,0.3828332532159912
2594,4,0,0.2842929642035483
2595,3,0,0.10454170503432797
2596,3,0,0.3090054993107189
2597,4,1,0.16063300513150516
2598,5,1,0.37869304044517804
2599,4,0,0.1417281936859276
2600,5,0,0.06445679504764758
2601,5,0,0.05879486863422591
2602,2,0,0.12879232005778526
2603,5,0,0.1738940812432928
2604,1,1,0.48529742096564654
2605,1,0,0.5223554989766902
2606,5,0,0.34833207109977604
2607,2,0,0.722044423032975
2608,1,0,0.08568748910768106
2609,2,0,0.6673770787402855
2610,2,0,0.13766360346031173
2611,5,0,0.45300585408059485
2612,2,0,0.09051467699128406
2613,4,0,0.1414522188442975
2614,2,0,0.14286816808645142
2615,1,0,0.1013733698856316
2616,5,0,0.03295508031253499
2617,1,0,0.09938519648654372
2618,1,1,0.10699474570225515
2619,4,0,0.12662735318125803
2620,2,0,0.09071214227074981
2621,5,0,0.15311328032801094
2622,2,0,0.135847770873087
2623,1,0,0.09349074657076657
2624,3,1,0.6528521091016382
2625,4,0,0.08856262233214855
2626,2,0,0.29657631047900873
2627,1,0,0.13344745526083757
2628,4,1,0.7781388585430178
2629,5,0,0.07052349189280037
2630,4,0,0.09030302348521341
2631,2,0,0.10075524045102238
2632,1,1,0.7038405856631131
2633,2,0,0.5390457849833076
2634,5,0,0.15470054943333325
2635,3,0,0.1738891130405542
2636,1,0,0.19414267209693925
2637,4,0,0.12298341329490962
2638,3,0,0.31206814622267975
2639,3,0,0.16921642445153923
2640,2,0,0.13242727789689282
2641,4,0,0.10792804060098617
2642,5,0,0.05025892658123575
2643,3,0,0.05220012510779466
2644,2,0,0.20517536991303845
2645,4,0,0.2815620443141511
2646,1,0,0.08914200188961813
2647,1,0,0.1613380841683666
2648,5,1,0.19278150423407786
2649,5,0,0.12848176496253014
2650,4,0,0.1288651965075896
2651,1,0,0.11411984037649041
2652,2,1,0.6941161745585513
2653,1,1,0.756679809874521
2654,3,0,0.1967507401712379
2655,3,0,0.32383162590898684
2656,4,0,0.37466325895693703
2657,1,0,0.20348686555763384
2658,2,0,0.11094884079639067
2659,2,0,0.08830119312957177
2660,1,0,0.10520151928531346
2661,4,1,0.7376779690775865
2662,2,0,0.12179359098402441
2663,1,0,0.24646746328131028
2664,1,0,0.08531782590214819
2665,2,0,0.1624695010880614
2666,2,0,0.12478117210635475
2667,4,0,0.1269230373062111
2668,1,0,0.1601216086636012
2669,4,0,0.11785479288945773
2670,1,1,0.44564038199986405
2671,2,0,0.24588677232511516
2672,4,0,0.11375074615836919
2673,1,1,0.453513930536654
2674,3,0,0.6289855069674982
2675,3,1,0.07265003004087589
2676,1,0,0.11439776298018398
2677,4,0,0.08910066741590619
2678,1,0,0.1998970077841601
2679,3,0,0.058048371232976924
2680,3,0,0.07116243479016897
2681,4,0,0.1100055933526418
2682,4,1,0.7521695876924701
2683,4,1,0.13002172205922016
2684,2,0,0.18304986985637323
2685,4,1,0.26271233577502767
2686,4,0,0.15841624521487416
2687,5,1,0.11729641554765102
2688,1,0,0.15162731280366515
2689,1,1,0.18390995495340795
2690,1,0,0.11457535509159818
2691,2,0,0.09287187837537247
2692,4,0,0.12596419329391334
2693,3,1,0.10299671280917243
2694,2,0,0.16457397749891822
2695,1,0,0.41120700718596603
2696,3,0,0.07477900752548018
2697,3,0,0.2641663944040845
2698,1,1,0.753339345110012
2699,5,0,0.25224203174472704
2700,3,0,0.15384348280160853
2701,3,0,0.10561238760052792
2702,5,0,0.17521881284111696
2703,4,0,0.0979004925993926
2704,2,0,0.09352262366297155
2705,1,0,0.14811899446645302
2706,3,0,0.27648713805468045
2707,4,1,0.3279809912756109
2708,3,0,0.1588879051251977
2709,1,0,0.4397654828237212
2710,3,0,0.053673373774387224
2711,2,0,0.12625162224732991
2712,5,0,0.06998082862181738
2713,4,0,0.11351050283862349
2714,2,0,0.09258326147071946
2715,5,0,0.39947067646943535
2716,1,0,0.14568734580498535
2717,2,0,0.228587669691908
2718,3,0,0.10003472376605163
2719,5,0,0.08054970538457247
2720,5,0,0.17452817904741988
2721,2,0,0.16907176813048408
2722,2,0,0.6757638070811728
2723,3,0,0.06535621829491191
2724,1,0,0.23661234476108103
2725,2,1,0.6865619578788827
2726,1,0,0.15151521567986137
2727,3,0,0.0827238656454349
2728,4,0,0.14876549583227905
2729,1,0,0.13792002751762353
2730,1,0,0.13922159059190434
2731,5,0,0.15402770734359753
2732,5,0,0.04363880217709502
2733,2,0,0.25649169137356487
2734,3,0,0.13773494689938248
2735,5,0,0.4292962440781545
2736,1,0,0.5329358219109569
2737,2,0,0.08857839613486779
2738,3,0,0.17389549096357054
2739,1,0,0.1594957100653684
2740,5,1,0.3566657991660489
2741,1,0,0.12913607814868575
2742,5,1,0.699115105119179
2743,1,0,0.6715843478993859
2744,2,0,0.08804851348742931
2745,1,0,0.13704826549101243
2746,1,0,0.08640851281068518
2747,2,0,0.3104676467457951
2748,2,0,0.08790853692625203
2749,3,0,0.18337168069086413
2750,4,1,0.19458549584165552
2751,2,0,0.10429507641486455
2752,5,0,0.2694153065020867
2753,1,0,0.14747838044868591
2754,5,0,0.08109275224983666
2755,5,0,0.20381094347915055
2756,4,1,0.16037005849112354
2757,5,1,0.7568733253867785
2758,1,0,0.08641606294903284
2759,1,0,0.09128704365158427
2760,5,1,0.8405053598159568
2761,5,0,0.2163070384011126
2762,5,0,0.11072097573662144
2763,4,0,0.6360996062299906
2764,3,1,0.6389042399857492
2765,5,0,0.12636958280356858
2766,5,1,0.1938715640129961
2767,2,0,0.09010006396304006
2768,2,0,0.09499765554887987
2769,5,0,0.3287813306142954
2770,1,0,0.09227790566960928
2771,3,0,0.06962659141863677
2772,1,0,0.16043004889978313
2773,5,0,0.15266395666561475
2774,4,1,0.7191790453294588
2775,5,0,0.5113850734132535
2776,5,1,0.7139118556964377
2777,4,0,0.09862881167941194
2778,2,0,0.149545499750221
2779,4,0,0.10049418422351522
2780,1,0,0.2459224336379937
2781,5,0,0.03697025462230371
2782,1,0,0.1212386652455449
2783,2,1,0.4469599972338444
2784,1,0,0.10797404348723294
2785,4,0,0.0891608125656593
2786,1,0,0.18583586520096337
2787,3,0,0.07209340823533297
2788,1,0,0.6226759882445249
2789,2,1,0.1322412756571532
2790,4,1,0.24989246404865903
2791,5,1,0.19105379810066328
2792,5,0,0.12903220267330934
2793,5,0,0.05055547331222384
2794,4,0,0.09630132067827027
2795,4,0,0.08887666629159631
2796,3,0,0.11228416154477693
2797,4,1,0.7050143014730887
2798,1,1,0.6441616193207936
2799,4,0,0.1113242536598382
2800,3,0,0.12768471642305823
2801,3,0,0.2671412100996884
2802,3,1,0.1577537835314693
2803,2,0,0.12688871884162614
2804,3,1,0.6052944938375607
2805,4,0,0.10567462207279381
2806,5,1,0.19201942140345388
2807,3,1,0.23863338202123882
2808,4,1,0.4116006223442779
2809,5,0,0.04739667964360097
2810,2,0,0.18250944378200437
2811,4,0,0.2832240279856719
2812,5,0,0.14287720646160054
2813,1,1,0.4345603295184938
2814,3,0,0.1475727984482779
2815,4,0,0.4411533239934485
2816,3,0,0.06740584547093895
2817,3,0,0.3006900893453233
2818,3,0,0.07839250461227307
2819,1,0,0.08747143601349443
2820,4,0,0.08864446334887321
2821,1,0,0.09883424673863163
2822,3,0,0.16288871362754004
2823,5,0,0.10663924550948474
2824,1,0,0.16344481055168403
2825,3,0,0.12906847974793612
2826,4,1,0.716777839944176
2827,2,1,0.7513475476191316
2828,3,0,0.16630049017098816
2829,5,0,0.10548370349224431
2830,3,0,0.08734368427262697
2831,4,0,0.25026887621872174
2832,4,0,0.25317827053707287
2833,2,1,0.11599585866321367
2834,4,0,0.1313723934172151
2835,3,0,0.1490540861197652
2836,4,0,0.21294748799811947
2837,4,0,0.13434458046857234
2838,1,0,0.14023140577200954
2839,3,0,0.07406744397920258
2840,4,1,0.5274159760004654
2841,5,0,0.029931975881422428
2842,1,0,0.24634110382101185
2843,1,0,0.2463508866197793
2844,5,0,0.061978119115483815
2845,4,1,0.6435596758213727
2846,1,0,0.0868681604090994
2847,1,0,0.13574894111505728
2848,4,0,0.12755408575489768
2849,3,1,0.16917045244189233
2850,5,0,0.1932145236951873
2851,3,0,0.0949295752475487
2852,4,0,0.10361447036851701
2853,1,0,0.23293809146989933
2854,1,0,0.09486290311207084
2855,1,0,0.1883268388613311
2856,4,0,0.13131179102073423
2857,1,1,0.14976999617816322
2858,4,0,0.13747990755033113
2859,3,0,0.19283971469064917
2860,1,1,0.282768511386747
2861,5,1,0.18061972145443778
2862,2,0,0.16626680532789093
2863,3,0,0.15748688896021049
2864,4,0,0.2810753250693869
2865,3,1,0.8251849439697713
2866,2,0,0.1641119577360507
2867,1,0,0.09259960135819388
2868,2,1,0.09117046992453327
2869,4,0,0.12088660682797173
2870,5,0,0.09204582987867184
2871,3,0,0.15975958402158755
2872,1,0,0.17720016019855958
2873,1,1,0.6841312737562789
2874,1,0,0.11096802617689519
2875,5,0,0.1030497241191105
2876,3,1,0.334501963956946
2877,5,0,0.12358836199522825
2878,3,0,0.18668039151300495
2879,1,0,0.1344817554241867
2880,1,1,0.4877725251270294
2881,5,0,0.07136970417972512
2882,3,0,0.15648591431232015
2883,2,1,0.3136648521549091
2884,2,0,0.20287388191164243
2885,3,0,0.13940364560363544
2886,4,0,0.17244604427781018
2887,1,0,0.11556886124889376
2888,5,0,0.24694327168015878
2889,4,1,0.7967728973296814
2890,3,1,0.5421105552691806
2891,1,0,0.13559506947804145
2892,5,0,0.12790515810625525
2893,3,0,0.21450936761216333
2894,3,0,0.11471261903893151
2895,2,0,0.20010562388496647
2896,3,0,0.0676768456677908
2897,5,0,0.04380914641310008
2898,3,1,0.541916517748308
2899,5,1,0.4677665814604284
2900,2,0,0.16663452350489025
2901,5,1,0.19772240565696736
2902,3,0,0.08021942081988684
2903,2,0,0.10440315849350892
2904,1,0,0.3703477068954641
2905,1,0,0.08991191205711649
2906,1,0,0.23998330504882484
2907,3,0,0.22655763284655783
2908,3,0,0.07742399891508032
2909,2,0,0.1424689108823861
2910,1,0,0.15166127922771713
2911,4,0,0.11092351393512088
2912,3,0,0.1504600076060811
2913,4,1,0.16166583257479603
2914,4,0,0.15342348770394135
2915,4,0,0.09090377132718659
2916,4,0,0.08965785976873329
2917,5,1,0.6815534407266061
2918,2,0,0.09670703250711903
2919,3,0,0.14688119063366192
2920,4,1,0.6712321669234801
2921,4,1,0.6735118949642719
2922,3,0,0.15660950341363408
2923,2,0,0.3606091861655609
2924,4,0,0.1215320644425023
2925,3,0,0.1382875323327751
2926,1,0,0.09959393075747994
2927,2,0,0.08911383823992662
2928,4,0,0.1346837171393016
2929,2,1,0.7404319849923079
2930,2,0,0.11080971331127863
2931,2,0,0.16299046514373663
2932,2,0,0.09575725136653337
2933,1,1,0.16687900368586273
2934,4,0,0.12473583160366505
2935,3,0,0.0726755005309093
2936,3,0,0.066989972874197
2937,5,0,0.12331190842212411
2938,2,0,0.08836123229182657
2939,4,0,0.08998399727507078
2940,5,1,0.5444895440838192
2941,1,0,0.2076799553868222
2942,4,0,0.08876408067366891
2943,4,0,0.1427161674460434
2944,3,0,0.132519386287901
2945,3,1,0.12308365339312487
2946,2,0,0.1510801056460033
2947,3,0,0.0807627181835801
2948,1,0,0.17126418374992078
2949,5,0,0.11016846309744263
2950,2,0,0.10339740788564959
2951,4,1,0.18155794367735337
2952,1,0,0.0898077734903752
2953,4,0,0.14418582759193818
2954,3,1,0.7160996604792732
2955,1,1,0.6673277479041719
2956,2,1,0.6998559909679113
2957,1,0,0.20265347029086034
2958,4,1,0.10411574075605715
2959,2,0,0.15673669082642785
2960,1,0,0.0960570322458267
2961,3,0,0.09870557287757466
2962,3,0,0.09580641692072996
2963,1,0,0.0857410018619025
2964,2,0,0.20823977356398132
2965,5,0,0.12184993799956717
2966,3,0,0.2559117763172125
2967,1,1,0.2784429283430941
2968,1,0,0.18734662548244954
2969,1,1,0.2643970735465026
2970,2,0,0.10300125398796034
2971,3,0,0.13512070902464934
2972,2,0,0.3430309484862056
2973,1,0,0.25871666651338954
2974,2,1,0.1991014997352095
2975,4,0,0.20907140123668538
2976,1,0,0.15185186540091158
2977,4,0,0.26369255080317533
2978,1,1,0.12183913250376421
2979,1,0,0.6719808988027292
2980,3,0,0.1463924035795176
2981,5,0,0.038830653002355144
2982,3,1,0.6972793743299225
2983,3,0,0.07786726560081113
2984,1,0,0.09258833119692948
2985,2,0,0.16567614750738274
2986,4,0,0.11471680737364379
2987,1,0,0.08695252652095646
2988,1,0,0.2756714236889761
2989,2,0,0.14121473631402112
2990,3,0,0.323387187572619
2991,5,0,0.10807759383105137
2992,5,0,0.07810951255411958
2993,5,0,0.16956156483932
2994,4,0,0.15258984715228516
2995,3,0,0.09139831290829423
2996,1,0,0.15973452043608907
2997,5,0,0.09163312984018547
2998,1,0,0.18559879594077133
2999,3,1,0.49976802355710326
3000,1,0,0.10643949850846267
3001,5,0,0.15795379848161548
3002,4,1,0.1477591768579409
3003,3,0,0.08792917147935536
3004,4,0,0.11807890325678319
3005,5,0,0.04429052783179519
3006,5,0,0.1646937241880639
3007,4,0,0.09418725382306874
3008,5,0,0.1389560322614092
3009,1,0,0.08584262362968159
3010,1,0,0.08624925634187482
3011,2,0,0.22137769726119083
3012,3,0,0.18346780154608036
3013,3,0,0.05142883041039271
3014,3,0,0.06027458933762183
3015,4,0,0.24292672347408142
3016,1,0,0.1150096456415339
3017,1,0,0.14916906380030737
3018,5,0,0.1480600144577698
3019,1,0,0.3973597410019294
3020,3,0,0.09183369593625657
3021,4,0,0.14372734981348131
3022,3,1,0.43839529524079707
3023,2,0,0.1663344969823199
3024,2,0,0.11943603852397253
3025,5,0,0.32292696024992357
3026,1,0,0.08763217877274546
3027,2,1,0.7119539126653153
3028,4,0,0.10316215757931091
3029,5,0,0.10825778605434772
3030,4,1,0.09017995889255181
3031,4,0,0.10315652920030378
3032,3,0,0.07253976232567978
3033,5,0,0.06863992712787868
3034,3,0,0.0785007149713188
3035,1,0,0.2792338174679355
3036,4,0,0.11199784268463191
3037,2,0,0.14900106206942149
3038,1,0,0.3820102450544422
3039,4,1,0.15494462540908377
3040,3,0,0.6371704873993892
3041,2,0,0.12238972513627182
3042,5,0,0.34261986713125114
3043,4,1,0.08932190581823694
3044,4,1,0.1150243349504898
3045,3,1,0.4007805364064544
3046,2,0,0.22805741007980404
3047,2,0,0.13812790580862286
3048,1,0,0.14553226283099904
3049,2,0,0.13375960454236324
3050,3,0,0.09343275326986461
3051,5,1,0.22164467297531912
3052,3,1,0.17914755740382315
3053,2,0,0.18612727063676476
3054,1,1,0.18047523024633008
3055,5,0,0.49643344272505957
3056,4,1,0.677189964270384
3057,4,0,0.33601085889907933
3058,2,0,0.2750502534744318
3059,3,1,0.17920043278546008
3060,4,0,0.09655185320872367
3061,3,1,0.6242857311692492
3062,2,0,0.1678415573180405
3063,5,0,0.06206989110804518
3064,2,0,0.10867460468251232
3065,2,1,0.10577440093914754
3066,3,0,0.279774266651887
3067,5,0,0.05920988304616432
3068,3,0,0.09192549965922528
3069,1,0,0.13526067621132654
3070,3,0,0.10217131948534912
3071,5,0,0.3346599936128794
3072,1,0,0.0898317300745078
3073,3,0,0.0939344118159311
3074,1,0,0.0898077734903752
3075,4,0,0.778116732792975
3076,1,1,0.08642341130963344
3077,2,0,0.09461112947197085
3078,3,0,0.7032059486476037
3079,5,0,0.06250283534679285
3080,2,0,0.12402220642977038
3081,2,1,0.5631468866995365
3082,1,0,0.14128275428775638
3083,2,0,0.18083393021713737
3084,4,1,0.1203209631765426
3085,5,1,0.8043442063875587
3086,4,0,0.1130856441447857
3087,3,0,0.08424803988834717
3088,2,0,0.21793999546559978
3089,3,0,0.26565190158555885
3090,2,0,0.09375485508008978
3091,5,0,0.5151289941044204
3092,3,1,0.16703423456711763
3093,3,0,0.10363151777603793
3094,1,1,0.6608813938813562
3095,2,0,0.20383465917380192
3096,5,0,0.24401009190254236
3097,4,0,0.09340783401136296
3098,4,0,0.1542979466783757
3099,3,0,0.6134280660493959
3100,1,0,0.104811021638256
3101,2,0,0.1055038573946346
3102,2,0,0.09045893650736023
3103,4,0,0.10040121041050878
3104,5,0,0.04525554875649956
3105,2,0,0.10530562373076607
3106,3,0,0.21023759133588865
3107,3,0,0.12999128074763164
3108,3,0,0.24785771783527452
3109,2,1,0.15209102995323903
3110,4,0,0.14748234808744784
3111,1,0,0.08631380703464878
3112,4,1,0.1209438205924216
3113,3,0,0.20170743967334126
3114,4,0,0.4478871436310845
3115,4,1,0.2810753250693869
3116,3,0,0.07529636492867976
3117,2,0,0.08804864553407848
3118,2,0,0.1602437656471087
3119,5,1,0.7255899933777549
3120,5,0,0.13426077378703424
3121,1,0,0.09995722697072557
3122,1,1,0.12964418826377497
3123,1,1,0.19170596903811016
3124,5,0,0.1002845592477051
3125,4,0,0.11332820967033122
3126,4,1,0.48415634070641295
3127,3,1,0.7975775638746497
3128,1,0,0.11500953158513073
3129,1,0,0.27988950016541136
3130,5,1,0.8474745926182817
3131,3,0,0.07629516356362344
3132,5,0,0.09207703877005456
3133,2,0,0.18437542939949922
3134,2,0,0.23368452736248965
3135,1,0,0.2389710901554412
3136,1,0,0.09748272508690939
3137,2,0,0.15911683208288752
3138,3,0,0.08950822012921641
3139,1,0,0.12216912000866148
3140,2,1,0.2812975230342969
3141,4,0,0.08867099328271139
3142,1,0,0.3920668265337935
3143,1,0,0.1558620447791766
3144,5,0,0.08696741071790555
3145,4,0,0.7271460141164744
3146,5,0,0.053754073164668625
3147,4,0,0.10359376424580606
3148,2,1,0.2991819434134714
3149,4,1,0.16576034271985732
3150,5,0,0.09451330092763312
3151,5,0,0.16786343255863836
3152,2,1,0.2793992950999238
3153,4,0,0.0902610690867119
3154,5,1,0.28950760688936295
3155,4,0,0.29458865927304395
3156,2,0,0.1334869605233273
3157,1,0,0.1071602374773778
3158,5,1,0.15859109457763823
3159,1,1,0.5182876432022163
3160,1,0,0.0865318446407999
3161,5,0,0.18608998431559354
3162,5,1,0.13500825400583444
3163,5,0,0.12043937764222329
3164,5,0,0.10420827904502686
3165,1,0,0.14268533599861125
3166,4,0,0.0963122086805722
3167,2,1,0.5750675940944161
3168,2,0,0.2791512344523192
3169,5,0,0.2997503481441703
3170,1,1,0.1480124906286349
3171,1,0,0.6766518722699244
3172,1,1,0.28185887984709074
3173,4,1,0.3630505240624923
3174,2,0,0.09386406498423755
3175,2,0,0.09831847592389499
3176,2,0,0.18080444576773677
3177,3,1,0.11555799800545893
3178,3,0,0.25070242368638207
3179,3,0,0.09114974052280964
3180,4,0,0.12227002649926379
3181,2,0,0.1184863044637935
3182,4,0,0.09015537716213913
3183,4,0,0.13954175458183118
3184,1,0,0.09317459638302379
3185,3,0,0.07581018906278798
3186,2,0,0.7379948511443584
3187,4,1,0.7864603898351709
3188,5,0,0.1573950901943886
3189,3,0,0.06626938945263268
3190,2,0,0.0994129759796189
3191,1,1,0.2360057803527437
3192,1,0,0.7121956112788881
3193,5,0,0.10374292733105278
3194,2,0,0.1419883642810995
3195,5,0,0.1263788329368767
3196,3,0,0.33154345699014426
3197,5,0,0.15885141967147612
3198,3,0,0.06912568823572045
3199,1,0,0.1708622517318766
3200,2,0,0.2185316432354683
3201,5,0,0.08351100703588933
3202,4,0,0.15496875119818124
3203,1,0,0.12454368637701567
3204,1,0,0.1474322330997408
3205,1,1,0.22398860310632063
3206,3,1,0.8417548265571536
3207,3,0,0.09878612113431709
3208,2,0,0.145248715948382
3209,2,0,0.09245758073222576
3210,4,1,0.6794145391537701
3211,4,0,0.09786883019066193
3212,4,0,0.13154237960951878
3213,2,0,0.09697327058446195
3214,1,0,0.13921193851764585
3215,2,0,0.08856155636313416
3216,1,0,0.2784429283430941
3217,5,0,0.09026347107691465
3218,3,0,0.2848308964669594
3219,3,0,0.14679677341556077
3220,3,1,0.4698801175386699
3221,4,0,0.09691071835400317
3222,1,0,0.09676070205613918
3223,2,0,0.13030259840543112
3224,4,1,0.2189359175699491
3225,2,1,0.5082144590328491
3226,5,0,0.10511419317266053
3227,3,1,0.6791006571945042
3228,3,1,0.71335029413914
3229,3,0,0.10169021289364719
3230,2,0,0.40904544611386834
3231,2,0,0.19492346561736998
3232,4,1,0.6876652217932402
3233,1,0,0.08643220074922854
3234,5,0,0.16960499968048673
3235,2,0,0.1550300251485524
3236,3,0,0.6199707857158792
3237,5,0,0.13489903699736414
3238,2,0,0.13772654486753838
3239,2,0,0.1406240528754697
3240,2,0,0.09096699219681727
3241,5,0,0.07322015216268417
3242,1,0,0.08524701480380732
3243,3,0,0.1612566905804218
3244,5,0,0.13123627031497306
3245,3,0,0.0624912293305027
3246,4,0,0.2693392182832757
3247,1,0,0.15918694772317102
3248,1,0,0.38842929616754657
3249,4,0,0.539121808633375
3250,2,0,0.0904254274488639
3251,1,0,0.09136545880077672
3252,3,0,0.20097085354846825
3253,1,1,0.7528612918931862
3254,5,1,0.39703988420779884
3255,3,1,0.7286436760084403
3256,4,0,0.1257339844780041
3257,3,1,0.37888464365364494
3258,4,0,0.12007526598212163
3259,4,0,0.09540029475945343
3260,5,0,0.12885490320932716
3261,2,1,0.1122697184761888
3262,1,0,0.10364614705534657
3263,4,0,0.12578354538822123
3264,3,0,0.07779591084044267
3265,3,0,0.1174428442318272
3266,4,0,0.2731930585440787
3267,3,1,0.26675463842494923
3268,1,0,0.08878526639707338
3269,3,1,0.10737593488708774
3270,1,0,0.10597111341724248
3271,1,0,0.25913730928719103
3272,3,0,0.05885051052270412
3273,2,0,0.08841784141931867
3274,5,0,0.10993237601070203
3275,2,1,0.6722226796659577
3276,4,0,0.09791707461062794
3277,2,0,0.19169352380478058
3278,4,0,0.22471793519140798
3279,4,0,0.2269746152454865
3280,3,0,0.049480503796918034
3281,3,0,0.06345414856161002
3282,4,1,0.38674485007481385
3283,1,1,0.7150881595204477
3284,5,0,0.19554328144865032
3285,3,0,0.06253249238644229
3286,5,0,0.16004092613268822
3287,4,0,0.119237640661017
3288,3,0,0.3090550440421626
3289,3,0,0.09575692642260773
3290,3,0,0.10122553387775135
3291,3,0,0.09444570638207832
3292,5,0,0.5576962576791404
3293,2,0,0.13971566511550604
3294,2,0,0.0893082655257201
3295,2,1,0.7259224006816241
3296,4,0,0.1759169218861245
3297,3,0,0.07648103376274133
3298,5,0,0.1510763403101445
3299,1,1,0.7149324001821096
3300,1,0,0.10186926848075104
3301,5,0,0.15930154761899723
3302,1,1,0.21248322318579638
3303,1,0,0.0858080316984969
3304,4,0,0.3619810265436787
3305,1,0,0.0937050249518363
3306,2,0,0.15037966916315365
3307,3,0,0.11261951270747003
3308,1,0,0.1247979979197281
3309,1,0,0.09400387070782065
3310,3,0,0.1313959611035334
3311,5,0,0.2262691691894443
3312,2,0,0.14916400123258886
3313,5,0,0.11268573396075336
3314,5,0,0.7312534900973131
3315,3,0,0.07007967945321458
3316,1,0,0.10022537179896884
3317,5,0,0.43795750938805994
3318,1,1,0.27502269639555094
3319,4,0,0.08911239841904535
3320,3,0,0.23961559738082744
3321,4,0,0.12718884928788396
3322,4,0,0.09379443315876283
3323,3,1,0.7242079957295848
3324,2,1,0.4272244751817865
3325,1,0,0.08575817078780461
3326,2,0,0.37846732835765945
3327,1,0,0.6804662279788074
3328,5,0,0.14255841161498164
3329,4,0,0.08897763654813248
3330,5,0,0.1941550666299151
3331,1,0,0.13776228577178024
3332,2,0,0.2847416172109116
3333,3,0,0.2075272171132566
3334,3,0,0.3181563147856375
3335,2,0,0.097934764425908
3336,4,0,0.1586494212789846
3337,3,0,0.14647077371178463
3338,2,0,0.11920029683515647
3339,4,0,0.12018172995222084
3340,1,1,0.2784429283430941
3341,1,0,0.10851691360297033
3342,5,1,0.590393730787496
3343,2,0,0.09319367656438744
3344,2,0,0.12974675945839578
3345,3,0,0.09594718427395436
3346,2,0,0.0958151722506382
3347,2,0,0.1219202257532449
3348,4,0,0.09958213409408997
3349,3,0,0.1708375462400346
3350,2,1,0.14084227515364156
3351,3,0,0.08259563576068
3352,4,1,0.6741452034555171
3353,1,0,0.12236003377093081
3354,3,1,0.39823892994349264
3355,2,0,0.08790840487960286
3356,5,0,0.04670982009203554
3357,1,0,0.18951686227220277
3358,1,0,0.08629092524940005
3359,3,1,0.32658592541400894
3360,3,0,0.0823769684053866
3361,3,0,0.1885640789541082
3362,3,1,0.3087782660798793
3363,4,0,0.10192455876917599
3364,4,0,0.09629314953060734
3365,2,0,0.13275129079124873
3366,4,0,0.12038671358734719
3367,3,0,0.08104327210552849
3368,5,1,0.14090755013650455
3369,2,1,0.10775746606132194
3370,4,0,0.5430605108112264
3371,3,0,0.30714696833716715
3372,2,0,0.21893137795157297
3373,1,0,0.2792338174679355
3374,3,0,0.27601830494659857
3375,2,1,0.684226333538076
3376,5,0,0.18372719684449806
3377,4,0,0.2756857071319523
3378,1,0,0.6776597716980477
3379,5,0,0.13463958417903907
3380,1,0,0.21130357722438603
3381,1,0,0.14783692688627145
3382,1,0,0.3769567363602528
3383,1,0,0.11860819753143331
3384,3,1,0.5144839134313562
3385,2,0,0.13056805445474023
3386,4,0,0.387771476765429
3387,2,0,0.13853399524348584
3388,5,0,0.10462536176918846
3389,2,0,0.13752276432532
3390,3,1,0.12038889618811388
3391,3,1,0.23724646524622636
3392,3,0,0.2292872686659071
3393,1,1,0.14603251691576766
3394,5,0,0.15806098164266333
3395,4,0,0.09313547918894857
3396,4,0,0.09815132349355642
3397,3,0,0.16202828358497973
3398,2,0,0.18879314885229767
3399,4,0,0.22564050951840833
3400,2,1,0.6922373767375649
3401,1,0,0.12767233849110896
3402,3,0,0.06408870829172936
3403,5,0,0.05023968709776096
3404,3,0,0.13203337384614733
3405,5,1,0.14854033764918168
3406,4,1,0.5072196738578151
3407,1,0,0.18358865513976672
3408,3,0,0.5442836801881232
3409,4,0,0.09721498929803611
3410,1,0,0.2743880831276464
3411,2,1,0.40795676536573205
3412,2,0,0.2580931899015577
3413,4,1,0.3284889019664971
3414,2,1,0.11246227045756019
3415,5,0,0.13755378680078528
3416,3,0,0.13745364645184902
3417,4,1,0.7196509011298506
3418,2,0,0.12119745990881897
3419,2,1,0.7155155136554429
3420,1,0,0.13784203919861332
3421,3,0,0.06627544184729244
3422,2,0,0.09885293725245359
3423,4,0,0.09169861218133589
3424,3,0,0.13632168360989996
3425,3,0,0.07742114593635128
3426,1,1,0.23685754221406785
3427,4,0,0.12042799001435492
3428,2,1,0.6900023403878028
3429,3,1,0.30510503643223685
3430,5,0,0.27292395277580817
3431,1,1,0.1468419895696014
3432,1,0,0.1195182454568985
3433,4,0,0.6376813360717926
3434,3,0,0.07102076289918995
3435,4,0,0.08980338242830954
3436,2,0,0.09468682605642036
3437,5,0,0.5210211347074499
3438,3,1,0.07144860664241715
3439,5,1,0.7001421967102982
3440,3,0,0.2416543065296893
3441,1,0,0.12092301538641291
3442,2,0,0.12967439742116604
3443,5,0,0.15299099078805642
3444,3,0,0.4349128469806134
3445,5,0,0.2370702555223209
3446,5,1,0.7518999846955852
3447,4,0,0.526804310928263
3448,4,0,0.12354542422579945
3449,2,0,0.09723182647456083
3450,2,0,0.0902723653278798
3451,4,0,0.3510815928865049
3452,3,0,0.0652813371289875
3453,5,0,0.33860799928577734
3454,1,0,0.13129506993954287
3455,3,1,0.11363486341779389
3456,1,1,0.7573124203414912
3457,4,0,0.08849085017827807
3458,4,0,0.1139683708514762
3459,2,0,0.6927239385363008
3460,2,0,0.2895866389026997
3461,5,1,0.6737126803200204
3462,4,0,0.12711628296086253
3463,2,0,0.12373676545746946
3464,1,0,0.09336814937779167
3465,5,1,0.495880661489519
3466,4,0,0.19876822043809647
3467,4,1,0.10324228536891104
3468,2,0,0.08784849776399722
3469,1,0,0.08590284961246801
3470,1,0,0.0861219902394865
3471,5,0,0.12111190493250192
3472,1,0,0.1927572775438229
3473,4,0,0.09669747902921327
3474,5,0,0.11506783164601932
3475,5,1,0.6711623354988632
3476,5,0,0.09343943831707589
3477,1,0,0.12623577379272283
3478,2,0,0.6810086320457003
3479,3,0,0.09202297675707061
3480,5,0,0.07685857371805357
3481,2,0,0.08923494289311358
3482,1,1,0.6110508318514885
3483,4,0,0.2854508507849823
3484,5,0,0.1484388293095626
3485,3,0,0.07220869989650697
3486,1,0,0.2224224438267134
3487,1,0,0.12110784032135002
3488,2,0,0.08798860637182368
3489,1,0,0.1392854265082466
3490,2,1,0.3194187302251094
3491,3,0,0.07329979038863649
3492,1,1,0.30843150920935664
3493,1,0,0.1416545825898105
3494,1,0,0.08691504381316348
3495,1,0,0.18035794842082956
3496,3,0,0.10724669692520014
3497,2,0,0.1596896140701249
3498,3,0,0.08011206207931656
3499,1,0,0.22219307360586504
3500,4,0,0.0915506944944926
3501,3,1,0.12648967003941095
3502,4,0,0.10484502433899544
3503,4,0,0.09005044769983789
3504,4,0,0.20889845927729236
3505,3,1,0.6769666939197677
3506,3,0,0.05018629770419325
3507,2,0,0.11127825345416463
3508,3,0,0.168245168133053
3509,2,1,0.23468893690421225
3510,3,0,0.06861476132104784
3511,4,1,0.3624638154141501
3512,3,0,0.20355088158849338
3513,2,0,0.1344951351317237
3514,2,0,0.08790840487960286
3515,2,0,0.13838407069046513
3516,4,0,0.14671442935607285
3517,4,0,0.22434258769907833
3518,4,1,0.6774686552601926
3519,2,0,0.559617196652058
3520,4,0,0.16759595755808962
3521,2,0,0.22396066127221614
3522,4,0,0.15508054343939798
3523,5,0,0.17588942766995003
3524,3,1,0.14484601532814953
3525,4,0,0.4016971568478605
3526,3,0,0.10625183132164469
3527,1,0,0.12129024338812282
3528,3,0,0.1208362085332709
3529,2,0,0.7414200804116007
3530,5,1,0.6598664943824808
3531,1,0,0.2294870231479661
3532,5,0,0.23582219243914293
3533,4,0,0.2246559288595214
3534,5,0,0.12722046038613732
3535,1,1,0.08743177283381859
3536,2,0,0.08805736265588078
3537,1,0,0.10358963699403716
3538,2,0,0.08865287077327237
3539,2,0,0.2001546307480135
3540,2,0,0.11597875945167106
3541,2,0,0.17637334495457108
3542,4,1,0.6727738505184896
3543,1,0,0.14446801467164205
3544,5,0,0.12004129500781195
3545,3,0,0.10820286177123678
3546,5,0,0.15682879440976172
3547,2,0,0.09738888551176364
3548,1,0,0.7504293298396575
3549,3,0,0.14844779182237278
3550,5,1,0.7008191330318398
3551,3,0,0.08499075903929125
3552,3,0,0.15674333061238055
3553,5,0,0.22024360339220117
3554,5,0,0.032310427558115376
3555,1,0,0.13051933407817265
3556,1,0,0.08681223986332688
3557,2,0,0.22378397609321127
3558,4,1,0.6702823360409189
3559,5,0,0.255936519572639
3560,1,0,0.176105781244184
3561,5,0,0.09007275864492381
3562,4,0,0.28193659588168585
3563,3,0,0.5089623731741373
3564,2,0,0.13325135746717273
3565,4,0,0.33805400265227087
3566,1,1,0.7328892183571049
3567,3,0,0.1910560076099977
3568,5,1,0.15265687253803953
3569,1,0,0.14189023651989588
3570,3,0,0.17499317177412443
3571,3,0,0.06355525351503354
3572,2,0,0.14287764775551465
3573,1,0,0.16124022033938215
3574,4,0,0.11856137062265674
3575,5,1,0.7578950361925805
3576,3,0,0.19922646853332324
3577,2,0,0.08879455257455185
3578,5,1,0.2615163253286088
3579,2,0,0.7706146781638373
3580,3,0,0.6725385106716018
3581,3,0,0.4034456103272598
3582,3,0,0.17992029988013014
3583,3,0,0.1271451265068546
3584,3,0,0.15139702821699402
3585,4,0,0.0901579387159564
3586,4,0,0.12044948420765782
3587,3,0,0.28877641188502157
3588,4,0,0.10424450124750351
3589,3,0,0.12859623247557167
3590,4,0,0.09012756733892675
3591,1,0,0.28158830423605685
3592,4,0,0.09078413463979085
3593,1,0,0.1068759789832025
3594,5,0,0.15178839339089772
3595,4,1,0.09239319906793166
3596,2,0,0.14407692442182385
3597,4,0,0.12837209641414712
3598,2,0,0.11108394060995272
3599,3,0,0.6614365328209321
3600,5,1,0.5557841180344607
3601,5,0,0.3313284662906339
3602,4,0,0.1765158332238111
3603,2,0,0.18672172325423786
3604,1,0,0.1691852090935971
3605,1,1,0.32818589330784376
3606,3,0,0.10804143693708662
3607,1,1,0.7069398657359262
3608,5,0,0.21984056383677528
3609,1,1,0.1055623767046643
3610,4,0,0.1239268348496879
3611,5,0,0.6637160382969155
3612,1,1,0.6639332183866592
3613,3,0,0.1420855431487735
3614,5,0,0.07742253660970808
3615,5,1,0.2665432183466887
3616,1,0,0.0860077262338141
3617,4,0,0.10016285415552129
3618,2,0,0.1537962549734864
3619,4,0,0.21644602107704453
3620,4,0,0.10662084772260207
3621,4,0,0.1604558355148353
3622,3,0,0.1336850917624394
3623,3,1,0.3374823227403283
3624,1,0,0.23529611502065337
3625,4,0,0.4119597954708278
3626,3,0,0.09112659613763582
3627,2,1,0.7498061689421684
3628,3,0,0.05988704939500001
3629,5,0,0.09559555647994339
3630,1,0,0.11793188954981126
3631,5,1,0.7262945610355153
3632,2,1,0.16154621650607898
3633,3,0,0.058854636381431444
3634,3,0,0.20153741672091094
3635,3,0,0.08168902149722397
3636,3,0,0.16972852037360414
3637,4,0,0.11165898326169557
3638,1,0,0.09201170182212809
3639,5,1,0.43441661915191115
3640,1,0,0.22191398084064873
3641,2,0,0.10562202824979615
3642,3,0,0.13001126775344946
3643,2,0,0.09421445899888993
3644,4,1,0.2283038568625752
3645,4,1,0.6827048081323621
3646,4,0,0.16210174516246012
3647,2,1,0.7001603171971496
3648,2,1,0.6612255786735665
3649,2,1,0.6815480901846166
3650,5,0,0.15748578948648356
3651,4,0,0.09296404161504282
3652,5,1,0.21732432888029882
3653,2,0,0.09049034364650096
3654,4,0,0.0904284681791691
3655,5,0,0.35613356726820605
3656,4,1,0.7942392414896632
3657,4,1,0.1921001697845433
3658,3,0,0.08877568492608574
3659,4,0,0.11289021665378478
3660,1,0,0.08711975285752112
3661,5,0,0.08322896830667834
3662,3,1,0.7321515690184706
3663,3,0,0.09913613191913898
3664,2,0,0.08841750446618317
3665,4,0,0.25982918053399046
3666,5,1,0.7500166619496008
3667,3,0,0.297308698658724
3668,1,0,0.08792431002982348
3669,3,1,0.20030232163887068
3670,4,0,0.09281588880966549
3671,5,0,0.3549920780518844
3672,4,0,0.1459907663464583
3673,3,0,0.1605503114803517
3674,3,0,0.16406853903081262
3675,1,0,0.114525210016886
3676,3,0,0.3613248456060783
3677,2,1,0.7815265176863688
3678,3,0,0.09220234217594361
3679,3,0,0.06871939184021847
3680,1,0,0.08797971330968395
3681,3,0,0.7624993376642664
3682,3,0,0.07232792928327705
3683,2,1,0.4466083256708235
3684,2,0,0.1045403500914328
3685,5,0,0.04686155997964789
3686,5,1,0.15995185481538474
3687,2,0,0.13424091476452546
3688,2,0,0.09814135478922015
3689,4,0,0.7085207904331084
3690,1,1,0.736862409761327
3691,2,0,0.6652806420093951
3692,1,0,0.17140734111632483
3693,1,0,0.26305300401982584
3694,2,0,0.12635595525863794
3695,1,0,0.10408882234531129
3696,4,0,0.28085316640451635
3697,3,0,0.06350558744308277
3698,2,1,0.1305918070203965
3699,2,0,0.10162576179861191
3700,3,0,0.19024008561775696
3701,5,0,0.2811680883021132
3702,4,0,0.5002933251351052
3703,3,0,0.14918537902396442
3704,1,0,0.2461062350736608
3705,5,0,0.03839628614433614
3706,3,1,0.42763934568910944
3707,1,0,0.08658285663404378
3708,1,1,0.13395733094750417
3709,3,0,0.20922240233312114
3710,4,1,0.16596347203277448
3711,5,0,0.20005321870170564
3712,2,0,0.1442002499743517
3713,1,1,0.1854923637710802
3714,2,0,0.17591397310936302
3715,2,0,0.14862599828556944
3716,4,1,0.17311642195517746
3717,3,0,0.19962507678055086
3718,5,0,0.13182865654183973
3719,3,0,0.1411073365746503
3720,3,0,0.0767914422563164
3721,1,1,0.241058766642072
3722,2,0,0.13326234344569765
3723,5,0,0.7074972590636834
3724,1,0,0.1850582141236478
3725,3,0,0.2087130004058776
3726,2,1,0.12149348153158233
3727,3,0,0.16039660825469976
3728,3,0,0.07486750071305837
3729,2,0,0.12370217708128449
3730,1,0,0.5212113575687093
3731,3,0,0.3743419194675586
3732,2,0,0.164124884344693
3733,1,0,0.10436329518442601
3734,4,0,0.1832197035338535
3735,5,0,0.12436507763387442
3736,4,0,0.5117071767346323
3737,3,0,0.1760355894713917
3738,2,0,0.10887617282782382
3739,1,0,0.08703216726414016
3740,5,0,0.09832683046531832
3741,2,0,0.19309692278049562
3742,3,0,0.09999334713067434
3743,4,0,0.17414178361246624
3744,1,0,0.3476670218767697
3745,4,1,0.16086476894220203
3746,1,0,0.22391195336405803
3747,4,0,0.19567669877075344
3748,3,0,0.19053578429870396
3749,5,0,0.1086010235334374
3750,3,1,0.7314832409194295
3751,5,0,0.12847050592712647
3752,4,0,0.08934551972275989
3753,3,0,0.1181056405764775
3754,5,0,0.08530892828203246
3755,3,1,0.21331393907561252
3756,4,1,0.5325917674549809
3757,1,0,0.12746434011690314
3758,5,1,0.23855813920673224
3759,2,0,0.11396949014197469
3760,1,0,0.19486662704699298
3761,3,1,0.11680047102684264
3762,2,0,0.10327053696053515
3763,5,1,0.6325090242260019
3764,1,0,0.08913229770642103
3765,2,0,0.1313103866114179
3766,3,0,0.09267734682593516
3767,1,1,0.7423370240123341
3768,2,0,0.1631624226680536
3769,5,1,0.6557020485562415
3770,5,0,0.7283322948536763
3771,1,0,0.0869734847367282
3772,2,1,0.48264948928562906
3773,2,0,0.1326950573095086
3774,2,0,0.16603200503739843
3775,2,0,0.09434035054169304
3776,5,0,0.15050407545400968
3777,3,0,0.10902961109454859
3778,3,0,0.06719559047598206
3779,2,0,0.09706613514870249
3780,1,0,0.18588825643501591
3781,2,0,0.2346663780967238
3782,1,1,0.7068146883790788
3783,3,0,0.14164033840794069
3784,3,1,0.16152519579496458
3785,4,0,0.7210527821962893
3786,4,0,0.1508228829128168
3787,4,0,0.17915529779886663
3788,3,1,0.3475306114559588
3789,5,0,0.3216130635405758
3790,3,0,0.06269478190898578
3791,3,0,0.05747780876602453
3792,3,1,0.09298371049506003
3793,3,0,0.09086832154840227
3794,4,0,0.09356018815077222
3795,2,0,0.10196845452201161
3796,3,0,0.14817971843464012
3797,3,0,0.3678827888345294
3798,4,1,0.768325378613798
3799,2,0,0.08906119403274129
3800,2,1,0.22501297200544693
3801,4,0,0.11757246579525801
3802,5,0,0.060732750495677695
3803,1,0,0.2767155168035486
3804,4,1,0.4305119021588946
3805,1,0,0.08642479309650195
3806,5,1,0.07923573012102324
3807,2,0,0.12277448911859591
3808,1,0,0.14068655545916572
3809,1,0,0.3051988415454011
3810,1,0,0.5346788502977986
3811,3,0,0.07541059432184936
3812,3,0,0.09724403521807101
3813,1,0,0.09348686055325195
3814,2,0,0.21488130046893136
3815,5,0,0.11557679512734642
3816,4,0,0.247003352615679
3817,4,1,0.13717841750796794
3818,3,0,0.15561534429054413
3819,2,1,0.15670587909071557
3820,3,0,0.07806316089656005
3821,1,1,0.14589312535528592
3822,3,0,0.07823813022756315
3823,2,0,0.14449427960039216
3824,2,0,0.36588019145286
3825,3,0,0.2230436821876381
3826,2,0,0.16157241171109585
3827,4,0,0.12326623218388497
3828,4,1,0.0971323244139913
3829,3,0,0.04542747865566418
3830,3,0,0.12422211863092066
3831,4,0,0.2298502335724314
3832,2,1,0.6964719651804563
3833,2,1,0.7100816250872232
3834,3,0,0.0747606995640041
3835,2,0,0.08903017473145801
3836,1,0,0.1503425208146999
3837,5,0,0.4501958076061992
3838,5,1,0.12701443634822987
3839,2,0,0.3507538600425267
3840,5,0,0.417735771460713
3841,4,1,0.7532918600229296
3842,1,0,0.11323517469615035
3843,3,0,0.09506868722566432
3844,5,0,0.05258059636537689
3845,3,0,0.12305631310430165
3846,4,0,0.11403722637951223
3847,4,0,0.1588123103720503
3848,5,0,0.1605614950549268
3849,2,0,0.17171057756259692
3850,2,0,0.39703631419782937
3851,3,0,0.13042205200104032
3852,2,0,0.20789194771709024
3853,5,0,0.37837456127959884
3854,4,0,0.15242335309446278
3855,4,0,0.28574423626370976
3856,2,0,0.09723534389087027
3857,2,0,0.1337205677227597
3858,5,0,0.10958420732594823
3859,2,0,0.08969923574697211
3860,1,0,0.13320458506426464
3861,2,0,0.13108705017149086
3862,3,0,0.369748861687295
3863,1,0,0.1421638687290046
3864,1,0,0.09263468637863391
3865,5,1,0.3612447134503562
3866,2,0,0.09047055711101301
3867,5,0,0.2884039481659767
3868,2,0,0.09475524112470436
3869,1,0,0.12382234092557638
3870,4,1,0.2313131725437201
3871,2,1,0.16138599847794366
3872,4,1,0.731683655023729
3873,5,0,0.08252203896317176
3874,5,0,0.13440265886641084
3875,4,0,0.1711154721748651
3876,1,1,0.7200715855009989
3877,1,0,0.1808206172801555
3878,2,0,0.3888965505326115
3879,4,1,0.09675623399164716
3880,4,0,0.15852729198234158
3881,4,1,0.6605542872116249
3882,4,1,0.13513063787426402
3883,3,1,0.07653000017091395
3884,2,0,0.17903885358625343
3885,2,0,0.1374621085796024
3886,1,0,0.1327707908389133
3887,2,0,0.17944702940133758
3888,1,0,0.19803933487351047
3889,2,0,0.12758506637576658
3890,4,0,0.15694282902871032
3891,3,1,0.12080627789712224
3892,4,0,0.2818345974543196
3893,2,0,0.11652907033107732
3894,1,1,0.10412249811755087
3895,4,0,0.09017527736611086
3896,2,0,0.14331191250448613
3897,4,0,0.10056580421397651
3898,4,1,0.3499301199530952
3899,3,0,0.07876798238334619
3900,1,0,0.13492563820473433
3901,5,0,0.07786785319174334
3902,4,1,0.7589668008046292
3903,3,0,0.0850744452577683
3904,2,0,0.08818631270891078
3905,4,0,0.10787514474824296
3906,4,0,0.1774116169737821
3907,2,0,0.09124590259731061
3908,4,0,0.1259455902877467
3909,2,0,0.1845165162006011
3910,5,1,0.35726031224408605
3911,2,0,0.1104714553700558
3912,3,1,0.15512752288843173
3913,1,0,0.16136090254428934
3914,4,0,0.09065600554452012
3915,4,1,0.370956499070178
3916,3,0,0.27745124772905494
3917,3,0,0.4159125060519297
3918,3,0,0.15636399622749453
3919,5,1,0.24812705564856505
3920,2,0,0.11262549448972846
3921,1,0,0.09805102804041428
3922,4,0,0.2570574511303895
3923,1,0,0.15338551267343736
3924,2,0,0.10093507686192406
3925,4,1,0.7705349574762703
3926,4,1,0.1588663616247287
3927,1,0,0.08549367816395234
3928,4,1,0.7224118585050774
3929,4,1,0.11940253947265009
3930,1,1,0.3255843729111903
3931,2,0,0.1720164614065349
3932,5,0,0.11892340194126284
3933,5,0,0.403938106281961
3934,3,0,0.07386416450345731
3935,5,0,0.18006320881817475
3936,3,0,0.14305937498968563
3937,3,0,0.12438743092913124
3938,2,1,0.13752863478808852
3939,4,0,0.10443917127657544
3940,4,0,0.24800322497254182
3941,5,1,0.7193983965312891
3942,3,1,0.11277253076483315
3943,1,0,0.18935194558552632
3944,2,1,0.08933548985039123
3945,2,1,0.7305930777997511
3946,5,0,0.048803661413495326
3947,4,0,0.15291026464031238
3948,3,0,0.22677960225582006
3949,4,0,0.09924617470497296
3950,4,0,0.7035724861994259
3951,4,1,0.16661956660421728
3952,1,0,0.11075916790931087
3953,1,0,0.3095894040819236
3954,1,0,0.1150830417218534
3955,2,1,0.7052778705245509
3956,4,1,0.35404876490421033
3957,4,0,0.7045115488928736
3958,1,0,0.08514130296486239
3959,4,0,0.1714741890164464
3960,2,0,0.08810117740613968
3961,1,1,0.6714429219644839
3962,4,1,0.36656312861809154
3963,4,0,0.45211957191578644
3964,4,1,0.6244355622133992
3965,1,0,0.09290347580223143
3966,1,0,0.214877947726224
3967,3,0,0.15880799761780182
3968,3,0,0.14112978083412087
3969,5,0,0.08032899567847647
3970,2,0,0.43795830481206033
3971,3,0,0.1659487854271323
3972,5,0,0.1498519745033648
3973,2,0,0.08830119312957177
3974,3,0,0.1563986306364731
3975,1,0,0.08516021734271285
3976,2,1,0.27251959891228045
3977,4,1,0.11841842483643586
3978,4,0,0.46863808369891
3979,4,0,0.0913705513900593
3980,2,1,0.09044968060033326
3981,5,1,0.13161266459702034
3982,3,0,0.07741816925547422
3983,2,0,0.3616591873816844
3984,1,0,0.18466968035318396
3985,5,1,0.7783284576469683
3986,5,0,0.06734632321795325
3987,5,0,0.13476777997817038
3988,3,0,0.12787467845109388
3989,1,0,0.10183721222105059
3990,4,0,0.11466156671992292
3991,5,0,0.1352025248001285
3992,5,0,0.04472774531025381
3993,5,0,0.3092157012698376
3994,3,0,0.05354305557244539
3995,2,0,0.09280690321659948
3996,1,0,0.11017096026161781
3997,3,0,0.07550450752396716
3998,1,0,0.15330524195905554
3999,3,1,0.31859688597268576
4000,3,0,0.06920021411279192
4001,5,1,0.26853711567701144
4002,4,0,0.09075268805245196
4003,1,0,0.09962746986056667
4004,4,0,0.1256919115177233
4005,4,1,0.6804676761874362
4006,5,0,0.7696977915382603
4007,4,0,0.08970772193155523
4008,3,1,0.14638733766973816
4009,5,1,0.725317640001309
4010,5,0,0.18970589669755558
4011,2,0,0.08825486297377841
4012,1,0,0.10058067194922642
4013,2,0,0.1713830609635515
4014,2,0,0.26026951911992274
4015,4,0,0.1228278884853559
4016,5,0,0.10097449711338766
4017,3,1,0.13453228953284754
4018,2,1,0.2285037165817284
4019,2,0,0.17517359068829727
4020,3,1,0.7193984985476793
4021,1,0,0.12046396340299044
4022,2,0,0.13777835719266518
4023,5,1,0.22381589578919694
4024,1,0,0.47697693031277366
4025,3,0,0.3167734209504789
4026,3,0,0.40705933427083374
4027,3,0,0.07550101256682779
4028,3,0,0.3537650902386083
4029,5,1,0.749888949457061
4030,4,0,0.09047446669075616
4031,3,0,0.24007689063133414
4032,2,0,0.16386117664132754
4033,5,0,0.0816502430470001
4034,4,0,0.11008099179716001
4035,2,0,0.1021062300255456
4036,5,0,0.33335449303969894
4037,3,1,0.7666625054239677
4038,1,0,0.11739252064187723
4039,2,0,0.08981101958171851
4040,4,0,0.11526418643721584
4041,1,0,0.18591014413375342
4042,3,0,0.13843778237044127
4043,1,1,0.5082097854632199
4044,2,1,0.2260157928430054
4045,1,0,0.15053156077450996
4046,4,0,0.16925730542816117
4047,1,1,0.6907654351037398
4048,5,1,0.3528737070831306
4049,2,0,0.09340934838901412
4050,2,0,0.09662878383007333
4051,5,0,0.16762556167907966
4052,4,0,0.1120756671622312
4053,2,0,0.13057946799771203
4054,3,0,0.148443754464682
4055,5,0,0.06409572349780343
4056,3,0,0.13372105184537242
4057,5,0,0.14965395198006998
4058,3,0,0.321496558435861
4059,5,0,0.6766474896609641
4060,5,0,0.0965112729267009
4061,2,0,0.08913717054547124
4062,2,0,0.09033901874481985
4063,3,0,0.15439025512872798
4064,2,0,0.14962714435366034
4065,2,0,0.20016171964267918
4066,3,1,0.72498821671196
4067,5,0,0.21391067889199317
4068,1,0,0.0987189045768541
4069,3,0,0.5441034649052695
4070,1,0,0.16093770385410872
4071,3,1,0.14612079283755308
4072,4,1,0.45115845272172844
4073,2,0,0.12600760550974655
4074,1,0,0.10392085501163612
4075,1,0,0.10340114919882484
4076,3,0,0.0968419965691586
4077,1,1,0.20761435306162496
4078,5,0,0.14550980486558474
4079,2,1,0.7132461764652579
4080,3,0,0.16226703011348786
4081,5,0,0.12037381520378926
4082,4,0,0.1211082666754086
4083,2,0,0.11795490670099075
4084,1,0,0.16250745161685007
4085,3,1,0.7289452302993547
4086,5,0,0.09618570290770188
4087,3,0,0.0615810511624372
4088,4,1,0.6813237245826287
4089,5,0,0.1136716947650684
4090,5,0,0.3478723262917887
4091,2,1,0.48460182357951004
4092,4,0,0.08997227736561626
4093,1,1,0.12397716425485932
4094,1,0,0.15993688115378774
4095,4,0,0.09247599095792118
4096,2,0,0.08957970501977179
4097,5,0,0.11384559249108316
4098,4,1,0.19014319807962718
4099,4,1,0.6964093106089276
4100,5,0,0.24482213026981772
4101,4,0,0.11662555197920561
4102,1,0,0.1597056572569362
4103,4,0,0.7358010256702836
4104,1,0,0.17514142317532455
4105,2,0,0.08905206536256056
4106,2,0,0.18979889837863007
4107,4,0,0.10032395981640438
4108,4,0,0.1496988194270371
4109,3,0,0.24780782310929017
4110,5,0,0.25728034271505895
4111,4,0,0.08981077095207424
4112,1,0,0.24618618023746447
4113,5,1,0.1207806096879472
4114,3,0,0.09493748488472867
4115,1,0,0.39334340806238804
4116,1,1,0.08672198217087101
4117,3,0,0.6610623825488927
4118,2,0,0.15098487439976283
4119,1,0,0.16573777183497584
4120,1,0,0.15232075808440407
4121,1,1,0.28111460602201205
4122,5,0,0.14617176257096803
4123,5,0,0.16065095166862156
4124,3,0,0.11708671557397608
4125,2,0,0.1667550132057085
4126,1,0,0.13409028234447073
4127,3,0,0.44911841782530726
4128,2,0,0.18567926279791022
4129,5,0,0.4270474640620916
4130,3,0,0.05902075668485226
4131,3,0,0.0887242911851676
4132,1,0,0.08770184597889735
4133,3,0,0.19684430848377055
4134,2,1,0.0919504820612892
4135,4,0,0.12327875463582827
4136,4,0,0.6906214819990633
4137,2,0,0.14180923312611146
4138,4,0,0.2620248895433939
4139,2,0,0.1469617189046842
4140,4,0,0.14406271998394587
4141,1,0,0.1526634588902617
4142,5,0,0.16724178751676544
4143,5,1,0.18810080731350423
4144,4,0,0.09375895218999303
4145,4,0,0.37003313021052614
4146,4,0,0.08883452249255733
4147,1,0,0.22302708896236145
4148,2,0,0.4016265885907465
4149,5,0,0.0476626892620383
4150,3,1,0.12078496447131297
4151,4,0,0.10167383965108913
4152,2,0,0.09595752163163884
4153,2,0,0.1257571549820272
4154,1,0,0.18104577768850996
4155,1,0,0.4024928267274495
4156,1,1,0.2463508866197793
4157,2,0,0.16888940731484536
4158,2,0,0.09245788659200742
4159,2,0,0.12801576234737902
4160,3,0,0.1326902397447709
4161,4,0,0.0899725496937201
4162,1,0,0.16823054647945268
4163,4,0,0.41866027192590094
4164,4,0,0.12535185704013976
4165,4,1,0.7355354496442459
4166,1,1,0.1469159333356525
4167,4,0,0.09875085891409988
4168,3,0,0.053791481816882425
4169,3,0,0.08213095496938311
4170,4,1,0.16914835019785326
4171,5,0,0.715537386680135
4172,1,0,0.3098075000670649
4173,5,0,0.25376249573312626
4174,3,1,0.07093225027927912
4175,3,0,0.07310392503406347
4176,5,0,0.06013903672193819
4177,5,0,0.18771094787287945
4178,1,0,0.10395465847565342
4179,4,0,0.13292641387611037
4180,4,0,0.1554271594400976
4181,5,0,0.1532530350727778
4182,3,0,0.05170792181671401
4183,4,0,0.12868318244441104
4184,4,0,0.161114463405111
4185,1,0,0.11816415243038261
4186,4,1,0.16295422827144596
4187,2,1,0.3095125211038588
4188,4,1,0.39676741019239076
4189,1,0,0.1469599042316604
4190,2,0,0.11366630093570342
4191,5,0,0.03454422735577139
4192,5,0,0.08237118851708738
4193,5,0,0.07196791477668281
4194,1,0,0.25492018695927016
4195,2,0,0.09178862322528566
4196,1,0,0.08617799178022456
4197,1,0,0.09290233981618541
4198,4,0,0.09924046807826892
4199,1,0,0.38158320167110743
4200,4,0,0.14481534491555406
4201,5,1,0.7454136792251151
4202,1,0,0.28113804219440125
4203,3,0,0.09503881244682781
4204,3,0,0.6181192008919073
4205,5,0,0.0431372743020632
4206,4,0,0.4620890383919478
4207,5,0,0.15499759808419253
4208,3,0,0.1284103505548017
4209,1,0,0.4602590672632224
4210,2,0,0.11269555498555661
4211,2,1,0.09759024488687004
4212,1,0,0.08729358956077307
4213,2,1,0.5429418443128075
4214,4,0,0.15625131086792682
4215,3,0,0.06314710885382398
4216,5,0,0.07480515749172789
4217,3,0,0.06834304220312297
4218,4,1,0.0905536314138215
4219,1,0,0.18436211659582716
4220,2,0,0.08784849776399722
4221,3,0,0.13704476592479456
4222,2,0,0.09155056184057038
4223,2,0,0.34708299309954277
4224,2,1,0.1902032872819293
4225,4,0,0.13960606022142052
4226,5,1,0.4506187760187718
4227,1,0,0.14643001204764994
4228,3,0,0.2315691427599523
4229,2,0,0.08841686249164021
4230,3,0,0.31403421474435134
4231,2,0,0.1581021648326217
4232,2,1,0.15928399625427886
4233,2,0,0.09153465351418907
4234,2,0,0.204094010406957
4235,2,0,0.1939926921178422
4236,5,0,0.22365139703253967
4237,2,0,0.30890175189684876
4238,2,0,0.08943615255674904
4239,5,0,0.4704836317719644
4240,1,0,0.12934280549156
4241,3,0,0.7895504345273073
4242,4,1,0.7683986011905702
4243,3,0,0.15936215483072347
4244,4,0,0.1657127885353862
4245,5,0,0.15974115324097707
4246,1,0,0.09438779313876154
4247,4,1,0.5474167222149952
4248,2,0,0.1016357108689012
4249,2,1,0.27787116451778426
4250,4,0,0.16473414620129237
4251,2,1,0.6887249146267334
4252,5,1,0.8453739596177698
4253,2,0,0.08798860637182368
4254,4,0,0.1545212952479957
4255,4,0,0.2244625950934848
4256,2,0,0.20303127593672962
4257,3,0,0.08482796517644357
4258,5,0,0.31573790525767637
4259,5,0,0.10660816860109357
4260,1,0,0.0898077734903752
4261,4,0,0.08935043686901759
4262,2,1,0.15833651332260482
4263,2,0,0.2270567399165876
4264,2,1,0.691247069810431
4265,5,0,0.7044155392855229
4266,5,0,0.2732511440760857
4267,2,1,0.3335768423995122
4268,1,0,0.11240184918507323
4269,4,0,0.14841675864019635
4270,3,0,0.08279251074368289
4271,4,0,0.0891762002227344
4272,1,1,0.17829345918405287
4273,1,0,0.08546061418773525
4274,4,0,0.39482252095525044
4275,1,0,0.12376046383541633
4276,5,0,0.2706794742759921
4277,3,0,0.31767926221099435
4278,3,1,0.16726005272520536
4279,1,0,0.08644161706627644
4280,4,0,0.09156062898198408
4281,4,1,0.7671923177784147
4282,5,0,0.21509690299162149
4283,1,0,0.495996232660741
4284,4,1,0.34838991978855366
4285,3,0,0.07100955684833543
4286,3,0,0.07580134243297604
4287,2,1,0.13096774588068935
4288,5,1,0.11110797504392744
4289,1,0,0.13825445642295395
4290,2,0,0.13639070302529038
4291,5,0,0.0653650943492886
4292,5,0,0.04478875765363816
4293,4,1,0.29549298554982467
4294,4,0,0.09995482043053676
4295,4,0,0.2488462043942551
4296,5,1,0.1470971837973351
4297,3,1,0.14268977743902936
4298,4,0,0.14334378635126474
4299,4,0,0.09597274628470231
4300,3,0,0.08060636484746542
4301,5,0,0.13521044135703975
4302,1,0,0.12897586598323138
4303,5,0,0.5949986911323214
4304,5,0,0.5778589797259968
4305,5,0,0.23173315857978335
4306,3,0,0.06841052279410258
4307,5,0,0.23171206711675676
4308,2,0,0.17675370154024217
4309,1,1,0.3471424978297334
4310,2,0,0.47212036729830487
4311,3,0,0.18421862891466328
4312,2,0,0.10426655831667991
4313,3,0,0.06102064799470439
4314,2,1,0.19110628928554851
4315,1,0,0.16794481492466032
4316,2,1,0.7869011717083181
4317,1,1,0.2818658672744415
4318,1,0,0.10263149266914809
4319,1,0,0.08562071895460512
4320,3,0,0.4864070812671402
4321,5,0,0.07309806149209744
4322,5,0,0.07132762637833444
4323,3,1,0.46518864906334206
4324,4,0,0.08996860668311323
4325,2,0,0.09219118362156527
4326,1,0,0.14386799855769639
4327,3,0,0.10071764924944089
4328,5,0,0.11504124535028014
4329,2,0,0.32673558930198343
4330,1,0,0.17797309775356873
4331,5,1,0.8341119166803663
4332,5,0,0.05035991466946768
4333,5,0,0.04236491490219523
4334,2,1,0.7358652302956907
4335,4,1,0.7060285487020707
4336,5,0,0.20221060039023728
4337,4,1,0.16086702986443374
4338,3,0,0.12018714109348523
4339,1,0,0.09000077435036596
4340,5,1,0.7552495380443267
4341,3,0,0.12165094061247125
4342,1,0,0.08861774430630213
4343,3,0,0.10428973525189168
4344,1,0,0.13109208306638917
4345,2,0,0.1429243008631696
4346,3,0,0.17671047402657925
4347,2,0,0.2338856408869286
4348,4,0,0.09071562428278687
4349,2,0,0.2848874086881845
4350,5,0,0.24472383712298745
4351,4,1,0.2723882988293865
4352,1,0,0.43218169567596104
4353,2,0,0.09059141779476211
4354,5,0,0.15653824442698577
4355,4,0,0.7722286239156902
4356,4,1,0.704574617839637
4357,4,0,0.2817432621156492
4358,4,0,0.09083585710084757
4359,3,0,0.1404217572958678
4360,1,0,0.08540115150184313
4361,3,1,0.24317261628964576
4362,4,0,0.14004664043988876
4363,4,0,0.0913187024675297
4364,3,0,0.17887465607893657
4365,1,0,0.1405195443930976
4366,4,0,0.09164314513608755
4367,1,0,0.08640851281068518
4368,3,0,0.09278518500011804
4369,1,1,0.10931983555427244
4370,5,0,0.37547890742727463
4371,5,1,0.34151362711641786
4372,3,0,0.30898071566171287
4373,3,0,0.1740583274889611
4374,4,0,0.2302645197374544
4375,3,0,0.0526028056229427
4376,3,0,0.06625897424894366
4377,4,0,0.5443533811118147
4378,5,0,0.049245313805377174
4379,3,0,0.061114571808797424
4380,5,0,0.07923317930521727
4381,2,1,0.20131725598175926
4382,5,1,0.05024895485448015
4383,5,0,0.14316702586670751
4384,4,0,0.08995851115140759
4385,5,1,0.8689809164440858
4386,3,0,0.07118233006886789
4387,2,0,0.12059947207980788
4388,4,0,0.0891951825515566
4389,3,0,0.13972527087959152
4390,5,0,0.08754425045043389
4391,1,0,0.24655507779648808
4392,4,0,0.11998532242778134
4393,1,0,0.2508296362610059
4394,2,0,0.10832995816644518
4395,4,0,0.18121538336793724
4396,2,0,0.2102620649582707
4397,5,0,0.1921201489297356
4398,5,0,0.10087508962672675
4399,1,1,0.08683652945877364
4400,2,0,0.1196048460936204
4401,2,0,0.12174897659911021
4402,3,1,0.7261825943729189
4403,3,0,0.11779067594978937
4404,4,1,0.7870708611285665
4405,5,1,0.7188489623029571
4406,1,1,0.16547293022580692
4407,2,0,0.10894413306251861
4408,5,0,0.0749533392876299
4409,1,0,0.19732649722957918
4410,3,0,0.17501444781331257
4411,2,0,0.16339154114890092
4412,2,0,0.7014410134457203
4413,5,0,0.17519517898268905
4414,5,0,0.08692867937493651
4415,2,0,0.13009169118216415
4416,5,0,0.11214693252497451
4417,4,0,0.7336435807766913
4418,5,0,0.1367461953641678
4419,4,0,0.17719405795291504
4420,3,0,0.08539772782144558
4421,1,0,0.15141356586579993
4422,4,1,0.6928993741951681
4423,3,1,0.6868661275946343
4424,4,1,0.7382024987331754
4425,4,0,0.15856389843214266
4426,1,1,0.7548068083026618
4427,4,0,0.09226667714267318
4428,2,0,0.11112754928811332
4429,5,0,0.26379067647950133
4430,5,1,0.6135565431010632
4431,3,0,0.08224724243835532
4432,4,0,0.14019373736572296
4433,1,0,0.11159608173167954
4434,2,0,0.156177678457046
4435,4,1,0.6671989432226084
4436,1,0,0.10265186612109306
4437,5,1,0.13031897599565703
4438,2,0,0.1385239133147377
4439,3,0,0.07052537763672992
4440,1,0,0.2782682137662261
4441,3,0,0.21183343968088883
4442,4,0,0.47467966341116175
4443,2,1,0.6893063365951848
4444,3,0,0.5305103361880209
4445,3,1,0.672224154914352
4446,5,0,0.07215049423705772
4447,3,0,0.23199752613171853
4448,1,0,0.1361249407429226
4449,1,0,0.08863274922902653
4450,2,0,0.08860874552854156
4451,1,0,0.1495966754252041
4452,5,0,0.07716114123241137
4453,2,0,0.1039500329305863
4454,4,0,0.42374238349030824
4455,4,1,0.550833089367944
4456,1,0,0.17475854351704687
4457,4,1,0.31977872087574943
4458,4,0,0.09918335296437165
4459,3,0,0.1198276544740274
4460,1,0,0.1305315824553428
4461,1,0,0.27902151800753294
4462,1,1,0.18532776137185994
4463,2,0,0.15590907539741178
4464,5,0,0.18952866594107184
4465,2,0,0.09182894969941686
4466,1,0,0.09473050918224002
4467,3,0,0.1161366428099877
4468,2,1,0.09998295008170768
4469,5,0,0.19223626261882867
4470,5,0,0.10741150949255614
4471,3,0,0.12366621821895282
4472,2,1,0.1784439812345216
4473,4,0,0.09446161722476965
4474,1,0,0.2185382160574341
4475,5,0,0.1948203851220477
4476,2,0,0.16756779531662738
4477,1,0,0.68343678592406
4478,2,0,0.10109044307511195
4479,1,0,0.10315017185868604
4480,5,0,0.08614459290604184
4481,3,0,0.5631972613079248
4482,4,0,0.08949145414788705
4483,4,0,0.10097792943153476
4484,4,0,0.20138608389426277
4485,4,0,0.1445567946041631
4486,5,0,0.7046830172718258
4487,3,1,0.24048381700416915
4488,2,0,0.09203953742033713
4489,3,0,0.7348481365128601
4490,2,0,0.10175457112878937
4491,1,0,0.0932278015544166
4492,2,0,0.1257135771280704
4493,2,1,0.7230515369286448
4494,1,0,0.15027811415851583
4495,5,0,0.10155605731153489
4496,2,0,0.215200014716784
4497,3,0,0.07067578695487173
4498,2,0,0.19109307131247705
4499,5,0,0.0590692434810636
4500,3,0,0.150630429627065
4501,2,0,0.09340705617025181
4502,3,0,0.07497700254195552
4503,2,0,0.13543875252914955
4504,4,0,0.2038305740486912
4505,5,0,0.1759829104177727
4506,1,0,0.09651066669325391
4507,5,0,0.20644791049357067
4508,2,0,0.09417072417238816
4509,4,1,0.15498045387406084
4510,3,0,0.2076931482812849
4511,5,0,0.13529885658436352
4512,4,0,0.18433831971069026
4513,4,0,0.1213904786994876
4514,4,0,0.4631105645775768
4515,1,1,0.41237107441827636
4516,4,0,0.08971545306708256
4517,4,0,0.09025065553521225
4518,4,1,0.708827323038645
4519,4,0,0.15334007727877516
4520,2,0,0.08836123229182657
4521,3,0,0.749700482198578
4522,1,0,0.08594383281859719
4523,3,0,0.05153440822709969
4524,1,0,0.16851787542155378
4525,3,0,0.06611442464077172
4526,1,0,0.24833882816314445
4527,1,0,0.08616829709602847
4528,4,1,0.7541327451492089
4529,5,0,0.10325534727014865
4530,5,1,0.38136245329835244
4531,5,0,0.1516075628851602
4532,3,0,0.1849503741631838
4533,2,0,0.1605220212780136
4534,3,0,0.1393616334311642
4535,1,0,0.7525291279537262
4536,3,0,0.7628241764742638
4537,5,0,0.18852640950546765
4538,1,0,0.2778722940116247
4539,1,0,0.15011378272163584
4540,1,0,0.2204994297482941
4541,2,1,0.2077583593215351
4542,1,0,0.13270572019650098
4543,1,0,0.0993444239053601
4544,5,0,0.18597803339976657
4545,1,0,0.47428514881773937
4546,1,1,0.6364552288786609
4547,3,1,0.705492688549164
4548,5,0,0.1344448105601308
4549,3,0,0.051097094873883635
4550,5,0,0.1583998063510176
4551,2,0,0.1547757115260439
4552,1,0,0.10739887893701362
4553,1,0,0.1441660592400689
4554,2,0,0.13034653894525117
4555,3,0,0.06610980957897133
4556,2,1,0.24306722325868294
4557,5,1,0.2524043230386728
4558,5,0,0.4030103238377952
4559,3,0,0.0742900039239134
4560,5,1,0.3489663518030603
4561,4,0,0.1695060256741535
4562,1,0,0.10562768784340928
4563,5,0,0.023648317074315178
4564,3,0,0.7339656488497912
4565,5,0,0.18192832512637783
4566,1,0,0.09386860877847866
4567,3,0,0.11629044336891484
4568,5,1,0.15096681014739863
4569,4,0,0.1367157027985354
4570,4,0,0.22504868720995788
4571,4,0,0.3519916992871425
4572,2,0,0.09590807502133389
4573,5,0,0.12386741546003203
4574,2,0,0.09780167059406664
4575,4,0,0.14801717310772278
4576,1,0,0.10662265437364019
4577,1,1,0.10509558572823158
4578,5,0,0.24195255055103798
4579,2,0,0.13021733403575156
4580,3,0,0.06930003145784754
4581,5,0,0.06163556670434158
4582,5,0,0.5825393333305089
4583,1,0,0.0942729195802111
4584,4,1,0.4852792909151111
4585,1,1,0.08518470437315824
4586,1,0,0.13886851364554753
4587,4,0,0.13187501364830256
4588,4,0,0.3468608900282353
4589,1,0,0.0857215529547899
4590,1,0,0.13420120975695776
4591,3,0,0.15102308838265965
4592,5,1,0.42933160095194806
4593,2,1,0.5066794411187373
4594,2,0,0.17234248629513677
4595,2,0,0.12373018017358614
4596,2,1,0.13214560761465302
4597,5,0,0.30616398181826415
4598,1,0,0.1359085575456257
4599,3,0,0.07952038966693749
4600,5,0,0.29900362616420034
4601,1,1,0.6850422558108736
4602,5,0,0.1109580458663216
4603,1,0,0.30506029210590474
4604,4,0,0.11508602076370245
4605,5,0,0.15575189136767234
4606,5,0,0.1524525292034344
4607,5,1,0.6068024268361412
4608,2,0,0.09547275685219946
4609,1,1,0.6688179415841278
4610,1,0,0.09145198264113888
4611,5,0,0.054240124260624745
4612,4,1,0.767353127389659
4613,2,0,0.41325782108073456
4614,4,0,0.09973198319104441
4615,5,0,0.23269154224440872
4616,2,0,0.5468366001915671
4617,4,0,0.43788690322863183
4618,4,0,0.14787056407015653
4619,4,0,0.4249721041963078
4620,4,0,0.13546153480404502
4621,2,0,0.13619653237874385
4622,2,0,0.18773367217345102
4623,4,0,0.38743621775489345
4624,2,0,0.1405478541826646
4625,1,1,0.7354038731386331
4626,5,0,0.26554350025791396
4627,4,0,0.10272124598458039
4628,1,1,0.1397774053435432
4629,3,0,0.17772705478374604
4630,5,1,0.7304514890902233
4631,1,0,0.08817977170416517
4632,4,1,0.1499192476069958
4633,2,0,0.177958159194263
4634,5,0,0.09572635157789251
4635,4,0,0.14827176584022206
4636,3,0,0.0735486765271773
4637,3,0,0.5482967293968313
4638,1,0,0.1379915143150333
4639,5,0,0.18406371254199164
4640,2,0,0.09117046992453327
4641,1,0,0.21476800526169967
4642,2,0,0.10134730201931709
4643,4,0,0.12861974088259664
4644,2,0,0.13801351972163098
4645,4,0,0.10052177865809507
4646,4,0,0.11278695298786545
4647,4,0,0.0895796720221141
4648,2,0,0.1630543780529385
4649,4,1,0.2638933738522974
4650,1,0,0.14145852422612967
4651,2,0,0.14367663641362882
4652,1,0,0.09144283549748419
4653,4,0,0.1537200639173843
4654,2,0,0.08784849776399722
4655,5,1,0.5174647356240822
4656,4,0,0.688627534505845
4657,4,1,0.6531688125451491
4658,3,0,0.1684526144515605
4659,1,0,0.12038173120696473
4660,2,0,0.20492835968350093
4661,5,1,0.6131435905800204
4662,4,0,0.09110451349376125
4663,5,0,0.1310061348100555
4664,3,0,0.08256780191694613
4665,3,1,0.8662908427366481
4666,4,0,0.17298764979536435
4667,2,0,0.09899583502068776
4668,5,0,0.14236672994099023
4669,5,0,0.13820850469613116
4670,2,0,0.20953989100445086
4671,1,1,0.11258911640324396
4672,3,0,0.06758094103522168
4673,1,0,0.15355171728312392
4674,5,0,0.11358161358471963
4675,3,0,0.1576835192330096
4676,3,0,0.565942984372875
4677,2,0,0.09574125997539874
4678,5,0,0.1430165916769323
4679,1,0,0.09880237490025266
4680,5,0,0.14558320403194278
4681,5,1,0.2910145164679547
4682,5,0,0.046536462037097846
4683,2,0,0.13379474512985395
4684,5,0,0.07174924139751494
4685,2,0,0.08971953402214497
4686,5,0,0.19608737980873622
4687,2,0,0.2829963386640058
4688,2,0,0.2788877990586276
4689,1,1,0.4431244147178716
4690,2,0,0.1330638767720879
4691,2,1,0.11280482717720065
4692,1,0,0.18145989811708943
4693,3,0,0.09112699892193979
4694,5,0,0.0703320810629033
4695,5,0,0.03000525172854422
4696,5,1,0.15349187112629384
4697,3,0,0.0644635344965586
4698,4,0,0.2102623184984819
4699,5,1,0.5048520736258836
4700,5,0,0.3270303942383461
4701,1,0,0.09234019244353697
4702,4,0,0.09735352777848612
4703,1,0,0.13774319077164465
4704,4,0,0.10610904569794788
4705,5,1,0.08575550075861087
4706,4,0,0.09107801109787374
4707,3,0,0.36883292832582126
4708,1,0,0.6724992852946907
4709,4,0,0.12936231243905855
4710,4,0,0.16512656660741062
4711,3,0,0.10495262834268795
4712,4,0,0.20296335354879266
4713,2,0,0.1419501865926032
4714,3,0,0.4613108025271897
4715,2,0,0.08934161761846067
4716,2,0,0.27910536668467195
4717,1,1,0.6739496600112779
4718,5,0,0.08025368762690295
4719,3,0,0.06763243425425436
4720,1,0,0.2678998509589743
4721,3,1,0.39177155815202175
4722,1,0,0.12217769281472572
4723,1,0,0.15287228705665395
4724,2,1,0.12049040274648846
4725,1,0,0.7137611802387216
4726,5,0,0.0946218468161641
4727,3,0,0.1364176745909816
4728,2,0,0.14060284018435273
4729,4,0,0.09421168440485628
4730,2,1,0.44670418960637814
4731,2,0,0.09560004029987143
4732,2,1,0.22878307919705218
4733,2,1,0.12726108447131396
4734,4,1,0.5152336644373378
4735,3,1,0.06559811945878635
4736,5,1,0.6778834399982794
4737,2,0,0.09101256623234963
4738,3,0,0.19545717968851592
4739,3,0,0.3089357720805186
4740,3,0,0.12031559316449894
4741,4,1,0.6951979000547656
4742,4,0,0.11904673798096911
4743,5,0,0.38834241194129476
4744,1,0,0.1314653303421029
4745,5,0,0.18559398113756634
4746,3,0,0.1950150182188893
4747,5,0,0.226199775990854
4748,3,1,0.24965360119524024
4749,1,0,0.08627367028454178
4750,3,0,0.06429554390208972
4751,1,1,0.2490030292048746
4752,4,0,0.09241028067318796
4753,3,0,0.07403362093766912
4754,1,0,0.09409608846348558
4755,3,0,0.12138556456910242
4756,4,0,0.11001748944359525
4757,4,0,0.11950716822489162
4758,4,0,0.1538316561611462
4759,4,0,0.11043548450581145
4760,2,1,0.6876729640686421
4761,3,1,0.18620250433806365
4762,3,0,0.07987402599119152
4763,3,0,0.30607447362592166
4764,4,0,0.16049603137488327
4765,3,0,0.15040252902302187
4766,4,0,0.33436194156760907
4767,2,0,0.1507523680058099
4768,1,0,0.10435548480544313
4769,3,0,0.11942823223798692
4770,2,1,0.705500616192895
4771,2,0,0.10809081208729782
4772,3,0,0.48156428314662014
4773,5,0,0.139213005361113
4774,4,0,0.13176306898422813
4775,1,0,0.0881857474177184
4776,3,0,0.12446218638837124
4777,3,0,0.05489021906985863
4778,3,0,0.09170568024029108
4779,4,0,0.09741475487987188
4780,3,0,0.0512926045405574
4781,4,0,0.19765689079441057
4782,5,0,0.10838539628851172
4783,3,0,0.13425979924673323
4784,4,0,0.08881802070191268
4785,4,0,0.09066948740586427
4786,1,0,0.154192281429476
4787,3,0,0.10465039509383063
4788,2,0,0.0884526282511123
4789,1,0,0.3997581384324951
4790,1,0,0.08849394310679627
4791,3,0,0.0999577861492944
4792,3,0,0.10811634129893596
4793,3,0,0.05769112473698498
4794,5,0,0.8816788594567782
4795,2,0,0.09667150666988363
4796,1,1,0.10562813003125911
4797,1,0,0.11427490042503433
4798,5,1,0.6647918243339032
4799,1,0,0.12627058894017554
4800,3,0,0.19980845941266062
4801,2,0,0.1346133934759524
4802,5,0,0.43854805069431585
4803,5,1,0.19607237214372625
4804,4,0,0.10288201182460098
4805,1,0,0.09454383880413506
4806,5,0,0.08658539639077699
4807,5,0,0.1390703731142564
4808,5,0,0.14026897063098942
4809,3,0,0.07883456473140339
4810,4,0,0.09039092826364338
4811,5,0,0.5068063711262586
4812,4,0,0.09034676967269852
4813,3,1,0.8242116442924149
4814,3,0,0.07101466740842649
4815,1,0,0.08533756708783738
4816,1,0,0.10063315579603951
4817,3,0,0.7285637369844796
4818,1,1,0.5296007502005495
4819,1,1,0.14026296209263164
4820,2,0,0.1576782059196964
4821,3,0,0.08190826305262147
4822,2,0,0.09500508110729834
4823,5,1,0.6559096081120422
4824,4,0,0.10282587852821366
4825,3,0,0.2522945659007303
4826,2,0,0.6838191172814018
4827,2,0,0.09039524064131742
4828,1,1,0.14625854747499245
4829,1,0,0.4125115517323908
4830,1,1,0.14725074937938354
4831,2,0,0.16076561431420724
4832,5,0,0.10308541160448843
4833,5,0,0.07567077180417686
4834,2,1,0.28382359220027936
4835,1,1,0.26356360276338264
4836,2,0,0.09976266472265245
4837,5,0,0.12366708689784967
4838,3,0,0.08286324110242692
4839,1,0,0.08649938854872778
4840,5,0,0.031984595313893006
4841,3,0,0.1046512204658335
4842,5,0,0.11529056645407874
4843,1,0,0.08592054251261755
4844,3,0,0.05694908084116138
4845,5,0,0.39413750585370927
4846,1,0,0.14965961382133744
4847,5,0,0.04101344400347164
4848,5,0,0.12087302306224873
4849,1,0,0.13097847934822482
4850,5,0,0.228482145068425
4851,1,0,0.1579563779163262
4852,1,0,0.5097029999649548
4853,5,0,0.1624037515501622
4854,5,0,0.0746152265480484
4855,1,0,0.15876255678473677
4856,2,0,0.08784849776399722
4857,5,1,0.2298869549458192
4858,4,0,0.1591358191840684
4859,3,0,0.24417519275814406
4860,1,1,0.08623048143495383
4861,4,0,0.10600524307917092
4862,3,0,0.27425673010671453
4863,2,0,0.2931968983395975
4864,4,0,0.0903011127742727
4865,3,1,0.7735130674181043
4866,1,0,0.1664961110448863
4867,1,0,0.08842938939933073
4868,2,1,0.0997983701028112
4869,4,0,0.09082350157462513
4870,5,1,0.18066160415919377
4871,4,0,0.08991349582668288
4872,4,0,0.09452257648667477
4873,2,0,0.1435935190481922
4874,1,0,0.0943698526564405
4875,4,0,0.10691509729574337
4876,5,1,0.6824724944390123
4877,2,0,0.13430198459311943
4878,5,1,0.14995127084222581
4879,1,0,0.10867778794633387
4880,5,0,0.14636111665494034
4881,5,1,0.5614777562945822
4882,5,0,0.11138366994557268
4883,2,0,0.08784849776399722
4884,5,0,0.1912806367145389
4885,5,1,0.8166760702706588
4886,5,0,0.09716885826549825
4887,1,0,0.10353898627877313
4888,3,0,0.13940969828663713
4889,5,0,0.15984783172930117
4890,3,0,0.15496486280910088
4891,2,0,0.20925233058419535
4892,2,0,0.1299047570613916
4893,3,0,0.17132049104748867
4894,2,0,0.10051467643527219
4895,5,0,0.14569737509760156
4896,4,0,0.16988640717850106
4897,5,0,0.11098833939568116
4898,1,0,0.13192137181716926
4899,3,0,0.13289664897872083
4900,5,0,0.22310392390661085
4901,2,0,0.12647967404623262
4902,4,0,0.13961527441179877
4903,3,0,0.05961126932122671
4904,4,0,0.14649888675733283
4905,2,0,0.15582761854024865
4906,3,0,0.21794643920279658
4907,1,0,0.1714166411311451
4908,1,0,0.1547042250158569
4909,4,0,0.1454242896610792
4910,5,0,0.1431927927063577
4911,1,0,0.12276638839141114
4912,1,0,0.08560847753921927
4913,4,0,0.10937103981164593
4914,5,0,0.1454130942215594
4915,1,1,0.3475938268389061
4916,3,0,0.19179801646825612
4917,1,0,0.098997073831613
4918,5,0,0.15248152295027342
4919,2,0,0.09826176958008763
4920,5,0,0.28612644627600686
4921,1,0,0.10339491456118627
4922,5,0,0.21661217221411422
4923,1,1,0.35431137131244816
4924,5,0,0.1785898759400405
4925,3,0,0.12294086706720607
4926,1,0,0.7290700131729934
4927,2,0,0.0914019500593308
4928,1,1,0.16419987166364014
4929,5,0,0.3401951367902411
4930,4,0,0.09308716166945943
4931,3,0,0.06320440238383655
4932,2,1,0.2728055832957174
4933,2,1,0.12948052557698847
4934,1,0,0.08802602862119453
4935,3,0,0.09016590302301819
4936,5,1,0.31593302620051034
4937,3,0,0.10861860210283329
4938,5,0,0.751977988705174
4939,4,1,0.11540799633930544
4940,3,1,0.0865389787680558
4941,5,0,0.1564950350401683
4942,2,0,0.5140333679031773
4943,3,0,0.11205504093239622
4944,1,0,0.11345843077097945
4945,4,0,0.1343290961055696
4946,1,0,0.32549534180534867
4947,5,0,0.054856615200508704
4948,5,1,0.647439408292557
4949,4,0,0.11871547592549875
4950,4,0,0.09056584430364428
4951,3,0,0.36434254227023727
4952,2,0,0.5295351433736136
4953,5,1,0.6107695512528846
4954,3,0,0.07432457427081232
4955,4,0,0.09918059509448324
4956,4,1,0.7005663678331753
4957,3,0,0.07484401896200929
4958,1,0,0.3826479108441555
4959,2,1,0.7448460543344012
4960,1,0,0.1137229458914224
4961,1,1,0.44265838449013334
4962,2,1,0.4018269101123596
4963,2,0,0.1315328275385552
4964,3,0,0.07613518924110087
4965,5,0,0.31348176707348385
4966,2,0,0.15009880183362612
4967,3,0,0.6848027503636872
4968,5,0,0.17451434050374243
4969,3,0,0.38319259095284164
4970,1,0,0.12877263706803202
4971,2,0,0.1297985929770826
4972,2,0,0.6889507628373518
4973,2,0,0.09068017178050179
4974,2,0,0.21310331564872856
4975,4,1,0.5031289562490636
4976,1,1,0.09576077769650286
4977,2,0,0.24554397265728728
4978,5,0,0.2852843541000357
4979,5,0,0.07642671618060551
4980,5,0,0.07483431762014212
4981,3,0,0.13610496662085875
4982,4,1,0.3037549895577772
4983,1,1,0.2682312306857473
4984,2,0,0.12214585737144612
4985,5,0,0.06215121908973066
4986,1,0,0.08776697655778214
4987,1,0,0.16520753256396192
4988,2,0,0.21528160971829055
4989,5,0,0.16179852681472232
4990,3,0,0.10774711710348431
4991,5,0,0.12037756542258767
4992,3,0,0.06307934699903407
4993,4,0,0.09147506231733606
4994,2,0,0.16415973149090954
4995,2,1,0.6072005565454749
4996,3,0,0.15392793997808923
4997,2,0,0.08918366562706433
4998,5,1,0.7016644704382076
4999,3,0,0.07217446265516564
5000,4,0,0.5246313125175588
5001,1,0,0.10361963270331967
5002,4,0,0.15413667444367873
5003,3,1,0.7260091033698812
5004,2,1,0.08813777928696225
5005,5,0,0.1152102969194084
5006,3,0,0.34442891009653304
5007,4,0,0.11145799622759749
5008,5,0,0.1197069949213959
5009,3,0,0.1327404935465469
5010,1,1,0.09027224279579128
5011,5,0,0.08947572257339012
5012,5,0,0.12373950316670686
5013,3,0,0.09303386884649957
5014,5,0,0.11812071965784791
5015,5,1,0.31406845534396266
5016,3,0,0.4204965326114387
5017,1,1,0.15102876450000993
5018,1,0,0.08691922627632691
5019,1,0,0.09164947879419941
5020,2,0,0.1566480196568408
5021,2,0,0.43033181406050053
5022,4,0,0.17149397185873133
5023,2,0,0.5752298630873165
5024,2,0,0.1990048022361664
5025,5,0,0.07998191984026942
5026,5,0,0.09247846157383996
5027,3,0,0.13870473740794043
5028,4,1,0.6942941072776428
5029,4,0,0.1478653028963558
5030,2,0,0.14342285602908622
5031,3,1,0.6610811706337141
5032,3,1,0.08901890131801085
5033,5,0,0.06889199660773133
5034,3,0,0.17168701022953595
5035,4,0,0.0977002605155514
5036,1,0,0.1523801403848198
5037,5,0,0.16306699103044378
5038,4,0,0.7701641856437078
5039,5,0,0.12963182696628833
5040,2,0,0.17202167376596655
5041,5,1,0.7224643876649268
5042,5,0,0.052523484415568186
5043,2,0,0.09664882087500548
5044,5,0,0.06767420772138479
5045,1,0,0.11331648467220379
5046,3,0,0.09993982007436486
5047,3,0,0.10349244857832875
5048,4,0,0.35877777106873654
5049,2,0,0.08893132174807579
5050,1,0,0.7391376584973405
5051,1,1,0.305222593841098
5052,5,1,0.3689862128278922
5053,3,0,0.15736160026892182
5054,1,0,0.1115733605163962
5055,2,0,0.11670839698978805
5056,3,0,0.3230770603058545
5057,4,1,0.4548504999086343
5058,1,0,0.08714538277722786
5059,3,0,0.07018185617715814
5060,4,0,0.10185686531476257
5061,5,1,0.1346302748220636
5062,4,0,0.1399801337463407
5063,4,0,0.1693281876207434
5064,5,0,0.07879895887815397
5065,4,0,0.12691059579007885
5066,1,1,0.7258187504157542
5067,2,0,0.12272058273910674
5068,4,0,0.3941941941590099
5069,5,0,0.4585580901650192
5070,3,1,0.7750672250197942
5071,1,0,0.09172097974889476
5072,3,0,0.14219063905798865
5073,3,0,0.2778478835791022
5074,2,0,0.18041613094734915
5075,4,1,0.27233745013528293
5076,4,0,0.17970032752676945
5077,5,1,0.10486652326508487
5078,4,0,0.12593673075964493
5079,3,1,0.7439363422686658
5080,5,0,0.061417562904084365
5081,2,0,0.4496030016640699
5082,5,0,0.07392643228230439
5083,1,0,0.08682470138907968
5084,4,1,0.4468481284649758
5085,4,1,0.09012388801150806
5086,5,0,0.6596764885284401
5087,3,1,0.4178313462448739
5088,1,0,0.13141271886288822
5089,3,0,0.12256568337213239
5090,3,0,0.3134351332786586
5091,3,1,0.7705883245235782
5092,2,1,0.16947474970599402
5093,4,0,0.12038795508031756
5094,3,1,0.08247558512525255
5095,4,1,0.24812177028980073
5096,4,0,0.09176297172050749
5097,3,1,0.7054646887019782
5098,3,1,0.39126962883643923
5099,3,0,0.5033722600548569
5100,4,0,0.3288674799742186
5101,4,0,0.11033341832318347
5102,2,0,0.09544153479459574
5103,3,0,0.1363509467328666
5104,3,0,0.3188067852524309
5105,3,0,0.3303132435844145
5106,5,0,0.5362562975267781
5107,3,1,0.664274359234866
5108,1,1,0.7869913806219019
5109,4,0,0.14615957047068498
5110,3,0,0.49193423867124575
5111,4,0,0.3313725955887639
5112,4,0,0.6817044304041013
5113,5,0,0.06269997533871331
5114,3,0,0.0897732608278281
5115,1,0,0.3509404304144794
5116,1,0,0.12646020251371762
5117,1,1,0.6864906633616807
5118,2,0,0.14916499929266633
5119,4,0,0.1524819663963406
5120,3,0,0.05490608229637817
5121,2,0,0.17194048874656526
5122,4,0,0.2706447225094291
5123,2,1,0.6790982726115818
5124,5,0,0.10685092212270347
5125,1,1,0.16500255121966587
5126,3,0,0.6835449871206369
5127,3,0,0.07640604919934471
5128,3,0,0.08833328422279316
5129,2,1,0.23857592818662426
5130,1,0,0.16247983994591975
5131,4,0,0.12385814553085114
5132,1,0,0.08668736454118832
5133,3,0,0.05037044511519547
5134,3,0,0.11923746921633219
5135,1,0,0.15708641141764704
5136,5,0,0.17585772120759274
5137,1,0,0.09740424518577011
5138,2,0,0.12528612032538167
5139,3,0,0.07412695051611869
5140,4,0,0.16928427659856976
5141,5,0,0.1571421458002435
5142,5,1,0.13339029206869768
5143,4,0,0.0904211960240785
5144,3,0,0.15647838532304764
5145,5,0,0.03840583859963934
5146,3,1,0.6549454207560357
5147,1,0,0.1643710908232216
5148,3,0,0.39137044147388866
5149,5,0,0.12144480066669744
5150,2,0,0.12404808797093997
5151,3,0,0.08970099743095199
5152,2,0,0.16858520032854954
5153,2,0,0.11951243502704219
5154,2,1,0.17927000425915482
5155,1,0,0.14293649189278534
5156,1,1,0.14047985465845117
5157,5,0,0.07272505264353796
5158,2,1,0.5391352622405532
5159,5,0,0.09245089518088068
5160,1,1,0.11952045265642149
5161,3,1,0.28934062750280115
5162,1,0,0.18525978712730362
5163,3,1,0.12917887339079967
5164,4,0,0.09863214448121073
5165,3,0,0.04701672702807315
5166,2,1,0.726435911975118
5167,4,0,0.10158878718991869
5168,3,0,0.15513928405186944
5169,5,0,0.09698184582945447
5170,1,0,0.08623865550946423
5171,1,0,0.5375668117847665
5172,4,0,0.1889934651292388
5173,3,0,0.1027558806797693
5174,2,1,0.2808267087280487
5175,4,0,0.17148628563657703
5176,1,1,0.107063423072417
5177,5,0,0.4536924106070701
5178,2,0,0.09549272870696529
5179,4,0,0.6463379251571809
5180,4,0,0.09018794362276115
5181,4,0,0.09590627635717863
5182,3,1,0.14355187654916882
5183,3,0,0.06997021581453695
5184,3,0,0.4208843172479286
5185,3,0,0.2494456046025769
5186,3,0,0.07194010643883017
5187,5,1,0.3503467351110617
5188,1,0,0.15251434556206347
5189,4,1,0.27883447700737674
5190,2,1,0.17176619786634975
5191,4,1,0.2232764711961712
5192,5,0,0.056543274818129825
5193,1,0,0.15097720327526085
5194,1,0,0.08579802756565731
5195,3,0,0.12790372389701932
5196,4,0,0.1205701525716216
5197,2,0,0.12796534656362982
5198,4,0,0.10371416963403476
5199,5,0,0.1487744311983918
5200,5,1,0.6611234118835141
5201,4,0,0.12027271561953838
5202,3,0,0.06025771390061344
5203,1,0,0.2029194336587588
5204,1,1,0.19212940939691805
5205,1,0,0.08615507065616673
5206,3,0,0.15560469255830317
5207,1,0,0.08664334621802817
5208,1,0,0.12713336241595566
5209,5,0,0.1012129688008159
5210,4,1,0.10330559602222474
5211,4,1,0.22657548015585477
5212,3,0,0.10003411452802376
5213,5,1,0.18086376903005133
5214,4,1,0.7765854130924063
5215,5,0,0.14672827217917547
5216,4,0,0.6949303689554986
5217,3,1,0.7498427607608517
5218,4,0,0.16058580363865996
5219,1,0,0.22961995708433866
5220,2,0,0.29138819458519033
5221,3,0,0.14608912607142416
5222,4,0,0.1833565167358594
5223,5,1,0.211189949020833
5224,2,0,0.08790853692625203
5225,5,0,0.36482590824862277
5226,5,0,0.1065072461556344
5227,4,0,0.4227177979569834
5228,4,0,0.13181556786516574
5229,2,0,0.15442018289361048
5230,5,1,0.651047407374645
5231,2,0,0.20081316840868244
5232,1,0,0.22860458414001103
5233,1,0,0.09504221674836383
5234,5,0,0.07250999751852712
5235,1,0,0.38889773763473706
5236,4,0,0.08849085017827807
5237,5,0,0.041712619300751784
5238,2,0,0.15988823842568317
5239,4,0,0.09182491354068152
5240,1,1,0.6744987858739748
5241,1,0,0.20412490953807397
5242,4,0,0.1195860866955827
5243,1,1,0.3629654847011861
5244,1,0,0.1271178732498983
5245,1,0,0.08618917803898576
5246,3,0,0.08316301551822187
5247,1,0,0.08514130296486239
5248,3,0,0.051564953701606984
5249,4,1,0.09030937337101616
5250,2,0,0.08833088872240968
5251,2,0,0.21911230433404472
5252,5,0,0.03785721806570475
5253,3,0,0.05207624381489807
5254,3,0,0.4262382201962507
5255,5,0,0.15990418371649678
5256,4,0,0.21930587054271933
5257,5,1,0.1163475199777302
5258,3,0,0.09611042818840124
5259,4,0,0.1379771917835552
5260,2,0,0.11665221423092463
5261,1,0,0.0925865606938259
5262,3,0,0.22638117793832443
5263,5,0,0.3105424297182174
5264,2,0,0.1684018114811599
5265,3,1,0.6760114673368613
5266,5,0,0.11483872139652221
5267,1,1,0.3243736881766216
5268,5,0,0.06153413056462059
5269,5,1,0.46892413786394566
5270,1,0,0.432774484885293
5271,1,0,0.08827111226218096
5272,1,0,0.20675101973324242
5273,4,0,0.10480860693417209
5274,1,1,0.7025661584697463
5275,4,0,0.0902350419181153
5276,2,1,0.6392035548453773
5277,2,0,0.13248628822856512
5278,4,0,0.11894228473378543
5279,4,0,0.16580788938337068
5280,5,0,0.09760730384845612
5281,4,0,0.08975460142628584
5282,5,0,0.12377071995688438
5283,2,0,0.1938524471735403
5284,2,0,0.2298167431846647
5285,3,0,0.06522656199332166
5286,3,0,0.13281458968180454
5287,5,1,0.3005970468382485
5288,2,1,0.1351570156209447
5289,4,1,0.7268839115779058
5290,4,0,0.09318833615782329
5291,3,0,0.23674643953846153
5292,4,0,0.09801755229318973
5293,2,0,0.12712552079508638
5294,5,0,0.07205720838385136
5295,4,0,0.14789303813282806
5296,3,1,0.15532848666154903
5297,2,1,0.14948809428546905
5298,4,0,0.09044910715027542
5299,1,0,0.17464075326318934
5300,2,0,0.16917528693219433
5301,4,0,0.10821659090802303
5302,3,0,0.078296984619717
5303,2,0,0.15886350226861393
5304,2,0,0.09519709015448477
5305,3,1,0.060053859274489384
5306,1,0,0.34924988463932083
5307,4,0,0.1184486913481812
5308,5,1,0.1389768461284336
5309,3,0,0.16962545138353408
5310,1,0,0.17398987746498387
5311,5,0,0.21105720981690523
5312,5,0,0.31486724381824077
5313,1,0,0.14285580287811167
5314,2,0,0.10435569157861685
5315,5,0,0.11250653346952208
5316,3,0,0.06382386134435862
5317,5,1,0.11357853132367332
5318,5,0,0.08126037524360064
5319,3,0,0.09359451038955795
5320,1,0,0.08585276912275872
5321,1,0,0.08644620483548801
5322,4,0,0.12907355299780174
5323,3,0,0.15733515915848878
5324,3,0,0.10624866619794844
5325,2,1,0.13306161102427183
5326,5,0,0.21125381675303787
5327,2,1,0.387587117457172
5328,4,0,0.13751435215775773
5329,2,0,0.09142107666509994
5330,5,0,0.07042735663486771
5331,3,1,0.28474307926995784
5332,4,0,0.15406258859122904
5333,4,1,0.7113246781081737
5334,1,1,0.6834502463839157
5335,5,1,0.3615088611661137
5336,4,0,0.09853699428025771
5337,3,0,0.09355774405549591
5338,4,0,0.10458286189649807
5339,2,0,0.22267638550049412
5340,2,0,0.13635165987520173
5341,4,0,0.2812496651593626
5342,4,0,0.12573990351618336
5343,5,0,0.12593851297290437
5344,5,0,0.050847946594246136
5345,1,1,0.44874499951240765
5346,1,0,0.3011170218778469
5347,3,1,0.21233244049639252
5348,5,0,0.03827665910843537
5349,4,1,0.7662080364862458
5350,5,0,0.08590197925027447
5351,5,0,0.21409928222947097
5352,1,1,0.15122809314357175
5353,1,1,0.09344108708462155
5354,2,0,0.1888347072887703
5355,4,1,0.0973570652429996
5356,1,0,0.16430300195206396
5357,3,1,0.3860520258042984
5358,5,0,0.12243252516498265
5359,2,1,0.23592855871802673
5360,4,1,0.4027702392363688
5361,5,0,0.022120076984614497
5362,4,1,0.2810753250693869
5363,1,0,0.15436763949288196
5364,5,0,0.03980602237028249
5365,3,0,0.19105024192982215
5366,3,0,0.07436789938348813
5367,1,1,0.8041446954327148
5368,5,0,0.21038565528914382
5369,4,0,0.15982348988170605
5370,3,0,0.15907052691988133
5371,1,1,0.7220487781173052
5372,2,0,0.10292143616065576
5373,4,0,0.1015029093711545
5374,4,0,0.13310253161891675
5375,3,0,0.06572377942657825
5376,4,1,0.7111966687941567
5377,1,0,0.15937933935989107
5378,1,0,0.17780708091099043
5379,4,0,0.10146803203267492
5380,1,0,0.11876758344178075
5381,5,0,0.2734562634412463
5382,3,0,0.09546894882389803
5383,5,0,0.07287461863019885
5384,4,1,0.10357400131565427
5385,4,1,0.2551716339977853
5386,3,1,0.87039845931881
5387,2,1,0.17040440151262623
5388,5,1,0.3439529141343067
5389,2,0,0.22878307919705218
5390,3,0,0.13169169535851089
5391,3,0,0.14964428309292704
5392,3,0,0.061514481861877766
5393,1,0,0.14759693561231735
5394,3,0,0.08509722120443605
5395,3,1,0.5157228572872427
5396,2,1,0.4363248529383413
5397,3,0,0.17275023013029125
5398,1,0,0.0995652989791323
5399,5,0,0.15193073673011148
5400,5,1,0.3439135477378727
5401,1,0,0.18479661463946262
5402,4,0,0.16010308285076424
5403,4,1,0.21944227332405317
5404,2,1,0.4536737196192235
5405,3,0,0.09433433924824172
5406,3,1,0.6846069607969405
5407,3,1,0.09296966277343266
5408,2,0,0.1277649934303138
5409,3,1,0.2120845481936558
5410,2,0,0.1626617666576918
5411,3,0,0.16731629484595698
5412,5,1,0.6102183138899521
5413,4,0,0.22210466431130055
5414,5,1,0.11791479200880915
5415,1,0,0.09328203779842179
5416,3,0,0.3708955648065681
5417,5,1,0.534901853439691
5418,1,0,0.38144660250467627
5419,2,0,0.08810855264968412
5420,2,0,0.11546186221682302
5421,2,0,0.09099395935613128
5422,1,0,0.12826605064770855
5423,1,0,0.12733744706785505
5424,2,0,0.14718657289263992
5425,2,1,0.7520912674769665
5426,1,1,0.15129239781966716
5427,4,0,0.3315469230044643
5428,2,0,0.15985453911388786
5429,5,0,0.04481822628492444
5430,5,0,0.12952308628302361
5431,3,0,0.10067904127713397
5432,4,1,0.09020180714254272
5433,5,1,0.28424437016871235
5434,2,1,0.15071313592925048
5435,3,0,0.07937792069054121
5436,5,0,0.0977204251696067
5437,4,0,0.14043956448911665
5438,5,0,0.1679823608558551
5439,1,0,0.4978699007436127
5440,5,0,0.07445265471490235
5441,3,1,0.7400139473556033
5442,2,0,0.16247514390172513
5443,5,0,0.18207953972484656
5444,3,0,0.7389878788718148
5445,2,0,0.2878034976507711
5446,1,0,0.09491616841115835
5447,3,0,0.07288181599005025
5448,5,0,0.07048981175068199
5449,3,0,0.6746294298421339
5450,5,0,0.14203602335548995
5451,1,0,0.16000203780081346
5452,2,0,0.17117704046274662
5453,2,1,0.6644192957303362
5454,1,0,0.08637438898740304
5455,1,0,0.13507064036189906
5456,4,1,0.17951623972473507
5457,1,0,0.18909786803082582
5458,3,0,0.1923593666084602
5459,4,1,0.5295619060499347
5460,4,0,0.1752913252086293
5461,4,0,0.5204993006618865
5462,1,0,0.08786478974542841
5463,5,1,0.792298245047776
5464,3,0,0.1411340896089028
5465,3,0,0.14623427860567434
5466,3,0,0.2269104577975262
5467,3,0,0.15356253114769639
5468,3,1,0.527319757972394
5469,5,0,0.1768860528441397
5470,3,0,0.09305294009173518
5471,2,0,0.18251836567230972
5472,4,1,0.38481202245116963
5473,2,0,0.12712745899885108
5474,1,1,0.3825100975014526
5475,3,0,0.1873864982228075
5476,1,0,0.1062511294823371
5477,4,1,0.09847568743385596
5478,4,0,0.17776610130376147
5479,1,0,0.13601723933314988
5480,3,0,0.14221117867432556
5481,3,0,0.13994688530450067
5482,1,0,0.10258415490800427
5483,3,0,0.15338418730450765
5484,4,1,0.13657028423136958
5485,3,0,0.11877839855520335
5486,5,1,0.13156411481716448
5487,1,0,0.14635462670381266
5488,4,0,0.15504079299161158
5489,2,0,0.08884032937232784
5490,1,0,0.09305650926719863
5491,2,0,0.08800269864786578
5492,1,0,0.1293885900523074
5493,3,0,0.10800393738676686
5494,1,0,0.44550450175270273
5495,5,0,0.045171720761471724
5496,4,1,0.7779500400737911
5497,4,1,0.2967588942511556
5498,5,0,0.12832640521303076
5499,3,0,0.6940540264560425
5500,5,0,0.52953802494098
5501,2,0,0.11255639466995297
5502,4,0,0.15766556980877663
5503,5,0,0.19028575205429502
5504,1,0,0.1943088617496806
5505,1,0,0.20444819265641148
5506,2,0,0.1463475575058786
5507,3,0,0.0741215558438901
5508,5,0,0.04671731900108015
5509,4,1,0.2839441356784014
5510,4,0,0.08872493331095517
5511,5,0,0.30976842100815993
5512,4,1,0.10294240847734884
5513,1,0,0.13559902842250499
5514,3,1,0.15911633949461948
5515,1,0,0.17020014054272722
5516,4,1,0.7395685960371136
5517,1,0,0.19595669669372281
5518,2,0,0.21151870884302776
5519,4,0,0.1367056401273165
5520,5,0,0.08131621156278919
5521,5,0,0.10200099580817829
5522,2,0,0.13626278453592328
5523,5,0,0.1535671576833613
5524,5,0,0.16892972694805536
5525,4,0,0.10518829499674896
5526,3,0,0.11782036470004116
5527,4,0,0.09104936578750492
5528,4,1,0.2931985246367234
5529,4,0,0.15161428810868816
5530,4,0,0.45526663184315014
5531,3,1,0.7211469809006221
5532,3,0,0.11512598098685753
5533,4,0,0.09038660144387342
5534,1,0,0.08675733270079126
5535,1,1,0.7527226021834234
5536,4,0,0.10421117454720043
5537,5,0,0.09899118668291051
5538,2,0,0.18460027486691524
5539,2,0,0.08960522314227225
5540,1,0,0.15565612550897667
5541,4,0,0.15780927457384034
5542,2,0,0.1315659204249598
5543,3,0,0.144380636498494
5544,1,0,0.0860050921417804
5545,4,0,0.09725022625218524
5546,4,0,0.19552927654992078
5547,1,0,0.16406115983801647
5548,1,0,0.14120622975903543
5549,3,0,0.06643804432742345
5550,4,0,0.11467774574167158
5551,3,0,0.11323979356710166
5552,4,0,0.21775100683359017
5553,5,0,0.05649747696661062
5554,1,1,0.36955180693628115
5555,1,0,0.5598859378849731
5556,3,0,0.1526245050588488
5557,5,0,0.08522354527087067
5558,1,0,0.6816093536658507
5559,5,0,0.20501833368161815
5560,5,0,0.05148773208429436
5561,1,0,0.18348541573581978
5562,3,0,0.08877252594313119
5563,3,1,0.7086105938219602
5564,5,0,0.15758511773094458
5565,2,0,0.099993706355065
5566,2,0,0.2285037165817284
5567,1,0,0.35010052731591373
5568,5,0,0.1415736046441848
5569,5,1,0.5257678708873206
5570,4,0,0.08899502906730176
5571,3,1,0.22012918443835855
5572,5,1,0.42469102787616064
5573,5,0,0.11191441898145624
5574,2,0,0.12110494958985947
5575,3,0,0.17978029411835442
5576,4,0,0.10371699733372192
5577,5,0,0.03788060710814837
5578,5,0,0.16461048401802886
5579,1,0,0.0857868413068961
5580,1,0,0.08612190117541127
5581,2,1,0.14090548653316923
5582,4,0,0.09640913034388206
5583,5,0,0.09150806935471324
5584,4,0,0.1546259216349232
5585,5,0,0.11262715812024539
5586,4,0,0.0912192603591182
5587,3,1,0.7053872845199646
5588,3,0,0.25609868276659453
5589,5,1,0.6672417572115045
5590,1,0,0.16823757833990122
5591,5,1,0.7521193370677852
5592,4,0,0.17700469442144817
5593,1,0,0.16383807005054707
5594,2,1,0.18502269241746191
5595,4,1,0.46052349493684164
5596,5,0,0.17041660732166136
5597,3,0,0.7859542734915888
5598,4,1,0.6597445301292786
5599,5,0,0.21604283159026402
5600,2,0,0.09517049257652613
5601,1,0,0.13364214850298395
5602,3,0,0.06114765368983296
5603,5,0,0.19211755074953357
5604,1,0,0.0862290582242476
5605,1,0,0.1577715790117957
5606,2,0,0.16909179248208103
5607,5,0,0.08108460478144275
5608,1,0,0.18389468856320343
5609,1,0,0.0861832063375789
5610,3,0,0.34294075905026855
5611,2,0,0.08929935030030188
5612,2,1,0.183395309420875
5613,4,1,0.5757546139315683
5614,3,0,0.12572485937679304
5615,3,1,0.20552299675629415
5616,5,0,0.12838164484233847
5617,5,0,0.062085298025948456
5618,5,0,0.1362341964568297
5619,4,0,0.09066047227520453
5620,4,0,0.12402907275530536
5621,3,1,0.3031978621925318
5622,3,0,0.15742081389603488
5623,1,1,0.11244575438452754
5624,3,0,0.07615864624047017
5625,3,1,0.5958258369998102
5626,2,0,0.10082143946718714
5627,3,1,0.7342265170906032
5628,2,0,0.09655789915681401
5629,1,0,0.18533148529825694
5630,5,1,0.3290482637933422
5631,1,0,0.18540552405434504
5632,5,1,0.7977981105143824
5633,2,1,0.22002665026237014
5634,2,0,0.15709774005853877
5635,2,0,0.09315177158623537
5636,1,0,0.10056227605931997
5637,5,0,0.07525098381018415
5638,3,1,0.08228137254890193
5639,1,0,0.19153644461229827
5640,2,0,0.25202477792166644
5641,4,0,0.2238719219742016
5642,5,0,0.17857738523131303
5643,3,0,0.12972994426321727
5644,5,0,0.25605976689802695
5645,4,0,0.19537811562514318
5646,4,0,0.2829321320091465
5647,1,0,0.09903569495883953
5648,2,0,0.2459519303459053
5649,1,0,0.09777723106765293
5650,4,0,0.09182360062632888
5651,5,0,0.08142279458039166
5652,3,0,0.07144278659127368
5653,2,1,0.5270098372661395
5654,4,0,0.1588641853108672
5655,4,0,0.17252414583703224
5656,2,0,0.14618059080804827
5657,3,0,0.13536465875875775
5658,1,1,0.17404962757502854
5659,5,0,0.0760007974976474
5660,5,0,0.05804022410196848
5661,1,0,0.4570206085363436
5662,2,0,0.20371067931675302
5663,1,0,0.10815405578780576
5664,3,0,0.10059729613533226
5665,2,0,0.6824781589258602
5666,2,0,0.1345981575332639
5667,2,0,0.15784821873084903
5668,4,1,0.7456953746114241
5669,4,1,0.3280205865010958
5670,4,0,0.7673431402088123
5671,3,0,0.048729940756903824
5672,3,0,0.06048547277391989
5673,1,0,0.22700974317990114
5674,3,1,0.5335875531032837
5675,1,0,0.1014424007554936
5676,5,0,0.19559410759035045
5677,3,0,0.20325700299205474
5678,2,0,0.1262485535635724
5679,1,0,0.68301110817045
5680,2,0,0.24251239050965198
5681,4,0,0.14293995159721884
5682,4,0,0.08934466357146528
5683,3,0,0.11349054452491694
5684,3,0,0.060002755503785137
5685,5,0,0.07815538004538741
5686,5,0,0.05914146269232269
5687,3,0,0.1641130322486756
5688,3,1,0.5836165248565791
5689,1,0,0.1374907083098549
5690,2,0,0.09864706409914994
5691,3,0,0.1807425429575871
5692,2,0,0.09016933179201511
5693,4,0,0.12691502892421416
5694,5,0,0.1241983130971641
5695,3,0,0.19398709236373976
5696,4,0,0.10188436203864323
5697,3,0,0.20005810714894467
5698,1,0,0.08568112946795119
5699,3,0,0.15574960015614767
5700,5,0,0.0751083409546858
5701,5,1,0.07967250318318063
5702,1,0,0.731532441922506
5703,1,0,0.09458277430070165
5704,5,0,0.19897186326668215
5705,3,1,0.2112451249252525
5706,1,1,0.34821143104611463
5707,5,0,0.14124617696175126
5708,4,0,0.21096399933095855
5709,2,0,0.08928644134396471
5710,5,0,0.023566129273548495
5711,3,0,0.15197040093670128
5712,2,0,0.08784849776399722
5713,4,0,0.11922804686656503
5714,2,0,0.23303527931686965
5715,3,0,0.07137579374422001
5716,4,0,0.09988153237825054
5717,3,1,0.8537360715016628
5718,1,0,0.17578559908535982
5719,3,0,0.16084266326480365
5720,3,1,0.8146428526988493
5721,4,0,0.11162348739005093
5722,5,1,0.3956681680181004
5723,5,0,0.22276236286484072
5724,5,0,0.07843240407095466
5725,5,0,0.13613365307215566
5726,5,0,0.06882105602497811
5727,2,0,0.10679840126795595
5728,1,0,0.08962087173911555
5729,3,1,0.13928534373051094
5730,1,0,0.14413537419602251
5731,1,0,0.16227542369206702
5732,3,0,0.6908301141164697
5733,1,0,0.17532861667061447
5734,3,1,0.3690484255808197
5735,2,1,0.6725894730192945
5736,1,0,0.09424206955320077
5737,5,0,0.41014607447980206
5738,4,0,0.13738060505185767
5739,5,1,0.7740962453747842
5740,4,0,0.7398337342915844
5741,1,1,0.2548841058845064
5742,2,0,0.11429101863475923
5743,1,0,0.16999675643777645
5744,3,1,0.6466013251562955
5745,2,0,0.09183663929044804
5746,2,0,0.13448520906071088
5747,3,0,0.0773647392838934
5748,1,0,0.12840231367396013
5749,4,0,0.22434258769907833
5750,4,0,0.1336884470284327
5751,5,0,0.3289522643606528
5752,3,0,0.08595662297553935
5753,5,0,0.13669445142388392
5754,5,0,0.349716456895842
5755,5,0,0.12149652950082629
5756,2,0,0.16545984914258463
5757,3,0,0.09480247790263899
5758,2,0,0.09095478506666696
5759,3,0,0.16330277933466208
5760,1,0,0.15894040167539247
5761,1,0,0.20977073613143027
5762,2,0,0.09996029135606066
5763,2,0,0.10604274672353545
5764,1,0,0.14036881154691308
5765,1,1,0.21191710409585018
5766,3,0,0.206361241018513
5767,4,0,0.0929454895768488
5768,2,0,0.13926035484945962
5769,5,1,0.6170803394159776
5770,4,0,0.08932461198906136
5771,3,0,0.34080978428888675
5772,3,0,0.09384245748063265
5773,4,0,0.13144957881516708
5774,2,1,0.666165481709783
5775,1,0,0.16499368180089938
5776,3,1,0.7124252509897044
5777,1,0,0.09875679854954622
5778,4,0,0.08867099328271139
5779,1,0,0.21418716390214682
5780,1,1,0.6961740055489717
5781,3,1,0.8421130085342935
5782,2,0,0.20826898240913144
5783,3,0,0.0926178946149408
5784,5,1,0.7628218877821674
5785,1,0,0.09979527562505991
5786,4,0,0.16404614700758025
5787,4,0,0.10480457615633014
5788,5,0,0.09804058855429237
5789,3,0,0.1935590926513887
5790,5,0,0.09373350712281292
5791,4,0,0.09296404161504282
5792,5,0,0.1204521125915571
5793,2,0,0.08841457577821382
5794,2,1,0.09081533132142185
5795,2,0,0.13637731500778152
5796,5,1,0.47803134746480613
5797,3,0,0.05596247726317956
5798,4,1,0.10712287345412146
5799,4,0,0.137904145651827
5800,5,0,0.11000152365191689
5801,2,0,0.10297730044746965
5802,2,0,0.21222583263038897
5803,4,0,0.13185436141340656
5804,2,0,0.09430793609409507
5805,5,1,0.24555950227032589
5806,1,1,0.18543008756744697
5807,4,0,0.24925160856096443
5808,1,0,0.18758192059299464
5809,3,1,0.6445700156004258
5810,3,1,0.28335066771629436
5811,4,1,0.7248823748140863
5812,2,0,0.09098049213775691
5813,3,0,0.0875151219572025
5814,4,0,0.10251508665544122
5815,2,1,0.11315543189473419
5816,2,0,0.08918632075942162
5817,1,0,0.10466182600997992
5818,1,1,0.7267245791409885
5819,2,0,0.11574099001479758
5820,4,0,0.09078308301473292
5821,3,0,0.17059780639847905
5822,4,0,0.1287371824197981
5823,1,1,0.464743422335318
5824,2,0,0.145509965218554
5825,2,1,0.6684717699292249
5826,2,0,0.18358001540106123
5827,1,0,0.15776640214628698
5828,5,1,0.13410988774087898
5829,5,0,0.14490955341834152
5830,2,0,0.12210300403098498
5831,1,1,0.14765134220464923
5832,1,1,0.19870230439307818
5833,2,0,0.1577850113223398
5834,5,1,0.27644189500965977
5835,1,0,0.7307835111543081
5836,5,0,0.14749762832304306
5837,5,1,0.29355975848376886
5838,2,1,0.12743728033444435
5839,1,0,0.20821843056050585
5840,5,0,0.11471861483767926
5841,3,0,0.23376863431008482
5842,5,1,0.2677687239288043
5843,3,0,0.09585790197144488
5844,2,0,0.09623627353269452
5845,4,1,0.6866448341909647
5846,4,0,0.1252436942186758
5847,5,0,0.08463679833460411
5848,5,0,0.0603502843633573
5849,5,0,0.1529253714750511
5850,5,0,0.07876384677904663
5851,5,1,0.4510637485947429
5852,5,0,0.16853193204990366
5853,3,1,0.7498445543997764
5854,5,0,0.1438808669988208
5855,1,0,0.09526072402324733
5856,4,0,0.09024563717745872
5857,1,0,0.08688217226459037
5858,1,0,0.1401039208049761
5859,2,0,0.10845213749113503
5860,2,0,0.3603219687132087
5861,3,1,0.7427455707389754
5862,3,0,0.059651024541782095
5863,4,0,0.15245057354972547
5864,4,0,0.09111611717532947
5865,5,0,0.13176354896411113
5866,3,0,0.0737427396828238
5867,5,1,0.3205914805073897
5868,4,0,0.29002219782561367
5869,5,0,0.06408300264098687
5870,3,0,0.059591154726050304
5871,2,0,0.17833949427934573
5872,2,1,0.7448636749509643
5873,4,0,0.14728846489448044
5874,1,0,0.19132747245405457
5875,1,0,0.12347149963707765
5876,1,1,0.6770230910279813
5877,3,0,0.09390122481505529
5878,5,0,0.10550513131014526
5879,3,0,0.16396656973491913
5880,1,0,0.08665629043744343
5881,2,0,0.14047089621099076
5882,1,0,0.37774308524888134
5883,5,0,0.7459006845558828
5884,5,0,0.5756647374717806
5885,2,1,0.30608643438459476
5886,3,0,0.16311151354345405
5887,4,1,0.17542294473042105
5888,2,0,0.09277542890694582
5889,4,0,0.16199526668391412
5890,3,0,0.07255795214221368
5891,2,0,0.6839454047983681
5892,1,1,0.21851385743076057
5893,1,0,0.704538558423213
5894,1,0,0.18009147261083014
5895,3,0,0.12006465982574374
5896,4,0,0.16171366869179424
5897,2,0,0.08877572980185561
5898,5,1,0.6397452432578756
5899,5,1,0.30883858394847946
5900,5,0,0.15792205429821998
5901,4,0,0.12238315942408534
5902,2,1,0.6858408869823363
5903,5,0,0.06570751511320716
5904,4,0,0.18242697293475993
5905,5,0,0.1325798782867875
5906,4,0,0.18054557557446257
5907,4,0,0.09776658009038203
5908,1,0,0.11632683223831208
5909,3,0,0.13121195416845036
5910,3,0,0.2102141010367836
5911,3,0,0.07022036621466632
5912,1,0,0.08518470437315824
5913,2,0,0.20302946279397768
5914,1,0,0.09601631195080505
5915,4,1,0.23437597707509547
5916,2,0,0.25760584359285393
5917,4,1,0.7442972864184649
5918,4,1,0.6808322658845433
5919,1,0,0.1001450440354733
5920,4,0,0.1976655881773665
5921,2,1,0.2671186193270251
5922,2,0,0.405818465819952
5923,3,1,0.5490453759539395
5924,4,0,0.0891437067108802
5925,5,0,0.10578197638133569
5926,4,1,0.15000560993187134
5927,5,0,0.34702934379104033
5928,3,0,0.3222720706661582
5929,1,0,0.10837735083428364
5930,1,0,0.14889014004444495
5931,4,0,0.18886481745544723
5932,1,1,0.19138022155372225
5933,5,0,0.10920084272886729
5934,3,0,0.08301106659941665
5935,1,0,0.18606531778435048
5936,2,1,0.33765060579342976
5937,5,0,0.10311856592691725
5938,5,0,0.14592285847811443
5939,2,0,0.09074901294863055
5940,4,0,0.2596567208367926
5941,3,0,0.10090691239287447
5942,5,0,0.07800803975338964
5943,4,0,0.13099362962694822
5944,5,0,0.20494158207648255
5945,3,0,0.1432024852082699
5946,5,0,0.17537441854673128
5947,4,0,0.21698546309271455
5948,2,0,0.08995921661607442
5949,4,1,0.11935331028462225
5950,3,0,0.10630673606539612
5951,1,0,0.24712571212795742
5952,1,0,0.6450467805587972
5953,2,0,0.13622337076933017
5954,4,0,0.08854479020652187
5955,2,0,0.17316126173154464
5956,1,0,0.08682203221022544
5957,3,1,0.5589227910853032
5958,4,1,0.11104729804393909
5959,5,0,0.1499998873625168
5960,5,0,0.13277855165077804
5961,2,0,0.17180276444519735
5962,4,1,0.37213445681840884
5963,4,1,0.6996961283890789
5964,3,1,0.6795767208273291
5965,3,0,0.13007914661179756
5966,5,1,0.2517920545317138
5967,2,0,0.08833415057820668
5968,2,0,0.16270442300176488
5969,1,0,0.2360596078258555
5970,5,0,0.08056071103388662
5971,1,0,0.08586178179295738
5972,3,1,0.6868401380901876
5973,4,0,0.13379322858567283
5974,3,0,0.16512860460971687
5975,2,1,0.11717695609460092
5976,3,0,0.1538064433642297
5977,4,0,0.12020138460211106
5978,2,1,0.37413077183111065
5979,3,0,0.1741929410693127
5980,4,0,0.0979315046699219
5981,2,0,0.13547816008602523
5982,2,1,0.6977410439416036
5983,1,0,0.08620385997992114
5984,1,0,0.08761193629543543
5985,4,0,0.11101132514584695
5986,3,0,0.11162099321728292
5987,4,0,0.1185544051623704
5988,4,0,0.1919325791107725
5989,4,0,0.15830846258081996
5990,1,0,0.3668202246748561
5991,4,0,0.10371404508416492
5992,2,0,0.34468019431489577
5993,2,0,0.17336057356641807
5994,5,1,0.21192685036033398
5995,4,0,0.16977215401701237
5996,4,1,0.14136538061131462
5997,4,0,0.10394545857212811
5998,3,1,0.4132085973622655
5999,3,0,0.21551739187193286
6000,1,0,0.24692152095124867
6001,4,0,0.1769475257247096
6002,3,0,0.18647478366337908
6003,5,0,0.14841753060124122
6004,2,0,0.09070505964495973
6005,4,0,0.0903898018780753
6006,4,0,0.11124827726048812
6007,3,1,0.09264644455368302
6008,1,0,0.0898077734903752
6009,3,0,0.0995453024734645
6010,4,0,0.09006830944941654
6011,3,1,0.3679301029087022
6012,5,0,0.2518627180793681
6013,2,0,0.18890444219415367
6014,5,1,0.09771722802015562
6015,5,1,0.4812395932145096
6016,3,0,0.1742159581774853
6017,2,0,0.687278230102414
6018,5,0,0.40728376620129286
6019,4,0,0.09909921580416421
6020,2,1,0.17259866270394966
6021,3,0,0.07157999928306254
6022,5,0,0.05180185700579866
6023,3,0,0.18416014543299
6024,5,0,0.07732776386525134
6025,1,1,0.2807633848996567
6026,3,0,0.17616938173042404
6027,2,1,0.09528588736688695
6028,4,0,0.08992058539106174
6029,4,0,0.09313547918894857
6030,5,0,0.07753099031114756
6031,1,1,0.6349524597785067
6032,1,1,0.6795420630245252
6033,4,0,0.3778651208826389
6034,2,0,0.08836123229182657
6035,2,0,0.22990183855467544
6036,3,1,0.09323139563100288
6037,5,0,0.1647372691486652
6038,2,1,0.7380126944222658
6039,5,0,0.2427176173765545
6040,2,0,0.20545771003618457
6041,4,0,0.10005248023843245
6042,2,0,0.08810791067514116
6043,5,0,0.10656249514271904
6044,5,0,0.12783638058311772
6045,4,0,0.15858193433050785
6046,2,1,0.12407443147483707
6047,5,0,0.06023324511514676
6048,4,0,0.15316632155012883
6049,3,1,0.1892297938204242
6050,1,1,0.33175648373686945
6051,4,0,0.14546898561782093
6052,1,0,0.16146955568859278
6053,1,1,0.23664897364585313
6054,4,0,0.40746734513620403
6055,4,0,0.21162956462622776
6056,2,0,0.08805553004117504
6057,4,0,0.4640601741688684
6058,5,0,0.08651640451801304
6059,1,0,0.4376358400623833
6060,4,0,0.11622763033798536
6061,4,0,0.36846844985415667
6062,1,1,0.3803389417601781
6063,4,0,0.09276299504716015
6064,3,1,0.7060999928620074
6065,4,1,0.13194403519464357
6066,1,0,0.15457873923369367
6067,4,1,0.1077160509176343
6068,2,1,0.09796856865818226
6069,3,0,0.07279948118244475
6070,5,0,0.10223548914043006
6071,5,0,0.16868492907469526
6072,4,0,0.09693931911833346
6073,2,0,0.1709933678834948
6074,5,0,0.20345511059762816
6075,1,0,0.36766760536743986
6076,2,0,0.3595027586784139
6077,5,0,0.1255211123824821
6078,1,0,0.0898077734903752
6079,5,0,0.052562570826996585
6080,5,0,0.11212170890789262
6081,5,0,0.05416084315470451
6082,4,1,0.3451315384880539
6083,1,1,0.8049561888500463
6084,4,0,0.17527826473187505
6085,5,0,0.03714380014990067
6086,5,1,0.7305423927288661
6087,1,0,0.15776712174085264
6088,4,0,0.3234060748230873
6089,1,0,0.13641357911576096
6090,4,1,0.6698678364089541
6091,3,0,0.06975891383302699
6092,1,0,0.13829442193805652
6093,4,0,0.09005096418566591
6094,2,1,0.5201575785271457
6095,5,0,0.29728904059399786
6096,5,0,0.3711019518688289
6097,4,0,0.22165684454893114
6098,4,1,0.761625782035321
6099,4,0,0.09024778311263072
6100,2,0,0.12617120384064034
6101,5,0,0.04695761107910795
6102,1,0,0.08531782590214819
6103,5,1,0.161563754902451
6104,2,1,0.42224876937567546
6105,3,0,0.15541433534590404
6106,3,0,0.15573038147656798
6107,5,0,0.0962446241162388
6108,1,0,0.13157295344092945
6109,4,0,0.09313547918894857
6110,5,0,0.07730470236225723
6111,5,0,0.12853685316061403
6112,4,1,0.17385124510000005
6113,2,0,0.08790840487960286
6114,3,0,0.13426543286986772
6115,4,0,0.28558294549544544
6116,2,0,0.4062594673237669
6117,1,1,0.7147774762370556
6118,4,0,0.17853616723868376
6119,3,1,0.49240173729565145
6120,4,0,0.09889280753075294
6121,5,1,0.29433179136573107
6122,5,1,0.2542271370583245
6123,2,1,0.19017289013061106
6124,4,0,0.08946682842423888
6125,1,1,0.7213264464477008
6126,4,0,0.09139390813310014
6127,1,0,0.09918884781270723
6128,2,0,0.15375950111003994
6129,3,1,0.14494608634062753
6130,3,0,0.05927351054492271
6131,1,0,0.23637798968450746
6132,2,0,0.2663710224936041
6133,1,0,0.46407069847675736
6134,4,0,0.25044395659311497
6135,4,0,0.15004199148696631
6136,2,0,0.17742381538086155
6137,1,0,0.0860238640340098
6138,2,0,0.11800658225870624
6139,5,0,0.05204214881562764
6140,1,0,0.2646555910452305
6141,2,0,0.13122808824624999
6142,4,0,0.11790049592340344
6143,3,1,0.36631806847089027
6144,3,0,0.09077451836030495
6145,3,1,0.7374351941493382
6146,1,0,0.1404243492886823
6147,1,1,0.08947614823998909
6148,5,1,0.37273848473237425
6149,2,0,0.15232125636374477
6150,1,0,0.11413012103348014
6151,4,0,0.0900160984681275
6152,3,0,0.17979321915595312
6153,5,0,0.15540338640508336
6154,3,0,0.3479574321388751
6155,3,0,0.15783256866956924
6156,1,0,0.17461843286558998
6157,3,0,0.06428380176029658
6158,4,0,0.11482844388058498
6159,3,0,0.11972616006716018
6160,1,0,0.1491410546375733
6161,4,0,0.4948905365956197
6162,5,0,0.1818060784832642
6163,3,0,0.17269557905637187
6164,3,0,0.06290504503459239
6165,3,0,0.13422845940068928
6166,5,0,0.07578940967430285
6167,5,0,0.21628065385454043
6168,4,0,0.13764284762868242
6169,5,0,0.06421039905141003
6170,3,0,0.32964575305875693
6171,2,1,0.6721960393530576
6172,3,1,0.40540612852829827
6173,3,0,0.11269505352857194
6174,4,0,0.1093021323306713
6175,2,1,0.7221598600121897
6176,4,0,0.10962338247610964
6177,4,0,0.08972117241532432
6178,2,0,0.14683778952542745
6179,3,0,0.09812751899793075
6180,2,0,0.17047136364609433
6181,2,0,0.08982127586043837
6182,3,0,0.08487548412045208
6183,5,1,0.7767753916854141
6184,3,0,0.12359145764171534
6185,1,1,0.16638685795794675
6186,4,0,0.24275688831706135
6187,2,0,0.6652370768874726
6188,1,0,0.09963947743604316
6189,1,1,0.13455424259538806
6190,2,1,0.19400267767252832
6191,2,0,0.0894901595403969
6192,5,0,0.06594202252734142
6193,1,0,0.7314638639695719
6194,5,0,0.07103042049976324
6195,1,1,0.3742352286016342
6196,4,0,0.2458886897435622
6197,3,0,0.0967694361324688
6198,1,0,0.17074893862863497
6199,3,1,0.6344052870837086
6200,1,0,0.08649205800929904
6201,3,0,0.18492906964264333
6202,3,0,0.09175150336079155
6203,2,0,0.14175231343762898
6204,1,0,0.09918477397201783
6205,5,0,0.10456452864031104
6206,3,0,0.2202900910615494
6207,4,0,0.1974691704026693
6208,2,0,0.3740813722527964
6209,2,0,0.43567072158818404
6210,5,0,0.04522700251847983
6211,4,0,0.1245902279578493
6212,1,0,0.09210031666647502
6213,5,0,0.1728803570216941
6214,5,0,0.15757128076282367
6215,1,0,0.14837127824673488
6216,4,0,0.12689124519570574
6217,5,0,0.3229673787534695
6218,2,0,0.13367596723332578
6219,5,0,0.08171739104717815
6220,2,0,0.10097335112491389
6221,5,0,0.1650695993126273
6222,2,0,0.08922850532723833
6223,3,1,0.24632461834670719
6224,1,1,0.7586957486476792
6225,4,0,0.17353027443310273
6226,1,1,0.7145275854160397
6227,3,0,0.16063992622797713
6228,4,0,0.1023618750387038
6229,2,0,0.2184860451892239
6230,2,1,0.4238330586976246
6231,5,0,0.051638938343313734
6232,4,0,0.11383865194642605
6233,2,1,0.6772817970775586
6234,5,0,0.24371759356257883
6235,5,1,0.5950890817219565
6236,1,0,0.13890730050014163
6237,4,0,0.13329955756390227
6238,4,0,0.16604608477765898
6239,4,0,0.1151459013153093
6240,5,0,0.12291560895705068
6241,1,1,0.3231965024244825
6242,1,0,0.13501108364993047
6243,1,1,0.08701238212070324
6244,1,0,0.08633663653745353
6245,4,0,0.09606487470851477
6246,2,0,0.11049353803086172
6247,4,1,0.7092192144642128
6248,1,0,0.1686373250907464
6249,4,0,0.08989765425121189
6250,3,0,0.07410978594049
6251,1,0,0.10481503672607596
6252,2,0,0.09083545463082814
6253,5,0,0.17178481244786972
6254,1,0,0.23996958753898523
6255,5,0,0.16979749875767067
6256,5,0,0.034939396227487915
6257,5,1,0.7860769936374672
6258,1,0,0.12180294200605765
6259,2,0,0.11638936052164248
6260,4,0,0.09063845257248447
6261,3,1,0.08987831305411924
6262,3,0,0.07361043771256076
6263,4,1,0.26873536182786856
6264,4,0,0.1568194244994634
6265,4,1,0.6710949907729423
6266,1,1,0.3038766154578373
6267,5,0,0.10027695467203764
6268,4,0,0.15106654449384432
6269,2,0,0.6868251938199365
6270,5,0,0.19153281943047645
6271,5,0,0.09606653177663334
6272,5,0,0.07561254874514374
6273,2,0,0.1823234300882047
6274,1,0,0.17134455104764668
6275,1,0,0.5418907836513288
6276,1,0,0.15499428869048265
6277,5,0,0.1966778927784929
6278,4,1,0.8064760704629866
6279,5,0,0.15289037810244072
6280,4,0,0.11411450278266753
6281,3,0,0.09222929475955628
6282,4,0,0.14088462884770236
6283,1,1,0.7574045960509889
6284,5,0,0.0924618315897101
6285,1,0,0.0851991147266879
6286,4,0,0.10236632975689033
6287,5,1,0.33479224669352664
6288,3,1,0.4997800160003319
6289,3,0,0.07145651695650551
6290,5,0,0.312562659701826
6291,2,0,0.09119330069972365
6292,1,0,0.08649128708510916
6293,2,0,0.13334066532590005
6294,3,1,0.47111017636266767
6295,3,0,0.050374382227892214
6296,2,0,0.24411195113215575
6297,4,0,0.1320821980780199
6298,1,0,0.20669990437451663
6299,2,0,0.09101295042496411
6300,3,0,0.08162056815829337
6301,4,0,0.09494089031039757
6302,5,1,0.41549635699128384
6303,1,0,0.1750167840328759
6304,3,0,0.15096924060902459
6305,3,0,0.08819091401623808
6306,3,0,0.18770077649425393
6307,5,0,0.36190136579128995
6308,1,1,0.6885323573595231
6309,3,1,0.7237515751792
6310,2,0,0.14009873374266923
6311,5,0,0.1563007416049918
6312,4,0,0.14679505761139539
6313,5,0,0.43552107449163585
6314,5,1,0.1664127600121163
6315,5,1,0.46356639564081814
6316,5,0,0.13509277010019025
6317,2,0,0.19498831408930278
6318,4,0,0.6932388337388342
6319,4,1,0.11309058374697811
6320,5,1,0.823826443189653
6321,4,0,0.17630782009865678
6322,5,0,0.12816424725487482
6323,3,0,0.10046553994279242
6324,4,1,0.26558601252085173
6325,2,0,0.09687907796314191
6326,1,1,0.6517431029747358
6327,2,0,0.16159366633081906
6328,2,1,0.09831678396551892
6329,3,0,0.6583791355819809
6330,3,1,0.6914507878837
6331,3,0,0.13170753686061254
6332,2,0,0.3916746223202596
6333,5,0,0.08408542178903719
6334,1,0,0.09499070025564504
6335,2,0,0.0922231948547661
6336,3,0,0.09764511718747411
6337,2,0,0.28817346966622864
6338,5,0,0.06730400306202958
6339,2,1,0.4525709894276498
6340,4,1,0.49530367916620366
6341,2,0,0.15980829346995787
6342,3,0,0.06264357693483587
6343,4,0,0.09284958895295951
6344,4,0,0.15117258279459725
6345,4,0,0.09425448063114217
6346,2,1,0.12862712352168226
6347,1,0,0.13398926806719927
6348,5,0,0.12345231687806431
6349,3,0,0.08444060944479692
6350,5,0,0.07131831902567107
6351,1,0,0.0924777148618907
6352,2,1,0.1397080522566847
6353,5,0,0.08831197908437939
6354,5,0,0.17515481555131093
6355,2,0,0.09490994989736037
6356,2,1,0.6608667107824375
6357,1,0,0.09175941190982939
6358,3,1,0.42353942899528646
6359,2,1,0.7291494533120308
6360,2,0,0.16474533978164688
6361,4,0,0.10506036076766787
6362,1,1,0.13529842694381194
6363,3,1,0.3966261166771157
6364,2,0,0.15100509644149482
6365,5,0,0.12336622589862246
6366,1,0,0.1784809682601885
6367,4,0,0.2017889965988257
6368,3,0,0.05885846484849078
6369,5,1,0.47473954988427103
6370,5,0,0.13795920120703892
6371,4,0,0.19624432967068703
6372,1,0,0.1321607700369665
6373,3,0,0.05045015074035394
6374,4,0,0.09163585798526523
6375,5,0,0.12229330132461798
6376,4,0,0.19719312159003977
6377,2,0,0.11881428578915829
6378,5,0,0.0505847880709799
6379,1,0,0.12497682501922974
6380,3,0,0.056189993076532455
6381,3,0,0.18831115621846448
6382,4,0,0.26082734231185156
6383,1,1,0.1562366663195832
6384,1,0,0.09755530680141672
6385,5,0,0.11346798785594842
6386,1,0,0.15170633858972368
6387,4,1,0.22184446852546205
6388,2,0,0.09210743516459113
6389,5,0,0.12501458822889996
6390,3,0,0.15319027172562302
6391,2,0,0.10688649114671733
6392,3,0,0.12806623624194227
6393,5,0,0.11270317487562206
6394,3,1,0.30997265684018965
6395,3,0,0.4304273013255919
6396,3,0,0.14570371265589735
6397,1,0,0.14998582660569756
6398,5,0,0.07592477529595386
6399,3,0,0.050023568071112454
6400,5,0,0.11184755763864553
6401,1,0,0.1582935834473181
6402,5,1,0.41152354319313655
6403,1,0,0.46275673652243765
6404,5,0,0.0951478659264628
6405,2,0,0.3317003894578626
6406,4,0,0.15310175706644594
6407,2,0,0.15763550717230332
6408,4,0,0.11298721256980104
6409,5,0,0.27768807795993494
6410,5,0,0.1764029481027566
6411,4,0,0.2240144662134577
6412,5,1,0.697427500820048
6413,2,1,0.1523832867699654
6414,3,1,0.7822648549031487
6415,4,0,0.10544070846005604
6416,4,1,0.2546181923721732
6417,3,0,0.06712868970116491
6418,1,1,0.6717518886818828
6419,3,0,0.05630092743318339
6420,5,0,0.12595859110967864
6421,3,0,0.05661300949496491
6422,2,0,0.10469396154513143
6423,5,0,0.07179415740025698
6424,2,1,0.14052655055072563
6425,2,0,0.13411733113723437
6426,4,0,0.1058584536382491
6427,4,1,0.283518687278748
6428,1,1,0.1864257310063266
6429,1,0,0.18147854982692285
6430,3,0,0.1399202155151183
6431,4,0,0.6318803060729916
6432,5,0,0.04065201205270285
6433,1,1,0.2828452592656876
6434,1,0,0.0920127083035867
6435,4,0,0.16290843659422571
6436,1,0,0.127790168588242
6437,2,0,0.08819781844921705
6438,5,0,0.11611611420660256
6439,4,0,0.09044314554756944
6440,1,0,0.19984151788574683
6441,2,0,0.1326247673991457
6442,1,0,0.14992150212184355
6443,1,0,0.21484932983352736
6444,4,0,0.20894693799446987
6445,2,0,0.17250384323090678
6446,3,1,0.1809208977680494
6447,2,0,0.26945881603923294
6448,4,0,0.10326461568898365
6449,3,0,0.2841105478852814
6450,2,0,0.5458484486277364
6451,1,1,0.0872847162626157
6452,2,0,0.12802938101983327
6453,2,0,0.11659613872812406
6454,1,0,0.14843778310053457
6455,4,0,0.10613776115074021
6456,5,0,0.1657705385483885
6457,2,0,0.11908602188124036
6458,1,0,0.08649231697596688
6459,2,1,0.11312436128950026
6460,4,0,0.16763418291312576
6461,5,0,0.1443252388137098
6462,2,0,0.08956502361383833
6463,2,1,0.7452687946561697
6464,2,1,0.6937488424497615
6465,4,0,0.17193153625004448
6466,4,0,0.1113080798082363
6467,4,0,0.10196431083706906
6468,5,0,0.1839649679357311
6469,4,1,0.5259322900339091
6470,5,1,0.7357985066738044
6471,4,0,0.31970094486516387
6472,4,0,0.13040160554797792
6473,5,0,0.1992088327714455
6474,2,0,0.18727408504301582
6475,3,1,0.22713008620206132
6476,5,0,0.3275153378325709
6477,2,0,0.24695238234179237
6478,5,0,0.038029872145274306
6479,4,0,0.134502932010542
6480,4,0,0.09500728083617432
6481,5,0,0.06221226155148282
6482,5,1,0.1804700525983252
6483,5,0,0.14471548266845094
6484,1,0,0.09812435581756478
6485,4,0,0.09056074486996418
6486,5,0,0.14024134447684808
6487,2,0,0.15817943907598636
6488,1,0,0.14429198193169532
6489,5,0,0.05719844594746348
6490,1,0,0.17370826445870075
6491,3,0,0.0867157513713056
6492,5,0,0.15236784969559644
6493,3,0,0.08503944880880829
6494,2,0,0.11420387705180685
6495,2,0,0.09798882842970416
6496,2,1,0.1458754784821689
6497,4,0,0.09104615302735582
6498,4,0,0.10220601256564206
6499,4,0,0.15153330986101138
6500,4,0,0.09065949032865249
6501,3,0,0.36770581372320366
6502,5,0,0.049219698014180385
6503,4,0,0.15281098280195252
6504,2,0,0.0987356250916946
6505,3,0,0.11209944602670326
6506,3,0,0.3669129106781664
6507,1,0,0.08755490409881043
6508,4,0,0.5165803450966568
6509,5,1,0.18757427004432176
6510,3,1,0.5609600582159483
6511,3,1,0.5587857857105931
6512,4,0,0.15419219879643875
6513,4,0,0.2248371466610195
6514,3,0,0.41944676802011643
6515,3,1,0.2885067525382142
6516,3,0,0.291553996026526
6517,1,0,0.1636934888516813
6518,3,0,0.16087685008546232
6519,3,0,0.3029423319230488
6520,3,0,0.24714295466899164
6521,5,0,0.22664226947375196
6522,5,1,0.2774049345013607
6523,4,0,0.10347216321367037
6524,4,0,0.09231729324157628
6525,2,0,0.2820669200199675
6526,4,0,0.1919106075355212
6527,3,0,0.19626326106422431
6528,5,1,0.08876617643387552
6529,1,1,0.284929029508157
6530,4,0,0.10174929312627637
6531,5,0,0.2693305030229921
6532,4,0,0.16566984549328295
6533,3,0,0.24587077874742702
6534,1,1,0.1386427619843159
6535,1,1,0.6878257426875051
6536,2,0,0.18551182412054723
6537,1,0,0.0873999566171238
6538,2,0,0.19860567655746142
6539,5,0,0.06605531102262827
6540,4,0,0.24431127130084854
6541,5,0,0.34180988236687937
6542,4,0,0.11283223000107111
6543,5,0,0.09342416228390582
6544,2,0,0.6859318487501208
6545,2,1,0.36183066284793663
6546,2,1,0.6542463377449911
6547,3,0,0.13980285206949655
6548,1,1,0.6644643953534018
6549,4,0,0.17563101195828493
6550,1,0,0.09754482707651864
6551,5,1,0.16165617955218375
6552,5,0,0.21148328684141132
6553,2,0,0.10131964095382817
6554,4,1,0.4568532641734402
6555,1,1,0.6891246937529931
6556,2,0,0.36538390956684896
6557,3,0,0.15156842308312365
6558,4,0,0.11920291716044402
6559,3,0,0.10756292703470458
6560,3,0,0.08622132942829076
6561,2,0,0.13802279558536673
6562,1,0,0.15667212423866397
6563,4,1,0.6991837953729592
6564,4,1,0.11903051313261089
6565,3,0,0.27095271147277733
6566,5,1,0.42186522332936427
6567,2,0,0.1917904789556802
6568,3,0,0.193537307243881
6569,1,1,0.22144479782931528
6570,3,0,0.20680077012470915
6571,1,1,0.10587088263201255
6572,1,0,0.14510791542346063
6573,3,0,0.17575401794188714
6574,3,0,0.07048285341127314
6575,4,0,0.16346026992217824
6576,3,0,0.4504432813950955
6577,1,0,0.1723147256999957
6578,4,0,0.08935844907114536
6579,1,1,0.08670971681969472
6580,5,0,0.2050125046529565
6581,4,0,0.12062391094542169
6582,5,1,0.6934544034144187
6583,4,0,0.09271214195828252
6584,2,0,0.19130174249585538
6585,3,0,0.16812567763049419
6586,2,1,0.44126132106320715
6587,3,0,0.6149563971177955
6588,3,0,0.10552628436063648
6589,5,0,0.05574493105881959
6590,5,1,0.07831706486799203
6591,5,0,0.04765477499644526
6592,5,0,0.1367879664279799
6593,4,0,0.09564319784557936
6594,5,1,0.1615346517301541
6595,5,0,0.21081172877708634
6596,4,1,0.13404171772955922
6597,4,0,0.08995929791727195
6598,1,0,0.1838813763803802
6599,4,0,0.09207927859891817
6600,5,0,0.12829761634930525
6601,4,0,0.30743801840194457
6602,5,0,0.18560570657396883
6603,3,0,0.1459268314146948
6604,1,1,0.1494401076829183
6605,5,0,0.07623838163145284
6606,3,0,0.13999447466578668
6607,3,1,0.4395641473646886
6608,1,0,0.10256972957307045
6609,2,0,0.09123420261806345
6610,1,1,0.4720564871126627
6611,3,0,0.061036960743196415
6612,3,0,0.10641914486426902
6613,2,0,0.10503873421134416
6614,2,0,0.3207435558887726
6615,4,0,0.14524112572725145
6616,5,0,0.28449876706037713
6617,5,0,0.0737241084844821
6618,1,0,0.19745145974520106
6619,4,0,0.10429043224844971
6620,3,0,0.04997703323444418
6621,2,0,0.1777953558414563
6622,2,0,0.09623947765029985
6623,1,0,0.28113804219440125
6624,5,0,0.11179655230499107
6625,3,0,0.08686447130985012
6626,1,0,0.1255749860244069
6627,3,0,0.09497442394826221
6628,4,0,0.1446160826378633
6629,5,0,0.24241100666570106
6630,4,0,0.1359293557538733
6631,1,1,0.13925213180970106
6632,1,1,0.13887654394196025
6633,4,0,0.2528276977478711
6634,2,0,0.13576308982076865
6635,3,1,0.6925263438751444
6636,4,0,0.09024118948947406
6637,4,1,0.549989590491864
6638,1,0,0.10283828177388447
6639,5,0,0.42133537664169535
6640,1,0,0.11429068857450063
6641,5,0,0.042471133014747524
6642,3,1,0.7682299331307083
6643,3,0,0.07287042529491537
6644,1,0,0.19186977755128115
6645,3,1,0.651667036471461
6646,2,0,0.17616938230457532
6647,2,0,0.09771255902194365
6648,3,1,0.8081700636302749
6649,1,0,0.12391636268659371
6650,5,0,0.3020806556992437
6651,1,0,0.0926048821374375
6652,3,0,0.1569662174367191
6653,2,0,0.13694105241143067
6654,2,0,0.22551909139310347
6655,2,0,0.08856087976842415
6656,5,0,0.07195118284643937
6657,5,0,0.08333911916175951
6658,1,1,0.7138519755943734
6659,4,0,0.7212808710169392
6660,3,0,0.07107965293384624
6661,2,1,0.12851939641909782
6662,5,0,0.3560274982044643
6663,5,0,0.3475594069923141
6664,1,0,0.18673207138413517
6665,4,0,0.139554487060661
6666,2,1,0.12919912616952084
6667,5,0,0.20928633972654384
6668,1,0,0.09432858650008437
6669,3,0,0.06125377866306135
6670,3,0,0.23138333371340822
6671,2,0,0.12306862129036124
6672,4,1,0.6915846155194029
6673,5,0,0.07611307009715168
6674,3,0,0.38882503864139634
6675,2,0,0.25166080014668873
6676,2,0,0.09007079607297311
6677,4,0,0.1104967622739943
6678,1,0,0.08657305760553109
6679,4,1,0.6724389272278813
6680,1,0,0.11254193787327425
6681,4,0,0.15684749833950862
6682,5,0,0.3653148936006743
6683,3,0,0.18773260728206212
6684,4,0,0.10995196613256913
6685,5,1,0.7595190733009373
6686,2,0,0.12556036975986518
6687,3,0,0.049538530329149254
6688,2,0,0.14037710345830165
6689,3,0,0.14037766578342598
6690,3,0,0.24268187149548034
6691,5,0,0.12038130001045622
6692,5,0,0.4797230559314142
6693,1,1,0.21136744741505012
6694,1,0,0.19307434663719042
6695,2,0,0.09029062843772236
6696,2,0,0.09536194502594617
6697,2,0,0.2110059488909917
6698,5,1,0.09122802608625775
6699,3,0,0.08840307935832599
6700,3,0,0.055918718008110734
6701,1,0,0.4063992440380869
6702,2,0,0.09047152186652525
6703,4,0,0.09020963226939015
6704,5,1,0.7016597095472572
6705,5,0,0.180749575605906
6706,1,0,0.08903823445554274
6707,1,0,0.19280249770883215
6708,5,0,0.033996905993461286
6709,1,0,0.08554903674653158
6710,3,0,0.08775411405405513
6711,4,0,0.09708270134952109
6712,1,0,0.31197629134790406
6713,3,0,0.06073972663975302
6714,4,1,0.7790089966001971
6715,4,0,0.1976679830957917
6716,3,0,0.2965602062683413
6717,5,1,0.4300276040770792
6718,3,0,0.22947456553774773
6719,1,0,0.1031785303170074
6720,4,0,0.09551725737373741
6721,4,1,0.2141385472996692
6722,4,0,0.45174653850292523
6723,4,0,0.11050707667626516
6724,1,1,0.7124643211912626
6725,5,0,0.1402010985848566
6726,3,0,0.39308963208813186
6727,1,0,0.22112497956936822
6728,2,0,0.08830119312957177
6729,1,0,0.1299581116434786
6730,5,1,0.24084608312555392
6731,2,0,0.09003357783272613
6732,3,0,0.15500503376975278
6733,5,1,0.24150966513090588
6734,1,0,0.08609043350696825
6735,5,0,0.1358461101155033
6736,5,0,0.3184555670704366
6737,3,0,0.13799316723127356
6738,5,1,0.0980613791657694
6739,3,0,0.09681149172984366
6740,4,0,0.09046395457453596
6741,1,0,0.227253114100508
6742,5,0,0.15550784649492336
6743,3,0,0.10990717772883782
6744,1,1,0.085643742522568
6745,5,1,0.7581207753199573
6746,2,0,0.15338940306689397
6747,5,0,0.1516768017286135
6748,5,1,0.7030134814713985
6749,5,0,0.29399748915758944
6750,2,1,0.20344908961371147
6751,1,1,0.7243719543795417
6752,4,0,0.14792683888955557
6753,2,0,0.13992290630022433
6754,2,0,0.3244514367311919
6755,3,0,0.09450910362106205
6756,4,0,0.09054820665742837
6757,5,1,0.6663947929990481
6758,5,0,0.0691321209145025
6759,2,0,0.14173323570305962
6760,5,0,0.14943002527884697
6761,5,0,0.024753368759483797
6762,4,1,0.6798794485697772
6763,1,0,0.1464363245836075
6764,2,0,0.1051512993644702
6765,4,0,0.1397797692089633
6766,3,0,0.08021030808835036
6767,1,0,0.09101361180404151
6768,3,0,0.07525308454671814
6769,3,1,0.23465541261235937
6770,4,1,0.7784873791688008
6771,4,1,0.4193005527057075
6772,2,1,0.2788877990586276
6773,5,1,0.20775936790403873
6774,1,0,0.12071777595731446
6775,4,0,0.15443477094165817
6776,1,0,0.13284472753245088
6777,5,0,0.12019969607400512
6778,1,0,0.12489626875766527
6779,4,1,0.25877054323122295
6780,1,1,0.12643435919480694
6781,4,0,0.13702958125112533
6782,5,0,0.4719644408190973
6783,5,1,0.12433759882843053
6784,1,1,0.13768928121893945
6785,5,0,0.08687787682985688
6786,3,0,0.2115583572688303
6787,2,0,0.12351925438162467
6788,1,0,0.08649938854872778
6789,3,0,0.08012829066714804
6790,3,0,0.08887086160324228
6791,4,0,0.10863044460659435
6792,1,1,0.33368999444449876
6793,5,1,0.5707346886778036
6794,5,0,0.28615554950725686
6795,3,0,0.06182487274169508
6796,3,0,0.10566543412254098
6797,5,0,0.03788348789898207
6798,3,0,0.09378955913958618
6799,4,0,0.13263224556753894
6800,2,0,0.08853447464951428
6801,4,0,0.15494172448182308
6802,4,0,0.12313429340397382
6803,1,0,0.14434995138109652
6804,3,0,0.1983481459608979
6805,5,0,0.09433708946886686
6806,5,0,0.08027742339773572
6807,4,0,0.385336327988793
6808,4,1,0.17608916774637712
6809,4,0,0.13659893394153436
6810,3,0,0.12036367193817828
6811,1,0,0.08617266967312834
6812,5,0,0.22063284945616335
6813,2,0,0.2018958104278144
6814,1,0,0.21849583415545776
6815,2,0,0.4277427439370349
6816,3,1,0.13940032306110864
6817,2,0,0.13502286049789686
6818,1,0,0.16075915982033845
6819,3,0,0.4311104211336791
6820,5,0,0.2727558828069921
6821,2,0,0.13391382428909154
6822,4,0,0.08989662113085554
6823,3,0,0.26685984917546557
6824,1,0,0.16065715480315926
6825,3,1,0.16139398893597162
6826,1,0,0.08616189784044631
6827,2,1,0.6884756807228376
6828,5,0,0.08728828157764243
6829,5,0,0.10072685448451352
6830,1,0,0.09530022334496664
6831,3,0,0.05661172748995345
6832,4,0,0.08970803322681024
6833,4,0,0.1356612708383053
6834,5,0,0.0399460097611525
6835,5,1,0.3840210122599849
6836,4,0,0.09773942078272918
6837,1,1,0.20917947811390825
6838,1,0,0.1279584576901266
6839,2,0,0.27880380299521734
6840,5,0,0.09892534260071773
6841,2,0,0.09155056184057038
6842,2,0,0.08964129253336535
6843,5,0,0.2179132037028247
6844,2,0,0.08889976337794643
6845,4,0,0.4138796410815749
6846,5,1,0.846057952992011
6847,5,1,0.7067497741042046
6848,5,0,0.13018115753112142
6849,2,0,0.1579786727929963
6850,2,0,0.1659382597287321
6851,3,0,0.177351264103645
6852,2,0,0.08784849776399722
6853,2,0,0.089434916524131
6854,1,0,0.11125784879986464
6855,5,0,0.16334525482137857
6856,5,0,0.16780142859962668
6857,2,0,0.10448967153891614
6858,1,1,0.27988950016541136
6859,2,0,0.3787418635164705
6860,1,0,0.1542879679869451
6861,1,0,0.1757471952950275
6862,1,1,0.6861748275285969
6863,5,0,0.11747365649270378
6864,5,0,0.2064542891025895
6865,1,0,0.08740791537916087
6866,2,0,0.08861140855437975
6867,2,1,0.7660667334204977
6868,1,0,0.12078999750036772
6869,1,0,0.14174136059864156
6870,2,0,0.19346109126706482
6871,4,1,0.39159880897205707
6872,4,0,0.11404654766422836
6873,3,0,0.06149752372693122
6874,4,1,0.21925167741644766
6875,4,1,0.7680202398780419
6876,5,1,0.2509587473269908
6877,3,0,0.19516883392624834
6878,4,0,0.3612157401514208
6879,4,0,0.2540050320515497
6880,2,0,0.5439589854205079
6881,4,1,0.687863822458244
6882,4,1,0.2307532575867835
6883,4,0,0.5219443152295589
6884,1,0,0.08555380924671667
6885,4,0,0.0903196078514093
6886,1,0,0.24833882816314445
6887,5,0,0.10202200544818374
6888,5,0,0.23025619653483678
6889,5,0,0.07973863290562963
6890,5,0,0.09444457475022461
6891,3,0,0.05972622875280043
6892,5,1,0.3884388863631907
6893,5,0,0.05886460879915091
6894,2,1,0.3395461427139597
6895,5,1,0.05696954936787028
6896,2,1,0.22897811627264267
6897,3,0,0.09302286846412065
6898,5,0,0.08011329323267456
6899,1,0,0.09846580736992831
6900,1,0,0.12916470875484437
6901,2,0,0.13197420978403165
6902,5,0,0.15564202299501578
6903,2,1,0.17971629277776263
6904,4,0,0.12492160628695156
6905,3,1,0.658367137536984
6906,3,1,0.3722340003154992
6907,1,0,0.16747434814050735
6908,1,0,0.28120534643777484
6909,4,1,0.7608679023393222
6910,4,0,0.29118660936446517
6911,3,1,0.07959770284192205
6912,1,0,0.13004399812652928
6913,5,0,0.3408281815621722
6914,5,0,0.200751624193959
6915,1,0,0.13801202437347393
6916,4,0,0.48719653926104584
6917,3,1,0.15660714996285555
6918,1,0,0.09297413437518563
6919,3,0,0.08148205448238417
6920,1,0,0.08569288634895363
6921,2,1,0.19447684417157354
6922,5,0,0.128411607966564
6923,4,1,0.16981964200016367
6924,1,0,0.08792431971729547
6925,2,1,0.6906632091826709
6926,2,1,0.09081954630444683
6927,3,1,0.25237272772380254
6928,2,0,0.1699062120671728
6929,1,0,0.13856872888359903
6930,4,0,0.13203083054679404
6931,3,0,0.15446314191765298
6932,3,0,0.09046900382301011
6933,2,0,0.18420321402437004
6934,3,1,0.5078180830331629
6935,4,1,0.09029469727032384
6936,5,1,0.5229252350152478
6937,5,1,0.11813115762574984
6938,3,0,0.12793062780441627
6939,2,0,0.08804864553407848
6940,5,0,0.07620034326766112
6941,5,0,0.06623942483182815
6942,1,0,0.09122220023371873
6943,3,0,0.3727072217901131
6944,3,0,0.20295364010843456
6945,2,0,0.18973610609243652
6946,2,0,0.09272391171626446
6947,4,1,0.1711006574478237
6948,4,1,0.09267418702329286
6949,1,0,0.27005399356918913
6950,1,0,0.2867716967705683
6951,5,0,0.47083453405295805
6952,5,0,0.2099323336014841
6953,5,0,0.04361545854135957
6954,5,0,0.07407168676265209
6955,3,0,0.17750809358042186
6956,3,0,0.08047563770530887
6957,4,0,0.08938847840541583
6958,2,0,0.16246063729668905
6959,3,1,0.5841408976931437
6960,2,0,0.08804851348742931
6961,2,0,0.10313793173264348
6962,4,0,0.12774321813995865
6963,3,0,0.07267131439281321
6964,2,0,0.09621317355090331
6965,5,0,0.18244147873486158
6966,2,0,0.09011180705285882
6967,1,0,0.08612801027023953
6968,4,0,0.09043776103112529
6969,3,0,0.2814648055075432
6970,3,0,0.05961648977735362
6971,5,0,0.08619085599222862
6972,1,1,0.13183709587616388
6973,5,0,0.46210912959961686
6974,4,0,0.6689059006456419
6975,3,0,0.06044402326263742
6976,5,0,0.19318127812642508
6977,1,0,0.23974720197975186
6978,3,1,0.21107265501775815
6979,2,1,0.121953513928793
6980,2,0,0.17957402002874334
6981,2,0,0.15097282030519033
6982,5,0,0.0680206780540261
6983,3,1,0.7216242300880674
6984,3,0,0.07410979973067545
6985,3,0,0.07890261288740344
6986,3,1,0.1716717839550522
6987,5,0,0.16151649794613443
6988,5,0,0.15060689769854957
6989,5,0,0.1234150406332152
6990,2,0,0.1512492886352391
6991,1,0,0.1720954918614818
6992,3,0,0.08114201079108575
6993,3,0,0.1378968449854057
6994,4,0,0.12218645123153583
6995,2,0,0.15188490078949882
6996,2,0,0.15076192964754856
6997,5,0,0.1350869283570699
6998,1,1,0.7555034592359781
6999,4,0,0.08988667203134248
7000,4,0,0.19821659226595897
7001,1,0,0.09705397915521241
7002,4,0,0.1453642206895758
7003,2,0,0.13524747851509067
7004,1,0,0.12779768672655797
7005,4,1,0.11116239587373163
7006,1,0,0.21541174085958148
7007,1,0,0.14398439081574366
7008,2,0,0.09782677273872561
7009,5,0,0.04911117963475559
7010,4,0,0.0891951825515566
7011,5,0,0.1741559024190076
7012,1,0,0.153309206607723
7013,5,0,0.19874680446260262
7014,3,1,0.47525145003845126
7015,3,0,0.0646374473214173
7016,5,0,0.3725215331405692
7017,1,1,0.6398227510529843
7018,3,1,0.057494359312236315
7019,3,0,0.1974593539574639
7020,5,1,0.29270421466163493
7021,5,0,0.11225371130539426
7022,3,1,0.8791007667596066
7023,2,0,0.15298803420862983
7024,3,0,0.31818712685915057
7025,3,0,0.09644750424213841
7026,4,0,0.11995910806600384
7027,2,1,0.3088017319395291
7028,1,0,0.2221161128636156
7029,2,0,0.13506084766846002
7030,3,0,0.08983322742839514
7031,3,1,0.6806059197365864
7032,3,0,0.3257726711478393
7033,2,0,0.15339592283049064
7034,4,0,0.7234543098351224
7035,3,0,0.2276069220037656
7036,1,0,0.2772335242346958
7037,2,0,0.16146864474682637
7038,5,0,0.12461517434007527
7039,1,1,0.6661230497337287
7040,1,0,0.19923856477520305
7041,4,0,0.09183185400344632
7042,4,0,0.6554821101011149
7043,3,0,0.16811123120720994
7044,3,0,0.09423473514373264
7045,4,1,0.2267919721801223
7046,4,1,0.6484850781769407
7047,5,0,0.171552988824671
7048,3,1,0.18069913691325082
7049,2,1,0.5308998212272688
7050,5,0,0.23759062549150844
7051,2,0,0.1093923975177761
7052,3,1,0.16381630569281613
7053,3,1,0.2864210145832805
7054,4,0,0.131572601757692
7055,2,0,0.14058012765126054
7056,5,1,0.573087502298434
7057,2,0,0.13126216157113776
7058,5,0,0.1582029945951951
7059,4,0,0.08860095973231026
7060,5,0,0.13617935281927496
7061,2,0,0.1129211213954211
7062,4,1,0.38492773275330067
7063,2,0,0.10959735241119443
7064,1,0,0.11737619810844067
7065,4,0,0.13430193244885513
7066,3,0,0.10449990099397873
7067,2,1,0.6449722758599243
7068,3,1,0.6738365531304727
7069,1,0,0.09967387339126639
7070,5,0,0.06142253296718836
7071,1,0,0.09014594246518808
7072,2,0,0.09665703640043095
7073,3,1,0.23754183623205655
7074,5,0,0.04734181695759325
7075,2,1,0.09439816057100778
7076,3,0,0.04680989719139848
7077,5,1,0.7852903363316146
7078,1,0,0.14178566210731594
7079,1,1,0.5267062084678398
7080,5,0,0.03740859921790028
7081,4,0,0.144645817320532
7082,4,0,0.090420907909085
7083,5,0,0.1840485745993546
7084,3,0,0.5221247614814917
7085,4,0,0.10701303230743639
7086,2,0,0.09330546876405056
7087,3,1,0.769151942395755
7088,1,0,0.3978841132780826
7089,1,0,0.0859674936319023
7090,1,0,0.09265892564244822
7091,5,0,0.13264204644226496
7092,1,1,0.7622222465910657
7093,4,0,0.12454939776972503
7094,2,1,0.15161053574703873
7095,5,0,0.11404583014066268
7096,4,1,0.15211827074253892
7097,3,1,0.2969156928597482
7098,1,1,0.811311660560619
7099,1,0,0.21262694645487293
7100,5,0,0.05412783490350141
7101,2,0,0.36277144496621766
7102,2,0,0.27900971042648054
7103,3,0,0.14185344479260448
7104,2,1,0.4383612793723999
7105,5,0,0.11965354505845083
7106,4,1,0.30626904468336263
7107,1,1,0.30308696585235
7108,4,0,0.09035868423532067
7109,5,0,0.43236209329220077
7110,4,0,0.2839441356784014
7111,4,1,0.7811390510942996
7112,5,0,0.07962015018878672
7113,5,0,0.09949692938487892
7114,2,0,0.0883295663440747
7115,3,0,0.1578225242906436
7116,5,0,0.2801180652248033
7117,3,1,0.68682085848109
7118,1,0,0.09288906544870179
7119,2,0,0.08965564335637045
7120,3,0,0.1812260410323785
7121,5,0,0.14034033236153212
7122,1,1,0.11049076805652762
7123,3,0,0.2648268165693041
7124,3,0,0.18185437968596938
7125,3,1,0.3943223384975004
7126,4,0,0.2886008154263095
7127,2,0,0.6929583110199768
7128,3,0,0.050830171218002096
7129,4,0,0.12378516052089518
7130,5,0,0.10380035753451365
7131,5,1,0.11126075306476
7132,1,0,0.1655887887719032
7133,1,0,0.12085780315511888
7134,3,0,0.17330843868457294
7135,1,0,0.10583582827943529
7136,3,1,0.911316132280716
7137,2,0,0.13351418685525143
7138,4,0,0.09107016594177189
7139,5,1,0.7399736550373817
7140,5,1,0.7081029507476436
7141,2,0,0.08973818439231261
7142,1,0,0.13923002636587692
7143,4,0,0.3991893628189241
7144,4,0,0.09008346925119809
7145,3,0,0.06122297510169393
7146,2,0,0.12767553346459043
7147,2,0,0.16761415238996769
7148,4,0,0.12195516620530487
7149,2,0,0.09122388122012613
7150,1,1,0.6587168867509647
7151,3,0,0.06047761347637553
7152,3,0,0.18910029806357365
7153,2,0,0.1737482113926263
7154,3,0,0.13469918514432894
7155,4,0,0.10963743800718753
7156,1,0,0.1025159864715226
7157,1,0,0.08978470804954013
7158,1,0,0.30136181711442617
7159,1,1,0.2511135093784757
7160,4,0,0.2504512564906051
7161,4,0,0.16409772717963192
7162,5,1,0.6689263271698788
7163,3,0,0.06287811831444767
7164,4,0,0.4549188681716028
7165,2,0,0.1360176215066056
7166,3,1,0.6167744806314129
7167,1,0,0.09789070088111133
7168,1,0,0.7480485980792053
7169,5,0,0.08899112722122728
7170,1,0,0.13831268767857122
7171,1,1,0.0925756000427533
7172,5,1,0.8119778917818742
7173,4,0,0.18391736858118163
7174,5,0,0.1502854104874666
7175,1,0,0.11062766463725826
7176,4,0,0.23306664658531062
7177,5,0,0.7276920406200967
7178,1,0,0.10732408883963639
7179,1,0,0.16806247832577825
7180,4,0,0.2666339166223562
7181,4,0,0.09945454427499507
7182,3,0,0.17384255667636017
7183,2,1,0.42158225801881766
7184,1,0,0.09637586353779273
7185,2,0,0.18991565268748736
7186,5,1,0.6069057944058409
7187,4,0,0.15024660712642413
7188,1,0,0.09183094525981356
7189,2,0,0.14904710287137968
7190,1,0,0.08611298424187853
7191,1,0,0.15441313674836665
7192,4,1,0.17404683311988095
7193,5,0,0.08172645848528334
7194,5,0,0.05609037102422152
7195,1,0,0.13746103207744662
7196,2,0,0.6949349185701653
7197,1,0,0.3020877700806542
7198,4,0,0.11764128297600783
7199,3,0,0.12121292320531658
7200,4,0,0.09254708453215264
7201,1,0,0.10422158415038274
7202,1,0,0.09263460292830578
7203,1,0,0.1281044041378309
7204,2,0,0.12650878432214116
7205,5,0,0.2107065477797976
7206,2,0,0.1285924484262164
7207,5,0,0.2042875047241347
7208,3,0,0.13333361921215703
7209,2,1,0.6881146333483551
7210,1,0,0.10191625036745648
7211,1,1,0.23071005899601363
7212,5,0,0.5920607899686785
7213,3,1,0.49020093152042266
7214,1,0,0.08619904614493346
7215,2,0,0.10326682853033169
7216,1,0,0.08906793232094182
7217,1,0,0.10718796798258749
7218,1,1,0.19494439677767966
7219,1,0,0.41244825295104404
7220,2,0,0.09084430943200753
7221,4,1,0.15921484099673883
7222,4,1,0.28396838201008884
7223,1,0,0.12392494022001692
7224,2,1,0.12739317144933554
7225,5,0,0.10512307513182433
7226,1,0,0.18567493641730917
7227,5,0,0.5700087249042469
7228,3,0,0.12077176788243534
7229,1,0,0.09216001128836691
7230,2,0,0.08986186239001204
7231,5,0,0.21415388166594806
7232,2,0,0.15973026652243583
7233,3,0,0.18131094445062731
7234,1,1,0.41187405711756614
7235,3,1,0.2271410453612549
7236,5,0,0.1794789473984048
7237,1,0,0.20377357116309444
7238,3,0,0.06941167709246016
7239,1,0,0.08848923530786006
7240,2,1,0.7056983927877746
7241,3,0,0.10377908375783201
7242,5,0,0.238093605691036
7243,4,1,0.3536509572014723
7244,5,0,0.10868413279987593
7245,1,0,0.08518470437315824
7246,2,0,0.4183748699864552
7247,1,0,0.2750776566335998
7248,3,1,0.34461674773516604
7249,4,0,0.13537646638005602
7250,5,0,0.06689767838046186
7251,4,0,0.08928695553336165
7252,5,1,0.8184153391549924
7253,5,1,0.36670556573768204
7254,2,1,0.24083680372542965
7255,5,0,0.10020310463198256
7256,4,0,0.15454558776590935
7257,1,1,0.0862031644260363
7258,4,0,0.0939809032509619
7259,1,0,0.24671997403753615
7260,5,0,0.06233208279239538
7261,4,0,0.15778755255285523
7262,2,0,0.13142810680578287
7263,5,0,0.18366608472875523
7264,1,0,0.14558464452126688
7265,5,0,0.4466040023694087
7266,4,0,0.2002397434114075
7267,1,0,0.2845162413170981
7268,5,0,0.04966314615166863
7269,1,0,0.10318204281957588
7270,3,0,0.06122200941079748
7271,2,1,0.726854728782873
7272,1,1,0.24773837055255804
7273,5,1,0.7703753419013266
7274,1,0,0.11354417094660507
7275,5,1,0.5522143518984273
7276,5,0,0.13152290121052965
7277,3,0,0.16857730260791057
7278,5,0,0.10088986684042588
7279,2,0,0.08826667077412902
7280,1,0,0.12873190204348509
7281,3,0,0.16983584087541778
7282,4,1,0.13751980541436504
7283,4,0,0.19375031460177955
7284,2,1,0.09304517372255187
7285,1,1,0.09717383474555154
7286,4,0,0.6408134443874308
7287,5,0,0.12011441632726212
7288,5,0,0.14189943990408993
7289,2,0,0.13799955642102318
7290,4,0,0.13520129886238885
7291,1,0,0.15896649257845383
7292,5,1,0.21603645473112537
7293,5,0,0.7442150457543947
7294,5,1,0.3149004195808362
7295,3,0,0.6301438983498999
7296,2,0,0.11616447921172106
7297,1,0,0.16865383125689545
7298,5,0,0.16126462207220263
7299,3,0,0.20245482047739027
7300,4,0,0.1972969910246647
7301,2,1,0.11291023206092461
7302,5,0,0.292566756293763
7303,1,0,0.14720971182611764
7304,4,0,0.14444129904574773
7305,2,0,0.09617369818172918
7306,3,0,0.05778074632833252
7307,3,0,0.6733106211706672
7308,1,1,0.5127466365627967
7309,2,0,0.08810791067514116
7310,5,0,0.07289394664667283
7311,3,0,0.0548405648911178
7312,4,0,0.1525556475646916
7313,5,0,0.5852671290423839
7314,1,0,0.11361185317937816
7315,1,0,0.108008973786773
7316,3,1,0.6034973859901825
7317,2,1,0.657499565372934
7318,1,0,0.08629462152281928
7319,4,0,0.13482021150519413
7320,3,0,0.06986208220872894
7321,5,0,0.14580708269371617
7322,3,0,0.04465133108543305
7323,5,0,0.18132901647616156
7324,4,0,0.09772784064179227
7325,1,0,0.08673727545009415
7326,2,0,0.20528883111297094
7327,5,1,0.13595854084019413
7328,4,0,0.12334151929404089
7329,4,0,0.22748504828307067
7330,2,1,0.5880775913798515
7331,2,1,0.2624657008181101
7332,5,0,0.0515250027305462
7333,3,0,0.13584830384957056
7334,2,0,0.18042575475366898
7335,2,0,0.14154227944967357
7336,3,0,0.04338012208294751
7337,3,0,0.0816127097786455
7338,2,0,0.09878699352915117
7339,4,0,0.5025378135381748
7340,3,0,0.15045340333496024
7341,4,0,0.0904705703059863
7342,1,0,0.6719496954092897
7343,2,0,0.29093679220341384
7344,2,1,0.15654597903641293
7345,5,0,0.06149289938517803
7346,2,0,0.11632989416148257
7347,1,0,0.14019843669111842
7348,3,0,0.11133645186234654
7349,2,0,0.137034236582505
7350,5,0,0.15598897357309857
7351,5,0,0.06418853767336118
7352,4,1,0.2594785241985663
7353,1,0,0.15781689055559292
7354,5,1,0.16063362756756316
7355,2,0,0.09137992612081174
7356,2,0,0.09146367593889389
7357,3,0,0.13106212203407946
7358,5,1,0.6272381862918798
7359,2,0,0.10239262782425572
7360,5,0,0.022074057110733934
7361,4,1,0.2815620443141511
7362,4,0,0.08960534351305037
7363,2,0,0.104062855141979
7364,5,1,0.061620695119479874
7365,1,1,0.6918607262481176
7366,2,0,0.0918967013556968
7367,4,0,0.14204667038529992
7368,2,0,0.1021709731956697
7369,3,0,0.07280328206153608
7370,3,0,0.055378046480569466
7371,1,0,0.18613564339125804
7372,5,0,0.16183793059697485
7373,2,1,0.7219615894348469
7374,2,0,0.17100456130565964
7375,5,0,0.1719968088580095
7376,4,0,0.13705170897502783
7377,1,0,0.15683358156486515
7378,2,0,0.126768157062684
7379,2,1,0.2029425972612101
7380,3,0,0.212789138396098
7381,4,0,0.12566623779160696
7382,3,0,0.1845888888533403
7383,2,1,0.26328755287781797
7384,3,0,0.1254995606392474
7385,5,0,0.04030794445862364
7386,3,0,0.19235445109144522
7387,2,0,0.08892806284591254
7388,5,0,0.08377865534940347
7389,2,0,0.29899153023586267
7390,2,0,0.09311209316943968
7391,2,1,0.3300353835688035
7392,1,1,0.7000582407612173
7393,1,0,0.22554665471636778
7394,4,1,0.1292430880896696
7395,4,0,0.13472088431894477
7396,2,0,0.09034489962019034
7397,3,1,0.09381289148971082
7398,4,0,0.21646129703434422
7399,5,1,0.42378453241773784
7400,3,0,0.0858278742170506
7401,5,1,0.5055552071244777
7402,3,0,0.12580810481429752
7403,4,0,0.1081240997873637
7404,4,1,0.10953069176611407
7405,5,0,0.13088493445407975
7406,1,0,0.1088884454995441
7407,2,0,0.1294434694282163
7408,1,0,0.14343256084280104
7409,2,0,0.17547894188292168
7410,2,0,0.16205411822649105
7411,2,0,0.11888143749873355
7412,2,0,0.08987512147748528
7413,4,0,0.09159212930770248
7414,5,0,0.21508323982707614
7415,5,0,0.13731384473387728
7416,4,1,0.27150442386179485
7417,5,1,0.36693745542087347
7418,3,0,0.13377221359963004
7419,3,0,0.1087345107098763
7420,1,0,0.11028230894920499
7421,5,0,0.06273891995067385
7422,2,0,0.13122372228290471
7423,2,0,0.11379852208753499
7424,3,0,0.1499870606889755
7425,1,1,0.18943126713530928
7426,5,1,0.24957609169120398
7427,4,0,0.09036053170388426
7428,3,0,0.1434258919356562
7429,1,0,0.3925414943302534
7430,2,0,0.08804210223024365
7431,5,0,0.6798169804743601
7432,2,1,0.6575562215871202
7433,2,0,0.09206983999657452
7434,5,0,0.18166205909514413
7435,3,0,0.058744183905649776
7436,2,1,0.12344472959993992
7437,4,0,0.08904029542419897
7438,2,0,0.09829836699263868
7439,4,0,0.12164029699548562
7440,3,1,0.4797360997286375
7441,2,0,0.10094781644993209
7442,2,0,0.6989629385673547
7443,1,0,0.15144833235832017
7444,2,0,0.15766470297396978
7445,5,1,0.6026815898080823
7446,5,0,0.7493771086501673
7447,5,0,0.1137927714237134
7448,5,0,0.03540077408117954
7449,1,0,0.2016133111419071
7450,5,0,0.08250210401859234
7451,3,0,0.4632569312056546
7452,3,0,0.14598687489765702
7453,2,0,0.0986700041935709
7454,4,0,0.3311025674458342
7455,2,0,0.384241926302892
7456,5,0,0.3600665591358165
7457,4,0,0.13220615813011458
7458,5,0,0.5565762201558063
7459,2,0,0.09890614792085685
7460,4,0,0.7578537721829703
7461,2,0,0.16715325112267973
7462,5,0,0.258340361720314
7463,2,1,0.09005489367279303
7464,1,1,0.23634812788166004
7465,1,0,0.2618296578369815
7466,5,1,0.7710832320137772
7467,2,0,0.17373105980477352
7468,3,0,0.18486325953703658
7469,5,0,0.14400319206324946
7470,3,0,0.05244100883108712
7471,3,0,0.2398461825014229
7472,5,0,0.058772810770051226
7473,2,0,0.11390081264998143
7474,4,0,0.3624378570707606
7475,1,0,0.18924997769228466
7476,1,0,0.09234019244353697
7477,1,0,0.17007425165575046
7478,5,0,0.07160603859048881
7479,1,0,0.37609907861282177
7480,1,0,0.09451458417346241
7481,1,0,0.15932488526888336
7482,5,0,0.087818355251389
7483,4,0,0.10312641820385224
7484,2,0,0.08893132174807579
7485,4,0,0.09651603783811755
7486,1,0,0.19898665833613527
7487,3,0,0.09384207909966046
7488,2,0,0.22234911870165575
7489,2,0,0.09520529821914608
7490,5,0,0.0358105161399103
7491,1,0,0.09908908647722957
7492,3,0,0.20734595736432612
7493,2,0,0.15182867632756086
7494,4,0,0.20670979417090482
7495,1,0,0.10287948204096194
7496,4,1,0.22453592146511497
7497,3,1,0.14148288251464747
7498,3,0,0.5910540201864547
7499,4,1,0.7170492466311013
7500,3,0,0.07318278785838077
7501,2,0,0.6829992373069113
7502,3,0,0.2789272870878131
7503,2,0,0.1319345094311199
7504,1,0,0.19319150396309853
7505,3,0,0.35465090920725706
7506,4,0,0.22483919253763576
7507,3,1,0.23328928576405614
7508,2,0,0.09134040326184827
7509,4,0,0.09701892672611805
7510,2,0,0.7583563600647252
7511,3,0,0.3488113067023109
7512,1,0,0.16431639703853168
7513,5,0,0.09417516769317544
7514,4,0,0.0956887776209193
7515,2,1,0.6739460065624097
7516,1,0,0.08943169120962599
7517,4,0,0.15639556764385662
7518,1,0,0.138978557778394
7519,4,0,0.15777747165176642
7520,2,0,0.4384863152268053
7521,4,0,0.14009486423026685
7522,1,0,0.15405567263386014
7523,3,1,0.6518006684161912
7524,4,0,0.0960210445233791
7525,2,0,0.0990885180775976
7526,3,1,0.21051985525968367
7527,2,0,0.09623488888879932
7528,3,0,0.6520912346245762
7529,4,0,0.10038885228324573
7530,3,0,0.29546069664728875
7531,2,1,0.7141567528802657
7532,4,0,0.19058887495838372
7533,5,1,0.5951873981789154
7534,4,0,0.1379777128038036
7535,1,0,0.08603134717108762
7536,1,0,0.1519260045473421
7537,4,0,0.11558102845313989
7538,4,0,0.7701164531437934
7539,5,0,0.0912747198060744
7540,3,0,0.3041082119182627
7541,1,0,0.4914769841222213
7542,4,0,0.1293177043748686
7543,4,0,0.1330354268118838
7544,4,0,0.12586584688595562
7545,2,1,0.10071821219355566
7546,3,1,0.15246659917546693
7547,2,0,0.0900234701622129
7548,3,0,0.06373570256321365
7549,2,0,0.13738080273536168
7550,4,1,0.12408220721796559
7551,5,0,0.14316888876634806
7552,1,0,0.08832855646507647
7553,4,1,0.1448350183334207
7554,3,0,0.0794022585184275
7555,5,0,0.2655593568777252
7556,4,0,0.12529342059811593
7557,2,0,0.274256945519124
7558,5,0,0.06137917706525313
7559,5,0,0.09413634969577343
7560,1,0,0.11334304523403164
7561,1,0,0.0851991147266879
7562,2,0,0.26431991045985803
7563,5,0,0.05996521489588266
7564,5,0,0.05080167742719463
7565,3,0,0.055963563553737314
7566,5,0,0.09043444114517557
7567,5,0,0.11025753857090674
7568,2,0,0.3631970708047789
7569,4,0,0.16580791075640766
7570,5,1,0.417896100962813
7571,5,1,0.11755899996617525
7572,5,0,0.18311733923064405
7573,5,0,0.11190948594947041
7574,4,0,0.12313533139235278
7575,1,0,0.14143826671181794
7576,5,0,0.2146874885113003
7577,2,0,0.14197952618722137
7578,4,0,0.10216351079517565
7579,4,1,0.768436385075334
7580,4,0,0.11718913570554851
7581,1,0,0.3811453552988293
7582,3,0,0.18355091487000724
7583,3,0,0.10297584856570939
7584,2,0,0.10994139954335828
7585,4,1,0.09170515431570443
7586,2,0,0.17448159182223236
7587,5,1,0.45193960699385394
7588,3,0,0.3778319937974578
7589,2,0,0.321707545078461
7590,4,0,0.12786453525777405
7591,1,0,0.1838579261552269
7592,4,0,0.16468684964141672
7593,2,0,0.12912139025545313
7594,5,0,0.06762320461670479
7595,3,0,0.06157095077705621
7596,3,0,0.11946182376610638
7597,2,0,0.18625150234071647
7598,3,0,0.08926449369615212
7599,1,0,0.16249955293839263
7600,3,1,0.053298581425084195
7601,3,1,0.7407251174359042
7602,5,0,0.19289690747731292
7603,3,0,0.05273864253402378
7604,3,0,0.1850562310022734
7605,3,1,0.47782713902391655
7606,2,1,0.10756029411458391
7607,4,1,0.4364043940967818
7608,3,0,0.14080589608022884
7609,1,0,0.5048224695745707
7610,4,0,0.09277274903613462
7611,2,0,0.14006836110501983
7612,3,1,0.30692150347602026
7613,2,0,0.12841024481479352
7614,1,0,0.138658740603664
7615,4,0,0.0900280751250517
7616,1,0,0.24804559059004255
7617,2,0,0.11556437686055067
7618,3,0,0.07620541392224506
7619,1,0,0.09240112391441316
7620,4,1,0.09044155290184569
7621,1,0,0.24752307151498934
7622,5,1,0.1393579528949881
7623,1,1,0.5569343104373004
7624,5,0,0.28735010651580456
7625,2,0,0.39204565475500147
7626,2,1,0.14980128145776775
7627,5,0,0.16656730696869843
7628,2,0,0.08850663821906693
7629,5,0,0.09120054871260266
7630,1,0,0.2251567719564888
7631,5,0,0.07764455665898565
7632,3,0,0.10547027381709277
7633,3,1,0.30045114685405727
7634,5,0,0.13754379147200538
7635,4,0,0.08964926328978132
7636,4,0,0.08997044860075225
7637,4,0,0.7005246685389072
7638,4,1,0.09534866312284479
7639,5,0,0.20194045349939668
7640,1,0,0.10054232248412477
7641,5,1,0.11176140619376188
7642,1,0,0.09765896615957158
7643,3,0,0.22598130624065654
7644,5,1,0.21149404467502297
7645,5,1,0.6542620621712647
7646,4,0,0.1835408079825996
7647,5,0,0.42324911547264676
7648,5,1,0.5163844512343618
7649,3,0,0.11543039004944508
7650,4,0,0.4734000571638881
7651,1,0,0.16241649759363885
7652,3,0,0.12843794045089457
7653,3,1,0.2811566505949902
7654,2,0,0.1360227702144533
7655,3,0,0.28682870447354913
7656,1,0,0.16223694160534327
7657,4,1,0.7265287622014016
7658,5,1,0.23708796913023195
7659,4,0,0.7285442743401697
7660,2,0,0.08859651888837679
7661,1,0,0.10028321697153218
7662,4,0,0.10980938721970006
7663,1,0,0.0878328568000608
7664,5,0,0.6971867596343113
7665,1,1,0.11988819333055657
7666,1,0,0.1883801017566738
7667,5,0,0.1104031770785628
7668,3,1,0.36240678439905083
7669,5,0,0.20475963868901054
7670,2,0,0.19379742212675832
7671,4,0,0.0916065190867867
7672,1,0,0.12520741948225045
7673,5,0,0.14630215418034664
7674,2,0,0.1047286362395898
7675,4,0,0.10138733841531443
7676,1,0,0.14356841459407724
7677,2,0,0.1570793321096256
7678,5,0,0.10947726249047755
7679,1,0,0.11791446503877778
7680,1,0,0.08982353709111379
7681,3,0,0.06778948848530189
7682,3,0,0.06342312904084456
7683,4,0,0.12741159094018023
7684,3,0,0.06962006224522255
7685,3,0,0.05482398668905021
7686,5,0,0.04978750413843686
7687,4,0,0.7721942571142884
7688,3,0,0.067703029256218
7689,3,0,0.1943486763792733
7690,5,1,0.1307568142339415
7691,5,0,0.1991136401071152
7692,4,1,0.16072412095285635
7693,1,1,0.2778722940116247
7694,1,1,0.7054802629246093
7695,3,0,0.0634177977271274
7696,1,0,0.08607713848716014
7697,5,0,0.43415864635753326
7698,5,0,0.09784436470092332
7699,5,0,0.0782718559641557
7700,5,0,0.023477907821006498
7701,3,0,0.08121827863010996
7702,2,0,0.09019187649843047
7703,3,0,0.1044710234586325
7704,4,0,0.20296160783014866
7705,2,0,0.0959564570171187
7706,1,1,0.7160127530111087
7707,2,0,0.10437671661656456
7708,3,0,0.11178447046542936
7709,2,0,0.09045527980357222
7710,3,1,0.6569180432072287
7711,1,0,0.6748314207289781
7712,2,0,0.40881140298181196
7713,3,0,0.08310073350691605
7714,4,0,0.6958799737017748
7715,5,0,0.04085543613431541
7716,4,0,0.3915341506819784
7717,3,1,0.7109037598410153
7718,4,0,0.1677678664957605
7719,2,1,0.2499338971531588
7720,3,0,0.08714221840270299
7721,4,0,0.09421298851788659
7722,1,0,0.09580832181200004
7723,1,0,0.12911270495403124
7724,1,0,0.08832295676940151
7725,1,1,0.16323648256141512
7726,5,0,0.08674528406722243
7727,5,1,0.4374361691399926
7728,5,0,0.035591684632715996
7729,4,0,0.09207806186791276
7730,5,0,0.05385582434936189
7731,5,0,0.09844462979948496
7732,2,0,0.21481479386884017
7733,1,0,0.14060748747016907
7734,4,1,0.24307590610465582
7735,2,0,0.10090227271756219
7736,2,0,0.0918232746340473
7737,3,0,0.09207746917353896
7738,2,0,0.08801142175191615
7739,3,0,0.06678662529770284
7740,4,0,0.08972892993534957
7741,5,0,0.6405850228225918
7742,1,1,0.16937697225928358
7743,2,0,0.13096257998228017
7744,1,0,0.09363111396933402
7745,1,0,0.24692152095124867
7746,2,0,0.100526382358574
7747,5,0,0.1965271783299409
7748,4,0,0.08862607013115582
7749,3,0,0.25560412297717766
7750,3,0,0.1403447052973509
7751,1,0,0.09851885047884346
7752,4,1,0.5675355382042259
7753,4,0,0.15797854152846666
7754,3,0,0.12280448674312594
7755,1,0,0.09308982824050034
7756,1,1,0.8155767728167055
7757,4,0,0.08984352027993492
7758,2,1,0.15711935039404487
7759,3,1,0.18035160897055336
7760,1,1,0.4790876336526971
7761,4,1,0.10281523897126986
7762,1,0,0.09421886240965492
7763,2,0,0.1000687448371395
7764,1,0,0.08894081632260296
7765,3,0,0.07994467528523141
7766,5,0,0.7602510860051536
7767,5,0,0.08128334626844054
7768,1,0,0.13825357764778318
7769,1,0,0.08734283737691767
7770,2,1,0.0918368936601785
7771,5,0,0.1062641386960942
7772,1,0,0.08643220074922854
7773,1,0,0.10160488155506163
7774,2,0,0.13377489882852833
7775,1,0,0.1622768478723569
7776,1,1,0.09004557997972971
7777,2,0,0.3821874872633148
7778,5,1,0.29168889045425667
7779,2,0,0.14644018630471878
7780,2,0,0.12726806058135293
7781,3,0,0.17062982052474598
7782,5,0,0.09691594010336993
7783,2,0,0.1809672175980635
7784,4,0,0.4741109416660985
7785,3,0,0.209974432233605
7786,3,0,0.06027842034431881
7787,3,0,0.05711914833382357
7788,1,0,0.11883693812992865
7789,5,0,0.10178665298739778
7790,3,0,0.12408511577300387
7791,3,0,0.06792272888139599
7792,4,0,0.1301721868662196
7793,1,0,0.15981649345176263
7794,1,0,0.17232125857072308
7795,1,1,0.6501406356615697
7796,3,0,0.14576474673654063
7797,2,0,0.27777161273784345
7798,1,0,0.08679338125263458
7799,5,0,0.09470078817990965
7800,3,0,0.2595275474019421
7801,4,1,0.14973599814297903
7802,1,1,0.4932975653998855
7803,5,0,0.15220217174440956
7804,5,0,0.45853083757562674
7805,2,0,0.1254800992676884
7806,5,0,0.19536444429850633
7807,5,1,0.8012752335519205
7808,4,0,0.08992593862150178
7809,3,0,0.19894386142414452
7810,2,0,0.21264781213256284
7811,1,1,0.6040049341047697
7812,2,0,0.18420951475051892
7813,1,0,0.18347810208949583
7814,5,0,0.06646880164581792
7815,4,0,0.18331677503031457
7816,5,1,0.7937417285450574
7817,2,0,0.09873688839841831
7818,3,0,0.17296682347240733
7819,2,0,0.10584675770851146
7820,4,0,0.09190793835280492
7821,5,0,0.08502779513009709
7822,1,0,0.08606290390360587
7823,3,0,0.1922960335841343
7824,5,0,0.210341676437116
7825,5,1,0.15191137632795712
7826,4,0,0.08886294385346823
7827,3,0,0.1080076064364325
7828,3,1,0.6907138598266872
7829,1,0,0.15636418820991801
7830,4,0,0.09876413387524635
7831,5,1,0.24466377279986962
7832,1,0,0.10439126152701532
7833,3,1,0.7170988651436851
7834,3,0,0.1310289057557941
7835,3,0,0.1027976813326347
7836,3,1,0.09525433222389054
7837,2,0,0.10890965855787993
7838,4,0,0.46192568250730864
7839,4,0,0.10978294089000304
7840,2,1,0.08884461599055873
7841,2,0,0.1304265047165925
7842,1,0,0.6982387180860562
7843,5,0,0.1027673331978724
7844,3,0,0.08542651040513127
7845,4,1,0.2648984259586797
7846,5,0,0.04643423484610766
7847,4,0,0.14602583376711745
7848,3,0,0.15218305377489116
7849,1,1,0.6863241058764237
7850,5,0,0.12516202863192025
7851,4,0,0.09745957770484578
7852,4,0,0.10678796885041082
7853,3,0,0.7395759572472494
7854,1,1,0.14857384638744375
7855,4,1,0.17224438158034075
7856,5,0,0.07140386973148354
7857,3,0,0.06557730749767425
7858,2,1,0.09544794605178139
7859,5,0,0.20803000816461972
7860,5,0,0.12666792976622385
7861,4,0,0.11913005545967892
7862,1,0,0.13558181214431353
7863,3,0,0.13924294259472883
7864,2,1,0.21330108680695892
7865,4,0,0.1133488525321163
7866,1,0,0.7010303258645152
7867,3,0,0.09836220904109451
7868,1,1,0.15705912373541353
7869,1,0,0.09643913490656189
7870,2,0,0.5250945193766229
7871,5,1,0.8077105056964213
7872,1,0,0.14088474209987015
7873,5,0,0.13399317490792334
7874,4,0,0.1517708062642116
7875,4,1,0.10132753993335016
7876,2,0,0.12683404953716265
7877,3,0,0.1318061096233582
7878,1,0,0.20374757699268736
7879,5,1,0.1275065584976051
7880,5,0,0.0827016005622595
7881,1,0,0.09807488376037922
7882,2,1,0.3889981779800226
7883,5,0,0.02308507009877657
7884,2,1,0.14857143408019607
7885,1,0,0.08594383281859719
7886,5,1,0.16822588390982865
7887,2,0,0.15898221618555064
7888,2,0,0.165629915815033
7889,3,0,0.08149595479907817
7890,3,0,0.14936402806350907
7891,4,1,0.20802079949877997
7892,1,0,0.10096509080805026
7893,2,0,0.11445344882265206
7894,3,0,0.16141915075057425
7895,3,0,0.08627579108923085
7896,4,0,0.7639791624358327
7897,3,0,0.39955956811078347
7898,3,0,0.07491136289777851
7899,3,0,0.13765963008171708
7900,2,0,0.14595591229037164
7901,5,0,0.17027837432185014
7902,2,1,0.1781751254811971
7903,3,0,0.05370403565237478
7904,4,1,0.6827166653183929
7905,5,0,0.0817658789029031
7906,3,0,0.1347196530906231
7907,2,0,0.6699872369230352
7908,1,0,0.20696670047916035
7909,4,0,0.652455748161628
7910,3,0,0.06038866605858735
7911,5,0,0.23075105616916178
7912,4,0,0.13541375969523406
7913,1,1,0.3139287114491707
7914,3,0,0.5587200037896356
7915,5,1,0.07653216279615034
7916,3,0,0.14069700773225371
7917,3,0,0.07142051513426026
7918,1,0,0.15971621710843403
7919,2,1,0.7465480169175961
7920,4,0,0.09167876856083335
7921,3,0,0.1784664175672642
7922,3,0,0.12123967136269387
7923,2,0,0.0940005239974815
7924,5,0,0.18958342258307298
7925,4,1,0.09191211793195914
7926,5,0,0.06947696131619356
7927,1,0,0.1575332485081004
7928,5,0,0.1203194272203786
7929,5,0,0.14746705150276587
7930,4,0,0.12760488626707922
7931,4,0,0.14468894802462173
7932,3,0,0.084702436750942
7933,4,0,0.17737322350655035
7934,4,0,0.3131711879212031
7935,4,0,0.10792011023294716
7936,1,0,0.16356454198422515
7937,3,0,0.05327962432368922
7938,5,1,0.7779215462586005
7939,4,0,0.14455739714343124
7940,4,1,0.7512893020363091
7941,3,0,0.1000500822122703
7942,2,1,0.4389396489784751
7943,4,0,0.12914084870730003
7944,5,1,0.7253691103967599
7945,2,1,0.17979938833378867
7946,3,0,0.07625455046889298
7947,2,1,0.6579373578337264
7948,2,1,0.22423659306414273
7949,3,0,0.4265978990677638
7950,4,1,0.7740596869228875
7951,2,0,0.36009262241337636
7952,5,0,0.043954863797564886
7953,2,0,0.17788229860372246
7954,1,0,0.16884603657288924
7955,1,1,0.41429533183217176
7956,2,0,0.0914905226783156
7957,3,1,0.4209953959184385
7958,4,0,0.0921034965395614
7959,1,1,0.8101867514110225
7960,5,1,0.09914231903191868
7961,3,0,0.17212995097846412
7962,4,0,0.4142932598610491
7963,2,0,0.1468504114476659
7964,4,0,0.17588786485493926
7965,5,0,0.3527645694588619
7966,1,0,0.10195355357771974
7967,4,0,0.1525705718170085
7968,3,0,0.09753274950986465
7969,2,0,0.08796844404185766
7970,2,1,0.11085644834142372
7971,2,0,0.10688005688783106
7972,5,1,0.09941859522532816
7973,4,0,0.14942679139224654
7974,5,0,0.14708075795601966
7975,2,0,0.08873310925275862
7976,2,0,0.09460054926101669
7977,4,1,0.7917052135440228
7978,1,1,0.09810978326419707
7979,2,0,0.09135337029422257
7980,4,0,0.1944162390884172
7981,3,1,0.10630152577724279
7982,4,0,0.1505572692125426
7983,4,0,0.1357780749264323
7984,3,1,0.30399986589142375
7985,5,0,0.06779513677978163
7986,2,0,0.099403321029309
7987,2,0,0.18686638536537917
7988,4,0,0.22093546663035135
7989,4,0,0.12901191075289312
7990,3,0,0.13875009466754287
7991,5,0,0.0823403341574905
7992,2,0,0.12321587572880814
7993,2,0,0.0980743713020294
7994,4,0,0.15600882677759537
7995,4,0,0.3709312263802345
7996,1,0,0.1602767037462762
7997,3,1,0.19450602829181912
7998,1,0,0.17223671720872197
7999,3,0,0.04859231728948476
8000,2,1,0.1982102000544607
8001,2,1,0.17316993354795235
8002,4,1,0.7921095520661141
8003,1,0,0.11962444592123832
8004,3,1,0.5179038133370613
8005,3,0,0.07512253000876662
8006,2,1,0.12866115758468707
8007,5,0,0.04189204346890325
8008,3,1,0.17008951393265426
8009,4,0,0.09067060585674855
8010,5,0,0.5035360436251926
8011,2,0,0.5457175644415131
8012,3,0,0.10708318238302429
8013,4,0,0.2820483145048866
8014,5,0,0.11956218312300015
8015,4,1,0.1628643884126225
8016,1,0,0.09741534181353943
8017,3,0,0.6161554475235697
8018,1,0,0.13858188311462563
8019,1,0,0.1599145941672872
8020,1,0,0.15093670061988307
8021,3,0,0.4347532758008129
8022,5,0,0.11970780687687588
8023,2,0,0.09072554557028292
8024,5,0,0.17496827775838544
8025,5,0,0.3896118850075349
8026,4,0,0.10274246988191395
8027,1,0,0.10761959864979678
8028,1,0,0.1474750637926702
8029,4,0,0.1503043078104383
8030,4,0,0.4048493705594407
8031,2,0,0.7083790985874178
8032,2,0,0.14682528967761402
8033,1,0,0.1655960726621093
8034,3,1,0.0912838121668426
8035,5,1,0.6518727795526595
8036,1,0,0.33632763006481864
8037,2,0,0.15452782975404755
8038,5,0,0.6935170892929297
8039,2,0,0.6527774381564244
8040,3,0,0.1422901280302073
8041,2,0,0.16141456222739176
8042,3,0,0.04771840679396155
8043,5,0,0.14697531911596756
8044,3,1,0.9409931613807011
8045,2,1,0.47175076702432783
8046,4,0,0.10074617560776444
8047,4,0,0.1381021964699071
8048,5,0,0.05066406451539446
8049,5,0,0.14354277488044986
8050,3,0,0.22514839454577487
8051,1,1,0.6843312996099055
8052,3,0,0.21808823074404535
8053,1,0,0.09588033809607188
8054,1,0,0.16113230890105917
8055,4,0,0.09165462587593906
8056,5,1,0.13546675846705097
8057,5,0,0.08233106721476016
8058,4,0,0.09589889913336556
8059,5,0,0.2032027879864087
8060,2,1,0.6538583856949461
8061,3,1,0.12913279076373924
8062,3,0,0.09165676175707689
8063,1,0,0.09777430727484551
8064,3,0,0.2208407648325978
8065,4,0,0.13027152197239106
8066,3,0,0.21571047450220412
8067,5,0,0.14265765475818287
8068,5,0,0.43311507626312373
8069,1,0,0.08607227994127964
8070,1,1,0.22857426268411085
8071,3,0,0.054615451124032814
8072,2,0,0.2750615168519851
8073,2,0,0.3742149557267493
8074,4,0,0.12240922976510228
8075,2,0,0.17318125795639025
8076,2,0,0.29692679465847005
8077,1,0,0.14777465508936727
8078,1,0,0.1403543909587942
8079,1,0,0.23943569032724182
8080,5,1,0.727265267486427
8081,4,0,0.15529367284154932
8082,1,1,0.1729278350125906
8083,4,0,0.08899235822359629
8084,3,0,0.14627330635862673
8085,4,0,0.11706444362641548
8086,3,0,0.11091936846690968
8087,3,0,0.05878964763633621
8088,5,0,0.04469044283496475
8089,1,0,0.08882470430590442
8090,2,0,0.10019728006494387
8091,5,0,0.06281450961808582
8092,5,1,0.3875864181733113
8093,1,0,0.15376402909463394
8094,5,0,0.026287089348178458
8095,5,0,0.37579232890942876
8096,2,0,0.08790853692625203
8097,4,0,0.09009128164605561
8098,1,0,0.30422639190769807
8099,3,0,0.07004115537684259
8100,1,0,0.24703809761277962
8101,5,0,0.3708603270574635
8102,3,1,0.18129270567800804
8103,3,0,0.2228709042484468
8104,5,0,0.1434672869553074
8105,1,0,0.15648751495423768
8106,2,0,0.08935376627414857
8107,3,0,0.10450684468555184
8108,5,0,0.029771979928147566
8109,4,0,0.09195928252751583
8110,4,0,0.10342282680080743
8111,1,0,0.08856752003885127
8112,4,0,0.22181832852788608
8113,4,0,0.12900748316280775
8114,3,1,0.0818068717621935
8115,1,0,0.14898398358502285
8116,1,0,0.2784429283430941
8117,4,1,0.1154804568290882
8118,1,0,0.21218214165403187
8119,1,0,0.08611568134957549
8120,5,0,0.20865608720061085
8121,4,0,0.2974650067172615
8122,3,0,0.2873317760264658
8123,4,0,0.13832441200753037
8124,3,0,0.15678604679085262
8125,1,0,0.14306290423747295
8126,4,0,0.14085772609136551
8127,4,0,0.5407968865675316
8128,4,0,0.14467801357683413
8129,5,1,0.6871525575523441
8130,1,0,0.2778722940116247
8131,4,0,0.10541371601232546
8132,1,0,0.08608841774147534
8133,5,0,0.09123485040013972
8134,3,0,0.11335043647019435
8135,3,1,0.7567171357598308
8136,3,0,0.12495386449976541
8137,1,0,0.08818603252535995
8138,4,1,0.6655083325094153
8139,5,0,0.09555831281487288
8140,2,0,0.12375688468703824
8141,5,1,0.1421597566829768
8142,4,1,0.09016708302428535
8143,3,0,0.16680238739653908
8144,1,1,0.13851248300333896
8145,1,0,0.13564761616158152
8146,2,0,0.10228236675462728
8147,5,1,0.6174829550347991
8148,4,0,0.10677789979227358
8149,4,0,0.08925434234475428
8150,4,1,0.41098771845623544
8151,5,1,0.05666706277147372
8152,3,1,0.47481420978410527
8153,1,0,0.10270770721057176
8154,2,0,0.15731989171232663
8155,1,0,0.17495467832712974
8156,5,0,0.13926167501768863
8157,5,0,0.07276934494921504
8158,2,0,0.13543533970934507
8159,2,0,0.09224408350778517
8160,2,0,0.0884467311034613
8161,5,1,0.07556314304499838
8162,5,0,0.05357966446348033
8163,3,0,0.13937454377370462
8164,1,0,0.14221594133438728
8165,1,0,0.5682797454482728
8166,5,1,0.10819925775503247
8167,2,0,0.15249676453758954
8168,5,0,0.07172190537869867
8169,4,0,0.30818535210067005
8170,5,0,0.07425660139618044
8171,4,0,0.1507362015999744
8172,5,0,0.07375847900821278
8173,1,0,0.2868414051471145
8174,4,0,0.0895828536728075
8175,5,0,0.2878106591341054
8176,5,0,0.046035162558322996
8177,5,1,0.20470147934315575
8178,2,0,0.18543018073112938
8179,3,0,0.08082706933901498
8180,5,1,0.4884836457025079
8181,2,0,0.228587669691908
8182,1,1,0.4161562755038277
8183,2,0,0.10506543816122155
8184,2,0,0.1394314197616287
8185,2,0,0.09677120959382908
8186,3,0,0.11460401157728527
8187,4,0,0.15235736931409494
8188,2,0,0.10390044188123569
8189,2,0,0.1307876110642668
8190,3,0,0.17989074877076763
8191,4,0,0.15806575718319857
8192,1,0,0.3597484738504899
8193,1,0,0.18679374833040502
8194,2,0,0.1164757415692235
8195,4,0,0.16661871336041165
8196,4,0,0.10579416687242457
8197,1,0,0.08521916119297242
8198,5,1,0.5735325646047973
8199,3,1,0.5682764745518896
8200,4,0,0.08989247357565883
8201,5,0,0.3916051783369095
8202,2,0,0.09063208719886971
8203,2,0,0.2184355425023487
8204,1,1,0.13227106479275186
8205,1,1,0.24648187509412733
8206,1,0,0.10286753493166322
8207,2,0,0.7556989815697066
8208,4,0,0.18598400306495114
8209,5,0,0.06688970891493048
8210,5,0,0.06459538125989467
8211,1,0,0.08665606992434757
8212,1,0,0.09963920230085445
8213,3,0,0.24109978601456047
8214,4,1,0.17371162726527478
8215,5,0,0.05622875091102443
8216,1,0,0.08715710753968813
8217,1,0,0.08710996383757495
8218,5,0,0.30134214596237685
8219,5,0,0.13681405749346268
8220,1,0,0.17648322773628686
8221,5,0,0.24515206677559678
8222,3,0,0.09805881875929916
8223,5,0,0.3078770724494304
8224,1,0,0.14426478361751813
8225,5,0,0.03080462606239875
8226,2,0,0.1489460827137734
8227,3,0,0.15224993631107067
8228,5,0,0.08139985701281215
8229,3,0,0.07756847932619337
8230,2,1,0.4865488393995325
8231,1,0,0.08798780931083959
8232,4,0,0.6607227500622752
8233,5,0,0.0424313636205716
8234,2,0,0.20753365514172645
8235,2,1,0.1079530857885933
8236,5,0,0.11569225129366993
8237,3,1,0.728202499489266
8238,4,0,0.13510253891340593
8239,4,0,0.13241284687445082
8240,1,0,0.13648344381303992
8241,5,0,0.06869532314300901
8242,5,0,0.10239126297515852
8243,4,1,0.1357733143082548
8244,2,0,0.13092566716705392
8245,1,0,0.4563700882324713
8246,2,0,0.10022147339162346
8247,2,0,0.15776267469894145
8248,5,1,0.44677670739179276
8249,3,0,0.16064893002596897
8250,5,0,0.05252674316259247
8251,1,0,0.169606744792528
8252,5,0,0.3926818723507569
8253,2,1,0.6840882784849626
8254,5,0,0.05455957137723025
8255,4,0,0.11491582941540071
8256,5,0,0.07057864508553445
8257,1,1,0.7421672582607111
8258,2,1,0.2214237601735977
8259,3,0,0.5752591351770697
8260,5,1,0.32908216934212925
8261,4,0,0.19679108633645725
8262,2,0,0.27617114396464115
8263,3,1,0.19005003202219514
8264,3,0,0.31085563812805306
8265,1,0,0.31158102006350336
8266,3,0,0.23597187008020368
8267,5,0,0.05091257910212558
8268,5,0,0.174042931719763
8269,1,0,0.13799179604966155
8270,2,0,0.13703643175998895
8271,3,1,0.3643653396208948
8272,5,0,0.20023645294237946
8273,5,1,0.21989204466569393
8274,1,0,0.10495002038749922
8275,3,0,0.5728394437917569
8276,2,1,0.1607020820126773
8277,3,0,0.4197630039526157
8278,2,0,0.09596787079213794
8279,1,1,0.6559732799948832
8280,1,1,0.7222851622187635
8281,2,0,0.10194731907727199
8282,1,0,0.2781468604414969
8283,3,0,0.11938144740799125
8284,2,0,0.42280450578478507
8285,5,0,0.19768999996257308
8286,1,1,0.7493877403026038
8287,2,0,0.18240660746778456
8288,5,0,0.1262040686116304
8289,1,0,0.28888253255078244
8290,5,0,0.11333884313936657
8291,3,0,0.13646735668479656
8292,4,0,0.13364009713181205
8293,3,0,0.17995937156143094
8294,5,0,0.10687425132600291
8295,3,0,0.3029759536794746
8296,4,0,0.1442846688453281
8297,4,0,0.10837450609694274
8298,3,0,0.26621721473513466
8299,2,1,0.15975524677317776
8300,4,0,0.08898630259514952
8301,5,0,0.07102906089119977
8302,4,0,0.3736901070746496
8303,2,0,0.08784849776399722
8304,4,0,0.10205929547916325
8305,3,1,0.7227740471990884
8306,3,0,0.08657350996838704
8307,1,0,0.10325010610458847
8308,5,1,0.26903236452124524
8309,3,1,0.16311720905830968
8310,4,1,0.4569890791836754
8311,3,0,0.13688899811975827
8312,2,0,0.16815438891866727
8313,5,0,0.04840514085202151
8314,4,0,0.13927720598782303
8315,5,0,0.38709453605803296
8316,2,1,0.7152666563782939
8317,5,0,0.6663600950991134
8318,4,0,0.08854701970406649
8319,5,1,0.7015103786739207
8320,5,0,0.10815340510485123
8321,4,1,0.6771765427897122
8322,3,0,0.29762882771317606
8323,4,0,0.09043065676710532
8324,2,0,0.09874200472063097
8325,1,0,0.3508353777424603
8326,1,0,0.086812433609979
8327,4,1,0.09449055798173275
8328,3,0,0.4228100698586134
8329,5,0,0.2442093670803343
8330,2,0,0.09278367107974404
8331,4,0,0.10073618498279022
8332,3,0,0.11877229985055586
8333,4,0,0.2171514607158369
8334,4,0,0.14765796035799006
8335,5,1,0.6584130102619805
8336,1,0,0.34228779549203875
8337,5,0,0.3088391610945546
8338,5,0,0.49200667872014114
8339,5,0,0.2931107947314842
8340,3,0,0.323370660852746
8341,1,0,0.15070319996689993
8342,5,1,0.41466228762504936
8343,2,0,0.1486947595640073
8344,5,0,0.09504241065578367
8345,4,0,0.17732396630925812
8346,4,0,0.13281256652963452
8347,5,0,0.12285253054651567
8348,3,0,0.0813601026356251
8349,4,0,0.22434258769907833
8350,3,0,0.18737247207749613
8351,5,0,0.1131762125505427
8352,5,0,0.1744296720899587
8353,1,0,0.12165705767973457
8354,2,0,0.3330290081302897
8355,4,1,0.1834102802722291
8356,5,0,0.15885135279852858
8357,3,0,0.1635284179132313
8358,5,0,0.12587314217006734
8359,2,0,0.18417496913744846
8360,2,0,0.08847676960724585
8361,2,1,0.16540510183182017
8362,1,1,0.21757174499160098
8363,4,0,0.1145656636227113
8364,2,0,0.11968323449917201
8365,1,0,0.17298117889451564
8366,1,1,0.19239352880388857
8367,3,0,0.12103214372401604
8368,2,0,0.14545946483717015
8369,3,1,0.7829664919932764
8370,2,0,0.09049735025667534
8371,2,0,0.10183352844626269
8372,1,0,0.5275689276912466
8373,5,1,0.36839655648094793
8374,5,0,0.10296068183411017
8375,3,0,0.15524708186429256
8376,4,0,0.08857269119500273
8377,4,0,0.1262119494473591
8378,5,0,0.10520128864486068
8379,1,0,0.44638811008251666
8380,5,1,0.3453787499688005
8381,1,0,0.1746248568907009
8382,3,0,0.21007167839436128
8383,1,0,0.13256580216925407
8384,1,0,0.08518470437315824
8385,1,1,0.0900620055047937
8386,5,0,0.14843841082519937
8387,2,0,0.2235149851593844
8388,3,0,0.13748784006514408
8389,4,0,0.12126155215203466
8390,5,1,0.7514857292214847
8391,2,0,0.30806497012751377
8392,1,0,0.09616294439046048
8393,2,1,0.189425142177241
8394,4,0,0.24694619562235814
8395,2,0,0.16863402282603787
8396,4,0,0.1298698257243721
8397,3,0,0.07573616903706477
8398,5,0,0.7112284034201543
8399,1,0,0.0851201506656927
8400,5,0,0.18675658176690985
8401,3,0,0.2318395702286264
8402,2,0,0.15175391483051334
8403,4,1,0.08979059782845679
8404,4,0,0.671114996497128
8405,3,0,0.1555545330362178
8406,1,0,0.1477565992817998
8407,1,0,0.21474516228635981
8408,5,1,0.5365650865291715
8409,1,0,0.13916638005594104
8410,1,0,0.1382986943390395
8411,3,0,0.298362226840218
8412,4,1,0.7431001653514757
8413,2,0,0.09045492302247644
8414,5,1,0.18550566706215119
8415,2,1,0.16072938832934996
8416,5,0,0.06223910049921199
8417,1,0,0.12169107707395317
8418,3,0,0.0894249478524984
8419,1,1,0.5131242395605407
8420,1,1,0.16182150497185532
8421,3,1,0.17742198369088852
8422,5,0,0.04665511883236653
8423,1,0,0.08724949940314411
8424,5,0,0.05394781627337391
8425,3,1,0.6652869884453022
8426,5,0,0.1287058663371943
8427,1,0,0.6762665515157724
8428,3,0,0.07531762192301533
8429,2,0,0.10008468210945938
8430,1,0,0.16984017594720682
8431,3,1,0.28584640674194545
8432,4,0,0.09906201361035254
8433,1,1,0.14685171004123687
8434,5,0,0.1107612686285732
8435,1,0,0.3592984668650232
8436,3,0,0.07611672935094603
8437,1,0,0.16811913065679157
8438,1,0,0.7040252116551787
8439,1,0,0.1706368867331339
8440,2,0,0.12646290796495385
8441,4,0,0.10505072524861576
8442,3,0,0.0668116075882255
8443,3,0,0.06354574216700012
8444,3,0,0.2855373499708912
8445,5,0,0.26904538530463207
8446,3,0,0.053504373723842646
8447,2,0,0.09697919854768498
8448,1,0,0.697615309740931
8449,5,0,0.19984900438763353
8450,1,0,0.12061992226530399
8451,2,1,0.3788817228278468
8452,1,0,0.15938242177417944
8453,1,0,0.08965590066806683
8454,5,1,0.17566946065343916
8455,4,1,0.6890658588107755
8456,5,0,0.07612536324184375
8457,3,0,0.15920077532102625
8458,1,1,0.4972794372028209
8459,1,0,0.24694322151779313
8460,2,1,0.10103777903976088
8461,3,0,0.05874437966836689
8462,2,0,0.541676701319153
8463,3,0,0.08248385955899804
8464,5,0,0.20858173662393287
8465,4,0,0.2038687255502634
8466,4,0,0.1314825941177133
8467,2,0,0.08893332598321757
8468,4,0,0.18227889636217312
8469,3,0,0.6223003916337834
8470,1,0,0.19715932429881705
8471,4,0,0.7675650512923359
8472,2,0,0.2350738613902981
8473,5,1,0.4664330936488694
8474,3,0,0.06637791461261358
8475,2,0,0.08890961134306594
8476,1,0,0.10709163545057829
8477,3,0,0.10726448998930072
8478,4,0,0.08931262702429789
8479,5,1,0.7059099477071825
8480,3,0,0.3098121361935876
8481,5,0,0.222352329325077
8482,5,0,0.36015400720458063
8483,4,0,0.11445974976925943
8484,4,0,0.09207694832313389
8485,2,0,0.10126727661864546
8486,3,0,0.7743084321165302
8487,2,0,0.08866073413182363
8488,1,1,0.19195111958107328
8489,5,0,0.1501399842882982
8490,1,0,0.09981388541812415
8491,4,0,0.09513485528701493
8492,5,0,0.19497996132080544
8493,2,0,0.08888236845158012
8494,5,0,0.06797016373680521
8495,4,0,0.14298088468328496
8496,2,0,0.15899445580027696
8497,3,0,0.16763474520788582
8498,1,0,0.1904767857813296
8499,4,1,0.17021640159797585
8500,4,0,0.09803524358776555
8501,2,1,0.2128237755715707
8502,4,0,0.10249877869043278
8503,5,1,0.6728664760841744
8504,2,0,0.10185704133946913
8505,5,0,0.06400844022885561
8506,5,1,0.40241734016620184
8507,1,0,0.10431907111209104
8508,2,0,0.18042037785938736
8509,5,0,0.18185889584954296
8510,4,0,0.08997846214758021
8511,5,0,0.045508498283964416
8512,3,1,0.727479878959192
8513,5,0,0.1317420211986951
8514,2,1,0.4058417019328994
8515,1,0,0.37914204986077377
8516,1,0,0.2612916189447763
8517,1,0,0.11324695265882181
8518,4,0,0.12988705093688302
8519,5,0,0.2127064321587411
8520,4,0,0.10369055070590186
8521,1,0,0.15760921541644063
8522,4,1,0.2280770773066764
8523,1,0,0.086576845135345
8524,4,1,0.702538256746799
8525,2,0,0.0888902567034613
8526,3,0,0.17563856242587106
8527,2,0,0.09343015413572413
8528,1,0,0.1458353619795659
8529,5,0,0.4435308577616057
8530,5,0,0.08182247268849359
8531,1,0,0.129884959185659
8532,2,0,0.09442543457229681
8533,1,0,0.1737476062617521
8534,2,0,0.5060522715686249
8535,4,0,0.25204035643579065
8536,4,1,0.2681890480541676
8537,1,0,0.24909119545845235
8538,5,0,0.1979548931774686
8539,3,0,0.14126354389938656
8540,3,0,0.1180596914258375
8541,1,0,0.2778722940116247
8542,2,0,0.28702012242087865
8543,2,0,0.08877716949158493
8544,4,1,0.22956730738470657
8545,4,0,0.27061351170355713
8546,5,0,0.0644943869458362
8547,4,0,0.09552205906899788
8548,2,0,0.23067659044876349
8549,5,0,0.24576886660492173
8550,3,0,0.11100831633239312
8551,4,0,0.08932030804860089
8552,4,0,0.11422436159276117
8553,1,0,0.10707953431587883
8554,4,0,0.13594836441333666
8555,3,0,0.1718269026450701
8556,3,1,0.17864322071504218
8557,4,0,0.1632870381355062
8558,5,0,0.15467446907906438
8559,5,0,0.10750971273844755
8560,2,0,0.20092187033859576
8561,1,1,0.1479263356942931
8562,4,0,0.20795205997339825
8563,4,0,0.7756860469395548
8564,2,0,0.7390618771487457
8565,2,0,0.2814066232568609
8566,3,0,0.17963117539593373
8567,5,1,0.21890884580630152
8568,4,1,0.1907172513625585
8569,2,0,0.15367638315103677
8570,3,0,0.046606272515744805
8571,2,0,0.1032991197691827
8572,2,0,0.13661849448121605
8573,1,0,0.18020335597060766
8574,4,0,0.28396838201008884
8575,5,0,0.06454343834282633
8576,2,0,0.08790840487960286
8577,1,0,0.09980559074086463
8578,3,1,0.7259267053087153
8579,4,0,0.10827558669101123
8580,2,0,0.08824718273313578
8581,4,0,0.6542768028088499
8582,2,0,0.08830119312957177
8583,4,0,0.12860629854160813
8584,4,1,0.17878599542106247
8585,4,0,0.12507130199815955
8586,3,0,0.43495905091730125
8587,1,0,0.11593075915175267
8588,2,0,0.4181926765788438
8589,1,1,0.6823372398985459
8590,4,1,0.6903044483371157
8591,1,0,0.09147788539265504
8592,5,0,0.3270408673643328
8593,3,0,0.06340465176322747
8594,2,0,0.10512880121309577
8595,1,0,0.20418181593951534
8596,3,0,0.056565934537502485
8597,5,0,0.21499241969398541
8598,2,0,0.10353937269978152
8599,3,0,0.08235279828740348
8600,2,0,0.09128474535259679
8601,4,0,0.203958040886481
8602,1,1,0.1319651537304954
8603,2,0,0.09523365802872856
8604,4,1,0.5100288658778185
8605,1,0,0.27076307250054044
8606,5,1,0.7467306750110941
8607,2,0,0.22465134815145255
8608,3,0,0.08285992588113902
8609,1,0,0.2115242930131822
8610,3,0,0.7470704567339749
8611,2,0,0.08830119312957177
8612,5,0,0.1719455949032718
8613,4,0,0.09850332439275017
8614,4,0,0.09210721056551759
8615,5,0,0.14684532189996263
8616,3,0,0.21957425536766714
8617,4,0,0.09292052203631851
8618,5,0,0.22659538364647325
8619,5,0,0.1718649546662369
8620,1,0,0.18554949286791145
8621,4,0,0.1050102309707296
8622,1,0,0.13717732022220192
8623,1,0,0.08651566883454453
8624,5,0,0.07992773992483977
8625,4,0,0.2156662796479091
8626,3,1,0.8217574501809808
8627,4,1,0.12673394566469925
8628,3,0,0.2507157929557958
8629,1,0,0.2291489795786382
8630,5,0,0.1708030513097292
8631,2,0,0.09661462551564323
8632,3,0,0.3428366852603063
8633,2,0,0.17288169282064478
8634,5,0,0.07849591294783409
8635,3,0,0.11432487774942113
8636,5,0,0.5883449723582517
8637,2,0,0.12541346418064514
8638,3,0,0.3511356494473029
8639,5,0,0.14898072309292723
8640,5,1,0.46699841289084665
8641,5,0,0.07720277829983246
8642,1,0,0.19904942004284618
8643,3,1,0.23448089140332642
8644,2,0,0.21373190590051788
8645,2,0,0.17953240347787322
8646,5,0,0.055645881458058724
8647,4,1,0.7733879746123788
8648,3,0,0.07968336335488485
8649,3,1,0.7508898566083538
8650,3,1,0.15739159821123322
8651,5,1,0.18388320786184598
8652,3,0,0.14802558294307702
8653,3,0,0.12182426249193136
8654,1,0,0.16219756649064188
8655,5,0,0.21065726915449234
8656,5,1,0.40152594217997695
8657,2,0,0.09333172953970045
8658,3,1,0.14907845184279175
8659,1,0,0.0851991147266879
8660,5,0,0.05004545585219116
8661,1,0,0.09939005991009155
8662,5,0,0.30456612458419025
8663,1,1,0.211891255166127
8664,1,0,0.09007792598542337
8665,2,0,0.4495998121785419
8666,5,0,0.06298329256802951
8667,5,0,0.13547955688798113
8668,5,0,0.20703956275596955
8669,1,0,0.1541309175504686
8670,3,0,0.06385909500173378
8671,1,0,0.08662443439598833
8672,3,0,0.2928633490373343
8673,1,0,0.16138769973689504
8674,2,0,0.1378372098433045
8675,1,0,0.2597149611009418
8676,2,0,0.46383674423356064
8677,5,0,0.10381848142866663
8678,3,0,0.2819758118831864
8679,4,0,0.08992070187210453
8680,4,1,0.46755042170368866
8681,5,0,0.1122714116721773
8682,3,0,0.1196499237902557
8683,1,1,0.6776464717186962
8684,3,1,0.6420462842346009
8685,1,0,0.09760586361975274
8686,2,0,0.13463866295460677
8687,2,0,0.13589131547680078
8688,4,0,0.18712644987680643
8689,4,0,0.096120690078167
8690,4,0,0.16949714534877824
8691,3,0,0.16835504809548774
8692,2,0,0.0880613086060982
8693,1,1,0.5599455350469235
8694,4,0,0.14661133115415825
8695,5,0,0.09720953982031015
8696,5,0,0.34862018461159305
8697,1,0,0.7416550852495309
8698,5,0,0.3971447766465322
8699,3,0,0.23907205011896543
8700,1,0,0.5510330226161438
8701,1,0,0.10322163151735245
8702,3,1,0.6874637100452444
8703,2,0,0.1191077780708559
8704,2,0,0.1642988450794699
8705,2,0,0.09103514801297252
8706,4,1,0.3468208279133829
8707,2,0,0.10160277233612637
8708,2,0,0.12886335107012972
8709,2,0,0.15246216642851215
8710,5,0,0.04724198995699493
8711,4,0,0.09853702593635258
8712,4,1,0.10094427026572
8713,4,0,0.10716331379338467
8714,1,0,0.20648666962985962
8715,1,0,0.08604849355007625
8716,1,0,0.7650606206044324
8717,1,0,0.20752155466863748
8718,5,1,0.7200572432704054
8719,1,0,0.08839698075935526
8720,4,0,0.12646729814687227
8721,1,0,0.08929140019303004
8722,1,0,0.1642497320615438
8723,1,0,0.1298721387680622
8724,3,0,0.0737587843879943
8725,3,0,0.13364084486859917
8726,3,0,0.10437286740722485
8727,2,0,0.1029087024523512
8728,5,0,0.05697701691205103
8729,5,0,0.3670146129829872
8730,4,0,0.11517488596788499
8731,4,0,0.09621721210744594
8732,3,0,0.1592090348198958
8733,4,0,0.1337778170151351
8734,3,0,0.10030004442447966
8735,3,0,0.14681371209762112
8736,3,1,0.7662144163101179
8737,5,0,0.054987632247261095
8738,4,0,0.1505717304324874
8739,3,1,0.5628199929057296
8740,2,0,0.27594017056157855
8741,3,0,0.07819746692431734
8742,4,0,0.08981628560181504
8743,4,0,0.15503695579950863
8744,4,1,0.6929018565583345
8745,1,0,0.08619144156535774
8746,3,0,0.31288530397525094
8747,3,0,0.46178136744811715
8748,2,0,0.08826311592463423
8749,3,0,0.11428293361975607
8750,5,0,0.1352294779809309
8751,2,0,0.09779210682841499
8752,2,0,0.1210766544769043
8753,2,0,0.09877977433025038
8754,1,1,0.16147296747696674
8755,1,0,0.08714121784614866
8756,1,0,0.1614296611717842
8757,5,0,0.12775137866583777
8758,3,0,0.21012371896398954
8759,3,0,0.1201513765197536
8760,5,0,0.05557901824325584
8761,4,0,0.15453412147443232
8762,5,0,0.1641433752511167
8763,4,1,0.1632959389067139
8764,1,0,0.09514332439437562
8765,1,0,0.176961052374232
8766,4,0,0.10637557554788271
8767,3,1,0.6423001301794686
8768,2,0,0.16794903842718995
8769,2,0,0.0916525025740669
8770,4,0,0.09057638731873255
8771,2,0,0.2089591747285111
8772,3,0,0.07185391980458274
8773,3,0,0.1207154707121719
8774,3,0,0.1940285529577851
8775,3,0,0.06313674636707498
8776,4,1,0.4831261621943777
8777,3,0,0.0881486570231853
8778,1,0,0.16054342917153563
8779,4,1,0.15192720062071374
8780,2,1,0.7473568345880436
8781,4,0,0.15710887024325007
8782,1,0,0.20682783727379048
8783,1,0,0.19367722930730014
8784,5,0,0.253660153250366
8785,5,0,0.8086428047396924
8786,1,0,0.15093035949783318
8787,4,0,0.2041184964624888
8788,2,0,0.18578288388699257
8789,5,0,0.19831556361853706
8790,4,0,0.14737568643541618
8791,4,0,0.7182977845973064
8792,1,0,0.08643220074922854
8793,3,0,0.11670294849987359
8794,1,1,0.7928360022663629
8795,4,0,0.15302117954068647
8796,1,1,0.7016830581908045
8797,5,0,0.4148684665992105
8798,4,0,0.10217993073413562
8799,4,0,0.6190694717925129
8800,5,0,0.32866563942686366
8801,4,0,0.15619574460702682
8802,4,1,0.21335475141332366
8803,1,0,0.08584592764277671
8804,2,0,0.09687907796314191
8805,1,0,0.09916682090791747
8806,3,0,0.08858079198382036
8807,5,0,0.09261746746801902
8808,3,0,0.18423464786918026
8809,2,0,0.4124680849282896
8810,3,1,0.18172510401344788
8811,3,0,0.12352281688714221
8812,2,0,0.34048351516688785
8813,1,0,0.090246644262015
8814,2,0,0.08922733484159916
8815,3,0,0.05522422323220202
8816,5,0,0.14087592002911004
8817,5,1,0.17988815512477013
8818,5,0,0.28088790505595235
8819,1,0,0.1479056178372417
8820,4,1,0.6838866347229227
8821,4,0,0.1560980332039685
8822,1,0,0.10303815527804405
8823,3,0,0.06734767068805352
8824,3,1,0.09882015300432302
8825,5,0,0.35386183439561564
8826,5,0,0.10868619246480395
8827,2,0,0.2254476150118489
8828,2,1,0.14112297825549652
8829,2,1,0.10018597208996388
8830,3,0,0.11060055595199589
8831,3,0,0.0735488358246649
8832,2,0,0.11079118490429048
8833,4,0,0.1934163943735574
8834,2,0,0.09536965150729541
8835,5,0,0.027661944911924887
8836,2,0,0.15480091591961184
8837,5,0,0.1417855783872375
8838,1,0,0.08789133524037318
8839,2,0,0.08941669764220139
8840,5,1,0.7469186002238675
8841,1,1,0.7187002630346266
8842,2,1,0.26822684443936645
8843,5,0,0.7563109220566537
8844,5,1,0.21318788326609425
8845,5,1,0.2781283288310091
8846,2,0,0.1770484487715173
8847,1,0,0.18007055929022212
8848,4,0,0.5833792413835235
8849,2,0,0.10944182437267594
8850,4,1,0.38512630313984103
8851,2,0,0.13575093249597067
8852,5,0,0.05267492847655443
8853,2,1,0.1772724761647227
8854,3,0,0.0868698235447466
8855,4,0,0.15130738791567697
8856,3,0,0.14121256484547093
8857,1,0,0.24648187509412733
8858,5,0,0.3591549253568543
8859,4,0,0.11569751009816372
8860,5,0,0.6675184364408222
8861,1,0,0.15077726431816835
8862,5,0,0.10751751942896116
8863,2,1,0.5126388363571577
8864,1,0,0.23822037569103843
8865,1,0,0.6206798079443427
8866,5,0,0.29486283150075526
8867,1,1,0.8108576310212329
8868,2,0,0.10430174762911039
8869,5,1,0.6061926763592301
8870,3,0,0.1448348384340629
8871,5,0,0.09221262510249505
8872,3,1,0.25578103612492586
8873,5,0,0.05904986167041463
8874,3,0,0.2620979012991852
8875,4,1,0.15618859038252378
8876,2,0,0.16306325100829105
8877,2,0,0.08964805476286644
8878,2,0,0.18679830760174942
8879,5,1,0.26187713099657983
8880,5,0,0.3777090734969831
8881,1,0,0.15002565780967347
8882,3,0,0.09405481106541039
8883,5,0,0.1700882337413043
8884,1,1,0.3716302404992671
8885,4,0,0.14247665430400253
8886,5,0,0.07734411528771089
8887,1,1,0.7663473445593776
8888,4,0,0.08993036918759441
8889,1,1,0.7607399204666743
8890,4,1,0.5553752267445282
8891,1,1,0.7056411713550601
8892,3,0,0.14156601108208078
8893,3,1,0.2633782029938354
8894,1,0,0.11842697858009849
8895,2,1,0.7248590266021369
8896,3,0,0.12252437513403791
8897,2,0,0.08989261165941703
8898,2,0,0.24692592479630268
8899,4,0,0.14112542062567565
8900,5,0,0.13750070565832315
8901,4,0,0.10600353929534975
8902,4,0,0.09007413460827483
8903,4,0,0.08879625324311428
8904,4,0,0.14435283855559736
8905,1,1,0.2784429283430941
8906,4,1,0.10538824945665948
8907,5,0,0.11434543280462423
8908,2,0,0.25026557159280827
8909,1,0,0.09664520779189864
8910,5,0,0.09419216354242375
8911,4,0,0.08984227624368385
8912,4,1,0.6795636119340598
8913,2,1,0.41076786185626407
8914,2,0,0.08799767067913579
8915,5,0,0.18479614661735047
8916,5,1,0.7100121915477204
8917,4,1,0.6960662161091763
8918,3,0,0.0773907347789824
8919,3,1,0.24163568752510856
8920,5,0,0.14297914565876976
8921,2,1,0.15664422601148814
8922,3,1,0.3830229819491466
8923,2,0,0.17874624342482762
8924,5,0,0.13205347681427906
8925,5,0,0.13922365002313536
8926,1,1,0.2012158590682776
8927,5,1,0.5988540603071965
8928,1,0,0.1651654321164038
8929,4,0,0.0902109582847597
8930,4,0,0.09193365115690035
8931,4,0,0.13432979439704393
8932,1,1,0.24314029615978341
8933,3,0,0.16345984011874398
8934,2,0,0.08830119312957177
8935,5,1,0.7857502804160132
8936,4,0,0.10713855246495417
8937,2,1,0.2782895258234639
8938,3,0,0.4056958470753374
8939,3,0,0.1003104187883629
8940,3,0,0.2533554823788376
8941,3,0,0.1128096320514033
8942,4,0,0.09029224603212309
8943,3,1,0.6778298700681493
8944,4,1,0.5245370101519243
8945,3,0,0.12916220131681064
8946,1,0,0.11460502521547689
8947,5,0,0.18220927464321787
8948,4,0,0.22734139657482946
8949,4,0,0.1368475865440282
8950,3,0,0.13438865920732215
8951,3,1,0.18621724539532544
8952,3,0,0.15554642647417355
8953,5,0,0.09423281739890298
8954,3,0,0.2213612579497051
8955,5,1,0.5369190099606505
8956,4,0,0.10213925951942042
8957,2,0,0.08870345777652008
8958,1,0,0.15556741513546793
8959,5,0,0.05905793091587038
8960,4,0,0.16295165825503324
8961,3,0,0.18257914546093298
8962,2,1,0.8099738777001596
8963,2,0,0.08828329300600771
8964,3,0,0.18881378307324992
8965,4,0,0.27045209761995376
8966,4,1,0.5420495381180339
8967,4,0,0.4474677989864687
8968,1,0,0.16366906203992276
8969,1,1,0.7480898811941817
8970,1,0,0.08555047441337804
8971,2,0,0.18159883236701463
8972,1,1,0.5252373077118644
8973,4,0,0.11160439739354557
8974,5,1,0.6993885789045328
8975,4,0,0.08999677636751928
8976,2,0,0.12795615363739107
8977,5,0,0.533204590819597
8978,2,0,0.3418041260801422
8979,4,0,0.22651636932950253
8980,3,0,0.059814905830781244
8981,2,0,0.09882416795615649
8982,1,0,0.11537560979004494
8983,2,0,0.383633427297548
8984,3,0,0.13078050226677262
8985,5,0,0.09007868511852282
8986,1,0,0.31115298636670635
8987,1,0,0.13922171719789264
8988,2,0,0.08804851348742931
8989,3,0,0.3027703568065102
8990,2,0,0.16005050105974844
8991,5,1,0.09200668723422122
8992,1,0,0.7041331219021197
8993,2,0,0.2530529459497503
8994,4,0,0.09887280540340229
8995,4,0,0.1286296068714347
8996,1,0,0.4290495346496395
8997,2,0,0.18585474493105478
8998,1,1,0.13710904569938717
8999,3,0,0.139194190389139
9000,2,1,0.3807544053258743
9001,3,1,0.3062705626838323
9002,2,0,0.12592604796143306
9003,3,0,0.16902631040549337
9004,5,0,0.0801906028565946
9005,1,0,0.08761271586063592
9006,4,0,0.16573272943026954
9007,5,0,0.09344565861922047
9008,1,0,0.7179933320571308
9009,5,1,0.20208164212380436
9010,1,1,0.6516367789995422
9011,1,0,0.2564693862179507
9012,3,0,0.16335968312583685
9013,2,0,0.7286942340107605
9014,3,0,0.5391328140862822
9015,1,1,0.13046155067340245
9016,1,0,0.38772056730465415
9017,3,0,0.07794428426366774
9018,5,0,0.09780364179451334
9019,5,1,0.6511154280002153
9020,3,1,0.3508996599357211
9021,5,0,0.33066089371273266
9022,3,1,0.4407197867810616
9023,3,0,0.20743242547527038
9024,4,0,0.1484982322595957
9025,2,0,0.08905602554778316
9026,3,0,0.08493782690288798
9027,3,0,0.3966574410037782
9028,1,0,0.0851991147266879
9029,3,0,0.09693530534599383
9030,2,0,0.09250454105595023
9031,1,1,0.08606290390360587
9032,4,0,0.13116368445231777
9033,4,0,0.7297890438633405
9034,4,0,0.1166141176032646
9035,3,0,0.15116718441651766
9036,2,0,0.08850151720087936
9037,5,1,0.6395047919355813
9038,3,0,0.09647190659504995
9039,2,0,0.24084415580083904
9040,3,0,0.1341669248733642
9041,2,0,0.17938014449278686
9042,5,0,0.10049373417686447
9043,3,1,0.20125794174744185
9044,4,0,0.16436598262151444
9045,1,0,0.09676516052668943
9046,4,0,0.6098280301024943
9047,4,0,0.1552857502974911
9048,5,0,0.27726773107613867
9049,2,0,0.09028474106267101
9050,2,0,0.1459257548967742
9051,4,0,0.20419032248184157
9052,2,0,0.15970176755474036
9053,5,0,0.09292574931485542
9054,4,0,0.16332755228300483
9055,3,0,0.06290287155258703
9056,3,0,0.06613143556458453
9057,2,0,0.14847466785677813
9058,5,0,0.12577651593547307
9059,4,0,0.09059516032040284
9060,5,0,0.1308689280037748
9061,5,1,0.05139039994508903
9062,3,1,0.7238457543008433
9063,5,0,0.14218444831713953
9064,1,0,0.18344830629010755
9065,1,0,0.4077252980953546
9066,4,1,0.1589548250236177
9067,2,0,0.10164008759755289
9068,4,1,0.22839895878100575
9069,5,0,0.045485283471768695
9070,2,0,0.15895208567151814
9071,2,0,0.2939714328560234
9072,3,1,0.1460685831991064
9073,5,0,0.028788916417421994
9074,1,0,0.08639776625466952
9075,2,0,0.08841750446618317
9076,5,0,0.047014147543149594
9077,4,0,0.16241177236735624
9078,2,0,0.10349563736744437
9079,4,0,0.3108008917104542
9080,2,1,0.1479752147171797
9081,4,0,0.1075772748156652
9082,4,0,0.10642495670955038
9083,2,1,0.7487562451280965
9084,5,0,0.18823640842441158
9085,4,0,0.3489198900863204
9086,3,0,0.5552944789310584
9087,5,1,0.1444580289129376
9088,1,1,0.6949070554569837
9089,4,0,0.5306187232808974
9090,5,0,0.026164908251295502
9091,4,0,0.0896820270480188
9092,4,1,0.7220839761729996
9093,3,0,0.7154015775112231
9094,3,0,0.13539240383049858
9095,4,1,0.2538653977297542
9096,5,0,0.16881588017523522
9097,4,0,0.1769556216652448
9098,1,0,0.0939469076547867
9099,2,1,0.16440947585358018
9100,1,0,0.11462633299564763
9101,1,0,0.12069149258926021
9102,5,1,0.6635387313040703
9103,1,0,0.08710295627970621
9104,1,0,0.3509351569856484
9105,4,0,0.17879593952598588
9106,1,0,0.22464838668302947
9107,2,0,0.19019604713831814
9108,2,0,0.08796844404185766
9109,3,0,0.16515406226537852
9110,2,0,0.16370780174683017
9111,5,0,0.37898496037469964
9112,1,0,0.12266280915004436
9113,1,1,0.7500894759658358
9114,3,0,0.0842375346945212
9115,5,0,0.7439054811794468
9116,5,0,0.40297595207337367
9117,5,0,0.16891291341534084
9118,2,0,0.2630927256315602
9119,4,0,0.2012430571793632
9120,4,0,0.23034607871524684
9121,5,0,0.11224394944546688
9122,4,0,0.1431372364089453
9123,1,1,0.08584503785064251
9124,1,0,0.12402358122919477
9125,1,0,0.1456356534602532
9126,1,0,0.13004055311576948
9127,2,0,0.08884032937232784
9128,2,0,0.08784849776399722
9129,1,0,0.09736938631816044
9130,2,1,0.6896647592579054
9131,5,1,0.2638088729358602
9132,3,0,0.07366569801747438
9133,5,0,0.07584443888643465
9134,5,0,0.056318753827221464
9135,4,0,0.0887718485459954
9136,2,1,0.3000134291011614
9137,1,1,0.70168600694488
9138,5,0,0.09351786931571354
9139,2,0,0.26320760021798423
9140,5,0,0.15461023320951464
9141,2,0,0.09943366138217431
9142,5,1,0.17686578121629998
9143,1,0,0.09501526497505572
9144,2,0,0.13677200144328697
9145,2,1,0.41267738721776864
9146,5,0,0.10615878901475286
9147,3,1,0.14783719149864485
9148,1,0,0.08585765240523696
9149,3,0,0.3489748983956845
9150,2,0,0.12960019691322064
9151,3,0,0.24248591745640538
9152,2,0,0.20106062170621794
9153,4,1,0.6633038613498784
9154,3,0,0.06954087195738072
9155,3,0,0.05137583577105605
9156,1,0,0.1013932986331082
9157,3,0,0.06114762940099458
9158,3,1,0.1460668640381315
9159,1,1,0.12736077377503247
9160,4,0,0.08974826524567224
9161,2,0,0.08792305395154933
9162,1,0,0.0891050019709215
9163,2,1,0.6867802645705795
9164,4,1,0.13511332327855988
9165,1,0,0.21281179400657316
9166,4,1,0.1692893740197695
9167,4,1,0.12627519450672756
9168,5,0,0.054580543621666595
9169,2,0,0.09320307913766687
9170,3,0,0.1078997615231165
9171,2,0,0.24442690856607308
9172,2,0,0.48050286449501484
9173,4,0,0.09627749880003704
9174,2,0,0.14051876916601225
9175,5,0,0.08308309904844195
9176,5,0,0.13962168657012444
9177,5,0,0.08450209844237759
9178,5,1,0.2703375858590446
9179,2,1,0.6805477402672716
9180,1,0,0.11135256895205704
9181,3,0,0.09064619811158078
9182,3,1,0.2392185436226549
9183,2,1,0.09872517950619376
9184,3,1,0.18520190987166749
9185,1,0,0.09665222086164806
9186,5,0,0.19479987450874423
9187,2,1,0.3369629780422968
9188,3,0,0.4797613223267063
9189,2,1,0.7054006758710708
9190,5,0,0.18850073194226563
9191,3,0,0.20990679549056102
9192,1,0,0.08858281725439944
9193,1,0,0.4087466036833415
9194,3,0,0.05532471465973847
9195,3,0,0.4313825479274782
9196,1,0,0.12237860837401746
9197,1,0,0.16421546799977613
9198,5,0,0.12580103888126165
9199,2,0,0.12871019505460704
9200,2,0,0.15429535986760365
9201,2,0,0.21347535970669035
9202,3,1,0.09320648678029829
9203,3,0,0.08003512215866439
9204,1,0,0.1711000696812498
9205,4,1,0.6742400244353296
9206,3,1,0.28389733440332554
9207,2,0,0.09014775823703357
9208,3,0,0.07666577641412226
9209,1,0,0.08755490409881043
9210,2,1,0.7381885270129919
9211,4,0,0.27244346217387716
9212,1,0,0.14832965624742903
9213,3,0,0.12795695676910432
9214,4,1,0.46402232036591157
9215,4,0,0.2596765321316589
9216,5,0,0.3201882984109275
9217,5,0,0.3259762098634461
9218,2,1,0.2788047214358932
9219,2,1,0.6975244874749882
9220,1,0,0.09730981781471519
9221,4,0,0.10099295243526049
9222,1,0,0.09634077837183104
9223,4,0,0.12946617257019427
9224,2,0,0.09470449342333746
9225,5,0,0.04618472035268387
9226,1,0,0.19784277652619156
9227,3,1,0.4651887956631605
9228,2,0,0.16286152311952545
9229,1,0,0.1779681160002473
9230,1,0,0.12908076961821713
9231,4,1,0.21911815811456314
9232,2,1,0.09063867601632071
9233,3,1,0.839586349079469
9234,3,1,0.14219757184990814
9235,4,0,0.3075008632790732
9236,3,1,0.7967884703731568
9237,2,0,0.13801890772607595
9238,4,1,0.18784139456806145
9239,3,0,0.06500693330434645
9240,2,0,0.2805494115010785
9241,5,0,0.5224729115286839
9242,4,0,0.23375686145341232
9243,4,1,0.4341271633777834
9244,2,0,0.13021060131641382
9245,5,0,0.10714725684685412
9246,2,0,0.12841109678785229
9247,4,1,0.5069826190300116
9248,2,0,0.09045527980357222
9249,4,0,0.2425135076083618
9250,1,0,0.10848360616126865
9251,3,1,0.7061286574592636
9252,2,0,0.1343966013593812
9253,1,0,0.09889069870843599
9254,3,0,0.7215816599323103
9255,4,1,0.12213937564822225
9256,5,0,0.07272342613315189
9257,2,1,0.08867428972554502
9258,4,0,0.10173771831096552
9259,3,0,0.4672628684979705
9260,4,0,0.17418026645088433
9261,1,0,0.13026971339855972
9262,4,1,0.19093557028086253
9263,2,0,0.0909443982882081
9264,5,0,0.759147250302685
9265,4,0,0.10414542557629805
9266,4,0,0.14765309986221048
9267,3,0,0.13987880485092175
9268,2,0,0.17161696656246042
9269,4,0,0.11854531852143901
9270,1,0,0.14632044483159784
9271,1,0,0.1035198885310262
9272,4,1,0.3614264637245648
9273,1,0,0.15341477890843067
9274,2,0,0.5604950792735055
9275,2,0,0.2674026168566121
9276,3,0,0.14445388823682012
9277,1,0,0.15801485025789333
9278,1,1,0.539073816987923
9279,3,1,0.319657743980422
9280,5,0,0.41523525817826207
9281,4,0,0.20412107053831033
9282,1,1,0.6892154960522447
9283,4,0,0.15458747265482337
9284,3,0,0.07756132899928919
9285,2,0,0.16024202999994544
9286,3,0,0.09190557636777548
9287,3,0,0.16070842130121432
9288,1,0,0.08639405514887773
9289,3,0,0.12019972707597673
9290,2,0,0.1593705823556299
9291,5,1,0.3664617126040715
9292,4,0,0.13837359333323168
9293,2,0,0.08866878469079637
9294,5,0,0.10144967555626355
9295,2,0,0.13210572387370118
9296,2,1,0.12235598196757465
9297,5,0,0.6765245017076233
9298,5,0,0.20073473676974823
9299,2,0,0.103335093671666
9300,1,1,0.08600807521438347
9301,4,0,0.11279715198218292
9302,4,0,0.13155946756438452
9303,4,1,0.1443582986326582
9304,5,0,0.37656560110111914
9305,2,0,0.269221475366999
9306,4,1,0.7227505198048813
9307,3,0,0.14091489403728547
9308,4,1,0.10599219570757493
9309,5,0,0.15573635064094335
9310,3,1,0.36361459355923376
9311,1,0,0.09375005855149383
9312,1,1,0.7858523061324054
9313,1,0,0.12316220949768218
9314,5,0,0.02855796092431474
9315,1,0,0.16370277408013612
9316,5,1,0.10582824830649061
9317,3,1,0.36936268416188955
9318,2,0,0.20133690682969083
9319,4,0,0.09932762380398247
9320,3,0,0.1756370500057597
9321,3,0,0.05373885760596274
9322,1,1,0.18468869125314677
9323,1,0,0.15025949280380302
9324,1,0,0.19611073700785617
9325,3,0,0.09129177187315232
9326,2,1,0.7068654337117849
9327,5,0,0.22695633365853624
9328,1,0,0.09404594715711352
9329,3,1,0.8392240801143535
9330,3,1,0.20979699093555867
9331,1,0,0.1549552668954614
9332,3,0,0.15067605248217147
9333,2,1,0.6824507308068887
9334,3,0,0.05633671738553913
9335,2,0,0.3399065679641271
9336,1,1,0.28663396581065603
9337,2,1,0.134136055619546
9338,3,0,0.10603074181429756
9339,1,0,0.41045736864092586
9340,3,0,0.2098040150088645
9341,5,1,0.14318462020325767
9342,1,0,0.1679585876982172
9343,5,1,0.654348026552901
9344,2,0,0.0923148656262698
9345,3,0,0.1439604290909026
9346,3,1,0.14490457848484947
9347,4,0,0.08968383095963178
9348,4,0,0.15389488696754824
9349,2,1,0.7059641333266198
9350,5,0,0.1528236728430577
9351,2,0,0.16786575516112995
9352,2,0,0.2793992950999238
9353,3,0,0.16186018114217002
9354,1,0,0.15271042876316085
9355,2,0,0.13131556717291135
9356,5,0,0.15795217137430487
9357,4,0,0.08996860668311323
9358,3,0,0.14567724953512418
9359,5,1,0.19114576355630866
9360,2,0,0.12867256080734424
9361,5,0,0.09494584493682906
9362,3,0,0.05865293070071568
9363,1,0,0.1810543651404033
9364,5,0,0.3129063957452835
9365,5,1,0.31751654650920047
9366,1,0,0.09535296937730962
9367,2,1,0.32760005130275877
9368,1,1,0.7049377094437076
9369,1,1,0.3086025177226748
9370,5,0,0.08689154547410222
9371,2,0,0.18721982554501168
9372,2,1,0.2714298091067491
9373,1,0,0.17251150855887026
9374,5,0,0.07062727383436106
9375,2,0,0.12722767732515516
9376,5,0,0.08460034394433462
9377,4,1,0.16535403002020277
9378,3,1,0.9183505706496617
9379,3,0,0.07513755231619272
9380,5,0,0.11658116869570143
9381,4,1,0.7625223495963409
9382,5,1,0.24572402795387374
9383,1,0,0.08653573507190906
9384,2,0,0.6962548807556111
9385,2,0,0.3838261504450893
9386,5,0,0.05397361390278517
9387,2,0,0.17005150533071273
9388,5,1,0.028266641404424166
9389,2,1,0.09650287679917947
9390,4,0,0.08931381493349377
9391,3,0,0.35235419956595737
9392,2,0,0.08844616738918182
9393,3,0,0.26815541166976825
9394,2,0,0.10279092446561425
9395,4,1,0.6904365994253708
9396,1,0,0.09267622070079251
9397,5,0,0.1454314617008217
9398,5,0,0.1272448829190353
9399,1,0,0.10096663341141975
9400,2,0,0.1910686148283632
9401,1,0,0.751873871630191
9402,4,0,0.13601335759702962
9403,3,1,0.139710974223591
9404,2,0,0.08790840487960286
9405,1,0,0.12120933062540805
9406,3,1,0.8246710197550045
9407,1,0,0.08906808708264986
9408,1,0,0.08637289337052939
9409,1,0,0.12490660035902175
9410,2,1,0.14891119497473526
9411,2,0,0.1515699073436658
9412,2,0,0.11044327215226867
9413,2,0,0.13350889307242814
9414,4,0,0.11669023947388198
9415,3,0,0.14860069759545777
9416,4,0,0.16286136033744994
9417,1,0,0.4212167190299018
9418,3,0,0.13486396373202253
9419,3,0,0.15109510852415087
9420,4,0,0.09050974857062871
9421,5,0,0.18629811221069575
9422,4,1,0.38139420626686843
9423,2,0,0.09049276550027377
9424,3,0,0.07476115607320315
9425,2,0,0.15943439612807467
9426,4,0,0.16700209910156766
9427,5,0,0.08572956370997177
9428,2,0,0.3171186189979224
9429,3,0,0.07718639207802583
9430,2,0,0.0908233176106611
9431,4,0,0.09378283356463663
9432,5,0,0.16615341632285613
9433,4,0,0.09162403145115618
9434,5,0,0.06168402344627229
9435,3,1,0.3461421618051637
9436,3,1,0.1755286981756194
9437,1,0,0.14261291567043544
9438,3,0,0.08400804586613662
9439,3,0,0.10907968066213779
9440,4,1,0.35752106173376885
9441,3,1,0.6112587170792833
9442,4,1,0.22744103015990058
9443,5,0,0.06680422809348022
9444,4,1,0.693836200421838
9445,5,0,0.53967666690228
9446,4,0,0.08994680667674362
9447,3,0,0.2878781261227666
9448,5,1,0.2657052747338165
9449,1,0,0.15775788887394954
9450,2,0,0.6376818748740005
9451,2,0,0.09207014277766504
9452,1,0,0.08528244032638282
9453,1,0,0.08662179449252867
9454,5,0,0.14575141303299297
9455,2,0,0.27902932308446626
9456,2,0,0.08798155314009506
9457,1,0,0.1392366448241659
9458,1,0,0.09702537409813368
9459,1,1,0.21073254735108835
9460,3,1,0.1938107254810251
9461,3,0,0.10546482740253468
9462,1,0,0.2170875028404296
9463,4,0,0.1401903643200272
9464,2,0,0.31033992041854397
9465,5,0,0.1558293485021541
9466,4,1,0.11709429983011954
9467,1,1,0.13389465444166598
9468,1,0,0.12133803020714123
9469,5,0,0.06525490658425169
9470,5,0,0.6830295889111103
9471,5,0,0.0780109110082698
9472,2,0,0.11129605758400687
9473,3,0,0.24955469151345092
9474,4,0,0.09097746564840872
9475,5,0,0.05437731531632798
9476,1,1,0.7784440593623249
9477,3,0,0.17237908450564446
9478,5,0,0.19869354954311144
9479,4,0,0.09127852734678879
9480,3,0,0.08339674422531317
9481,1,0,0.09310422580763907
9482,1,0,0.09712001365422622
9483,1,0,0.1958840805549255
9484,1,1,0.16098062030564195
9485,5,1,0.3037720058180282
9486,2,0,0.1500097190528719
9487,1,1,0.10586310841499245
9488,4,0,0.23540938585400353
9489,3,0,0.18238412512127172
9490,5,0,0.11819694319910205
9491,4,0,0.14806703462305656
9492,2,0,0.21342659618956394
9493,2,0,0.12255533513521892
9494,2,1,0.19725893733994282
9495,5,0,0.08570373313728633
9496,5,0,0.2370088444450086
9497,5,0,0.13647692423731914
9498,1,1,0.4652021589175744
9499,3,0,0.11586575221366077
9500,1,0,0.13892286419074074
9501,2,1,0.2656885516448721
9502,4,0,0.2810753250693869
9503,1,0,0.2784429283430941
9504,2,0,0.1494150255849751
9505,5,0,0.13678630586469379
9506,2,1,0.2292717613876236
9507,4,0,0.0923635535612989
9508,2,0,0.1279931350676064
9509,4,0,0.10783318391901939
9510,4,0,0.19192608853153448
9511,2,0,0.1139202611528337
9512,3,0,0.05460714078200498
9513,1,0,0.08661555292595649
9514,4,0,0.10162245991822913
9515,2,0,0.0918232746340473
9516,3,0,0.05107387486404369
9517,1,0,0.13020943059463633
9518,1,0,0.16450185933693598
9519,2,0,0.09039524064131742
9520,3,0,0.14864688589268016
9521,5,1,0.17314119832683456
9522,4,0,0.2276320417802644
9523,5,0,0.07051866687828973
9524,5,0,0.1476386669133937
9525,5,1,0.09048342133832947
9526,2,0,0.09636640074198355
9527,5,0,0.6685303654716743
9528,4,0,0.08978846357867991
9529,3,0,0.27443430198244245
9530,2,1,0.6053987758636663
9531,4,0,0.08922813535412681
9532,2,0,0.10352250175973107
9533,1,0,0.20400562162871186
9534,5,1,0.9299846307886427
9535,1,0,0.10298111709105903
9536,4,1,0.12705426465517322
9537,2,0,0.5341563960089746
9538,4,0,0.08934900985667152
9539,4,0,0.09281991130185906
9540,2,0,0.35756936306561654
9541,3,0,0.08007330374438848
9542,1,0,0.20841446577101927
9543,3,0,0.0850214273415744
9544,4,0,0.21388104231101318
9545,5,0,0.08551379061844727
9546,5,0,0.26415117381652714
9547,4,0,0.13947441761597804
9548,5,0,0.2698358732885683
9549,4,1,0.5205918634192035
9550,1,1,0.1518973310208879
9551,4,1,0.1316224614784508
9552,5,0,0.1274707626608202
9553,5,0,0.3436989124408698
9554,2,1,0.1086083084978322
9555,4,1,0.2707542937514083
9556,5,0,0.5727171628849262
9557,3,1,0.17921231193555706
9558,1,0,0.2823562609039201
9559,4,0,0.1016226135468027
9560,5,0,0.11645680237992852
9561,3,1,0.49746300182817343
9562,4,0,0.14329970726130262
9563,2,0,0.30635093644781536
9564,4,0,0.09679773289545093
9565,1,0,0.14795733704523384
9566,4,1,0.7326587737211203
9567,1,0,0.09042167775284475
9568,5,0,0.07456011221740538
9569,4,1,0.7086679171180633
9570,2,0,0.11213029814863004
9571,4,0,0.10089317487683651
9572,1,0,0.1265369408557826
9573,3,0,0.12458488186910069
9574,1,0,0.14566923718928593
9575,5,0,0.46538100823330336
9576,1,0,0.13674262371202348
9577,4,0,0.09130368798235829
9578,5,1,0.6205597175379756
9579,4,0,0.10173063127385261
9580,3,0,0.2928586098442137
9581,3,0,0.0880401195759775
9582,1,0,0.10895500433377181
9583,3,0,0.4980765365376306
9584,1,1,0.5531641487214357
9585,4,0,0.1834102802722291
9586,2,0,0.12260382565243476
9587,1,0,0.10588131273556177
9588,3,1,0.30271538630185313
9589,2,1,0.09104613118470717
9590,2,0,0.09151860961419367
9591,5,1,0.17263579390172243
9592,2,1,0.15109328274759687
9593,1,0,0.13082809440232596
9594,3,1,0.15100279637677355
9595,1,1,0.7735699319780353
9596,4,1,0.12966006744831865
9597,3,0,0.49461962962890094
9598,4,0,0.10451205276285953
9599,3,0,0.34780946660059553
9600,3,1,0.7658130393784295
9601,1,0,0.12855957424677525
9602,1,0,0.20795570254833284
9603,1,0,0.15241069603825247
9604,1,0,0.08631380703464878
9605,4,0,0.28059721126544845
9606,3,0,0.700053465230604
9607,1,0,0.08537714610241924
9608,1,0,0.17888044784217322
9609,3,0,0.19942435271861383
9610,3,0,0.09380281193172464
9611,1,0,0.505182414344631
9612,1,0,0.12704913021889241
9613,3,0,0.1414508091139625
9614,3,0,0.058876203526421214
9615,5,0,0.7525199771645132
9616,5,0,0.06903496385012858
9617,4,1,0.18914455797194674
9618,1,0,0.22288741329249478
9619,1,1,0.1745435488981241
9620,1,1,0.12298479373295214
9621,5,0,0.15841048010808997
9622,2,0,0.09974487071645093
9623,2,0,0.15634011489686186
9624,1,0,0.15717082184634185
9625,2,0,0.5753480618065714
9626,5,0,0.050814563290711885
9627,3,0,0.06905591452870047
9628,3,1,0.09279092734614827
9629,5,0,0.1375024880128306
9630,3,1,0.8955415223719385
9631,2,0,0.14983540422509062
9632,2,1,0.13015531341329384
9633,3,0,0.13395784912655873
9634,5,0,0.19821957082671274
9635,5,0,0.052282497577961405
9636,2,0,0.19945087635841915
9637,3,1,0.7973328462770248
9638,1,0,0.1831244432393314
9639,3,1,0.7803108842847879
9640,5,0,0.4078846394464341
9641,3,0,0.08888368029518615
9642,1,1,0.09873904438186874
9643,5,0,0.07264274820840369
9644,3,0,0.056259746119400336
9645,1,1,0.6779595606611729
9646,2,0,0.08883563691746124
9647,5,0,0.20202354322365634
9648,4,0,0.14427271029825914
9649,5,0,0.06404333232035084
9650,3,0,0.23336179098023788
9651,1,1,0.35080501657409013
9652,1,0,0.10226790760358614
9653,5,0,0.05582129826060643
9654,3,0,0.15148879008940316
9655,1,0,0.10131707941014749
9656,1,0,0.2568339657264061
9657,2,0,0.1534084533368324
9658,3,0,0.33085382523073315
9659,5,0,0.0958256191265815
9660,3,0,0.145255338835594
9661,4,1,0.08882801807178382
9662,3,1,0.12197268442517072
9663,4,0,0.22242539860931929
9664,3,0,0.14781684154922156
9665,5,0,0.12831445421178725
9666,3,0,0.09694363991821785
9667,5,0,0.27306954196409594
9668,4,0,0.09060878790045652
9669,4,0,0.12376303032242023
9670,4,0,0.23521362399785606
9671,1,1,0.2913557344103479
9672,1,0,0.08540280242590975
9673,5,1,0.18174494722618
9674,5,0,0.1520818770467931
9675,1,1,0.2374224810373897
9676,4,1,0.09012950748176815
9677,1,0,0.6685937878467688
9678,2,1,0.694014577518269
9679,3,0,0.07340760927582786
9680,2,1,0.45997605660591334
9681,5,1,0.05760649016118151
9682,2,1,0.7301093360311594
9683,2,0,0.15845219600612104
9684,5,0,0.07168350465646989
9685,5,1,0.08748778676919965
9686,4,0,0.13850400802924193
9687,1,0,0.2508296362610059
9688,5,1,0.7955098214397404
9689,5,0,0.04475563630577975
9690,2,1,0.7085677044119426
9691,2,0,0.15952867192514142
9692,1,0,0.11156428478135261
9693,2,0,0.15449609531482422
9694,5,1,0.05583677127257543
9695,1,0,0.0875533281770326
9696,4,0,0.15898197018951862
9697,5,0,0.10192105876801913
9698,5,1,0.6074090838522755
9699,3,1,0.1340144420165962
9700,4,1,0.15681393698892268
9701,5,0,0.050509929077628156
9702,5,1,0.6583448724350209
9703,3,1,0.35459887490751235
9704,3,0,0.1171173058825468
9705,5,0,0.3513308449438319
9706,2,1,0.5111048584380308
9707,3,0,0.08086342733796588
9708,1,0,0.4031300320837189
9709,5,0,0.7566815445729396
9710,4,0,0.09021890600401068
9711,2,0,0.11022094644520096
9712,3,0,0.14023356802569228
9713,4,0,0.08880677432767983
9714,5,1,0.2604783406856973
9715,2,0,0.10185207438425871
9716,3,0,0.11006175519929254
9717,3,0,0.12786588150760775
9718,4,1,0.1262755810767724
9719,1,0,0.14810270510206539
9720,2,1,0.3077417113783056
9721,1,1,0.15822325318800673
9722,1,0,0.17146164961026109
9723,3,0,0.4422339546856634
9724,5,0,0.08356570753438919
9725,5,0,0.164193231362656
9726,3,0,0.07889487534633756
9727,5,0,0.08028299146612856
9728,1,0,0.19519610687444514
9729,5,1,0.5051208914904083
9730,3,0,0.06802743212586046
9731,1,0,0.15694543277100825
9732,4,1,0.1823525791677581
9733,2,1,0.18890626267362642
9734,3,1,0.657977128977681
9735,3,0,0.12448027140928189
9736,1,0,0.23996219732467214
9737,3,0,0.3952631647191264
9738,4,0,0.11508301262796515
9739,2,0,0.10095957142912954
9740,1,0,0.10549582649756223
9741,3,0,0.07223104807496983
9742,5,0,0.08772464923801689
9743,5,0,0.15899096290875944
9744,5,0,0.21496216485683123
9745,3,1,0.6859374463073105
9746,2,1,0.7444101969914129
9747,1,0,0.1257933578231747
9748,3,0,0.10171460919042494
9749,4,0,0.22362736584099674
9750,4,1,0.2844754358623469
9751,1,0,0.38920832807156813
9752,1,0,0.1534779968071208
9753,5,1,0.07281976339744091
9754,4,0,0.09468107170764056
9755,5,0,0.29839737605084027
9756,2,0,0.09862845710623669
9757,1,1,0.6767249768507564
9758,3,0,0.32834166601435
9759,4,0,0.08910416177548192
9760,2,0,0.14672203338422163
9761,2,1,0.13657900194735845
9762,2,0,0.09316879324504869
9763,3,0,0.08997756170477195
9764,5,1,0.13012019020191376
9765,2,0,0.3575588123542992
9766,5,0,0.07982854749346877
9767,3,0,0.12968069195700122
9768,5,1,0.5860739651904951
9769,2,0,0.08977608201590535
9770,3,1,0.12706811934175186
9771,1,0,0.0852918555597196
9772,5,1,0.17777368852837191
9773,1,1,0.4241673075187094
9774,4,1,0.7736560648256854
9775,1,0,0.10338576031335314
9776,3,0,0.13655117878803694
9777,2,0,0.1230573892212895
9778,3,0,0.12331724687335358
9779,4,0,0.18478489570369497
9780,2,0,0.13378411852494565
9781,2,0,0.159099773196499
9782,1,0,0.2810412620118191
9783,5,0,0.066074839505709
9784,4,0,0.12624436455513027
9785,5,0,0.10406092572475588
9786,4,0,0.10242252794553436
9787,3,0,0.1439042374525978
9788,1,1,0.5847917879028558
9789,2,0,0.120406394992698
9790,3,0,0.05053431210406976
9791,2,1,0.6943246015480474
9792,1,0,0.21195316518904225
9793,4,0,0.1464036589242141
9794,5,0,0.3458953909350134
9795,5,1,0.17847308243815474
9796,5,0,0.07976589588998793
9797,4,0,0.21542443567798406
9798,3,1,0.3526878785893854
9799,3,1,0.22544825431728463
9800,5,0,0.35511134521910315
9801,4,0,0.09937029515701964
9802,2,0,0.11651608248506663
9803,3,0,0.10545633103773305
9804,2,0,0.12494876434845836
9805,1,0,0.08631380703464878
9806,5,0,0.07636215396348447
9807,2,0,0.09039524064131742
9808,5,1,0.4172235140000832
9809,5,0,0.26216007692026916
9810,1,0,0.09995993292310987
9811,4,1,0.4468848314680588
9812,4,0,0.11760396443113236
9813,5,1,0.17270667109275012
9814,1,0,0.08668736454118832
9815,5,1,0.9342332260602274
9816,1,0,0.1922692333550778
9817,4,1,0.6718461780277261
9818,4,0,0.10763258788808522
9819,4,0,0.20605530642429776
9820,4,0,0.12698758553612993
9821,2,1,0.5073238141326519
9822,2,0,0.19387284385705764
9823,5,0,0.12423596583779027
9824,5,0,0.1689491518376034
9825,5,1,0.7615694414638992
9826,3,1,0.7869043161520435
9827,2,0,0.14382943203239337
9828,5,0,0.0817981022776019
9829,2,1,0.6849495858825037
9830,1,0,0.11026302010099807
9831,4,1,0.15506091461129615
9832,2,0,0.2041082734697784
9833,4,1,0.686322955649347
9834,2,0,0.178467771982972
9835,2,0,0.09051467699128406
9836,2,1,0.08911535867061347
9837,4,0,0.7005750225837748
9838,2,1,0.09023093015018405
9839,4,0,0.09012388801150806
9840,4,1,0.7341176612002109
9841,5,1,0.9132096242650402
9842,2,0,0.11137385183881345
9843,5,0,0.31603315217169425
9844,4,0,0.6581706053869367
9845,1,0,0.09527758376656362
9846,5,0,0.1169970513210818
9847,3,1,0.1510211010506178
9848,4,0,0.10045555164110917
9849,5,0,0.050420777507235996
9850,5,0,0.183306631822021
9851,4,0,0.1544106062775649
9852,1,1,0.12984076516218165
9853,4,1,0.10572455904602922
9854,3,0,0.07200101346083683
9855,3,0,0.1545733380473195
9856,2,0,0.11757795421042351
9857,4,1,0.20219296760217653
9858,4,0,0.17964721477439521
9859,4,0,0.1773062809169846
9860,1,0,0.18829360650079915
9861,2,0,0.13885678191197764
9862,5,0,0.2376785763384999
9863,3,0,0.08087256685756315
9864,3,0,0.17549043190622202
9865,2,0,0.12579322030713652
9866,2,1,0.09547956611651304
9867,4,0,0.088998163806346
9868,3,0,0.0636226758774977
9869,4,1,0.7222826196390018
9870,2,0,0.08860092190372452
9871,3,1,0.698324995749848
9872,3,0,0.08224879193663692
9873,1,0,0.1539609719588836
9874,3,0,0.3160692907002978
9875,2,0,0.17928520882340737
9876,4,0,0.10113492605559564
9877,1,1,0.7004219316319076
9878,3,0,0.15576735964654712
9879,3,1,0.5049451099955622
9880,1,0,0.08598393984261071
9881,5,1,0.2006705403347897
9882,3,0,0.2501818254862519
9883,2,0,0.7314258631513411
9884,5,0,0.04382290531119664
9885,1,0,0.1266423659877699
9886,2,0,0.13389071385928927
9887,2,1,0.29899153023586267
9888,2,0,0.12232363420906273
9889,1,0,0.13402821348869912
9890,5,0,0.037999562269890104
9891,1,0,0.1851522707659061
9892,5,0,0.7592470031052062
9893,3,0,0.1505900300936138
9894,4,0,0.2267332935453695
9895,5,0,0.5018662480489166
9896,2,0,0.2140652425054734
9897,1,0,0.22224246926732788
9898,5,0,0.2994301163470829
9899,2,0,0.16217794370914673
9900,3,0,0.11387240718071208
9901,1,0,0.18631158145840834
9902,5,0,0.21735735251134086
9903,5,1,0.1374071959106649
9904,1,0,0.0851991147266879
9905,5,0,0.11983975331967484
9906,1,0,0.2562869037151217
9907,1,0,0.1209319702357164
9908,4,0,0.2025661150784173
9909,4,1,0.1260860072003367
9910,3,1,0.16995874495027383
9911,5,0,0.09963528038494716
9912,2,0,0.1453742486517206
9913,3,0,0.16639606097012846
9914,5,0,0.07006051181809503
9915,3,0,0.13504565252423417
9916,4,0,0.08940586509829439
9917,4,1,0.7975648923806796
9918,2,0,0.10186658728086259
9919,2,0,0.09358293379209617
9920,5,0,0.06567024229950873
9921,1,0,0.1736450268679517
9922,4,0,0.1736152350916469
9923,3,0,0.06360907328280645
9924,4,0,0.1807953315662987
9925,5,1,0.3431555724543421
9926,5,0,0.23224822041667834
9927,5,0,0.1490194292408239
9928,2,0,0.14735745837760253
9929,1,0,0.0898077734903752
9930,2,0,0.18013684943546196
9931,5,0,0.09677861969420147
9932,2,0,0.2041319532623493
9933,2,0,0.15169483882564033
9934,3,1,0.2944811359803599
9935,3,1,0.28118945963762637
9936,5,0,0.075408006604798
9937,3,0,0.0866011273939753
9938,1,1,0.4204230573997842
9939,3,0,0.1010250309040488
9940,1,0,0.6905994068968848
9941,2,0,0.19058090369546773
9942,5,0,0.14747463008364012
9943,3,1,0.07210156439976623
9944,4,0,0.17107040542836602
9945,5,0,0.07890749642360916
9946,4,0,0.1211619217459809
9947,1,0,0.11561945491580895
9948,1,0,0.1893495479848257
9949,1,0,0.14582058356143004
9950,4,1,0.6930924147814878
9951,2,0,0.15487203802859725
9952,3,1,0.8008341086192848
9953,5,0,0.19540713783092808
9954,3,0,0.07750311861194477
9955,1,0,0.2507072904314138
9956,2,1,0.2869717675710761
9957,5,0,0.2041881962544189
9958,2,0,0.1301680567074052
9959,3,1,0.7718225353382796
9960,4,1,0.19986650252648416
9961,4,0,0.14988068742121852
9962,1,0,0.49541797859553216
9963,4,0,0.16087406377848856
9964,2,0,0.1347809741892049
9965,2,0,0.08956123322268644
9966,4,0,0.31591374209956813
9967,4,0,0.10233319951109379
9968,4,0,0.08914425876464147
9969,4,0,0.1671899787141109
9970,2,0,0.13299309973089027
9971,5,0,0.11486990812360201
9972,3,0,0.10284485908498782
9973,1,0,0.1375867647275516
9974,4,0,0.22717406845336874
9975,2,0,0.20505278444093966
9976,5,0,0.27750333305069935
9977,1,0,0.08852222133862277
9978,3,0,0.06560772775369199
9979,2,0,0.10615830925029975
9980,5,0,0.13187351226309685
9981,5,0,0.1527634979319686
9982,5,1,0.7288876276971422
9983,4,0,0.14021480370270623
9984,4,1,0.1303408436828319
9985,1,1,0.08593859443799699
9986,5,1,0.11549352609419361
9987,3,0,0.15746985641496192
9988,3,0,0.37618308434962605
9989,3,0,0.4900259161185332
9990,2,1,0.6899340404307515
9991,3,0,0.3986683196252342
9992,1,0,0.09916041408840522
9993,2,1,0.13293340937878073
9994,2,0,0.2840288023768774
9995,2,1,0.4040145198735381
9996,3,0,0.1634915080155878
9997,1,0,0.09027010813751173
9998,4,0,0.1997727699177768
9999,4,1,0.6816996598731564
10000,1,0,0.16362311393898812
10001,3,0,0.19358438500322944
10002,3,0,0.1529126262998529
10003,5,1,0.7715782790980112
10004,5,0,0.31858209273835164
10005,2,0,0.1440467085970087
10006,5,0,0.08927518287153666
10007,5,1,0.1769117436139749
10008,2,0,0.1447856472774861
10009,5,0,0.136929520841715
10010,5,0,0.08377820038108812
10011,4,0,0.4127549186475559
10012,4,0,0.11007364783405046
10013,3,0,0.07261916062524523
10014,4,1,0.44343818830737447
10015,3,0,0.11827690475416981
10016,4,0,0.1330372984077554
10017,5,0,0.6949996644246409
10018,4,0,0.4631136424918066
10019,4,1,0.2832240279856719
10020,3,0,0.6927544897613377
10021,2,0,0.16577429482142583
10022,5,0,0.15030591541770863
10023,2,0,0.1270579501054533
10024,4,0,0.13378120619431502
10025,2,1,0.14017146765633165
10026,3,0,0.1898412480892069
10027,5,0,0.0963310283577222
10028,2,0,0.08894220950893655
10029,4,0,0.4233234882317767
10030,5,1,0.6012031063824718
10031,1,0,0.08692264103814348
10032,2,0,0.09461663423916217
10033,4,0,0.11944100206039791
10034,1,0,0.17377821163078608
10035,1,0,0.0925865606938259
10036,1,0,0.13173480284832803
10037,5,0,0.0882052532946549
10038,3,0,0.07306848911870055
10039,1,0,0.08650142140134265
10040,2,0,0.08830119312957177
10041,5,0,0.1438333085620516
10042,5,0,0.0680646821222428
10043,4,0,0.15170297155710985
10044,2,0,0.09476327292335732
10045,5,1,0.5543429032591461
10046,5,0,0.09385270434807906
10047,5,0,0.11816939879655369
10048,4,1,0.3701782554890064
10049,5,0,0.06613008884275731
10050,4,1,0.764576912084702
10051,1,0,0.14097370209493135
10052,4,1,0.16434262529382765
10053,3,0,0.1368501109464833
10054,4,0,0.23203828941571572
10055,2,0,0.09314367812777172
10056,2,0,0.09405425417563085
10057,4,0,0.32031889804299124
10058,5,0,0.07326770647950993
10059,3,0,0.05704314867485055
10060,4,0,0.10011942150883105
10061,3,0,0.18662048556245167
10062,4,0,0.2173052607679707
10063,3,0,0.30186485880872344
10064,2,0,0.35468176470520835
10065,2,0,0.15764081581229109
10066,4,0,0.08906805823771186
10067,2,0,0.10549197304989713
10068,4,0,0.10870898415855916
10069,5,0,0.09473331256873528
10070,4,0,0.1153207014417995
10071,5,0,0.05746201049069311
10072,3,0,0.1584093750409453
10073,3,0,0.27318892279445167
10074,3,0,0.16297523684074236
10075,4,0,0.09005044769983789
10076,3,1,0.706739274268841
10077,5,0,0.07786852332743371
10078,3,0,0.10977840045725286
10079,4,1,0.4326731583099488
10080,3,0,0.4458891815000859
10081,5,1,0.1140819287002268
10082,1,0,0.2185983064572768
10083,1,0,0.08611568134957549
10084,2,0,0.09140045806068713
10085,2,0,0.44572952426796403
10086,2,0,0.09799754268382514
10087,5,0,0.08337724572970778
10088,4,0,0.09102673378593243
10089,2,0,0.10538651019599428
10090,4,0,0.08929586047716805
10091,2,0,0.0883605903172836
10092,2,0,0.15800594651074673
10093,4,0,0.13668973975606893
10094,3,0,0.4596435177173734
10095,5,1,0.06657107807865553
10096,5,0,0.15303468402447193
10097,2,0,0.09062567594168404
10098,1,0,0.08620531583918147
10099,2,0,0.08824128601396614
10100,3,0,0.08604882523353816
10101,4,0,0.1244461514159751
10102,5,0,0.03199323260737145
10103,2,0,0.08972951990945334
10104,1,1,0.6635690049286044
10105,4,1,0.15822732106863824
10106,1,0,0.160689734111364
10107,1,0,0.21710832794548016
10108,5,1,0.783054541158239
10109,2,0,0.13071936656887465
10110,4,0,0.22517855353096747
10111,2,0,0.44138204716811824
10112,2,1,0.6737466913432804
10113,5,1,0.3488135742283417
10114,2,0,0.18727291499350973
10115,3,1,0.3087602308444454
10116,3,1,0.09402353231885373
10117,2,0,0.1124511539941493
10118,5,0,0.07452277728610522
10119,5,0,0.3946242618707006
10120,1,0,0.11702613753588831
10121,4,0,0.13159722492132117
10122,4,0,0.48439070102743104
10123,1,0,0.09031763849912837
10124,5,1,0.7515848609893121
10125,4,0,0.08984367310353826
10126,2,0,0.1369706978529717
10127,1,0,0.08627425160292553
10128,2,0,0.15473311177732377
10129,1,0,0.7636202602366634
10130,5,0,0.07818525012751787
10131,3,0,0.17345855658672615
10132,4,1,0.5289312949799198
10133,2,1,0.1413119495865446
10134,3,1,0.09037886644477422
10135,3,0,0.15604787602139866
10136,5,1,0.7335147092400737
10137,1,1,0.43307904743797393
10138,1,1,0.3805845719509151
10139,5,0,0.08360700297333809
10140,1,0,0.1331967348617148
10141,1,1,0.7032622613598203
10142,5,0,0.17690537936203293
10143,4,1,0.17158562848712042
10144,2,1,0.743356861546358
10145,1,0,0.24794256172926674
10146,2,0,0.20118963252208794
10147,4,0,0.24565746434034297
10148,3,0,0.10852970812492943
10149,4,0,0.13909258623887652
10150,2,0,0.18106100934328817
10151,4,1,0.3058449717665054
10152,1,0,0.28263260129044376
10153,1,0,0.20794094300943253
10154,5,0,0.05994470717969019
10155,3,0,0.17148239437290558
10156,4,0,0.09526947588406431
10157,1,0,0.1418213250745588
10158,4,0,0.1772595311423377
10159,2,0,0.38099503864370654
10160,3,1,0.8360456251671661
10161,1,0,0.08848069895156445
10162,5,0,0.07833450516864437
10163,2,0,0.1516072328920247
10164,3,0,0.061606358773491514
10165,3,0,0.08268580846279884
10166,3,0,0.5629074429875277
10167,1,0,0.4656579405677932
10168,5,0,0.22717816305689417
10169,1,0,0.15927883319167474
10170,3,0,0.3039437245290752
10171,1,0,0.23345676115229066
10172,3,1,0.18811155363760723
10173,4,0,0.11909344480662352
10174,5,0,0.15837377896679394
10175,3,0,0.15723219184292597
10176,3,0,0.10432511950776621
10177,1,0,0.17901416673509526
10178,3,0,0.08434595439514635
10179,5,0,0.19676985226371027
10180,5,0,0.6130672871441863
10181,5,0,0.04576854983271228
10182,4,1,0.5540203842198038
10183,3,1,0.7059699273327208
10184,2,0,0.15735433069886134
10185,4,0,0.14744269675323846
10186,3,0,0.4142845725804607
10187,5,0,0.05983459291118421
10188,3,0,0.10222398621249697
10189,3,0,0.05359328617696124
10190,4,0,0.0899912879066402
10191,4,0,0.09989762518778268
10192,2,0,0.20683118243442777
10193,1,1,0.19761500940522428
10194,3,0,0.22410944079279665
10195,5,0,0.1659689939326585
10196,5,0,0.09183815394991196
10197,1,0,0.13556116301566096
10198,4,0,0.09563367408496005
10199,5,0,0.28901595598032287
10200,5,0,0.1583992544590314
10201,3,0,0.14253310328832286
10202,5,0,0.15999428863364074
10203,5,0,0.18261720895693967
10204,2,0,0.11521180975242819
10205,4,0,0.2350054259609781
10206,3,1,0.053149245520603586
10207,3,0,0.2920340697695258
10208,5,0,0.17203897747233526
10209,1,0,0.6807840405457654
10210,2,0,0.09033448680536475
10211,1,0,0.28792085986070276
10212,4,0,0.14966265828736539
10213,5,1,0.8113919447789272
10214,3,0,0.09618553168523288
10215,2,0,0.09029866429965085
10216,5,0,0.4899229410375689
10217,5,0,0.428815839291535
10218,4,0,0.11078404423958807
10219,4,0,0.7346508436659416
10220,1,0,0.2238595535523372
10221,1,0,0.1572765899450065
10222,5,1,0.1513533717255163
10223,2,0,0.0880414602557007
10224,4,0,0.09038107082108507
10225,5,0,0.21656995360607273
10226,2,0,0.08875151716220618
10227,4,0,0.09647114444900284
10228,5,0,0.5312952566924818
10229,1,0,0.13627138708936373
10230,4,1,0.14278236635050393
10231,1,0,0.10735261375181858
10232,5,0,0.3101175806049012
10233,2,0,0.1371254991218234
10234,5,1,0.7907912523767696
10235,3,0,0.13844371807902886
10236,3,1,0.638019736345938
10237,1,0,0.09758194067594964
10238,4,0,0.22220824076494217
10239,2,1,0.1889404212523587
10240,2,0,0.13389476893093075
10241,5,0,0.12891511544233097
10242,3,1,0.3486280037154755
10243,1,1,0.26943637306025614
10244,4,0,0.08870909938890126
10245,1,0,0.1572530311504953
10246,5,0,0.3373251249829803
10247,4,1,0.18143561488454435
10248,4,0,0.23732019448506383
10249,4,0,0.22529887668451054
10250,4,1,0.2505355722514351
10251,4,0,0.10398486555249413
10252,4,0,0.09154617707490686
10253,1,1,0.1797548870281094
10254,4,1,0.2936038890652623
10255,5,0,0.060389753379619486
10256,4,1,0.16967816367353475
10257,4,0,0.110484613989606
10258,1,0,0.1487362619475542
10259,5,0,0.21604421900201645
10260,3,0,0.08989515863202513
10261,4,0,0.3506580506300282
10262,5,1,0.15393890562532184
10263,5,0,0.22745055653017288
10264,1,0,0.08747143601349443
10265,1,0,0.18528948325486494
10266,3,0,0.15069157706282618
10267,2,0,0.08883712912675575
10268,3,1,0.13363518827462512
10269,3,0,0.2634418525558873
10270,2,0,0.08897961209502209
10271,1,0,0.09383103465656295
10272,1,0,0.11359677495399068
10273,2,1,0.30414234260444045
10274,4,0,0.10941748825562664
10275,1,1,0.10260619187259726
10276,5,1,0.1552735183644272
10277,4,0,0.09239283555963934
10278,3,0,0.11963244391011925
10279,2,0,0.5560891273233275
10280,1,0,0.08885396488261713
10281,3,1,0.10128987144695466
10282,5,0,0.09330281488183145
10283,5,0,0.05347725035064087
10284,2,0,0.09034489962019034
10285,2,1,0.1797501547086167
10286,4,1,0.09806168154276583
10287,1,0,0.1643464901206192
10288,3,1,0.1553489184988555
10289,4,0,0.21422389802311878
10290,2,0,0.09699632859418728
10291,5,0,0.17145707694404633
10292,1,0,0.08728041620769846
10293,3,0,0.3769760439361287
10294,3,0,0.10214198679921485
10295,1,0,0.09308881581377046
10296,2,0,0.15125124086634925
10297,4,0,0.09316009999575267
10298,4,0,0.13620759536914304
10299,5,0,0.2599234632510901
10300,2,0,0.15070973599354523
10301,1,0,0.1298317469778136
10302,3,0,0.07115780224246117
10303,2,0,0.21267996794519323
10304,1,0,0.09705997780414022
10305,2,1,0.09462859294850852
10306,3,0,0.3172102973528313
10307,4,0,0.3944395735318424
10308,4,0,0.1189187845955431
10309,5,0,0.2792000752391945
10310,2,1,0.13769103888862264
10311,5,0,0.09922859200567197
10312,5,0,0.15808484284988875
10313,4,1,0.1735084642692719
10314,5,0,0.04494873554435459
10315,2,0,0.18291831921277968
10316,5,1,0.10072985851005103
10317,4,0,0.21913418089276715
10318,1,0,0.18867140442501668
10319,3,0,0.053783301786024605
10320,4,0,0.4564015179533659
10321,2,0,0.09762136783892134
10322,3,0,0.07895024581067937
10323,4,1,0.7241965720248205
10324,5,0,0.09626654012336101
10325,1,0,0.3769767811544253
10326,5,0,0.12487368693047939
10327,3,0,0.08862341708240006
10328,5,0,0.15272889667206452
10329,1,0,0.21392924079104317
10330,4,0,0.23050937188471166
10331,5,0,0.18745722070681553
10332,5,0,0.12210909078101045
10333,3,0,0.17647659499396307
10334,5,0,0.05858492618591846
10335,3,0,0.6854772409719782
10336,3,0,0.16903619786145851
10337,4,0,0.10305575765991824
10338,1,0,0.45117549033277915
10339,3,0,0.08576702394707114
10340,1,1,0.4818567440634605
10341,3,0,0.13970609980788035
10342,5,0,0.0843573951727284
10343,4,0,0.21126712183813476
10344,1,0,0.0862949959821409
10345,2,0,0.1215293608668606
10346,1,0,0.08639083973846028
10347,1,0,0.08613009170310514
10348,4,1,0.4100027927798156
10349,1,1,0.4866494666082398
10350,1,0,0.17237777560058676
10351,1,0,0.10739352657091493
10352,1,0,0.24515004760316678
10353,3,0,0.11413117594833415
10354,1,1,0.21333703205419785
10355,2,0,0.10449122311286091
10356,2,0,0.09087564414828164
10357,2,0,0.10040102709761824
10358,2,0,0.7096133370360979
10359,3,1,0.6866198893618102
10360,3,0,0.09334260550998223
10361,1,0,0.189735766696217
10362,1,0,0.1427423821801519
10363,5,0,0.18387280235706063
10364,5,0,0.08903222662418465
10365,5,0,0.21056753801876993
10366,2,0,0.09809825512791127
10367,2,1,0.4827037367266949
10368,4,0,0.10685049725362651
10369,5,0,0.08422845826925322
10370,1,1,0.4332935145051366
10371,2,0,0.39450513566369705
10372,2,1,0.2791746934513507
10373,3,0,0.07794212607380246
10374,5,0,0.14786233754473704
10375,5,0,0.044437010487517296
10376,4,0,0.09911126341165066
10377,2,0,0.18001665128078212
10378,3,0,0.21551538095010253
10379,2,0,0.155249379237139
10380,3,0,0.19032248700240195
10381,2,0,0.08804851348742931
10382,1,1,0.11624050366613446
10383,5,0,0.22748288737110656
10384,3,0,0.10802614808309671
10385,1,1,0.7803275842085545
10386,3,0,0.1605791280140717
10387,4,0,0.6435816117660071
10388,1,0,0.16899307408951433
10389,1,0,0.12709791138447774
10390,4,1,0.6669664302284105
10391,1,0,0.6685440705334915
10392,2,1,0.13814197589149024
10393,3,0,0.06251259441726943
10394,5,0,0.032183430414888387
10395,5,1,0.1491838968875079
10396,5,0,0.06279601301379045
10397,5,1,0.5569043135490958
10398,1,0,0.12641985154858792
10399,5,0,0.1753297023263495
10400,5,0,0.22859458844522587
10401,5,0,0.2107071007651568
10402,5,1,0.16966667498604332
10403,2,1,0.11967614584560303
10404,1,0,0.08576833665403011
10405,2,0,0.1772941336362837
10406,4,1,0.5839849250615564
10407,3,0,0.08447853709353051
10408,4,0,0.746879191241276
10409,1,1,0.15180774100201525
10410,2,0,0.09204665138420404
10411,3,0,0.24810136143809194
10412,5,0,0.09511146727579983
10413,2,0,0.08879112423847021
10414,3,0,0.12298542203534632
10415,4,0,0.2397715589817164
10416,5,0,0.10860066531688087
10417,2,0,0.14980707581872127
10418,3,1,0.75850833885012
10419,4,0,0.09168591444737036
10420,2,0,0.32772009215324316
10421,3,1,0.763708694923123
10422,2,0,0.15889545343109587
10423,4,1,0.31530868843006954
10424,3,1,0.6613674272605364
10425,3,0,0.3502858608346697
10426,4,0,0.29063556656377654
10427,3,0,0.6277789110264427
10428,5,0,0.05800501558618346
10429,5,1,0.25237226265879886
10430,3,1,0.1515569307036638
10431,4,1,0.5620515120881526
10432,3,0,0.1656165039316928
10433,3,0,0.17446875363414618
10434,5,0,0.1338252959935833
10435,2,0,0.7804930955698272
10436,2,0,0.12059948953105061
10437,1,0,0.16345506020572775
10438,3,0,0.21734576243300135
10439,4,0,0.14802743372309957
10440,4,0,0.6925525455958044
10441,4,0,0.08946206150455528
10442,2,0,0.5309997620430601
10443,5,0,0.3406397198349888
10444,4,0,0.09112738064593551
10445,1,0,0.0953601284360068
10446,4,0,0.21152766341533646
10447,3,0,0.20650328915423807
10448,2,0,0.08810804272179032
10449,5,1,0.20324546425468487
10450,1,0,0.21762315904607327
10451,5,0,0.3312398046599961
10452,5,1,0.13721733818411636
10453,3,0,0.17834765898058677
10454,3,0,0.05688057383099057
10455,2,0,0.37238600308663
10456,3,0,0.36825159181657424
10457,2,1,0.6842452736919532
10458,3,1,0.1623579803361175
10459,3,0,0.13085822984042064
10460,2,1,0.4743492399115011
10461,5,0,0.23699656206292494
10462,5,0,0.0321681730661967
10463,1,0,0.15120011874715353
10464,2,0,0.09176323547179249
10465,1,0,0.19890044009957947
10466,5,1,0.11292428036117967
10467,5,0,0.056736357749880305
10468,3,0,0.1430737246341449
10469,5,0,0.11427271010263987
10470,5,1,0.10177059075787494
10471,3,0,0.46794603056933365
10472,2,0,0.15378454598691832
10473,1,0,0.08628979013981244
10474,3,0,0.1468977401377991
10475,3,0,0.17985080399275796
10476,4,0,0.10337835153953445
10477,1,0,0.14667361503666979
10478,3,1,0.6587672889690406
10479,4,0,0.17488624731992494
10480,1,0,0.17267599545640486
10481,5,0,0.3746606713045098
10482,5,0,0.4200489027674881
10483,1,1,0.13157025566635935
10484,1,0,0.6707707936994466
10485,2,0,0.16928182639232792
10486,2,1,0.3775027070892316
10487,4,1,0.15836027296891494
10488,2,1,0.28792540901862407
10489,3,0,0.10921647330576785
10490,2,0,0.1731349769178298
10491,5,0,0.18060809727520535
10492,4,0,0.11905719640852763
10493,4,1,0.14748819384270068
10494,3,0,0.13471905586788757
10495,1,1,0.7131366105562194
10496,2,0,0.16956898183030458
10497,5,1,0.11255998985361251
10498,4,0,0.13309834524587602
10499,5,0,0.2779114153670491
10500,5,1,0.17435023145203454
10501,5,0,0.09078767031624736
10502,3,0,0.18626213514241252
10503,3,0,0.15846484142228973
10504,4,0,0.08988538675586948
10505,3,0,0.14816260934522232
10506,5,1,0.21831843072868934
10507,2,0,0.1605173875689808
10508,3,1,0.16661281799868466
10509,3,1,0.755281782754096
10510,2,0,0.09195068856373724
10511,5,0,0.10053132865407281
10512,2,0,0.12716071031150078
10513,2,0,0.08857965109353247
10514,4,0,0.09174985184548527
10515,3,1,0.758232343509986
10516,4,0,0.13341287603301033
10517,5,1,0.07240743350338223
10518,3,0,0.087269586921818
10519,4,0,0.09074716982682146
10520,4,0,0.20295194553129128
10521,3,0,0.07036469031850288
10522,3,1,0.6685378166679605
10523,3,1,0.27397484978852554
10524,5,0,0.1761188828567287
10525,1,0,0.08591959355478287
10526,2,0,0.13282052401876937
10527,2,0,0.1712348466096437
10528,2,0,0.09075463729658571
10529,2,0,0.09372430565781112
10530,5,0,0.05999152895963002
10531,3,0,0.06396215203024135
10532,3,1,0.19559616418251896
10533,4,1,0.13689383469567024
10534,3,0,0.8361862304324079
10535,2,0,0.6997714448608762
10536,3,0,0.16533237181040147
10537,2,0,0.1294604747504394
10538,1,0,0.09503831437389096
10539,1,0,0.08687054253912711
10540,2,0,0.1807782284654843
10541,5,0,0.36175091609748417
10542,3,0,0.08857235212703822
10543,5,0,0.03751408562525567
10544,4,0,0.0927838985106095
10545,3,0,0.1528118775981469
10546,1,1,0.15453735102930322
10547,1,0,0.12471341614611126
10548,4,0,0.12612085776865872
10549,5,1,0.7191685733603596
10550,4,0,0.17746343780159465
10551,3,0,0.05047831645451195
10552,5,0,0.07810235478760537
10553,2,0,0.25778842989864725
10554,2,0,0.09034119707928638
10555,4,0,0.14404938626413272
10556,3,0,0.1206937672160722
10557,1,0,0.08584609686537263
10558,2,0,0.09616841826157621
10559,2,1,0.7453833727388661
10560,1,0,0.25100239912426137
10561,3,0,0.0778630951619746
10562,2,1,0.26488693726228935
10563,4,0,0.13886935923981059
10564,1,0,0.6173782377220064
10565,3,0,0.5380220800406127
10566,1,0,0.08619519806973878
10567,3,0,0.15940262726576354
10568,4,0,0.19089920272030386
10569,2,0,0.1653751660275918
10570,2,0,0.09569792994021101
10571,3,0,0.09738973963410395
10572,1,1,0.7206577001065302
10573,1,0,0.11657480525482773
10574,2,0,0.08842306447991315
10575,4,0,0.11264739935944992
10576,4,0,0.09091977878804598
10577,2,0,0.08801502051662377
10578,5,0,0.06920696895089175
10579,1,0,0.11904728841591372
10580,5,1,0.39506811594698904
10581,4,0,0.11725534137935927
10582,4,1,0.7331251147615334
10583,1,0,0.10049278015589874
10584,2,0,0.1162120884769615
10585,4,0,0.10837299023729087
10586,3,0,0.17530964825076698
10587,4,0,0.135789416342961
10588,1,0,0.12813127056334422
10589,2,0,0.13511922880207483
10590,4,0,0.1317770287131687
10591,3,0,0.09266696610058933
10592,1,0,0.0857938347813447
10593,1,0,0.35109672116527363
10594,2,1,0.6974699683426869
10595,3,0,0.260608613213113
10596,1,0,0.17308194641987565
10597,2,1,0.279084041635977
10598,4,1,0.13997152072651844
10599,2,1,0.1287445095253426
10600,1,1,0.25033178812401025
10601,1,0,0.10246180153804922
10602,2,1,0.7446059702097462
10603,3,0,0.06505153707225618
10604,1,0,0.08755490409881043
10605,2,0,0.0927888531290788
10606,1,0,0.0899649461894414
10607,2,0,0.23544307733660755
10608,3,0,0.10671792143429475
10609,2,0,0.13080755562101273
10610,2,0,0.6851431962142881
10611,3,0,0.5942798332842046
10612,2,0,0.09933749801251912
10613,5,0,0.5143108994404799
10614,4,0,0.09633557645595059
10615,2,1,0.20479799212435124
10616,2,0,0.15605422603812788
10617,4,0,0.09815236544472845
10618,2,0,0.2023623899400551
10619,2,0,0.6987401586476121
10620,1,0,0.15620817623253797
10621,5,0,0.06697613751638355
10622,1,0,0.39484151235808457
10623,1,0,0.23398851087418898
10624,3,1,0.47585295577127606
10625,3,0,0.49024293563307764
10626,5,0,0.1511831757286968
10627,1,0,0.18201573236327234
10628,4,0,0.09093152626318506
10629,5,0,0.08520058297217187
10630,2,0,0.3503411355940964
10631,4,0,0.09422698448993039
10632,5,0,0.22863216798728644
10633,4,0,0.12337416432076881
10634,4,1,0.6969607008897077
10635,5,0,0.5864646485392888
10636,2,0,0.14101683552513167
10637,4,0,0.09706727784184743
10638,5,0,0.6719636748058028
10639,5,0,0.43681199359224193
10640,4,0,0.0896336120503579
10641,5,1,0.21648714630957022
10642,5,0,0.05880899418235487
10643,1,0,0.19336909338699135
10644,5,0,0.15714010386587654
10645,3,0,0.137516962838355
10646,5,0,0.7077821661128504
10647,3,0,0.25913242510489426
10648,2,0,0.15554509654477902
10649,4,1,0.7657993091062452
10650,4,1,0.4021984900740718
10651,1,0,0.10285828951446953
10652,4,1,0.09042920489381502
10653,4,0,0.09091185801182242
10654,1,0,0.08596822939118466
10655,5,0,0.11937789998062605
10656,2,1,0.1601419950862903
10657,2,0,0.11228370495988323
10658,1,0,0.16588688795043116
10659,5,1,0.13857478285720096
10660,2,0,0.08984237005194745
10661,4,0,0.13959358585526704
10662,4,0,0.683647860971604
10663,3,0,0.049341533963643096
10664,5,1,0.6230663735080793
10665,1,0,0.6885599920087988
10666,1,0,0.16509126412461203
10667,1,0,0.09957633405869737
10668,5,0,0.11607655956688577
10669,4,0,0.09008107734513644
10670,4,0,0.17288212276824227
10671,4,0,0.23115158315288686
10672,3,1,0.7584835458762486
10673,4,0,0.12630640018804265
10674,5,0,0.28790377356402713
10675,1,1,0.4657412407836912
10676,3,1,0.6899113488224569
10677,1,0,0.3226777655926233
10678,3,0,0.16026427115919786
10679,2,0,0.1059001315633303
10680,2,0,0.6660575416931782
10681,2,1,0.15970738696509085
10682,2,0,0.09189708288139098
10683,2,0,0.1303666503268166
10684,3,0,0.15626676289070157
10685,1,0,0.17085057564095094
10686,1,0,0.13966807165982728
10687,3,0,0.1399985491652056
10688,5,0,0.06418091655851085
10689,5,0,0.10253507172201362
10690,5,1,0.17224881092981575
10691,1,0,0.2130817048788074
10692,1,1,0.4442506337693918
10693,1,0,0.08558400890069405
10694,2,0,0.0964749302086289
10695,3,0,0.06719404935518425
10696,4,0,0.0962213796522874
10697,5,0,0.723711085655163
10698,5,0,0.07530730926967383
10699,3,0,0.3411263532215909
10700,3,0,0.3528896565119469
10701,3,1,0.15580994038212542
10702,1,0,0.09746817955941559
10703,1,0,0.08542912445648683
10704,4,0,0.09171422370433858
10705,4,0,0.1787296105548416
10706,4,0,0.1563197387494183
10707,5,0,0.07033730321682152
10708,2,1,0.4023681011333359
10709,2,0,0.23653015251790555
10710,5,1,0.23930501657897074
10711,2,0,0.08790840487960286
10712,2,0,0.30089638082321424
10713,3,0,0.28351450724777655
10714,4,1,0.39183785190436077
10715,2,0,0.12287154261307143
10716,3,0,0.18038506149728475
10717,4,0,0.08955722330937493
10718,4,0,0.11050163384311784
10719,3,0,0.11639399803261012
10720,3,0,0.15318446576768177
10721,1,0,0.12406800146521431
10722,1,1,0.14654234945102776
10723,4,1,0.2974123980759
10724,3,0,0.08388089752047938
10725,3,0,0.4151051114439724
10726,4,0,0.2216293677191377
10727,4,1,0.1587107768121168
10728,5,1,0.3936046423440644
10729,5,0,0.164415756867547
10730,1,0,0.08699787003280536
10731,3,0,0.07735566694993892
10732,4,1,0.14051213483833586
10733,1,1,0.1306438097301041
10734,4,1,0.28636637557594796
10735,3,0,0.1844350632137048
10736,3,0,0.10225052804366089
10737,1,0,0.20598998291379034
10738,3,1,0.6291850408600854
10739,5,0,0.10437049928564641
10740,1,0,0.2943251438694981
10741,4,0,0.3609344225880369
10742,5,0,0.072114263867812
10743,4,1,0.6745927294153513
10744,3,0,0.06913635027656694
10745,1,0,0.19830862059905466
10746,1,0,0.41287517744410784
10747,4,0,0.1798410262961737
10748,2,1,0.16707393203339865
10749,2,1,0.16260270580054695
10750,4,0,0.16686859558582734
10751,4,0,0.0999812541699
10752,1,0,0.12081578122770276
10753,2,0,0.15775078998314895
10754,1,0,0.19667051097775076
10755,4,0,0.16262248781996178
10756,3,0,0.3893223000463909
10757,4,0,0.1139530500252558
10758,4,0,0.0905390784066195
10759,5,0,0.31334983922062765
10760,5,1,0.829050804026608
10761,2,0,0.2804074648656938
10762,4,0,0.09778283972640746
10763,4,0,0.1850815217397732
10764,1,0,0.08787792296329902
10765,3,0,0.07421446134547671
10766,1,0,0.1243808532890328
10767,4,0,0.13920569190912588
10768,5,0,0.1970949781480952
10769,1,0,0.15396735128249647
10770,2,0,0.09912393798816077
10771,2,0,0.09408792578481516
10772,3,0,0.15836984887744104
10773,1,0,0.19268486208340627
10774,1,0,0.09777573289785478
10775,4,0,0.08919204690322023
10776,3,0,0.05553802093120185
10777,4,0,0.2104628474552143
10778,1,1,0.4480434006582166
10779,1,0,0.14667691318842427
10780,5,0,0.05748107522058809
10781,5,1,0.3061755252672564
10782,3,0,0.7196379196651088
10783,3,0,0.1698559242374058
10784,3,0,0.08580078120856552
10785,1,0,0.08626828699867387
10786,2,0,0.15916016505313033
10787,5,0,0.09839973976929102
10788,5,0,0.1534634676583355
10789,5,0,0.12478976936453164
10790,5,0,0.3249021883981516
10791,5,0,0.08400302698847778
10792,5,0,0.5758094546146769
10793,3,0,0.5938433247723588
10794,1,0,0.15267537075295476
10795,4,0,0.10990752756415696
10796,3,1,0.7732884472815104
10797,2,0,0.3253066528281646
10798,1,0,0.16974377034747867
10799,4,0,0.15484515300687365
10800,1,0,0.0883998322195012
10801,4,1,0.7246630540307564
10802,4,0,0.09043315254639837
10803,2,1,0.08824128601396614
10804,1,1,0.18381839923039686
10805,1,0,0.19202521236437775
10806,1,1,0.16289604923676337
10807,5,0,0.1495764713296571
10808,4,1,0.13057923955725323
10809,4,1,0.7316773857288992
10810,2,0,0.15106081117881115
10811,4,0,0.13520200211543057
10812,2,0,0.09757391468275188
10813,3,0,0.12602666618309996
10814,1,0,0.09411651113780886
10815,3,0,0.10644990565047423
10816,3,0,0.5192623787778177
10817,2,0,0.14513834419370655
10818,3,0,0.15446776594525252
10819,2,0,0.08925732358228047
10820,3,0,0.06312944545859589
10821,3,0,0.07495593490314234
10822,1,0,0.1420617784826118
10823,4,1,0.7687605187494199
10824,2,0,0.08784849776399722
10825,4,1,0.13470898478821355
10826,1,1,0.6818946541272134
10827,3,0,0.07024372453337158
10828,5,0,0.04305748271583606
10829,1,1,0.17571117805699477
10830,3,0,0.09525914036281388
10831,4,0,0.1601173259929301
10832,4,0,0.08994437108790662
10833,1,1,0.6963928616969659
10834,1,0,0.14986795360647343
10835,5,0,0.20136546922543747
10836,1,0,0.1679991929664677
10837,2,0,0.0981345249203912
10838,2,0,0.191371962298552
10839,5,1,0.20998940465204638
10840,2,1,0.20802840338119993
10841,5,0,0.1411453832979105
10842,1,0,0.5276431108923424
10843,4,1,0.7004519444873044
10844,5,0,0.13175890501426366
10845,2,0,0.37432647555485854
10846,5,0,0.2880713893739247
10847,3,1,0.6734875048961007
10848,2,0,0.08857839613486779
10849,4,0,0.1608698558611623
10850,3,1,0.15729108581113965
10851,1,0,0.3881235569540289
10852,2,0,0.08836123229182657
10853,4,0,0.5497638326876015
10854,3,0,0.11579712658767664
10855,4,0,0.09751068248494281
10856,5,0,0.1961594741893785
10857,5,1,0.1690522639391452
10858,3,0,0.08577179870861923
10859,3,0,0.095841575631213
10860,4,0,0.10137063236721884
10861,5,1,0.1399455823263943
10862,3,0,0.07004702050426802
10863,4,0,0.09027684159630882
10864,2,0,0.08784849776399722
10865,4,1,0.21515735673152145
10866,1,1,0.1113925998066499
10867,1,0,0.10562726787527223
10868,1,0,0.1378850943037052
10869,4,0,0.1412835264164025
10870,5,0,0.5562688295136852
10871,4,1,0.7481170426498518
10872,3,1,0.07217881083155044
10873,4,0,0.127002500670213
10874,2,0,0.13860407727262075
10875,1,0,0.11745462896914283
10876,3,0,0.1902768037631474
10877,2,0,0.16884865767539278
10878,5,0,0.2013005826338021
10879,2,0,0.16830656341845374
10880,1,0,0.10149556700086676
10881,1,0,0.12119158277470277
10882,3,0,0.49006293785628685
10883,2,0,0.09677388873132096
10884,2,0,0.2322654554998233
10885,1,0,0.17942815342789953
10886,2,0,0.31337438601398687
10887,1,0,0.17379484784554372
10888,4,0,0.12275754228977342
10889,4,0,0.1351090586586769
10890,2,0,0.23578325079445628
10891,4,0,0.7023818345408648
10892,1,0,0.09577653824660383
10893,3,0,0.10347686400759368
10894,4,1,0.2244625950934848
10895,4,0,0.08921330320404573
10896,1,0,0.16956980193803955
10897,4,0,0.0888343593493042
10898,3,0,0.12346484232755238
10899,2,0,0.09644825771469907
10900,1,0,0.09215321745548934
10901,1,0,0.21413971353603936
10902,2,0,0.09589204228802847
10903,2,0,0.16514964954663117
10904,5,0,0.4624158946826814
10905,4,0,0.1262580978517185
10906,1,1,0.6800793078353979
10907,3,0,0.31518795961792295
10908,2,0,0.13058925331774882
10909,4,0,0.1915851369408346
10910,2,1,0.7575160796661436
10911,5,0,0.08026472965799221
10912,1,0,0.21682699880934683
10913,1,1,0.1617478225273316
10914,2,0,0.1416744632484826
10915,1,0,0.13065956658780023
10916,1,0,0.12963807028962268
10917,4,0,0.1359030287141517
10918,1,1,0.5273983891953844
10919,2,0,0.09561559135026816
10920,3,1,0.17695366665824022
10921,4,0,0.1628961247230984
10922,5,0,0.48837198235296697
10923,4,0,0.09830821779194172
10924,5,1,0.31248536439129476
10925,5,1,0.15567142822284305
10926,4,0,0.09944120234081354
10927,4,0,0.09036726613355076
10928,3,1,0.07998512957608112
10929,5,1,0.13598645383200197
10930,1,1,0.6653588816164452
10931,3,1,0.2721519086416381
10932,5,0,0.08779756830223927
10933,2,0,0.1030869594419692
10934,1,0,0.15308647220533753
10935,2,0,0.09039501590687084
10936,5,0,0.5716219640311921
10937,1,0,0.13284387661856198
10938,5,0,0.06775685166967986
10939,2,0,0.08820364005511211
10940,3,0,0.5711788133872634
10941,2,0,0.18474011743184895
10942,2,0,0.09751105757370071
10943,3,0,0.06712689214282623
10944,1,0,0.12357327069737926
10945,1,0,0.08570880894791857
10946,5,0,0.03611466825192574
10947,2,1,0.6756176391284319
10948,2,1,0.09154183625355468
10949,1,1,0.7512615416604447
10950,2,0,0.2170843299510036
10951,4,0,0.46622073470228875
10952,5,0,0.1351070191923495
10953,1,0,0.1045951165422365
10954,4,0,0.0927838985106095
10955,3,1,0.10145086424321828
10956,2,0,0.16926990742425874
10957,3,0,0.6194943206844823
10958,2,0,0.6855000651393603
10959,4,0,0.15947370547320247
10960,1,0,0.09610254501394068
10961,5,0,0.12469265629370582
10962,4,0,0.09629865120231984
10963,2,1,0.690916927052346
10964,1,0,0.13582976493671786
10965,5,0,0.20556024415779106
10966,3,0,0.1737423539255603
10967,2,0,0.14821690767821005
10968,2,0,0.08821307887485419
10969,1,0,0.17367012404855736
10970,1,0,0.22025428385226203
10971,1,0,0.14165512176107778
10972,3,0,0.31545691205617904
10973,5,1,0.40916770964007554
10974,4,1,0.35384831489307794
10975,1,1,0.7132502374939832
10976,1,0,0.11059656566760931
10977,1,0,0.18737162903769483
10978,4,0,0.1129134256743672
10979,3,0,0.15153369782671064
10980,4,0,0.12697803880562972
10981,5,0,0.7444259327556585
10982,5,0,0.03733003900553908
10983,3,0,0.19046491782993016
10984,4,0,0.13469138902574704
10985,5,0,0.08958256684236628
10986,2,0,0.17191682229802732
10987,3,0,0.17523277939349038
10988,2,1,0.7204101056461756
10989,1,0,0.21040434462768176
10990,4,1,0.4191050977990821
10991,4,1,0.6910850405868142
10992,5,0,0.11112234325592531
10993,5,0,0.3894986217471063
10994,5,0,0.1974434381104147
10995,2,0,0.23067659044876349
10996,1,0,0.13745709085132995
10997,3,0,0.6684510580789313
10998,1,0,0.1430623066977172
10999,5,0,0.1409896018081477
11000,5,1,0.33589376146195354
11001,4,0,0.1239080215409043
11002,5,1,0.1263362510369503
11003,2,1,0.1323946096641773
11004,2,1,0.7122397754506701
11005,5,1,0.4610179471117313
11006,3,0,0.14493160128664154
11007,1,0,0.12646155757422034
11008,3,0,0.14911336379715942
11009,3,0,0.0948629336804304
11010,5,0,0.0783720382549104
11011,3,1,0.9335418458225685
11012,4,0,0.09649045287604212
11013,3,0,0.10778235376142281
11014,5,0,0.10731080793462339
11015,1,0,0.17199289671903673
11016,1,1,0.5315112831710329
11017,2,0,0.6901683868228365
11018,3,0,0.07587065514472262
11019,2,0,0.09544687809624014
11020,2,0,0.31831873643812053
11021,3,0,0.21800883996484768
11022,5,0,0.07993338855090855
11023,5,1,0.6906790526836186
11024,4,1,0.45361977150254845
11025,2,0,0.15439747398136938
11026,3,0,0.2608130744659607
11027,5,0,0.3282991430371002
11028,4,1,0.4310454647949345
11029,5,0,0.47779789016754265
11030,4,0,0.16592166655838647
11031,3,0,0.20432114649089425
11032,2,0,0.08798860637182368
11033,4,0,0.08966642422894758
11034,2,0,0.17317043878154778
11035,3,0,0.06198104977620899
11036,4,1,0.09104506839728194
11037,1,0,0.08753357811153019
11038,3,0,0.22960960666729854
11039,4,0,0.08849085017827807
11040,4,0,0.0894069399893235
11041,1,1,0.2468378641487636
11042,2,0,0.13400535110782302
11043,2,0,0.14267924989459288
11044,2,0,0.17688050105170788
11045,1,0,0.18013576262436903
11046,5,0,0.07577433707219015
11047,2,0,0.08847690165389502
11048,1,1,0.7755179200541737
11049,1,0,0.12258683038469266
11050,1,0,0.10441502106661284
11051,2,0,0.2586035781189159
11052,2,0,0.12082442107293512
11053,3,0,0.062071635635820264
11054,1,0,0.0851201506656927
11055,2,0,0.3263737650690712
11056,4,0,0.13072773147634628
11057,2,1,0.34908143515668516
11058,4,0,0.1555951529340642
11059,4,1,0.5625412073920146
11060,5,0,0.07692855696548474
11061,1,1,0.20298875980038175
11062,3,0,0.15609449054985594
11063,5,1,0.6269992286006084
11064,3,0,0.4554655694935957
11065,2,0,0.17271323210307996
11066,5,0,0.14941856529792502
11067,5,0,0.2346925240655366
11068,1,0,0.2303473229233853
11069,5,0,0.10639843266135893
11070,5,0,0.16091590235366401
11071,4,0,0.10605790138063753
11072,2,0,0.13274689306357562
11073,3,0,0.12688120975509204
11074,3,0,0.13281695590157896
11075,5,0,0.08092237639701144
11076,3,0,0.1467724468925131
11077,2,0,0.10715950767978011
11078,2,0,0.09141635105740827
11079,3,0,0.08358565324391125
11080,1,1,0.49101435084767286
11081,1,0,0.13385589109903723
11082,3,0,0.059643315661612406
11083,3,1,0.7920953010537498
11084,4,0,0.32884858083856894
11085,1,0,0.16383865532624073
11086,4,0,0.11846311715641936
11087,3,0,0.572995710506386
11088,5,0,0.10988695273389305
11089,5,0,0.07795347716235376
11090,1,0,0.16999723685274667
11091,5,0,0.09484574079686034
11092,2,1,0.7362779618205192
11093,5,1,0.14606570037534616
11094,4,1,0.2997078910364006
11095,1,1,0.7065095645657224
11096,5,0,0.21668561665522748
11097,4,0,0.10328034486366319
11098,1,0,0.27017831964826483
11099,3,0,0.1631184656465522
11100,5,1,0.4976060337116641
11101,4,0,0.15953144258888263
11102,2,0,0.7475531450761949
11103,5,0,0.08062723179636386
11104,5,1,0.8433991935539529
11105,4,1,0.25885986096160263
11106,3,0,0.09029441119853042
11107,1,1,0.12500562018337175
11108,3,0,0.06430375321396994
11109,5,1,0.3764763950251428
11110,4,0,0.7331599735584735
11111,3,1,0.056858325752190714
11112,3,0,0.07801549430641974
11113,2,0,0.29087854293463267
11114,1,0,0.09916462101407647
11115,5,1,0.17635783260682217
11116,5,0,0.05285800493085991
11117,3,0,0.12287349128850332
11118,2,0,0.09739880282006784
11119,3,0,0.07065546586133317
11120,2,0,0.1218250726163441
11121,1,0,0.08507674925739686
11122,4,1,0.14657719270129915
11123,2,0,0.28159287232703156
11124,1,1,0.7149144017908783
11125,2,0,0.22959771821791378
11126,1,0,0.08570418703992112
11127,2,0,0.11024027626836527
11128,4,1,0.1385337052942774
11129,1,1,0.13106763158510684
11130,4,0,0.26776685011766
11131,2,1,0.09788599102211697
11132,3,0,0.38583157595629397
11133,1,1,0.6855475318547473
11134,4,0,0.09771159834539299
11135,3,0,0.06578031284501659
11136,1,0,0.0955548279137096
11137,2,0,0.13629491034499372
11138,3,1,0.11003769369116755
11139,1,0,0.10523189502194277
11140,1,0,0.24692026969005462
11141,4,0,0.13148148511025676
11142,2,0,0.3579329714723083
11143,4,0,0.09503304702448687
11144,5,0,0.15706039833630217
11145,3,0,0.23065061756834526
11146,2,0,0.12161758325809766
11147,4,0,0.15091741942820774
11148,1,0,0.09490873978400592
11149,4,0,0.6634904079399666
11150,5,0,0.18258545929220124
11151,5,0,0.11868262256327061
11152,2,0,0.14855846529015185
11153,1,0,0.18907179856699008
11154,4,0,0.2653494118375222
11155,2,0,0.23191600802999063
11156,3,1,0.09481742839875332
11157,5,1,0.1610293270990787
11158,1,0,0.09486569790630998
11159,5,0,0.06499754896170848
11160,2,0,0.09695422325263384
11161,1,0,0.1634246140680118
11162,4,1,0.1740380435604838
11163,4,0,0.12002593789538908
11164,2,0,0.08917004660093314
11165,1,0,0.08592431236025551
11166,3,1,0.14135229444699807
11167,5,0,0.09768681132517353
11168,4,0,0.09135298032670812
11169,3,0,0.6791703063523286
11170,3,1,0.13385272561540953
11171,1,0,0.09057151558177298
11172,3,0,0.6912633774373607
11173,5,1,0.1286085929161166
11174,2,1,0.4665891961421371
11175,1,1,0.08599166406172624
11176,5,1,0.4074046737161287
11177,3,1,0.1575559792190141
11178,4,0,0.16235102953730668
11179,3,0,0.07943830416545039
11180,5,0,0.14668606438353612
11181,4,0,0.11233149831456095
11182,1,0,0.12031120232595648
11183,1,0,0.09358267795691808
11184,5,0,0.13600859885745684
11185,3,0,0.11406213487800768
11186,1,1,0.7567498875021872
11187,1,0,0.08640033372199105
11188,3,0,0.410806236080671
11189,3,0,0.08496940070408542
11190,1,0,0.09968415343919729
11191,1,0,0.12687048600474463
11192,2,0,0.17431236529509053
11193,2,0,0.2130462878943412
11194,5,0,0.14397917130377647
11195,5,0,0.15158167820410728
11196,5,0,0.2614473583926655
11197,5,0,0.07592276549005256
11198,1,0,0.1297313943744393
11199,3,0,0.08274507036505421
11200,1,0,0.1942512926369056
11201,1,0,0.1764149344144933
11202,1,0,0.08870142632492949
11203,2,1,0.08909587877968655
11204,4,1,0.28097810370825793
11205,3,0,0.616250791404322
11206,4,1,0.6806914319079329
11207,1,0,0.10393222368903478
11208,5,0,0.25085642430082317
11209,5,0,0.17536013641886586
11210,2,0,0.08873835925637232
11211,4,0,0.6933596676630368
11212,1,0,0.08650544936754455
11213,3,0,0.16962589019894317
11214,2,0,0.09559412690968926
11215,5,0,0.14601764245669951
11216,3,0,0.5081824615290917
11217,5,0,0.09847158375957249
11218,4,1,0.1444804948738062
11219,4,0,0.26753769928101956
11220,2,0,0.16019954989837318
11221,3,0,0.07541960756144346
11222,1,0,0.08524701480380732
11223,1,0,0.2343423821343802
11224,3,0,0.06912228247461917
11225,4,0,0.13940191112424236
11226,2,0,0.09900379563678012
11227,2,0,0.08844533168593205
11228,5,0,0.04166013858170012
11229,4,0,0.1278601311240861
11230,4,1,0.692122092570105
11231,1,1,0.7622867133801836
11232,2,0,0.14852918397816345
11233,5,0,0.21956843872237222
11234,4,0,0.09529012248953363
11235,1,0,0.10385250351008732
11236,1,0,0.10785642135373341
11237,4,0,0.13623853574724618
11238,5,1,0.32785957889894296
11239,2,0,0.25544245576223434
11240,4,0,0.08862663122324653
11241,3,0,0.21733465415213424
11242,5,1,0.12537194682874883
11243,1,0,0.3962801869385243
11244,1,0,0.15583804657875588
11245,4,0,0.10366820803697442
11246,5,1,0.7319969213697176
11247,1,0,0.17116140032182217
11248,4,0,0.25364369523401836
11249,2,0,0.11704360843770432
11250,5,1,0.19687149405030266
11251,5,1,0.31916215885466487
11252,1,1,0.6743794775293712
11253,5,0,0.1500322880491453
11254,1,0,0.13851765602948607
11255,2,0,0.12030541321350753
11256,4,0,0.5431313297320349
11257,3,0,0.16796771849863482
11258,2,0,0.12548726031322366
11259,5,0,0.3017093564974387
11260,5,1,0.17346603507038125
11261,1,0,0.1425329155434042
11262,2,0,0.17333543598634943
11263,4,0,0.13007083923755547
11264,5,0,0.29442044791779
11265,5,0,0.6667424427075405
11266,3,0,0.16503575274344193
11267,2,0,0.40960987856579345
11268,5,0,0.1782427985830227
11269,5,0,0.1331211912294275
11270,3,0,0.08120601983722238
11271,4,0,0.1667152196162243
11272,3,0,0.06716004127488992
11273,4,0,0.6791875092227952
11274,5,0,0.05188119046298742
11275,4,0,0.1288696250193971
11276,3,0,0.09274363845876005
11277,1,0,0.0886095430050848
11278,4,0,0.17725959132100616
11279,3,0,0.13167182219153759
11280,1,0,0.08654605803612016
11281,3,0,0.09317542414310503
11282,1,0,0.15126912413151072
11283,3,0,0.30382645712388173
11284,3,0,0.07642943021017427
11285,4,1,0.12914888193902876
11286,2,0,0.1328116569359896
11287,2,0,0.09105246271849601
11288,4,0,0.10405281707982647
11289,1,0,0.08715498961720361
11290,1,0,0.151966737359841
11291,4,0,0.08994861717377112
11292,4,0,0.2707634181188607
11293,1,0,0.09404457347828613
11294,3,0,0.0811957953589761
11295,3,0,0.05031028129931126
11296,2,1,0.5359239502366775
11297,3,0,0.42858977538241755
11298,3,0,0.22378818904218456
11299,5,0,0.06378823020439918
11300,4,0,0.2980017565264556
11301,4,0,0.09070373737460635
11302,3,0,0.15587189839589835
11303,5,0,0.10823854059827927
11304,4,1,0.7331410098162741
11305,4,0,0.08945151961150904
11306,3,0,0.0821534234972248
11307,2,1,0.15254711361035336
11308,4,0,0.08988769841930896
11309,5,0,0.19606386500013465
11310,1,0,0.09911671270543755
11311,4,0,0.10252266070601868
11312,2,0,0.09860641148743447
11313,5,0,0.0661275486338679
11314,4,0,0.37464383253074346
11315,2,0,0.3778524373709193
11316,5,0,0.6013195235480504
11317,2,0,0.10875141716612521
11318,1,0,0.16835573745917456
11319,2,1,0.09052959088134897
11320,3,1,0.2305183718280989
11321,3,0,0.07768445842299485
11322,3,0,0.15683513848632352
11323,4,0,0.20918306979296603
11324,1,0,0.10610778404706499
11325,3,0,0.04845277741466762
11326,1,1,0.765615486334389
11327,2,0,0.6892072124665133
11328,1,0,0.4569104411009549
11329,3,1,0.7624626634222649
11330,4,1,0.20406995608012055
11331,3,0,0.07160938687100322
11332,3,0,0.11882559900854159
11333,2,1,0.2928604008916212
11334,4,1,0.10386565413196873
11335,4,0,0.09108133183341524
11336,1,0,0.09298131039265739
11337,4,0,0.09071892521306466
11338,4,0,0.37590611019361775
11339,4,0,0.35900125035812924
11340,5,0,0.11131331137436035
11341,5,0,0.06871582472950791
11342,3,1,0.08091705292551624
11343,4,0,0.1831665604682441
11344,5,0,0.11935357096109292
11345,3,0,0.2334404125988049
11346,1,0,0.14862310129130502
11347,4,0,0.08880677432767983
11348,2,1,0.09466103524254824
11349,3,0,0.2257944301265231
11350,4,0,0.19919344357948854
11351,1,0,0.08663895124451326
11352,1,1,0.1498525190282586
11353,5,0,0.04325135530985002
11354,1,0,0.17855528903547122
11355,1,0,0.18384941310490588
11356,1,0,0.17235934441910966
11357,4,0,0.09765838509171978
11358,5,0,0.1261669601924135
11359,3,0,0.14785031329895654
11360,5,0,0.5510916394300919
11361,4,1,0.10149303388882225
11362,3,0,0.192126401777168
11363,4,0,0.15899135859053573
11364,1,0,0.08599489794522905
11365,5,1,0.6875422049842885
11366,3,0,0.1210916889902535
11367,1,0,0.08679489719798207
11368,2,0,0.21381696740713987
11369,4,0,0.2816958419294849
11370,2,0,0.0978666701034426
11371,2,0,0.23318039241471347
11372,5,0,0.18419749930525406
11373,3,0,0.23379702094270743
11374,4,0,0.20811588288407673
11375,2,1,0.3754425756897766
11376,2,0,0.11316325403651217
11377,2,0,0.24097922617561093
11378,3,0,0.2782230049614202
11379,5,1,0.7229494606817547
11380,4,1,0.5431888657869953
11381,4,0,0.14892000054183466
11382,5,0,0.34939131324183725
11383,5,0,0.0798946385631405
11384,1,0,0.16221787490163034
11385,3,0,0.21392614205487592
11386,2,0,0.09207443637813775
11387,4,0,0.09577268258235677
11388,4,0,0.13988400000738457
11389,2,0,0.08790853692625203
11390,1,0,0.189013162619347
11391,1,0,0.08742189321874912
11392,2,0,0.10965766058692694
11393,1,0,0.15358383571367132
11394,1,0,0.12314485659510686
11395,5,0,0.15774845598990525
11396,1,0,0.08519535612368478
11397,3,1,0.10660974384769602
11398,2,0,0.10752473585717919
11399,1,1,0.7419308588731921
11400,4,1,0.693437632513888
11401,4,0,0.10471769633796764
11402,2,0,0.08951331580398632
11403,4,0,0.17715667765661386
11404,2,0,0.38669593521773576
11405,5,0,0.08926622610613986
11406,4,0,0.15509158320851363
11407,3,0,0.12243517319171167
11408,4,0,0.14403756177011995
11409,3,0,0.07308417802434444
11410,4,0,0.10836235115552587
11411,2,0,0.11056198824486005
11412,4,0,0.10749926599470959
11413,1,0,0.21229654720362393
11414,4,1,0.14312627961447216
11415,2,0,0.24465996800720438
11416,3,1,0.24433172691567862
11417,3,0,0.10503528078119001
11418,4,1,0.7424267757315511
11419,5,0,0.09650420363129648
11420,1,0,0.14001047536257774
11421,3,0,0.12493835246155786
11422,5,0,0.08398959728936721
11423,2,0,0.08825729468356897
11424,1,0,0.12263740165562044
11425,2,0,0.13250528545182597
11426,4,0,0.09025800048598219
11427,5,1,0.25670073033562457
11428,2,0,0.08821307887485419
11429,1,0,0.0898077734903752
11430,3,0,0.16776737590357257
11431,3,0,0.07443783008003754
11432,3,0,0.11988643956403142
11433,2,0,0.12427777148536259
11434,3,0,0.17244081207972325
11435,5,0,0.069550623031969
11436,5,0,0.14638795184416245
11437,1,1,0.6881347481165042
11438,4,1,0.5238423230114656
11439,2,0,0.10578445340950826
11440,3,0,0.2446179359503476
11441,2,0,0.12417892637782756
11442,2,1,0.2285037165817284
11443,1,1,0.08555148992577784
11444,2,0,0.10820321264907919
11445,4,0,0.1279907130514822
11446,3,1,0.8084509638191747
11447,5,0,0.0351775018094443
11448,2,1,0.5823981973595462
11449,4,0,0.08988991026402983
11450,4,0,0.09032594403202288
11451,3,1,0.31190004361473767
11452,4,0,0.09013491836328066
11453,2,0,0.10087202673110199
11454,3,1,0.2739318612114923
11455,2,1,0.16162199783026693
11456,2,0,0.2333089825272968
11457,1,0,0.09857975434834666
11458,5,0,0.665722346174467
11459,5,1,0.6416777809492972
11460,4,1,0.13675928153720623
11461,2,0,0.13003743163437448
11462,2,0,0.5323581801207931
11463,2,0,0.0909806842709365
11464,5,0,0.09124049088852533
11465,4,1,0.4286316719972303
11466,4,0,0.11880914526811145
11467,4,1,0.42447206639612217
11468,2,1,0.12201046488520423
11469,5,0,0.041672920409787116
11470,4,0,0.09256177228888572
11471,5,1,0.32524070713973785
11472,4,0,0.22453592146511497
11473,3,0,0.09047768537342864
11474,5,0,0.03602914622390003
11475,1,0,0.18616501078648615
11476,2,1,0.6881106953186589
11477,5,0,0.1491662254799379
11478,1,0,0.12041854929285804
11479,5,0,0.12219984155859591
11480,5,1,0.7421990480157755
11481,3,0,0.06158528926234068
11482,4,0,0.213963778273464
11483,2,1,0.29930456707134806
11484,5,0,0.3069066422229323
11485,3,1,0.0662048443865248
11486,1,0,0.10761471114095394
11487,4,0,0.1879190891057392
11488,2,0,0.31251434303362113
11489,2,0,0.6687277792120988
11490,2,0,0.09039524064131742
11491,1,0,0.1900118944802944
11492,3,1,0.11926104933937252
11493,1,0,0.08851275545610926
11494,4,0,0.1602918579927891
11495,5,0,0.14760175644609339
11496,5,0,0.12033593474590557
11497,3,0,0.11713543099997231
11498,5,0,0.06968667888376143
11499,2,0,0.5513015731761524
11500,4,0,0.10948486286733697
11501,2,0,0.1349025639284001
11502,2,0,0.10196817348798248
11503,5,0,0.14623844550093326
11504,4,0,0.13582961102068467
11505,5,0,0.1319276545361686
11506,5,1,0.3529963851646105
11507,4,0,0.09863609009760252
11508,5,1,0.14123552760513552
11509,1,1,0.11795043959615867
11510,2,0,0.11768351076832836
11511,4,0,0.12606412742438364
11512,3,0,0.13600659684350921
11513,4,0,0.161614984712993
11514,4,0,0.22572512767442363
11515,3,0,0.09206815946000406
11516,2,0,0.11906777481167664
11517,3,0,0.14215935423545642
11518,5,0,0.22004030099482494
11519,1,1,0.29386143310668145
11520,3,0,0.2241733706767002
11521,1,0,0.6633390443698008
11522,2,0,0.08784849776399722
11523,1,0,0.14069777039146347
11524,2,1,0.13510979867869977
11525,2,0,0.08903186183945115
11526,2,0,0.14053046193632043
11527,3,0,0.16433275614156642
11528,2,0,0.16830020439867183
11529,2,1,0.2285037165817284
11530,4,1,0.1110553171210462
11531,1,0,0.5476953768550211
11532,3,0,0.06873040246646975
11533,1,0,0.12093563291676428
11534,3,0,0.284311157868709
11535,2,0,0.17755506975266258
11536,4,0,0.22453592146511497
11537,2,0,0.0902259267841444
11538,3,1,0.3021128094403946
11539,1,0,0.12832525171365877
11540,2,0,0.09216729604892253
11541,1,0,0.1304897201703788
11542,2,0,0.10514177229913758
11543,3,0,0.05479166146113374
11544,1,0,0.12318925315882943
11545,5,0,0.10168185073076998
11546,5,0,0.059842320093120446
11547,5,1,0.6105476988060454
11548,5,0,0.6894354852138259
11549,2,0,0.17175972765558986
11550,5,0,0.1541737559407645
11551,2,1,0.22872831823030151
11552,5,0,0.11671601401286119
11553,1,0,0.4006664108234337
11554,3,1,0.1554216037797986
11555,4,0,0.1223971344186533
11556,5,0,0.04863208982379297
11557,5,1,0.27482336883539904
11558,3,0,0.09464816730723284
11559,1,0,0.17617780932102461
11560,3,1,0.734016020778531
11561,5,0,0.04575508233227728
11562,1,0,0.13083141145038396
11563,1,0,0.10012351637923109
11564,1,0,0.12335661249807853
11565,1,0,0.13972876734827153
11566,5,1,0.749750654687436
11567,4,0,0.3773900548443279
11568,4,0,0.1356536093760086
11569,2,0,0.12513554753593756
11570,3,0,0.23354417552424278
11571,1,0,0.1348668048534053
11572,2,0,0.10729164346752587
11573,4,0,0.2753118371689577
11574,1,0,0.16290300871148947
11575,1,1,0.6906897098222851
11576,5,0,0.06846514768941057
11577,2,0,0.1742400228995765
11578,1,0,0.08700968693883614
11579,5,1,0.12197560681766026
11580,3,1,0.6033262092869771
11581,4,0,0.08963636261675176
11582,1,1,0.21422581238117694
11583,1,0,0.1658973334625729
11584,3,0,0.0792171924420687
11585,4,0,0.1644081761300715
11586,3,0,0.1862826455828331
11587,4,1,0.7773095168143073
11588,2,0,0.08888014317662836
11589,1,1,0.08687473115781136
11590,3,0,0.5932878014359753
11591,3,0,0.08717218988002064
11592,5,0,0.15949637165189998
11593,4,0,0.10725751158175251
11594,2,1,0.7165376042021251
11595,5,1,0.34385379992340626
11596,5,0,0.19020120769094515
11597,2,1,0.6887985522228935
11598,3,0,0.09933803622346492
11599,4,1,0.26389817430365353
11600,1,0,0.08840932679445009
11601,4,0,0.08941037657039455
11602,4,0,0.1662105151355057
11603,3,0,0.08024100680646527
11604,4,0,0.0900742178639974
11605,5,0,0.132219308604298
11606,5,0,0.15787439691415675
11607,5,1,0.12179975362706258
11608,2,0,0.12941837395993555
11609,2,0,0.1595891464693831
11610,3,0,0.1735090374277893
11611,5,0,0.35458624769232533
11612,2,0,0.08842281680209264
11613,2,1,0.6070973243513365
11614,3,0,0.06741063303204722
11615,3,0,0.059764526303046406
11616,3,0,0.16475796386215225
11617,3,0,0.6566242412441419
11618,2,1,0.09088833464722652
11619,3,1,0.357589951762534
11620,2,0,0.1348649887247779
11621,4,0,0.2613130590818027
11622,1,0,0.7052123471404489
11623,3,0,0.06261087839127627
11624,1,0,0.18982252306859115
11625,2,1,0.32600582579689114
11626,4,0,0.22059854443813323
11627,2,0,0.20032229857819778
11628,4,0,0.11330875954017525
11629,5,0,0.15638723567826288
11630,2,0,0.0892963545873111
11631,3,0,0.1375315974955372
11632,1,1,0.19691484833552744
11633,2,0,0.23348305724609011
11634,1,0,0.09710942232646984
11635,5,0,0.031455294092840744
11636,1,1,0.7142288143272089
11637,3,0,0.0941252939815405
11638,5,0,0.2604313434440312
11639,4,0,0.15281038843432093
11640,2,0,0.08945587403468248
11641,2,0,0.11323171744359241
11642,3,1,0.419399061915607
11643,5,0,0.05683901370078526
11644,5,1,0.40758014689728633
11645,1,1,0.5743993940037235
11646,3,0,0.40544837344057394
11647,5,0,0.145879654098102
11648,2,0,0.141097634758862
11649,3,0,0.11773415399363238
11650,5,0,0.15785571717437502
11651,5,0,0.08484040337727868
11652,4,0,0.15952388532462958
11653,4,0,0.14905318604540202
11654,3,0,0.05184715948154146
11655,1,1,0.12597756628284598
11656,1,0,0.10610829625446647
11657,4,0,0.7353035145620428
11658,1,0,0.10237903296276024
11659,3,0,0.1854678136585651
11660,5,0,0.1715165997109774
11661,4,0,0.0898309797757398
11662,1,0,0.11083452995392243
11663,2,0,0.08828996131551788
11664,1,0,0.10372138873003553
11665,1,1,0.39331088744872184
11666,2,0,0.18374257925489634
11667,4,0,0.12752479942439782
11668,5,0,0.09878780929323147
11669,1,1,0.7881508761986875
11670,3,0,0.13723350832414458
11671,5,0,0.07039038153012483
11672,4,0,0.11077981774982876
11673,5,1,0.36964401336332464
11674,2,0,0.1550659035030177
11675,1,0,0.3981943337685699
11676,2,0,0.18998995075002917
11677,3,0,0.17422058432515072
11678,5,0,0.054594285704324994
11679,4,0,0.2842617674888164
11680,1,0,0.08680130174642742
11681,4,0,0.6123383662726825
11682,1,0,0.18405975406930944
11683,1,0,0.22446721861806934
11684,4,0,0.08955839385401207
11685,2,0,0.38933851047239093
11686,5,1,0.16253053724782862
11687,1,0,0.13442524118532453
11688,2,0,0.15229252293111087
11689,5,0,0.08654429478302256
11690,5,1,0.6367365359670799
11691,3,1,0.07791418428092668
11692,4,1,0.5759503004256317
11693,4,0,0.08967627893468663
11694,2,0,0.15450807644747908
11695,1,0,0.12199161431319615
11696,1,0,0.14931451656469732
11697,5,0,0.6796324579157883
11698,1,1,0.6954418725115501
11699,2,0,0.18924783663801578
11700,4,0,0.11153132847322872
11701,3,0,0.1488524259802097
11702,1,0,0.08631978896985236
11703,2,0,0.21601400751538266
11704,4,1,0.5144000365985941
11705,5,0,0.38755570682882995
11706,2,0,0.08798860637182368
11707,1,0,0.15069180230048165
11708,3,1,0.08153436396093679
11709,2,0,0.1372843869603065
11710,1,0,0.09756215359333566
11711,4,0,0.7041889954492803
11712,1,1,0.8039928054158504
11713,3,0,0.1545512834268578
11714,2,0,0.08915914231609805
11715,1,0,0.16263923036152114
11716,4,0,0.13332174618075288
11717,2,0,0.12233073334995521
11718,5,0,0.04701532982285266
11719,2,1,0.18216089640873284
11720,2,0,0.21578007712809974
11721,1,0,0.2077984412301594
11722,1,1,0.20495024301780498
11723,3,1,0.3516674583206937
11724,3,1,0.7625711416346842
11725,1,0,0.7455753211035816
11726,5,0,0.12996707638345625
11727,3,1,0.3541759473572746
11728,2,0,0.09583432304456466
11729,3,0,0.19891611835442333
11730,3,0,0.17112112934098575
11731,5,0,0.05511382127596283
11732,5,0,0.11578200831465461
11733,3,0,0.10375918250844919
11734,4,0,0.13538857001397947
11735,3,0,0.5492389080074861
11736,5,0,0.3005856246230134
11737,3,0,0.07677476328392534
11738,4,0,0.24373630851403819
11739,5,1,0.46100732978100645
11740,1,0,0.10892956373802755
11741,4,1,0.5396301184205301
11742,2,0,0.20630306015012903
11743,4,1,0.15639317992313703
11744,1,0,0.13119523080862489
11745,2,0,0.09514293417153633
11746,2,0,0.1028536993340518
11747,2,0,0.09832448674289176
11748,5,0,0.08168118282220807
11749,5,0,0.09453992308601931
11750,3,1,0.7002043881891588
11751,4,0,0.12028461608743395
11752,4,0,0.6771170330217698
11753,2,1,0.2471566481463597
11754,1,0,0.19481757747859532
11755,4,0,0.12548609694853496
11756,1,0,0.17002096738868758
11757,4,0,0.1251093538832442
11758,4,0,0.10038227951423084
11759,1,0,0.22143297650283744
11760,3,0,0.07614340313115915
11761,3,0,0.06312991720636026
11762,4,0,0.08875283429943603
11763,5,0,0.08049449332456635
11764,5,0,0.07443451174360685
11765,1,1,0.08670781599183094
11766,2,1,0.13292730605385986
11767,1,0,0.23157232480779297
11768,5,0,0.1168097511369937
11769,4,0,0.1540006488406531
11770,4,0,0.16728787036181622
11771,3,0,0.0963608677203039
11772,5,0,0.27273412391193996
11773,2,0,0.14286520853332357
11774,2,0,0.1743881428610375
11775,2,1,0.10567596463486696
11776,5,0,0.21724658247030873
11777,3,1,0.19360321008945566
11778,5,1,0.16221621591433447
11779,4,0,0.08880900382522446
11780,1,0,0.7251919478089585
11781,2,1,0.3871263197475634
11782,4,0,0.26512557479332194
11783,4,0,0.13001551020713964
11784,1,0,0.1571679649938905
11785,2,0,0.08850151720087936
11786,2,0,0.09204909328259403
11787,3,0,0.0838394936363884
11788,2,0,0.1367068476904364
11789,3,0,0.07847185946459603
11790,1,0,0.18464670820600668
11791,4,0,0.12316887887824693
11792,3,1,0.12247941931248058
11793,3,0,0.164969738017633
11794,2,1,0.09891439180868367
11795,4,0,0.09025862538497953
11796,1,0,0.08887958841812917
11797,3,0,0.14092671580323
11798,2,0,0.7345693284646307
11799,2,0,0.13415450248673827
11800,3,0,0.1986932701335495
11801,3,0,0.17683794567593852
11802,5,1,0.07325964021045116
11803,5,0,0.09112246672188444
11804,4,0,0.7456260560758282
11805,3,0,0.16176860323159414
11806,4,0,0.14333185822866007
11807,4,1,0.34249099941409133
11808,1,0,0.08683624526275077
11809,5,0,0.16054266300298928
11810,3,0,0.10671139491112497
11811,3,0,0.10013898275209619
11812,5,0,0.08162264076877164
11813,1,0,0.15680352180633325
11814,4,0,0.15704603074060516
11815,2,0,0.14999038403164114
11816,2,0,0.2871905278880389
11817,4,0,0.08854701970406649
11818,3,0,0.30328787899869153
11819,3,0,0.10401414530337387
11820,3,0,0.1302556055514354
11821,5,0,0.14909367364535311
11822,1,0,0.09613453937207252
11823,1,0,0.13337538380043432
11824,4,0,0.09002760745641335
11825,1,0,0.33974199843842934
11826,2,0,0.09083416844718215
11827,1,0,0.15371690196900736
11828,3,0,0.07123058939140724
11829,1,0,0.13170662684583803
11830,3,0,0.09720569234348779
11831,3,1,0.16394052234635909
11832,5,0,0.1489667665952383
11833,5,0,0.45443361837402185
11834,2,0,0.1587000523235252
11835,1,0,0.22636342905565973
11836,5,0,0.03374940938120292
11837,4,0,0.09024351305237194
11838,2,0,0.13628064988801225
11839,4,0,0.12182853025076953
11840,4,0,0.6751060970936157
11841,1,0,0.15953101278017356
11842,4,1,0.15091205453837467
11843,1,0,0.24692152095124867
11844,5,1,0.5807993872621681
11845,5,0,0.3569840291899727
11846,4,0,0.2762380248990049
11847,3,0,0.05676157941695623
11848,2,1,0.09697014667577968
11849,5,0,0.057224765673524414
11850,1,0,0.12162374201731788
11851,3,0,0.37413513929744924
11852,2,0,0.0883605903172836
11853,5,0,0.10389349150075149
11854,5,1,0.28317907023709005
11855,3,0,0.25901610518824647
11856,4,0,0.2815620443141511
11857,3,0,0.15876956219892363
11858,2,0,0.3121972654875072
11859,5,0,0.08262061050009048
11860,2,0,0.08915247458239559
11861,5,1,0.11930301620928
11862,3,0,0.1510943339008512
11863,5,0,0.16528466686129753
11864,4,0,0.08854701970406649
11865,4,0,0.3975453988311515
11866,4,0,0.1285579061501294
11867,3,0,0.05392247020994747
11868,4,1,0.23969857291803917
11869,2,0,0.09800984787600905
11870,4,0,0.09254060564207645
11871,5,0,0.228757068891865
11872,2,0,0.0975393450119404
11873,1,0,0.10897512838692192
11874,2,0,0.08804851348742931
11875,2,0,0.1346827490569861
11876,1,0,0.11623898471347134
11877,3,0,0.15263763325776622
11878,1,1,0.6817099140576752
11879,2,0,0.16588092212315428
11880,2,0,0.08807787217135661
11881,3,1,0.14493498114381476
11882,3,0,0.2882569016844929
11883,1,0,0.08697106895055733
11884,1,1,0.0926235001198727
11885,4,1,0.17329686263710067
11886,2,0,0.1507173157016806
11887,1,0,0.17895248177640552
11888,5,0,0.23055970957165123
11889,1,0,0.5223518626540347
11890,1,0,0.08542810894408703
11891,3,0,0.14733182695658562
11892,5,0,0.0697019179551871
11893,3,0,0.13398356926108482
11894,3,0,0.2360314948828351
11895,2,1,0.23993364261670622
11896,3,0,0.17511006423508907
11897,5,0,0.10636789412527943
11898,2,0,0.2129545537408169
11899,3,0,0.062752371917709
11900,5,1,0.0672972832251836
11901,5,0,0.1687344565358974
11902,1,0,0.1632925571239066
11903,2,1,0.46402241817747014
11904,1,0,0.1960277578226427
11905,1,0,0.10965866229099155
11906,3,0,0.08370073863146846
11907,3,0,0.1690016767141771
11908,1,0,0.129308098979218
11909,5,0,0.046544477588020765
11910,3,1,0.12568647925409862
11911,1,0,0.08606781673526823
11912,1,0,0.1440631841480247
11913,4,0,0.197903713884667
11914,3,0,0.10202989120906089
11915,5,0,0.18121499611050923
11916,5,0,0.14185736942197172
11917,2,0,0.23444196261811817
11918,3,0,0.11994439759360405
11919,5,1,0.47073720879634356
11920,4,0,0.13350984978715266
11921,4,0,0.2639543462250686
11922,3,0,0.17815665711639558
11923,1,0,0.09272897262940145
11924,4,0,0.09331562229338189
11925,3,0,0.06574158007741204
11926,4,1,0.2785709758820657
11927,2,0,0.3203885969487464
11928,1,0,0.19385110138350994
11929,2,0,0.1418855114601299
11930,5,1,0.07334724579002914
11931,5,0,0.06327440764191265
11932,1,0,0.16747603738663144
11933,4,1,0.17619783176781736
11934,2,0,0.19446440480031008
11935,3,0,0.14425036469950162
11936,4,0,0.09929495937616367
11937,4,0,0.1685870936204574
11938,3,1,0.4284476706583557
11939,2,0,0.15764055655381956
11940,4,0,0.20048362510520606
11941,3,0,0.06449334199190697
11942,4,0,0.09994007650803165
11943,4,0,0.10149410898105725
11944,5,0,0.11668974742025487
11945,3,0,0.1624550210820125
11946,2,1,0.785427091276146
11947,1,0,0.15783660838655658
11948,3,0,0.15781799852611814
11949,4,0,0.08948883755862588
11950,3,0,0.04991967775317018
11951,5,0,0.09671539047422653
11952,1,1,0.5091392282222196
11953,4,0,0.11434301351848832
11954,2,0,0.09242463583231851
11955,2,0,0.5270379253172589
11956,3,1,0.552855772405009
11957,2,0,0.09887107917985323
11958,1,1,0.3674378361216763
11959,3,0,0.06202489573782284
11960,5,1,0.6676329200959773
11961,1,0,0.15445951766144042
11962,3,0,0.3089360855416484
11963,5,1,0.7149637454135264
11964,2,0,0.5154658748241258
11965,3,0,0.06802075982892462
11966,3,1,0.3737099494081665
11967,5,0,0.535603050368679
11968,2,0,0.08911366485288676
11969,3,0,0.07961926606172694
11970,1,0,0.08672900454207455
11971,3,0,0.07443763782174405
11972,3,0,0.08337409183170923
11973,3,0,0.0737017292787033
11974,4,0,0.08849085017827807
11975,2,1,0.08817281168975545
11976,5,0,0.6324921865976079
11977,1,0,0.08525820106256851
11978,3,0,0.059491097745673405
11979,5,0,0.09473169588860711
11980,1,0,0.18446596437155452
11981,3,1,0.3025989244676596
11982,1,1,0.0875316370244962
11983,3,1,0.13542661802354317
11984,4,0,0.11075084625968236
11985,5,0,0.030467103029843897
11986,4,1,0.27660996853877723
11987,4,0,0.10054479099706957
11988,5,0,0.060957674975101656
11989,2,0,0.09802236974537949
11990,2,0,0.08847676960724585
11991,3,1,0.7956557696125325
11992,4,0,0.17883312944103447
11993,1,0,0.08547151035238289
11994,4,0,0.16791565205819825
11995,1,0,0.09763126525461346
11996,4,0,0.13650695144590577
11997,2,0,0.1255506249425747
11998,2,0,0.09253262794963697
11999,4,0,0.11421829511685407
12000,5,0,0.2852002278926525
12001,3,1,0.7257079781713782
12002,2,1,0.4189709061824091
12003,1,0,0.1442285623376216
12004,3,0,0.05303738772514911
12005,1,0,0.13691972824828635
12006,5,0,0.25020913532419564
12007,5,0,0.30312435315772734
12008,3,0,0.15100281577291425
12009,1,0,0.0851991147266879
12010,5,0,0.04388156300517515
12011,1,0,0.6774804107239026
12012,3,0,0.06419671377484906
12013,4,0,0.131251359447304
12014,1,0,0.10290063028804061
12015,4,0,0.1427291118892799
12016,1,0,0.19632221962850596
12017,1,0,0.08604849355007625
12018,1,1,0.6818140601257501
12019,1,1,0.6833489925390231
12020,2,0,0.14952124804118513
12021,3,0,0.1737450936822271
12022,3,0,0.1617858409405736
12023,4,0,0.15863869640816955
12024,4,0,0.22973078234383845
12025,1,0,0.34816204053324185
12026,5,0,0.18237680490781805
12027,3,0,0.07217311392228208
12028,5,0,0.12415817379298479
12029,3,0,0.184110258222083
12030,4,0,0.16544804248995545
12031,2,1,0.16400491697932204
12032,5,0,0.24634189823283956
12033,3,0,0.1858608146321117
12034,3,1,0.675762661359876
12035,3,0,0.1995640164397859
12036,2,1,0.12462522383833663
12037,5,0,0.3050704017948253
12038,1,0,0.5965210326285396
12039,4,0,0.16935041812873242
12040,1,0,0.08599173289571661
12041,4,1,0.7053402490961089
12042,1,1,0.7332501310899484
12043,4,1,0.7548864233335579
12044,5,0,0.09209380664908216
12045,5,0,0.047656783708726044
12046,1,0,0.08711580320296117
12047,2,0,0.09063264026818187
12048,4,0,0.1015007853935265
12049,5,0,0.28652764960316296
12050,4,0,0.1781393894131731
12051,1,0,0.08893383111626167
12052,4,0,0.1429158222815337
12053,1,0,0.2130660871488659
12054,5,0,0.3115252267283117
12055,1,1,0.08803193228135804
12056,1,0,0.13550308948129852
12057,1,0,0.10320402092522293
12058,5,0,0.05433641027089698
12059,4,0,0.08918882447114125
12060,1,0,0.12474490693101786
12061,1,1,0.4472428014293408
12062,1,1,0.7337292836687784
12063,2,0,0.1396974112881602
12064,2,0,0.1682547936256287
12065,2,0,0.17618984463783333
12066,3,1,0.233642823977252
12067,1,0,0.08619608520174996
12068,1,0,0.5233145505433277
12069,2,1,0.24315672444263753
12070,1,0,0.08663420848759554
12071,4,0,0.3508776993611879
12072,3,0,0.12365071192094634
12073,3,0,0.08050477662420455
12074,1,0,0.08522730185225406
12075,3,0,0.07024776225444777
12076,5,0,0.09854479390553872
12077,4,0,0.0894188011180209
12078,1,0,0.21394316955349346
12079,5,0,0.16569870622054095
12080,5,1,0.5940536356473743
12081,2,0,0.17562877384533482
12082,4,0,0.13455201779140447
12083,5,0,0.06400912087086635
12084,3,0,0.059730875860839985
12085,4,0,0.13600933877860413
12086,5,0,0.07695452826572315
12087,2,0,0.122903666126156
12088,4,0,0.1303991277756319
12089,5,0,0.5704085909707935
12090,3,0,0.17792457409023588
12091,2,0,0.08861224807541526
12092,4,0,0.15289782460363735
12093,3,0,0.07984114775305404
12094,5,0,0.21303662298003465
12095,5,0,0.10699212519646241
12096,2,0,0.16684018847746504
12097,2,1,0.17011761955030288
12098,3,0,0.12708985850053997
12099,1,0,0.15743654372411647
12100,3,0,0.08548410210909056
12101,4,0,0.13131569943910254
12102,4,0,0.10118087299210879
12103,5,0,0.19514738798393333
12104,5,0,0.2125007052417762
12105,3,0,0.08649634245871937
12106,5,1,0.4300864977016898
12107,3,0,0.09878281760091098
12108,4,0,0.34455035039442805
12109,4,1,0.7078888876116886
12110,5,0,0.18360293384971146
12111,1,0,0.16311441503670432
12112,3,0,0.37761262507484017
12113,5,0,0.042637192131991
12114,1,1,0.08643220074922854
12115,2,0,0.09545690864661807
12116,1,1,0.7015554040977335
12117,4,0,0.14733701623519557
12118,1,0,0.23086280954698626
12119,1,0,0.08631394207291844
12120,1,0,0.1988826238869924
12121,5,0,0.31061112383597267
12122,1,1,0.16343465675186034
12123,5,0,0.19928418370767081
12124,3,0,0.12291486044859726
12125,1,0,0.09303264885157776
12126,4,0,0.1330381049269025
12127,1,0,0.10403030282427679
12128,4,1,0.6920047170002557
12129,5,1,0.6867206289290588
12130,4,0,0.09177045205939809
12131,3,1,0.3137725293680609
12132,5,1,0.6868662968354234
12133,4,0,0.33202230021993956
12134,5,0,0.05898128250569761
12135,5,0,0.06939722835934709
12136,3,1,0.8625832503687011
12137,4,0,0.13613360893483087
12138,3,0,0.2672937800271176
12139,2,0,0.1305262842492845
12140,4,1,0.22589723541150614
12141,4,0,0.15203779957936006
12142,3,0,0.09040786718191893
12143,3,0,0.05434903324160081
12144,3,0,0.12513430539034412
12145,5,1,0.14826084633775227
12146,2,0,0.13116017782720643
12147,2,0,0.10406848699024737
12148,4,0,0.09594907601943453
12149,2,0,0.13773982425860612
12150,3,0,0.1452419246996092
12151,3,0,0.18272030006646467
12152,3,0,0.12275301770993644
12153,4,0,0.09081335417660501
12154,1,0,0.14293856756209647
12155,5,0,0.14923113292813908
12156,2,0,0.08903547535291777
12157,5,0,0.12236110387552948
12158,3,0,0.11725811013062563
12159,2,1,0.7194066149646615
12160,2,0,0.12603022741848796
12161,1,0,0.4807302563299745
12162,2,1,0.2285037165817284
12163,5,0,0.1128332876701926
12164,2,0,0.08813777928696225
12165,4,0,0.20138666703790045
12166,2,0,0.14178150373796777
12167,4,0,0.125820920358352
12168,2,0,0.7119159034977107
12169,5,0,0.04195361570476316
12170,3,1,0.15018809298172517
12171,1,0,0.10122499919398921
12172,4,0,0.13078372333552463
12173,1,0,0.09735595195621485
12174,4,0,0.27103252140665196
12175,4,0,0.1550906674364477
12176,4,0,0.1598838124187898
12177,3,0,0.08075227437329473
12178,5,0,0.23900268154805143
12179,1,0,0.17243897075686443
12180,3,0,0.04708998699243696
12181,3,1,0.4460766163867781
12182,2,0,0.22406731626047435
12183,3,0,0.13083892619539622
12184,1,0,0.1714727170178608
12185,2,0,0.09585780832737534
12186,4,1,0.12312062522750213
12187,1,1,0.09159071074043024
12188,2,0,0.15557213127030908
12189,1,0,0.1315590010311254
12190,5,0,0.0301992263370298
12191,4,0,0.4218712754024525
12192,2,1,0.11235370419507251
12193,5,0,0.12331810547517376
12194,2,0,0.14255421873839677
12195,2,1,0.6936553041966478
12196,2,1,0.14632285680902543
12197,5,0,0.1495352162839068
12198,5,0,0.19598384116325757
12199,3,0,0.11005060755176292
12200,4,0,0.09056157352700546
12201,1,0,0.20837468517367302
12202,1,0,0.12682813262493595
12203,5,0,0.05812133531113869
12204,2,0,0.08790853692625203
12205,4,1,0.13941879981435598
12206,3,0,0.22459691312338834
12207,3,0,0.11609580939669618
12208,2,0,0.16065079964364554
12209,5,0,0.3536677539747508
12210,4,0,0.14974454543777246
12211,5,1,0.09757708455749285
12212,4,0,0.16917071322078672
12213,5,0,0.05167908129243284
12214,5,1,0.6635565049494906
12215,3,0,0.18923131387253317
12216,2,1,0.7391198295304853
12217,3,1,0.5560060864264331
12218,4,0,0.08953984984974175
12219,1,0,0.10362116255587163
12220,3,1,0.141638930795546
12221,1,0,0.09514546359723743
12222,1,1,0.6788438817638053
12223,4,1,0.6361389298771484
12224,1,0,0.08712730094644114
12225,1,0,0.09480112215569013
12226,1,0,0.14916884643270298
12227,2,0,0.12670042476115198
12228,5,0,0.1171088264662872
12229,3,0,0.04708363919675925
12230,2,1,0.08841737241953401
12231,4,0,0.20357964966031167
12232,4,0,0.23606031332631733
12233,2,0,0.08821205937668798
12234,3,0,0.15393403030007533
12235,2,0,0.22872061051476678
12236,4,0,0.14755344561144576
12237,5,1,0.4986654305645962
12238,2,0,0.0900110260378542
12239,5,0,0.16513356780953292
12240,5,0,0.16741654865797173
12241,5,0,0.1781597019696391
12242,2,0,0.17792309087233785
12243,3,0,0.6621983153534421
12244,5,1,0.3533968736979649
12245,1,0,0.08624661923514954
12246,1,0,0.15300780245606788
12247,4,1,0.7116948726088075
12248,2,0,0.13442617260016496
12249,4,0,0.09009882551093538
12250,3,1,0.5831800868037307
12251,4,0,0.16126051501769442
12252,2,0,0.24095175244801084
12253,1,0,0.08624661923514954
12254,3,0,0.13813937000963109
12255,3,0,0.06662077028994251
12256,4,1,0.440301904281763
12257,3,1,0.26656678353310065
12258,5,0,0.0632305364928259
12259,2,0,0.10334407971582447
12260,4,0,0.18156128903300914
12261,3,1,0.09926126489358307
12262,1,0,0.48475432400978186
12263,4,1,0.7626837329694152
12264,4,0,0.09119895748604334
12265,1,0,0.1592036925690319
12266,4,0,0.10861057278553728
12267,4,0,0.7644455020673833
12268,1,0,0.15702258991399368
12269,2,1,0.7185856431905568
12270,1,0,0.12052880442185465
12271,4,0,0.2185252052439516
12272,5,0,0.09790810913750153
12273,2,0,0.18003773796539657
12274,1,1,0.08815288247500187
12275,5,0,0.1189214514867446
12276,2,0,0.16020869129765272
12277,5,0,0.041612427206201535
12278,2,0,0.13545537977945776
12279,2,0,0.08790840487960286
12280,4,0,0.1562328003991961
12281,5,0,0.09641012299085204
12282,3,0,0.11852741099790176
12283,2,0,0.12549949652221237
12284,3,0,0.07097556594106451
12285,3,0,0.08030760583204713
12286,1,1,0.28158318048830144
12287,5,0,0.15334620025440626
12288,2,1,0.12075065740014754
12289,3,0,0.2503116573720782
12290,2,0,0.09575427437501255
12291,3,0,0.13906401157696258
12292,4,0,0.17549695288242478
12293,1,0,0.08811651305777511
12294,1,0,0.18950604928891054
12295,3,0,0.15761426683629723
12296,3,0,0.22422329815385322
12297,3,0,0.3365318020033041
12298,3,1,0.18121015460041337
12299,5,1,0.1427524504324619
12300,2,1,0.3587299576401229
12301,5,0,0.13805399407984767
12302,5,0,0.07102225002497392
12303,1,1,0.08765990439069386
12304,2,0,0.11756382604882941
12305,3,1,0.21297780426986723
12306,2,1,0.6763059783154214
12307,4,1,0.518542308163657
12308,2,0,0.25064528993054247
12309,4,1,0.4027428768663325
12310,5,0,0.06279989139997122
12311,1,0,0.08570588686572403
12312,3,0,0.15520030797509834
12313,3,0,0.20944435341974882
12314,2,0,0.1001165462385777
12315,5,0,0.3930184136527362
12316,2,1,0.7387929522362376
12317,5,1,0.2931376279488751
12318,5,1,0.17343527159544936
12319,5,0,0.38075373192961365
12320,4,0,0.21769109931471298
12321,2,0,0.19514753291901177
12322,5,0,0.28486370655725946
12323,3,0,0.14933087789341035
12324,5,0,0.10356732683987899
12325,1,0,0.16317366549583237
12326,1,0,0.1934033647233825
12327,1,1,0.40440986371978793
12328,3,1,0.6380042668367937
12329,2,0,0.1300014345876927
12330,2,0,0.08885698500662009
12331,4,0,0.414666934469467
12332,3,0,0.19283151999630513
12333,2,0,0.1359848103424214
12334,1,0,0.12206925570628176
12335,4,0,0.0946644130026959
12336,2,0,0.10090379551950213
12337,3,0,0.28981561288957197
12338,3,0,0.11004549261742694
12339,3,0,0.08228511362722978
12340,3,0,0.7305552867000839
12341,5,0,0.03905992817358024
12342,4,1,0.14431446309616555
12343,3,0,0.32882715557396736
12344,2,0,0.09176323547179249
12345,3,0,0.15028936988993555
12346,1,0,0.4482534699387945
12347,3,1,0.16440070312802277
12348,5,0,0.40303719131027854
12349,3,1,0.09526586190698748
12350,5,0,0.22653357271000968
12351,3,0,0.407864845567146
12352,3,0,0.0733205848905412
12353,1,1,0.193887885286603
12354,1,0,0.19244277631440465
12355,5,0,0.07719502193752621
12356,5,0,0.15517405606151807
12357,2,1,0.2363269544938942
12358,4,0,0.0979604707586675
12359,4,0,0.17968692208542766
12360,1,1,0.16945530837659462
12361,1,0,0.1621580215183137
12362,5,1,0.6261088430999376
12363,1,0,0.17994504550589444
12364,5,0,0.0660083316408658
12365,5,0,0.18729419310059459
12366,1,0,0.18556033706648312
12367,2,0,0.1307297836426541
12368,3,1,0.615298200176939
12369,4,0,0.15949646393798766
12370,5,1,0.7604070322614902
12371,5,1,0.2348836071433242
12372,1,0,0.17964621185084986
12373,4,0,0.10634731145183411
12374,5,0,0.05840285024362124
12375,2,1,0.3865048282875925
12376,4,1,0.2647187980623481
12377,3,0,0.12046469235286357
12378,3,0,0.37061390944831735
12379,1,0,0.08576199880174662
12380,1,0,0.08749163714169372
12381,3,0,0.1470433535233222
12382,3,0,0.08747613674043465
12383,2,1,0.7085351783706201
12384,4,0,0.12446161055411284
12385,1,0,0.15349754072119562
12386,1,0,0.09552899372399319
12387,4,0,0.19926513465493714
12388,4,0,0.08869032859303404
12389,5,0,0.18138430497106936
12390,3,1,0.4436038249781661
12391,5,1,0.28332292475515275
12392,3,1,0.7169247614276912
12393,4,0,0.10495005390706559
12394,5,0,0.20844957051691235
12395,2,0,0.19843141702719838
12396,5,1,0.13369654588761704
12397,5,0,0.4727710380960933
12398,5,0,0.04512208573508238
12399,5,0,0.03563513081612928
12400,4,1,0.21489026674671324
12401,2,0,0.15688575960821316
12402,4,0,0.12527073627858587
12403,3,0,0.5079389569338586
12404,1,0,0.15920715748981373
12405,1,0,0.2778722940116247
12406,2,0,0.3189707682552606
12407,1,1,0.1552477544970814
12408,1,0,0.11583579765618038
12409,2,0,0.08798860637182368
12410,5,0,0.19589422208195345
12411,3,0,0.062488954672188804
12412,3,1,0.10519256160151369
12413,4,0,0.12184754827673339
12414,1,0,0.16487302299984719
12415,5,0,0.14970218151248504
12416,5,0,0.07009546214535513
12417,1,1,0.0898077734903752
12418,5,1,0.5360494769501815
12419,3,1,0.6147574406181103
12420,1,0,0.1378241571862154
12421,4,0,0.11094255177444527
12422,1,0,0.10378316863656808
12423,4,0,0.10120143263035594
12424,3,0,0.06448562972983762
12425,4,1,0.21332599676091504
12426,4,0,0.21466577562024736
12427,2,0,0.09045701810962122
12428,4,0,0.10252468672535879
12429,3,0,0.14571252870809423
12430,5,1,0.7859714754553035
12431,3,0,0.1448125142494149
12432,2,0,0.12630942301156695
12433,3,0,0.2060002991465771
12434,2,0,0.09538518754951733
12435,2,0,0.17595647709177556
12436,2,0,0.20086039289771287
12437,1,0,0.0903797205343799
12438,1,0,0.159387777143716
12439,1,0,0.11394141530811973
12440,3,0,0.14249050247933928
12441,2,1,0.24078246159960345
12442,4,1,0.15907151943564152
12443,1,0,0.1477617070929189
12444,3,0,0.1857377831566266
12445,5,0,0.14149035975159874
12446,5,0,0.20714816768126967
12447,5,0,0.1007021906182029
12448,3,0,0.18058967167716408
12449,4,0,0.10295201461543341
12450,5,0,0.19749066889267144
12451,3,0,0.06711806716834005
12452,1,0,0.12559654175401108
12453,2,0,0.16192620238797586
12454,5,0,0.08231137495548027
12455,4,0,0.1266076899439419
12456,1,0,0.09451458417346241
12457,2,0,0.1584959268682673
12458,5,0,0.4337161229234125
12459,4,0,0.10114525923797033
12460,1,0,0.08594053843431486
12461,1,0,0.5395983359405134
12462,1,1,0.6753770445490591
12463,2,1,0.15600373060357894
12464,2,1,0.7061095009170869
12465,2,1,0.7511363910704374
12466,5,0,0.24670740367231506
12467,3,0,0.17644759086457196
12468,4,0,0.2405875013971173
12469,2,0,0.13252166071475968
12470,1,0,0.08618917803898576
12471,1,1,0.46212056090722087
12472,2,0,0.08951800446612661
12473,3,0,0.418239747133147
12474,2,1,0.6231195789313786
12475,1,1,0.5236913332454634
12476,4,0,0.14601510959845868
12477,2,0,0.13875713811669865
12478,4,0,0.31679668861224985
12479,3,0,0.08283034183507858
12480,2,0,0.08887141463247014
12481,4,1,0.3989813950943248
12482,4,1,0.7125332912214547
12483,5,0,0.11574815497609696
12484,3,1,0.777851298188751
12485,4,0,0.08948417424567226
12486,2,1,0.22062206074861263
12487,3,0,0.17300921684380402
12488,1,0,0.08621288241799223
12489,2,0,0.10356146888162746
12490,5,0,0.04598571524993959
12491,2,1,0.12466310139969657
12492,2,0,0.08851202543882414
12493,2,0,0.1035677738049685
12494,4,0,0.12209966511679711
12495,1,1,0.6883925881960983
12496,5,1,0.7449469551579034
12497,4,0,0.09745162115110956
12498,3,0,0.30377037210290425
12499,5,0,0.06809299265383457
12500,1,1,0.20892869860875213
12501,3,0,0.35779469546058457
12502,1,1,0.1441175379098156
12503,5,0,0.18927985741607026
12504,4,0,0.10278921270903621
12505,2,0,0.10940122008983308
12506,3,0,0.09657042769470278
12507,1,0,0.14948115471808937
12508,3,1,0.6778325687611463
12509,1,0,0.1380798964552936
12510,2,0,0.23114037744300886
12511,3,1,0.40392278168580775
12512,4,1,0.17239370545410426
12513,2,0,0.13151146113796758
12514,1,1,0.680577412641179
12515,4,0,0.2464551587076753
12516,2,1,0.6964351410916734
12517,1,0,0.11211605419222857
12518,2,0,0.18036261966240194
12519,3,0,0.16939787159053876
12520,5,1,0.7240800590839557
12521,1,0,0.13180180994518523
12522,4,1,0.7814052539182741
12523,4,0,0.39421131875338244
12524,2,0,0.294474363125099
12525,4,0,0.17898203336411478
12526,4,0,0.0891951825515566
12527,1,0,0.13023532409051983
12528,4,0,0.484273576942653
12529,4,0,0.08973822218672337
12530,5,0,0.09295794972839969
12531,3,0,0.10964426036045558
12532,4,0,0.14965083578041324
12533,2,1,0.09561087003970034
12534,5,0,0.059663983998425325
12535,5,0,0.09808241038950759
12536,5,0,0.6346362770942785
12537,3,1,0.8850881082594787
12538,2,1,0.18061440439337556
12539,2,0,0.160975170310111
12540,2,0,0.17182537089678157
12541,3,0,0.07605385546639987
12542,1,0,0.49750770917022136
12543,5,0,0.5585813112854268
12544,2,1,0.6965314659641777
12545,1,0,0.18842191307737854
12546,2,1,0.7415099197467615
12547,5,0,0.07975709175368786
12548,5,0,0.14525941397339442
12549,3,0,0.31673896225742004
12550,1,0,0.14754047336682663
12551,2,1,0.37397977016171857
12552,1,0,0.2780032824859727
12553,3,1,0.7012788219408161
12554,5,0,0.29313029460038736
12555,1,0,0.14283624737474512
12556,5,1,0.3792008143974669
12557,5,1,0.10457670233207228
12558,4,0,0.22434258769907833
12559,5,0,0.15461675896847774
12560,5,1,0.11571047604392411
12561,4,0,0.17136333979258267
12562,2,0,0.1357916591564656
12563,3,0,0.7087488264826458
12564,1,0,0.23515259977466424
12565,2,0,0.20102000045593268
12566,1,0,0.1846329655775707
12567,5,1,0.298137536670668
12568,5,0,0.030544890041300267
12569,3,0,0.1574322726447018
12570,3,1,0.3184265490006867
12571,4,0,0.0887271628084998
12572,4,0,0.09823561930513755
12573,2,1,0.6484322665755886
12574,1,1,0.1424623366975961
12575,4,0,0.10605447608764386
12576,2,1,0.8088434660738466
12577,2,1,0.16419250923110604
12578,5,0,0.19827726053749048
12579,4,0,0.09262827222231063
12580,3,1,0.16757755510406705
12581,5,0,0.09844302442935828
12582,3,0,0.16241106949206618
12583,4,0,0.1270550764948363
12584,3,0,0.46087352569120593
12585,1,1,0.7395582138182875
12586,1,0,0.1252002725024786
12587,1,0,0.10427856949836613
12588,1,0,0.10153135187389449
12589,1,0,0.13280854572144618
12590,3,0,0.05077088662133111
12591,4,0,0.08918353266270998
12592,2,0,0.08830119312957177
12593,5,1,0.6204945283058236
12594,3,0,0.08599238584607621
12595,3,0,0.18249196345781243
12596,2,0,0.6658398898821317
12597,4,0,0.09055183035803402
12598,1,1,0.2853042130787428
12599,5,0,0.19206707802752632
12600,5,0,0.05751874034676434
12601,5,0,0.051736033534388694
12602,3,1,0.8052204947552428
12603,2,0,0.1745499403233089
12604,4,0,0.09313547918894857
12605,3,0,0.15562532378593405
12606,4,0,0.14923582253154646
12607,2,0,0.15196466216144355
12608,5,0,0.1569147203956347
12609,3,0,0.19287813865448528
12610,3,1,0.5933572768543013
12611,2,1,0.16071901045635584
12612,5,0,0.08845277799291608
12613,2,0,0.09767776726083113
12614,2,0,0.08882232992570113
12615,3,0,0.32702147991282804
12616,2,1,0.5498612548106738
12617,4,0,0.18103169827862037
12618,2,0,0.0887016100927821
12619,4,0,0.12688835702542337
12620,3,0,0.1458151205245181
12621,5,0,0.048748434466514154
12622,1,0,0.48015151921992366
12623,5,0,0.047919874515964675
12624,1,0,0.1128737985899439
12625,5,0,0.09373511938199311
12626,2,0,0.09929748711988319
12627,4,0,0.2249418013027653
12628,1,0,0.22163206667865892
12629,3,0,0.12777594532339825
12630,2,0,0.20632088031311113
12631,4,1,0.1514408867705419
12632,5,1,0.16078226797127132
12633,4,0,0.21525295242841502
12634,3,1,0.2034553635495011
12635,4,0,0.08985831213215673
12636,4,1,0.09630018496832682
12637,2,0,0.09226155590527091
12638,4,1,0.22315546310622808
12639,1,0,0.0861344532418049
12640,5,0,0.1116570444935368
12641,4,0,0.13416551297018514
12642,2,0,0.23809808530598506
12643,2,0,0.1682779562950054
12644,1,0,0.12538561221950523
12645,3,0,0.09183511596828181
12646,1,1,0.1491003354290834
12647,4,0,0.08988860758402759
12648,5,0,0.054945929817732296
12649,3,0,0.13353139749364493
12650,4,0,0.0946459533866694
12651,4,0,0.24274027696370284
12652,3,0,0.21083253740268706
12653,1,0,0.14901337402869333
12654,4,1,0.7010960084622662
12655,5,0,0.11834746379524319
12656,4,0,0.10228314834423678
12657,3,1,0.4294856440289839
12658,4,0,0.13801509937747886
12659,5,0,0.06709475769797475
12660,3,1,0.1567836473062326
12661,1,0,0.10292333224156425
12662,2,0,0.15301798153956528
12663,3,0,0.20396929334240524
12664,4,0,0.12957854766206006
12665,1,1,0.5563797646911492
12666,1,0,0.3826048696079569
12667,4,0,0.08918141643150042
12668,2,0,0.165019242222328
12669,2,1,0.6145636007915306
12670,2,0,0.24181260285229697
12671,2,0,0.08866776534825006
12672,1,0,0.18461181809500846
12673,3,0,0.16148138515253027
12674,1,0,0.10760474700212147
12675,5,0,0.07300702861952839
12676,4,0,0.10053485225792133
12677,1,0,0.2725685532174481
12678,4,0,0.1596758512341807
12679,1,0,0.14431041374865433
12680,4,0,0.08890502267051553
12681,1,0,0.10064982010307179
12682,1,0,0.35286758750551167
12683,1,1,0.5219342711867379
12684,3,0,0.16037391828667152
12685,3,1,0.25254167828110513
12686,1,0,0.19261468923099634
12687,5,0,0.17295442447501513
12688,3,0,0.14210004468562937
12689,5,1,0.5853638726369307
12690,4,1,0.18213633519685363
12691,3,0,0.28151245200442815
12692,3,0,0.07377354781799508
12693,2,0,0.14272647159214555
12694,5,0,0.6060489023132781
12695,3,0,0.6366795902114615
12696,4,0,0.3205690962661885
12697,5,0,0.27523334150362794
12698,5,0,0.19417618757828137
12699,3,0,0.17533466600020287
12700,5,0,0.19154173376088646
12701,4,0,0.08958643313279992
12702,3,0,0.12720692986260554
12703,2,0,0.09012378200349928
12704,3,0,0.3262108072841489
12705,5,0,0.2186066608612078
12706,3,1,0.38752443568853445
12707,2,1,0.33917596965342894
12708,3,0,0.07843355393183893
12709,5,0,0.3193565027282167
12710,1,0,0.08548305089506933
12711,1,0,0.487131432127069
12712,4,0,0.15078219183261116
12713,5,0,0.1711418738348451
12714,3,0,0.10310512429465467
12715,4,0,0.09629240411246026
12716,3,0,0.06433057600608368
12717,3,0,0.09545899863912444
12718,5,0,0.7436701149841368
12719,2,0,0.4134872854145865
12720,4,1,0.09833738927137077
12721,5,1,0.1643281135426369
12722,5,0,0.04547705408357607
12723,1,0,0.11772114415416439
12724,2,0,0.12490035658803011
12725,2,0,0.08892858134956202
12726,1,0,0.0857708804920441
12727,2,0,0.09212917388231683
12728,1,0,0.21058255860238206
12729,5,1,0.4834693201383538
12730,4,0,0.12000945346544535
12731,1,0,0.13671240714461227
12732,5,0,0.39678818976817476
12733,4,0,0.13943704690498251
12734,2,1,0.6867461890181499
12735,4,0,0.14341039260100438
12736,2,1,0.38876879960991984
12737,4,1,0.22434258769907833
12738,3,0,0.14575681814496502
12739,3,1,0.7782268879376365
12740,2,0,0.44310306585242804
12741,1,0,0.1263368340358718
12742,1,0,0.15136458147398882
12743,4,0,0.08875283429943603
12744,4,0,0.1621240555288329
12745,2,0,0.23573088566243355
12746,2,0,0.08924489981794775
12747,2,1,0.24880203234286494
12748,1,1,0.7386382937767099
12749,2,1,0.27015619602013174
12750,4,1,0.0901060817259351
12751,4,0,0.16012639159215525
12752,3,0,0.048661640973540504
12753,4,0,0.08878886125219544
12754,3,1,0.31311035993528086
12755,1,0,0.0853125255776033
12756,5,0,0.09525538188724608
12757,2,0,0.11746515037424135
12758,3,0,0.13766811139454474
12759,2,0,0.08900149203974685
12760,1,0,0.11157697713300432
12761,2,1,0.1065926055438477
12762,1,0,0.0866427096251973
12763,4,0,0.21073629277103917
12764,1,1,0.0898077734903752
12765,4,1,0.6950508913962408
12766,3,0,0.0751986092475148
12767,1,1,0.17822089243807507
12768,1,1,0.7567923827151789
12769,2,0,0.2835665105135888
12770,1,1,0.2863472374670614
12771,5,0,0.5240362969679807
12772,2,0,0.2285037165817284
12773,2,1,0.7475630141169028
12774,1,1,0.2778722940116247
12775,4,1,0.6852043270120239
12776,3,0,0.2604064223903309
12777,5,1,0.14376010176390186
12778,3,1,0.12603125484386943
12779,4,1,0.7126047950927396
12780,3,0,0.15023966885254086
12781,1,0,0.08537714610241924
12782,1,0,0.19580044695392676
12783,4,1,0.6658243666052495
12784,1,0,0.08875382067992109
12785,1,0,0.11310977730768754
12786,4,0,0.1163221104567933
12787,4,0,0.1466507398772625
12788,4,0,0.20178803060038036
12789,1,0,0.35068030822805796
12790,3,0,0.17240713953758818
12791,4,0,0.0894645310304273
12792,5,0,0.061338102611210414
12793,2,0,0.1378171216334991
12794,3,0,0.08602792135764123
12795,3,0,0.062256735294751675
12796,1,0,0.08653280769367225
12797,2,0,0.08886117830930922
12798,4,0,0.08886294385346823
12799,4,0,0.2409750964616244
12800,1,0,0.13165755144084287
12801,3,0,0.3970202630878985
12802,3,0,0.5752521682574605
12803,4,0,0.09169606878548646
12804,3,1,0.4590908093524154
12805,3,0,0.18010179556223765
12806,3,0,0.11803929632740424
12807,2,0,0.0879950417304966
12808,1,0,0.13061634603415279
12809,3,0,0.20177404712686026
12810,3,0,0.6293445225081117
12811,5,1,0.21353748240294917
12812,2,0,0.12663444605720428
12813,1,0,0.08633008732046553
12814,1,0,0.2641092919156155
12815,5,1,0.12660956834461376
12816,2,0,0.17928946173950633
12817,2,0,0.09099745847159177
12818,4,1,0.2741015285749402
12819,4,0,0.09547171463659332
12820,1,0,0.15250900353944766
12821,4,0,0.17814347756038335
12822,2,0,0.7192731054624886
12823,5,0,0.051136059080646334
12824,1,0,0.09386029790785808
12825,2,0,0.09712351955640532
12826,5,1,0.5714138343563954
12827,3,0,0.16125533074889364
12828,4,0,0.09050605381177797
12829,2,0,0.2263451304030398
12830,4,0,0.3243634998983209
12831,2,0,0.1729387441744432
12832,1,1,0.14066326630743828
12833,5,0,0.1439047001042397
12834,3,0,0.06790936615718195
12835,3,1,0.5962431867327208
12836,4,0,0.14733658227662813
12837,2,0,0.08784849776399722
12838,3,0,0.22993084682987633
12839,3,0,0.7916872632186367
12840,1,1,0.44389714299162913
12841,4,1,0.09881184244148172
12842,4,1,0.7177644438144952
12843,3,1,0.4508430707660162
12844,2,0,0.1419988572824405
12845,5,0,0.06009868470139104
12846,1,0,0.366223680580039
12847,5,1,0.160221643326806
12848,3,0,0.1506493369267314
12849,5,0,0.0549796095237053
12850,2,0,0.12439897470514444
12851,3,1,0.138752370773997
12852,3,0,0.055101881924224945
12853,2,1,0.6196691329834562
12854,5,0,0.05443719742773429
12855,4,0,0.10143835647094417
12856,4,0,0.09035411758105417
12857,4,0,0.09471841271314639
12858,3,0,0.07614163045943163
12859,4,0,0.10481673671284307
12860,4,0,0.12174658546988207
12861,4,1,0.2716662063832423
12862,1,0,0.12840175344711066
12863,5,0,0.19109037177408325
12864,4,0,0.09162856276285442
12865,3,0,0.07022656883804153
12866,2,1,0.7066236400019449
12867,5,1,0.31108677514581157
12868,4,0,0.17057551758357048
12869,4,0,0.14094619174717385
12870,1,0,0.0898077734903752
12871,4,0,0.1188123375508929
12872,1,0,0.24648187509412733
12873,3,0,0.5674522153637315
12874,4,0,0.12021881567478868
12875,3,0,0.12067814635451218
12876,3,0,0.10029204522106813
12877,1,0,0.18702144872047996
12878,3,0,0.10335905323332824
12879,3,0,0.04670727993129577
12880,4,0,0.12970661862812458
12881,5,0,0.12408792298655055
12882,3,0,0.14616994809543143
12883,3,1,0.08191780545075945
12884,4,1,0.2814605030992581
12885,2,0,0.12418012300757121
12886,3,0,0.19652907687253485
12887,4,0,0.6818074376388378
12888,4,0,0.11644385669896362
12889,5,0,0.44967864791288126
12890,1,0,0.08780240169149399
12891,5,0,0.1561905206449819
12892,3,0,0.09959373347834227
12893,4,0,0.15229438174166918
12894,3,0,0.05565080110682926
12895,2,1,0.09025145414594835
12896,3,1,0.81088068828343
12897,5,0,0.05188836959056484
12898,1,1,0.7678647028953239
12899,5,0,0.05262360765281313
12900,4,0,0.10880278032743068
12901,4,0,0.09386022067684352
12902,4,0,0.7427538657771852
12903,3,1,0.08152413801927773
12904,5,0,0.08473208592030648
12905,2,1,0.11556140352111931
12906,3,0,0.7205567761366934
12907,1,1,0.3296296893001904
12908,1,0,0.08691774882885898
12909,4,0,0.18881456582485556
12910,2,0,0.09053514340388019
12911,2,1,0.09667843227540937
12912,5,0,0.11834594920717054
12913,3,0,0.23195978710125076
12914,2,0,0.08784849776399722
12915,2,0,0.08973196930497171
12916,2,0,0.09923642764459122
12917,2,1,0.22188219722108068
12918,5,0,0.13078645748164505
12919,3,0,0.09784510188533435
12920,5,0,0.07568510517173327
12921,3,0,0.30515801135422493
12922,3,0,0.10464914750367535
12923,4,0,0.18806475475149484
12924,1,1,0.1885473395951501
12925,2,1,0.6515857405803945
12926,5,1,0.21006738974502648
12927,2,1,0.2519036967387632
12928,4,0,0.1613101352112388
12929,2,0,0.09391677417085867
12930,1,1,0.6993472808275893
12931,2,1,0.09527432303871207
12932,1,1,0.1290244039415448
12933,3,0,0.134619265566132
12934,2,0,0.09105080090454604
12935,1,0,0.0985152409869918
12936,2,0,0.1409821237567597
12937,4,0,0.13943803929235393
12938,3,0,0.1112844157094499
12939,3,0,0.14919405310856435
12940,4,0,0.09614055712249947
12941,3,0,0.14025414496620162
12942,2,0,0.4719449963411662
12943,3,0,0.08827428431068596
12944,3,0,0.08931848762672694
12945,4,0,0.09790247387474357
12946,3,1,0.761626760376635
12947,3,0,0.1527939715297324
12948,1,0,0.08700362751126171
12949,4,0,0.15709194407649335
12950,5,0,0.051518035286062594
12951,1,0,0.15763197555222982
12952,3,0,0.10902440832295315
12953,1,0,0.22424069715339837
12954,3,0,0.06615102070904828
12955,1,1,0.5012070167386932
12956,3,0,0.13933966265601092
12957,3,0,0.0813002409525872
12958,5,1,0.3585064092561494
12959,3,0,0.13777751509109237
12960,4,0,0.09992095157581246
12961,5,0,0.16489479941045185
12962,1,0,0.16131562224330165
12963,4,0,0.08892409066194784
12964,3,1,0.22259204275896388
12965,4,0,0.1662952257031531
12966,3,0,0.13190017783586483
12967,2,0,0.15440235616707074
12968,2,1,0.21396068982418592
12969,4,0,0.0892330834013848
12970,5,0,0.059556171106730345
12971,1,0,0.08804562107266509
12972,1,0,0.18755504090714414
12973,5,1,0.4566145307856023
12974,2,1,0.1406175831482582
12975,2,0,0.09958087662845275
12976,5,1,0.5830864763226351
12977,3,1,0.7127288695230595
12978,3,1,0.2811924282643177
12979,1,0,0.1305076573705524
12980,5,0,0.08776695873609357
12981,1,0,0.08604849355007625
12982,3,1,0.14047846305702802
12983,3,1,0.5960853011260513
12984,1,0,0.10360945764638052
12985,5,0,0.09205860123760728
12986,5,0,0.36840455777694464
12987,4,0,0.1830718729410566
12988,2,0,0.08937367225858366
12989,5,0,0.26012267064057465
12990,1,1,0.18596822236847468
12991,2,1,0.1343629224066012
12992,1,0,0.16235408658085898
12993,2,1,0.6856333483336651
12994,4,1,0.11391125232030248
12995,4,0,0.19288142218675428
12996,2,0,0.11867082177102048
12997,4,0,0.15025272453032187
12998,5,0,0.12520444102554779
12999,2,0,0.20768236741306353
13000,5,0,0.46895984815860103
13001,4,0,0.16609672430509614
13002,4,0,0.20504460964637797
13003,3,0,0.10787957686269418
13004,4,0,0.15606229635885988
13005,2,0,0.13497444942659187
13006,5,0,0.1269307269957026
13007,4,0,0.11279904550740767
13008,1,0,0.2778722940116247
13009,2,0,0.15540642738141952
13010,1,1,0.1310333402468457
13011,4,0,0.09199662999136614
13012,1,0,0.11435092010420651
13013,5,0,0.14046210111251223
13014,4,0,0.09010466368798505
13015,2,1,0.6713886040161722
13016,3,0,0.35089163165076565
13017,5,0,0.11994479164598705
13018,1,1,0.2155818349458087
13019,3,0,0.5718141775033816
13020,5,0,0.4301527240984666
13021,4,0,0.13532321380706694
13022,1,0,0.1253045841815574
13023,5,0,0.12581358084833738
13024,2,0,0.21027786547829866
13025,5,0,0.14724119908970323
13026,3,1,0.2711019401017872
13027,3,0,0.16279998388892464
13028,5,0,0.2243568454889778
13029,5,1,0.5692967042055684
13030,1,0,0.15629596025541379
13031,1,0,0.12762015283423736
13032,5,0,0.3626315067390181
13033,2,0,0.08784849776399722
13034,3,0,0.06662628817738966
13035,4,0,0.18924164948363895
13036,2,0,0.2285037165817284
13037,2,0,0.15501694348077236
13038,1,0,0.08528244032638282
13039,4,0,0.12014216009248065
13040,4,0,0.08937284737587087
13041,2,0,0.10841509454854505
13042,4,1,0.09024703573843315
13043,2,0,0.10942053449336855
13044,4,0,0.117428686705068
13045,3,0,0.20872923692291567
13046,5,0,0.056443772068698654
13047,4,0,0.2812496651593626
13048,4,0,0.09721160578539627
13049,4,0,0.28497990770960274
13050,5,0,0.1761127893696042
13051,3,0,0.06089226196312342
13052,5,1,0.07913649433837723
13053,4,0,0.11380285722236223
13054,4,0,0.10136829418493774
13055,2,0,0.12697802948527398
13056,5,1,0.5819073126615737
13057,3,0,0.13527975290658434
13058,5,1,0.17550381000221366
13059,4,0,0.13440914534505616
13060,2,0,0.12679027747477906
13061,2,0,0.16564587852242943
13062,1,0,0.0851991147266879
13063,4,0,0.10062124999418001
13064,2,0,0.11887719805890484
13065,3,0,0.49272356316412513
13066,3,0,0.0917390714981898
13067,1,0,0.34240567975841757
13068,2,1,0.7560818219653384
13069,3,0,0.09722953216085485
13070,1,1,0.7610453711646458
13071,3,0,0.17481935657656783
13072,3,0,0.12118008011387948
13073,1,1,0.6981424238769441
13074,3,0,0.0590437744038956
13075,4,0,0.13137148034403923
13076,1,1,0.6771559229514464
13077,1,0,0.6526426553443053
13078,5,0,0.13057415754831955
13079,4,0,0.14763366344991868
13080,4,0,0.08894243457553468
13081,4,0,0.08973662623490243
13082,2,0,0.15385454463520357
13083,3,0,0.15979140078598736
13084,3,0,0.10312727930292823
13085,1,0,0.21513922225236315
13086,1,1,0.6770057875621377
13087,2,0,0.09028114229796338
13088,2,0,0.08918632075942162
13089,5,0,0.6640940429587556
13090,3,0,0.08480850528354464
13091,5,0,0.05937305172979163
13092,2,0,0.6900205716380243
13093,4,1,0.15812853190317577
13094,2,1,0.27141909399234165
13095,1,0,0.15560203257753508
13096,4,1,0.2872197032892687
13097,5,1,0.7304422333722117
13098,5,0,0.1095745286760524
13099,3,0,0.3141905703515653
13100,1,0,0.08814660863418064
13101,4,0,0.18716810226599287
13102,4,1,0.7729937241240203
13103,4,0,0.09714251990899511
13104,4,0,0.18898149565899267
13105,5,1,0.2018237321740406
13106,5,0,0.04892708173615939
13107,3,1,0.40840471079963353
13108,3,0,0.13475588061544572
13109,4,0,0.08902512438144243
13110,4,0,0.11632177461576364
13111,4,0,0.1318792952886645
13112,2,0,0.1494915850287796
13113,4,1,0.7224319698528394
13114,2,0,0.09032880117329345
13115,2,0,0.15655639854395398
13116,2,1,0.30062642666457723
13117,1,0,0.2148582678989689
13118,3,0,0.4502741257479963
13119,4,0,0.09855219584739074
13120,1,0,0.3394286257910523
13121,1,0,0.24821648233355242
13122,3,1,0.3835107592355262
13123,4,0,0.1100943929870598
13124,3,1,0.17145998175994448
13125,5,0,0.11510862757185655
13126,2,0,0.4032906812354461
13127,1,0,0.12677375641302696
13128,4,0,0.09025472816919956
13129,3,1,0.6113643759270101
13130,2,0,0.12050687472263613
13131,5,0,0.11611442742603546
13132,4,0,0.13565161299230585
13133,4,0,0.08904799224969351
13134,3,0,0.6537553303566551
13135,1,1,0.1949775743342573
13136,5,1,0.2328524754764087
13137,3,0,0.11486516970005883
13138,4,0,0.09101011045531388
13139,5,1,0.12665912425801254
13140,4,1,0.7444298589889671
13141,2,0,0.17358881923639685
13142,5,0,0.20801171877814956
13143,2,0,0.20652759109933289
13144,5,0,0.1548340888666163
13145,3,0,0.06291029455645882
13146,1,0,0.158336422375061
13147,5,0,0.30232683686021666
13148,3,1,0.18106141753893895
13149,4,0,0.12448637088152441
13150,2,0,0.45176002387154024
13151,1,0,0.08637077474285035
13152,4,1,0.09133150376503264
13153,1,0,0.1756493208859105
13154,1,0,0.08624661923514954
13155,1,0,0.12333728475663476
13156,1,0,0.18103353271535005
13157,5,1,0.19246910707112488
13158,2,0,0.22872061051476678
13159,1,1,0.6726997166748134
13160,2,0,0.3645571594679969
13161,1,1,0.08645449415483815
13162,3,0,0.20761331309764916
13163,5,0,0.1807674725255877
13164,4,0,0.1610187698376155
13165,2,0,0.18214272197951595
13166,3,0,0.19397538182608196
13167,5,0,0.16428568274427016
13168,3,0,0.2148352882858913
13169,4,1,0.10434501810753842
13170,4,0,0.091124757748188
13171,4,0,0.23188679546281926
13172,1,0,0.14951924327703922
13173,3,0,0.08365671416050494
13174,1,0,0.13209360250813423
13175,5,0,0.20672116252248313
13176,3,0,0.14835047126575818
13177,3,0,0.07609241093144944
13178,1,0,0.16226136185752096
13179,4,0,0.12943875151616574
13180,5,0,0.4742393255585137
13181,3,1,0.5971075453411683
13182,3,0,0.23516546936604038
13183,1,0,0.14839710253867336
13184,5,0,0.06551052844039004
13185,5,0,0.08384848227843807
13186,1,0,0.09402548280506547
13187,4,1,0.10871854483543075
13188,2,1,0.15987352025988266
13189,5,0,0.2248494497455843
13190,5,0,0.17777778469528643
13191,5,0,0.1105534048837309
13192,1,0,0.10156528878620864
13193,1,0,0.13690391188588266
13194,3,0,0.14201506222984034
13195,5,0,0.17736225708279768
13196,4,0,0.08954687283926076
13197,5,1,0.37080210086286647
13198,3,0,0.17110685816638824
13199,4,0,0.14421616757121153
13200,5,0,0.17063941332534432
13201,5,1,0.1712065954591358
13202,2,0,0.13639575582030408
13203,1,0,0.6810832442755314
13204,3,0,0.10679917205204928
13205,3,0,0.05617164402917079
13206,3,0,0.5278100394666236
13207,2,0,0.27902932308446626
13208,2,0,0.08867335730402898
13209,1,0,0.17561437151792458
13210,2,0,0.1839015569394132
13211,4,0,0.2816432104029583
13212,4,0,0.09107031010840133
13213,3,0,0.17266537608091506
13214,5,0,0.13012874959381068
13215,2,0,0.27561787984660396
13216,4,0,0.1515136212525745
13217,1,0,0.158373330393348
13218,5,0,0.23960390229214912
13219,1,0,0.08746336994705675
13220,5,0,0.08850355724005358
13221,2,1,0.1261462044135348
13222,4,0,0.11140601595377934
13223,4,0,0.12599591247411518
13224,1,1,0.17847396534479085
13225,4,0,0.08996173500280844
13226,5,1,0.7278395844081197
13227,2,0,0.09515133860316033
13228,2,0,0.13854075899345136
13229,4,0,0.09189436680877189
13230,4,0,0.11349218404696729
13231,5,1,0.14272475341347535
13232,1,0,0.12704735313593266
13233,1,0,0.08613009170310514
13234,1,0,0.15461396117295415
13235,1,0,0.11221999810856882
13236,5,0,0.3228901395447964
13237,1,0,0.0871027086764568
13238,1,0,0.09511624155774855
13239,2,0,0.12476577075828954
13240,3,0,0.15055356942384918
13241,5,0,0.10036091443316218
13242,5,0,0.16613299865099906
13243,4,0,0.08986453234631611
13244,1,0,0.13758076503865901
13245,3,1,0.29371372410757407
13246,4,1,0.33307589084418077
13247,5,0,0.06673504945353871
13248,5,0,0.5444974275765535
13249,4,0,0.09250128287939809
13250,2,0,0.13225095725937897
13251,3,0,0.12824214885988103
13252,4,0,0.17714764600514363
13253,3,0,0.08173343108361505
13254,2,0,0.09007079607297311
13255,1,1,0.08649938854872778
13256,5,0,0.09657224397965081
13257,5,0,0.05054870107570689
13258,5,0,0.04839984672281477
13259,3,0,0.1322914433258448
13260,5,1,0.3924002521851199
13261,3,0,0.25864032276413534
13262,3,0,0.059210790853371276
13263,5,0,0.1545037471144496
13264,4,1,0.7721139663063346
13265,2,1,0.7412006861251028
13266,1,1,0.7101961202134847
13267,3,0,0.09813021263765531
13268,4,0,0.08894654253968229
13269,5,0,0.12085050189147425
13270,5,0,0.1553647966762557
13271,3,0,0.08367555706134519
13272,5,0,0.38807313634631785
13273,4,1,0.15217411313569848
13274,1,0,0.14587269990330587
13275,5,0,0.0877417312650441
13276,1,0,0.08591389374134266
13277,3,0,0.16112361772093256
13278,5,0,0.0896171976534371
13279,5,0,0.07648088702289844
13280,5,0,0.04228463437055002
13281,5,0,0.7389393741507948
13282,3,0,0.12711058261440217
13283,2,0,0.17141056168215119
13284,2,0,0.0958428116401528
13285,4,0,0.09005451584530469
13286,1,1,0.32335381179286327
13287,4,0,0.09062283089522973
13288,3,1,0.771000942677912
13289,1,0,0.08822170250443118
13290,2,0,0.2349142358321197
13291,1,0,0.09582534429612584
13292,2,0,0.2788877990586276
13293,1,0,0.17716666381038437
13294,2,0,0.13233599078492786
13295,2,0,0.08912896862644323
13296,2,0,0.08784849776399722
13297,1,0,0.08555148992577784
13298,2,0,0.16242911001174423
13299,1,0,0.1603705763468575
13300,1,0,0.16684582191405006
13301,2,0,0.09006600482154734
13302,1,0,0.08840714314865263
13303,3,1,0.7623020564245128
13304,4,0,0.13479568427130106
13305,4,0,0.0896841596073974
13306,4,1,0.7008663722176437
13307,1,1,0.7031978123952816
13308,1,0,0.24671997403753615
13309,2,0,0.6596909085170238
13310,5,1,0.1915806146324543
13311,2,0,0.23314299758901635
13312,1,0,0.18225203026028647
13313,5,0,0.19093391810038554
13314,5,0,0.04854712086653608
13315,1,1,0.20040516390131108
13316,1,1,0.7500306265565153
13317,4,0,0.09064488486876054
13318,1,0,0.1223908279116681
13319,1,1,0.2632326716058515
13320,1,0,0.28113804219440125
13321,3,0,0.11159742440791495
13322,4,1,0.6997667014220121
13323,5,0,0.1384711382608667
13324,2,1,0.6832087736295086
13325,2,0,0.09010035615832881
13326,5,0,0.18041110207161618
13327,3,0,0.044488222461577076
13328,5,0,0.14905940656106914
13329,5,1,0.5600087667831689
13330,1,0,0.2801636431825379
13331,4,0,0.09160637324760869
13332,2,0,0.14897302944617413
13333,1,0,0.09259315737497725
13334,5,1,0.13856925837305617
13335,5,0,0.11856982913111261
13336,4,0,0.14091901739984652
13337,5,0,0.046137294924584515
13338,4,0,0.08942901690165926
13339,3,0,0.133176334106359
13340,4,1,0.6999362151868128
13341,5,0,0.41978060012917773
13342,4,0,0.09095171906834716
13343,1,0,0.10092239620657362
13344,2,0,0.10127724716495087
13345,3,0,0.6852893902707491
13346,1,1,0.09644526216089803
13347,2,0,0.22634909378299364
13348,1,1,0.2301472356145535
13349,4,0,0.0897080403200033
13350,2,0,0.09237928597440861
13351,1,0,0.25428708668708605
13352,3,0,0.09488370514746187
13353,1,0,0.22518156113538837
13354,2,0,0.16838112492349874
13355,5,0,0.057249443411464866
13356,4,0,0.24325429319321154
13357,5,0,0.1783633178330978
13358,1,0,0.08727256305798718
13359,5,0,0.1612375685118159
13360,1,0,0.09492233254648923
13361,1,0,0.09751827733933444
13362,4,0,0.13589727810729219
13363,5,1,0.5954145192243198
13364,1,0,0.09389213394656092
13365,1,0,0.672884020241553
13366,2,0,0.09582280197401795
13367,2,1,0.6963866310992873
13368,1,0,0.12639963922797195
13369,4,0,0.30027045248131834
13370,3,0,0.050578757467106966
13371,1,0,0.21446072901234
13372,5,0,0.0791016293720494
13373,4,1,0.16875027371086693
13374,2,1,0.5393827822036728
13375,4,1,0.15984492500276426
13376,4,0,0.14144395636315307
13377,1,1,0.21097450411747448
13378,1,1,0.13733171108390146
13379,1,0,0.36714198246449825
13380,2,0,0.09000834030090614
13381,3,0,0.08137904237250161
13382,3,0,0.14098893220063866
13383,2,0,0.17955159988245628
13384,4,0,0.14953823092773408
13385,2,0,0.08784849776399722
13386,2,0,0.12951585052665698
13387,5,0,0.08189227129372499
13388,5,0,0.536166648271658
13389,3,0,0.10342389838766439
13390,4,0,0.14980737420891044
13391,4,0,0.08972401874524076
13392,3,0,0.31775354258753025
13393,3,0,0.21949364434989932
13394,2,0,0.3135780606910132
13395,5,0,0.09965780111705144
13396,2,0,0.18390835559587929
13397,3,0,0.6995990930256616
13398,3,0,0.23430448749581007
13399,1,0,0.1332916571008702
13400,2,0,0.1588590513525441
13401,4,0,0.15828085265026842
13402,3,0,0.12344739466234607
13403,4,1,0.23430297954702164
13404,2,0,0.0883605903172836
13405,2,1,0.7011718586522061
13406,4,1,0.605558244714624
13407,5,0,0.16995463411380776
13408,2,0,0.13874907536148962
13409,2,0,0.27902932308446626
13410,2,0,0.09928937727692182
13411,2,0,0.6779952239592181
13412,3,0,0.09684690029478839
13413,2,0,0.09063099953770953
13414,4,1,0.22917478525267787
13415,4,0,0.7091072578742066
13416,3,0,0.5961532374908782
13417,1,0,0.10427563988762441
13418,4,0,0.12431557902319719
13419,3,0,0.27860277612153583
13420,3,0,0.4214790515332636
13421,5,1,0.5549455963329609
13422,5,0,0.06616900967088142
13423,2,1,0.4410162240503783
13424,5,0,0.10540343396290272
13425,1,1,0.25431167468433524
13426,5,0,0.10304427148590341
13427,2,0,0.13231152514559996
13428,4,0,0.1324823924122666
13429,1,0,0.1356485258808053
13430,2,1,0.745406348669148
13431,1,0,0.18817056339971303
13432,5,0,0.09179881157331211
13433,1,1,0.7650909814937453
13434,4,0,0.0898420259406804
13435,2,0,0.09536235249980085
13436,5,1,0.7103885571895471
13437,3,0,0.06793903856817828
13438,4,1,0.21997141545586976
13439,4,0,0.0903821135578113
13440,1,0,0.1554444145702693
13441,2,1,0.7327147889207367
13442,5,1,0.47252193236195766
13443,3,0,0.1713555928676157
13444,1,0,0.14151139490157194
13445,5,0,0.07349314166083681
13446,3,0,0.16905225176268127
13447,3,0,0.14627158268672052
13448,4,1,0.25900526906814375
13449,4,0,0.17075499005229824
13450,2,0,0.15997579415420402
13451,3,0,0.1996329186488015
13452,1,0,0.23998663595743963
13453,2,0,0.08830119312957177
13454,4,0,0.23155227737553097
13455,1,1,0.10121627843641519
13456,1,0,0.22780517896658914
13457,1,0,0.1835336177093358
13458,3,1,0.13691196078419315
13459,3,0,0.08813257940839299
13460,5,0,0.11175042846661308
13461,5,0,0.10282080466107095
13462,3,0,0.17967708042678676
13463,1,0,0.15619000404305536
13464,5,1,0.5162390650281266
13465,3,0,0.7576019367906424
13466,1,0,0.08931031457088051
13467,5,1,0.30367827501476025
13468,4,0,0.13876291014072745
13469,4,1,0.22672941795517565
13470,3,0,0.10084427771861033
13471,1,0,0.09460321979119653
13472,3,0,0.24544569935254748
13473,2,0,0.1563796092466465
13474,5,0,0.20949507382276558
13475,1,1,0.24700021609038825
13476,4,0,0.13525834835989012
13477,4,0,0.4017452432722253
13478,3,0,0.27626393127833265
13479,5,0,0.18629208017850055
13480,3,0,0.05672555252127899
13481,2,1,0.3239632497234721
13482,3,0,0.1995460881271271
13483,4,0,0.09727021193731128
13484,3,1,0.17893853119602854
13485,5,0,0.3321074643787137
13486,5,1,0.5908998131536104
13487,5,0,0.12213917767421349
13488,3,0,0.1746480678478576
13489,1,0,0.1047731521635947
13490,3,0,0.0859629041119367
13491,1,0,0.13299850912758476
13492,1,0,0.6123440461064994
13493,4,1,0.7283121968326454
13494,2,0,0.21738296575914168
13495,5,1,0.8493183481787272
13496,3,0,0.07351922559605187
13497,5,0,0.18568286928870292
13498,4,0,0.1178879501973111
13499,2,0,0.4548889768340005
13500,1,0,0.1501324205038729
13501,2,0,0.28012200122551534
13502,4,1,0.6768605782933227
13503,3,0,0.8767515289254717
13504,3,0,0.17848819352995293
13505,4,1,0.10686680661751305
13506,5,0,0.10871763882627498
13507,5,0,0.08333779151011182
13508,4,1,0.5369889274325567
13509,5,1,0.40918710371970834
13510,2,0,0.09762252299620973
13511,1,1,0.19642837543537964
13512,2,0,0.09822939195264437
13513,3,0,0.3024903780705039
13514,5,0,0.05825037576185925
13515,3,1,0.257152715540148
13516,4,0,0.1705985351890548
13517,5,0,0.03150926725555063
13518,4,0,0.096120690078167
13519,5,0,0.1294982928033753
13520,2,0,0.14851724045466091
13521,4,0,0.11162553602973328
13522,5,0,0.7519432550886708
13523,2,0,0.6295978549306078
13524,1,0,0.0851991147266879
13525,3,0,0.06442103325540566
13526,4,1,0.6638020742358417
13527,2,0,0.09680712952018582
13528,5,0,0.16931908900685108
13529,5,0,0.17299157668166434
13530,2,0,0.09197300781819842
13531,2,0,0.16550566373544565
13532,2,1,0.15784934511604876
13533,1,1,0.43349541638255423
13534,2,0,0.08830119312957177
13535,3,0,0.050243006785153387
13536,5,1,0.7453425430748566
13537,3,0,0.08861435943075212
13538,2,1,0.13119468279303553
13539,1,0,0.08691453957452487
13540,3,0,0.17817738214477896
13541,4,0,0.08951575511441698
13542,3,0,0.09171194771402758
13543,5,1,0.8656162439063537
13544,3,0,0.11477185260789699
13545,1,0,0.16136874769175108
13546,4,0,0.091214850052261
13547,2,0,0.10990076998783638
13548,5,1,0.5185045522342333
13549,4,0,0.1444177150839547
13550,4,0,0.12817637843689048
13551,3,0,0.19855966949956871
13552,3,0,0.13186298131792104
13553,4,0,0.19695933503129906
13554,5,0,0.1637547889622713
13555,3,1,0.7982508822422263
13556,4,0,0.38662020145262965
13557,5,0,0.16022746928999554
13558,1,0,0.08631380703464878
13559,3,1,0.6653777508959334
13560,2,0,0.08815202021443318
13561,3,0,0.1728037098690866
13562,1,1,0.711962212080889
13563,5,0,0.059962091881185405
13564,4,0,0.09890903536277938
13565,1,1,0.1908824803570151
13566,2,0,0.0918232746340473
13567,3,0,0.08154647686188929
13568,4,0,0.14988749148673766
13569,5,0,0.46522654903409255
13570,1,0,0.1077158780752459
13571,2,1,0.4605466149738267
13572,4,0,0.10109486588573482
13573,4,0,0.13494910928108714
13574,4,0,0.1110639908360189
13575,4,0,0.09318885812510168
13576,3,0,0.08836834118931658
13577,5,0,0.15210572600877995
13578,5,0,0.1835471502187937
13579,1,0,0.08605112764210995
13580,2,1,0.46851378559238477
13581,2,0,0.10596009322856896
13582,2,0,0.3299755761969342
13583,5,0,0.1885464051503301
13584,4,0,0.1684504911056115
13585,4,0,0.1488020924238516
13586,3,1,0.14518328485742535
13587,2,1,0.7119912812951266
13588,1,0,0.0867284326585483
13589,4,0,0.09047924106860883
13590,5,0,0.06371689643056719
13591,1,0,0.21594306204384184
13592,2,0,0.13040555150788008
13593,4,0,0.13628874595661977
13594,2,0,0.6631577694327179
13595,5,0,0.13581527713307015
13596,2,1,0.1460642312857017
13597,4,0,0.14880194741026498
13598,1,0,0.12132885975682167
13599,3,1,0.6914830963838531
13600,2,0,0.09165608694149883
13601,2,0,0.12470906471211328
13602,2,0,0.08905211829890379
13603,1,0,0.10186610903596638
13604,1,1,0.20795452435917441
13605,4,1,0.7905046726508088
13606,4,0,0.7729085908090211
13607,4,1,0.7732898903550885
13608,5,1,0.6140223103296162
13609,5,0,0.04154398583247114
13610,4,0,0.2197462363783888
13611,3,0,0.05168468369780822
13612,3,1,0.21843695322469284
13613,2,0,0.08791494818343767
13614,2,0,0.09201052122354399
13615,3,0,0.06969174517938209
13616,4,1,0.16113946444653915
13617,4,0,0.7700660193778779
13618,3,0,0.0694888468254889
13619,4,1,0.3045336433623732
13620,4,0,0.18452276034130569
13621,1,0,0.6938248703743822
13622,4,1,0.5515968045214681
13623,1,0,0.15210815421926613
13624,5,0,0.13363784298782072
13625,1,0,0.08691104398508288
13626,1,0,0.27443745280717285
13627,3,1,0.15148081420261203
13628,5,0,0.2800558334178466
13629,3,0,0.13828369954681446
13630,3,1,0.07539676607502073
13631,2,0,0.08790840487960286
13632,5,0,0.05487962985680448
13633,1,0,0.17712338258612545
13634,3,0,0.06117951791565426
13635,4,0,0.19482612956319076
13636,3,0,0.26956906889941473
13637,2,0,0.09098049213775691
13638,2,0,0.11961161981822992
13639,5,0,0.22320465929364044
13640,2,1,0.10336063311542022
13641,5,1,0.3022362710503056
13642,1,0,0.17156463828581023
13643,2,0,0.09589006924422924
13644,4,0,0.08947687553286747
13645,1,0,0.15914105345208265
13646,4,0,0.08992146087571502
13647,5,0,0.09788370087001115
13648,1,1,0.32342166093661673
13649,3,0,0.080265122601339
13650,1,0,0.2615091415679445
13651,4,0,0.09013418065319766
13652,1,0,0.20865080676251113
13653,1,0,0.15726447271152202
13654,3,0,0.09591044553280544
13655,4,1,0.6543120538467131
13656,4,0,0.11780838709604162
13657,1,0,0.13824171067036312
13658,2,0,0.6909024734602672
13659,5,0,0.08655154497653376
13660,4,0,0.10142268612370192
13661,5,0,0.08545783906586829
13662,2,0,0.09130646491579864
13663,4,1,0.7468471940587212
13664,5,0,0.07083711148907834
13665,3,0,0.06883064557578886
13666,5,0,0.17401859018261384
13667,2,0,0.08951903257087679
13668,2,0,0.08850151720087936
13669,2,1,0.23015994948315566
13670,1,0,0.11657634161705871
13671,1,1,0.45724918695854216
13672,5,0,0.1994779098242178
13673,1,0,0.14028932249879827
13674,2,1,0.18784205367148468
13675,5,0,0.09140606422668475
13676,2,0,0.09075463729658571
13677,3,0,0.19056327013105762
13678,3,1,0.15335346221563317
13679,4,0,0.08857269119500273
13680,3,0,0.10203928503177047
13681,4,0,0.11352028990113835
13682,5,0,0.05276090333411547
13683,5,0,0.12108078035798206
13684,1,0,0.0852435429424078
13685,4,0,0.12382864268240995
13686,1,0,0.21741045288568636
13687,1,0,0.0880789703255727
13688,3,0,0.16372395362357575
13689,3,0,0.10301863543807732
13690,2,0,0.09056563677942926
13691,1,0,0.24655507779648808
13692,1,0,0.10049399264931591
13693,1,1,0.202686251514729
13694,5,0,0.17154576877876682
13695,1,0,0.10078654737797114
13696,3,1,0.27379143757399804
13697,1,0,0.08649938854872778
13698,4,0,0.15606470890253704
13699,1,0,0.1880439873128716
13700,3,1,0.5180612848572839
13701,5,1,0.21554336631682283
13702,4,0,0.08984367310353826
13703,2,0,0.33400396894499373
13704,4,0,0.11903582310912028
13705,4,1,0.11842919013812948
13706,5,0,0.10969401617683655
13707,5,0,0.651698237716709
13708,2,0,0.1272903350740454
13709,4,0,0.15183582036439522
13710,2,0,0.0881643545577895
13711,3,0,0.1808871389874143
13712,5,0,0.09458615497813791
13713,2,0,0.16476532829236032
13714,3,1,0.15015314234137822
13715,5,0,0.10543727698008108
13716,1,0,0.08856838173866516
13717,2,0,0.1874625415927399
13718,2,0,0.1465147095210778
13719,3,1,0.055025113659703286
13720,2,0,0.0954277448597813
13721,5,1,0.33156811755948595
13722,2,1,0.1737849832608107
13723,1,0,0.11265040660409796
13724,2,1,0.6827591674302521
13725,5,0,0.4459453149223759
13726,4,0,0.1527703137229606
13727,2,1,0.6928575169346306
13728,3,0,0.06921012914946637
13729,5,0,0.761615139332092
13730,1,0,0.13525250250929532
13731,3,0,0.09531034808379402
13732,1,0,0.19470818251245595
13733,4,0,0.09338833653985765
13734,5,0,0.1186745677332155
13735,5,1,0.42839504419467433
13736,4,0,0.08976793310794373
13737,3,0,0.0751049765458189
13738,4,0,0.5312829971176198
13739,4,0,0.17870939552651585
13740,4,0,0.34856471412541595
13741,5,0,0.06352251483005472
13742,1,0,0.09532296107920696
13743,2,0,0.14251903904836738
13744,4,0,0.30169075874333395
13745,1,0,0.10769971426107698
13746,2,1,0.09155627844582169
13747,4,0,0.09748159989873631
13748,2,0,0.2613264203761321
13749,5,0,0.3988190710031079
13750,5,0,0.19127348630423632
13751,4,0,0.10391236359762453
13752,2,0,0.6561213509346956
13753,4,0,0.17936730066848286
13754,5,0,0.11913011529005155
13755,2,0,0.09216597331059143
13756,2,0,0.11505850313985164
13757,2,1,0.27473154599688954
13758,3,1,0.7072701915532467
13759,2,1,0.44533619070512126
13760,1,0,0.09231320392684932
13761,1,0,0.10043426736493555
13762,4,1,0.13279713486334288
13763,1,0,0.08522477105017842
13764,5,0,0.6741019114495218
13765,2,0,0.48294882799256034
13766,2,0,0.18991668265277611
13767,1,0,0.08625468458691833
13768,2,0,0.15885221552698256
13769,3,0,0.09476183586992115
13770,2,0,0.22900768084562526
13771,2,0,0.08855150143877412
13772,2,0,0.08824128601396614
13773,4,0,0.18397793640631757
13774,4,1,0.7803368591704833
13775,2,0,0.34701175718412164
13776,1,0,0.0858771411043217
13777,4,0,0.1519337526622349
13778,1,0,0.13919211441771331
13779,3,0,0.12488907757807563
13780,1,1,0.6762280885856876
13781,3,0,0.15297749775225505
13782,4,1,0.7502517990224984
13783,5,1,0.1468120277717204
13784,3,0,0.13525110882085464
13785,1,1,0.1434184020701263
13786,2,0,0.10267143374427457
13787,3,0,0.1626099392852108
13788,2,0,0.4333405893289104
13789,5,0,0.12719193075015153
13790,1,0,0.1859663947711772
13791,4,0,0.1559579845231962
13792,5,0,0.16428341957191717
13793,2,0,0.24429158829948727
13794,1,0,0.08664636318720896
13795,3,1,0.1972047226059888
13796,5,0,0.24659420036932106
13797,4,0,0.5172668777463661
13798,1,0,0.08607160257085072
13799,3,0,0.5228088417401755
13800,5,1,0.7922774916470293
13801,3,0,0.07246887836497026
13802,2,0,0.0886842120948986
13803,1,0,0.12199103194253472
13804,3,1,0.15813966209944397
13805,2,0,0.3811368190131694
13806,2,0,0.08863617168077666
13807,2,0,0.13130553045627613
13808,3,0,0.0950290323820712
13809,2,0,0.5346469896633302
13810,5,0,0.08032302754326998
13811,3,1,0.767422606661149
13812,5,0,0.028742219510073337
13813,3,1,0.7761426258638935
13814,3,0,0.060454821400543195
13815,5,0,0.612927568690574
13816,4,0,0.0887718485459954
13817,3,0,0.058511352042652086
13818,1,0,0.1270450679353788
13819,5,0,0.13289776615586854
13820,2,1,0.6461700411551767
13821,3,0,0.14590945562026103
13822,3,0,0.11508675454091163
13823,1,1,0.48029409307757975
13824,5,0,0.13583255156120191
13825,4,1,0.7110221940524674
13826,5,0,0.10463333858048761
13827,4,0,0.14180949672817456
13828,4,1,0.15143008494986543
13829,1,0,0.09330795059033548
13830,2,0,0.09028114229796338
13831,3,0,0.13260713166503252
13832,4,0,0.09033250293183523
13833,1,0,0.0984557744350918
13834,2,0,0.13569670749688345
13835,5,0,0.05151564050809181
13836,2,0,0.15029788047732498
13837,3,0,0.28817859305201304
13838,3,0,0.17681141979068443
13839,5,0,0.5097313169283767
13840,3,0,0.7095147070755282
13841,1,0,0.08739380285700787
13842,1,0,0.12350618914827151
13843,1,0,0.37233532286976334
13844,3,0,0.06299981214002612
13845,1,0,0.23733925398476077
13846,1,0,0.39717603077186303
13847,4,0,0.13380230959033973
13848,1,0,0.6992112319389879
13849,4,0,0.13451608521616246
13850,1,0,0.09725682535305087
13851,3,0,0.1772916436459883
13852,3,1,0.08669237205327189
13853,5,0,0.15932073522809953
13854,1,0,0.14019450848029436
13855,2,0,0.10886132157549734
13856,1,0,0.13662085569407342
13857,4,0,0.11154341799049058
13858,4,0,0.15730805628461558
13859,3,0,0.1990395803938802
13860,2,0,0.27892663280374613
13861,4,1,0.09153205021839793
13862,1,0,0.10216515495706578
13863,3,0,0.13548837180164405
13864,3,1,0.13598941701081502
13865,2,1,0.18214043725556298
13866,4,1,0.7554966604391026
13867,5,0,0.1869659514601009
13868,3,0,0.15807509485066715
13869,3,0,0.07632945470665639
13870,2,0,0.1228679969734936
13871,5,0,0.1049291148400676
13872,2,0,0.20983381362009956
13873,1,0,0.14987316740906023
13874,5,0,0.16506854420481926
13875,2,0,0.08801142175191615
13876,4,1,0.6888363285235262
13877,5,0,0.15190387543704528
13878,3,0,0.13187249834084974
13879,2,0,0.1353325942995669
13880,4,0,0.2190558215047105
13881,5,0,0.09085371203788403
13882,1,0,0.666800112016813
13883,5,0,0.09281423347725343
13884,3,1,0.8022925142779662
13885,5,0,0.05881288265831518
13886,5,0,0.2180329801251896
13887,4,0,0.2652046719182266
13888,1,0,0.2778722940116247
13889,4,0,0.1130058896173352
13890,3,0,0.3132753339157289
13891,3,0,0.36134592492686296
13892,1,0,0.11268767282741508
13893,5,0,0.18729834877777346
13894,1,0,0.10947969626922581
13895,5,0,0.14880795100423538
13896,1,0,0.14267421215411671
13897,2,0,0.10668331697415696
13898,5,0,0.21790510481395564
13899,3,1,0.07208726586343447
13900,5,0,0.18868741959043714
13901,3,0,0.5157776984160195
13902,4,0,0.13926769346986315
13903,1,0,0.09276689062163752
13904,5,1,0.14770335220094064
13905,5,0,0.07189511361552185
13906,4,0,0.1376137763185744
13907,1,0,0.08868567824104624
13908,3,0,0.15767967451489193
13909,3,0,0.12578023350633272
13910,3,1,0.6148956584889704
13911,4,0,0.1366570835603654
13912,5,0,0.13058010412828203
13913,4,1,0.11199462227064072
13914,1,1,0.37520340614447983
13915,4,0,0.13770209512933992
13916,1,0,0.14522212498483267
13917,2,0,0.1335608435268429
13918,3,0,0.16069493964301587
13919,1,0,0.14792771181910255
13920,1,0,0.0906735061520298
13921,1,0,0.12339865819888522
13922,4,0,0.10311942695477216
13923,3,1,0.616948958575705
13924,1,0,0.11203049069582563
13925,4,0,0.5343252569805247
13926,2,1,0.7472763354263104
13927,4,0,0.1292057957680138
13928,5,0,0.12760101136009416
13929,5,0,0.15296184256739773
13930,3,0,0.06570312190759857
13931,2,1,0.13289180673557066
13932,1,0,0.1637787521511481
13933,3,0,0.13218101567040358
13934,5,0,0.15176599145691194
13935,1,1,0.5255562891616541
13936,2,1,0.09123420261806345
13937,3,0,0.41980074458833283
13938,1,1,0.3538202167858046
13939,3,0,0.09853887784762697
13940,4,0,0.12370291983011898
13941,5,0,0.06247465382712931
13942,3,0,0.1813636253729841
13943,3,0,0.1425924725580311
13944,4,0,0.09671211261747543
13945,4,0,0.24820423034207978
13946,4,1,0.18191760730026152
13947,4,1,0.10476351790069811
13948,1,0,0.2219843073402615
13949,3,1,0.3436074688490224
13950,3,0,0.7920872955837179
13951,2,0,0.0881014994179555
13952,4,0,0.14353230277556162
13953,5,0,0.11841005337001512
13954,3,0,0.1553349624110785
13955,3,0,0.05221664762947047
13956,2,1,0.08922379922911161
13957,5,0,0.1589041580518065
13958,3,0,0.13144141657004577
13959,3,0,0.07940480786630877
13960,3,0,0.056551526132217325
13961,2,1,0.21454810355880022
13962,5,0,0.09852805022292584
13963,2,0,0.18528023579605787
13964,1,0,0.09790054160827359
13965,1,0,0.13496322127979896
13966,1,1,0.1512190310509578
13967,3,0,0.07369215606477873
13968,4,1,0.6755630503255332
13969,2,0,0.14666273303832414
13970,2,0,0.08998563940009462
13971,2,0,0.11979993041322283
13972,3,0,0.07509822789507843
13973,3,0,0.18022380014747935
13974,2,0,0.09789904986419554
13975,5,0,0.297385730621
13976,4,0,0.289245765834777
13977,4,0,0.11668085630809881
13978,5,0,0.14945164729314778
13979,5,1,0.32150524725462315
13980,4,0,0.11717030973204659
13981,5,0,0.32743372501579526
13982,4,0,0.11199236995613943
13983,4,0,0.0901264217449709
13984,2,0,0.1339794283776434
13985,4,0,0.150732769087489
13986,2,1,0.24011320279022036
13987,3,1,0.1624336529512977
13988,4,0,0.09787693664164844
13989,3,0,0.11959717143896731
13990,2,0,0.14027488895654014
13991,4,0,0.13234936130433564
13992,5,0,0.13064232221973526
13993,3,1,0.39510071828873083
13994,3,0,0.10626859889329617
13995,5,0,0.15633644193549187
13996,2,0,0.1390098290971898
13997,2,0,0.0908069768666128
13998,3,1,0.7318868092143812
13999,3,0,0.25788632116258475
14000,1,0,0.23878162205246153
14001,1,0,0.1505038065145014
14002,2,1,0.09840859146795389
14003,2,1,0.16994852703956598
14004,3,0,0.08786612575141274
14005,3,0,0.14118552459943542
14006,5,0,0.19396374428974003
14007,5,0,0.3330172238869167
14008,4,0,0.28126865883542357
14009,2,0,0.08879455257455185
14010,1,0,0.15219050556064076
14011,1,0,0.13024466618728192
14012,1,1,0.3855431774374916
14013,4,0,0.1210294133587012
14014,4,0,0.1276175474605292
14015,5,0,0.20235226000098147
14016,4,0,0.4115420441657039
14017,2,0,0.2850691918345406
14018,5,0,0.10849773519598901
14019,5,0,0.200470457989207
14020,2,1,0.6977749935138666
14021,2,0,0.18065528040962886
14022,4,0,0.11563272251605733
14023,2,1,0.14254496431860625
14024,3,0,0.07894807812904639
14025,3,0,0.6553661503827588
14026,5,0,0.09530512286180028
14027,3,0,0.12751393198611893
14028,5,0,0.03563653758900474
14029,5,1,0.12100868126758063
14030,5,0,0.37863110336927563
14031,3,0,0.22810582627669518
14032,1,0,0.11334393520654025
14033,3,0,0.08171202532562698
14034,5,0,0.16526329742520451
14035,4,1,0.7328311414827826
14036,4,1,0.0908087438546747
14037,4,0,0.09127811833357699
14038,3,0,0.27468641088029644
14039,3,0,0.45722875693729764
14040,5,0,0.12553702458714605
14041,4,0,0.09032941776716168
14042,2,1,0.7294866901767799
14043,4,1,0.14087334096993834
14044,1,0,0.09940313707453108
14045,1,0,0.19668344048050043
14046,1,0,0.08714647970723799
14047,2,0,0.34123095698694295
14048,5,0,0.04042192305600234
14049,5,0,0.35931902308758923
14050,1,0,0.11852053200500261
14051,5,0,0.07752587693597997
14052,5,0,0.18678380442624426
14053,1,0,0.1355753994849386
14054,4,0,0.09793799874715416
14055,1,0,0.10264898364290113
14056,3,0,0.2065415748906289
14057,5,0,0.18250597791668133
14058,5,0,0.1054877028022435
14059,1,1,0.5036006403150061
14060,3,0,0.10440578274486993
14061,2,1,0.7524903553307278
14062,5,0,0.059792865792746376
14063,3,0,0.17376166967746776
14064,2,0,0.2839364825290463
14065,4,0,0.0909284036733906
14066,4,0,0.1794216134588808
14067,1,0,0.09902317637103455
14068,5,0,0.03895396578664046
14069,5,0,0.13195841198066535
14070,4,1,0.13772641829217355
14071,3,0,0.04668848371084502
14072,3,0,0.10266743516754384
14073,1,0,0.08530214097456343
14074,3,0,0.1677577921475256
14075,1,1,0.3949910491986982
14076,2,0,0.271643866372034
14077,2,0,0.08798219511463802
14078,2,0,0.16725260582223211
14079,5,0,0.309599059888109
14080,1,0,0.09777414568925198
14081,5,0,0.1570803233052362
14082,4,0,0.10081214078484331
14083,2,0,0.09587077075290394
14084,3,0,0.0764851266790168
14085,1,0,0.08642079344764882
14086,4,0,0.1593969116849272
14087,3,0,0.08889488859397575
14088,4,0,0.22089420961760017
14089,2,0,0.12762222692050243
14090,5,0,0.14027355295714822
14091,3,0,0.13572836170892472
14092,3,0,0.12355272936441249
14093,2,0,0.10916104710341307
14094,1,0,0.2259425216417849
14095,4,0,0.19923913579803113
14096,3,0,0.09679821327207853
14097,3,0,0.16001778494880173
14098,1,0,0.13987165739938887
14099,1,0,0.11310355583072289
14100,4,1,0.7482704415365106
14101,3,1,0.6762392940975245
14102,3,1,0.16848655470424995
14103,3,1,0.08958629323500307
14104,1,0,0.2463508866197793
14105,1,0,0.09462137601870171
14106,3,0,0.07294113698929383
14107,5,1,0.22332700597808539
14108,2,0,0.09069766010539813
14109,1,0,0.15250178722148022
14110,2,0,0.08872467381902976
14111,3,1,0.14657087802643776
14112,2,0,0.25164459575431997
14113,3,0,0.1657618058859742
14114,1,0,0.10327327368546799
14115,4,0,0.11135906474730063
14116,2,0,0.16362583416984475
14117,5,0,0.2728842175672786
14118,2,0,0.0964737985974996
14119,5,0,0.25627200965679603
14120,2,0,0.11380493270251583
14121,2,0,0.08821307887485419
14122,3,0,0.09502811134803628
14123,2,0,0.10821224954995957
14124,2,0,0.14965288522385112
14125,5,0,0.08946059303344371
14126,2,0,0.09048635424308811
14127,2,0,0.1734495920093465
14128,4,0,0.10859248567277748
14129,4,1,0.28174131749674647
14130,1,0,0.12947156149661493
14131,3,0,0.044105544262182286
14132,2,0,0.23182867670238982
14133,5,1,0.10918749357130883
14134,1,0,0.08528244032638282
14135,3,0,0.08068120730064858
14136,1,0,0.09856002472606107
14137,2,0,0.09026195952189861
14138,3,0,0.3294900624185265
14139,5,0,0.30621177431909674
14140,2,0,0.08784849776399722
14141,1,0,0.148380302213747
14142,5,0,0.25601032407651675
14143,2,1,0.33887985183363917
14144,5,0,0.05271795545789255
14145,4,0,0.17019709150093892
14146,2,0,0.08790853692625203
14147,3,0,0.85795006206158
14148,3,0,0.1018340043271595
14149,2,0,0.09748964665643757
14150,4,1,0.13807076280463082
14151,1,0,0.1020657581144273
14152,2,0,0.12193299389158334
14153,5,0,0.0749865218607527
14154,3,1,0.4318404591665813
14155,3,0,0.1637559115695839
14156,4,0,0.16021749756629441
14157,4,1,0.1732272956034654
14158,5,1,0.11626146144503566
14159,2,0,0.18524817184985276
14160,1,1,0.4705490650252684
14161,2,1,0.09208160280221878
14162,4,0,0.0948080198020471
14163,4,0,0.09941093934626545
14164,2,0,0.09800352577549672
14165,1,1,0.7499458205623126
14166,1,0,0.10555616348666401
14167,2,1,0.6997143364473423
14168,3,1,0.07067120799902639
14169,2,0,0.09537691345081568
14170,2,0,0.14490736664159182
14171,4,0,0.0900578448504247
14172,1,0,0.12413011899497473
14173,3,0,0.21578502531212865
14174,5,0,0.033355799148786454
14175,5,0,0.17644918105655732
14176,1,0,0.2867716967705683
14177,2,0,0.19162735483391868
14178,2,0,0.13147782761604807
14179,2,0,0.11247595080682742
14180,3,0,0.17809833794608354
14181,4,0,0.09479716414736826
14182,2,0,0.09026025514888207
14183,1,0,0.15196257689491283
14184,1,1,0.10640623435801615
14185,2,0,0.26110922874456394
14186,1,1,0.7090573269576438
14187,1,0,0.2315274558982338
14188,4,0,0.21826659310119692
14189,2,0,0.10990747642211471
14190,5,0,0.7532114558648705
14191,1,0,0.10595062527212254
14192,2,1,0.11906074342242903
14193,1,0,0.7543128480396133
14194,1,0,0.15421201797402606
14195,2,0,0.14365740802301613
14196,3,0,0.19268191362279444
14197,4,1,0.090284252709147
14198,1,0,0.19026836908879763
14199,4,1,0.3120980414533494
14200,2,1,0.09153343227818969
14201,3,1,0.6595941818927581
14202,1,0,0.1679347589570302
14203,4,0,0.2987144107248746
14204,2,1,0.6908389368723935
14205,2,0,0.17801987697999055
14206,4,0,0.1499600257962056
14207,5,1,0.470468010388157
14208,5,1,0.08999177669236179
14209,2,1,0.09384763732475218
14210,3,0,0.06861427254463526
14211,5,1,0.7663458794880175
14212,3,0,0.30197129961787855
14213,5,0,0.14312795958149216
14214,4,0,0.1109550814296896
14215,5,0,0.3915735749282834
14216,3,0,0.23075731076044864
14217,4,1,0.25857785495264823
14218,4,0,0.10052236678406981
14219,4,0,0.21282340539315325
14220,1,1,0.7875135311062569
14221,2,0,0.0899006930949141
14222,3,0,0.14288063143576435
14223,3,0,0.45456046334788935
14224,1,0,0.1353716774201804
14225,2,0,0.08884032937232784
14226,3,0,0.1659649238068155
14227,1,0,0.14800823534195015
14228,5,0,0.10626633347080314
14229,3,1,0.08272967518825272
14230,1,0,0.08585765240523696
14231,3,0,0.07502490058373847
14232,5,0,0.16069821717145086
14233,1,1,0.7095151183044399
14234,1,1,0.1819282384226218
14235,1,0,0.16746234477007885
14236,3,0,0.20210270490758256
14237,4,0,0.1554458604309106
14238,4,0,0.21527902508615002
14239,5,0,0.33062886768040106
14240,4,0,0.27539232165322475
14241,2,0,0.15232657920498363
14242,1,0,0.10357499993326999
14243,2,0,0.10287482638468493
14244,5,0,0.07181188079727877
14245,1,1,0.11047600214269793
14246,5,0,0.6343236685464789
14247,3,0,0.15213473768748934
14248,4,0,0.16013506522648968
14249,1,0,0.08766205380156657
14250,3,0,0.22066429165162213
14251,5,1,0.05284453359692506
14252,2,0,0.18284420278265248
14253,2,1,0.5207117022117154
14254,4,0,0.1267000549026373
14255,5,0,0.08061976910486804
14256,1,0,0.4501883754853338
14257,4,1,0.25944046126428993
14258,3,0,0.08339898211818249
14259,1,1,0.31220278602157087
14260,5,0,0.19365249939899926
14261,1,1,0.7004423144829317
14262,3,0,0.28653524507568
14263,5,0,0.13830992239139103
14264,4,0,0.0901808298384953
14265,1,0,0.18288388821879828
14266,5,0,0.15031596194516778
14267,5,0,0.03247793475791158
14268,3,0,0.19533881467186476
14269,2,0,0.24574883393138902
14270,3,0,0.1235104523539528
14271,4,0,0.08908232806336253
14272,1,0,0.1517571778644739
14273,1,0,0.08573814174961124
14274,2,0,0.12716772241463314
14275,3,0,0.30094247845119576
14276,5,0,0.10646980201970072
14277,5,0,0.1188973858110189
14278,3,0,0.11342229983279396
14279,5,1,0.8129869167467244
14280,2,0,0.15259360049499918
14281,2,0,0.21053979713076143
14282,3,0,0.09208619442999619
14283,4,0,0.14884129308106736
14284,5,0,0.05096947933912963
14285,2,0,0.17481872343604055
14286,5,1,0.6825205564171571
14287,5,1,0.07453395295793866
14288,1,0,0.10242838849664891
14289,2,0,0.15305526282608103
14290,3,0,0.13702611002604437
14291,1,1,0.6613876940307146
14292,1,0,0.10224667965005595
14293,5,0,0.1586819857266935
14294,2,0,0.08860147146705454
14295,1,0,0.11681106154768231
14296,4,0,0.08926728730799133
14297,4,0,0.14222904130354364
14298,3,0,0.07490957825903538
14299,1,0,0.11479277636326436
14300,5,0,0.14689637163687846
14301,4,0,0.10869237061554629
14302,4,1,0.795324146568817
14303,5,0,0.30850142423687366
14304,1,0,0.10657050956462703
14305,3,0,0.1937504551465703
14306,2,0,0.10037259737457423
14307,1,0,0.2622606565984604
14308,3,0,0.09341259724328652
14309,2,0,0.2672045281699215
14310,2,0,0.09542965039260572
14311,3,0,0.057762116811339796
14312,3,0,0.23335145023273657
14313,3,1,0.1910207021084122
14314,5,0,0.23735843824962155
14315,4,0,0.1012320045228798
14316,5,0,0.14305675251645178
14317,1,0,0.7567329737364428
14318,5,0,0.09764223426182768
14319,2,0,0.19245270830688457
14320,4,0,0.1528999118253545
14321,1,1,0.6781321103225272
14322,4,1,0.17982619908606773
14323,2,0,0.12977895821356625
14324,1,0,0.145765157185078
14325,4,0,0.1055643040970131
14326,1,0,0.087430821036602
14327,2,0,0.18391695172702924
14328,2,0,0.14025889246678552
14329,1,0,0.17637241557696692
14330,5,0,0.26946648235671655
14331,4,1,0.32533363629363116
14332,2,0,0.13199076424687115
14333,1,0,0.1453325786674451
14334,4,0,0.2422132879351326
14335,3,0,0.0739637039600189
14336,1,0,0.10327830475811767
14337,4,0,0.17461205815715744
14338,4,0,0.2254921472802199
14339,1,0,0.11939439540100576
14340,3,1,0.07181145122026655
14341,2,0,0.08851266741336711
14342,3,0,0.07625720299008247
14343,3,0,0.04749928799082499
14344,1,0,0.15476013303415703
14345,1,0,0.10933163756375829
14346,2,0,0.1365748324891729
14347,4,1,0.7907134707325829
14348,1,1,0.146114963699293
14349,5,0,0.13742029773988826
14350,1,1,0.10636440139585633
14351,3,0,0.1879539291222085
14352,5,0,0.286674365186603
14353,1,0,0.10738566680169719
14354,3,0,0.11534328263523945
14355,5,0,0.07833103927827331
14356,2,0,0.1763388039543097
14357,5,1,0.08693585372248283
14358,1,0,0.15010598748528964
14359,2,0,0.14731220368167414
14360,1,0,0.08650015947291768
14361,2,0,0.15634497322191496
14362,5,0,0.4208042829401977
14363,4,0,0.1068943380601488
14364,4,0,0.22434258769907833
14365,1,0,0.09661146385394043
14366,2,1,0.7452792780456857
14367,2,0,0.3398431237766379
14368,2,0,0.27478798269437194
14369,2,1,0.5666855437610329
14370,2,1,0.6945466819768803
14371,5,0,0.09298026782826313
14372,1,1,0.14427230828113902
14373,4,0,0.09654746432379561
14374,1,0,0.17875924359122286
14375,1,1,0.16820360403516732
14376,5,0,0.629487376369072
14377,2,0,0.12854663830838503
14378,2,0,0.08804898248721398
14379,4,0,0.12141147069745249
14380,5,0,0.10739151195308451
14381,1,0,0.20182224993348752
14382,2,0,0.10548659886929751
14383,3,0,0.14976003833016618
14384,1,1,0.1577614733124111
14385,1,0,0.08555047441337804
14386,3,0,0.1872705782073364
14387,2,0,0.09661122441089552
14388,1,0,0.17767094007731965
14389,4,0,0.0913091423872442
14390,3,0,0.06489321514575601
14391,1,0,0.17911632540791883
14392,3,0,0.0869851865034092
14393,4,0,0.22559018590083263
14394,2,0,0.15858214900774295
14395,1,0,0.1370967356394708
14396,5,0,0.1350655148956162
14397,1,1,0.8083077237812692
14398,1,0,0.15401366771891611
14399,3,0,0.24658834725763965
14400,5,0,0.6433014901367371
14401,4,1,0.20017765666084655
14402,1,1,0.6933739938724093
14403,4,0,0.08928822167416679
14404,3,0,0.07678014149471442
14405,5,0,0.04910785742268323
14406,2,0,0.09075489457875943
14407,2,1,0.27902932308446626
14408,1,0,0.11291453261762825
14409,1,0,0.0934976624156193
14410,5,1,0.6952460680430325
14411,2,0,0.22387114254318735
14412,4,0,0.14389339244241367
14413,1,1,0.09118781791591982
14414,5,1,0.08723035710948428
14415,3,0,0.14362992444429631
14416,2,0,0.1599338908299813
14417,2,0,0.1026613178486826
14418,3,1,0.17604596312817766
14419,1,0,0.09835790470170694
14420,2,0,0.18146494818687176
14421,2,0,0.15251595351181657
14422,2,0,0.23376005875138892
14423,1,1,0.5562011473013012
14424,4,0,0.2829321320091465
14425,4,1,0.41660581551913556
14426,3,0,0.05471331793906179
14427,4,0,0.13735126114183413
14428,5,0,0.24491409260138597
14429,3,0,0.15921922071037883
14430,5,0,0.6087070369341501
14431,1,0,0.08578234263807254
14432,5,1,0.14052731375546243
14433,1,0,0.1016577268525997
14434,2,0,0.12500820189028158
14435,2,1,0.17189440778650847
14436,4,0,0.7028934950823137
14437,3,0,0.13224032305871816
14438,1,0,0.13861137816652067
14439,3,0,0.24418208023068227
14440,1,0,0.08621288241799223
14441,3,0,0.26716535448826056
14442,4,1,0.14154163463182493
14443,1,0,0.10721374223888484
14444,5,0,0.32072071286664827
14445,5,1,0.22519649733592503
14446,2,0,0.17951327112000648
14447,1,1,0.7173645815342815
14448,4,0,0.13889480035358656
14449,2,1,0.41356767251995313
14450,4,0,0.0968911787008161
14451,4,0,0.15259885605924248
14452,2,0,0.35368971465817955
14453,3,0,0.10025999924359592
14454,4,0,0.10239827315181162
14455,1,0,0.11062636246648061
14456,4,0,0.08979796205331632
14457,3,0,0.8161478169518636
14458,5,0,0.10723519853778969
14459,1,1,0.28133349295528476
14460,2,0,0.09104053130001172
14461,1,0,0.13017635379814277
14462,5,0,0.14965544471221215
14463,3,0,0.1362118089649335
14464,5,0,0.10472770998129419
14465,1,0,0.4494267021339748
14466,5,0,0.19837747145888643
14467,4,0,0.09100555774192508
14468,3,0,0.35397610825050374
14469,2,1,0.5685757645872442
14470,4,0,0.09041072054120888
14471,2,0,0.6765370931405169
14472,3,0,0.36423666198682814
14473,1,0,0.1263893068984349
14474,5,0,0.1340285032499246
14475,4,0,0.1275908231683979
14476,2,1,0.10593428849984374
14477,2,0,0.10111012348812061
14478,1,1,0.0875720231387873
14479,2,0,0.1933453007639477
14480,4,1,0.2820483145048866
14481,4,0,0.7037655143950361
14482,2,0,0.0895321371833512
14483,5,0,0.14996852158194907
14484,2,1,0.23200713822855085
14485,4,0,0.19508853575751084
14486,5,0,0.31245838360631245
14487,1,1,0.13638034914228847
14488,2,0,0.18944635678802213
14489,3,0,0.7023032176737043
14490,1,0,0.08634523367727477
14491,1,0,0.08713540213875433
14492,2,0,0.1984370277202419
14493,2,0,0.1379648836110591
14494,4,0,0.24650977434125695
14495,2,0,0.4565766793781826
14496,4,0,0.7244573442561052
14497,3,0,0.13739948741323135
14498,2,1,0.7730913817745431
14499,4,0,0.09008711171422983
14500,1,0,0.08697234471319783
14501,5,0,0.08905295264668149
14502,5,1,0.4668112777347179
14503,2,0,0.08837588136377304
14504,1,0,0.19371969082587095
14505,3,0,0.16630413456257798
14506,5,0,0.09864429686660876
14507,1,0,0.2607006824160955
14508,2,0,0.15702652986718318
14509,4,0,0.1820769751616591
14510,2,0,0.10030215235864066
14511,5,0,0.2601699806519688
14512,5,1,0.06516558221910666
14513,3,1,0.12466681748819453
14514,3,1,0.10042697974415324
14515,3,0,0.08052584056795348
14516,5,1,0.10611280211541316
14517,1,0,0.16535684366599027
14518,1,0,0.10945907674884411
14519,1,0,0.09311476807019688
14520,1,0,0.10690426491686715
14521,4,0,0.13341606332401115
14522,3,0,0.3088015234009251
14523,4,1,0.1257587665607678
14524,3,0,0.05396457259636543
14525,2,0,0.08798206306798885
14526,1,0,0.08621288241799223
14527,3,0,0.09595027013590207
14528,3,1,0.20629466066783428
14529,5,0,0.2984837544096198
14530,1,0,0.08537714610241924
14531,4,1,0.7062389902558814
14532,4,1,0.2509988786276108
14533,5,0,0.1931717976207667
14534,5,0,0.061711215291232586
14535,1,0,0.12881052530821022
14536,2,1,0.2217204085939172
14537,3,0,0.4363267061639082
14538,3,0,0.11224961935133168
14539,1,0,0.08775304623151202
14540,2,0,0.1295791128193178
14541,5,0,0.02340095883644557
14542,1,1,0.0898077734903752
14543,3,0,0.08886164538983411
14544,2,0,0.0954510387139951
14545,3,0,0.2792650283814384
14546,3,0,0.047024398264994806
14547,4,0,0.09602659811001205
14548,2,0,0.10876264595994083
14549,5,0,0.03444185625169325
14550,3,0,0.05193826700717163
14551,5,0,0.4021221700155648
14552,3,0,0.08325405399588792
14553,2,0,0.1142186791840892
14554,2,0,0.37361008376766824
14555,2,0,0.33241530766677824
14556,4,0,0.0896841596073974
14557,5,0,0.19738494317115046
14558,3,1,0.7794643250065213
14559,5,0,0.28663306220372475
14560,1,1,0.2129893698910894
14561,1,0,0.7600698231539368
14562,3,1,0.729156603577066
14563,4,0,0.09390138663636124
14564,1,1,0.3348294615617798
14565,1,0,0.14107898478689496
14566,2,1,0.12025304408773907
14567,4,0,0.2636897384379884
14568,5,0,0.35351405856508705
14569,2,0,0.32498953865697
14570,4,0,0.08937886072756769
14571,4,0,0.19094214795755005
14572,3,1,0.5494133836372808
14573,2,0,0.17560636078635705
14574,2,0,0.12789279452714722
14575,1,1,0.098270713033109
14576,2,0,0.1731736160997894
14577,5,1,0.6824584773621896
14578,3,0,0.09784388616600416
14579,1,0,0.5185958940439435
14580,4,0,0.6809617484425051
14581,5,0,0.19070040143052186
14582,5,1,0.407783614124436
14583,1,1,0.21027889039817718
14584,3,0,0.055789985198810205
14585,5,0,0.046149957102122156
14586,3,1,0.2498000739470257
14587,5,0,0.08157743577028828
14588,3,0,0.11128717448315889
14589,1,0,0.08857277049110182
14590,4,0,0.11849738968097244
14591,2,0,0.08869556886848849
14592,3,0,0.1585461396868305
14593,5,0,0.06731150576283507
14594,2,0,0.1920634430174736
14595,5,0,0.19568347341652495
14596,4,1,0.3639123115934505
14597,4,0,0.14079367572478027
14598,1,0,0.11144602625099448
14599,2,0,0.0945088975997633
14600,1,0,0.1039231283041773
14601,2,0,0.09636132773631652
14602,2,0,0.17210259817148774
14603,1,1,0.14000190130925966
14604,1,0,0.11783618039897807
14605,2,0,0.12673486220704028
14606,3,1,0.0607382697829526
14607,3,0,0.17203433692523115
14608,1,0,0.14044264497968761
14609,5,0,0.20116958938912682
14610,3,1,0.07856904004498143
14611,3,0,0.1575717632363998
14612,4,1,0.4604131385975411
14613,3,0,0.4656871556495853
14614,3,1,0.15361916822412675
14615,4,1,0.16779489938171546
14616,4,0,0.14470063474558814
14617,5,0,0.04279067864171214
14618,2,0,0.09563432931505245
14619,2,0,0.08921017100991772
14620,4,0,0.10277708033386776
14621,1,1,0.7561455190096334
14622,1,1,0.7020778640892411
14623,4,1,0.5308209374848293
14624,2,1,0.7173156946806009
14625,2,0,0.09012638091772453
14626,2,0,0.12010750150731109
14627,3,0,0.2061979709471033
14628,4,0,0.15706312403990336
14629,5,0,0.11067688272329498
14630,5,0,0.15497200561998323
14631,4,0,0.1906652228106573
14632,2,1,0.7172104306173102
14633,1,0,0.10297061359387881
14634,3,0,0.07188144326264968
14635,1,1,0.7537224752100287
14636,3,0,0.06876962667516325
14637,1,0,0.1586319975027342
14638,5,0,0.12786505088637184
14639,3,0,0.21118287934245017
14640,5,0,0.10709467724052646
14641,1,0,0.09999519165284965
14642,5,0,0.05718985999121497
14643,2,0,0.19548077168336594
14644,3,0,0.09692926601173205
14645,3,0,0.12936261965058968
14646,2,0,0.14744694183152054
14647,2,1,0.38294726299547505
14648,1,0,0.08528244032638282
14649,5,0,0.5195685173628619
14650,1,0,0.08631380703464878
14651,4,0,0.12303812768651076
14652,4,0,0.12685202969713893
14653,4,1,0.6922456352437961
14654,4,1,0.6516019555853102
14655,3,0,0.3428885900755791
14656,1,0,0.08617530618915517
14657,2,0,0.2869330221301629
14658,1,0,0.6341840934448589
14659,3,0,0.06919044219487806
14660,4,0,0.37913483853583346
14661,2,0,0.21339836599227696
14662,5,0,0.12216344517269064
14663,5,0,0.13908727877004198
14664,4,0,0.1770812454323245
14665,2,0,0.08821192733003881
14666,4,0,0.18145907449439974
14667,1,1,0.22774018203241994
14668,4,1,0.19821412523023907
14669,1,0,0.116078893040725
14670,1,0,0.1413718902924239
14671,4,1,0.20940837839919624
14672,1,0,0.15703441398733486
14673,5,0,0.12005633618962268
14674,5,0,0.09999885836286881
14675,3,0,0.06718425300820136
14676,3,0,0.07580137202855
14677,4,0,0.17632215051756595
14678,5,1,0.09408307509738302
14679,1,0,0.12879590557211285
14680,1,0,0.08555047441337804
14681,2,0,0.17733353440096963
14682,1,0,0.11613917521536325
14683,5,0,0.05521433664944019
14684,3,0,0.16094954503701883
14685,3,1,0.4056891483510836
14686,5,0,0.3594566092437015
14687,2,1,0.21342659618956394
14688,5,1,0.5809675069972311
14689,4,0,0.14564159832256093
14690,4,0,0.15301277511981404
14691,2,0,0.1258399970882473
14692,5,0,0.028031501388100212
14693,2,0,0.13609625084852328
14694,1,0,0.10662277530849218
14695,4,1,0.09046061714805899
14696,1,1,0.5647940787254931
14697,2,0,0.12857478868899974
14698,3,1,0.1794379817570807
14699,5,1,0.15817705520167444
14700,4,0,0.14662874284134192
14701,5,0,0.31911068922424374
14702,1,0,0.1582987454918391
14703,5,0,0.07997976617973372
14704,3,0,0.14576614978833413
14705,1,1,0.6756082684126131
14706,5,0,0.07501905934835265
14707,1,0,0.10602714823298326
14708,3,0,0.061407674298713646
14709,4,0,0.10105506603168966
14710,1,0,0.09643882071600994
14711,1,0,0.1362561281182076
14712,5,0,0.18878951746178005
14713,3,0,0.2695922043755957
14714,5,1,0.7288163999639542
14715,5,0,0.13492842772278302
14716,4,0,0.10282491239888211
14717,4,0,0.1300263780716035
14718,2,0,0.09276830103019224
14719,4,0,0.1096840557014657
14720,3,0,0.08934328309122137
14721,2,0,0.09145063745129645
14722,5,1,0.7783514208147546
14723,3,0,0.385186218531707
14724,2,0,0.16943225788578667
14725,1,1,0.14313055668901967
14726,1,0,0.09947751998914767
14727,4,0,0.09048113851930766
14728,2,1,0.3833865732849506
14729,4,1,0.21501908993345784
14730,5,0,0.041196073754094474
14731,3,0,0.04967014175402085
14732,3,0,0.1872049054624633
14733,2,1,0.16187163824257325
14734,5,0,0.15605792449782904
14735,2,1,0.690661880997341
14736,2,1,0.1829625843914291
14737,4,0,0.1051766294424747
14738,2,0,0.096134194824738
14739,4,0,0.08907083512277905
14740,1,0,0.23897189816370204
14741,2,0,0.08978818812791983
14742,3,0,0.1760656060148386
14743,2,0,0.09082413873567693
14744,5,0,0.17337766715670827
14745,2,1,0.5830484024671821
14746,5,0,0.0633742514413633
14747,1,0,0.1223263523763455
14748,5,0,0.11854070299387469
14749,3,0,0.13427680137692077
14750,3,1,0.25135121385565873
14751,3,0,0.59928135431985
14752,5,1,0.8179807438338912
14753,5,1,0.1867753516760747
14754,2,0,0.17432432532059292
14755,1,0,0.13612007166104834
14756,3,0,0.10005886260272745
14757,3,1,0.3166056775082196
14758,4,0,0.23727190090745606
14759,2,0,0.09029939461798639
14760,4,0,0.13453275370371842
14761,4,0,0.12774828759716483
14762,3,0,0.14438211685346128
14763,3,0,0.12522668773250956
14764,5,0,0.0735477611162209
14765,1,0,0.14502718220360983
14766,1,0,0.17528356359220304
14767,3,0,0.1351250234080313
14768,5,0,0.2889644541110688
14769,3,0,0.19976866803876459
14770,5,0,0.24530643608514488
14771,2,1,0.22881227134048107
14772,5,1,0.3961869664237665
14773,4,0,0.10545612480640515
14774,5,0,0.04669388081637316
14775,5,0,0.3468799861201865
14776,2,0,0.1209975897999922
14777,4,0,0.103764642465037
14778,2,0,0.11798396789588789
14779,5,0,0.09587279360793229
14780,4,0,0.12876663978439837
14781,1,0,0.08648316412401791
14782,1,0,0.09019243698876334
14783,3,0,0.09061083530942597
14784,5,1,0.11861311149195439
14785,4,1,0.7391311330371753
14786,1,1,0.6913243581192949
14787,1,0,0.08619331380905366
14788,5,1,0.757591319791741
14789,5,0,0.08300887982193228
14790,2,0,0.1270942514676238
14791,2,0,0.18031107470351387
14792,5,0,0.15146234728618013
14793,1,0,0.08554060986722765
14794,4,0,0.09627615867340608
14795,3,0,0.06433447735247974
14796,1,1,0.10936936744718712
14797,2,0,0.16281287899704472
14798,4,1,0.17323716085610774
14799,1,0,0.13087981541807717
14800,1,0,0.4225592738765973
14801,3,0,0.08967321911435114
14802,3,1,0.18158084654855555
14803,2,0,0.09274895950773805
14804,5,0,0.08940902478793636
14805,1,0,0.09413152438296013
14806,4,0,0.09957954340832056
14807,4,0,0.09894272917436436
14808,3,0,0.06880752887102198
14809,1,0,0.09916667626050123
14810,2,0,0.10388253920840845
14811,2,0,0.09707244087385802
14812,2,1,0.16022099318721783
14813,3,0,0.08877759595244668
14814,3,0,0.270669103891676
14815,5,0,0.11124318847910668
14816,4,0,0.09637407879152096
14817,2,0,0.08804800355953551
14818,2,0,0.20259596831477308
14819,4,0,0.09351477964437457
14820,3,0,0.08338833630554833
14821,3,0,0.17920861845682917
14822,1,1,0.31827202847634756
14823,5,0,0.0683236730901529
14824,1,1,0.0931663855433937
14825,2,0,0.13972252545704544
14826,4,1,0.15625044516117692
14827,5,0,0.06575196571458451
14828,5,0,0.13121015427657134
14829,1,0,0.08537141797536836
14830,3,0,0.04806226253866903
14831,1,1,0.08720476952369949
14832,2,1,0.16813389296524728
14833,1,0,0.10907796317898828
14834,1,0,0.11616157760797993
14835,3,0,0.07448831632703826
14836,3,0,0.0725955222022108
14837,2,0,0.11393437410197861
14838,3,0,0.05368913644116019
14839,1,0,0.1032898217399074
14840,2,1,0.8032499342300495
14841,1,0,0.09686426583544908
14842,1,0,0.13904425770791284
14843,5,0,0.1419938072094021
14844,5,0,0.2971271300187339
14845,2,1,0.09691425667856528
14846,5,0,0.3282269757087774
14847,2,1,0.5576033183922273
14848,4,0,0.16459492903856648
14849,1,0,0.7478996174853648
14850,1,1,0.21317629017841336
14851,4,0,0.47041293573346477
14852,2,0,0.2068327259803082
14853,3,0,0.17464777153370603
14854,5,0,0.4839867714447684
14855,1,1,0.7240460886377902
14856,2,1,0.6732834190335779
14857,4,0,0.14680427561142678
14858,1,0,0.08612966668004737
14859,5,0,0.11013487180734163
14860,4,0,0.1054805145020693
14861,1,0,0.09986786812602466
14862,4,0,0.10061706718034985
14863,2,0,0.16524633159060143
14864,3,1,0.16419689853462324
14865,5,0,0.13442481780207075
14866,3,0,0.13764899478725096
14867,5,0,0.15784457655475687
14868,2,1,0.7278300498920083
14869,1,0,0.3056648220166445
14870,3,1,0.11840312227852089
14871,2,0,0.09719895347673785
14872,5,1,0.11541472915706198
14873,2,0,0.13715874370423203
14874,1,0,0.13985585809112583
14875,1,0,0.10211087400007482
14876,3,0,0.14542946580726349
14877,2,0,0.20187868522651808
14878,2,0,0.08847883869902261
14879,3,0,0.11256443055197671
14880,4,1,0.7220504945859421
14881,1,0,0.15933136987737198
14882,2,0,0.10924143809247891
14883,2,0,0.11635949106144258
14884,1,0,0.09266988629352083
14885,1,0,0.19335640159475498
14886,4,0,0.14353907746798433
14887,4,0,0.10281243867056268
14888,5,0,0.09250788985260772
14889,5,0,0.09101450425234069
14890,2,0,0.10221164254589764
14891,1,1,0.7456570240962549
14892,5,0,0.2010219771425303
14893,1,0,0.12471496898142433
14894,2,1,0.08936612284038599
14895,4,0,0.0899777956115231
14896,4,0,0.1349831366242396
14897,1,0,0.14366673991752285
14898,3,0,0.6953213167822415
14899,3,0,0.3157780591000636
14900,3,0,0.3772964304347651
14901,3,1,0.7090529661999632
14902,5,0,0.1048914162455186
14903,4,1,0.1372296096822037
14904,5,0,0.23304450803352955
14905,4,0,0.10217683616813819
14906,5,1,0.6528571393690003
14907,1,0,0.132822843384569
14908,2,0,0.09609675463652671
14909,2,0,0.08801435288628283
14910,4,0,0.1919882627904485
14911,5,0,0.08770996869986773
14912,3,0,0.2230440262272803
14913,2,0,0.22872831823030151
14914,1,0,0.3390638103587992
14915,5,0,0.2339799599428161
14916,1,0,0.15835428319956352
14917,3,0,0.05321972563327308
14918,2,0,0.20281298722593694
14919,2,0,0.1651635836504328
14920,5,0,0.22474134541450674
14921,3,0,0.07154497743294626
14922,5,0,0.06390585718253346
14923,4,0,0.09208080220968633
14924,4,0,0.32222359526712885
14925,1,0,0.461309821551225
14926,5,0,0.09620082030417132
14927,3,0,0.18753598452686956
14928,2,0,0.20595356858277739
14929,3,0,0.10665330380290536
14930,2,0,0.13456834248603505
14931,4,0,0.14173139307285376
14932,1,0,0.12847947449999336
14933,2,1,0.20079445112444913
14934,2,1,0.5326841766660234
14935,1,0,0.2219013485932507
14936,1,0,0.1150585614641446
14937,4,0,0.18675253902781086
14938,4,0,0.17334816674884146
14939,1,0,0.09967359434097006
14940,4,0,0.4427944642511847
14941,1,0,0.08596803213560135
14942,1,0,0.12544021283468162
14943,1,0,0.16694112622135954
14944,4,0,0.12290996094351683
14945,2,0,0.18932388969712496
14946,4,0,0.17152875051556743
14947,3,1,0.2002907459013452
14948,2,0,0.0913569538696964
14949,1,0,0.47300072994610926
14950,4,0,0.14392411673501515
14951,4,0,0.10952939051925903
14952,4,0,0.14542842163539946
14953,5,0,0.41705936919562075
14954,5,0,0.093980236458075
14955,5,0,0.11774604668338239
14956,2,0,0.20626536722141095
14957,5,0,0.11510262227123136
14958,2,0,0.11684666731450123
14959,3,0,0.1183840489384775
14960,1,1,0.37880060397618565
14961,4,0,0.09242833043279872
14962,1,0,0.18036556166680554
14963,4,1,0.11927402305723729
14964,1,1,0.21663648497514396
14965,2,0,0.13617335008748965
14966,5,0,0.2809242560087028
14967,3,0,0.10293429339157077
14968,2,0,0.09971996568747107
14969,1,0,0.13358504873844199
14970,2,0,0.2108909312883217
14971,4,0,0.2015137915855413
14972,1,0,0.22303918514989887
14973,3,0,0.07393839452932527
14974,5,0,0.35385804215653693
14975,4,0,0.20901698550606468
14976,5,0,0.07122192189762697
14977,2,1,0.7073356030007176
14978,5,1,0.1299703101425016
14979,2,0,0.10221436091196417
14980,4,0,0.39365052587892885
14981,5,0,0.13159289788918324
14982,2,1,0.10002261969143665
14983,3,0,0.11261413383030548
14984,1,1,0.14341735134492853
14985,4,1,0.22453592146511497
14986,2,0,0.24835467715217907
14987,1,1,0.513459488070311
14988,2,0,0.09038256626127207
14989,3,1,0.15296369342394991
14990,3,1,0.32157857307176163
14991,3,0,0.303908681377635
14992,3,0,0.061234081677121466
14993,1,1,0.10881514126067025
14994,2,0,0.1831283811243798
14995,2,0,0.08912275226664405
14996,5,0,0.6877276986553944
14997,5,0,0.36459467574313453
14998,1,0,0.08961103735973001
14999,5,0,0.062400128729441395
15000,5,0,0.09043271779887026
15001,4,0,0.20587599647462015
15002,5,0,0.6106375883839101
15003,1,1,0.22470051699071847
15004,4,0,0.17860248531105
15005,3,0,0.07165823921011627
15006,2,1,0.1675819866858063
15007,5,0,0.15326720130001617
15008,4,0,0.09131371666464082
15009,1,0,0.2748369516876812
15010,2,0,0.11799533703842129
15011,4,0,0.1290658491911452
15012,1,0,0.11761680975127256
15013,5,0,0.2095667083227597
15014,1,0,0.08788499447237202
15015,2,0,0.09316613252604858
15016,4,0,0.09011810667663156
15017,2,0,0.1449061859412461
15018,4,0,0.09007591540883837
15019,3,0,0.15103707510219738
15020,5,0,0.09761116039366204
15021,3,1,0.34541677650525365
15022,2,0,0.47896278591157987
15023,5,0,0.0825581939309039
15024,3,0,0.15916452402211095
15025,3,1,0.13674379305898568
15026,3,0,0.07979275617851421
15027,4,1,0.11559769423358858
15028,1,0,0.09741574618568426
15029,4,0,0.09010278989892738
15030,1,0,0.7120482976053428
15031,4,0,0.12763600157325228
15032,1,0,0.18070693120525064
15033,5,1,0.12863548366724695
15034,4,0,0.148430939060356
15035,4,0,0.17889296959933204
15036,1,1,0.8030326703973882
15037,1,0,0.11864710881096532
15038,1,0,0.11328701537461322
15039,1,0,0.14011710385459877
15040,3,1,0.9092269674617439
15041,4,0,0.1041109290498858
15042,3,0,0.24896096623749484
15043,1,0,0.170284347219683
15044,5,1,0.14078478070085437
15045,4,0,0.10035583996899446
15046,5,0,0.07845208141052057
15047,4,0,0.11894935307616165
15048,1,0,0.48180879634592433
15049,1,0,0.08539852446499496
15050,3,0,0.11510961389508567
15051,4,0,0.16976171277859534
15052,2,0,0.09610752066962393
15053,5,0,0.23861661061749642
15054,4,1,0.20363460733072783
15055,1,0,0.1904172879556736
15056,1,0,0.17497233040197774
15057,2,0,0.08974959498350317
15058,5,0,0.19614906419233555
15059,2,1,0.13637726518425863
15060,3,0,0.17393964328532147
15061,1,0,0.7810655828150713
15062,3,1,0.4735408569717372
15063,4,1,0.7409645936840592
15064,2,0,0.11703974354905343
15065,5,1,0.13129055654488683
15066,1,0,0.0861081159656628
15067,4,0,0.13031793790623686
15068,3,0,0.07010908799166744
15069,2,0,0.08861044539726903
15070,4,1,0.22085901626019427
15071,2,0,0.6213026266598767
15072,1,0,0.2904166712334457
15073,2,0,0.0964694031210818
15074,5,0,0.19139097320316809
15075,1,0,0.09501210112653151
15076,5,1,0.20003728474462731
15077,2,0,0.17278397558537556
15078,1,0,0.6800896619634355
15079,4,0,0.097488873108862
15080,1,0,0.08650401612189597
15081,2,0,0.09635882673745422
15082,4,0,0.10141295288675235
15083,4,0,0.10750019193927185
15084,5,1,0.3087224418458493
15085,4,0,0.19346510217044005
15086,4,0,0.2210749699477384
15087,2,1,0.7134179557929458
15088,3,1,0.6680421717094085
15089,4,0,0.09129912286470097
15090,2,1,0.11305802914531188
15091,3,1,0.7609642032354713
15092,3,0,0.04368740006357401
15093,2,0,0.08813777928696225
15094,2,0,0.2630143599077927
15095,2,0,0.13137021164301835
15096,1,1,0.7159357687589307
15097,5,0,0.1010155977410386
15098,1,0,0.08834860071432213
15099,2,0,0.12999322884163875
15100,5,0,0.12786219111459485
15101,1,0,0.12635102694183903
15102,2,0,0.1405300780838097
15103,1,0,0.08790434122552357
15104,5,0,0.09542408925598846
15105,4,0,0.1779829705926302
15106,1,1,0.2782778489158449
15107,4,1,0.2057176698342804
15108,1,1,0.09352542320749552
15109,2,0,0.23067659044876349
15110,4,0,0.1381697159921092
15111,5,1,0.08488801795380084
15112,4,1,0.6626492579782035
15113,1,1,0.7871494471673529
15114,3,0,0.07651004146176946
15115,2,0,0.2285037165817284
15116,5,0,0.1383973714560187
15117,4,0,0.10182077183258235
15118,3,0,0.6356747728861191
15119,4,0,0.14303260387429087
15120,1,1,0.6785474988243512
15121,2,0,0.535888940457609
15122,4,0,0.3502350572873369
15123,5,0,0.07603889708335465
15124,3,0,0.4049113551847892
15125,4,0,0.10794721927668133
15126,1,0,0.1531349006462193
15127,1,0,0.19308091460341262
15128,5,0,0.07349067990943574
15129,1,0,0.08742983542456795
15130,4,0,0.0932694730041435
15131,5,0,0.07346001029022667
15132,1,0,0.08594383281859719
15133,2,1,0.728017275452973
15134,2,0,0.08804851348742931
15135,4,0,0.10160260822086863
15136,1,0,0.1955499141404783
15137,3,0,0.0604156846947176
15138,1,0,0.7398273403852371
15139,3,0,0.2788303986692009
15140,5,0,0.10831007172851657
15141,5,0,0.12881735930075144
15142,5,1,0.3237273187965625
15143,3,0,0.37108767693274924
15144,5,0,0.19886559094885128
15145,4,0,0.11780343562291215
15146,1,0,0.14984730853546865
15147,4,0,0.13725181556221974
15148,1,0,0.08595914455557657
15149,1,1,0.4236419159210648
15150,3,0,0.17582128090288895
15151,5,0,0.09622455753775767
15152,5,0,0.12159838953548195
15153,4,0,0.29355381660750735
15154,2,1,0.698003828692749
15155,1,0,0.10618897778350479
15156,4,0,0.11239477944411572
15157,3,0,0.15498697419744734
15158,3,0,0.13825340662628563
15159,5,0,0.46498516646928634
15160,5,1,0.7724467373808659
15161,3,0,0.15105774044584147
15162,2,1,0.2679290286514431
15163,1,1,0.6388104741058142
15164,1,0,0.15719894794601832
15165,5,0,0.054031162103413036
15166,1,0,0.15898056134891403
15167,2,0,0.09967958172929237
15168,3,0,0.060943686970249565
15169,4,0,0.1617217559196143
15170,4,0,0.12012989256248358
15171,1,0,0.1753970460568624
15172,2,0,0.19735354118042525
15173,4,1,0.3176019786000883
15174,2,0,0.11961161981822992
15175,2,0,0.09878387382700227
15176,1,0,0.12070589664081784
15177,1,0,0.5200028444433873
15178,2,0,0.17706013128100154
15179,2,0,0.08846876896736428
15180,2,0,0.09980366535677039
15181,2,0,0.12703644473230336
15182,2,0,0.16107004188148102
15183,4,0,0.1007949738336611
15184,5,0,0.1477965751572684
15185,3,0,0.07859231501261582
15186,3,0,0.08420697765623468
15187,4,0,0.11190893928826758
15188,4,1,0.6561986455301558
15189,3,0,0.1086665190150778
15190,5,0,0.4282078826338185
15191,1,1,0.5004538369442504
15192,1,0,0.17778568859566682
15193,4,0,0.2769178911909297
15194,3,0,0.1431627467140092
15195,5,0,0.1199386546671858
15196,2,0,0.08821307887485419
15197,1,0,0.2472806357115048
15198,5,1,0.11170673785517822
15199,4,1,0.6827456785077258
15200,3,0,0.06565634708631854
15201,3,1,0.12289349442576962
15202,4,0,0.13391026495000655
15203,3,0,0.14598397873922087
15204,1,1,0.762843167779756
15205,3,1,0.15897753654498273
15206,3,1,0.741094253616103
15207,3,0,0.058073879907586876
15208,3,0,0.2529898979829378
15209,1,0,0.10580385921338008
15210,1,0,0.1908992244360622
15211,3,1,0.08655256577169657
15212,1,1,0.30578545299189086
15213,5,0,0.505068407952823
15214,3,0,0.599217186078789
15215,2,0,0.08791494818343767
15216,3,0,0.2332630716340851
15217,3,0,0.16021646382645338
15218,1,1,0.10597832225372243
15219,2,0,0.12825062277890645
15220,4,1,0.10129199756568728
15221,2,0,0.2418698350360702
15222,2,1,0.10425073321367824
15223,2,0,0.2654620355224597
15224,4,1,0.39344774067310034
15225,4,0,0.14751345588370127
15226,5,1,0.4622215062447193
15227,4,0,0.14486043810028063
15228,2,0,0.531144460171818
15229,1,0,0.17843233086159882
15230,1,1,0.7559258436021736
15231,1,0,0.15253485588654353
15232,4,1,0.3725576358151623
15233,5,0,0.43001718580052833
15234,1,0,0.10139921004793088
15235,4,0,0.08973982218621664
15236,5,0,0.0865567932347711
15237,2,1,0.13437292292986996
15238,4,0,0.09140206950697212
15239,2,1,0.3695739123998664
15240,4,0,0.0902109582847597
15241,4,0,0.6764757536304293
15242,3,0,0.04833272613947559
15243,3,0,0.16764299267060292
15244,2,0,0.1585574777091773
15245,3,0,0.11418247547577548
15246,4,0,0.09219522928454471
15247,3,1,0.7128413696765625
15248,3,1,0.1515822592620995
15249,2,0,0.08810855264968412
15250,3,0,0.06702538921506968
15251,5,0,0.09343989495600677
15252,4,0,0.13688483216769215
15253,5,0,0.08086108763545802
15254,1,0,0.09452135219195425
15255,4,1,0.22743884594783226
15256,4,0,0.26732571204862304
15257,5,1,0.05399089805821793
15258,4,1,0.12489743407717946
15259,5,0,0.20991565425990807
15260,3,0,0.23575425898831837
15261,3,0,0.10840651744153398
15262,2,1,0.39434619222610795
15263,3,0,0.14420383713412424
15264,1,0,0.09313298387806603
15265,5,0,0.128623217007114
15266,5,0,0.23350465576167065
15267,5,1,0.11804181500431211
15268,1,0,0.10767255131328554
15269,4,0,0.2785851574434271
15270,3,0,0.4097837917682716
15271,4,1,0.20994654433958218
15272,5,0,0.08270520867710622
15273,4,1,0.5085081056473677
15274,4,1,0.1396076362072096
15275,1,0,0.14577045404380198
15276,2,0,0.0883684200811464
15277,3,0,0.14429965097305184
15278,5,0,0.19902189825441394
15279,3,0,0.16380975194604636
15280,5,0,0.0790062381458801
15281,2,0,0.09137236199852918
15282,2,0,0.08893145379472495
15283,4,0,0.10093952008807994
15284,1,0,0.15086954013507833
15285,2,0,0.1415142324478738
15286,5,0,0.09118318865290778
15287,3,1,0.6390545810002072
15288,4,0,0.08914460248642637
15289,1,0,0.21587124244120198
15290,5,0,0.21709233781832513
15291,1,0,0.11494892572688228
15292,1,1,0.2795884213953637
15293,2,0,0.12150376103881393
15294,4,0,0.14425629265118345
15295,3,0,0.08765429821202232
15296,2,1,0.22285092730718137
15297,5,1,0.6466227632827124
15298,1,1,0.14995981027946578
15299,3,0,0.1018220006654215
15300,2,1,0.37699517434258617
15301,2,0,0.11244263183154271
15302,2,0,0.1931209642483086
15303,3,0,0.13013860715010134
15304,5,0,0.061337350899719686
15305,3,0,0.7318079351842472
15306,2,0,0.10390259398599262
15307,4,0,0.08973829161686393
15308,1,0,0.1327690077134302
15309,3,1,0.7522615947885887
15310,5,0,0.055434279311402775
15311,4,1,0.14208945917828034
15312,3,0,0.08033734501328928
15313,4,0,0.7588806912648902
15314,4,0,0.26470655410745936
15315,3,0,0.6913237692608977
15316,2,1,0.1444710061294543
15317,3,0,0.5030335809654233
15318,4,0,0.12432772530049933
15319,1,0,0.5451021026771373
15320,4,0,0.1509530593705418
15321,5,0,0.021249571939170004
15322,4,0,0.17156587884417004
15323,1,0,0.08813822763862086
15324,4,0,0.28193659588168585
15325,1,0,0.16698255151928332
15326,5,1,0.7558409368644975
15327,1,0,0.2778722940116247
15328,3,0,0.20470605693894184
15329,2,0,0.14833877349798538
15330,5,1,0.11705807232631665
15331,2,0,0.16611432153079866
15332,4,0,0.1564134706525351
15333,4,0,0.1706274049978889
15334,3,1,0.09315896657690134
15335,2,0,0.09008518157141777
15336,3,0,0.3186562200737725
15337,5,0,0.17062399862172437
15338,2,0,0.12601190870547438
15339,1,0,0.0858771411043217
15340,3,0,0.14592105835087427
15341,3,1,0.19674183342622867
15342,2,0,0.0941980979827024
15343,3,1,0.41358759612598095
15344,5,0,0.16864287638335176
15345,1,1,0.6985810724137361
15346,2,0,0.09081467645884052
15347,1,0,0.24655507779648808
15348,1,0,0.13923047564126934
15349,1,1,0.14567652137795759
15350,4,0,0.1277768445447289
15351,1,0,0.09588585521009403
15352,5,1,0.6062626674992113
15353,4,0,0.15294323836909682
15354,3,0,0.1962530147941303
15355,2,0,0.1445722492277457
15356,4,0,0.11140542612765451
15357,1,1,0.7316619687514431
15358,4,0,0.1713009054045218
15359,1,0,0.0944238920930795
15360,5,0,0.10447855791035113
15361,4,0,0.08868681438538922
15362,1,0,0.3904833885702267
15363,4,0,0.0905290418687472
15364,3,0,0.15730328020020581
15365,2,1,0.7161101583189307
15366,4,0,0.1490754694977206
15367,3,0,0.22310336991843963
15368,2,0,0.1407100016241082
15369,2,0,0.09182890768437982
15370,3,1,0.06519889775199847
15371,4,0,0.18294595700350103
15372,2,0,0.0955687750533068
15373,5,0,0.15540673225019638
15374,4,0,0.09640337533172243
15375,3,0,0.6016686184764118
15376,4,1,0.19811748731854192
15377,4,0,0.13072823038161288
15378,1,0,0.1593484044107383
15379,1,1,0.28764629343083054
15380,5,0,0.07707326362155985
15381,5,0,0.15776375635544962
15382,3,0,0.06889234156760234
15383,1,1,0.34390897592300457
15384,4,0,0.48120957352149696
15385,1,1,0.16011320289675593
15386,3,0,0.21060294731311843
15387,1,0,0.1395563564005689
15388,1,1,0.22160066492165317
15389,2,0,0.08784849776399722
15390,1,0,0.3697402576067072
15391,3,0,0.15487467330936214
15392,4,0,0.09709030006823703
15393,4,0,0.368046525172872
15394,5,0,0.1530751780832087
15395,1,1,0.5050092860901665
15396,1,0,0.16092879217265393
15397,2,0,0.13859999643668183
15398,2,0,0.09215383140963597
15399,5,1,0.7221618252894987
15400,5,1,0.776654192994718
15401,1,1,0.09104263787739295
15402,5,1,0.3523660239394253
15403,3,1,0.25452110930683236
15404,1,1,0.28113804219440125
15405,3,0,0.06928195576743548
15406,3,0,0.2051499386362478
15407,4,0,0.10682231163919413
15408,3,0,0.06773820627282734
15409,5,0,0.11704286675371385
15410,4,0,0.7684077118973198
15411,1,0,0.08631380703464878
15412,2,0,0.13403663112898523
15413,3,0,0.43546781880920354
15414,3,0,0.10730636953102694
15415,5,0,0.04332180686906824
15416,3,0,0.16590089793437202
15417,4,0,0.1475167490680869
15418,5,0,0.054612228583782375
15419,4,0,0.11563102801382985
15420,5,0,0.21637764945610063
15421,4,0,0.11752395929190723
15422,4,0,0.13465285430234464
15423,4,0,0.09074133134537715
15424,4,0,0.15459274683778726
15425,4,1,0.2815620443141511
15426,4,0,0.28144987663692167
15427,5,1,0.4937823233875417
15428,5,0,0.1904024041118362
15429,5,0,0.06799184326437514
15430,3,0,0.4750495034860309
15431,5,1,0.053752610345519786
15432,4,0,0.09050906915846801
15433,2,0,0.163623420987366
15434,4,0,0.09417772404258731
15435,2,0,0.08791494818343767
15436,1,0,0.1660610864841863
15437,5,0,0.09987091122807551
15438,3,1,0.09510984371217207
15439,2,0,0.17674992344364449
15440,5,0,0.051846579083195864
15441,2,0,0.2106713070588202
15442,1,1,0.19272062241047208
15443,4,0,0.13827824546196946
15444,1,0,0.16932021887824583
15445,2,0,0.09627797411624195
15446,4,0,0.09335599821391759
15447,4,0,0.27824295517998476
15448,1,0,0.09301046221523147
15449,1,0,0.18013032173075047
15450,5,1,0.15264403938309926
15451,2,0,0.2542908904741886
15452,2,1,0.7137623479399063
15453,4,0,0.2127752831679352
15454,4,0,0.1287342562566341
15455,2,0,0.18432349342644372
15456,1,0,0.09290347580223143
15457,2,0,0.22643805217101998
15458,3,1,0.6871572845152449
15459,3,0,0.29637017410210614
15460,1,1,0.6797564588106576
15461,3,0,0.3418879650488565
15462,4,1,0.4109470545724401
15463,2,0,0.1282562391547278
15464,5,0,0.05672962953614501
15465,2,0,0.21967432396477815
15466,5,0,0.06532112452883838
15467,3,0,0.09286920622055224
15468,3,0,0.09683074273305564
15469,2,0,0.15508369306152744
15470,4,0,0.09012911726803503
15471,5,0,0.14448770862302912
15472,2,0,0.09304106540628385
15473,3,0,0.13125115136755944
15474,3,0,0.2393290436079111
15475,5,0,0.7886071984658878
15476,4,0,0.21419047982103492
15477,3,1,0.15929464618042735
15478,4,0,0.15291017931171227
15479,3,0,0.11869387122083373
15480,2,1,0.4432034280892935
15481,5,0,0.05007341895125417
15482,3,1,0.25202375228972673
15483,3,0,0.09319207350196136
15484,2,0,0.13240036625637197
15485,1,0,0.7416230098967423
15486,5,0,0.11794872581556917
15487,2,0,0.1069265690691937
15488,2,0,0.17258079646803662
15489,2,0,0.18119384177084338
15490,4,0,0.14744212568028645
15491,1,0,0.10305345010234122
15492,5,0,0.12275010439279754
15493,3,0,0.15566513039875993
15494,2,0,0.15661533685969967
15495,2,0,0.09107549951348246
15496,2,0,0.12385837071184164
15497,5,0,0.1577011177472366
15498,1,0,0.09361901202270335
15499,4,0,0.15240224439505345
15500,5,0,0.08929987878070525
15501,2,0,0.08825713591353211
15502,3,0,0.24096582386722312
15503,2,0,0.12679479571971639
15504,4,0,0.09094869602848914
15505,1,0,0.12006087781615127
15506,1,0,0.18279352279058128
15507,5,0,0.12118226654348457
15508,1,0,0.09842853872607141
15509,4,0,0.1832961101133403
15510,3,1,0.72098418559365
15511,2,0,0.17976369013857227
15512,4,0,0.14056873283942692
15513,3,0,0.16602458532143355
15514,5,0,0.03882718114031867
15515,5,0,0.24059036948648924
15516,4,0,0.1445768723753066
15517,2,0,0.09003377369223918
15518,2,1,0.45863221516620717
15519,3,0,0.12212091717745722
15520,1,0,0.08617349311140099
15521,4,0,0.100393186404331
15522,4,0,0.12894637989049026
15523,1,0,0.24770363472058204
15524,2,1,0.3869405002671767
15525,5,0,0.1768519432882075
15526,5,0,0.13589541936875543
15527,2,1,0.1473025946310094
15528,2,0,0.08852425534915814
15529,1,0,0.16299385226735452
15530,2,0,0.3756986493801025
15531,3,0,0.06528216912839972
15532,3,0,0.24774788705457024
15533,2,0,0.13931317884261346
15534,2,0,0.10199964609201702
15535,2,0,0.12838652724296928
15536,5,1,0.5822425011550889
15537,3,1,0.12645356222674312
15538,1,0,0.2791416935831296
15539,1,0,0.1431549935275363
15540,2,0,0.1176096929151062
15541,3,0,0.20647607400899132
15542,1,0,0.09587654499901635
15543,1,0,0.6906216891079873
15544,5,0,0.07825424230580667
15545,5,0,0.22083061761731326
15546,2,0,0.08946102889292908
15547,2,1,0.6924909867862822
15548,5,1,0.783609502469227
15549,2,0,0.09892173460684582
15550,1,0,0.11244042526977995
15551,4,0,0.16480794257375608
15552,4,0,0.14655705720031292
15553,1,0,0.10425809995555871
15554,5,0,0.5895596354062558
15555,1,1,0.1902305212856878
15556,1,0,0.24228699002482595
15557,4,1,0.6592008944745231
15558,4,0,0.10185890742891171
15559,4,1,0.6934210059787973
15560,5,1,0.2630040626558006
15561,5,0,0.16793153182287984
15562,5,0,0.035664137757959104
15563,5,0,0.15374296303635718
15564,4,0,0.0902498526388739
15565,3,0,0.05736536528750226
15566,2,0,0.35859471539262955
15567,4,0,0.14803678392747815
15568,4,0,0.09987626520578528
15569,1,0,0.1435055214986322
15570,3,0,0.08696525671082542
15571,2,0,0.0919504820612892
15572,4,0,0.1390578179636622
15573,3,0,0.11383581391757966
15574,2,0,0.3030921075922312
15575,2,1,0.4546861087824719
15576,2,0,0.21832307341540802
15577,4,0,0.0976586605678512
15578,3,0,0.12350038746142605
15579,4,0,0.3796626707137448
15580,5,0,0.5567499401863563
15581,5,0,0.3188112340112999
15582,2,0,0.27902932308446626
15583,5,1,0.6547363719183951
15584,4,0,0.28126865883542357
15585,5,0,0.11895925113919269
15586,4,0,0.4963003523574646
15587,4,0,0.12271002921689185
15588,4,0,0.1759515643448181
15589,4,0,0.09005553860881364
15590,4,0,0.13242342036330837
15591,5,0,0.060126610513195546
15592,2,0,0.09058767535438689
15593,2,1,0.22819375639821354
15594,2,0,0.1615573469298883
15595,5,0,0.11037260420526047
15596,1,0,0.6797285157433527
15597,2,1,0.18618026512550878
15598,3,0,0.15066715211450724
15599,4,1,0.2827387982431099
15600,1,0,0.7140335955430422
15601,4,0,0.5172950249443958
15602,3,0,0.17569393011605053
15603,1,0,0.12341321769312073
15604,5,1,0.42237780875849207
15605,5,0,0.21760165457421948
15606,3,0,0.27009127267223304
15607,2,0,0.14639890201640024
15608,5,0,0.11431214578146384
15609,5,0,0.05116476372332215
15610,2,0,0.08844621699392664
15611,5,0,0.047050097430934835
15612,3,0,0.21429558068981852
15613,5,0,0.086494524803056
15614,1,1,0.15703613070025083
15615,3,0,0.0843060296274653
15616,3,0,0.05691455850117654
15617,2,0,0.2720821503520685
15618,1,0,0.08507674925739686
15619,5,1,0.2056205059666159
15620,2,0,0.08980677090360009
15621,2,0,0.3374390732856952
15622,2,0,0.09141635105740827
15623,1,0,0.11643534627287971
15624,5,0,0.2266942377993822
15625,4,0,0.22434258769907833
15626,1,0,0.08682074353541014
15627,2,1,0.6952873079624026
15628,2,1,0.7445753596732214
15629,1,0,0.24703809761277962
15630,1,0,0.14404099263189846
15631,2,0,0.16954096311083633
15632,2,0,0.17057919261820004
15633,5,0,0.09341030242726694
15634,1,0,0.14031537143522407
15635,1,0,0.2268011970021649
15636,1,0,0.28764629343083054
15637,5,0,0.1697841797627595
15638,3,0,0.2521912488680714
15639,4,0,0.13992661642838508
15640,3,0,0.29777454395526864
15641,3,0,0.16086491242950443
15642,1,0,0.17534116832626903
15643,5,0,0.1152191141455231
15644,3,0,0.08780918510140859
15645,5,0,0.17842711515825077
15646,5,0,0.05531752159535636
15647,4,0,0.09636400736929705
15648,1,0,0.3553679536840555
15649,1,0,0.10391080045159687
15650,3,0,0.05944294941138821
15651,1,0,0.09457259556030417
15652,3,1,0.9272211535497719
15653,2,0,0.2749308859934549
15654,2,1,0.6825797120113382
15655,2,0,0.13467558749787312
15656,1,0,0.14840935467552704
15657,3,0,0.1612864795340607
15658,3,0,0.36559546683306365
15659,5,1,0.2885683682954396
15660,5,1,0.6623954539524665
15661,1,0,0.2131177806349812
15662,2,0,0.09087238968587846
15663,1,0,0.11993280029387983
15664,5,1,0.6765326093186027
15665,5,0,0.07425240845117073
15666,1,0,0.4010492340827111
15667,1,0,0.7708821575376495
15668,1,1,0.14351433997321492
15669,4,1,0.13630798863634075
15670,4,0,0.1619513169385029
15671,4,0,0.12870893561770666
15672,5,1,0.6814593999024541
15673,1,0,0.12264210932027303
15674,4,1,0.6813723052787416
15675,2,1,0.6867066775882392
15676,4,1,0.223783501232241
15677,5,0,0.21539252310924648
15678,3,0,0.06350711100574985
15679,5,1,0.3135755157577399
15680,3,0,0.08281520626684263
15681,4,1,0.17877449828750566
15682,1,0,0.08827544718757993
15683,5,0,0.0770391287456436
15684,3,0,0.04310431575607311
15685,4,0,0.13281784088715298
15686,1,1,0.1672778498784588
15687,1,0,0.25604346191387883
15688,4,0,0.10429892933900287
15689,3,0,0.12905509140345925
15690,1,0,0.14477595595567375
15691,1,0,0.09165582669333591
15692,4,0,0.08970333112085473
15693,4,0,0.21865837302768748
15694,2,0,0.0885807862621435
15695,4,0,0.13363470268976535
15696,5,0,0.07387093809695248
15697,4,0,0.09053291726757538
15698,1,1,0.6773627934124249
15699,3,0,0.17742961872577065
15700,1,1,0.7196075656421825
15701,5,0,0.09625790120885273
15702,5,0,0.26550928482091585
15703,1,1,0.280862759124955
15704,3,0,0.18196591859450775
15705,4,1,0.4221117823398653
15706,1,0,0.32545325232250105
15707,2,0,0.15433549622641696
15708,5,1,0.11370986747630897
15709,2,0,0.09524013353919968
15710,1,1,0.20799033803565856
15711,4,0,0.18652599724092114
15712,5,0,0.1898853508047052
15713,4,1,0.2153785808276917
15714,1,1,0.3297187193937324
15715,2,0,0.19216875709603026
15716,5,0,0.19440507828936096
15717,1,0,0.2020255490619031
15718,4,0,0.13816466737926886
15719,5,0,0.06075893102913345
15720,1,0,0.08938253669815945
15721,5,0,0.1968213844975339
15722,2,0,0.09445475153408867
15723,2,1,0.09177095715415486
15724,1,0,0.1981619142550978
15725,1,0,0.19176652053021453
15726,5,0,0.08301449196280214
15727,2,1,0.7420279036477109
15728,2,0,0.089563170576545
15729,5,0,0.7163616135387352
15730,1,1,0.2952277445438078
15731,3,0,0.07452767314248242
15732,5,0,0.1898240439472463
15733,1,1,0.3137037712542328
15734,4,0,0.08884195587202286
15735,5,0,0.1128553973402467
15736,2,1,0.7057466295217081
15737,5,0,0.09651383472313671
15738,5,0,0.16461568843079824
15739,2,1,0.753619897402092
15740,2,1,0.11656353518950767
15741,4,0,0.11253665582143331
15742,1,0,0.16127946712131083
15743,1,0,0.14767562207706475
15744,2,0,0.13474471069696214
15745,3,0,0.09920597725629379
15746,3,0,0.12465710398188942
15747,5,0,0.2259982869577326
15748,4,0,0.1480741767687428
15749,2,0,0.3711527855685808
15750,5,0,0.12216936504686368
15751,1,1,0.1594071744364609
15752,1,0,0.09629561639436214
15753,4,1,0.15751153785900673
15754,4,0,0.13982671550223738
15755,1,0,0.15680945216267056
15756,1,0,0.14189325810347186
15757,2,0,0.1237091093897464
15758,5,0,0.1791787040114649
15759,1,1,0.24111199714965617
15760,2,0,0.15127430045117193
15761,2,0,0.4151208212579228
15762,5,0,0.1650028733585562
15763,5,0,0.1127225743472671
15764,2,1,0.7467085173903428
15765,3,0,0.08157232019002025
15766,3,0,0.24982772314718268
15767,3,1,0.7437844152590612
15768,2,0,0.08892247151996345
15769,1,0,0.5993771903841211
15770,3,0,0.1433428836821103
15771,1,0,0.17475573323448532
15772,4,0,0.0900848251445982
15773,2,0,0.09186957514115872
15774,5,0,0.07640872243249691
15775,2,0,0.0918232746340473
15776,3,0,0.13364831021404883
15777,3,0,0.3592960660589442
15778,4,0,0.09016213384588183
15779,2,0,0.3541866137281227
15780,2,0,0.2592294177980413
15781,4,0,0.10505322355080392
15782,2,0,0.0892521558382503
15783,1,1,0.7002003809952928
15784,1,0,0.42037831624977834
15785,1,1,0.08791367919391606
15786,3,0,0.29067803123580005
15787,5,0,0.18483440572910836
15788,4,1,0.36954859227331976
15789,1,1,0.6798228650117816
15790,4,0,0.11538484646214654
15791,4,0,0.145495045777739
15792,5,0,0.16592955249315341
15793,3,1,0.20791081516764998
15794,4,1,0.14450228062584136
15795,1,0,0.15592587463095417
15796,2,0,0.145411828842063
15797,2,0,0.10886408596750005
15798,5,0,0.06640322772821795
15799,3,0,0.2895685367412769
15800,3,1,0.27021937106106897
15801,4,1,0.472252854475818
15802,5,0,0.09670732264918676
15803,2,0,0.14058728148266197
15804,4,0,0.10101879820496053
15805,5,1,0.6135650724125012
15806,3,0,0.31830184671630624
15807,5,0,0.211106571763071
15808,4,0,0.09616496083568585
15809,2,0,0.13418212404343305
15810,2,1,0.6774821451993175
15811,4,0,0.0913705513900593
15812,3,1,0.17754221915498977
15813,5,0,0.07038175905288623
15814,5,0,0.5872817597578777
15815,5,1,0.13779520161178643
15816,3,0,0.059614648900603404
15817,5,0,0.09087468094275818
15818,1,0,0.2212631036554466
15819,4,1,0.1072774417184225
15820,1,0,0.1360997094290461
15821,4,0,0.09552086904103428
15822,2,0,0.6765666810590427
15823,4,1,0.655699045110504
15824,1,0,0.08805961895820982
15825,5,0,0.03293225570894286
15826,2,0,0.08790840487960286
15827,4,1,0.6996700153367609
15828,5,1,0.1579082671334941
15829,1,0,0.13328230032454255
15830,5,0,0.07646434041858584
15831,4,0,0.11064144006666968
15832,3,0,0.24854800719281786
15833,3,1,0.24822774157874453
15834,3,0,0.1160554603733686
15835,5,0,0.07023109842863771
15836,4,0,0.0901579387159564
15837,4,0,0.10870133465894184
15838,3,0,0.3346697451475043
15839,5,0,0.0634370646148421
15840,5,0,0.34762788469707745
15841,2,0,0.18647940581057124
15842,5,0,0.8016188960206723
15843,4,0,0.13285998915433025
15844,4,0,0.13255389197784895
15845,5,0,0.1307473848542428
15846,2,0,0.2241976937967173
15847,1,0,0.19117749081098323
15848,3,0,0.17763777224193378
15849,1,0,0.14642059513063949
15850,5,0,0.03635275400448726
15851,3,1,0.5873459345026874
15852,3,0,0.5281978319203066
15853,5,0,0.14314233478158067
15854,3,0,0.1658352980477553
15855,5,0,0.13708950268637607
15856,3,1,0.22407944999550203
15857,1,1,0.6642591398652499
15858,4,0,0.09046327579821259
15859,2,0,0.09019023242293975
15860,1,0,0.3408239984836925
15861,2,0,0.08807146091417095
15862,1,0,0.16837399590071933
15863,5,1,0.10860224809223831
15864,5,0,0.10667312344580164
15865,1,0,0.3226381292048217
15866,1,1,0.1932616417825384
15867,2,0,0.08867059856048934
15868,3,1,0.12689269280384946
15869,1,0,0.16556384329367027
15870,4,0,0.10333898845276265
15871,1,0,0.09962822544664607
15872,1,0,0.08749206433465516
15873,3,1,0.45299494531681717
15874,1,0,0.10503755471225651
15875,2,0,0.12503891903384365
15876,1,0,0.14259420666875566
15877,1,0,0.08649938854872778
15878,2,0,0.11475457448943296
15879,1,0,0.6756327766430346
15880,4,1,0.25374307022298664
15881,1,0,0.12392590947609121
15882,2,0,0.10943558223312772
15883,5,0,0.09934990464799685
15884,4,0,0.1360511640706015
15885,3,1,0.16798349680198774
15886,1,0,0.10511484516341608
15887,2,0,0.1108215816279729
15888,3,0,0.208252121474338
15889,4,0,0.09546859766325427
15890,4,1,0.1651165744803642
15891,3,1,0.20106735617599183
15892,2,0,0.10734419506363171
15893,4,0,0.107904833939573
15894,3,1,0.31959823273388166
15895,5,0,0.06881890185103082
15896,5,0,0.05419135545051339
15897,2,0,0.1312224203975854
15898,5,0,0.37162699027086143
15899,3,1,0.15465072372235852
15900,4,0,0.15604246156813192
15901,5,0,0.7996415929722255
15902,1,0,0.2655669429937674
15903,4,0,0.15676732730122245
15904,3,0,0.07148047920707033
15905,2,0,0.12270194052627334
15906,4,0,0.0905976645487608
15907,5,0,0.1124643326720241
15908,2,0,0.16316353371894743
15909,2,0,0.13610967987739617
15910,3,0,0.19249627153603294
15911,1,0,0.08618917803898576
15912,4,1,0.28462887882755766
15913,4,0,0.09722743413648882
15914,1,0,0.12685218907495974
15915,3,1,0.20496276760995819
15916,1,0,0.24692152095124867
15917,2,0,0.11421757354401349
15918,5,0,0.06801901431512909
15919,2,0,0.17627215012048944
15920,2,0,0.25774471964230705
15921,2,1,0.6998383005651859
15922,2,0,0.17513953544620367
15923,1,1,0.2791416935831296
15924,4,0,0.11641897180537633
15925,5,0,0.19888892531420674
15926,5,1,0.6133001683789822
15927,1,0,0.0862273834319091
15928,4,0,0.08942994335856594
15929,5,0,0.18495535778757777
15930,3,0,0.18369076242137974
15931,1,1,0.12881686499834347
15932,3,0,0.6602671152162546
15933,2,0,0.09750851427675404
15934,4,0,0.13320213020333516
15935,2,1,0.7465485637355115
15936,3,1,0.18174458383350406
15937,2,0,0.12215551900488589
15938,1,1,0.7372353607662969
15939,4,0,0.15073108492561876
15940,3,0,0.41046169212794614
15941,4,0,0.12286668313408901
15942,3,0,0.14970258250997914
15943,3,0,0.14769874531495364
15944,4,0,0.14426921519484479
15945,2,0,0.15213248215171027
15946,5,0,0.1407632964464964
15947,5,0,0.1647909370966015
15948,5,0,0.1005649169248312
15949,5,1,0.31830148778296724
15950,3,1,0.7451123487170362
15951,3,0,0.11333104708416677
15952,4,0,0.23129165991447453
15953,1,1,0.17442777512821594
15954,4,0,0.26238358244266785
15955,5,0,0.11716325007569595
15956,1,1,0.17732453481513516
15957,2,0,0.14177818353988864
15958,2,0,0.5838099436830179
15959,5,0,0.38656120659291565
15960,4,0,0.22115609871067077
15961,2,0,0.0887447790817112
15962,5,0,0.15947052884664323
15963,3,1,0.7266470293969514
15964,1,0,0.6626878600907563
15965,1,0,0.16479108283922722
15966,4,0,0.12088284891053386
15967,2,0,0.10701067297051055
15968,1,0,0.5658608466952763
15969,5,0,0.12751329608398618
15970,3,0,0.06552900487327912
15971,3,1,0.7277911901303238
15972,5,0,0.5105466577261668
15973,3,0,0.7428428929362497
15974,1,0,0.10812284530745175
15975,2,0,0.17458838892544387
15976,3,0,0.12319180365710357
15977,1,0,0.13028817590524275
15978,3,0,0.1640907475345117
15979,3,0,0.12298004206717057
15980,5,1,0.22100406857317395
15981,4,0,0.09584974151718821
15982,5,0,0.05690460394944238
15983,4,0,0.34486372683719246
15984,3,1,0.14832554541479154
15985,5,0,0.0694814474406776
15986,4,0,0.08869032859303404
15987,1,0,0.336543475459326
15988,5,0,0.8088877944496472
15989,4,0,0.3043701001809647
15990,3,0,0.2081425545555794
15991,3,1,0.3858955034821229
15992,4,0,0.12453027439538762
15993,3,0,0.2832401948228789
15994,3,0,0.1509397356060588
15995,1,0,0.14565132193475938
15996,2,0,0.1805668073632384
15997,1,0,0.0862979972908934
15998,4,1,0.7909471944759954
15999,3,1,0.17193400928895936
16000,2,0,0.09848937986222453
16001,5,0,0.1787374828550966
16002,3,0,0.42031949955262304
16003,2,0,0.17050506468755108
16004,2,0,0.1008934469136528
16005,1,0,0.15768955842698446
16006,2,1,0.5472631050633016
16007,1,0,0.25948311169197513
16008,3,1,0.6293019657865045
16009,5,0,0.1477082546235236
16010,2,1,0.7469837692463619
16011,4,1,0.6514470673365662
16012,5,0,0.09268130090945674
16013,4,0,0.09881280519180137
16014,3,0,0.1293991475463571
16015,5,0,0.09008469880679053
16016,2,1,0.25144125023310515
16017,4,0,0.08916696589007364
16018,2,1,0.12890113618074012
16019,3,0,0.07728015410286893
16020,1,0,0.14546944094171382
16021,2,0,0.09975839230731971
16022,4,0,0.14950049201717452
16023,3,0,0.05488064790678205
16024,4,0,0.29579957577122573
16025,2,0,0.1460726667809651
16026,1,0,0.2799805340359477
16027,5,0,0.16053669420204691
16028,2,0,0.10450219973456137
16029,4,1,0.10571422318646181
16030,2,0,0.5914020899710087
16031,3,0,0.09334480251706188
16032,1,0,0.094454964881407
16033,4,1,0.11381004090080847
16034,5,0,0.2814535433905555
16035,3,1,0.33366182709773373
16036,5,1,0.3897186541164237
16037,4,0,0.10497743369615786
16038,1,0,0.27330123420057995
16039,2,0,0.09128790313502791
16040,5,0,0.11466143517979684
16041,1,0,0.09106397657569017
16042,4,0,0.14912840477137826
16043,3,1,0.17578470396113616
16044,3,0,0.1632176835834999
16045,1,0,0.0940135742424112
16046,3,0,0.17837073987860624
16047,1,0,0.08615234959689834
16048,5,1,0.06572234924407334
16049,4,1,0.13629623637597102
16050,3,1,0.1200666747126815
16051,3,0,0.0828816088940962
16052,3,1,0.10991106172775064
16053,5,0,0.15836997286274204
16054,4,0,0.1482690933524581
16055,4,0,0.08926616686536888
16056,1,0,0.17266127132923392
16057,2,0,0.23425756886394433
16058,3,0,0.06430981742556598
16059,3,0,0.21695575537215986
16060,1,0,0.24997503368106383
16061,2,0,0.21130793702874748
16062,5,1,0.26499136681479873
16063,5,1,0.1609627952195529
16064,5,0,0.05218808322025543
16065,3,0,0.23677692450386384
16066,2,0,0.11032184646561458
16067,2,0,0.1650181970916102
16068,5,0,0.09979868559104371
16069,3,1,0.44634234320805927
16070,1,0,0.16951987181756298
16071,2,1,0.6976403407100353
16072,4,0,0.44871309277132415
16073,2,0,0.18825034524207473
16074,4,0,0.11409079775563118
16075,3,1,0.4724864347750277
16076,3,0,0.06453874387106051
16077,1,0,0.4022595699298523
16078,3,0,0.07407643561015943
16079,5,0,0.11621212521987655
16080,2,0,0.31756122193684844
16081,3,0,0.13695133750993022
16082,5,0,0.10871415106151376
16083,4,1,0.2886702391674546
16084,2,0,0.0880414602557007
16085,2,0,0.1110433431481944
16086,4,0,0.4050100864014885
16087,1,0,0.12880177699923404
16088,4,0,0.6803538195984998
16089,3,1,0.10870574824773525
16090,1,1,0.7437255864426983
16091,1,0,0.14331116985290884
16092,1,0,0.1499830022098213
16093,1,0,0.1069564777860429
16094,2,0,0.6898718204889257
16095,4,0,0.43010801514902686
16096,5,0,0.05400073410307003
16097,3,0,0.08242695595355536
16098,1,0,0.11599074552998244
16099,2,0,0.20507528381138027
16100,3,0,0.1551844332393997
16101,2,1,0.8038257569763105
16102,1,0,0.11061407695652638
16103,1,0,0.10788908037512125
16104,1,1,0.6648208654333903
16105,3,0,0.13625624550526
16106,4,0,0.09918006607356186
16107,3,0,0.18034546700312967
16108,5,0,0.31005619701356435
16109,4,0,0.09995702228834408
16110,5,0,0.10301764637209264
16111,4,0,0.1553777867857435
16112,5,1,0.8690988572338044
16113,5,0,0.16790260276113134
16114,1,0,0.10091968698255255
16115,2,0,0.6896260598089468
16116,1,0,0.13212109219937015
16117,3,0,0.21192953813684284
16118,2,0,0.10145558672159782
16119,4,0,0.0896515524057668
16120,3,1,0.3942777601713366
16121,4,0,0.2459937217266373
16122,3,0,0.044769815096164754
16123,5,1,0.5571668819648853
16124,3,0,0.19022100865563155
16125,3,0,0.1837188438666835
16126,4,0,0.16829672282289426
16127,2,1,0.20814957061267475
16128,4,0,0.09587212392711439
16129,5,0,0.4215459518283014
16130,4,1,0.4164491615207558
16131,3,0,0.11665054205138463
16132,2,0,0.14591975598852136
16133,5,0,0.04872865839818192
16134,2,0,0.12829419283225427
16135,4,0,0.09036677702064211
16136,2,0,0.1230069591058604
16137,3,0,0.063782066135492
16138,4,0,0.12373789315279311
16139,5,1,0.1909444227551815
16140,4,0,0.47885666714686903
16141,4,0,0.17696877809598538
16142,4,0,0.14226744706709718
16143,5,0,0.13777376350254714
16144,1,0,0.12567553672299422
16145,5,0,0.10061178740158892
16146,1,0,0.10519675924089651
16147,2,0,0.17413454071324705
16148,5,0,0.0664643845768357
16149,4,0,0.14035017049380907
16150,3,0,0.13711843124943543
16151,5,0,0.30065823710564893
16152,1,1,0.19597943607649682
16153,3,0,0.0547321171165234
16154,4,0,0.21438601139463312
16155,2,1,0.7212349664602001
16156,1,0,0.2503429130633842
16157,3,0,0.6648985059575061
16158,1,1,0.7019984675357356
16159,3,0,0.35366135048977
16160,3,0,0.08789444479405233
16161,1,0,0.45726615696937706
16162,3,0,0.04884387074410346
16163,4,1,0.727987968782779
16164,1,0,0.17511208113446772
16165,2,0,0.08810791067514116
16166,2,0,0.2237988166385829
16167,2,0,0.12988672382778932
16168,3,0,0.18171890974811633
16169,2,1,0.12811505159855352
16170,4,0,0.10946907687081879
16171,1,0,0.08606290390360587
16172,4,1,0.13372176513413664
16173,3,0,0.0832791231413021
16174,4,0,0.22220627677582638
16175,3,0,0.140125498798691
16176,3,1,0.10700080647028627
16177,3,1,0.3490312392906988
16178,2,1,0.3139820344458091
16179,3,0,0.5015025091223353
16180,1,1,0.7522105310769107
16181,2,1,0.3718261418418009
16182,1,1,0.7598148829602175
16183,3,0,0.13803086038780674
16184,1,1,0.6642853060730664
16185,5,0,0.6598766235901631
16186,4,0,0.09999968486110718
16187,5,1,0.060061316862933804
16188,1,0,0.10012105792976063
16189,1,1,0.28111460602201205
16190,1,0,0.2581432020251876
16191,3,1,0.7039394280692727
16192,3,0,0.18240047730800654
16193,5,0,0.20393042335567238
16194,3,0,0.06278332949381248
16195,2,1,0.387510027222405
16196,3,0,0.7260579679820529
16197,2,0,0.12477530065193176
16198,1,1,0.19445553379027783
16199,3,1,0.3783310192674193
16200,2,0,0.13414830922202597
16201,1,0,0.1045474716800318
16202,5,1,0.1517095432526643
16203,5,1,0.6941408597792923
16204,3,0,0.3654419998105791
16205,5,0,0.06389105563503221
16206,3,0,0.10030785991342193
16207,4,1,0.6727953680568453
16208,4,0,0.11309226003463146
16209,4,0,0.24240929421827562
16210,3,0,0.05114410473720029
16211,4,0,0.10309249988054586
16212,5,0,0.14070090982347908
16213,5,0,0.16978909321948252
16214,3,0,0.20237419136989937
16215,2,0,0.14405586930252282
16216,5,1,0.398148035291926
16217,2,0,0.08854178353842729
16218,2,0,0.08840363308331825
16219,4,0,0.1262977091681128
16220,5,1,0.5017547678401467
16221,2,0,0.7368600467527753
16222,1,0,0.15025733048374806
16223,3,0,0.0493786776063353
16224,5,0,0.1757537929254666
16225,3,0,0.12982559026100846
16226,5,0,0.1967046409198749
16227,4,1,0.4319305324693112
16228,4,0,0.1710129495731903
16229,5,0,0.06601521206350436
16230,4,0,0.34534439359954333
16231,5,0,0.17854695214294666
16232,4,1,0.6666456491856323
16233,2,0,0.17301802976058148
16234,5,0,0.20914380783573058
16235,1,0,0.10729149705517553
16236,5,1,0.04224225514777063
16237,5,0,0.16100298655309062
16238,5,1,0.7308543925602743
16239,2,0,0.1103183003479329
16240,1,0,0.13693959559192523
16241,3,0,0.18523525651669298
16242,1,0,0.10037452891651932
16243,3,0,0.06624990087485483
16244,5,0,0.02664681883407152
16245,5,0,0.07679273581243609
16246,3,1,0.6837193562956045
16247,2,0,0.17882307052406424
16248,4,1,0.7048197930537352
16249,1,0,0.10497735707397009
16250,2,0,0.09369067471975702
16251,4,0,0.7648855309925652
16252,2,0,0.08899588922574359
16253,3,0,0.0693130357063309
16254,5,0,0.07143698884491964
16255,3,0,0.26202374383271704
16256,2,1,0.714112412333301
16257,1,0,0.17149437713345306
16258,1,0,0.12209310988800066
16259,2,0,0.13535967646457647
16260,4,0,0.7173890373758267
16261,3,0,0.12359370459345381
16262,2,0,0.11716673211437101
16263,2,0,0.1338346804823334
16264,2,0,0.08867460629669141
16265,3,0,0.47122425340349916
16266,1,0,0.15798591262433143
16267,1,1,0.27560493228751715
16268,4,0,0.12040729962161661
16269,4,0,0.11677207687908193
16270,4,0,0.42397521704307906
16271,2,0,0.2221554889810976
16272,5,0,0.033463633971854985
16273,2,1,0.27920595300382994
16274,3,0,0.14345640126862005
16275,3,0,0.07431939371113683
16276,5,0,0.08531478133451185
16277,5,0,0.43198344971810426
16278,2,1,0.18496282690077048
16279,3,0,0.2504605032145986
16280,2,1,0.4897713735560715
16281,1,0,0.2109741039782605
16282,4,0,0.6658220350165829
16283,3,1,0.729720919729451
16284,1,0,0.15254855943636034
16285,3,0,0.06965562460318322
16286,1,0,0.12843549662568046
16287,5,0,0.06960972219239513
16288,4,1,0.6600434233997474
16289,1,0,0.11018187754935589
16290,3,0,0.09963979991490723
16291,2,0,0.10952840450025092
16292,4,0,0.1462825072296723
16293,4,0,0.2810753250693869
16294,2,0,0.687308848028773
16295,1,0,0.14183552416491457
16296,1,0,0.08612200667994963
16297,4,0,0.17225605721282236
16298,1,0,0.08544568447629393
16299,3,1,0.4988855091720597
16300,5,0,0.06826250676151957
16301,5,1,0.7820141078456091
16302,3,0,0.06419084599265154
16303,1,0,0.1661477455001459
16304,4,0,0.12325598014994282
16305,4,1,0.19238726922349916
16306,2,0,0.1050874964127087
16307,5,0,0.2006789635543381
16308,4,0,0.11735229797597398
16309,3,0,0.348551980343689
16310,3,0,0.2361160446554414
16311,1,1,0.7601494032182137
16312,2,0,0.27462822864032577
16313,1,0,0.24946376002935217
16314,3,0,0.07603835889753338
16315,5,0,0.09458406486090092
16316,4,0,0.17694945120224514
16317,5,0,0.06318902938451848
16318,4,0,0.26302815300973126
16319,1,0,0.10467145838843758
16320,4,0,0.1508109556615896
16321,1,0,0.6956268051421864
16322,5,0,0.2149169536935143
16323,3,0,0.10940349482165104
16324,1,0,0.2269958639368362
16325,1,0,0.15872546558429873
16326,3,0,0.14955493853054358
16327,2,0,0.09329137763072465
16328,3,0,0.1288419070901938
16329,1,0,0.288856270827506
16330,2,0,0.10922979017031888
16331,3,0,0.7874681900827687
16332,1,0,0.10406691013494464
16333,3,0,0.07938115283656037
16334,1,0,0.09264480620195546
16335,3,0,0.07187829307452191
16336,3,0,0.27342925553691727
16337,4,0,0.31797588390383164
16338,4,0,0.14523956538502822
16339,3,0,0.08711504705414498
16340,3,0,0.10015307109630249
16341,2,0,0.2016428218704605
16342,2,0,0.12448715499243121
16343,4,0,0.17846386770065725
16344,4,0,0.13488674407666693
16345,3,0,0.2437349525858099
16346,5,0,0.14677416184740696
16347,5,0,0.14241065314039122
16348,3,0,0.13603432680624888
16349,5,0,0.7033912637296513
16350,3,0,0.09241098088938518
16351,1,0,0.11301947881306423
16352,4,0,0.20969402328466932
16353,1,0,0.10698847914066222
16354,2,1,0.16214212003097056
16355,2,0,0.09191428583289292
16356,4,0,0.16889815149934823
16357,2,0,0.15603870316627347
16358,3,1,0.3165374798784821
16359,1,0,0.17968064824010724
16360,5,0,0.08375650720362106
16361,3,0,0.07237098699018975
16362,1,0,0.15723002151322882
16363,5,0,0.10867545131406303
16364,5,0,0.07545725916714022
16365,4,0,0.13799141574432436
16366,4,0,0.17720002079398448
16367,2,0,0.18927447615933674
16368,2,0,0.13421938674263026
16369,1,1,0.08666836594868782
16370,2,1,0.6555385580077099
16371,3,1,0.5340444808625053
16372,1,0,0.08619058171452262
16373,1,0,0.159552794993505
16374,1,0,0.08755490409881043
16375,2,0,0.6116285727058357
16376,3,1,0.279575960347134
16377,1,0,0.13730855260211547
16378,4,0,0.10579270785754792
16379,2,0,0.14090091724005363
16380,1,0,0.19149823563817014
16381,3,0,0.14545037980816897
16382,1,1,0.17773097460348883
16383,5,0,0.06912600721282113
16384,4,0,0.0898265431149857
16385,1,0,0.08626828699867387
16386,2,1,0.7098595969566636
16387,5,0,0.058326904945814856
16388,3,0,0.05362931736149052
16389,1,0,0.16294113876669328
16390,4,0,0.15772594993885908
16391,1,0,0.0991796523038154
16392,3,0,0.08069836090658918
16393,4,0,0.13675760677883692
16394,4,1,0.14804037907404347
16395,3,1,0.37601283495952675
16396,3,0,0.07641277863938302
16397,5,0,0.18492729439779765
16398,5,0,0.6869074315253689
16399,4,0,0.09401137870581928
16400,5,0,0.10818298043750994
16401,2,0,0.12205226129597846
16402,5,0,0.06238204416958298
16403,2,0,0.09061531559798977
16404,1,0,0.48137839778893526
16405,2,0,0.11919423288763811
16406,5,0,0.13722003051070317
16407,5,0,0.10322728209961017
16408,5,1,0.3181460615369068
16409,2,0,0.12277216367413876
16410,1,0,0.09450355253882295
16411,5,0,0.06680923766627841
16412,3,0,0.22270944073385532
16413,2,0,0.2316506006552707
16414,2,0,0.2878034976507711
16415,4,0,0.13434474433883736
16416,3,0,0.11010073035490024
16417,4,0,0.0913705513900593
16418,1,0,0.12590671371956455
16419,2,0,0.3494293242218817
16420,3,0,0.20423084062791796
16421,4,0,0.09114373841133236
16422,4,0,0.12890855053057376
16423,3,0,0.1536877522573606
16424,5,0,0.19606357802185745
16425,3,0,0.11511249506178489
16426,1,0,0.1305799410261126
16427,1,0,0.11129540106576344
16428,5,0,0.032452726884679435
16429,3,0,0.15702933211841763
16430,3,0,0.05957723558597408
16431,2,0,0.2285037165817284
16432,2,0,0.15459543270605053
16433,5,0,0.1428382699186432
16434,4,0,0.13632699618593588
16435,2,0,0.09265678544792054
16436,1,0,0.08818950607190038
16437,1,1,0.6842547244022442
16438,1,1,0.14347536725940047
16439,2,1,0.20675277285711563
16440,1,0,0.1890226734729996
16441,4,0,0.12939913863186625
16442,1,0,0.20965663885418143
16443,2,0,0.20516550934403574
16444,3,1,0.10381393890352623
16445,5,0,0.08158552906287464
16446,2,0,0.13130299853681376
16447,3,0,0.08711982046505469
16448,5,1,0.36477087140728714
16449,5,0,0.1693763467467086
16450,1,1,0.131385219349632
16451,4,0,0.2648606375862477
16452,3,1,0.7013507801948545
16453,2,0,0.14815225867813805
16454,1,0,0.19526763570370168
16455,2,0,0.1329601290126429
16456,3,0,0.24840622012124453
16457,1,1,0.2947747806243132
16458,3,0,0.48789697667092113
16459,4,1,0.38884978032344725
16460,5,0,0.172769318864144
16461,2,0,0.154521114079679
16462,3,0,0.13515993958631828
16463,5,0,0.6513800437921764
16464,3,0,0.1478641528072551
16465,2,0,0.12605178639150716
16466,5,0,0.10178201825139674
16467,5,0,0.12166408911738077
16468,5,0,0.14805382521320468
16469,5,0,0.25985965612948175
16470,2,0,0.25634082402315406
16471,5,0,0.33432161290222323
16472,4,0,0.0900404772032495
16473,5,0,0.05096967978956563
16474,4,0,0.13687337998623905
16475,2,0,0.1733788886132127
16476,3,0,0.0734009561574394
16477,3,0,0.1602406017316111
16478,3,0,0.2106925657097132
16479,1,0,0.22986128597085634
16480,2,0,0.09119119158130211
16481,1,1,0.679185581533798
16482,2,0,0.09061667157580436
16483,1,0,0.17828370435215324
16484,2,0,0.11148339716512475
16485,3,0,0.05158668472903462
16486,4,0,0.08908538680147812
16487,3,0,0.11495938125116108
16488,3,1,0.3456949303494669
16489,1,0,0.10886629167336256
16490,3,0,0.0627060937012592
16491,3,0,0.11558938110784274
16492,2,0,0.09842409124303776
16493,4,0,0.6578296390945522
16494,5,0,0.1389272851620251
16495,2,0,0.15201144501646854
16496,1,0,0.1323587843067567
16497,2,0,0.09992924579137194
16498,4,0,0.3741508407149314
16499,2,0,0.09520442369720648
16500,3,0,0.08572037978557626
16501,2,0,0.09397568864965351
16502,1,0,0.09386978162805733
16503,1,0,0.08701975847940772
16504,5,0,0.39145068749985906
16505,1,1,0.22684692731003617
16506,2,0,0.08790840487960286
16507,1,0,0.12227909822745678
16508,3,1,0.5297870838595479
16509,2,0,0.7309698223548479
16510,2,0,0.15711915471388152
16511,5,0,0.12954350684399424
16512,2,0,0.21830691955858256
16513,1,0,0.41104300063233384
16514,4,1,0.10338296830311916
16515,5,0,0.11477670544071632
16516,4,0,0.10827140591744792
16517,1,1,0.11621732626726446
16518,3,0,0.14572277293782426
16519,1,0,0.15967810406898744
16520,2,0,0.12398510778146768
16521,5,0,0.06534830370426428
16522,5,1,0.1674341269711004
16523,3,0,0.14122772190591334
16524,5,0,0.13125670031238146
16525,5,0,0.17991793564591443
16526,3,1,0.08702414818415757
16527,2,0,0.5451061166824468
16528,5,0,0.01922512515716646
16529,1,0,0.21410791210388055
16530,4,0,0.3476395768691698
16531,3,0,0.181025540413632
16532,2,0,0.1568104722376609
16533,3,0,0.44089344267576114
16534,3,0,0.08199056087286977
16535,2,1,0.3707475977552213
16536,3,1,0.6163907432222532
16537,2,0,0.21958055354556505
16538,5,0,0.21158113189258831
16539,2,1,0.4582172828022325
16540,4,0,0.23148110341851857
16541,2,0,0.15010425266473348
16542,4,0,0.2658264105834297
16543,4,0,0.11812622266199325
16544,5,0,0.11228331616860251
16545,5,1,0.7284204448511815
16546,2,0,0.15267860068385755
16547,3,0,0.3003989978951475
16548,2,0,0.2922976821322174
16549,3,0,0.6066239562684631
16550,1,1,0.7861452876282353
16551,2,1,0.6769241069908012
16552,3,0,0.15391311962980433
16553,1,0,0.0983755460113339
16554,5,0,0.12936546891485348
16555,4,0,0.12573308646736261
16556,4,0,0.0932837139839189
16557,4,1,0.12696553114113332
16558,4,0,0.101233390773816
16559,3,0,0.2939446073815455
16560,3,0,0.0648065745933446
16561,1,0,0.10306089348810399
16562,3,1,0.31601033833650316
16563,2,0,0.27892663280374613
16564,2,1,0.6905538752684198
16565,4,0,0.13507397982428018
16566,4,0,0.15563381664175097
16567,2,0,0.11338471943709841
16568,5,0,0.23251548842780664
16569,4,0,0.12167236456651705
16570,2,0,0.13765224810839014
16571,2,0,0.1199314183019903
16572,2,0,0.12824304436138384
16573,3,0,0.1812339146658062
16574,2,0,0.18891665481079878
16575,5,1,0.22592376331057507
16576,4,0,0.2588202203906393
16577,2,0,0.08804851348742931
16578,3,0,0.34595994652340895
16579,3,0,0.17244004768307636
16580,3,1,0.1407686357805936
16581,2,1,0.1249175520586618
16582,3,0,0.25120658139748103
16583,1,0,0.11531715161184775
16584,2,0,0.17010810316166017
16585,4,0,0.14201102586730302
16586,1,0,0.09781808714978552
16587,5,0,0.30629716463520396
16588,3,1,0.6191924233706547
16589,5,0,0.12510273087045162
16590,3,0,0.1738276410204974
16591,2,0,0.1422110494851687
16592,2,0,0.14335969304722862
16593,4,0,0.10694227012205305
16594,3,0,0.08915680607614071
16595,4,1,0.22570654612887497
16596,4,1,0.515504553819073
16597,5,0,0.049388208850634475
16598,4,0,0.20700430370246806
16599,4,0,0.13587902863245443
16600,5,0,0.22660381545269637
16601,2,0,0.09226671657068825
16602,4,0,0.09009376212577273
16603,2,0,0.09418349852396103
16604,2,0,0.26189149079746454
16605,2,0,0.08921815187864023
16606,4,0,0.13068881877036728
16607,3,0,0.6731000793771228
16608,3,0,0.11978331592070919
16609,4,0,0.14558946672449535
16610,4,0,0.09283761042701355
16611,2,0,0.16097003185370762
16612,4,0,0.12016225699089388
16613,2,1,0.5654768021785223
16614,2,0,0.10795959776292512
16615,5,0,0.1278662189451251
16616,4,0,0.6771787480167186
16617,2,0,0.09196831569925924
16618,3,0,0.15471097295802186
16619,4,0,0.15413831035049066
16620,3,1,0.5401780695183559
16621,5,0,0.052998540686131974
16622,5,0,0.11843680987781736
16623,4,1,0.12101048688297378
16624,1,1,0.7017258103737566
16625,2,0,0.08821307887485419
16626,5,1,0.39507757012857136
16627,2,0,0.1308709630927054
16628,3,0,0.1908478269031724
16629,4,0,0.15360344062212788
16630,4,0,0.13924236891738517
16631,1,0,0.17296666429775873
16632,4,0,0.09820955912981388
16633,2,1,0.7313257514786775
16634,5,1,0.09445437831298077
16635,1,0,0.14348120345170776
16636,1,1,0.5773831934725931
16637,2,1,0.2129972036030596
16638,3,0,0.15676382297615588
16639,3,0,0.139398621100819
16640,1,0,0.24635107647851257
16641,4,0,0.129634126671658
16642,3,0,0.1749815757496941
16643,2,0,0.2136792119365586
16644,1,0,0.294883232237694
16645,3,0,0.14615887502404395
16646,5,0,0.1097804840005536
16647,3,1,0.7790835980272618
16648,2,0,0.1246872632761694
16649,5,1,0.7292739241429458
16650,1,1,0.15179452705364824
16651,5,0,0.2691254143142749
16652,1,0,0.18950906976260581
16653,4,0,0.15275913316411485
16654,4,0,0.15438437975647473
16655,5,0,0.16446795065557376
16656,1,0,0.09818855457770231
16657,1,0,0.10231724931248899
16658,5,1,0.7730380943879948
16659,1,0,0.21731720961044235
16660,1,0,0.13801660259279988
16661,3,1,0.6603962772131488
16662,5,0,0.1190336585525111
16663,4,1,0.7051035831992919
16664,2,0,0.08857852818151696
16665,2,0,0.13711532183641656
16666,3,0,0.05926629250601565
16667,5,0,0.18952111525838056
16668,3,1,0.6896377911572792
16669,5,0,0.11100338327590914
16670,2,0,0.20558138609004445
16671,2,0,0.09050905179357357
16672,3,0,0.09680043946289564
16673,5,0,0.05267287731032101
16674,1,1,0.45749164699726924
16675,2,0,0.41590604162249045
16676,2,0,0.08853680876950065
16677,2,0,0.09349736171067088
16678,2,0,0.08796844404185766
16679,1,1,0.2560917487664694
16680,5,0,0.1187094202619317
16681,2,0,0.6779620216809429
16682,1,0,0.18004878403918173
16683,2,0,0.127763852856223
16684,1,0,0.7567858782222278
16685,3,1,0.10485598595839381
16686,5,0,0.06522023258883511
16687,5,0,0.264151985689936
16688,4,0,0.13063220670294115
16689,1,1,0.15667265756938234
16690,1,0,0.08553758633517768
16691,3,0,0.05874516635099243
16692,5,0,0.059878371274108874
16693,4,0,0.13992638046537187
16694,1,0,0.21375218995315082
16695,3,0,0.27563786813009905
16696,3,0,0.0494763921981521
16697,4,0,0.1258249714340553
16698,5,0,0.28539716743484955
16699,5,0,0.0812766289434975
16700,3,1,0.7227331079307127
16701,2,1,0.7461714115758268
16702,5,0,0.10713847772462458
16703,2,1,0.7090699067155627
16704,1,0,0.24712571212795742
16705,3,1,0.08631606067626293
16706,4,1,0.14401862684392894
16707,1,0,0.16756607359322678
16708,2,0,0.15827424977302665
16709,3,0,0.16886601220569492
16710,1,0,0.13377895628909367
16711,2,0,0.1663554082873226
16712,3,0,0.23427427139793056
16713,1,0,0.09717585449202511
16714,5,0,0.5417736333999286
16715,1,0,0.16077467977640042
16716,1,0,0.22406372553033327
16717,5,0,0.11370733377859156
16718,2,0,0.17490841022861073
16719,2,0,0.16276423259253361
16720,1,0,0.1427138082636112
16721,3,0,0.05530270826650125
16722,5,0,0.07801094306955669
16723,2,0,0.08836933805993821
16724,1,1,0.08873514808765089
16725,3,0,0.16773441534608294
16726,4,1,0.1739641683454035
16727,3,0,0.11077402887295196
16728,4,0,0.09050408247356738
16729,4,0,0.6501166355980794
16730,1,1,0.3305853464239382
16731,5,0,0.04713929987345295
16732,5,0,0.16477903356441745
16733,3,0,0.084458892041363
16734,1,0,0.7164302951785361
16735,5,0,0.07620390070969625
16736,3,0,0.12929105301878013
16737,4,0,0.11360512839839985
16738,2,0,0.16006154287910943
16739,5,0,0.10192906009956788
16740,5,0,0.11943891166707499
16741,4,0,0.2546764404776729
16742,1,0,0.1723244115260106
16743,5,1,0.47900253031843243
16744,4,0,0.12267078512353279
16745,5,0,0.13820918171872276
16746,4,0,0.45843642367646265
16747,2,0,0.22771462779431131
16748,5,0,0.13275369869787298
16749,4,0,0.16006078252645264
16750,4,0,0.0916757962002242
16751,4,0,0.08967978156043004
16752,1,0,0.18590605932191684
16753,3,0,0.050700487055298574
16754,1,0,0.09403749783374186
16755,1,0,0.31517335909979
16756,3,1,0.10704110499230192
16757,4,1,0.13288837388857208
16758,3,0,0.18605793293670522
16759,4,0,0.09600325870243887
16760,2,0,0.1720985069158915
16761,1,1,0.08963989071007876
16762,3,0,0.10223571772497193
16763,1,0,0.2172447890952308
16764,4,0,0.11543618387960213
16765,1,0,0.13236703818207077
16766,4,0,0.28126865883542357
16767,2,0,0.1214318751360643
16768,1,0,0.1540688113311116
16769,3,0,0.25076920093300104
16770,4,0,0.11719504836881627
16771,3,1,0.05817398401723179
16772,3,0,0.12410992948202998
16773,5,0,0.18175979554013838
16774,5,0,0.1255347374931278
16775,1,0,0.18234967650818185
16776,2,0,0.1465135739349035
16777,5,0,0.11315144855609809
16778,3,1,0.727223821824991
16779,2,0,0.09158674310879995
16780,5,1,0.2095665468967435
16781,4,0,0.10443611252479558
16782,2,0,0.2064776418096921
16783,1,0,0.1102163093334378
16784,2,0,0.15178653967172215
16785,3,0,0.08587600796214062
16786,2,0,0.14118137366772346
16787,2,1,0.4939186390787957
16788,4,0,0.11765143198739794
16789,3,0,0.15427122083668207
16790,3,0,0.2500934769444152
16791,3,0,0.08286384184969454
16792,2,1,0.7476825594347136
16793,2,0,0.2788877990586276
16794,2,0,0.09531942917251969
16795,1,0,0.09967471775317759
16796,3,1,0.796135048629692
16797,5,0,0.1368833231487456
16798,4,0,0.1625746099254435
16799,3,0,0.10326871195888053
16800,2,0,0.12943320002403402
16801,4,0,0.09040135067464493
16802,4,0,0.1359998937463941
16803,2,0,0.10674921984942656
16804,4,1,0.22504868720995788
16805,4,0,0.2810753250693869
16806,2,0,0.4906408362166026
16807,5,0,0.6520942652363774
16808,1,1,0.10092411817284777
16809,1,0,0.2781468604414969
16810,1,0,0.23011476945797124
16811,4,0,0.09166467046200455
16812,4,0,0.13826770674972744
16813,5,0,0.13290175607183452
16814,1,0,0.08537714610241924
16815,5,0,0.10671381395854698
16816,2,0,0.09980207485701371
16817,4,0,0.09915991784236554
16818,3,0,0.04705597182041701
16819,4,0,0.1650398696870468
16820,3,0,0.7648064159420067
16821,4,0,0.23321157549900337
16822,1,0,0.08882963399223226
16823,5,1,0.22698030798163807
16824,2,1,0.4443623966563163
16825,5,1,0.20251743109136927
16826,1,1,0.7366491679082116
16827,1,0,0.09622829997993983
16828,4,1,0.1284626146108604
16829,2,0,0.0914905226783156
16830,5,0,0.10028551355249662
16831,2,0,0.21945766280998913
16832,5,0,0.1556938985433698
16833,2,1,0.7511582880694703
16834,4,0,0.15121592090130115
16835,5,1,0.7477077899451834
16836,1,0,0.1591763658101576
16837,2,0,0.11717057191716146
16838,5,0,0.1504387545426221
16839,4,0,0.2322382272762605
16840,5,0,0.32334161312428533
16841,4,0,0.16765660685446382
16842,2,1,0.39028462421240995
16843,1,0,0.6983933700243528
16844,1,0,0.1122599880747786
16845,1,0,0.16079154148589989
16846,2,0,0.27902932308446626
16847,4,0,0.720147501627327
16848,4,0,0.16222070259166305
16849,1,0,0.16737871195796475
16850,2,1,0.5452012202815371
16851,2,0,0.2452482878154029
16852,4,0,0.08937584265767015
16853,3,0,0.2559956416518781
16854,2,0,0.138391835697774
16855,2,0,0.15833457167374854
16856,1,1,0.17125963408569664
16857,2,0,0.08984237005194745
16858,3,0,0.12153867416901531
16859,1,0,0.34618157392522847
16860,1,0,0.10381159016213891
16861,2,0,0.09374294695658782
16862,3,0,0.07245528414798864
16863,2,1,0.16890539858733056
16864,3,0,0.13249204346296375
16865,4,1,0.378727556931382
16866,2,0,0.09029088992816485
16867,5,0,0.06646410437724566
16868,4,0,0.12519764319358845
16869,4,1,0.6631185125120386
16870,4,0,0.09078740439819862
16871,1,0,0.15688246512448045
16872,1,1,0.7624277849346471
16873,4,0,0.2299009172743162
16874,1,0,0.1833161331988119
16875,2,0,0.11816812148166567
16876,3,0,0.10123009382438423
16877,3,0,0.15572678950174432
16878,5,0,0.7087931614877032
16879,4,0,0.2759735020415594
16880,2,0,0.2170878915900512
16881,3,0,0.07100430785208126
16882,4,0,0.10130888480116003
16883,5,0,0.1747773352293061
16884,2,0,0.10201237739518844
16885,4,1,0.194089739809469
16886,1,0,0.10469282471333968
16887,4,0,0.1241324688250085
16888,4,1,0.39151343594787713
16889,3,1,0.25840336158843774
16890,4,0,0.0968649617171076
16891,2,1,0.09051467699128406
16892,4,0,0.16484298921778254
16893,2,1,0.4317505651222242
16894,2,0,0.13507009141828488
16895,5,0,0.07908001126989338
16896,4,1,0.6837254818065885
16897,1,0,0.19722574456851918
16898,2,0,0.13783335882244369
16899,3,0,0.14356000929455942
16900,3,0,0.07727243668307089
16901,3,0,0.09042240821136978
16902,1,1,0.6760807515091802
16903,2,1,0.39240443651198686
16904,5,1,0.11344854445041966
16905,3,0,0.05749374062496841
16906,5,0,0.62971145218566
16907,4,0,0.12729877607888626
16908,3,0,0.31013195862734
16909,1,0,0.10457829196207077
16910,5,0,0.07060425587144414
16911,2,0,0.1383967653326563
16912,4,0,0.1488178450195818
16913,4,0,0.0899088108990825
16914,5,0,0.07185380520644002
16915,3,1,0.13608790426273445
16916,5,0,0.10370836952715926
16917,5,0,0.16007373984745485
16918,4,0,0.14457208447424116
16919,5,1,0.5924964672204582
16920,1,0,0.13310391233553204
16921,5,1,0.34275600025991626
16922,2,1,0.6837028492332148
16923,4,1,0.5485390450728104
16924,4,1,0.2814024564507574
16925,1,0,0.12003113322117295
16926,4,0,0.08951085286913714
16927,1,0,0.139375084944847
16928,5,0,0.08789982631344141
16929,1,0,0.16250345809722988
16930,1,0,0.4360064148046159
16931,4,0,0.11013989768576084
16932,4,1,0.2887669373477269
16933,1,0,0.1553755199260374
16934,1,0,0.08888412623447353
16935,1,0,0.6998461360844601
16936,1,0,0.08849394310679627
16937,4,0,0.15220767473887303
16938,1,0,0.11299124900134169
16939,5,0,0.07683033751834094
16940,1,0,0.13309883150526275
16941,4,0,0.10626618598475125
16942,3,0,0.06696227154218243
16943,1,0,0.14004632082213359
16944,5,1,0.12263101559451403
16945,5,0,0.09092999049305088
16946,5,0,0.13511202772056358
16947,5,0,0.08859251042601442
16948,5,1,0.31649702479377234
16949,5,0,0.5400203778994949
16950,3,0,0.09505822046432319
16951,1,0,0.10157485667284354
16952,1,0,0.23721855189435848
16953,2,0,0.09651918673491244
16954,1,0,0.13641794102589774
16955,3,0,0.12319698288452743
16956,1,1,0.15830767994909478
16957,4,0,0.08958372496031013
16958,5,0,0.09444080016365118
16959,1,0,0.2157807611854751
16960,4,1,0.355933044670377
16961,4,1,0.1809709241206992
16962,5,0,0.5668169520306447
16963,3,0,0.16293549492059656
16964,1,0,0.10453306132650216
16965,4,0,0.09546032750529714
16966,5,0,0.2974260156510199
16967,1,1,0.19821820107789673
16968,5,0,0.11939845832842727
16969,4,0,0.3723802952650237
16970,2,0,0.09176323547179249
16971,5,0,0.06929393629307876
16972,1,1,0.6858086794301524
16973,5,1,0.5469776559779543
16974,1,0,0.1600899175994558
16975,4,0,0.17802557692958354
16976,4,0,0.09159765735767304
16977,2,0,0.1620284840935749
16978,5,0,0.16782434743949903
16979,1,0,0.14484406729721575
16980,4,1,0.7178755828249616
16981,3,1,0.61556901986396
16982,3,1,0.7487389371937512
16983,5,0,0.09139829651089489
16984,3,0,0.07517528185275496
16985,3,0,0.16202043478399025
16986,1,0,0.20776146471787912
16987,5,0,0.15302370366307932
16988,1,0,0.08637191738441899
16989,4,0,0.10355995967670772
16990,4,0,0.10440501015043194
16991,4,0,0.5142191192519944
16992,1,1,0.7195534318128476
16993,1,0,0.1608616432457202
16994,2,1,0.38470664134546173
16995,2,0,0.12357118720153341
16996,3,0,0.08193240659525734
16997,1,0,0.12648341431979013
16998,3,0,0.18931414016672354
16999,5,1,0.23037834903625015
17000,4,1,0.7299403103138264
17001,1,0,0.11616465428540211
17002,5,0,0.061286541693848895
17003,2,0,0.4125547445293502
17004,1,0,0.09807753643486856
17005,5,1,0.6816458347572557
17006,2,1,0.2878155899060979
17007,1,0,0.7339049206317343
17008,5,0,0.17655244660726707
17009,3,1,0.3503422248319598
17010,3,0,0.13577191245557862
17011,5,0,0.09616436838869817
17012,3,0,0.17139093890694362
17013,1,0,0.08524251613498375
17014,2,0,0.16544874893113498
17015,3,0,0.09726348287631259
17016,2,0,0.09155056184057038
17017,5,0,0.14601635994002451
17018,2,0,0.6821032346526745
17019,1,0,0.2223511275274046
17020,3,0,0.32815178688323093
17021,2,0,0.2516247520642033
17022,3,1,0.6710127755925438
17023,3,0,0.08243232518687109
17024,5,0,0.13246377528634593
17025,3,0,0.3190837103251521
17026,1,0,0.669444183912572
17027,2,0,0.12896028391138606
17028,5,0,0.13883732275445942
17029,4,0,0.13234765897945597
17030,2,0,0.11990418037145589
17031,4,1,0.15079919116913387
17032,1,0,0.0898077734903752
17033,2,0,0.08797485529904331
17034,1,0,0.19379290676520805
17035,2,1,0.12436776954395756
17036,1,1,0.19151587028679937
17037,5,0,0.11596000773254755
17038,1,0,0.1623070300560303
17039,2,1,0.6966881294560462
17040,2,0,0.10905662593511672
17041,2,0,0.10033708982944892
17042,1,1,0.6577780098903289
17043,1,0,0.16975027153671837
17044,2,1,0.12723364681648788
17045,3,0,0.10330357628370274
17046,4,0,0.1777916627482205
17047,3,1,0.1695370534755071
17048,3,0,0.10655746728623898
17049,5,0,0.13914220943813072
17050,5,0,0.1348831611231794
17051,2,0,0.12900354037385742
17052,4,0,0.09041996640449222
17053,3,1,0.5710655396221819
17054,1,0,0.3020354346408452
17055,1,1,0.7684317012589753
17056,4,0,0.09605393675192547
17057,2,0,0.08985514915190873
17058,1,0,0.10982799681709826
17059,5,1,0.03845367351729543
17060,5,0,0.11886781278002806
17061,4,0,0.1455983514062919
17062,1,1,0.6865849806911805
17063,1,1,0.6883884918661191
17064,5,1,0.38795793514717386
17065,2,0,0.08836705389772163
17066,3,0,0.14575210511163744
17067,5,1,0.7836498606513304
17068,1,0,0.16437102650012167
17069,1,1,0.14813289763202106
17070,2,0,0.13374202671675778
17071,4,0,0.1686535882332073
17072,1,1,0.31421632702358926
17073,2,0,0.13735074117238522
17074,1,0,0.08609762493051423
17075,3,0,0.0618508906779246
17076,3,0,0.12468416770408204
17077,4,0,0.6957988048342494
17078,4,0,0.2132650738796839
17079,5,0,0.2258502940265901
17080,5,0,0.24022631855037885
17081,4,1,0.31728506251148686
17082,1,0,0.30292660983749214
17083,5,0,0.11823777686098236
17084,1,0,0.12275067069704827
17085,5,0,0.1752843921292126
17086,4,0,0.10249127361308204
17087,2,0,0.1403787244785728
17088,5,0,0.11680450743430383
17089,3,0,0.09208769285897667
17090,4,0,0.0984213965170137
17091,5,1,0.2516286707682205
17092,5,0,0.06845850166803558
17093,3,0,0.20512881789334464
17094,3,0,0.09894388112150644
17095,5,0,0.05814023887156042
17096,5,0,0.07682081527270075
17097,4,1,0.15502650304902935
17098,5,1,0.7706541208163754
17099,3,0,0.06640938015519782
17100,5,0,0.13017291329742844
17101,3,0,0.08976978696140905
17102,3,0,0.1808821398575184
17103,1,0,0.2500435809110809
17104,3,0,0.08402569108636918
17105,5,0,0.18450884872840573
17106,5,0,0.1045048847024876
17107,3,0,0.0650210820178067
17108,4,0,0.17894618907159207
17109,4,0,0.14372144173176307
17110,4,0,0.08992743822032333
17111,4,1,0.15810592756122813
17112,3,0,0.06330424404231706
17113,5,0,0.5829103597961982
17114,2,0,0.15550593601452065
17115,2,0,0.09123420261806345
17116,3,0,0.16654985180700965
17117,3,1,0.21082521087258527
17118,3,1,0.6403943404890624
17119,2,0,0.2207186827955121
17120,1,1,0.18942961483068643
17121,3,1,0.19990565976435715
17122,4,0,0.13454426065578723
17123,4,0,0.0906059566564248
17124,3,0,0.7819282663835829
17125,4,0,0.15170500950122423
17126,4,0,0.11507825800222389
17127,1,0,0.21266815931231153
17128,4,0,0.14991858947373177
17129,5,0,0.10597704209512576
17130,2,0,0.1872656104424879
17131,2,0,0.08803489446129811
17132,2,0,0.08866878469079637
17133,4,0,0.7720229831668686
17134,5,0,0.0696571163722347
17135,5,0,0.2023636229826792
17136,4,0,0.16405648048752547
17137,5,1,0.5620917451356768
17138,3,1,0.3932494587227137
17139,2,1,0.09102087973286596
17140,4,0,0.21455269746783304
17141,3,0,0.1018812863145953
17142,3,1,0.1912444835090932
17143,5,0,0.1015551580114383
17144,3,0,0.20256220811360845
17145,1,0,0.15889857033897872
17146,5,0,0.06451993301980699
17147,3,1,0.4340420365535528
17148,2,1,0.17704694770927984
17149,1,0,0.11927538960804868
17150,1,1,0.6598709709570051
17151,3,0,0.1718302002548072
17152,3,1,0.16751573349403087
17153,1,0,0.17081109178929263
17154,4,0,0.16292302435569944
17155,4,0,0.34184089825251385
17156,4,1,0.29254672498429285
17157,1,0,0.1658684625332947
17158,3,0,0.14893349556780616
17159,5,0,0.12454095772256221
17160,2,0,0.3606655527672683
17161,4,0,0.27264798988104993
17162,1,0,0.14720971681914774
17163,2,0,0.09045527980357222
17164,4,1,0.14909687028543286
17165,1,0,0.19733582601451968
17166,5,0,0.12507519357093264
17167,4,0,0.12077856727988588
17168,5,0,0.13514687302141162
17169,5,0,0.06533950075458024
17170,3,0,0.37125561184142997
17171,3,0,0.12946451544497484
17172,2,0,0.1444257504581501
17173,5,0,0.4628189980423806
17174,2,0,0.4137383633456051
17175,2,0,0.18053586054022672
17176,1,0,0.1040509480580114
17177,3,0,0.19609487059619615
17178,1,1,0.08719271358194353
17179,3,0,0.14984261881403438
17180,4,0,0.1121156938655215
17181,3,0,0.05177862943377791
17182,2,0,0.26306916489309184
17183,4,0,0.6532330459642698
17184,1,0,0.4219914141625852
17185,5,1,0.670111658734948
17186,4,0,0.09854984319780206
17187,4,0,0.11588672866078405
17188,4,0,0.21542040041048421
17189,5,0,0.11389766363563995
17190,4,1,0.6672702272061556
17191,1,0,0.0851991147266879
17192,5,0,0.1366224784030921
17193,1,1,0.7347059264170616
17194,3,0,0.15882443948116415
17195,1,1,0.29597192691751617
17196,2,0,0.12960231928153632
17197,3,0,0.06480088504876451
17198,1,1,0.24173762506629604
17199,5,1,0.7465028354088029
17200,2,1,0.6815444591838916
17201,4,0,0.17687290019136884
17202,1,0,0.29809759292365384
17203,3,0,0.14177124935267443
17204,2,0,0.09376582875461642
17205,1,0,0.08685001451494052
17206,2,1,0.15757780389607043
17207,2,0,0.10247350486856562
17208,4,1,0.7590073037566161
17209,4,0,0.29069989011970104
17210,1,0,0.1300855971600675
17211,2,1,0.6847058743879388
17212,2,0,0.12062405537788555
17213,2,0,0.35287727994884815
17214,3,1,0.10998164641061389
17215,2,1,0.5551705164420139
17216,3,0,0.14832899222146412
17217,1,0,0.15894826754973004
17218,4,0,0.24397021736393504
17219,2,0,0.11902547067078793
17220,4,0,0.1116475746798148
17221,2,0,0.2173476081047666
17222,4,0,0.3404996959330009
17223,2,0,0.08803489446129811
17224,1,0,0.6941872751240507
17225,4,0,0.3992134702135383
17226,4,1,0.08995936296524819
17227,4,1,0.7927232422528212
17228,5,0,0.07047353564258318
17229,4,1,0.09732050245048823
17230,2,0,0.10011050115624057
17231,2,0,0.4403159537258337
17232,5,0,0.1352754413336885
17233,5,1,0.7888611334931787
17234,5,0,0.036687885718907326
17235,2,0,0.12621886544277597
17236,5,1,0.24878299862672915
17237,5,0,0.05053878200760163
17238,3,0,0.31154829585995336
17239,5,0,0.27047070337075535
17240,2,1,0.6900110702547397
17241,3,0,0.09998305657737742
17242,1,0,0.1357418922973247
17243,4,0,0.2810753250693869
17244,2,0,0.3122372164167462
17245,4,0,0.08987555524206503
17246,1,0,0.10908068652439626
17247,1,1,0.13388635922281344
17248,5,0,0.056398723840234706
17249,1,0,0.0851991147266879
17250,1,0,0.08665629043744343
17251,5,1,0.3522219353896017
17252,4,0,0.09017933485949362
17253,2,0,0.19448764029026128
17254,1,0,0.08664382659710541
17255,2,1,0.555472325602378
17256,3,1,0.10307515220322006
17257,4,0,0.11417207085491042
17258,2,0,0.09384913551817935
17259,2,0,0.18083221842295924
17260,2,0,0.10436079262553713
17261,3,1,0.16834080802880458
17262,2,0,0.34359925223408305
17263,1,0,0.15698603098401517
17264,2,0,0.09166692110701873
17265,5,0,0.17082716797202815
17266,5,1,0.5089870251310694
17267,3,0,0.14260380350419793
17268,2,0,0.2833222165764038
17269,4,0,0.08916827397165304
17270,5,0,0.7722282262291108
17271,3,0,0.13085745866947063
17272,4,1,0.37269651595503267
17273,4,1,0.15175545116727482
17274,3,0,0.6601338997341528
17275,4,0,0.08940586509829439
17276,5,0,0.21347795058502042
17277,4,0,0.0923528043077156
17278,2,0,0.1391217692663606
17279,4,0,0.08932330330297472
17280,3,0,0.14021946061010154
17281,1,0,0.08649555400910815
17282,5,1,0.9138473889524091
17283,1,0,0.2873920942247603
17284,5,0,0.09357368377959817
17285,5,0,0.06105180999907325
17286,5,0,0.19684397691650732
17287,2,0,0.23812660031235847
17288,3,1,0.7379402980205245
17289,4,1,0.4970526537631177
17290,4,0,0.3225152096895286
17291,4,1,0.7671212297923184
17292,1,1,0.7659741426311152
17293,1,0,0.15391717080027548
17294,3,0,0.172730586343025
17295,3,0,0.06037995037072268
17296,5,0,0.6594650968638414
17297,3,0,0.6296204015586426
17298,2,0,0.10174774440988472
17299,1,1,0.6565803752611259
17300,3,0,0.3116541341133737
17301,3,1,0.361146404812691
17302,5,0,0.13511317391402278
17303,2,0,0.09014573798189708
17304,4,1,0.7079552854837886
17305,1,0,0.17006534335966816
17306,4,0,0.3579782745806291
17307,3,0,0.09476910057995452
17308,4,0,0.0900497758564733
17309,2,0,0.1332518371959351
17310,1,0,0.17288609358928372
17311,5,0,0.11407391560887631
17312,4,0,0.26369685292016837
17313,5,0,0.4783601277115639
17314,5,0,0.05914938817044621
17315,4,0,0.09489673594717046
17316,1,0,0.09272897262940145
17317,5,0,0.08871576581051654
17318,5,1,0.1061401507671652
17319,4,0,0.12228682182983473
17320,4,0,0.2562630420422379
17321,1,1,0.6960224727221815
17322,4,0,0.13058390332250505
17323,1,1,0.09323337360991471
17324,2,1,0.803138225136351
17325,3,0,0.07057421448721098
17326,4,0,0.10835298270204348
17327,2,1,0.14653536205702705
17328,2,0,0.17467057584069678
17329,3,0,0.736854173022075
17330,1,0,0.10294135916160993
17331,5,0,0.1452585791681359
17332,1,0,0.14236648805295923
17333,5,0,0.08999501910400076
17334,4,0,0.09805791288939798
17335,5,0,0.14359460933030269
17336,2,1,0.22708891724975247
17337,2,0,0.08784849776399722
17338,2,0,0.5139048697860561
17339,4,0,0.09155611363143999
17340,2,0,0.22357975039738898
17341,5,0,0.06866823876604704
17342,1,0,0.1804927945021227
17343,2,0,0.09964186352694282
17344,5,0,0.20461398236808656
17345,4,0,0.10223513219872354
17346,4,0,0.23771260594384602
17347,1,0,0.10063156774671095
17348,5,0,0.20560335121893625
17349,3,0,0.2071322668573422
17350,4,1,0.7696682457267281
17351,1,0,0.08617900466749802
17352,3,0,0.08235896549481299
17353,2,0,0.21601513644804468
17354,3,0,0.06670886273530366
17355,2,0,0.11755583832580187
17356,5,0,0.1647975631981962
17357,4,0,0.3989291523134533
17358,1,1,0.17103301374464233
17359,3,0,0.07399636685235766
17360,3,0,0.10892587879393366
17361,1,0,0.14041510233622653
17362,4,0,0.22441315849750584
17363,2,0,0.1011946626587735
17364,3,0,0.07529240922273668
17365,1,0,0.6871817541758556
17366,2,0,0.12109535578838551
17367,4,0,0.27130524870778405
17368,3,0,0.1560104269456087
17369,3,0,0.19800736291932397
17370,2,0,0.09491437837395308
17371,3,0,0.3108135088025862
17372,2,0,0.09812649664792497
17373,1,0,0.33211953973597724
17374,3,0,0.2919280940553284
17375,5,1,0.40743658916362124
17376,1,0,0.24622539058221013
17377,4,0,0.09626542379158741
17378,5,1,0.3591130602348778
17379,4,0,0.09820979732252232
17380,5,0,0.10110287714093255
17381,3,0,0.14760528257391076
17382,5,0,0.15183510061058442
17383,5,0,0.16153597416810309
17384,2,0,0.09210798361238451
17385,2,0,0.19559593596552255
17386,4,0,0.1383039371106857
17387,2,0,0.17446099208370308
17388,5,1,0.6053085805087248
17389,3,0,0.06480400787719413
17390,3,0,0.0937897179841949
17391,5,0,0.41851737993712107
17392,5,0,0.12660173104044248
17393,1,0,0.7159191717586144
17394,2,0,0.09072692041946738
17395,2,0,0.09062013261824699
17396,3,0,0.11748016529705455
17397,2,0,0.148208312434882
17398,3,0,0.08238629655057514
17399,1,1,0.5790384757381177
17400,5,1,0.2888686521151002
17401,2,0,0.14909694327635276
17402,2,0,0.10519945658130454
17403,5,0,0.2297662227150639
17404,3,0,0.586447769444127
17405,2,1,0.6836191421803681
17406,5,0,0.22197977271219357
17407,1,0,0.13782045472713342
17408,1,0,0.08798780931083959
17409,4,0,0.08954878683091627
17410,1,1,0.4709643891315755
17411,1,1,0.13924508505311783
17412,1,0,0.19107983342587523
17413,4,0,0.1507344932277195
17414,5,0,0.25284955509182744
17415,4,0,0.28075936589485767
17416,4,1,0.7389950373529761
17417,5,0,0.02871739030125035
17418,5,0,0.0698459386315245
17419,2,0,0.14479757471007446
17420,4,0,0.08968647085890719
17421,5,0,0.043295612162058295
17422,2,0,0.09541534552199481
17423,3,0,0.11977473943377541
17424,4,0,0.12021982741745754
17425,5,0,0.07574496263218561
17426,4,0,0.09831327790318964
17427,4,0,0.11638872709650853
17428,1,0,0.23824784627578358
17429,4,1,0.7675666984216455
17430,4,0,0.13207185503494376
17431,5,0,0.15056742318572922
17432,3,0,0.17255410190418016
17433,2,1,0.2793474770296686
17434,3,0,0.06825855726618317
17435,3,0,0.1380226974715259
17436,2,0,0.24135488470354463
17437,3,0,0.06966436237414617
17438,1,0,0.16493810741177267
17439,4,0,0.33970390739603457
17440,3,0,0.06196320781186821
17441,4,0,0.22453592146511497
17442,2,0,0.16737376181278427
17443,4,0,0.7463455622792863
17444,3,0,0.1372201653403124
17445,5,0,0.08272689051068072
17446,5,0,0.06900006925066082
17447,2,1,0.703418112908057
17448,2,1,0.2389891996152033
17449,2,0,0.08843578847937868
17450,5,0,0.1525673704609478
17451,3,0,0.5608444062704712
17452,2,0,0.10209831068273188
17453,5,0,0.1203048273576554
17454,4,0,0.13168958155021546
17455,4,0,0.29941226110697006
17456,3,0,0.19368976750815955
17457,3,0,0.21723931384175918
17458,2,1,0.3441587059605477
17459,4,0,0.10155282063717422
17460,4,0,0.10027147816581497
17461,4,0,0.14051612904041316
17462,2,0,0.15953546052998974
17463,5,1,0.6571177978714211
17464,5,0,0.11470618600075493
17465,4,0,0.0891670327805013
17466,3,0,0.22369504234810925
17467,2,0,0.10842151567249393
17468,3,0,0.1686181087026517
17469,5,0,0.11057337381916865
17470,5,0,0.10027963543798263
17471,5,0,0.08600112069861002
17472,4,0,0.11586129448230076
17473,4,1,0.09569732539485518
17474,4,1,0.18433041426449326
17475,5,0,0.16379031636294794
17476,3,0,0.13841388417372422
17477,3,1,0.7316137797282443
17478,3,0,0.2842128214584264
17479,4,0,0.11073125528219742
17480,5,0,0.08352029301658884
17481,1,0,0.6711492571168629
17482,1,0,0.08974321978290967
17483,2,1,0.16504326779544423
17484,3,0,0.1747853162956574
17485,4,0,0.10130480245899631
17486,1,0,0.3141333438689654
17487,4,0,0.09421860872973158
17488,3,0,0.06868566320839357
17489,2,1,0.3705679106143024
17490,2,0,0.08951331580398632
17491,4,0,0.08988138164413624
17492,3,1,0.6616427547419392
17493,4,0,0.1426976641254326
17494,1,0,0.16213645220040415
17495,1,0,0.37499883508066223
17496,1,0,0.08647345519177053
17497,5,1,0.5259950351899736
17498,2,0,0.12124589904697326
17499,5,0,0.08213936860774941
17500,2,0,0.09450200248404468
17501,5,0,0.24186356048078414
17502,1,0,0.10566453025933042
17503,3,0,0.06199100194405536
17504,4,0,0.14197123860225153
17505,2,1,0.13023581021708946
17506,4,0,0.10113593299891009
17507,1,0,0.1346521450307706
17508,1,1,0.6968298198911018
17509,1,0,0.15329244401636266
17510,1,0,0.10347116101438911
17511,2,0,0.13411354443574858
17512,5,0,0.03324775036062027
17513,5,1,0.2377671694457199
17514,2,1,0.7508882428113968
17515,3,0,0.07001870320131272
17516,4,0,0.12036624094807268
17517,3,1,0.1524507070375328
17518,2,0,0.12538325182142213
17519,1,0,0.14791595131173693
17520,4,0,0.13079764720851245
17521,4,0,0.2965100031151601
17522,3,1,0.2678840361692823
17523,1,0,0.15678049274652803
17524,5,0,0.10577505662918621
17525,3,0,0.18711095861576146
17526,2,0,0.4275830991448771
17527,4,0,0.16331510615527678
17528,4,0,0.08944962790665871
17529,3,1,0.7924910037994352
17530,3,1,0.09394122466436639
17531,5,0,0.06703303886221441
17532,5,1,0.3276012197014447
17533,4,0,0.17506181833323614
17534,1,0,0.16652930414988218
17535,1,0,0.09061721617732635
17536,1,0,0.09897141204115693
17537,2,0,0.2020674847032215
17538,4,0,0.11745734167828252
17539,1,1,0.6827425201562377
17540,1,0,0.08712268313713256
17541,4,1,0.6667561124586493
17542,1,0,0.677608852881274
17543,3,0,0.07421886054832769
17544,3,0,0.5959765407434258
17545,1,0,0.135777187226776
17546,3,0,0.08350940587846885
17547,4,0,0.12416318425697177
17548,1,0,0.1587966111224182
17549,5,0,0.026759020865023696
17550,1,1,0.12602642828707938
17551,5,0,0.22771042169924935
17552,5,0,0.7280707975301759
17553,3,0,0.07506955354086459
17554,3,0,0.4389470026320752
17555,3,0,0.22125471757068568
17556,2,0,0.2789759624470604
17557,4,1,0.5460959277502365
17558,3,0,0.0830256021669391
17559,5,1,0.666677702990924
17560,4,0,0.2806714041070326
17561,4,0,0.09245163601692692
17562,4,1,0.17292053299259028
17563,1,0,0.08923565704088353
17564,4,1,0.0927532527239365
17565,5,0,0.13290508258079886
17566,5,0,0.08766746428831315
17567,4,0,0.09204083164383732
17568,5,0,0.14330839982384305
17569,2,0,0.0883480612622387
17570,2,0,0.2527576977869494
17571,1,1,0.13503146243439706
17572,2,0,0.28012200122551534
17573,3,1,0.0835982900509652
17574,2,0,0.09201774462943124
17575,1,0,0.08965583500968086
17576,1,0,0.11630835105950864
17577,5,0,0.14863899990173424
17578,2,0,0.09176323547179249
17579,4,0,0.09084230289311035
17580,1,0,0.6963346270533474
17581,3,0,0.16793965039633374
17582,1,0,0.08586050721890225
17583,3,0,0.1599693197784086
17584,1,0,0.08730426291506851
17585,4,1,0.7835515365228054
17586,5,0,0.1229059627339438
17587,5,1,0.5690248982610916
17588,4,1,0.3811248491802911
17589,5,1,0.6145784409738724
17590,5,0,0.048426176881135305
17591,1,0,0.14265347878348864
17592,5,0,0.4402490385226581
17593,2,0,0.08848022561453965
17594,3,1,0.815237833560415
17595,2,0,0.11139085653412209
17596,1,1,0.7571031266012631
17597,4,0,0.13643189872044317
17598,4,0,0.09005147404024468
17599,3,1,0.31359586299306963
17600,1,0,0.14038493348264958
17601,3,0,0.12026202465404942
17602,2,0,0.09217000308311142
17603,4,0,0.10869175869354043
17604,5,0,0.05110402908450062
17605,2,1,0.2281382176352058
17606,4,0,0.14571406270966003
17607,1,0,0.13105703606912025
17608,2,1,0.1485791130841061
17609,1,0,0.12874277151363248
17610,3,0,0.060341879389131985
17611,4,0,0.1656468887236596
17612,5,0,0.12858241758358238
17613,1,0,0.724402312700027
17614,2,0,0.09260600818758384
17615,5,0,0.11844647913548276
17616,1,1,0.17246514290742215
17617,5,1,0.4381709351511004
17618,4,0,0.1015508340062188
17619,2,0,0.2788877990586276
17620,4,1,0.13513421999810266
17621,5,0,0.12371444829033819
17622,2,0,0.2788877990586276
17623,3,0,0.22128744990339996
17624,4,0,0.09066536329468046
17625,3,0,0.0731242951890534
17626,3,0,0.4727037517678026
17627,5,1,0.5649548211504095
17628,2,1,0.09343364470552937
17629,3,0,0.2157637587506394
17630,3,0,0.08997091272635524
17631,5,0,0.05991813023212038
17632,2,0,0.09346256463694416
17633,1,1,0.1920833718837886
17634,3,0,0.05795964611492446
17635,5,0,0.05868037975989673
17636,4,1,0.13641772916019834
17637,1,0,0.13198224381872595
17638,4,1,0.7660100234454025
17639,4,0,0.17074856234214333
17640,4,0,0.10896836131693366
17641,1,0,0.09338376015776653
17642,4,1,0.7544553178329475
17643,3,0,0.10575553100268664
17644,2,0,0.09907427906990886
17645,5,1,0.18773807882653865
17646,3,0,0.10090774857144233
17647,1,0,0.13122314603545518
17648,4,0,0.22049372898449138
17649,4,1,0.09176698850513441
17650,2,0,0.28316482796232556
17651,1,0,0.13965648574632958
17652,5,0,0.15997257090113648
17653,4,0,0.08939239524166846
17654,1,0,0.16201658037710154
17655,3,0,0.11432651647919063
17656,3,1,0.4715754942925761
17657,1,1,0.08764535250246396
17658,3,1,0.7102873365891569
17659,4,1,0.16293886758909648
17660,4,0,0.09873196618540148
17661,1,0,0.12820216388080738
17662,5,0,0.1706582000688838
17663,4,0,0.08857269119500273
17664,2,0,0.6807342475534233
17665,1,0,0.2190477753233096
17666,1,0,0.1281788479717545
17667,1,0,0.22978804055743607
17668,4,0,0.6846730800939752
17669,2,1,0.7390262517223625
17670,2,0,0.14950983526975173
17671,2,0,0.08790840487960286
17672,5,0,0.10343736016700486
17673,4,0,0.29920093947933996
17674,3,0,0.09901388033712909
17675,5,0,0.14401323853491627
17676,5,0,0.11145398807147354
17677,4,0,0.2111096879238846
17678,3,0,0.11909424680527628
17679,1,0,0.08959952638106543
17680,4,0,0.08969648980875954
17681,3,0,0.1142855109635812
17682,2,1,0.3914289994172188
17683,5,1,0.36845606812225157
17684,2,0,0.20386823021247968
17685,5,0,0.5800521363411975
17686,1,1,0.15389912196206182
17687,2,0,0.08784849776399722
17688,2,0,0.12049699136534608
17689,2,1,0.3055730629576109
17690,5,0,0.1409574526536561
17691,5,1,0.14988173269655047
17692,4,0,0.14506333405523184
17693,2,0,0.44807584390774347
17694,1,0,0.09149295065218385
17695,2,1,0.46617164225669927
17696,5,0,0.1854870693497876
17697,2,0,0.18305350215961955
17698,1,0,0.6910257951197741
17699,1,0,0.09316817671483692
17700,2,0,0.09165736003328714
17701,2,1,0.4184563909300676
17702,2,0,0.10896625299474022
17703,4,0,0.6848828134746588
17704,5,0,0.15514878439700977
17705,1,1,0.6754246855029635
17706,5,1,0.7345888701625843
17707,1,0,0.08655684631781303
17708,1,0,0.12835382908716028
17709,3,0,0.15297198440758575
17710,3,0,0.07551600779062291
17711,2,0,0.1458770015874117
17712,3,0,0.07094701050622994
17713,2,0,0.08913078964972378
17714,2,0,0.12396105622798526
17715,3,0,0.14594462618542958
17716,1,0,0.09211538892793374
17717,2,0,0.17942381024020526
17718,5,0,0.20923612678111156
17719,4,0,0.36055338150595634
17720,2,0,0.0918232746340473
17721,4,0,0.26430423038787465
17722,5,0,0.1299298700516436
17723,1,0,0.10085107118067188
17724,2,0,0.16788746582122857
17725,5,0,0.10184368636553669
17726,1,0,0.1366181224036981
17727,3,0,0.07460876250493002
17728,2,0,0.21280399406505823
17729,5,1,0.3343808761423888
17730,3,1,0.17034449107776825
17731,2,0,0.6928543777523894
17732,3,0,0.113216233377956
17733,4,0,0.7053493265315798
17734,2,0,0.09053280729072335
17735,5,0,0.14856859768700065
17736,3,0,0.128582945183603
17737,1,0,0.25372706092458686
17738,5,0,0.08382124624969897
17739,3,1,0.447880494905754
17740,1,0,0.15005471735081566
17741,5,0,0.0533975685449996
17742,2,0,0.1175004094731727
17743,4,0,0.1551368346271156
17744,1,1,0.1790272453474402
17745,1,0,0.5985970375474117
17746,1,1,0.31573589825149667
17747,5,0,0.11448626357688436
17748,3,0,0.07057103444289893
17749,5,0,0.07405156790270835
17750,2,0,0.1012629751330745
17751,1,0,0.09394133885767697
17752,3,1,0.19131290559421155
17753,5,0,0.10300624142875592
17754,1,0,0.2517534813843933
17755,4,0,0.15585808116124225
17756,5,0,0.26603987479255753
17757,4,1,0.09013360435779784
17758,5,0,0.11893293209837687
17759,5,1,0.11684410978636506
17760,3,0,0.15646566852392446
17761,5,0,0.17272274427278697
17762,5,0,0.09403967282882815
17763,5,0,0.11958401180664897
17764,3,0,0.07349011626538744
17765,4,0,0.12658091129266322
17766,4,0,0.1344127361443235
17767,2,1,0.17513270448683246
17768,4,0,0.14620490049431453
17769,1,0,0.09712682723223975
17770,5,1,0.3850633328433714
17771,3,1,0.24028850305218455
17772,5,0,0.05794101394551477
17773,4,0,0.08970773629378385
17774,2,1,0.5445978666827742
17775,3,1,0.15702404801846206
17776,4,0,0.08906813062025888
17777,2,1,0.28792540901862407
17778,3,1,0.6475385375179845
17779,2,0,0.10340346046969197
17780,5,0,0.15269998108616997
17781,5,0,0.25777413273080696
17782,4,0,0.09305363817222391
17783,1,1,0.17672814304344941
17784,4,0,0.28126865883542357
17785,1,0,0.08835538508798914
17786,2,0,0.19287707336612125
17787,1,0,0.7011224383678298
17788,3,0,0.7188918337637642
17789,5,0,0.10407316622928242
17790,4,0,0.102984133613225
17791,2,0,0.09364114912959867
17792,1,0,0.20381497118154238
17793,3,0,0.12049557128984553
17794,4,1,0.7075593051147923
17795,3,1,0.16012867369015146
17796,2,0,0.3881000775391338
17797,1,0,0.12399496537792226
17798,4,0,0.09077622278180625
17799,3,0,0.31926357904696295
17800,1,0,0.6578513435109219
17801,2,1,0.17957402002874334
17802,3,0,0.14822182314432178
17803,2,0,0.08784849776399722
17804,5,0,0.08020383474659608
17805,5,1,0.7602612035725501
17806,5,1,0.5083772093572997
17807,2,1,0.6164597414817662
17808,1,0,0.17282728174606773
17809,3,0,0.09644027644306281
17810,4,1,0.1505768644932326
17811,2,0,0.2710440308508852
17812,5,0,0.03328536734438664
17813,3,0,0.24560572357153138
17814,3,0,0.17645823127866325
17815,4,1,0.7158177164879429
17816,4,1,0.20825727500463279
17817,3,0,0.4589766292253788
17818,2,0,0.2647914342728295
17819,5,0,0.27625197494505743
17820,5,0,0.18648824412056375
17821,5,0,0.08627826117978539
17822,4,0,0.7179072065302492
17823,1,1,0.6790392364232833
17824,5,0,0.1332492262104631
17825,1,0,0.2897798175164653
17826,2,0,0.08888154576188641
17827,3,0,0.10865986055543657
17828,3,0,0.13531284590181958
17829,1,0,0.08680596666670991
17830,1,0,0.1629259391389771
17831,1,0,0.12993297567979767
17832,2,0,0.1052395376449189
17833,4,1,0.14596873955538195
17834,2,1,0.09084839929045378
17835,1,0,0.08631380703464878
17836,2,0,0.09028330236935043
17837,2,0,0.3646649158308942
17838,5,0,0.08492932174043359
17839,2,0,0.1444487218531002
17840,1,1,0.23366454082661134
17841,5,1,0.6293831988872715
17842,1,0,0.11111665553022919
17843,2,0,0.09039524064131742
17844,4,0,0.2933182431545501
17845,5,0,0.028860288618993625
17846,4,0,0.12580967569436222
17847,2,0,0.14964325568247275
17848,4,1,0.13087836397691563
17849,2,0,0.09296514505212786
17850,5,0,0.13299359367568633
17851,3,0,0.05004214111545165
17852,4,0,0.09237755941145628
17853,2,0,0.41547119428988255
17854,2,0,0.09993421407251761
17855,5,0,0.09052861195288504
17856,1,0,0.20436704249186258
17857,1,0,0.15491319476972523
17858,3,0,0.13194356301745416
17859,1,0,0.09897479599318194
17860,2,1,0.09090781299178098
17861,5,0,0.12713752010250087
17862,4,0,0.13143835541741558
17863,2,0,0.11590263123823123
17864,1,0,0.12233220842745401
17865,2,0,0.12743431679477485
17866,2,0,0.09132761553927972
17867,4,0,0.1959027128160169
17868,3,1,0.7615124456682841
17869,3,1,0.16346477458370576
17870,3,0,0.3263829016764877
17871,1,1,0.08671781828331333
17872,5,0,0.22056037132480155
17873,2,0,0.08790840487960286
17874,1,0,0.09228191205608087
17875,5,0,0.23204888567959372
17876,2,0,0.12151878971532304
17877,5,1,0.19482046636116462
17878,1,0,0.08514130296486239
17879,5,0,0.12417090639151983
17880,1,1,0.6610580992139954
17881,2,0,0.09465185385212198
17882,4,0,0.27861406018064033
17883,3,0,0.16893985051960195
17884,1,1,0.6910916809605997
17885,1,1,0.7525101538422041
17886,4,0,0.09048674855900758
17887,2,0,0.17727203564467034
17888,3,1,0.6667747733337933
17889,4,0,0.13816767844114022
17890,1,0,0.09938191880197883
17891,5,0,0.1487834967611538
17892,2,0,0.21692582037896813
17893,2,0,0.14445947308444246
17894,4,0,0.4576233641767205
17895,4,0,0.13695157327228882
17896,2,0,0.08856163213552111
17897,4,0,0.2596550406651522
17898,4,1,0.7364613869938874
17899,2,0,0.19245564561467138
17900,2,0,0.09910987762545057
17901,5,1,0.11719508985883405
17902,3,0,0.10007045491303655
17903,3,0,0.5858050085884466
17904,5,0,0.06811421431820493
17905,5,0,0.6855808009576659
17906,2,0,0.1803804743735546
17907,1,0,0.2168086187172966
17908,4,1,0.7172677911831965
17909,3,0,0.12360742556542126
17910,5,0,0.4641187922420939
17911,1,0,0.3300714776087655
17912,5,0,0.042817787117439006
17913,2,0,0.22844720952761752
17914,2,0,0.12200964114690452
17915,1,1,0.744453526300945
17916,3,0,0.17773542597629155
17917,1,0,0.14366834879323748
17918,2,0,0.4365991773336534
17919,5,1,0.15411146328186037
17920,1,0,0.15381134370410462
17921,2,0,0.13724039129676202
17922,2,0,0.11437470182850855
17923,5,0,0.164492703901559
17924,1,0,0.5409608570620256
17925,5,1,0.054971628146907064
17926,1,1,0.44043557093443153
17927,5,0,0.05050245512592477
17928,5,0,0.12858409286052475
17929,2,0,0.22981180598890083
17930,5,0,0.07232625565255185
17931,5,1,0.17290532040820067
17932,4,0,0.15861480208771103
17933,4,0,0.11203348735812178
17934,1,0,0.2784429283430941
17935,2,0,0.19284664188413564
17936,4,0,0.21684639000729955
17937,1,0,0.10868192298902955
17938,2,0,0.1299381483637922
17939,3,0,0.09848233875419027
17940,4,0,0.15183033287316597
17941,5,1,0.24225765510258898
17942,2,0,0.15031633647407833
17943,4,0,0.08972523965464672
17944,3,0,0.7209134052012143
17945,5,0,0.10706840432799175
17946,2,1,0.13277248812630582
17947,4,0,0.0892040163350747
17948,5,0,0.15894641707280474
17949,2,0,0.0883495253164763
17950,5,0,0.16618564570671832
17951,2,0,0.15372183427381375
17952,5,0,0.14295884927995095
17953,3,0,0.05159394779084849
17954,3,1,0.07519144983690099
17955,1,0,0.0886796362964257
17956,1,0,0.1833700063276259
17957,5,0,0.10036548240166236
17958,4,0,0.0913594331838069
17959,3,1,0.08885828973642013
17960,1,0,0.0898077734903752
17961,1,0,0.08624661923514954
17962,1,0,0.14331866560278567
17963,1,0,0.29680196280615007
17964,5,1,0.5086283027938816
17965,5,0,0.09718210237978711
17966,5,0,0.3773539769863257
17967,5,1,0.26820042297450813
17968,5,0,0.10325678108853244
17969,2,1,0.36078538294243256
17970,3,0,0.18480741076419602
17971,2,0,0.15296863739230943
17972,4,0,0.17577721300022955
17973,5,1,0.7547505049896397
17974,3,1,0.5700508456581
17975,1,1,0.7218022115477841
17976,2,0,0.08837574931712387
17977,4,0,0.13713992077171583
17978,1,0,0.1619499923761856
17979,5,0,0.055649690419359334
17980,4,0,0.15897812828534214
17981,5,1,0.16088925482171312
17982,2,0,0.2124876387067384
17983,4,0,0.6769400554811132
17984,3,0,0.09442946567213757
17985,3,0,0.15544736330626135
17986,1,0,0.11890237299981876
17987,3,1,0.7193111544276579
17988,5,0,0.48062372106380447
17989,5,0,0.1312429053948776
17990,4,0,0.2015630663297089
17991,1,0,0.13214433714156715
17992,2,0,0.2726491959152717
17993,5,0,0.12168975954294066
17994,4,1,0.09791556481492189
17995,3,1,0.759517965211739
17996,2,0,0.12648027863409758
17997,3,1,0.2885301923448583
17998,1,0,0.12844729559937848
17999,1,1,0.7701400682717684
18000,1,0,0.1192646846625866
18001,3,0,0.6213049433246928
18002,5,0,0.12448715660141577
18003,4,1,0.11834377980094202
18004,2,0,0.2029408600931083
18005,5,0,0.1377518943076664
18006,2,0,0.09142623825964181
18007,1,0,0.2778722940116247
18008,3,1,0.12404020261642221
18009,2,0,0.21528158923039922
18010,3,0,0.1883971222095746
18011,1,0,0.1942258375320519
18012,4,1,0.2815620443141511
18013,2,0,0.13941727241225566
18014,5,0,0.09347452300465828
18015,2,0,0.10781053620327004
18016,5,0,0.11553912775144866
18017,5,1,0.17074695920521338
18018,1,0,0.10161807090261647
18019,3,0,0.12412893709385689
18020,5,0,0.0592845683513358
18021,3,1,0.6078140544924491
18022,2,0,0.10095523466542823
18023,4,1,0.6767602979175267
18024,2,0,0.18467002180962183
18025,3,0,0.1397136466115658
18026,1,0,0.1394041488858927
18027,3,0,0.14320983627816908
18028,2,1,0.08973342098869541
18029,4,0,0.1281850693498702
18030,4,0,0.09572719534076461
18031,5,0,0.17811741348868826
18032,4,0,0.09003094218844142
18033,5,0,0.10568298548566865
18034,4,0,0.15621872596878944
18035,3,0,0.13505199257094486
18036,1,0,0.14134257135226677
18037,2,0,0.6667794606751308
18038,2,0,0.1624322749176595
18039,1,0,0.11921907148168161
18040,1,0,0.11190413165273849
18041,1,1,0.16936524257062913
18042,3,0,0.3785632118732952
18043,3,1,0.7735401305829696
18044,5,1,0.7410684165598409
18045,1,0,0.18856108634198826
18046,3,0,0.0794702671438039
18047,4,0,0.10829544880322288
18048,1,0,0.16607637000630293
18049,5,0,0.08239453386321585
18050,2,0,0.2995931363597115
18051,5,0,0.15842213726466087
18052,4,0,0.10190017058885001
18053,3,0,0.12763314916533944
18054,2,0,0.1501433573348891
18055,5,0,0.05672155079708884
18056,3,1,0.6720554805248422
18057,4,0,0.6044339722987652
18058,1,1,0.5193960195546462
18059,3,0,0.05472188866019154
18060,4,0,0.2340985169107551
18061,1,0,0.32560367972715015
18062,5,0,0.07071896111601737
18063,3,1,0.4824380412674311
18064,5,0,0.4727962661956141
18065,3,1,0.7939681842478846
18066,5,0,0.13299089799338645
18067,5,0,0.12355049297847304
18068,4,0,0.26711385752596856
18069,5,0,0.15506469705112302
18070,2,0,0.15762726711102415
18071,2,0,0.139123346632739
18072,5,0,0.08239325996527644
18073,3,0,0.11247043740552484
18074,2,0,0.1324810144827504
18075,3,0,0.10309109707369186
18076,5,0,0.1544073357116003
18077,3,0,0.08053512917573458
18078,3,0,0.10499761343334732
18079,4,0,0.1389352428941047
18080,1,0,0.10646276194394741
18081,2,0,0.4202104331852435
18082,4,0,0.1478677111632927
18083,2,1,0.15954302092800662
18084,2,0,0.21254168038994167
18085,4,1,0.18801531391106824
18086,1,1,0.2125609816715463
18087,1,0,0.0860929926373408
18088,1,0,0.1525964806581328
18089,4,0,0.17775670891213677
18090,4,0,0.16202914603564506
18091,2,0,0.0908104626088374
18092,4,0,0.11785856831895725
18093,4,0,0.0901201802868605
18094,3,0,0.05002879712687279
18095,4,0,0.08916498416926419
18096,4,0,0.16405415310704544
18097,1,0,0.1071695008347785
18098,1,0,0.13899830849763903
18099,5,1,0.48223571457564285
18100,4,0,0.1814272524259624
18101,3,0,0.06929552857520327
18102,4,1,0.7270213461783749
18103,2,0,0.12453544147864881
18104,1,0,0.10022799188912684
18105,1,0,0.23091296935345773
18106,5,0,0.09268787004585306
18107,5,0,0.10222860741893608
18108,3,0,0.06643914486234864
18109,2,0,0.20338168953642766
18110,3,0,0.14796381696768582
18111,2,0,0.08847518022454992
18112,1,0,0.18829360650079915
18113,3,1,0.20969993086333147
18114,2,1,0.49899105254299975
18115,4,1,0.13011756140566064
18116,4,0,0.3914713855738701
18117,2,0,0.12865888162352287
18118,5,0,0.1761272821925205
18119,3,0,0.10088947194500845
18120,5,1,0.597190266347832
18121,4,1,0.3311748589277488
18122,5,1,0.16156702759449834
18123,4,0,0.09091326969212905
18124,1,0,0.23760657771961283
18125,1,0,0.18472171275725252
18126,2,1,0.2681434171047418
18127,5,1,0.6849925743491997
18128,2,0,0.2281900559469462
18129,4,1,0.2360004194964144
18130,2,0,0.12403564642223151
18131,5,1,0.19850995363833712
18132,3,0,0.14107864215423996
18133,2,0,0.2818563077207232
18134,3,0,0.14703509193690062
18135,3,0,0.06301058391936301
18136,3,0,0.11892354799608422
18137,5,0,0.29294694778780006
18138,1,0,0.13502238412062473
18139,3,0,0.3695481805605421
18140,1,0,0.37955568091474623
18141,4,0,0.09554499756119768
18142,3,0,0.0810442800963534
18143,3,0,0.10433958456952011
18144,1,0,0.4603649221917111
18145,3,1,0.30916745474570195
18146,5,0,0.5208577055379339
18147,5,0,0.04071409231889591
18148,4,1,0.6408902305404353
18149,2,0,0.08899136091033058
18150,2,0,0.36985378936505403
18151,4,0,0.13097451140977304
18152,1,1,0.08516007485709179
18153,2,0,0.08784849776399722
18154,5,0,0.14540452604065487
18155,4,0,0.15389582858008258
18156,1,0,0.10943667367633508
18157,2,0,0.6656168580318721
18158,2,0,0.4027639963071351
18159,5,0,0.6167091759413489
18160,4,0,0.11287843651418261
18161,5,1,0.7090511168685862
18162,1,0,0.1295412986432767
18163,4,0,0.7149123074440425
18164,3,0,0.14771155361810112
18165,1,1,0.7140149104668805
18166,4,0,0.11886579354615147
18167,2,0,0.08790853692625203
18168,4,1,0.15472205074720982
18169,1,0,0.09313269968204316
18170,1,0,0.2463508866197793
18171,2,0,0.4090630025527131
18172,4,0,0.18470834469281863
18173,1,0,0.09994992513369255
18174,2,1,0.09213806923572503
18175,2,0,0.1288516977673018
18176,3,0,0.1494095231014359
18177,2,0,0.5562023084477039
18178,4,0,0.11190743628006476
18179,2,1,0.2186129325369091
18180,4,0,0.1571316947970329
18181,3,0,0.06637634077756092
18182,3,0,0.06439276755565483
18183,2,0,0.12621157776040742
18184,3,1,0.6249074455864276
18185,3,0,0.14575866432179266
18186,4,0,0.12971836956387225
18187,2,1,0.2285037165817284
18188,1,1,0.7405500015066663
18189,2,1,0.14311113051744195
18190,3,0,0.27953675310430026
18191,2,1,0.7494106185112036
18192,1,1,0.793085473407392
18193,1,0,0.12309690038576124
18194,2,0,0.1553401151605654
18195,2,0,0.19425435208240568
18196,5,0,0.10613089606402654
18197,1,0,0.585311888338549
18198,4,0,0.1971690242227943
18199,1,0,0.08725504912183524
18200,1,0,0.12155717738189473
18201,5,0,0.11002091060237768
18202,5,1,0.2147304638668861
18203,1,0,0.23352410554824468
18204,5,0,0.044603097824084725
18205,3,0,0.0904500213822272
18206,2,1,0.7456874225292934
18207,5,0,0.13112889170815695
18208,4,0,0.1395999760671166
18209,4,0,0.22892671309681834
18210,3,0,0.08371262326790059
18211,2,0,0.0881282864587911
18212,4,0,0.101126074363353
18213,4,0,0.15565519095231686
18214,3,0,0.04582149149334598
18215,5,1,0.682544194646228
18216,4,0,0.13502144885326492
18217,5,1,0.07447033629222062
18218,1,0,0.17437162984716492
18219,5,0,0.46879394350852266
18220,3,1,0.45448738098412095
18221,1,0,0.19922772249032525
18222,5,0,0.09030611367741435
18223,5,1,0.2631364330925115
18224,4,0,0.11072790194759782
18225,5,0,0.1802993611991805
18226,4,0,0.22433061435887292
18227,4,0,0.1365192833503392
18228,5,0,0.15684817364719814
18229,3,0,0.22355073803207087
18230,1,1,0.23334076245225277
18231,5,1,0.18284903527292992
18232,1,0,0.4680268524992561
18233,3,0,0.17886095386010412
18234,3,1,0.724820774653468
18235,1,0,0.12431429918104632
18236,5,1,0.7291209873298924
18237,2,0,0.1687494184593985
18238,1,0,0.13928466804215356
18239,1,0,0.10318649910025328
18240,3,0,0.06943714669379146
18241,3,0,0.06998738600424367
18242,4,1,0.24391321842645822
18243,5,0,0.484183976134712
18244,4,0,0.12880972485859077
18245,2,0,0.09025191566068526
18246,4,0,0.20481281576213256
18247,4,0,0.1614571956603339
18248,3,0,0.2311847621737558
18249,4,0,0.1480175481793729
18250,5,1,0.2711714102497663
18251,3,0,0.11905953589301085
18252,1,0,0.41943977996839166
18253,1,0,0.08612941433267622
18254,4,1,0.09211821297247247
18255,2,0,0.10577457794216344
18256,1,0,0.17598003984920796
18257,2,0,0.18222065191803255
18258,5,0,0.08197038632978715
18259,2,0,0.16943614586230119
18260,4,0,0.1679872754156855
18261,5,0,0.1509126353415554
18262,2,0,0.46713207164954423
18263,1,0,0.16936281507024792
18264,1,1,0.6842260212900503
18265,4,1,0.2367137394607023
18266,4,1,0.08988538675586948
18267,4,0,0.35913283004746793
18268,1,0,0.22311972893989834
18269,3,0,0.13015858080608825
18270,5,0,0.10761887697204514
18271,3,1,0.1570170971740772
18272,1,0,0.09101095397545833
18273,1,0,0.24519149692013675
18274,2,1,0.5833690332591135
18275,1,1,0.3478114055629114
18276,3,0,0.2563577486004227
18277,2,0,0.721640970116684
18278,3,0,0.1066758247737768
18279,4,0,0.13074539482490083
18280,1,0,0.1616713703926267
18281,2,0,0.1550099979829682
18282,3,0,0.09518610262197115
18283,5,0,0.1000610737494837
18284,5,0,0.10153889304198316
18285,1,1,0.17496674889137534
18286,3,0,0.16956824288168673
18287,3,1,0.0728234441230215
18288,1,1,0.1072629441854265
18289,5,0,0.6741864846677762
18290,5,0,0.35800761913507895
18291,3,0,0.6758402182095549
18292,3,1,0.7921252302259509
18293,4,0,0.09830867595565272
18294,1,0,0.13408358751028007
18295,2,1,0.7079019646545892
18296,4,0,0.0951674004031532
18297,3,0,0.1251324711315271
18298,4,0,0.09488631287067999
18299,5,1,0.09644411992564726
18300,3,0,0.27741525381092136
18301,1,0,0.09061171296308915
18302,4,0,0.1493976440207926
18303,3,1,0.25310221001057637
18304,2,0,0.10162349835203616
18305,1,0,0.16057881819179376
18306,1,1,0.7874602370729774
18307,5,0,0.1305646352357918
18308,3,0,0.3738954454763233
18309,2,1,0.8100521848879072
18310,2,1,0.683339496303292
18311,2,1,0.17570086701263712
18312,1,0,0.1538537090832583
18313,2,0,0.16165292215037336
18314,2,0,0.27900096401324254
18315,5,1,0.49431049024155416
18316,5,0,0.17146701736868902
18317,5,0,0.293509184313441
18318,3,0,0.22439808369507783
18319,3,1,0.1658703115010444
18320,3,0,0.3655261992765719
18321,1,0,0.12692219352022946
18322,3,0,0.1352135222207247
18323,2,0,0.12797515840650714
18324,2,0,0.1320458544977158
18325,5,0,0.6434260515556254
18326,4,0,0.15775765339339326
18327,1,0,0.09398484884353067
18328,1,0,0.09898830315989916
18329,5,0,0.0461764620205316
18330,4,0,0.11136733349303805
18331,3,0,0.12494442666252464
18332,1,0,0.15859108485598247
18333,3,1,0.0941821817537387
18334,5,0,0.09744382323464687
18335,3,0,0.06054545426833287
18336,5,0,0.18291308719042346
18337,3,0,0.18867026944114718
18338,1,0,0.17422401379544528
18339,5,0,0.09747095186787183
18340,5,1,0.13322392271597494
18341,5,0,0.18882191648649507
18342,5,0,0.37009056307069077
18343,4,1,0.1746444152365142
18344,2,0,0.17816868686295223
18345,3,1,0.278747331631101
18346,2,0,0.1066721028418006
18347,4,0,0.17177756597874705
18348,2,1,0.10950196304588727
18349,5,0,0.03434350435509389
18350,2,0,0.18127061129180147
18351,1,0,0.12951847470912115
18352,2,0,0.09179697502863295
18353,4,0,0.08931034166946887
18354,2,1,0.6942037151705197
18355,1,0,0.08750808692602655
18356,4,0,0.13306957967265864
18357,2,0,0.16145520929889445
18358,2,0,0.10797642115826402
18359,3,0,0.09669329479802334
18360,3,0,0.06931189818756275
18361,3,0,0.16292485633562281
18362,3,0,0.10588829236397121
18363,3,0,0.06208505585702604
18364,5,0,0.11444169954340123
18365,2,1,0.17323475953172646
18366,2,0,0.10720868488141869
18367,2,0,0.22244583280095762
18368,5,0,0.024921255848503823
18369,5,1,0.09596723767205682
18370,3,1,0.6371363405864094
18371,1,0,0.17157277195186468
18372,1,1,0.7364668980144023
18373,3,0,0.10794240109828476
18374,3,1,0.324028640372511
18375,2,0,0.15037153445207654
18376,3,1,0.10446954323624943
18377,5,0,0.06052057043907703
18378,4,0,0.12842915743408165
18379,2,1,0.6832329254581906
18380,3,0,0.37962636934002153
18381,5,0,0.1343450450256348
18382,3,0,0.11140180155702972
18383,5,1,0.650556069644622
18384,4,0,0.10276953826831209
18385,1,0,0.1576952117235587
18386,5,1,0.5271455582462208
18387,1,1,0.19771196217506398
18388,2,0,0.2000291424789797
18389,1,0,0.1262464888080292
18390,3,0,0.13455530018688097
18391,2,0,0.12924364258625456
18392,4,0,0.35171473469894576
18393,1,0,0.12988918023317123
18394,1,0,0.20312957615658211
18395,1,0,0.08628261378445577
18396,3,0,0.061156775833186405
18397,4,0,0.7738790399485601
18398,5,0,0.03784998601077813
18399,4,0,0.7770943881755489
18400,5,0,0.09417119581714216
18401,5,0,0.11085819981114442
18402,5,0,0.16354213765636025
18403,2,0,0.09197107911538385
18404,4,0,0.2244625950934848
18405,4,0,0.36736629973580864
18406,5,1,0.28022977316555037
18407,2,0,0.15969198935273404
18408,1,0,0.13434331571919017
18409,2,0,0.10946100009757807
18410,4,1,0.1636033701552523
18411,3,0,0.05890657886794255
18412,5,0,0.37029624873410405
18413,2,0,0.15042178494997752
18414,5,1,0.32707231093702066
18415,4,0,0.3717230115848281
18416,2,0,0.0880577098413906
18417,3,0,0.07807258421206195
18418,5,0,0.18883899647899982
18419,1,0,0.263137211525075
18420,4,0,0.20734443167457106
18421,5,0,0.06280580272147775
18422,3,0,0.19113662362688408
18423,4,0,0.09005069163961436
18424,2,0,0.28732699360686165
18425,1,1,0.3056157191721839
18426,5,0,0.17643600469163276
18427,2,0,0.6782404939728234
18428,4,0,0.21733403303355514
18429,1,1,0.10602520001532212
18430,3,0,0.06617110298659679
18431,5,0,0.11550825777164135
18432,4,1,0.671806628432312
18433,3,0,0.13093822520480022
18434,2,0,0.1328769306357735
18435,5,0,0.19868638873163857
18436,4,0,0.12339388510868861
18437,5,0,0.10224390590928312
18438,4,0,0.08875283429943603
18439,5,1,0.6930610125080695
18440,1,0,0.08646938889691105
18441,5,0,0.0904794250591745
18442,1,0,0.2059072173535991
18443,4,1,0.2394981490610457
18444,3,0,0.10668336369501595
18445,2,0,0.17919678345931253
18446,3,0,0.06719789159770169
18447,3,0,0.3590080725553587
18448,2,0,0.09565196384009561
18449,2,0,0.1794572078319851
18450,2,1,0.6892187374828002
18451,5,0,0.10276780647722601
18452,4,0,0.1683423357697325
18453,1,0,0.10124751706533179
18454,4,1,0.25666300631769773
18455,5,0,0.03744386224576419
18456,4,1,0.2829306425069444
18457,1,0,0.28133349295528476
18458,3,0,0.4209607958304711
18459,1,1,0.7285490709404022
18460,2,0,0.09129430259500708
18461,4,0,0.1545173255078198
18462,5,0,0.2012006577963093
18463,3,0,0.269783664638956
18464,4,0,0.15606007721051465
18465,1,1,0.1701729588143329
18466,3,1,0.7724168635326377
18467,5,0,0.3099563928553204
18468,3,0,0.304416586857014
18469,3,1,0.3625606730880408
18470,4,0,0.08960316067661864
18471,4,0,0.09116236749951898
18472,5,0,0.08368436636507977
18473,5,0,0.05498481048576096
18474,3,1,0.15485111391033304
18475,2,0,0.08860874552854156
18476,3,0,0.12521782496607411
18477,2,0,0.1414955072320325
18478,2,1,0.17583934635945958
18479,2,0,0.17773456665273418
18480,3,0,0.15338275032437607
18481,2,0,0.12597715763413433
18482,2,1,0.15245614813062516
18483,4,0,0.1683360343736882
18484,4,0,0.10292785522170003
18485,5,0,0.07614836097781442
18486,4,0,0.08990640209911521
18487,5,0,0.1560977937013019
18488,3,1,0.3421283495668491
18489,3,0,0.5282320306216071
18490,2,0,0.17442585505234473
18491,1,0,0.2799809532592359
18492,5,0,0.15448449056481714
18493,4,0,0.15391388849928533
18494,3,1,0.33499631971928334
18495,5,0,0.10007950701447697
18496,1,1,0.7998818944997576
18497,2,1,0.09176323547179249
18498,2,0,0.0909206451086817
18499,4,1,0.1754206848020966
18500,2,0,0.12030919625150223
18501,1,0,0.08559246845862187
18502,5,0,0.24015241277670463
18503,4,0,0.1053904539958955
18504,2,0,0.22321275373090083
18505,4,1,0.16111474521489563
18506,1,0,0.10435660939902651
18507,4,0,0.13230566610367137
18508,1,0,0.39884284135684184
18509,4,0,0.19434359856987796
18510,4,0,0.11879374992030337
18511,3,0,0.13429036803318373
18512,1,0,0.18533980952310147
18513,3,0,0.4313942659015824
18514,2,0,0.08946032672246236
18515,3,0,0.7131071071083309
18516,2,1,0.5886668901928976
18517,2,0,0.09477260557860905
18518,5,0,0.046073403181631306
18519,1,0,0.16015038241925483
18520,3,0,0.11465451445574633
18521,3,0,0.0773990920700571
18522,1,1,0.6823196449457393
18523,1,1,0.139485678922919
18524,5,0,0.08495870374761633
18525,5,0,0.16797156734503912
18526,4,1,0.7809128969819137
18527,5,0,0.1457720539032265
18528,1,0,0.12146694748690678
18529,4,0,0.3616029370205159
18530,5,1,0.75031040328084
18531,1,0,0.11167928895636034
18532,1,0,0.16351659043155103
18533,2,0,0.10112673465349503
18534,5,0,0.13092967404524977
18535,2,0,0.1380439115561462
18536,4,0,0.10383295283068039
18537,3,0,0.19439561564090288
18538,1,0,0.08586050721890225
18539,5,1,0.3862504862879974
18540,4,0,0.15399590697104856
18541,1,0,0.09327033028538884
18542,1,1,0.174426750558062
18543,2,0,0.08965980266270747
18544,4,0,0.1542498704631416
18545,3,0,0.333763188207984
18546,2,1,0.09045543754042756
18547,4,0,0.14851684655965777
18548,3,0,0.11764060128424174
18549,5,0,0.06811835262253724
18550,4,0,0.08943035197904343
18551,4,0,0.0902109582847597
18552,5,0,0.07989364890512135
18553,4,1,0.42236474220772047
18554,2,0,0.12195953219157034
18555,3,1,0.7664796398582838
18556,2,0,0.09581418149061818
18557,1,1,0.16821988807278668
18558,4,0,0.20440404971282874
18559,3,0,0.0804066425981629
18560,4,0,0.10573603720029232
18561,5,0,0.2176636042751996
18562,2,1,0.5576588911617253
18563,3,0,0.13631789061560967
18564,4,0,0.09713072711956602
18565,5,1,0.3012707228796773
18566,1,0,0.09595175802458515
18567,5,0,0.06306570287165894
18568,3,0,0.16095487310088538
18569,5,1,0.13579775293400137
18570,1,0,0.08698089897537406
18571,4,0,0.22312068251504172
18572,5,1,0.5961942270861563
18573,1,0,0.3437900896380261
18574,5,1,0.7690642863508611
18575,1,0,0.08573598165655795
18576,4,0,0.08940586509829439
18577,4,0,0.13875077358120397
18578,2,0,0.11466119296883824
18579,1,0,0.08958742798269793
18580,2,1,0.15611664227373395
18581,4,0,0.1546889685939054
18582,1,0,0.12449843088367979
18583,1,1,0.09300969764689099
18584,1,0,0.1683960307729493
18585,1,0,0.08849721228830412
18586,4,1,0.7514735786963712
18587,4,0,0.12351054815102379
18588,1,0,0.08631380703464878
18589,3,1,0.4062596968169226
18590,1,0,0.3877183374839398
18591,4,1,0.09327624153248879
18592,3,0,0.11670544113425489
18593,2,0,0.1450534548557708
18594,4,0,0.1990318806367105
18595,1,0,0.16499413978340485
18596,5,1,0.5829724566571125
18597,2,1,0.3021997114273615
18598,3,0,0.24607331903013413
18599,3,0,0.19955874034195514
18600,2,1,0.3367861729995356
18601,4,0,0.2747003370653989
18602,3,0,0.061699636675897764
18603,5,0,0.1213989386471807
18604,1,0,0.18464364353005627
18605,3,0,0.14498132883909498
18606,2,0,0.2670573929523847
18607,1,0,0.13450157978189042
18608,3,0,0.0743866048391578
18609,1,1,0.7594447280421662
18610,5,1,0.09554268627791851
18611,3,0,0.08248143252605343
18612,5,0,0.1003074520640082
18613,2,0,0.08926112352634044
18614,5,0,0.16160698163288476
18615,4,1,0.13809944174610195
18616,4,1,0.12390131951177519
18617,3,0,0.1225874621437472
18618,4,0,0.14329614542084954
18619,4,1,0.11268236052623255
18620,2,0,0.5429630966484238
18621,1,1,0.1938175863008151
18622,3,1,0.17546419368580074
18623,4,0,0.09017101724036293
18624,5,0,0.10756713763014988
18625,4,0,0.08862663122324653
18626,4,0,0.14183999189632276
18627,3,1,0.11636669328164315
18628,3,0,0.06247653044529663
18629,3,0,0.16377990127771555
18630,1,0,0.08507674925739686
18631,3,1,0.07305547492140109
18632,3,0,0.16159357328978077
18633,3,0,0.25709324436444914
18634,4,0,0.16538590368256792
18635,5,0,0.059956538072365485
18636,5,0,0.48624222312465065
18637,5,0,0.046924726362603954
18638,5,0,0.06601576310170815
18639,3,0,0.4751666428914855
18640,5,1,0.7153761644342601
18641,1,1,0.3288065980531264
18642,1,0,0.10444526308771279
18643,1,0,0.08659902606434229
18644,3,1,0.8191356773792355
18645,3,0,0.14594031815766267
18646,4,1,0.680758090864275
18647,1,1,0.7569394602888073
18648,2,0,0.08978877193238527
18649,3,1,0.11867417405163017
18650,4,0,0.13508145320350765
18651,5,0,0.12442926646374151
18652,1,0,0.13081712589216676
18653,5,0,0.33842411595992644
18654,5,0,0.22390297535742226
18655,1,0,0.11006593462974465
18656,4,0,0.4189351553398675
18657,1,0,0.18759300385805422
18658,5,1,0.5059866500293716
18659,2,0,0.16363411491364996
18660,1,1,0.7209397675044315
18661,3,1,0.17840397883311465
18662,3,0,0.2811282694764074
18663,3,0,0.1448535076010316
18664,1,0,0.46463217737072304
18665,3,0,0.05639059460234036
18666,2,0,0.13086199678363622
18667,2,0,0.2278311141313029
18668,5,0,0.08181016458559819
18669,3,0,0.08867909514030932
18670,4,1,0.49769556162342576
18671,3,0,0.12816698201104748
18672,5,0,0.032876225104772866
18673,3,0,0.143298980633357
18674,2,1,0.4120554633388527
18675,2,0,0.2559568505984032
18676,2,0,0.170811353266738
18677,1,0,0.10046828851751066
18678,3,0,0.37724798510044333
18679,3,1,0.6917840591918327
18680,1,0,0.170253797091927
18681,3,1,0.8037724118990192
18682,5,0,0.11249010200680877
18683,4,0,0.10658069190804634
18684,1,0,0.17317480799527812
18685,4,1,0.6261301251973378
18686,3,0,0.1635018331470625
18687,1,0,0.0909561302226426
18688,1,0,0.7063336311305367
18689,1,1,0.7042618092832624
18690,1,0,0.46630305573757286
18691,4,0,0.08860848757630939
18692,4,0,0.10841545409506834
18693,3,0,0.14295433705231358
18694,3,0,0.49711455170087765
18695,2,0,0.2659040015573959
18696,2,0,0.11279925572720924
18697,2,1,0.689920610920861
18698,5,0,0.12905210169028142
18699,5,0,0.4730132426218445
18700,1,1,0.7573790971292604
18701,1,0,0.089457699459145
18702,5,0,0.17865917301816497
18703,1,0,0.6525766693289211
18704,4,1,0.2294472999903001
18705,1,1,0.7431220209622916
18706,5,0,0.12071297102761921
18707,1,0,0.08530610113968794
18708,4,0,0.1341998094249918
18709,1,0,0.1286513381652274
18710,5,0,0.05406378169065514
18711,1,0,0.09750828494591346
18712,1,0,0.16481933485698214
18713,2,0,0.5279269398102223
18714,1,1,0.7572218857925321
18715,3,0,0.17606467126251188
18716,2,0,0.09543654640481071
18717,3,0,0.7007257667657981
18718,3,0,0.07398285965387089
18719,5,0,0.23610077267446403
18720,2,0,0.09962237083043915
18721,1,0,0.10291723226328564
18722,5,0,0.09371054870998505
18723,2,0,0.10135541537006235
18724,2,0,0.09709726834474484
18725,3,0,0.1172405321814252
18726,4,1,0.6830185948975016
18727,2,0,0.15216730215035412
18728,2,0,0.19222471946534705
18729,2,0,0.1132077410376185
18730,4,0,0.12024958672839516
18731,4,0,0.14633601821665196
18732,1,0,0.38725415374213606
18733,3,0,0.1419045005724572
18734,3,0,0.09442743937836506
18735,4,0,0.10943608920200401
18736,5,1,0.19917285597671583
18737,3,0,0.0712799548123371
18738,2,1,0.2788877990586276
18739,4,0,0.08892425890210777
18740,4,0,0.09168031535874442
18741,3,0,0.07788172183675575
18742,2,0,0.08907113450720823
18743,3,0,0.07792293569959594
18744,5,0,0.07431399566403686
18745,1,0,0.0986690676757066
18746,1,1,0.4322502280308807
18747,2,0,0.08784849776399722
18748,4,0,0.17798797402295122
18749,4,1,0.6756628007650003
18750,5,1,0.3779534035085868
18751,1,0,0.19915395004105452
18752,4,0,0.09313547918894857
18753,1,0,0.08546802184046184
18754,3,1,0.16786022200720202
18755,3,0,0.10338453963252606
18756,5,0,0.0976455574876679
18757,1,0,0.17386530698913702
18758,5,0,0.052003779676476396
18759,4,0,0.14381988778953317
18760,5,0,0.2209246406309984
18761,4,0,0.22847464811735327
18762,1,1,0.25388476077758276
18763,1,1,0.42382919292722665
18764,4,0,0.13757263866653688
18765,2,0,0.09129684802308584
18766,3,1,0.6829132089828077
18767,1,0,0.4356526248121478
18768,3,0,0.09458422619523221
18769,1,0,0.08651566883454453
18770,4,0,0.17788579391376164
18771,5,0,0.21151322237504866
18772,5,1,0.11626657256226156
18773,1,0,0.17582903078419274
18774,1,0,0.1433500245944535
18775,3,1,0.1206616432697716
18776,1,0,0.3145554024342707
18777,2,0,0.141640698470041
18778,3,0,0.08082138731633762
18779,2,0,0.08836123229182657
18780,3,0,0.1937824205307683
18781,4,0,0.0990670148927346
18782,5,0,0.13719731462286466
18783,2,0,0.27902932308446626
18784,4,0,0.1760506706200328
18785,1,1,0.7026239545402357
18786,1,0,0.10478521516377425
18787,4,1,0.2305126242144073
18788,4,0,0.13531883036182035
18789,4,0,0.2987738107508327
18790,3,0,0.11330109820893715
18791,1,0,0.13585979806167675
18792,1,0,0.15024074374451868
18793,2,0,0.1681354373059213
18794,3,1,0.18780923942989602
18795,2,0,0.09995465968991527
18796,3,1,0.1414624077722136
18797,4,1,0.18491260268884085
18798,1,0,0.7177519491412838
18799,4,0,0.13407445328227008
18800,5,0,0.1717776196562456
18801,4,1,0.13385640474121643
18802,3,1,0.1391130635063419
18803,2,0,0.10501715886973222
18804,5,0,0.05425220641051967
18805,5,0,0.3661761883581805
18806,3,0,0.2025868311615203
18807,2,0,0.33849763145546863
18808,5,1,0.06531303548128392
18809,2,1,0.09007079607297311
18810,1,1,0.13963130919433953
18811,2,0,0.15405354868765922
18812,1,1,0.10875189282217437
18813,5,0,0.14106868956290403
18814,4,1,0.31744812352421314
18815,3,0,0.11008957362045046
18816,3,1,0.7205718969796173
18817,3,0,0.5620947217863577
18818,4,1,0.5511528254173037
18819,1,1,0.3625714205032413
18820,1,0,0.0898077734903752
18821,1,0,0.11881712287128668
18822,4,0,0.11706721942776964
18823,3,0,0.16697651865393998
18824,1,0,0.41776847971291364
18825,5,0,0.15915561685760055
18826,1,1,0.632777480409028
18827,5,0,0.1370055582332066
18828,2,0,0.10251689173259604
18829,4,1,0.6737241268438879
18830,5,1,0.6426638039515948
18831,5,0,0.08260620291963021
18832,5,0,0.17978416554841498
18833,1,0,0.08817436140493969
18834,3,0,0.49789175940499963
18835,5,0,0.12393144405697544
18836,4,0,0.10424283263545253
18837,3,1,0.32323179672940605
18838,3,1,0.18801744071747262
18839,1,0,0.28582606489300894
18840,5,0,0.0686624101343529
18841,5,0,0.37773434450976867
18842,3,1,0.6798349450218605
18843,2,0,0.1444610531283454
18844,4,0,0.0966595380975833
18845,4,0,0.20288164175496218
18846,4,1,0.09826587382350373
18847,3,1,0.17591418142212722
18848,4,0,0.26840454230995636
18849,5,0,0.09400684433974178
18850,4,0,0.08874998996492779
18851,4,0,0.1277778687926263
18852,2,0,0.13154754673448554
18853,5,0,0.10592279935699131
18854,5,0,0.086286599223384
18855,4,0,0.1380045254100249
18856,1,1,0.3739417398572009
18857,5,0,0.13055496011322015
18858,4,0,0.09332488874085036
18859,3,0,0.05051069347720374
18860,1,0,0.08613009170310514
18861,4,0,0.1386644279659349
18862,4,0,0.18676105563222503
18863,1,0,0.08620385997992114
18864,4,0,0.09540029475945343
18865,1,0,0.10987764298983863
18866,2,0,0.2031127778892073
18867,5,0,0.04335793737984702
18868,1,0,0.10220238463497217
18869,4,0,0.08933788185539923
18870,4,0,0.09998794275303566
18871,4,0,0.18115849457244182
18872,4,0,0.13485098385419492
18873,2,1,0.1409427156879527
18874,5,0,0.09669697609050705
18875,5,0,0.12570572529344973
18876,2,0,0.1707713573127795
18877,3,0,0.1208683150408336
18878,2,0,0.1965146415127985
18879,2,0,0.16462029101946066
18880,1,1,0.36243282725549075
18881,3,0,0.13344767725092674
18882,5,0,0.7168718605881852
18883,2,0,0.08858297654889052
18884,4,0,0.1363594692730182
18885,3,0,0.15911585715546495
18886,2,0,0.09108287556380963
18887,4,0,0.1482930913650985
18888,3,1,0.1606338172860345
18889,5,0,0.14967594395531011
18890,5,0,0.24464805417872315
18891,5,0,0.07240865664662785
18892,4,0,0.20246196345689993
18893,4,0,0.13709640035583837
18894,4,0,0.09992908858030881
18895,2,1,0.09250713643106133
18896,2,1,0.24041265967690734
18897,4,0,0.27858619510964483
18898,1,0,0.37794304936930173
18899,4,0,0.09120188612390769
18900,3,0,0.12549461137070336
18901,4,0,0.176524504212083
18902,4,0,0.14986324772956708
18903,3,0,0.1513147341475784
18904,1,0,0.08649198089600119
18905,3,0,0.4120523303806486
18906,2,0,0.14599056903362667
18907,5,0,0.10424328711112964
18908,5,0,0.14898326373699525
18909,5,0,0.13550647382624018
18910,5,0,0.06671249427244876
18911,3,0,0.1273408751133071
18912,2,1,0.4425089668409095
18913,4,0,0.09299248834001822
18914,2,0,0.14841254533912018
18915,1,0,0.12855997626533336
18916,2,0,0.1763176035004854
18917,2,0,0.14604726480165647
18918,5,0,0.08831490071381182
18919,2,0,0.12649631599909839
18920,2,0,0.08974835718500344
18921,3,0,0.04896987970613821
18922,5,0,0.04201035352586878
18923,3,0,0.08056500892006845
18924,1,1,0.7038054724456543
18925,4,0,0.10847516682257217
18926,2,0,0.1814492124656734
18927,3,0,0.07999683523096722
18928,3,1,0.2846554175413816
18929,4,0,0.4064726936441158
18930,1,1,0.7576781486825597
18931,1,0,0.1057841265190736
18932,2,0,0.19746015910355016
18933,5,0,0.12956727599680973
18934,1,1,0.4674691088909635
18935,4,0,0.15765193820845366
18936,2,0,0.24026550593438264
18937,3,0,0.2793474562750978
18938,3,0,0.3070024630359995
18939,5,0,0.10461582326939838
18940,5,1,0.11118129706319609
18941,4,0,0.11984740124264318
18942,3,0,0.09013118745380823
18943,5,1,0.6083412466508906
18944,3,0,0.7401260172285956
18945,2,0,0.26421714812214975
18946,2,0,0.39729565367312464
18947,1,0,0.13870534471394888
18948,2,1,0.7092466801661711
18949,1,0,0.5792727096035514
18950,2,0,0.1005167181753822
18951,1,0,0.13467077007383932
18952,4,1,0.3187988791619153
18953,5,0,0.4831924275791285
18954,1,0,0.1605811223886951
18955,1,0,0.15308127363893942
18956,2,0,0.13436415489402936
18957,2,0,0.09957523951739584
18958,2,0,0.16072595876155668
18959,2,0,0.1648200377695109
18960,2,1,0.542431351339853
18961,3,0,0.3434910990835692
18962,3,0,0.16887786931784451
18963,1,0,0.1814024289644372
18964,1,0,0.1285679622599208
18965,3,1,0.5842169592057166
18966,1,0,0.10759899315944907
18967,1,0,0.0896583569710826
18968,3,0,0.15823360961622296
18969,3,0,0.0993542320602026
18970,1,0,0.08594383281859719
18971,2,0,0.1260424386947776
18972,1,0,0.11780895251206033
18973,3,0,0.19310670018367954
18974,5,0,0.1883527286037198
18975,2,0,0.10653383750047105
18976,2,0,0.16382917238736214
18977,5,0,0.10600283697510307
18978,4,0,0.08978846357867991
18979,2,1,0.7735874755675614
18980,3,1,0.25213909774546117
18981,4,1,0.12473828941810923
18982,2,0,0.16985183038735285
18983,4,1,0.6828632422055185
18984,4,0,0.17088192978866776
18985,3,0,0.31436312766406566
18986,5,0,0.24294467472171535
18987,4,1,0.42698662113877794
18988,2,1,0.18006619601113355
18989,4,0,0.15476351413469996
18990,5,0,0.0848529222998264
18991,1,0,0.15939527242742968
18992,3,0,0.14986326774191597
18993,5,0,0.16251059060282888
18994,2,0,0.09840850360747587
18995,2,0,0.1423456837646634
18996,5,0,0.13049271584287797
18997,4,1,0.19113228518808112
18998,5,0,0.05857254899824606
18999,3,0,0.08733686352411225
19000,4,0,0.2036872855719044
19001,3,0,0.20918227021108954
19002,1,0,0.0864377259356906
19003,2,0,0.28817346966622864
19004,1,0,0.087028563096514
19005,5,1,0.51601009769462
19006,2,1,0.6990961680354544
19007,1,1,0.08972430540505918
19008,2,0,0.24404629579142628
19009,5,0,0.18686632961471994
19010,2,0,0.09034118146021819
19011,1,0,0.20314624880914067
19012,1,0,0.28339866270397573
19013,4,1,0.7302475805377785
19014,3,0,0.06341963410829833
19015,4,0,0.09730436001816159
19016,5,0,0.05852233287951871
19017,2,1,0.2836884218814418
19018,1,0,0.18440524102219913
19019,4,0,0.11224787184026058
19020,1,0,0.13575979709742558
19021,2,1,0.21299635908884726
19022,1,0,0.08618971654268481
19023,4,0,0.10655183199268783
19024,2,0,0.09893401881660646
19025,1,0,0.08631380703464878
19026,1,0,0.14267501731578985
19027,4,1,0.16743257390021013
19028,3,0,0.16668227843532374
19029,5,0,0.06644673033920681
19030,5,1,0.07052982122656296
19031,3,1,0.08845856460928513
19032,5,1,0.12046772712371943
19033,3,0,0.08518112972664015
19034,1,0,0.1507196403021539
19035,2,0,0.09781549362082115
19036,2,0,0.12581124472688546
19037,2,0,0.19548956331329329
19038,1,0,0.09012252050217408
19039,4,1,0.29353451241186534
19040,4,0,0.15374487729248948
19041,2,0,0.16379521559198726
19042,4,1,0.21132145925033288
19043,4,0,0.314675481146161
19044,5,0,0.09613428646167174
19045,5,0,0.05987528729603983
19046,2,0,0.09104216526867474
19047,1,0,0.7034613317234781
19048,3,0,0.2043337528372907
19049,3,0,0.06482690647966573
19050,2,0,0.08951331580398632
19051,1,0,0.3092472408559739
19052,5,0,0.2649781563738826
19053,1,0,0.09559911891916452
19054,5,0,0.21973927815284455
19055,2,0,0.14908285468529014
19056,3,0,0.119205120254657
19057,2,0,0.08784849776399722
19058,3,0,0.14145910685711957
19059,1,0,0.1635580027647459
19060,1,0,0.13954518248298664
19061,1,0,0.13257863928853839
19062,5,0,0.06695271266184721
19063,3,0,0.641692875802745
19064,2,0,0.08848700017558207
19065,5,0,0.07731293599626225
19066,2,0,0.2565027566879906
19067,3,1,0.582097473007908
19068,2,1,0.17193728471270192
19069,2,0,0.09967880810976204
19070,1,0,0.18233500349700713
19071,5,0,0.09150071723710126
19072,1,0,0.10165642712808878
19073,3,1,0.6957694938732956
19074,1,0,0.1773866587068236
19075,5,1,0.33207701230550274
19076,3,0,0.20946159252255642
19077,3,0,0.06749780103559763
19078,5,0,0.047171040628036884
19079,1,0,0.2463508866197793
19080,1,0,0.15148235665561574
19081,1,0,0.0865593746240153
19082,3,0,0.0560168612554645
19083,1,1,0.6956999195061395
19084,1,0,0.08717210322210034
19085,2,0,0.15618058542629193
19086,5,0,0.07888610939955337
19087,5,1,0.5288863312673332
19088,2,1,0.12805650560184492
19089,2,0,0.21854280823846878
19090,5,0,0.1753102234289139
19091,3,1,0.6888414509880602
19092,5,0,0.06779222202239407
19093,1,0,0.08936580142649214
19094,4,0,0.1314402819599108
19095,1,0,0.09452570370962327
19096,1,0,0.1033794281307032
19097,4,0,0.1577464870112946
19098,1,0,0.13903260949873436
19099,1,0,0.14071429479666442
19100,1,0,0.16614136373620972
19101,4,0,0.10956476720359175
19102,5,0,0.14393591157327665
19103,3,1,0.13958717684268165
19104,3,0,0.14124677789785123
19105,5,0,0.7290754285401687
19106,2,0,0.1280792505304314
19107,1,0,0.38728592556230906
19108,4,0,0.13217862247621187
19109,2,0,0.13702666650480247
19110,2,0,0.08998044499538974
19111,2,0,0.12527241630968472
19112,2,0,0.6713816511333349
19113,5,0,0.14300757884178172
19114,4,0,0.17938454272135126
19115,3,0,0.07394753997680627
19116,3,1,0.3457363382688359
19117,1,0,0.1144721174837307
19118,4,0,0.15328199820174893
19119,1,0,0.12318304247204531
19120,3,1,0.07109669888458403
19121,3,0,0.12697381446881825
19122,2,0,0.1956439240282395
19123,4,0,0.18901054225603078
19124,5,0,0.08030426251504184
19125,3,0,0.3422468504901465
19126,5,1,0.5383228302828464
19127,3,1,0.8559536337712892
19128,5,1,0.18854859660753634
19129,3,0,0.18522985347612841
19130,2,0,0.10799791263082692
19131,1,0,0.11982463089834336
19132,4,0,0.14234446792171296
19133,2,0,0.08798155314009506
19134,2,0,0.12858876078410603
19135,1,1,0.26309963856361457
19136,4,1,0.7958942326612618
19137,4,0,0.11459609562243105
19138,1,1,0.6688613060360604
19139,1,0,0.19429912294750531
19140,3,0,0.12263461598054544
19141,5,0,0.0988374063641664
19142,5,0,0.16206903804839
19143,1,1,0.1453961514689453
19144,1,0,0.10750035567951224
19145,1,0,0.1690786274855051
19146,5,0,0.05032838332737974
19147,5,0,0.20906982894254625
19148,4,0,0.12039876821027762
19149,4,0,0.10947759421146051
19150,2,0,0.13233624319497006
19151,4,0,0.21508497498076337
19152,5,0,0.0971333078134089
19153,3,0,0.14048338592463877
19154,4,0,0.20350715124743612
19155,1,1,0.26669049322903915
19156,1,1,0.24945031021870845
19157,5,0,0.24007484872174634
19158,3,0,0.08655284627039453
19159,1,0,0.22107113345357138
19160,5,0,0.13530973279135386
19161,3,0,0.16350652557347423
19162,5,0,0.17467452687759297
19163,2,0,0.1578777324340151
19164,3,0,0.5225890267783588
19165,2,1,0.2285037165817284
19166,4,0,0.4668849611191765
19167,4,0,0.15252434956309147
19168,2,1,0.10082045477459149
19169,2,0,0.2586689190819917
19170,3,1,0.6581506179102216
19171,4,0,0.08953260561843498
19172,5,0,0.09201589088909888
19173,4,1,0.7450474236902178
19174,1,1,0.7134212189066388
19175,1,0,0.7955003587207728
19176,2,0,0.4362654037948632
19177,2,0,0.3661295476210746
19178,1,0,0.12911385068648462
19179,4,0,0.5418005141411465
19180,3,0,0.19393031908569566
19181,2,0,0.09019746600382283
19182,4,0,0.14635808752740692
19183,1,0,0.10896308932223445
19184,3,1,0.08292423863066041
19185,4,0,0.08929784827875689
19186,3,1,0.15991032889216744
19187,3,0,0.30302325963339455
19188,5,1,0.7859820557947448
19189,1,0,0.16548099228165183
19190,4,1,0.17696495834552245
19191,5,0,0.0710574845743484
19192,2,0,0.15607008351057786
19193,3,0,0.14025932235519128
19194,3,1,0.09535733401508732
19195,1,0,0.13296608186788011
19196,3,0,0.09800427702874184
19197,4,0,0.08940458660187477
19198,4,0,0.11381575143200848
19199,5,0,0.17932365079368076
19200,1,0,0.19766496849586992
19201,4,0,0.08988190968215291
19202,4,0,0.1318057970788809
19203,3,0,0.30366906779548164
19204,2,0,0.15099154015926092
19205,2,1,0.6465421221149803
19206,5,0,0.05768534452174021
19207,2,0,0.08989667661973832
19208,3,0,0.12111325535856443
19209,2,0,0.32346973172203514
19210,2,0,0.09211044038612697
19211,4,0,0.17743813646814696
19212,1,1,0.4519153387632864
19213,1,0,0.13523384986173673
19214,4,0,0.28125394350670624
19215,4,0,0.19695610633780705
19216,2,0,0.09448204985162086
19217,3,0,0.1684669331762879
19218,5,0,0.08661619292382801
19219,5,0,0.259360630119275
19220,2,1,0.7124685444220746
19221,1,0,0.22273714234543904
19222,5,0,0.2955682371426157
19223,1,1,0.45795164306422453
19224,3,1,0.08548118678457979
19225,4,0,0.08905277170318056
19226,3,0,0.1203196539459465
19227,2,0,0.0999170584057643
19228,3,1,0.7396082314809714
19229,1,0,0.08578154315790709
19230,2,0,0.1011293703056288
19231,5,1,0.5601804135534432
19232,3,0,0.07340620592587918
19233,2,0,0.12466039867075893
19234,3,0,0.4128837336853084
19235,5,0,0.2013384760653764
19236,1,0,0.0949354795602071
19237,4,1,0.09048712066142917
19238,5,0,0.35024023542989696
19239,1,0,0.13165547211033585
19240,5,1,0.36106364110921024
19241,2,0,0.6787437866057601
19242,2,0,0.15699029005174375
19243,1,0,0.11177837103455747
19244,5,0,0.11009155996635782
19245,3,0,0.644596092645924
19246,5,0,0.07395670592539641
19247,1,0,0.18848796731696071
19248,5,1,0.8625260637788835
19249,5,0,0.16489619251744897
19250,1,0,0.18444585987955003
19251,5,0,0.2758402613643673
19252,5,0,0.05611707758772595
19253,5,0,0.7639161925438774
19254,4,0,0.3517628086364666
19255,5,0,0.20472848087086504
19256,1,1,0.16285884947356385
19257,5,1,0.28281803567675295
19258,4,1,0.1719018703644559
19259,4,0,0.1412235021258114
19260,5,0,0.1782948759098317
19261,4,1,0.44003590738030895
19262,1,1,0.16898658745527426
19263,4,0,0.09322740402544417
19264,4,0,0.11965183756925188
19265,3,0,0.5976576407459684
19266,1,1,0.12863316064285368
19267,5,0,0.1495505386526653
19268,4,0,0.1405847829212183
19269,5,0,0.0289694810139039
19270,5,0,0.11920293017253712
19271,1,0,0.1815643849603583
19272,4,0,0.09013262645467687
19273,2,0,0.14364784798106664
19274,4,0,0.1580884345279355
19275,4,0,0.14451010754332663
19276,3,0,0.06542889600577181
19277,1,1,0.13301077733019953
19278,5,1,0.5744033730227182
19279,2,1,0.6031603013832139
19280,5,0,0.14057688606011978
19281,5,0,0.43085206499441
19282,4,0,0.09313547918894857
19283,4,0,0.13016391780933834
19284,4,1,0.7319331493535992
19285,1,1,0.25893610578729964
19286,1,1,0.7247182298531523
19287,3,0,0.10430269637000765
19288,2,0,0.21096440299001584
19289,4,0,0.08875283429943603
19290,2,0,0.08852087914653789
19291,1,0,0.18880192650121475
19292,3,0,0.09089928778924068
19293,1,1,0.21963936967707812
19294,1,0,0.44467719703527475
19295,3,0,0.14713185586332714
19296,3,0,0.28673122737641077
19297,3,0,0.15746439940480297
19298,5,0,0.15451876902519857
19299,3,1,0.7785986906305656
19300,2,0,0.09110524126316176
19301,4,0,0.1893947050253787
19302,3,0,0.15342543696997019
19303,4,0,0.12458364422987836
19304,2,0,0.0943098855165445
19305,4,0,0.1421914645342352
19306,5,0,0.03002984552383664
19307,1,1,0.16130173452004565
19308,5,0,0.07534303548641912
19309,4,0,0.09815258990528129
19310,5,0,0.06627076288279879
19311,1,0,0.09319808333485347
19312,1,1,0.6224915807037463
19313,3,0,0.09124797531074871
19314,4,0,0.10507376006470506
19315,3,0,0.09512761225707737
19316,3,0,0.102850080696217
19317,2,0,0.13301326040883374
19318,5,0,0.11162018145308387
19319,5,0,0.36966328581523256
19320,1,0,0.1771704041238812
19321,5,1,0.1677339829043788
19322,4,0,0.11231187549482176
19323,2,0,0.15248360250587095
19324,4,0,0.13933141602676793
19325,5,0,0.07819070596016753
19326,5,0,0.3842824318118539
19327,3,0,0.0982573852443826
19328,5,0,0.06767876865184269
19329,3,0,0.1740411049982657
19330,1,1,0.0877148445512925
19331,2,0,0.08813777928696225
19332,3,0,0.18152532468920213
19333,1,0,0.14478734185509262
19334,4,0,0.13178137019852193
19335,5,0,0.08610386808325732
19336,3,1,0.09508855299667048
19337,3,0,0.19511529065593028
19338,2,0,0.15941757059697298
19339,5,1,0.1812605074261138
19340,4,0,0.08857269119500273
19341,3,1,0.6434922902680205
19342,5,1,0.4996496422092781
19343,1,1,0.13800061450847437
19344,5,1,0.8495556325055854
19345,5,0,0.040450078400448425
19346,2,1,0.75944599349036
19347,5,0,0.21003049084646055
19348,4,0,0.19698957050863272
19349,4,0,0.18286908254916706
19350,3,0,0.09451624752061014
19351,5,1,0.09347325340994687
19352,4,1,0.6984311061009876
19353,2,1,0.2898001629149985
19354,4,0,0.09747164334467845
19355,1,0,0.13562718206130608
19356,1,0,0.173882191106097
19357,4,0,0.40852617190797286
19358,1,0,0.15921435365600034
19359,5,0,0.05201282994455561
19360,1,0,0.22326267134758906
19361,5,0,0.1000533094624702
19362,4,1,0.1642502555817851
19363,3,1,0.23171775760281393
19364,2,0,0.6846416616710155
19365,3,0,0.41640407407457897
19366,5,0,0.08358557443436927
19367,2,0,0.30562724283636084
19368,1,0,0.10395029528008816
19369,2,0,0.3304760950843494
19370,2,1,0.08887141463247014
19371,4,1,0.12832794008542275
19372,1,0,0.4715568150944454
19373,4,1,0.15726656090559843
19374,5,1,0.15879741243604847
19375,5,1,0.7683494670276455
19376,5,1,0.44466933449127405
19377,4,0,0.10290540351650486
19378,5,1,0.7520401690921479
19379,3,1,0.3303257962289536
19380,1,0,0.08613009170310514
19381,3,0,0.09026249805849773
19382,4,1,0.7051385977843923
19383,5,0,0.280503350823155
19384,1,0,0.1338081106863029
19385,1,0,0.11820264606568123
19386,5,0,0.05656698840252326
19387,1,1,0.13041687999830479
19388,4,0,0.0896938173901154
19389,2,0,0.11002570443887466
19390,2,0,0.22887696603380847
19391,3,0,0.11098404918911306
19392,5,0,0.03311478628778917
19393,2,0,0.2749584573161879
19394,1,0,0.2803191113618364
19395,4,0,0.10209641670854619
19396,2,0,0.11734368823395423
19397,2,1,0.6807157090317038
19398,3,0,0.08166328936719185
19399,1,0,0.09619145477116804
19400,5,0,0.2562345623727996
19401,1,1,0.1540453128285636
19402,3,0,0.16936311255708586
19403,2,1,0.35045057078686365
19404,2,0,0.21042846599633355
19405,1,0,0.4212288973559434
19406,4,0,0.09160466534050392
19407,1,0,0.10967990102380872
19408,1,0,0.1263323624077528
19409,2,0,0.14875949347797318
19410,3,0,0.15404217548251356
19411,2,0,0.18050951769478657
19412,3,0,0.09292605910362856
19413,4,1,0.09256517437249302
19414,3,0,0.08732151719113855
19415,3,0,0.09523921892289684
19416,2,0,0.08882221442275667
19417,5,0,0.17436751237639359
19418,3,0,0.06904080596774002
19419,1,1,0.11517349698397718
19420,1,0,0.6661306953808505
19421,1,0,0.08590555248235639
19422,1,1,0.16341484937349265
19423,1,1,0.10283504204535612
19424,2,0,0.15877027984103947
19425,4,1,0.1188836637110103
19426,5,0,0.524382131809846
19427,1,0,0.1333018771929764
19428,5,0,0.08201594358701884
19429,3,0,0.3880653733901072
19430,5,1,0.18710578637612776
19431,3,1,0.10713711664206477
19432,3,0,0.5335552977635135
19433,1,0,0.4837611102563679
19434,2,1,0.4346743403961672
19435,5,0,0.04771470476136074
19436,5,1,0.23890980919181626
19437,1,0,0.1121217283715484
19438,4,1,0.3578781939921107
19439,5,0,0.17340288972684778
19440,5,0,0.10658686547667762
19441,1,0,0.33767933000475076
19442,3,1,0.5260085311235775
19443,2,0,0.09018896624077623
19444,1,1,0.15260644695901196
19445,3,1,0.149010645001599
19446,4,1,0.15681402530915003
19447,1,0,0.1151956547442694
19448,3,1,0.23608893207298906
19449,4,0,0.1528356092803863
19450,4,0,0.10230554418355903
19451,5,1,0.6485265998867893
19452,3,0,0.1055904194778638
19453,5,0,0.052783156798583246
19454,2,0,0.08804800355953551
19455,3,0,0.2051228519078987
19456,4,0,0.0889840730976049
19457,1,0,0.7475627618789331
19458,4,0,0.09056648415570169
19459,4,0,0.19313836568985346
19460,2,0,0.1990211647424464
19461,3,0,0.0932517113553029
19462,2,0,0.0889509947937396
19463,5,0,0.08975061773988391
19464,4,0,0.129122888006703
19465,3,0,0.07964015882042544
19466,3,1,0.428900859854944
19467,2,1,0.3170787013346123
19468,1,0,0.14036206543588733
19469,3,0,0.18197866167421597
19470,3,0,0.4053429000490535
19471,1,0,0.08646938889691105
19472,1,0,0.12495876803250378
19473,5,0,0.037096335143890435
19474,2,0,0.11055258661593845
19475,4,1,0.5123194628809222
19476,5,0,0.10567228060830122
19477,2,0,0.1311306591986175
19478,1,0,0.1474493075920654
19479,5,0,0.08147008676280589
19480,2,1,0.6860607822845693
19481,4,0,0.1044539979800459
19482,4,0,0.17292948250026718
19483,1,0,0.17677277268058042
19484,4,0,0.27983934515422815
19485,4,0,0.12942283181826325
19486,1,0,0.0851991147266879
19487,2,1,0.36694918964387635
19488,5,0,0.13202080796382185
19489,5,0,0.13043354025939716
19490,5,0,0.4377272409797548
19491,3,0,0.05118519508537946
19492,4,0,0.17324196337141465
19493,5,0,0.12976244707152843
19494,3,0,0.2098158977687521
19495,5,0,0.08187372732315307
19496,3,0,0.07009177504417217
19497,5,0,0.04814525973982155
19498,5,0,0.1368708845542901
19499,3,1,0.11929164192825777
19500,5,0,0.12245607127117544
19501,5,0,0.11485515182168796
19502,4,0,0.1754442969525511
19503,3,0,0.21578387231674262
19504,5,0,0.21994127443201542
19505,2,0,0.09677136692843556
19506,2,0,0.19578355593013094
19507,3,0,0.08179944680685432
19508,3,0,0.08994609203190836
19509,4,0,0.10575600428431228
19510,1,0,0.18397761009651517
19511,5,0,0.07143084296777313
19512,3,0,0.10222289534524716
19513,4,1,0.7946972104141338
19514,3,0,0.0884422432061744
19515,4,0,0.1973046165273785
19516,5,1,0.2037324915887981
19517,4,1,0.6711624821015557
19518,5,1,0.26701527620725213
19519,4,0,0.11395910651186875
19520,5,0,0.04240724310150402
19521,3,0,0.06501366770499332
19522,5,1,0.44769074771015
19523,4,0,0.09682467661458538
19524,4,0,0.20768765979318446
19525,2,0,0.14972516233888025
19526,3,0,0.21599920616650434
19527,4,0,0.1326933964077137
19528,3,0,0.12165615346922316
19529,4,1,0.10371266007821489
19530,2,0,0.34754602740309076
19531,5,0,0.06985568650103711
19532,3,0,0.14248060195073387
19533,4,1,0.6726871755591812
19534,1,1,0.6767092367200497
19535,4,0,0.2019141525786909
19536,3,0,0.18732525925362814
19537,4,0,0.0907993480835792
19538,1,0,0.09495760888810725
19539,4,0,0.13225557609355829
19540,2,1,0.3615705750093486
19541,5,0,0.4378389510660905
19542,1,0,0.09337714919235812
19543,2,1,0.6908824341870963
19544,2,0,0.08923937654690745
19545,2,0,0.4408237835713522
19546,4,0,0.11149992601635887
19547,1,0,0.517470054129259
19548,4,0,0.13082191995973014
19549,5,0,0.15294972530745995
19550,5,0,0.2060299986821278
19551,3,1,0.7538057638121487
19552,5,0,0.09436994945612427
19553,2,0,0.09681316730932259
19554,2,0,0.1440416326310389
19555,1,0,0.39842076634563744
19556,5,0,0.12232891328951585
19557,3,0,0.08062730146325978
19558,3,0,0.07238926742386627
19559,2,1,0.7314915047014717
19560,4,0,0.09019838150643976
19561,5,0,0.10432536804417578
19562,5,1,0.48546852216707825
19563,2,0,0.0919931871025195
19564,1,0,0.16370598994235797
19565,1,0,0.1604211102959802
19566,4,0,0.08854701970406649
19567,1,1,0.3650671609015549
19568,1,1,0.7324637074389738
19569,4,0,0.16043349268642834
19570,5,0,0.7564236712781257
19571,1,1,0.2853042130787428
19572,2,1,0.42845417488612425
19573,3,0,0.7521019181733413
19574,3,0,0.1385940045204461
19575,5,1,0.358480139365346
19576,1,1,0.12723440378225156
19577,5,1,0.16235339283018227
19578,1,0,0.14793239392468757
19579,2,0,0.08791494818343767
19580,1,0,0.14531037508447342
19581,4,0,0.08948138911000415
19582,4,0,0.08880677432767983
19583,2,0,0.09907682930279306
19584,1,1,0.15988944295177035
19585,3,0,0.3512496487297733
19586,1,1,0.6562262062151406
19587,3,0,0.07861299051559333
19588,3,0,0.18846211550289543
19589,3,0,0.10500338898136828
19590,1,0,0.1892798124671485
19591,1,1,0.5337368977788128
19592,2,0,0.0913760901220345
19593,4,0,0.11634310449341416
19594,3,0,0.11383328202247808
19595,5,0,0.3055116556129884
19596,2,1,0.22872831823030151
19597,3,0,0.08255713512213124
19598,3,0,0.09789829816126726
19599,3,0,0.08545912138033783
19600,2,1,0.15837488418409576
19601,1,0,0.1615889366884217
19602,4,0,0.11944132794791545
19603,2,0,0.15902995139629483
19604,5,1,0.8068078631695592
19605,1,0,0.17376502509725156
19606,5,1,0.2359811534737811
19607,3,0,0.3855070649276662
19608,4,1,0.21989545314402498
19609,1,0,0.20421505372601148
19610,1,0,0.14913522510876678
19611,2,0,0.1694317444631512
19612,1,1,0.47833350571906896
19613,2,0,0.12963125924195115
19614,4,0,0.08857269119500273
19615,4,0,0.0899027503525266
19616,2,1,0.719788139155194
19617,2,0,0.08901326990825018
19618,2,0,0.13096447497963276
19619,3,0,0.22141022101158614
19620,2,0,0.16712478203157702
19621,5,0,0.21488574749122666
19622,3,1,0.5254540155639862
19623,4,0,0.09287690468269771
19624,4,0,0.08974337110162316
19625,1,0,0.17707863734133755
19626,5,0,0.25375451278423206
19627,3,0,0.7572843506977117
19628,4,0,0.08849085017827807
19629,3,0,0.07506725196969075
19630,4,0,0.09691409808592891
19631,2,0,0.14481115229921412
19632,3,0,0.09046885433969046
19633,3,1,0.5715021785732851
19634,1,0,0.1295947128182724
19635,2,1,0.2633281557850772
19636,2,1,0.7567022132240406
19637,1,0,0.25552951131089224
19638,2,0,0.17884076573575014
19639,4,0,0.16933331240371446
19640,4,0,0.1279801855925581
19641,4,1,0.09095860196082828
19642,4,0,0.10933557786048093
19643,3,0,0.08610944522746464
19644,3,0,0.07655048381995165
19645,3,0,0.056161641542843935
19646,4,0,0.0896421777285161
19647,1,0,0.08640851281068518
19648,3,1,0.39461213744381574
19649,3,0,0.179425847975433
19650,5,0,0.14561695561076404
19651,5,0,0.06789203485061743
19652,3,0,0.1578841687474887
19653,5,1,0.2976371224320642
19654,3,0,0.05756228899432489
19655,2,0,0.09063031165591653
19656,2,0,0.13025828712323217
19657,2,1,0.2929276433901297
19658,1,1,0.3664617375054869
19659,4,1,0.7790905984320561
19660,1,0,0.6954810721460821
19661,4,1,0.3343323813130764
19662,1,0,0.12105931761174535
19663,4,0,0.11026182987933686
19664,2,0,0.28499498986816035
19665,5,0,0.29045515257992954
19666,1,0,0.1467267458321523
19667,5,0,0.03552097332958495
19668,4,0,0.09744110367981852
19669,3,0,0.10172208510762569
19670,1,1,0.13791597058689276
19671,4,1,0.17256281546672658
19672,4,0,0.13262991105996452
19673,2,1,0.46902331781611706
19674,3,0,0.7823591601706346
19675,4,0,0.09828323167844132
19676,4,0,0.11067805285239594
19677,4,1,0.1036319444585211
19678,4,0,0.09052285841887918
19679,4,0,0.08977836804697427
19680,4,0,0.1413871736513371
19681,5,0,0.11856970979588416
19682,4,0,0.0896697820169713
19683,4,0,0.7682468626668525
19684,5,0,0.3213117232186341
19685,5,0,0.17751123837355826
19686,1,0,0.11019883008000286
19687,2,0,0.14121375549934506
19688,4,1,0.17311379886132663
19689,2,0,0.15829091672894444
19690,2,1,0.12070017313963835
19691,5,0,0.10489296013217218
19692,2,0,0.1254431591629113
19693,1,0,0.09386680732066573
19694,1,0,0.16668250373030405
19695,2,0,0.6675725316365907
19696,2,0,0.09446072272937343
19697,4,0,0.08942217548623942
19698,1,0,0.16540990376557818
19699,2,1,0.7469982292855116
19700,1,1,0.4162780077725678
19701,4,0,0.237667406709008
19702,2,0,0.08917619522801119
19703,5,0,0.2199389353723063
19704,4,0,0.23027009559584974
19705,1,1,0.16446618136897811
19706,1,0,0.08919397117645046
19707,1,0,0.09446601371158381
19708,2,0,0.19705312619067822
19709,2,0,0.21880759797842336
19710,3,0,0.0687212438319874
19711,4,0,0.7656678036142117
19712,5,0,0.15156228868035979
19713,4,0,0.189158252938137
19714,2,0,0.10401799390415059
19715,5,1,0.38397651802063765
19716,3,1,0.7624212352950746
19717,4,0,0.27929563685847403
19718,3,1,0.7261490105838728
19719,4,0,0.1415697978063891
19720,3,0,0.18072974691662802
19721,1,0,0.09718658418305122
19722,1,0,0.14213727944325988
19723,2,0,0.0985108288043385
19724,4,0,0.10855647574345059
19725,4,0,0.15065071218543927
19726,2,0,0.16720993883068963
19727,5,0,0.11892446805620391
19728,1,0,0.13284314968874883
19729,4,0,0.10456697473791678
19730,2,1,0.14177437697756587
19731,3,0,0.0551822835502074
19732,5,0,0.06653605697678745
19733,4,0,0.09341916527891546
19734,5,0,0.07662583095940269
19735,1,0,0.15703966589867702
19736,2,0,0.09297160733849451
19737,3,1,0.05604160988510953
19738,2,0,0.25739922278473293
19739,4,0,0.15535407649355637
19740,3,0,0.5115032042158159
19741,5,0,0.15379174470980933
19742,1,1,0.16535205703363637
19743,4,1,0.6771499367177266
19744,5,0,0.05660909839611771
19745,1,0,0.08580269545707678
19746,3,0,0.12181191856540709
19747,4,0,0.1199882554011239
19748,3,1,0.6718579543880064
19749,2,1,0.1122775944012356
19750,1,1,0.65752580211285
19751,2,1,0.095879470275141
19752,4,0,0.09625621981149052
19753,4,0,0.20843833729847233
19754,3,0,0.08974444121207446
19755,2,0,0.0888120174447583
19756,1,0,0.12767967857395993
19757,5,0,0.16066078036761416
19758,5,0,0.2083784913251255
19759,2,1,0.12250873028420094
19760,1,0,0.11508388638985131
19761,1,0,0.10114190858513097
19762,3,0,0.21766779595497862
19763,3,0,0.16495005624093442
19764,1,0,0.10891214407858006
19765,5,0,0.0792800392826977
19766,2,0,0.28792540901862407
19767,2,1,0.4298892024316002
19768,5,0,0.07356178879931514
19769,3,0,0.17524114233881324
19770,2,0,0.27900971042648054
19771,1,0,0.09832830344602231
19772,2,1,0.14019599634779278
19773,4,1,0.2247897264748552
19774,4,1,0.09594577366973159
19775,5,0,0.1809484676245596
19776,5,0,0.0642243402026117
19777,4,0,0.1337374641869021
19778,4,1,0.7680607323367301
19779,4,0,0.09658041949117166
19780,4,0,0.1304798355746423
19781,2,1,0.12699738573009528
19782,1,0,0.14346968816337222
19783,3,0,0.13158941840872104
19784,4,0,0.09354108224796893
19785,3,1,0.5847058435218374
19786,2,0,0.13041441143991714
19787,1,0,0.18415989720797038
19788,3,0,0.21851368338094163
19789,2,0,0.15453874336094445
19790,1,1,0.39923446227594594
19791,5,0,0.2872888351791413
19792,5,0,0.7373691624074559
19793,4,1,0.23198300919612544
19794,1,0,0.08522462856455734
19795,5,1,0.08270563586139683
19796,4,0,0.1145080943416301
19797,5,0,0.07661666804723473
19798,4,0,0.08948026908702639
19799,4,0,0.14425459289920126
19800,2,1,0.13550637236421081
19801,4,1,0.1409441888788637
19802,4,1,0.11428305966595001
19803,3,0,0.16856207291043562
19804,2,0,0.16964295033223625
19805,1,1,0.6803110884091677
19806,3,1,0.181532175458584
19807,4,1,0.7764254016181155
19808,1,0,0.12830641297427486
19809,5,0,0.1555494878883684
19810,3,1,0.4217755407327923
19811,4,0,0.1502129474346994
19812,3,1,0.13988097317380194
19813,5,0,0.16356578440440342
19814,1,0,0.12037931306528177
19815,5,0,0.07036065224436228
19816,5,0,0.05720257427392792
19817,4,1,0.13676916033412478
19818,4,0,0.678740198704198
19819,2,0,0.10410139437600396
19820,4,0,0.16777560485298032
19821,4,0,0.0977051199679535
19822,2,0,0.6621937890985871
19823,3,1,0.18841863791651378
19824,3,0,0.08202048068769696
19825,1,0,0.28868865642273456
19826,2,1,0.18814359881192078
19827,1,1,0.6915010226557968
19828,2,0,0.09117177998749657
19829,3,0,0.6734708753595606
19830,1,0,0.2838090214000311
19831,5,1,0.16103324053889717
19832,3,0,0.25494156665123435
19833,3,0,0.09004508666278474
19834,3,0,0.2772852030717467
19835,5,0,0.08042511476142682
19836,1,0,0.08631380703464878
19837,1,0,0.09462605117657688
19838,1,1,0.1690194466054733
19839,5,0,0.15811326544422644
19840,2,0,0.179011994544143
19841,4,0,0.08868681438538922
19842,2,1,0.6958744679533405
19843,1,0,0.15981092814487388
19844,2,0,0.12466673755719421
19845,4,0,0.6752351459488308
19846,3,1,0.6892760380071492
19847,2,1,0.28028684140051763
19848,5,0,0.20827541267977723
19849,3,0,0.3429836078919078
19850,4,0,0.16704092436120174
19851,3,0,0.3017596368629534
19852,3,0,0.12439721916721312
19853,1,0,0.10680595889812738
19854,5,0,0.05822031365709991
19855,4,1,0.1566744583008076
19856,2,0,0.09795059180417692
19857,2,0,0.08866085522391107
19858,3,0,0.07389975612157665
19859,2,0,0.1311703010161237
19860,2,0,0.08796844404185766
19861,3,0,0.17076413394170006
19862,1,1,0.17053712509200739
19863,2,0,0.28287442729615286
19864,3,0,0.13437748846531328
19865,2,0,0.28344845370770577
19866,3,1,0.18871215614568185
19867,1,0,0.1429126515737736
19868,5,0,0.043585903515717124
19869,2,1,0.743227629623481
19870,5,1,0.34005216918089154
19871,1,0,0.43291651583912616
19872,2,0,0.08841100810778973
19873,3,0,0.19250207301442573
19874,1,0,0.1799008896562557
19875,5,0,0.16853524123097077
19876,5,0,0.16178867812674838
19877,2,0,0.1335046338477538
19878,1,0,0.7004024526348104
19879,1,1,0.44002487477999985
19880,4,0,0.10403897676863137
19881,4,1,0.6593225358331574
19882,3,0,0.07463248799923806
19883,5,0,0.12700597898252475
19884,2,1,0.13244100337562184
19885,4,0,0.6671935820537324
19886,5,1,0.15740956624122196
19887,2,0,0.1374329322152953
19888,2,0,0.261862201300616
19889,4,0,0.13459315634439645
19890,2,0,0.21208671194784626
19891,3,0,0.07088920404627991
19892,2,0,0.13959070417210698
19893,4,0,0.11402728717666816
19894,1,1,0.21366913859931425
19895,4,0,0.09017274909088828
19896,2,0,0.6399697997570304
19897,1,0,0.775741940738009
19898,3,0,0.06336518728812239
19899,1,0,0.08798780931083959
19900,3,0,0.09157502424095139
19901,4,0,0.08902233900478354
19902,4,1,0.729524922365914
19903,5,0,0.1513481302827933
19904,1,0,0.12011097152782917
19905,4,1,0.08974297212793696
19906,1,1,0.7543769125864421
19907,4,0,0.1300929968875382
19908,2,0,0.09586085150683839
19909,5,1,0.734099625721916
19910,4,0,0.2664919592908619
19911,5,1,0.1146012305589366
19912,2,0,0.08804210223024365
19913,4,0,0.11348361480835163
19914,2,0,0.10517073151328464
19915,5,0,0.06590539265360676
19916,4,0,0.3830582607712282
19917,5,1,0.3626485027830988
19918,3,0,0.1803712766314172
19919,5,0,0.20906980774367792
19920,2,1,0.8080695509987729
19921,5,0,0.05214360930370747
19922,1,0,0.702872815733768
19923,2,0,0.15437059023937225
19924,5,0,0.2205710450698198
19925,5,0,0.2584202576392461
19926,4,0,0.14611663892448257
19927,5,0,0.07802314381744013
19928,2,0,0.15891011148176687
19929,3,0,0.1320256371699957
19930,5,0,0.1863825861003529
19931,1,0,0.10543963472873205
19932,3,0,0.09299892461227743
19933,5,0,0.044398817859224754
19934,3,1,0.05599476782922993
19935,5,1,0.46637061698568266
19936,3,0,0.3812118623140133
19937,2,1,0.2788047214358932
19938,5,0,0.42373218555689124
19939,5,1,0.7492571084324114
19940,4,0,0.0975118233620824
19941,5,1,0.13306765732505071
19942,2,0,0.16337654594139617
19943,2,0,0.1604348701576532
19944,1,1,0.18891311604760394
19945,2,0,0.11274369200050459
19946,4,0,0.4086184961321813
19947,5,0,0.03365420973721182
19948,2,0,0.3022992826079744
19949,1,0,0.1034243710595513
19950,2,0,0.19291486081864292
19951,3,0,0.06301922679334579
19952,3,0,0.10040448586230266
19953,5,0,0.11609631561537509
19954,3,1,0.5304480409261298
19955,1,1,0.18707713490937047
19956,5,0,0.7605736391514274
19957,3,0,0.26560039630844035
19958,5,1,0.06790834160670427
19959,5,0,0.1059287570988925
19960,5,0,0.4452327974632162
19961,1,0,0.09891972116406549
19962,2,0,0.20548114902372444
19963,5,0,0.07225714835318499
19964,3,0,0.1639464747828888
19965,5,0,0.09371074823739163
19966,4,0,0.2584279068369367
19967,2,0,0.09417939558029596
19968,5,1,0.10848810134058773
19969,3,0,0.1396710800925274
19970,4,0,0.4931549047871533
19971,1,0,0.08597493600433795
19972,1,0,0.11313072026386035
19973,5,0,0.032939860942006245
19974,1,0,0.09359621315278364
19975,2,0,0.10263194801033426
19976,3,0,0.0576071472841166
19977,2,0,0.10943283335052414
19978,4,0,0.15889380111883578
19979,5,0,0.12285127859238197
19980,4,0,0.08993167742347238
19981,2,0,0.11243567094173369
19982,4,0,0.11053979382430751
19983,4,0,0.13500622626101047
19984,2,1,0.7037827751487465
19985,5,0,0.11408860192165966
19986,2,0,0.09074453860400934
19987,3,1,0.7700478352660802
19988,4,0,0.15273252679536944
19989,4,1,0.24060456623227028
19990,2,0,0.11737401198261893
19991,2,1,0.7117397638388194
19992,3,1,0.45586637610478437
19993,5,0,0.05001161642704902
19994,1,1,0.7546326482195203
19995,3,0,0.05657272277035502
19996,5,1,0.13110715797637698
19997,4,1,0.7404382129491637
19998,2,0,0.1544908021152143
19999,2,0,0.1049853457778438
20000,2,0,0.14212141848381538
20001,2,0,0.671955937715409
20002,1,0,0.09637517248323907
20003,5,0,0.17271119710739566
20004,2,0,0.0893031156908581
20005,1,1,0.19065516546220396
20006,1,1,0.14062839070806932
20007,5,0,0.18428019098183943
20008,4,0,0.1146037348607099
20009,5,0,0.17910414226560906
20010,4,0,0.3644487964810833
20011,3,0,0.06248082485761428
20012,5,0,0.18151374454925964
20013,2,0,0.2788877990586276
20014,5,0,0.21065674737238071
20015,2,1,0.09105113014823314
20016,2,1,0.09109069806404096
20017,5,0,0.04929086938781958
20018,4,0,0.10986023254641097
20019,1,0,0.16169620622341593
20020,3,0,0.22605217367266722
20021,3,0,0.06850125188506422
20022,3,1,0.07465932427266507
20023,1,0,0.1461771251525894
20024,2,0,0.18329715484404147
20025,5,0,0.13841813135279096
20026,5,0,0.1351886542120896
20027,2,0,0.1280277082091114
20028,2,0,0.4255564267512625
20029,2,0,0.17044851737819366
20030,2,0,0.09163995212154824
20031,5,1,0.5345308454611768
20032,5,0,0.7201086727350905
20033,3,0,0.058914236301023125
20034,4,0,0.14249054489592952
20035,5,0,0.16571574380471749
20036,5,0,0.14248841318237748
20037,3,0,0.07255580822129383
20038,4,0,0.10156816478363301
20039,4,0,0.12494726311917123
20040,3,0,0.18750243120366938
20041,1,0,0.16522250757221862
20042,1,0,0.19202976168822666
20043,3,1,0.7138304210335843
20044,5,1,0.20219159644556875
20045,5,1,0.23524677299188554
20046,1,0,0.18341698996221892
20047,2,1,0.6745783497495793
20048,4,1,0.7419662890970231
20049,2,0,0.16588466470986848
20050,1,1,0.3917945565831927
20051,5,0,0.12762356326243016
20052,5,0,0.09484883654060652
20053,5,0,0.0685754037520776
20054,4,0,0.09607546547081919
20055,1,0,0.10868907286734557
20056,1,1,0.6535794766280533
20057,2,0,0.15775325314469343
20058,1,0,0.10071157952247425
20059,3,1,0.6789125653680959
20060,1,0,0.22365620946167525
20061,3,0,0.11287041854338124
20062,2,0,0.09081467645884052
20063,2,0,0.21900569231277023
20064,2,0,0.440078835148544
20065,3,0,0.10667389134495395
20066,1,0,0.0860385385946336
20067,3,1,0.052769833291154235
20068,1,0,0.11074922533225363
20069,3,0,0.078022088060397
20070,5,0,0.06116700403924865
20071,1,0,0.6650661217864592
20072,4,0,0.5025456653673939
20073,3,0,0.16609535860372368
20074,3,1,0.13137220974658267
20075,2,1,0.6756960573477091
20076,4,0,0.09261430106546024
20077,5,0,0.4182449500651091
20078,2,1,0.2836820681744407
20079,1,0,0.15657915295285815
20080,4,0,0.0902886168818318
20081,5,1,0.4715077736050133
20082,2,1,0.22125206259879499
20083,2,1,0.12083797256902577
20084,4,1,0.22434258769907833
20085,4,1,0.5274048499770735
20086,2,0,0.21489467180596825
20087,2,0,0.09724713142270638
20088,3,0,0.09574261464698246
20089,3,0,0.13270294934318397
20090,3,0,0.18628923166114184
20091,4,0,0.11057335442132313
20092,3,0,0.08868933377724224
20093,5,0,0.18421932341646152
20094,1,1,0.23701911574578813
20095,3,1,0.37408431095381134
20096,5,0,0.1649019463648532
20097,2,0,0.12436772594074987
20098,5,1,0.4185974420503264
20099,2,0,0.1533340761246379
20100,3,0,0.1287152829706324
20101,1,1,0.2778722940116247
20102,2,0,0.2227542045625771
20103,1,0,0.14941476023224973
20104,4,0,0.18652464506279773
20105,1,0,0.08851324528744801
20106,2,0,0.11617511431352419
20107,5,1,0.6667768130312319
20108,2,1,0.16174035586813937
20109,3,0,0.11920919184991358
20110,4,0,0.08944774166151513
20111,5,0,0.05109406367808661
20112,2,1,0.5310116785807086
20113,1,0,0.14831413688016945
20114,5,0,0.12907133361800946
20115,3,0,0.1482166945127365
20116,1,1,0.19788341900268427
20117,1,0,0.13469881739707287
20118,1,0,0.13613462476681684
20119,5,0,0.14864040927496797
20120,1,1,0.5241527527231619
20121,1,0,0.08621288241799223
20122,1,1,0.15408428207460326
20123,5,0,0.05699944275027415
20124,3,0,0.11716535039404626
20125,2,0,0.10516986317171538
20126,2,0,0.13387159625059922
20127,2,0,0.2045547063543668
20128,4,0,0.08862663122324653
20129,4,0,0.15812245839981787
20130,1,0,0.09781141771731743
20131,5,0,0.1675478611430318
20132,5,0,0.0924085496158509
20133,4,0,0.0899405783313925
20134,2,1,0.33383130085936863
20135,2,0,0.13073494371637895
20136,3,0,0.0917855824883209
20137,4,0,0.09574454914895832
20138,2,1,0.4267559543670588
20139,5,0,0.08901707739890939
20140,2,0,0.08999549648508118
20141,4,1,0.1477460371678032
20142,1,0,0.20307533332630578
20143,5,1,0.6596727034195402
20144,3,0,0.07305548456666588
20145,4,0,0.1549690129977661
20146,3,0,0.20144411585377464
20147,2,0,0.09211459670226244
20148,5,0,0.16042215030173596
20149,1,1,0.7428224066471637
20150,3,0,0.10292218748275818
20151,2,0,0.10289449438073427
20152,3,0,0.19840896106043687
20153,1,0,0.4564303083055182
20154,1,0,0.24671000138003546
20155,1,0,0.13149435199112589
20156,4,0,0.0892164900224455
20157,3,0,0.15201769503648357
20158,3,0,0.1567320035155736
20159,2,1,0.17667265030658472
20160,4,0,0.13631658188027798
20161,4,0,0.6810011063439508
20162,3,1,0.20253105904805535
20163,5,0,0.6062943891383186
20164,1,0,0.08863876506848048
20165,3,0,0.08695298672504219
20166,3,0,0.10949022725094211
20167,4,0,0.699559895390746
20168,4,0,0.09978337425693733
20169,2,0,0.09031545582247147
20170,4,1,0.39665073242669874
20171,3,0,0.2853620052790499
20172,2,0,0.2836884218814418
20173,3,1,0.2622270237062567
20174,3,0,0.17926993886549503
20175,1,0,0.10049158876111583
20176,1,0,0.1597389408630326
20177,4,0,0.10790115704693544
20178,2,0,0.6879871798663924
20179,1,0,0.1872822243908799
20180,1,0,0.10955746638257187
20181,3,1,0.5713159502643612
20182,1,0,0.08643799973716304
20183,5,0,0.07501504126708705
20184,5,0,0.0903892905602803
20185,2,0,0.10814050758795149
20186,1,0,0.17930672427881592
20187,3,1,0.7844749737505752
20188,1,0,0.09878143591002038
20189,2,0,0.14244523411609195
20190,2,0,0.12944922306078044
20191,2,0,0.10668702956113296
20192,5,0,0.14829139015522305
20193,2,0,0.1418623552893512
20194,4,1,0.6879993117567571
20195,5,0,0.2829454582343612
20196,1,0,0.08683141077955359
20197,2,1,0.2743293339114431
20198,1,0,0.1256890055911802
20199,3,0,0.17706673172269102
20200,5,0,0.6444212387528176
20201,2,1,0.1498160166696757
20202,2,1,0.660930890900525
20203,5,0,0.0988553937487433
20204,3,0,0.1716283831420482
20205,1,1,0.14663207846957016
20206,3,0,0.1721170056365925
20207,1,1,0.19725296754345886
20208,4,0,0.19592858670149182
20209,5,0,0.5311957439409066
20210,1,0,0.27812449604580003
20211,5,0,0.17960965292482653
20212,3,0,0.07999793124430168
20213,4,0,0.11215762890017983
20214,3,1,0.16543942642116138
20215,4,0,0.13480901234263915
20216,1,1,0.4387944602780902
20217,2,0,0.0979763853840202
20218,5,0,0.03761927709493675
20219,3,1,0.3710147472475095
20220,5,0,0.05639212941701187
20221,1,0,0.0866177298085106
20222,3,0,0.10566423469554949
20223,2,0,0.6859426380545347
20224,1,0,0.10359886870773831
20225,1,0,0.10453615321623701
20226,5,0,0.14758664588688017
20227,3,0,0.2310846649184318
20228,1,0,0.1211820199621009
20229,5,1,0.7591050679495794
20230,2,1,0.15003143246546335
20231,2,0,0.09330419306315972
20232,1,0,0.13584081994250252
20233,3,0,0.1760215278241213
20234,1,0,0.1260080075943852
20235,4,0,0.10046817484562329
20236,5,0,0.39228819325289943
20237,5,0,0.17009964523829554
20238,5,0,0.19797412258454014
20239,2,0,0.08784849776399722
20240,4,0,0.13585100980169135
20241,5,1,0.37038969762567714
20242,2,0,0.11636130782411673
20243,5,0,0.33512477576849115
20244,2,0,0.12385304608343979
20245,3,1,0.6256007750487874
20246,1,1,0.4865120865174669
20247,4,1,0.7555373217801883
20248,4,0,0.09013422748299017
20249,2,1,0.6629283957622338
20250,1,0,0.11516344966805968
20251,4,1,0.22512201358158804
20252,2,0,0.2637135245992297
20253,2,0,0.15722302550667094
20254,5,0,0.06032738817325329
20255,4,0,0.08900366748648575
20256,4,0,0.11231203752995683
20257,1,0,0.1663207014845398
20258,1,1,0.739673100940651
20259,5,0,0.05450465068503434
20260,2,1,0.21944969565776504
20261,5,0,0.18717297503530617
20262,4,0,0.09979717335227214
20263,3,1,0.10719822283240953
20264,5,0,0.11757503645237576
20265,4,1,0.15730307298571197
20266,4,0,0.08984598808460684
20267,3,0,0.16617133238502751
20268,3,1,0.45899381195600625
20269,2,0,0.08897778662218994
20270,5,0,0.339768996004037
20271,3,0,0.13529570930002532
20272,4,0,0.1673749421051625
20273,2,0,0.21493847214803524
20274,4,0,0.09267136930434554
20275,1,1,0.1384101217777681
20276,4,0,0.10243477582624178
20277,2,0,0.15128668532913717
20278,2,0,0.1482322556347413
20279,4,1,0.22453592146511497
20280,3,0,0.15894601236744013
20281,4,1,0.6808965553191786
20282,5,0,0.1376533932432051
20283,2,0,0.10723708863461211
20284,3,0,0.3858245973034337
20285,1,0,0.12138479149415135
20286,4,0,0.1557212989353197
20287,4,0,0.09318885812510168
20288,1,0,0.08709585020601923
20289,1,0,0.166462610412229
20290,4,0,0.2245837045268222
20291,1,0,0.14378784037668413
20292,5,0,0.23467549225164916
20293,3,0,0.11069632575174385
20294,5,0,0.11012179387835132
20295,3,0,0.5772692364709375
20296,2,0,0.10966389024083316
20297,4,0,0.09143089926828356
20298,4,0,0.35171351122257705
20299,3,0,0.14393666786223958
20300,1,0,0.34549568471279346
20301,1,0,0.1385556852362342
20302,1,1,0.16238900361198477
20303,1,1,0.7569777769698608
20304,1,0,0.18904884802370744
20305,3,0,0.7081104949689216
20306,3,0,0.21453238137488517
20307,3,1,0.4072447094409967
20308,2,1,0.6833386059638794
20309,4,0,0.08959781566905124
20310,1,0,0.1943397276585587
20311,1,0,0.20047163293265294
20312,2,1,0.3572578385928114
20313,2,0,0.09150270615435271
20314,5,0,0.08391647354061556
20315,2,1,0.6889541791744113
20316,1,0,0.2936156455678123
20317,3,0,0.1734867780205979
20318,5,0,0.21977689837478342
20319,4,1,0.21317619701069768
20320,3,1,0.10588731793012852
20321,1,0,0.21338604367207223
20322,2,1,0.7444424563758991
20323,5,1,0.24996019786104817
20324,3,0,0.1287629758057344
20325,2,1,0.17668489611999594
20326,4,0,0.09494451599911259
20327,1,0,0.08883234630023883
20328,1,0,0.10760168673271397
20329,4,1,0.16630886421109253
20330,3,0,0.11859364455463767
20331,4,0,0.10157082652889865
20332,1,0,0.10488468201988906
20333,2,0,0.08830119312957177
20334,4,0,0.14506101283394932
20335,4,0,0.17640829968094845
20336,3,0,0.07301502808519342
20337,1,0,0.13892641891813257
20338,4,1,0.08981650572118506
20339,5,0,0.12527404316102714
20340,3,1,0.14767707450529058
20341,3,1,0.23565583081202074
20342,1,1,0.19703022709070864
20343,2,0,0.365224908495303
20344,1,0,0.10282945803955723
20345,5,0,0.11846002078624936
20346,5,0,0.24428955386295698
20347,4,0,0.0927532527239365
20348,4,0,0.1666254272657721
20349,3,0,0.07621795569028851
20350,5,0,0.045659304308787105
20351,3,0,0.7377254252847895
20352,2,0,0.13212876997585374
20353,2,0,0.13176955681097274
20354,3,0,0.14124836923253983
20355,4,1,0.3148441402513058
20356,4,0,0.42444819591596444
20357,1,0,0.10398910341609599
20358,5,0,0.14391321031977955
20359,3,0,0.1022635301555242
20360,5,0,0.7598662883517875
20361,1,0,0.20020819768814896
20362,1,0,0.13626114614200083
20363,3,0,0.3253407330174047
20364,3,0,0.3006908994052492
20365,4,1,0.09296404161504282
20366,4,1,0.6624869709817056
20367,2,1,0.36457714009610936
20368,4,0,0.13285188032927134
20369,1,0,0.09599512066481218
20370,4,1,0.25942890910062755
20371,3,1,0.2648606824772411
20372,2,1,0.7013028397679192
20373,5,1,0.11817393228813253
20374,2,1,0.2566934490453838
20375,3,0,0.24219430976093226
20376,5,0,0.1899953212947857
20377,1,1,0.47752186197972524
20378,5,0,0.09647477020570379
20379,2,0,0.08918663518354207
20380,5,1,0.7112814854776546
20381,3,0,0.21502854530044
20382,3,1,0.5595452706616874
20383,5,0,0.21019780355099568
20384,1,0,0.16601837544288373
20385,3,0,0.3173114455210882
20386,4,0,0.09082218174773402
20387,5,1,0.5382460316283479
20388,5,0,0.08952583770722328
20389,1,0,0.20606550230579843
20390,3,0,0.659601482716511
20391,2,0,0.09673969323743062
20392,3,1,0.14299228604051323
20393,2,0,0.7427423035456576
20394,3,0,0.8576947492751625
20395,3,0,0.06042477388878982
20396,1,0,0.18090918448653434
20397,1,0,0.1192294764431824
20398,5,0,0.339352116834304
20399,1,0,0.09503831124850277
20400,4,1,0.28144987663692167
20401,4,0,0.0908180601772266
20402,4,0,0.1442146454721216
20403,3,0,0.07510157954120562
20404,5,0,0.04687588598037327
20405,2,0,0.0900486154487425
20406,3,0,0.07049084119699366
20407,1,0,0.12461694427580482
20408,2,0,0.25894790148387153
20409,5,0,0.21729402418459837
20410,4,0,0.21862082217688192
20411,2,0,0.09106844043727788
20412,4,0,0.10223774097815105
20413,5,1,0.14422534510569995
20414,3,0,0.1416433266247444
20415,1,0,0.18347352829879107
20416,5,0,0.1408023190097507
20417,2,0,0.23014206721246272
20418,1,0,0.36193411683706855
20419,4,0,0.130839876727664
20420,2,0,0.2715219550041811
20421,4,0,0.7206078558078025
20422,2,1,0.740079441862668
20423,5,0,0.13702683236935503
20424,1,1,0.10348704015174874
20425,3,0,0.7816802113239805
20426,1,1,0.4605755778586542
20427,3,0,0.0895640369775212
20428,5,0,0.14879446478822367
20429,2,0,0.10732270714185353
20430,1,0,0.2634527215940682
20431,1,0,0.10319258287641268
20432,2,0,0.08836123229182657
20433,2,1,0.268659988466436
20434,2,0,0.12834779310622269
20435,5,1,0.5796875322874365
20436,4,0,0.0903271780732426
20437,2,0,0.4487372653081882
20438,3,1,0.17369096183686722
20439,1,1,0.0865584748846084
20440,1,0,0.09312089079968
20441,4,1,0.14159982731701695
20442,2,0,0.23158157243866737
20443,4,0,0.10887609905580865
20444,1,0,0.16145175390861394
20445,5,1,0.47769589002067697
20446,3,1,0.7186587165677014
20447,3,0,0.10114663937506167
20448,4,0,0.12504903656690938
20449,3,0,0.1334596498286708
20450,2,0,0.13270174857284162
20451,2,0,0.08924275302293222
20452,4,0,0.6632530918364854
20453,3,0,0.09388320106445204
20454,3,0,0.3153682000184704
20455,3,0,0.0629059421062259
20456,4,1,0.44879815048450966
20457,3,0,0.1685872520568643
20458,2,0,0.1769476293640215
20459,2,0,0.0963754089669484
20460,4,0,0.13249728602156377
20461,3,1,0.15013777986042928
20462,4,1,0.3707865933235965
20463,1,0,0.2342813726698907
20464,1,0,0.2694820315309958
20465,3,0,0.11697015040027496
20466,5,0,0.06340002837069188
20467,5,0,0.6662515866955439
20468,5,1,0.7419571265214542
20469,3,0,0.12680106095026283
20470,1,0,0.08518470437315824
20471,2,1,0.7369721060535239
20472,2,0,0.48764711041527303
20473,5,0,0.16429211296417986
20474,1,0,0.2048408969536248
20475,2,1,0.09526533738140089
20476,4,0,0.10514238802504257
20477,5,1,0.6547844980410891
20478,3,1,0.6114297127861501
20479,5,0,0.12897023115410922
20480,3,1,0.7822644378943121
20481,4,1,0.12766756684561698
20482,4,1,0.28195480266458756
20483,4,0,0.08857269119500273
20484,3,0,0.06923178746809402
20485,1,1,0.13305278077519386
20486,1,0,0.15750594755416866
20487,4,0,0.1444436379038194
20488,1,0,0.13612529547643779
20489,1,1,0.18004472715067424
20490,5,1,0.3113540696746113
20491,5,0,0.6586268412965256
20492,2,0,0.1127137297238185
20493,3,0,0.06265600324394131
20494,1,0,0.17613975307179788
20495,3,0,0.0647722821783139
20496,4,0,0.10719742896523948
20497,4,0,0.1524663864100241
20498,4,0,0.29089322388573763
20499,4,0,0.08900816117621713
20500,4,0,0.43083233600792203
20501,5,0,0.11199108092114737
20502,5,0,0.1162809975642822
20503,1,0,0.11231781894303666
20504,1,0,0.10010793975924677
20505,1,0,0.16202683915514793
20506,4,1,0.6949523353919499
20507,3,0,0.2743788442907154
20508,5,0,0.09457363489301296
20509,3,1,0.21432808536573897
20510,5,0,0.07119319373528527
20511,5,0,0.4952827727530688
20512,1,0,0.13379561336176696
20513,4,0,0.14763130033331218
20514,2,0,0.168123684407249
20515,4,1,0.7841817701885497
20516,3,0,0.08548107355051728
20517,4,1,0.15861303764703877
20518,2,0,0.08949002749374772
20519,5,0,0.06941404513037232
20520,1,0,0.1580162922678663
20521,2,1,0.6064866938424738
20522,3,0,0.2640946000969418
20523,4,1,0.4583974689975603
20524,3,0,0.09611462870730852
20525,2,0,0.08813777928696225
20526,1,0,0.08927124840992201
20527,4,0,0.10772148318142337
20528,3,0,0.23084759711549196
20529,1,1,0.27871928888731173
20530,4,1,0.09451286983435155
20531,5,0,0.1914916981923957
20532,4,0,0.23528835926636965
20533,2,1,0.4165288564525099
20534,1,0,0.6956528121544446
20535,1,0,0.0918988856981501
20536,5,0,0.06680177278944223
20537,5,0,0.024812123122942824
20538,4,0,0.09109111073075389
20539,4,1,0.761448932304475
20540,5,0,0.1311306364877461
20541,1,0,0.10809433838933014
20542,1,0,0.11851133754620413
20543,1,0,0.24634110382101185
20544,2,0,0.36353233840943233
20545,1,1,0.08621648848927989
20546,2,0,0.08829339570933564
20547,1,1,0.6185969747147907
20548,1,0,0.09411470979408562
20549,5,0,0.1235418389126155
20550,1,0,0.09023363702945648
20551,2,1,0.6678146465266408
20552,1,0,0.13130919335755173
20553,5,1,0.662603250475906
20554,4,1,0.1476058852998293
20555,1,0,0.10013155256629212
20556,3,0,0.0852573092861272
20557,4,0,0.2726266865208323
20558,3,1,0.1312724165047256
20559,1,0,0.09139269413227584
20560,5,1,0.8107432673105073
20561,4,0,0.11028669339759879
20562,5,1,0.5207764242764487
20563,4,1,0.4462912039778845
20564,4,0,0.0906624704705908
20565,3,0,0.4022621510756239
20566,2,0,0.09841322682334154
20567,5,0,0.11360952243221341
20568,3,0,0.34338185474501176
20569,1,0,0.4413747701602871
20570,1,0,0.08925898915451244
20571,5,0,0.1822882310720654
20572,5,0,0.15278014487746355
20573,1,1,0.1624806342471193
20574,1,0,0.13380709136849367
20575,4,0,0.1331363036525477
20576,3,0,0.09818963170281675
20577,2,1,0.18910569128404822
20578,1,0,0.09043042426157118
20579,2,0,0.21174009263008742
20580,2,0,0.13385917056881041
20581,5,0,0.10131705214572855
20582,5,0,0.0928163813880881
20583,5,1,0.14464101513285058
20584,2,0,0.10676859508114371
20585,1,1,0.21818555134842357
20586,2,0,0.12491927177791963
20587,3,0,0.2588521574936522
20588,4,0,0.7706116454366826
20589,2,0,0.1553695333559096
20590,3,0,0.29473257360420463
20591,2,0,0.08800781274767823
20592,5,0,0.054301790215337035
20593,5,0,0.2250477773469197
20594,4,1,0.1722018192120496
20595,3,0,0.16465569869265198
20596,4,1,0.12240830934500117
20597,5,0,0.17826087181799974
20598,1,0,0.16159437288810005
20599,1,0,0.09640949027502116
20600,1,0,0.08584503785064251
20601,5,1,0.15322542544599096
20602,4,0,0.16621391552165482
20603,4,0,0.10425374158188361
20604,2,0,0.31708358440676615
20605,3,1,0.19636524244917636
20606,4,0,0.14439964423303578
20607,2,0,0.08798206306798885
20608,2,0,0.14133165835755418
20609,5,0,0.1077247558503047
20610,5,1,0.6954368494307082
20611,4,1,0.6679144089406045
20612,2,0,0.1432951185008266
20613,1,0,0.1363282036307988
20614,4,0,0.14531048482038977
20615,2,1,0.34390084508761326
20616,2,1,0.5611469190185638
20617,1,0,0.08663346940105116
20618,4,0,0.09605561885872586
20619,4,0,0.10712667304992794
20620,3,0,0.09098690840350632
20621,5,0,0.09925798908045173
20622,5,0,0.10935412455178373
20623,1,0,0.15399385828928036
20624,4,0,0.11926136150796952
20625,3,0,0.618913270967519
20626,2,1,0.3391111774219962
20627,3,0,0.18290239214352902
20628,5,0,0.167336251519647
20629,4,0,0.10009862451580515
20630,2,0,0.0927930577350123
20631,4,0,0.16623577600150352
20632,3,0,0.07469979708584344
20633,4,0,0.11806960890148817
20634,5,0,0.16136414009891858
20635,3,0,0.2886067434973886
20636,1,0,0.17295250970931056
20637,1,0,0.1662470340358336
20638,5,1,0.1293560196548691
20639,1,0,0.08798266923558665
20640,2,0,0.15389923398820549
20641,5,1,0.47377536880343224
20642,2,0,0.08790840487960286
20643,2,0,0.12470888419127284
20644,2,0,0.2839364825290463
20645,4,0,0.23165824899805365
20646,4,0,0.15039672541903393
20647,1,0,0.12515901929989254
20648,3,0,0.3504883014712819
20649,5,0,0.07453679513433044
20650,1,0,0.13739072819907613
20651,2,0,0.15345318442913009
20652,4,0,0.10767392783481487
20653,5,0,0.07673067914609062
20654,1,0,0.14173054467647672
20655,3,0,0.300605306612068
20656,1,1,0.28113804219440125
20657,2,1,0.38959607670606156
20658,1,0,0.15597262954193386
20659,5,0,0.5953408883889052
20660,5,0,0.22668126841613725
20661,5,0,0.045277273195011944
20662,1,1,0.6953408775360322
20663,3,0,0.3282891415829477
20664,3,0,0.3100643165145781
20665,2,0,0.1487716026943595
20666,1,0,0.11072413339314045
20667,2,0,0.15079845479001733
20668,5,0,0.06554246501176442
20669,4,0,0.11021176781402633
20670,2,0,0.14522020880840403
20671,1,0,0.087755557494008
20672,2,0,0.22900768084562526
20673,2,1,0.5853178151181034
20674,2,0,0.10631155757359145
20675,5,0,0.08539899329842907
20676,5,1,0.13622010135524398
20677,2,0,0.5304437142837566
20678,1,0,0.12620620854873965
20679,5,1,0.16612637047193185
20680,5,0,0.04040937409272159
20681,5,1,0.17604583339727012
20682,4,0,0.09803628535780007
20683,3,0,0.2905126842869126
20684,4,1,0.7583853975822565
20685,5,1,0.264974095126621
20686,4,0,0.3494427023008593
20687,5,0,0.08427069941211396
20688,4,1,0.10724180524771613
20689,2,0,0.15527052702212493
20690,5,0,0.02591470961874044
20691,1,0,0.1331313518705327
20692,5,0,0.13107658764126096
20693,2,0,0.13642701733786866
20694,1,1,0.1660988037521658
20695,4,1,0.2826988047338854
20696,5,1,0.24749914207960869
20697,4,0,0.2651544162475559
20698,4,1,0.7823901045484153
20699,4,1,0.6907670529274744
20700,4,0,0.08979381784084624
20701,2,0,0.12325971219446907
20702,1,0,0.09474053764277983
20703,2,1,0.6509978989918924
20704,5,1,0.12315801991253536
20705,5,0,0.023809329043124224
20706,3,1,0.3689630903142506
20707,4,1,0.6888752855795937
20708,5,0,0.09679502948490908
20709,5,1,0.14504407772121936
20710,5,0,0.1300392149045976
20711,2,0,0.3873265496340139
20712,4,1,0.10628468596157264
20713,3,0,0.05367705476834299
20714,4,0,0.11207461132664803
20715,4,0,0.08862663122324653
20716,2,1,0.12207793284718318
20717,4,0,0.14791347863372395
20718,2,1,0.12004149996257507
20719,3,0,0.11218028438790828
20720,4,0,0.10546373630698593
20721,4,0,0.4947967898784567
20722,4,0,0.11189497433951423
20723,1,0,0.08522730185225406
20724,5,0,0.31427579531409
20725,2,1,0.7191158110744414
20726,3,0,0.14627273779286679
20727,4,1,0.7654094454310358
20728,1,0,0.38848409632959074
20729,4,1,0.0905034472837073
20730,1,1,0.5410913574956036
20731,2,0,0.12810305499010624
20732,5,0,0.24572602340413557
20733,1,0,0.11527315791060751
20734,5,1,0.11968343973625163
20735,5,0,0.10527372470541453
20736,4,1,0.1446647593651478
20737,4,1,0.3358039941804395
20738,2,0,0.21673282394768506
20739,2,0,0.35733294177420155
20740,2,1,0.6527973117181192
20741,2,0,0.09230709466471283
20742,2,1,0.21988685513613987
20743,3,1,0.3677899034884291
20744,1,0,0.09326879913249023
20745,1,0,0.1025112964147782
20746,4,0,0.2916986682005362
20747,4,1,0.1794134618390588
20748,1,0,0.20677681026032144
20749,3,0,0.07701463676776243
20750,1,0,0.08646296685339236
20751,2,1,0.7289519059278176
20752,5,0,0.19758176771636426
20753,5,0,0.07353327887025009
20754,5,1,0.7374404116220461
20755,2,0,0.3366911908738112
20756,4,0,0.1520937371392574
20757,2,0,0.08792215595238322
20758,1,0,0.08735200309520604
20759,5,0,0.20556169913832217
20760,3,0,0.08228588434083546
20761,2,0,0.16329857542867096
20762,5,0,0.07326287269259393
20763,4,0,0.09329581874416763
20764,1,0,0.09842097897109817
20765,1,0,0.15797321605179104
20766,2,0,0.287376444193507
20767,3,1,0.47704512877173055
20768,1,0,0.24692152095124867
20769,3,1,0.26624574465507206
20770,3,1,0.14347513662559297
20771,4,0,0.14787006933174462
20772,2,0,0.10571037399219854
20773,5,0,0.07575918778511694
20774,2,0,0.1823152738440951
20775,4,0,0.11482839792857838
20776,2,0,0.16389554122879835
20777,1,0,0.08605075039760687
20778,3,0,0.06044184078417808
20779,5,0,0.07444573116130847
20780,1,0,0.08514130296486239
20781,1,1,0.47801833127068866
20782,3,0,0.04734055446486892
20783,4,1,0.1527405684774188
20784,1,1,0.28546153438397287
20785,4,1,0.1445649659124638
20786,1,1,0.10668146634284627
20787,5,0,0.0699127360338062
20788,2,0,0.2115331703021038
20789,2,0,0.08837574931712387
20790,2,0,0.1641179292162718
20791,5,0,0.11377911152808103
20792,4,0,0.4353864630118984
20793,2,0,0.09232649165659278
20794,1,0,0.09962142864330731
20795,2,1,0.6910673134401202
20796,5,1,0.2361566698633486
20797,2,0,0.1585208886917185
20798,3,1,0.06920676322768507
20799,3,0,0.07348102205477595
20800,4,0,0.1641909312252815
20801,2,1,0.7301779628237549
20802,4,0,0.12714303191244392
20803,2,1,0.12908043129516508
20804,1,0,0.10110336612530085
20805,2,1,0.08784849776399722
20806,3,0,0.21810093440139391
20807,3,0,0.20649569179844654
20808,1,1,0.17567791150555517
20809,3,1,0.7383855645298136
20810,4,0,0.08954878683091627
20811,3,0,0.07351979077843637
20812,4,0,0.7280395860226987
20813,1,0,0.19500813707281126
20814,4,0,0.1317938003016757
20815,3,0,0.0931234074744967
20816,2,0,0.10699081696255901
20817,3,0,0.05311078326668054
20818,4,0,0.09367520344828978
20819,5,0,0.08763985044751166
20820,4,1,0.14564282774314444
20821,2,0,0.17626109712632226
20822,3,0,0.2707078736965207
20823,4,0,0.1354797230855982
20824,2,1,0.22184525469761723
20825,1,0,0.1050903440813262
20826,1,0,0.1413616800152367
20827,2,0,0.11444268123772254
20828,2,0,0.11977797570659461
20829,3,0,0.12875788691151438
20830,5,0,0.08905469757634328
20831,5,0,0.12448040420155462
20832,4,0,0.12990366914263277
20833,4,1,0.7054843352303761
20834,3,0,0.07175691450949004
20835,1,0,0.09492371759586826
20836,1,0,0.08695211935895132
20837,1,0,0.13079927868727886
20838,1,1,0.4199569684498827
20839,1,0,0.10059810460234837
20840,2,1,0.7336226038189494
20841,4,0,0.09794020021250115
20842,5,0,0.09090864394973192
20843,3,0,0.1384382166222376
20844,2,1,0.09267133108842819
20845,4,0,0.10610332737890575
20846,2,0,0.15392400748812085
20847,1,0,0.14740210813019197
20848,2,1,0.5152826845858538
20849,4,0,0.10888927980844336
20850,3,0,0.24839608021408735
20851,1,0,0.1555554461470859
20852,1,0,0.08757643630537786
20853,5,1,0.1736585696315138
20854,4,0,0.16560628977519956
20855,4,0,0.12673571318842267
20856,2,0,0.138321286504235
20857,4,0,0.18707712672782803
20858,4,0,0.14700730996443118
20859,5,0,0.09268221702206275
20860,3,0,0.07501750000301066
20861,4,0,0.0896207118083901
20862,4,0,0.08869032859303404
20863,1,0,0.20470120686408402
20864,2,1,0.6851739222491725
20865,3,1,0.16220963513301592
20866,2,0,0.09085552117474532
20867,4,0,0.1010643077655518
20868,3,0,0.31542006645529613
20869,3,1,0.14031037419353587
20870,5,0,0.4121126696987171
20871,3,0,0.45245143895877743
20872,5,0,0.0787009833429604
20873,4,0,0.09869311268976269
20874,2,0,0.1508419272772641
20875,4,0,0.1740756594493529
20876,5,1,0.06255974582572132
20877,2,0,0.09371705981713559
20878,3,0,0.3352675790954002
20879,1,0,0.13927573790276304
20880,5,0,0.08180246896775505
20881,1,0,0.09994615339972945
20882,2,0,0.09013180998966021
20883,2,1,0.1515235162507558
20884,4,0,0.4481234472286716
20885,1,1,0.5175796045031013
20886,4,0,0.11365886611363465
20887,3,0,0.2708208038646827
20888,2,1,0.6884888788632353
20889,3,1,0.5891525258848832
20890,1,0,0.27902151800753294
20891,2,0,0.1240504047848974
20892,3,1,0.30250319907632417
20893,3,0,0.14127696656638813
20894,3,0,0.16956328398908627
20895,4,1,0.2272476963938639
20896,5,0,0.1269419993077568
20897,4,0,0.16005684749645813
20898,5,1,0.08260815638880672
20899,1,0,0.14592008674015697
20900,2,0,0.08790853692625203
20901,1,0,0.21387954860627767
20902,2,0,0.13493784260086
20903,3,0,0.25053908945066466
20904,3,0,0.09572382707267509
20905,4,0,0.09231346314091878
20906,3,0,0.15943093782280987
20907,4,1,0.6055810617870353
20908,4,0,0.09668808669908292
20909,1,0,0.18819014316055135
20910,1,0,0.27568501789332933
20911,4,0,0.15822472858899322
20912,5,1,0.5044288398380992
20913,1,0,0.2504705215007498
20914,3,0,0.6672156211558319
20915,3,1,0.7929203831521772
20916,4,0,0.12614503506137711
20917,5,0,0.17464832184622278
20918,1,0,0.15844256417574684
20919,2,0,0.09958499156860891
20920,3,0,0.09102624426171868
20921,3,0,0.09851002151919708
20922,1,1,0.25607947660783126
20923,5,0,0.1507402336789672
20924,5,0,0.15973343951729577
20925,3,0,0.1472234667764914
20926,1,0,0.09933233506948157
20927,4,1,0.6748545367241132
20928,5,0,0.06270463357800055
20929,5,0,0.3262171871209451
20930,2,0,0.26906653271244696
20931,1,0,0.15091458305323494
20932,4,0,0.6810533821607572
20933,4,0,0.21018489650168537
20934,2,0,0.0941898949953535
20935,4,1,0.762024850330673
20936,5,0,0.1545017404125659
20937,5,0,0.04088305677161518
20938,3,1,0.7150750947300614
20939,5,0,0.0823127613001277
20940,4,0,0.11783814709542301
20941,5,1,0.21377895620239726
20942,4,0,0.1469743989688864
20943,5,0,0.0682795758717439
20944,3,0,0.3313350737956133
20945,5,0,0.11966438033138402
20946,1,0,0.09343972821420043
20947,3,0,0.06707999197466692
20948,3,0,0.110332621593684
20949,5,0,0.08093131886865332
20950,3,1,0.65919593486208
20951,4,0,0.08867273188618073
20952,5,0,0.14430129671566952
20953,4,0,0.6804692249893548
20954,4,0,0.14276674553263644
20955,5,0,0.08820644930523512
20956,4,0,0.15386898669472648
20957,5,0,0.15216168194851745
20958,4,0,0.08908572718611635
20959,2,0,0.13074761402414548
20960,3,0,0.05531865608712699
20961,1,0,0.11940287341223878
20962,1,0,0.10766663362480547
20963,5,1,0.7131459076116147
20964,4,1,0.19407851999908243
20965,3,0,0.07323185233946623
20966,5,0,0.07409281891676239
20967,1,0,0.08539306872984095
20968,4,0,0.1407992277610448
20969,1,0,0.28343363842460206
20970,5,1,0.23855154717418603
20971,1,0,0.18794847119899585
20972,3,0,0.14527934581215252
20973,2,0,0.18708803617314795
20974,2,0,0.14468738543618043
20975,1,0,0.13172566782017583
20976,4,0,0.08890548568887821
20977,5,0,0.11349676656820258
20978,1,1,0.42431450301955115
20979,2,1,0.2713250981857413
20980,4,0,0.10234947834974982
20981,4,0,0.1340879869992431
20982,4,0,0.12659864264474374
20983,3,0,0.14275155299082956
20984,5,0,0.5916386371611405
20985,2,0,0.11421310593995437
20986,4,0,0.09357822329578454
20987,5,0,0.08489540773362285
20988,3,0,0.06431276634941178
20989,2,1,0.1747863073280918
20990,5,1,0.09831541110434722
20991,2,0,0.12608588657594014
20992,3,0,0.048037438501926884
20993,3,0,0.15222225313411214
20994,2,0,0.16972737142799588
20995,3,0,0.17949749865656223
20996,1,0,0.09862262961857374
20997,5,0,0.16241328092779425
20998,3,0,0.17394106243575405
20999,2,1,0.4965044190879314
21000,2,0,0.10538984688748051
21001,2,0,0.08790840487960286
21002,3,1,0.3701035951529796
21003,1,0,0.09704898482887725
21004,5,1,0.7141626537239789
21005,3,1,0.8672770725166146
21006,4,1,0.28162421672689736
21007,5,0,0.13629508007191452
21008,5,0,0.09620438935340604
21009,4,0,0.1874232136492498
21010,2,0,0.21715691004219553
21011,4,0,0.12958118054783396
21012,3,1,0.15544067525206673
21013,2,0,0.7152151147085792
21014,2,1,0.49008824558214714
21015,1,0,0.6537770825262956
21016,5,0,0.2272522099866346
21017,3,0,0.1402908333116224
21018,5,0,0.12055260914671888
21019,4,1,0.32346928939739505
21020,5,0,0.04529600638490952
21021,4,0,0.1326286105511451
21022,2,0,0.7086802454422363
21023,2,0,0.08813777928696225
21024,3,1,0.7329037926024355
21025,4,0,0.14052280086480148
21026,4,0,0.7721242885165126
21027,5,0,0.14486505566427738
21028,3,0,0.30095713369622595
21029,2,0,0.2801281310426064
21030,1,0,0.0919953297010235
21031,5,1,0.409753188593281
21032,2,1,0.15820388005546548
21033,2,1,0.31797979752809225
21034,3,1,0.2603623694237978
21035,1,1,0.5065283998658318
21036,1,0,0.12309044423109115
21037,3,1,0.30781713803884886
21038,3,1,0.7936569974126689
21039,1,0,0.137490559942542
21040,2,0,0.08863016665984289
21041,5,0,0.0848346637861643
21042,5,0,0.06340584729569429
21043,3,1,0.15409182234439325
21044,2,0,0.09148676135095511
21045,3,0,0.11432750660696388
21046,4,0,0.09000058996845488
21047,2,1,0.13821498172670135
21048,5,1,0.4224676113666165
21049,5,0,0.1920180265836663
21050,4,1,0.15538678063319034
21051,3,1,0.7533276418117498
21052,5,0,0.2585291564206405
21053,3,0,0.046504937835623386
21054,4,0,0.17646887464697888
21055,3,0,0.06620188722817816
21056,2,0,0.14715158823421515
21057,2,0,0.12802044665727533
21058,4,0,0.08922179917351322
21059,1,0,0.1553942374548004
21060,4,1,0.7590473702030363
21061,3,0,0.1130871075904952
21062,3,0,0.1225488437607788
21063,2,1,0.7271116291819961
21064,2,0,0.2975260425861692
21065,5,0,0.14063129235289262
21066,1,1,0.5543695821354706
21067,2,0,0.13056817198040838
21068,5,0,0.0805403364852107
21069,1,0,0.13413216447173615
21070,1,0,0.14208202874871267
21071,3,0,0.4041203191962321
21072,5,0,0.38198018459726957
21073,2,0,0.09162818301835157
21074,1,0,0.1828421466455005
21075,4,0,0.09627348051116223
21076,3,1,0.3222605672504285
21077,3,0,0.07471701713487856
21078,3,0,0.8226018073729454
21079,2,1,0.740639538267255
21080,3,0,0.3254378268922088
21081,5,0,0.18545126055546854
21082,2,0,0.1762843425280273
21083,5,0,0.041965941559964366
21084,3,0,0.19644781172829504
21085,4,0,0.09826678609518115
21086,5,1,0.15488132617399297
21087,2,0,0.09113679936587388
21088,1,0,0.2670561760104574
21089,2,0,0.18389945461629187
21090,4,0,0.0888880542523138
21091,2,0,0.346077140419092
21092,2,1,0.7397440759608438
21093,4,0,0.12301607804912969
21094,3,0,0.06308925176563367
21095,1,0,0.286379609207735
21096,2,0,0.09159298577886238
21097,3,0,0.15738150903550963
21098,5,0,0.3572313491946959
21099,1,0,0.10280730030929808
21100,3,0,0.1435782326326265
21101,4,0,0.2242278863973519
21102,4,0,0.6778432143584966
21103,5,0,0.09943871766307485
21104,3,0,0.14784802754092116
21105,4,0,0.12896295613324799
21106,5,0,0.15440787438966122
21107,1,0,0.09043494417797919
21108,4,0,0.2749772100390344
21109,3,0,0.10641471799413009
21110,4,0,0.09470690361525232
21111,5,0,0.12486859721087165
21112,1,0,0.153609004311078
21113,2,1,0.6754661439044573
21114,2,0,0.08844444439003492
21115,3,0,0.05487403120880383
21116,5,0,0.16531731573211592
21117,5,0,0.18064381256962253
21118,5,0,0.0391851902951099
21119,3,0,0.2167740039387366
21120,5,1,0.30111217905256993
21121,1,0,0.09815875963126154
21122,5,0,0.5561813481161002
21123,1,0,0.14219598356894858
21124,5,1,0.552038498186833
21125,5,0,0.06723538137411965
21126,3,0,0.06940658817969837
21127,2,0,0.18447978388478153
21128,4,0,0.11551295063185295
21129,5,0,0.3532899974472558
21130,1,0,0.21533403190293687
21131,2,0,0.08804851348742931
21132,3,0,0.07412156973350688
21133,2,0,0.3082064170157997
21134,1,0,0.17332017786708592
21135,4,0,0.1959059724791501
21136,1,0,0.14162873092328643
21137,3,0,0.13588093434446327
21138,2,0,0.16576430450032786
21139,2,0,0.12606680463746495
21140,1,0,0.2121206338620427
21141,4,1,0.43384100736871783
21142,4,0,0.25134636271005695
21143,1,0,0.11407316845686376
21144,1,0,0.09912206759345753
21145,3,0,0.3488346727021576
21146,5,0,0.04829858343770556
21147,2,0,0.1751140271054151
21148,2,1,0.1031368952744747
21149,4,1,0.7518761032037694
21150,4,1,0.10402172309079674
21151,4,0,0.7789675233929083
21152,4,0,0.2812496651593626
21153,2,0,0.18786727542503406
21154,4,0,0.21339178841540749
21155,4,0,0.0986189111671584
21156,2,0,0.13419106636098396
21157,3,1,0.681012823622254
21158,1,0,0.17151567769169662
21159,3,0,0.0999187595480946
21160,2,0,0.08879826637197795
21161,5,0,0.2660465365038023
21162,3,0,0.13380839416482757
21163,1,0,0.11443693247318856
21164,1,1,0.1517402283330784
21165,5,0,0.17344048333284204
21166,2,0,0.1684180334166044
21167,1,0,0.228241224135832
21168,2,0,0.11744529993344742
21169,4,1,0.2810753250693869
21170,2,0,0.2285037165817284
21171,4,0,0.22786657258647625
21172,5,0,0.04118936041884239
21173,2,1,0.6916696059937674
21174,3,0,0.06276591336234191
21175,4,1,0.09735173385826025
21176,3,0,0.8606603293393266
21177,4,0,0.13825733042510002
21178,5,0,0.6144418453561566
21179,5,0,0.04796137253475539
21180,2,0,0.08810855264968412
21181,2,0,0.1385411844170839
21182,5,0,0.04769485249636142
21183,1,0,0.14888217632039077
21184,2,1,0.18568139661451494
21185,4,0,0.11680585016442933
21186,2,1,0.13366721213044072
21187,3,0,0.2714223776025771
21188,2,0,0.0886730084016886
21189,2,0,0.36088668267611856
21190,4,0,0.28459597075330084
21191,3,0,0.0762581003591507
21192,5,1,0.13685079920520513
21193,3,0,0.2739258127141385
21194,5,0,0.13222103854891426
21195,3,0,0.0817010530803915
21196,1,1,0.12458301452627445
21197,2,0,0.2733726716795063
21198,3,0,0.1588520567218715
21199,5,0,0.20163004463181855
21200,1,0,0.28635659066451946
21201,5,0,0.2646742937205221
21202,2,0,0.10917641563818073
21203,3,0,0.08790632578054476
21204,2,0,0.09973301585445314
21205,2,1,0.3673682801474523
21206,4,0,0.17217289312945683
21207,4,0,0.10363139473044877
21208,4,0,0.22074207746189128
21209,1,0,0.4205738076360598
21210,1,0,0.12237660791402265
21211,4,0,0.10512820908012233
21212,4,0,0.0911095122237445
21213,4,0,0.12961865395334451
21214,5,0,0.10089030314071543
21215,1,0,0.10352531143490765
21216,3,0,0.13772714315048065
21217,5,0,0.030110356766202225
21218,1,0,0.13753138184301456
21219,4,0,0.2872396418625576
21220,4,0,0.21206420581582572
21221,5,0,0.17512717328737037
21222,2,0,0.10451028041405389
21223,5,1,0.7935424987312645
21224,3,1,0.45911511757611073
21225,4,1,0.17565478323770825
21226,3,1,0.4828687173506761
21227,3,0,0.08719574678500328
21228,1,0,0.18386946913925128
21229,3,1,0.7497003943845929
21230,3,0,0.12903498972495817
21231,5,0,0.05280642844556444
21232,1,0,0.08991035811414784
21233,5,0,0.05705576769734505
21234,2,1,0.20077047391903297
21235,2,0,0.09847424986598359
21236,2,0,0.0923831214234672
21237,5,0,0.08784200872807364
21238,5,0,0.15586550047847597
21239,5,0,0.37435274545861985
21240,1,0,0.16915964100866013
21241,2,0,0.09658427282991623
21242,4,0,0.08990115017081811
21243,5,0,0.7331075434055511
21244,5,0,0.0675900503204943
21245,4,0,0.14570284295519662
21246,5,0,0.1256526768585014
21247,3,0,0.05745231963323632
21248,5,0,0.14908674904582944
21249,1,0,0.12087968501906349
21250,5,0,0.18696688837959893
21251,4,1,0.30858620742972687
21252,3,0,0.16968840772863805
21253,4,1,0.16668178543447498
21254,4,1,0.2059809012737283
21255,5,0,0.10617799112864483
21256,5,0,0.09232602125568001
21257,3,1,0.2068621579765262
21258,4,0,0.12023484022358286
21259,5,0,0.17218096307230463
21260,5,0,0.14868081795726124
21261,5,0,0.3471636669836391
21262,1,0,0.11969148448011763
21263,2,0,0.11601713364095087
21264,3,0,0.13485641387735478
21265,1,0,0.1301272070624431
21266,5,1,0.09658342586571067
21267,4,1,0.24064333098565965
21268,3,1,0.14134105675837852
21269,3,0,0.06258811865960485
21270,3,0,0.10800916254028602
21271,5,1,0.47616165882602485
21272,1,0,0.1450113029894837
21273,3,0,0.45169018105471165
21274,1,0,0.14511860137648502
21275,1,0,0.21088009789430773
21276,3,1,0.5626331172475597
21277,2,0,0.15442186349780307
21278,5,1,0.7838970193951708
21279,5,0,0.1814564199582803
21280,3,0,0.10706321006341181
21281,2,0,0.13057744751465578
21282,3,0,0.08657157273619155
21283,1,0,0.2372362402812325
21284,5,0,0.17077663872222315
21285,4,0,0.09009106223897807
21286,4,0,0.17887887126643529
21287,3,1,0.28718682174828297
21288,5,0,0.06405097351956614
21289,3,0,0.10730452903768957
21290,5,1,0.31587073411243155
21291,3,0,0.11227795248959792
21292,2,1,0.697799669380997
21293,2,0,0.09147072534838073
21294,3,0,0.08434655230866667
21295,4,0,0.09016851390083128
21296,4,0,0.18501580815163018
21297,5,1,0.0629334893001974
21298,3,0,0.06578463694372512
21299,3,0,0.2734582307178222
21300,4,1,0.7631841883166917
21301,1,0,0.6830436150813951
21302,1,0,0.14203499548324391
21303,5,1,0.4863400219473016
21304,5,0,0.27132370616981494
21305,1,1,0.3207044114952661
21306,1,1,0.14939563505163425
21307,5,0,0.2361135775698452
21308,5,0,0.10207758764283055
21309,3,0,0.7382704954442543
21310,5,0,0.05407018813479814
21311,1,0,0.20563115605880322
21312,3,0,0.061350603165317576
21313,5,1,0.5530143992541046
21314,3,0,0.4425869710881657
21315,5,0,0.16104515907796982
21316,2,0,0.08876990819596055
21317,1,0,0.08968029507870809
21318,2,1,0.12782806982909298
21319,2,0,0.25763468767078895
21320,3,0,0.16678496244875882
21321,4,0,0.10771545349779559
21322,4,0,0.11136757004226262
21323,1,0,0.13790467531190057
21324,3,0,0.07911445664727244
21325,3,0,0.08595532665783286
21326,2,1,0.12440089473467913
21327,1,0,0.10594922566396622
21328,4,0,0.1009307667553678
21329,4,0,0.14791038372904028
21330,4,1,0.17771714850357964
21331,5,0,0.05291309980013072
21332,1,0,0.10631272827265988
21333,1,0,0.12605983074652086
21334,4,1,0.19748073482418796
21335,4,0,0.16980156327199647
21336,4,0,0.7741112607526902
21337,3,0,0.18407940349311058
21338,1,0,0.0888060241689324
21339,5,0,0.14157060969406762
21340,5,1,0.6381505302438232
21341,5,1,0.58879648106829
21342,5,0,0.17407064115472867
21343,3,0,0.5377785765306062
21344,1,0,0.14035755568221325
21345,1,0,0.21308978479652205
21346,1,0,0.09254715808657807
21347,3,1,0.16965934217723544
21348,1,1,0.747564249959338
21349,3,0,0.04524700729862285
21350,2,0,0.09197419139397499
21351,5,1,0.16794216061922213
21352,2,0,0.16468465601963125
21353,5,0,0.1959907868423611
21354,3,0,0.14773142999419092
21355,5,0,0.2521612268528178
21356,3,0,0.24619312480306804
21357,5,1,0.189113579655766
21358,5,0,0.09558513998151939
21359,2,0,0.12207000037595951
21360,2,1,0.5200401423990015
21361,2,1,0.17423870908986458
21362,1,0,0.2778722940116247
21363,3,0,0.09177945408772654
21364,4,0,0.11150224124907641
21365,5,0,0.17470560733048204
21366,1,0,0.08849758115937868
21367,5,1,0.09065592416040162
21368,4,0,0.20061959846830688
21369,3,0,0.15162998769225572
21370,1,1,0.12680979422184296
21371,1,1,0.13930211857214742
21372,4,0,0.20473480366016547
21373,5,0,0.13426812874010527
21374,5,0,0.16397808024197405
21375,3,0,0.20449275302998324
21376,3,0,0.7061179137174151
21377,2,0,0.15298495244398427
21378,5,1,0.6506890884233828
21379,2,0,0.08862331357374523
21380,3,1,0.13404848023691018
21381,5,0,0.6310239316524617
21382,5,0,0.18367359949119064
21383,1,0,0.26336166426575286
21384,5,0,0.49237243440200046
21385,1,0,0.08631380703464878
21386,3,1,0.7048657080629676
21387,2,1,0.27922556566181567
21388,3,0,0.1862875779037365
21389,5,0,0.11650433396726136
21390,2,0,0.09035709472293747
21391,1,0,0.08644133325235921
21392,2,0,0.14882557561534404
21393,4,0,0.2583486277628326
21394,1,0,0.13437513787873948
21395,4,0,0.20914843975161193
21396,5,0,0.25518878873970596
21397,3,0,0.0838964720616556
21398,2,1,0.4058888984505609
21399,1,1,0.31321150773687223
21400,5,1,0.2265843160988932
21401,5,0,0.2652129581945009
21402,5,0,0.1662141557784548
21403,1,0,0.14257611047505633
21404,4,0,0.18094695733995445
21405,3,0,0.07462025720240155
21406,2,0,0.22875343955793298
21407,3,0,0.06687439127960722
21408,1,0,0.19569926624267642
21409,4,0,0.11368283890877097
21410,2,0,0.2285037165817284
21411,2,1,0.17018526991918503
21412,1,0,0.08691938332673767
21413,5,0,0.2964375603430951
21414,5,0,0.6418875626035034
21415,3,0,0.20555672832350477
21416,4,1,0.14839598569958043
21417,4,0,0.09304588263176748
21418,5,0,0.7417497474935577
21419,4,1,0.16877714330907193
21420,5,0,0.06315071549753931
21421,3,0,0.09100462160921606
21422,4,0,0.5204293184612069
21423,2,0,0.23731049217009426
21424,5,1,0.1247678945767411
21425,1,0,0.3281200587020348
21426,4,0,0.1717385568194186
21427,4,0,0.0958428357912281
21428,4,0,0.08874426862127784
21429,2,1,0.6895205576148433
21430,2,0,0.3896196855168554
21431,2,0,0.23883397037580603
21432,1,0,0.12374696266416556
21433,5,1,0.4322507379045785
21434,1,0,0.12465853779510042
21435,1,1,0.1459852505753663
21436,5,1,0.7165325521189804
21437,1,0,0.13955616343745497
21438,4,0,0.09597279682302212
21439,3,0,0.14254511470175737
21440,5,0,0.06859480939162607
21441,2,0,0.0906738762742322
21442,1,0,0.09517017582191636
21443,3,0,0.6549507830446837
21444,5,1,0.6360667757158599
21445,5,0,0.17898336209450497
21446,3,0,0.16862358196404417
21447,2,0,0.09103604502223978
21448,2,0,0.09411321397448007
21449,5,0,0.09754679265646529
21450,3,0,0.39807809773666025
21451,3,0,0.33516176176278256
21452,1,0,0.1806367542381086
21453,1,0,0.14861585069778097
21454,2,0,0.09019187649843047
21455,3,0,0.12342158239789766
21456,5,0,0.13580210609885993
21457,2,0,0.09785774805073161
21458,4,1,0.7231501875063546
21459,4,0,0.268748755925959
21460,1,1,0.170805163736476
21461,5,0,0.16362454202988871
21462,4,0,0.13413200211470752
21463,1,1,0.7534070147147184
21464,4,0,0.08940586509829439
21465,5,0,0.05191512907926766
21466,3,0,0.11680699856342758
21467,3,0,0.16831875142565966
21468,4,0,0.0927838985106095
21469,5,0,0.11465230718514255
21470,4,0,0.10645330494564494
21471,5,0,0.20039459705275955
21472,2,0,0.2697495521102858
21473,4,1,0.23407933335433126
21474,5,0,0.2059802655247379
21475,3,0,0.07294563993906694
21476,2,0,0.14215993213936443
21477,3,0,0.12463511655228224
21478,5,0,0.1816304490186923
21479,5,0,0.08566866100333836
21480,4,0,0.09081195285446608
21481,3,1,0.6127605361858931
21482,1,0,0.14266015793767428
21483,4,0,0.1031151597502868
21484,5,0,0.2607713762622486
21485,4,0,0.12265867010394724
21486,1,0,0.12895193531123506
21487,4,0,0.43085192759316837
21488,4,0,0.08957509734304797
21489,2,0,0.22513908232999663
21490,5,0,0.24699903763581393
21491,2,0,0.1066949112425352
21492,2,1,0.13774926993710374
21493,2,0,0.17474751082680545
21494,2,1,0.6660292727051627
21495,4,0,0.12905453979479736
21496,5,1,0.6821220164618479
21497,4,0,0.12318255177168366
21498,5,0,0.13218280265429172
21499,2,0,0.08996626984780302
21500,4,0,0.1002345004549134
21501,2,0,0.7028839988238139
21502,1,1,0.7587135545202378
21503,3,0,0.11332667705990206
21504,1,0,0.12161819531925225
21505,3,1,0.3974941437354579
21506,2,0,0.13824043020881638
21507,1,0,0.21478873667593004
21508,4,0,0.1048454241323679
21509,5,0,0.3033079482572812
21510,5,0,0.06106692861965322
21511,3,0,0.20576604305494545
21512,2,0,0.12432790011142411
21513,4,0,0.11650576279296175
21514,1,0,0.15533904416757685
21515,4,0,0.09375313677479244
21516,1,1,0.2778722940116247
21517,2,0,0.14808009808605696
21518,4,0,0.08875283429943603
21519,5,0,0.0505371209816614
21520,1,1,0.6915569264427963
21521,4,0,0.08853426912195632
21522,2,0,0.14908342314595308
21523,3,0,0.0857470603218379
21524,2,0,0.15393196885106683
21525,3,0,0.09770162063339773
21526,2,0,0.24562205283426966
21527,2,0,0.6560630048998859
21528,5,0,0.18822411149822665
21529,2,0,0.12423833226626961
21530,3,0,0.16832634960990275
21531,5,0,0.05912733225259436
21532,4,1,0.3393884149480697
21533,5,0,0.08283937146047829
21534,2,1,0.6969106621176199
21535,2,1,0.3841917487295212
21536,3,0,0.2680315219649918
21537,4,0,0.16157874158027413
21538,5,0,0.1147191944142118
21539,2,1,0.13159148820771155
21540,4,0,0.10222875848106726
21541,5,0,0.11858015364213738
21542,3,0,0.07178324333612326
21543,1,0,0.14231847879350815
21544,3,1,0.6758797135999746
21545,2,0,0.1400273264893364
21546,3,0,0.17134805824840865
21547,5,0,0.09390126502151404
21548,4,0,0.11331629863633064
21549,2,0,0.08790840487960286
21550,3,1,0.6986652690316757
21551,1,1,0.13301763845061634
21552,1,1,0.6851070312497635
21553,3,0,0.20466953806675525
21554,3,1,0.145459804845673
21555,5,0,0.029020871118695814
21556,5,0,0.09926362762861361
21557,1,1,0.5183197450129962
21558,3,0,0.07058309804260643
21559,2,0,0.17338145574680555
21560,1,0,0.10527415760576828
21561,2,0,0.3943845323917272
21562,3,1,0.7076471384044211
21563,1,0,0.1263625818802153
21564,1,0,0.08524701480380732
21565,1,0,0.16223420462593582
21566,5,0,0.12306420443759929
21567,5,0,0.04396989800009895
21568,2,0,0.2201078617113461
21569,2,1,0.7428064387275328
21570,1,0,0.14331925744188548
21571,2,0,0.15924413623141248
21572,1,1,0.763819970909279
21573,2,0,0.13373553357807624
21574,3,0,0.15100767118115246
21575,2,0,0.15789401108251963
21576,3,0,0.05154170624552091
21577,1,1,0.17201670259347002
21578,2,0,0.1373223902521864
21579,4,0,0.08875268147583266
21580,3,0,0.18912980438646915
21581,1,0,0.1372276567899782
21582,1,0,0.08560111497376692
21583,1,1,0.732492534916238
21584,4,0,0.14458164002337198
21585,5,0,0.07454757486429958
21586,3,1,0.4621017705607513
21587,5,0,0.2141856357497111
21588,4,0,0.08981825512130577
21589,2,0,0.13876798724694514
21590,2,1,0.12187693269871859
21591,3,0,0.21022057239490008
21592,1,1,0.5304553437906778
21593,4,1,0.15526346090412177
21594,3,0,0.08409298757333983
21595,3,0,0.09207762523750113
21596,2,0,0.26231101683249836
21597,2,0,0.2575814278665529
21598,2,0,0.0944993960123698
21599,1,0,0.14116187045167558
21600,3,0,0.2242390218905445
21601,2,0,0.23020725045846288
21602,3,0,0.16139269824889949
21603,1,0,0.08933722343675439
21604,4,0,0.15532662798873353
21605,1,0,0.09266988629352083
21606,2,0,0.0989551101118482
21607,3,0,0.04679555088192216
21608,2,1,0.2595600880220507
21609,5,1,0.7455400207961088
21610,1,1,0.7711611836618952
21611,5,0,0.15634235553069986
21612,5,1,0.20075432714740352
21613,2,0,0.3305743106574619
21614,4,0,0.09047975801551184
21615,5,0,0.1265064931736074
21616,5,0,0.2218303860737642
21617,1,0,0.274128645427951
21618,3,0,0.2419350941474628
21619,1,0,0.1369509080938849
21620,5,1,0.11992772705271931
21621,3,1,0.7261833064219442
21622,1,0,0.08743226149469448
21623,3,0,0.1673842255151349
21624,1,1,0.1598465124444898
21625,1,0,0.17358628302545306
21626,4,0,0.11844586135025315
21627,3,0,0.06751735356350459
21628,2,0,0.09008138745294889
21629,3,0,0.3914404616855409
21630,2,0,0.13868078874029713
21631,4,0,0.44439918077835805
21632,1,1,0.28111460602201205
21633,2,0,0.1710164003193851
21634,4,1,0.28195480266458756
21635,4,0,0.08993648901520632
21636,3,1,0.7457622267186007
21637,5,1,0.159183503023369
21638,3,1,0.6857340128889189
21639,2,0,0.11830970226432007
21640,2,0,0.19362478589090865
21641,3,0,0.0680136766717582
21642,1,1,0.38043022573331153
21643,1,1,0.3527997616466316
21644,3,1,0.17459281507474367
21645,4,0,0.13219085281118853
21646,2,0,0.15296147981494346
21647,1,1,0.19589067032028926
21648,5,0,0.08999005794022719
21649,1,1,0.25460260378256555
21650,2,0,0.20299609400217636
21651,2,0,0.12174135918258988
21652,4,0,0.3661196831632921
21653,5,1,0.3193216971968937
21654,5,0,0.20719082445975692
21655,1,0,0.12764192192952137
21656,1,0,0.08640033372199105
21657,1,1,0.6780219615376714
21658,3,0,0.1014689397209539
21659,4,0,0.10722003945048253
21660,4,0,0.16176195138799992
21661,4,0,0.08991614341353223
21662,3,1,0.1487491393806395
21663,3,0,0.4433853552702462
21664,4,1,0.7061614048995717
21665,2,0,0.1553731545008981
21666,4,0,0.13720338862164883
21667,2,0,0.13174620582076535
21668,1,0,0.11924351172636116
21669,5,0,0.18085265751643642
21670,5,0,0.19773974800858368
21671,2,0,0.13938057948509136
21672,1,0,0.15673627210083638
21673,3,0,0.2179289655927924
21674,5,0,0.09167928946214342
21675,4,0,0.15878864804148599
21676,5,1,0.14548518662831297
21677,3,1,0.5804315145042346
21678,3,0,0.16632442379020282
21679,2,0,0.4263823665653573
21680,2,0,0.10164836059362033
21681,3,0,0.18654760202279902
21682,3,1,0.23891778234856162
21683,5,0,0.11208001134090897
21684,2,0,0.09007079607297311
21685,1,1,0.7150190629870168
21686,5,0,0.20747211396172568
21687,2,0,0.08841737241953401
21688,2,0,0.08890800707371244
21689,2,0,0.1383342848760432
21690,5,0,0.10887158209175289
21691,4,0,0.09852897266050156
21692,3,0,0.23229150835561693
21693,5,1,0.14087440196708267
21694,3,0,0.1339539583415622
21695,3,0,0.307325468895611
21696,5,0,0.10196331278036588
21697,4,0,0.09716698721373465
21698,2,1,0.4197817424572611
21699,4,0,0.10757074428107626
21700,1,0,0.08507674925739686
21701,4,0,0.16406305441315922
21702,1,0,0.19284146348908185
21703,2,0,0.139943165777914
21704,2,0,0.1766356237053689
21705,2,0,0.08792215595238322
21706,3,0,0.12574207485077168
21707,4,1,0.11069610775940988
21708,2,1,0.688102274824997
21709,4,1,0.6673598198536217
21710,2,0,0.09490343910160716
21711,5,0,0.4473298440787587
21712,3,0,0.25037723800367995
21713,5,0,0.11044714574294037
21714,1,1,0.7677252131269052
21715,5,0,0.06547798610493302
21716,1,0,0.12963475986574008
21717,5,0,0.7945069693606731
21718,1,1,0.7154554909984312
21719,2,0,0.17306106957185988
21720,5,0,0.13216004039220094
21721,3,0,0.13176354851132083
21722,3,0,0.05146095181977096
21723,5,0,0.14219428991753236
21724,2,0,0.1195039886344774
21725,5,0,0.1357333165670772
21726,1,0,0.10440938937059718
21727,5,0,0.077980826888639
21728,3,0,0.17122944107891405
21729,5,0,0.031231673789200165
21730,2,0,0.09853617044332529
21731,2,0,0.1471564282256701
21732,1,0,0.10361263384614817
21733,4,1,0.26720327401559846
21734,4,1,0.14785676514037238
21735,5,0,0.3222293785454062
21736,5,0,0.2341037613007997
21737,3,0,0.1728346665350164
21738,1,1,0.08825277302901709
21739,2,0,0.12555991963307406
21740,3,0,0.056645645040982164
21741,4,0,0.09917747246335397
21742,3,1,0.3276938828166833
21743,1,0,0.17353042423317216
21744,1,0,0.12345939215507278
21745,1,0,0.11081798614361571
21746,5,0,0.06658726928359639
21747,5,0,0.588072134446588
21748,2,1,0.4982985159491658
21749,3,0,0.28001011600601033
21750,5,0,0.11555293942967344
21751,3,1,0.33947875292025637
21752,3,0,0.259109978262093
21753,4,0,0.3699640782211691
21754,1,1,0.6820529874561055
21755,4,0,0.2218280968714462
21756,5,0,0.7704120260129322
21757,4,0,0.08941163909850221
21758,3,0,0.1483679030382894
21759,3,1,0.07199574966318978
21760,2,0,0.13436567088879395
21761,3,0,0.16004127661776935
21762,2,0,0.12625708852058765
21763,4,0,0.1293629598219472
21764,5,0,0.04829067869019106
21765,3,0,0.07081725023766837
21766,5,0,0.2951906537454552
21767,1,0,0.13887718487728823
21768,4,0,0.09358979245143204
21769,2,0,0.09016529797059901
21770,3,1,0.08720842429670964
21771,5,0,0.13117710336328453
21772,3,1,0.29717801905733404
21773,1,0,0.11077580799154205
21774,3,0,0.24837953109459898
21775,5,0,0.18944603622426417
21776,5,1,0.14541392891997354
21777,1,0,0.27550037485762036
21778,2,0,0.176886807915035
21779,5,0,0.16668305961565485
21780,2,0,0.26909410876529105
21781,5,0,0.1748177786117029
21782,5,1,0.6890165578499734
21783,5,0,0.05562441123625195
21784,2,1,0.3295858761949535
21785,4,0,0.19133464660589608
21786,3,0,0.04885000404106506
21787,4,0,0.09514304884644503
21788,4,0,0.13335032093436425
21789,4,0,0.6945298802322262
21790,5,0,0.14099744401932163
21791,4,1,0.7293788380980614
21792,2,0,0.09381402961729234
21793,3,0,0.15374223245583968
21794,1,0,0.09694653632350707
21795,5,0,0.19341578184402208
21796,2,1,0.3616798520726623
21797,4,0,0.12418370956691037
21798,2,0,0.11376080579301064
21799,1,1,0.25607947660783126
21800,4,0,0.10363362988611957
21801,5,0,0.1496238877111287
21802,2,0,0.23882708850593273
21803,2,0,0.22704352960851606
21804,2,1,0.12485432237609155
21805,3,0,0.14859044363675344
21806,3,0,0.14977210935604418
21807,1,0,0.29356312874743723
21808,5,1,0.11602537516690037
21809,5,0,0.09298077037608155
21810,1,0,0.15961232719770027
21811,4,0,0.11142535690257402
21812,3,0,0.0885734080561216
21813,5,0,0.17124911388247993
21814,2,1,0.3245262609972807
21815,5,0,0.12011723304942208
21816,5,0,0.17789609574746434
21817,3,0,0.09316522964227514
21818,1,0,0.11352318200620876
21819,5,0,0.09792102958130912
21820,2,0,0.08956015803727842
21821,5,0,0.1446751723546059
21822,1,0,0.1694780469653938
21823,2,0,0.24109987390528204
21824,1,0,0.2209746977529627
21825,2,0,0.08949002749374772
21826,4,0,0.14226424861834
21827,1,0,0.14598009526038322
21828,1,0,0.6469886622712816
21829,5,0,0.5728100352689638
21830,3,0,0.39099540710869646
21831,2,1,0.18224286205344892
21832,2,0,0.10642276742628524
21833,3,0,0.16928157723633788
21834,2,1,0.7212596673912576
21835,4,1,0.22771823562598234
21836,5,0,0.13428550912399365
21837,2,0,0.13950009640398364
21838,3,1,0.17434530167902776
21839,5,0,0.16534290957590111
21840,1,0,0.12472298868529619
21841,5,0,0.2123389776072087
21842,5,0,0.1656033927048064
21843,4,1,0.4370150532659046
21844,4,0,0.6696533264648793
21845,3,0,0.1604069811584745
21846,2,0,0.09155913028901617
21847,3,0,0.06369633786151471
21848,1,0,0.1289257255540597
21849,1,1,0.68761756001483
21850,4,0,0.09616795175089751
21851,3,1,0.7760623673011225
21852,3,0,0.10047711341600381
21853,2,0,0.10170653754201235
21854,3,0,0.07336053170458395
21855,5,0,0.18378898195251134
21856,1,0,0.1105073905228828
21857,2,0,0.11614337637794742
21858,5,0,0.1718457861952944
21859,4,0,0.5464969129903537
21860,5,0,0.17846903462829491
21861,1,0,0.09511397962517312
21862,1,0,0.39216257428957135
21863,4,1,0.20486507891522784
21864,3,0,0.06760595955731094
21865,4,0,0.22690817964427804
21866,4,0,0.1378336662240755
21867,1,1,0.22181480061048678
21868,3,0,0.5614376710663913
21869,5,0,0.13209439261049283
21870,4,0,0.19305997843492012
21871,2,0,0.1283493859379805
21872,3,0,0.0971112578974575
21873,1,0,0.1682071857180721
21874,2,1,0.2791512344523192
21875,2,0,0.29899153023586267
21876,2,0,0.08850151720087936
21877,4,0,0.1385343661048388
21878,4,0,0.6815044241675736
21879,2,0,0.17855862109534945
21880,5,0,0.1264501863473683
21881,4,0,0.17944670355499448
21882,4,0,0.21070868951320845
21883,5,1,0.654749370099259
21884,4,0,0.14767865789884407
21885,2,0,0.08813777928696225
21886,3,0,0.15914362674749377
21887,2,0,0.1443554828605627
21888,2,0,0.09669115791395852
21889,5,0,0.6450221780221573
21890,1,0,0.1360602677679383
21891,5,0,0.12255849151462775
21892,4,0,0.2246559288595214
21893,5,0,0.15528618623224316
21894,3,0,0.06772156211595677
21895,3,0,0.12415629538584771
21896,4,1,0.6708986207948721
21897,4,0,0.10807387346265074
21898,4,0,0.2797850836580773
21899,4,0,0.15358710723391455
21900,5,0,0.1490133928377959
21901,2,1,0.1760936085943001
21902,1,0,0.13319189270694984
21903,2,0,0.09464036725225491
21904,1,0,0.16319636360419193
21905,3,0,0.13798118783210608
21906,1,0,0.14817478650190458
21907,2,1,0.6712336590349118
21908,2,1,0.15347244213725178
21909,2,0,0.1802426275921634
21910,3,0,0.06969314053348816
21911,4,0,0.15084358184003147
21912,3,1,0.21257907194526748
21913,1,0,0.18148685714442345
21914,3,0,0.4244554683655402
21915,2,0,0.08832264282659529
21916,2,1,0.28737732535511684
21917,3,1,0.7311412812893068
21918,3,1,0.2902193482623947
21919,4,0,0.11980154388993086
21920,4,0,0.08992786183458984
21921,3,0,0.057797719267744976
21922,4,0,0.12711253834401545
21923,5,0,0.1942406555817605
21924,1,0,0.15054292433200905
21925,3,1,0.4549455111550463
21926,3,1,0.14137633137483144
21927,4,0,0.365193606920686
21928,3,0,0.10332289577141932
21929,5,1,0.07052574371185588
21930,1,0,0.13101380448050604
21931,4,1,0.13575096646039442
21932,5,0,0.31711815949482697
21933,1,0,0.21988968303362155
21934,5,0,0.20621721222802636
21935,3,0,0.12165268621776007
21936,1,1,0.48319176216156784
21937,3,0,0.058451041769566184
21938,2,1,0.09980232074917518
21939,1,0,0.13176222087544429
21940,1,0,0.08721076903175716
21941,2,0,0.19694918761570757
21942,5,0,0.17989976277693753
21943,1,0,0.28026127145131785
21944,3,0,0.06963450563673235
21945,1,0,0.13493669290065097
21946,2,0,0.12595620531357996
21947,1,0,0.08784229018296326
21948,3,1,0.49419651837563716
21949,1,0,0.08974321978290967
21950,2,1,0.13636296975915446
21951,5,0,0.22312178383394154
21952,2,1,0.12419628750567066
21953,5,0,0.05516035796663859
21954,1,0,0.09606858012234004
21955,5,0,0.2785249839625041
21956,3,1,0.7757429755385126
21957,4,0,0.08936545449621852
21958,3,0,0.0934151725320439
21959,2,0,0.0906752227135954
21960,2,1,0.08890036853458265
21961,5,0,0.054304328412318546
21962,3,0,0.09219975379172304
21963,5,0,0.12070042593622123
21964,2,0,0.09063826291768629
21965,5,0,0.09128897989890009
21966,1,0,0.11791407812150226
21967,2,1,0.19223742228598506
21968,3,0,0.05243169132668509
21969,4,0,0.43575068322569827
21970,4,1,0.12056222791222303
21971,3,1,0.14933785881183909
21972,4,0,0.7071230723038313
21973,2,1,0.27902932308446626
21974,3,0,0.09471557771564416
21975,4,0,0.0889879683035658
21976,4,0,0.14418284914278265
21977,4,0,0.10840715401093942
21978,5,0,0.14739888196796697
21979,2,1,0.7266494635310834
21980,5,1,0.0672572560227184
21981,2,0,0.08810855264968412
21982,3,0,0.16521591289491927
21983,5,0,0.1547534268249801
21984,5,0,0.10285025852439288
21985,3,1,0.9144596082636156
21986,5,0,0.04400230314932667
21987,5,1,0.29767083845896236
21988,5,0,0.13338249654583395
21989,5,0,0.07879581137523808
21990,2,0,0.09304811881376678
21991,4,0,0.27968918210206967
21992,5,0,0.18766728806692293
21993,4,0,0.13600537835070936
21994,5,0,0.28814928200966666
21995,4,0,0.08909687516754439
21996,3,0,0.7386071402117297
21997,1,1,0.3250868775723125
21998,3,0,0.16723478740640893
21999,3,0,0.19322247798471143
22000,4,1,0.19201521862553125
22001,3,0,0.08957918295626167
22002,3,0,0.04289112263900555
22003,2,0,0.12763658451101345
22004,3,0,0.08155096983596193
22005,1,0,0.09240112391441316
22006,4,0,0.18383947202942275
22007,2,0,0.10813858521573755
22008,2,0,0.11210931716571515
22009,4,0,0.0892243791434746
22010,4,0,0.14097196009167803
22011,3,0,0.0810001230307353
22012,3,0,0.10146534587293575
22013,4,1,0.4711061158651939
22014,1,0,0.18041467589399762
22015,3,1,0.24512260418207202
22016,2,0,0.27902932308446626
22017,2,0,0.12782343820015118
22018,5,1,0.14999216576092408
22019,2,1,0.6675038731899339
22020,5,0,0.45847172099387073
22021,4,0,0.15763901626039933
22022,1,1,0.1743845475544292
22023,3,1,0.5429954841677234
22024,5,1,0.3066936513621875
22025,1,0,0.4251519640466178
22026,5,0,0.07280717881232653
22027,2,0,0.0913569538696964
22028,3,1,0.0664982454874837
22029,1,0,0.11291693771565411
22030,1,0,0.17862074695325955
22031,3,0,0.11484342552403479
22032,1,0,0.08628614734139416
22033,3,0,0.051834872851369014
22034,2,0,0.09868059026276543
22035,2,0,0.1134228737488802
22036,3,0,0.4477362510825943
22037,1,0,0.17526627303324827
22038,3,1,0.22195426556904713
22039,2,0,0.5475289736312788
22040,5,0,0.12639966795118068
22041,2,1,0.7265158497733798
22042,1,0,0.13152208965063059
22043,1,1,0.21627976893404127
22044,5,1,0.049844080373840666
22045,4,0,0.10038276884150955
22046,4,1,0.7254907589123571
22047,1,0,0.08527070326054992
22048,5,0,0.07676445219362196
22049,5,1,0.04258590316187459
22050,1,1,0.1434456915390622
22051,1,0,0.09322212876281927
22052,3,1,0.21186456126443057
22053,1,0,0.15232792184750021
22054,4,1,0.7087297406635771
22055,1,1,0.41856419735724854
22056,1,0,0.2138082384582077
22057,4,0,0.5926362513554992
22058,5,1,0.7134394022689613
22059,3,0,0.17515444943572567
22060,1,0,0.0889362273242149
22061,1,1,0.20128295376924046
22062,5,0,0.11022428093100733
22063,2,0,0.17077149607708475
22064,1,0,0.6682708381694983
22065,3,0,0.1666075864544511
22066,2,0,0.2371705682514315
22067,5,0,0.13729443008155587
22068,1,1,0.1428997983015286
22069,3,0,0.1768218708450456
22070,2,1,0.21336137171085456
22071,4,0,0.15220436846083898
22072,5,0,0.08138784031332719
22073,5,0,0.08873563778069223
22074,2,0,0.12244083172924582
22075,3,0,0.06843042928551353
22076,3,1,0.6743431759579995
22077,4,0,0.10556651410634206
22078,4,1,0.32942297718180313
22079,3,0,0.191642784726248
22080,2,0,0.18831349244117457
22081,3,0,0.0753463784628885
22082,5,0,0.09754448901308045
22083,5,1,0.23587853123355806
22084,1,0,0.09156216914753366
22085,1,1,0.709321362176508
22086,4,0,0.09961720732040708
22087,3,1,0.4009246911361986
22088,2,0,0.14079242252641028
22089,1,0,0.10046712223779546
22090,4,0,0.09002531982965475
22091,4,0,0.0891108632547129
22092,3,0,0.18708422631455954
22093,1,0,0.08512936500384982
22094,1,0,0.08573761705231123
22095,4,0,0.11052915435585917
22096,2,0,0.13897958096016172
22097,3,0,0.07416875321572056
22098,3,1,0.16276155053831334
22099,1,0,0.0898077734903752
22100,3,1,0.20966029382343215
22101,4,0,0.54604995959724
22102,1,0,0.08916826892803821
22103,2,0,0.10425380880811719
22104,1,0,0.12262087934493514
22105,1,0,0.08507674925739686
22106,1,0,0.1819748667592648
22107,2,0,0.10315379638821891
22108,4,0,0.13095615172158245
22109,1,0,0.09853110300893314
22110,5,0,0.09646246472492027
22111,1,0,0.16185719640155866
22112,3,1,0.4419677576691775
22113,3,0,0.18274367761987237
22114,4,0,0.08955079079544613
22115,4,1,0.6900941932740358
22116,4,0,0.195355098590782
22117,4,0,0.1768164569469968
22118,1,0,0.18913639929208684
22119,5,0,0.30535409267293695
22120,4,1,0.28847355186899937
22121,2,1,0.26022252870902013
22122,2,1,0.35208051795695944
22123,3,0,0.13944488870948027
22124,5,1,0.24002459048626956
22125,4,0,0.09750827809604465
22126,4,1,0.7589262747589566
22127,4,0,0.4502486780477983
22128,2,1,0.17883636108169818
22129,4,0,0.28136871054811446
22130,3,0,0.07305965141453018
22131,5,0,0.24292701274134434
22132,4,0,0.1506817978471082
22133,2,0,0.0933538393143732
22134,2,0,0.14662885242186052
22135,5,0,0.045042040914885687
22136,3,1,0.7621015067715892
22137,5,1,0.14048985446540782
22138,5,0,0.35162925870402706
22139,5,0,0.15608278386783628
22140,1,0,0.1337772319869258
22141,2,0,0.1835068884844687
22142,1,0,0.15045746195191012
22143,2,1,0.7124706306334043
22144,4,1,0.09600619055338395
22145,4,0,0.13738698310492817
22146,5,1,0.6656210969154396
22147,5,0,0.3879920737469831
22148,3,0,0.22066402445313224
22149,5,1,0.5724442022473368
22150,1,0,0.38486863428324053
22151,1,0,0.08692876148037308
22152,5,0,0.23661459103924354
22153,4,0,0.1885843877265433
22154,2,0,0.1233012639287569
22155,1,0,0.6599893598464556
22156,4,0,0.3861610733194177
22157,5,0,0.13274692535176771
22158,2,0,0.11559902716725112
22159,4,0,0.10914651322771694
22160,3,0,0.1317129771997829
22161,4,0,0.1358573268143315
22162,5,0,0.15780322388390353
22163,1,0,0.08756501820164014
22164,5,0,0.20012183464487515
22165,2,0,0.09060574435842257
22166,1,0,0.1264479809478733
22167,5,0,0.22087815222480534
22168,2,0,0.12427363918062989
22169,3,0,0.1643832946860794
22170,5,0,0.1603215311066629
22171,2,0,0.08836072236393278
22172,1,0,0.21887247673552668
22173,4,0,0.10182738111459894
22174,5,0,0.057479983322792694
22175,4,0,0.14052043472223844
22176,3,1,0.7517448716446989
22177,1,0,0.1324118615038954
22178,4,0,0.09800973325397468
22179,5,1,0.1262846642565736
22180,3,0,0.08810117733010937
22181,2,0,0.18007875094911244
22182,5,0,0.06023035110076655
22183,5,0,0.1020074001387688
22184,4,1,0.44217516640494425
22185,5,1,0.19064439744721534
22186,4,1,0.6942751670180877
22187,4,0,0.15547912889979232
22188,2,0,0.21394422915480685
22189,1,0,0.13560656536075694
22190,2,1,0.18834560785831442
22191,1,0,0.1568674818910434
22192,3,0,0.05975193382529209
22193,5,0,0.38797404131794183
22194,5,0,0.17070224400627462
22195,1,0,0.1496253441321835
22196,1,0,0.16263023002848548
22197,5,0,0.2771146651661067
22198,1,0,0.0913808537232267
22199,1,0,0.14653722848996115
22200,4,0,0.16835254124178897
22201,1,0,0.08555148992577784
22202,2,0,0.10162896426990055
22203,1,0,0.09339737967111159
22204,2,0,0.16836875245283606
22205,1,0,0.17023732378263637
22206,5,0,0.6685344101413326
22207,2,0,0.15512581172255085
22208,5,0,0.033881999607456054
22209,1,1,0.7096781533052426
22210,5,0,0.168994495806731
22211,1,0,0.08911321126013204
22212,1,0,0.192096507842873
22213,5,1,0.13066632233061068
22214,5,1,0.7381875328515078
22215,5,0,0.18775057922247362
22216,3,0,0.09204665882595417
22217,1,0,0.27988950016541136
22218,5,0,0.11439073056560467
22219,3,0,0.0881373246068709
22220,5,0,0.05216780437024441
22221,3,1,0.17673102624821072
22222,4,0,0.0891951825515566
22223,2,1,0.5552496444546627
22224,4,0,0.22855518336385006
22225,4,0,0.14625076403626006
22226,3,1,0.6503254837182422
22227,2,0,0.20909799117538758
22228,5,0,0.11015457153199253
22229,1,1,0.7473656015143434
22230,2,1,0.709090554716826
22231,3,0,0.13155064841331182
22232,3,0,0.22754644171153127
22233,5,1,0.1669218947705039
22234,1,0,0.7231285229036348
22235,5,0,0.0686559628632877
22236,5,1,0.7089517820948623
22237,4,0,0.11615890679343929
22238,4,1,0.09323378127665723
22239,3,0,0.20514999250647922
22240,5,0,0.05346910949783131
22241,5,0,0.1861527868635848
22242,5,0,0.15393574747604571
22243,3,0,0.08214079306495407
22244,3,0,0.07091982520578217
22245,4,0,0.09177874452225705
22246,2,0,0.08834714999864288
22247,1,0,0.15898909368220898
22248,5,0,0.133704777749133
22249,3,0,0.07519958127338622
22250,2,0,0.41568580291646834
22251,3,0,0.21322517976874558
22252,2,0,0.08945340868838066
22253,5,0,0.09297497640233457
22254,4,1,0.0901201802868605
22255,3,1,0.07143253101229202
22256,3,1,0.5242563991212538
22257,1,1,0.7904592627795769
22258,5,0,0.3013972250014233
22259,5,0,0.11147203459604141
22260,2,0,0.1345869375327334
22261,5,0,0.16196173840510586
22262,5,0,0.49891712826169293
22263,3,0,0.07844347560201692
22264,1,0,0.08637666145271117
22265,4,0,0.09122776211239968
22266,3,1,0.2387005685597499
22267,4,0,0.2821481364306242
22268,5,0,0.2588712551546544
22269,1,0,0.08599173289571661
22270,1,1,0.6528439046943261
22271,1,0,0.10181252923874956
22272,5,0,0.054666920921130256
22273,4,0,0.215450315030942
22274,2,0,0.11940801862411422
22275,3,0,0.16300816794830003
22276,2,0,0.0915006249256141
22277,5,0,0.1493203392295305
22278,2,0,0.4879550850587688
22279,4,0,0.1432841015014384
22280,3,0,0.06475419243804267
22281,3,0,0.8058263139068597
22282,1,0,0.16710823164007207
22283,1,0,0.08568616737902454
22284,2,0,0.0966777745663401
22285,3,1,0.19729415261392486
22286,5,1,0.3603841258789225
22287,2,0,0.08939664727024876
22288,1,0,0.09503688766989686
22289,5,0,0.07025525679653367
22290,2,1,0.288369712243578
22291,1,1,0.12103559987894268
22292,1,1,0.6887792878000439
22293,5,0,0.08563433067480801
22294,5,0,0.09993962681477116
22295,3,0,0.29394237180882715
22296,5,0,0.12283460288232831
22297,1,0,0.08656291765259572
22298,4,0,0.12604174640468846
22299,1,1,0.1557839632973235
22300,5,0,0.1324784625423166
22301,4,0,0.100231675124385
22302,4,0,0.0910379373985707
22303,2,0,0.08887205660701311
22304,2,0,0.09408485043977041
22305,1,0,0.21044517990364425
22306,5,0,0.02651124648827618
22307,5,0,0.774329051745271
22308,3,1,0.4645848866794198
22309,1,1,0.16651377862813854
22310,1,1,0.18121417234940576
22311,2,0,0.695058015276201
22312,1,0,0.1329328540367458
22313,5,0,0.18123957105279884
22314,4,0,0.1815420311938969
22315,3,1,0.5651574727793596
22316,4,0,0.18805639493947424
22317,1,0,0.3888713485902914
22318,4,0,0.15311600651610713
22319,4,0,0.08992637986054611
22320,3,0,0.06828441355357183
22321,1,0,0.09629056788555375
22322,3,0,0.0759450930065834
22323,4,1,0.14811938575353545
22324,1,0,0.1156413703703665
22325,5,0,0.07386229833822125
22326,2,0,0.08798155314009506
22327,4,0,0.2842617674888164
22328,1,0,0.20258982750756868
22329,4,0,0.16730174874320788
22330,4,0,0.12018408874873779
22331,4,1,0.1923106126686104
22332,4,0,0.19022172525437653
22333,1,1,0.08891856101534036
22334,4,0,0.13316536194010764
22335,3,0,0.1409884046478609
22336,5,0,0.16582792146811712
22337,1,0,0.12504839307611088
22338,4,0,0.10152452955342794
22339,5,0,0.18875547941424747
22340,2,0,0.09471423948312295
22341,1,0,0.09418588265124576
22342,5,0,0.16499538751040538
22343,4,0,0.2232072552189435
22344,3,0,0.059780388106250394
22345,3,0,0.12169291574409626
22346,4,0,0.7668279255534483
22347,5,0,0.26997216923737977
22348,3,0,0.20618902919033935
22349,5,1,0.14699716998602647
22350,4,0,0.0989857454853778
22351,2,0,0.1994154486939826
22352,4,0,0.15473257566923856
22353,5,0,0.051677185932175705
22354,2,0,0.377380961989314
22355,1,0,0.08817959900317096
22356,1,1,0.19259594390067497
22357,1,0,0.12601364373837765
22358,1,1,0.10521615315351394
22359,1,0,0.10021702158209927
22360,4,0,0.15330666292572934
22361,3,0,0.04914625686598124
22362,4,0,0.0986250855760788
22363,4,0,0.1335946845463503
22364,3,0,0.07290701974255863
22365,1,1,0.13819208841087632
22366,2,0,0.08791494818343767
22367,1,0,0.7170399418624168
22368,2,0,0.15573248416440355
22369,4,0,0.1479810700598846
22370,2,0,0.09216132415798399
22371,2,1,0.5073780172412998
22372,1,0,0.15990130862219742
22373,1,0,0.0856155807800117
22374,1,1,0.3114948978943939
22375,3,0,0.380230811667663
22376,1,1,0.28080469013263937
22377,3,0,0.09722973164697654
22378,1,0,0.08653314138531792
22379,5,0,0.32484082676688414
22380,2,0,0.10039688065807363
22381,3,0,0.10062324641722183
22382,2,0,0.10665509527643953
22383,4,1,0.09026263400953011
22384,5,1,0.8336987968428567
22385,4,0,0.1309033842943637
22386,1,0,0.08634158608156996
22387,5,0,0.6034322832081449
22388,4,0,0.14210122071654588
22389,3,1,0.17662055660610462
22390,4,0,0.14929611599998613
22391,5,0,0.10499156071225031
22392,1,0,0.22021206043469055
22393,3,0,0.05575867326814144
22394,5,1,0.6026896007722624
22395,5,0,0.09225238063944362
22396,5,0,0.12036631808364895
22397,1,0,0.10105309381753541
22398,1,0,0.09241683883076823
22399,4,0,0.08984135501844788
22400,1,0,0.089684753924964
22401,3,1,0.6293496099451037
22402,2,0,0.19632049724981895
22403,4,0,0.30269847410302814
22404,1,0,0.09328203779842179
22405,2,0,0.2342299638834972
22406,1,0,0.1751062604280076
22407,2,0,0.08831251964328585
22408,4,0,0.4197232863277233
22409,1,0,0.154031384009973
22410,1,0,0.08586520314330913
22411,5,0,0.07012492373006761
22412,4,0,0.11246082359126384
22413,3,0,0.10621065443989229
22414,2,0,0.09124745274176796
22415,5,0,0.05604773701021592
22416,3,0,0.10432748486754236
22417,4,1,0.6551050138653015
22418,3,1,0.19985604716388314
22419,2,1,0.41714121346908184
22420,1,0,0.10491026011490169
22421,3,0,0.07760417613673036
22422,3,0,0.2106328854479043
22423,3,0,0.10665931461844079
22424,4,0,0.15800243233323316
22425,2,0,0.1781000944716806
22426,4,1,0.6861672666564723
22427,2,0,0.10785635604694198
22428,4,0,0.09831637631489057
22429,2,0,0.08797485529904331
22430,4,1,0.7525256791588252
22431,1,0,0.12488928464292462
22432,4,1,0.33430325053966964
22433,5,1,0.703345106262821
22434,2,0,0.2750757877771063
22435,5,0,0.10486374561273688
22436,5,0,0.1493476015366988
22437,3,0,0.15528972868666308
22438,4,0,0.08980750376962895
22439,2,0,0.12716942954140303
22440,3,0,0.10300058212588305
22441,1,1,0.11186508575141564
22442,4,0,0.18683020559546065
22443,4,0,0.22311333568938066
22444,5,1,0.6112860775910282
22445,1,0,0.1353750929796416
22446,2,0,0.18275792625384416
22447,3,0,0.1421426193560261
22448,1,0,0.1000463034098807
22449,2,0,0.2871420337887316
22450,4,1,0.24251894060531062
22451,2,1,0.6926048209276335
22452,3,0,0.07547055283997665
22453,4,0,0.2540872387919829
22454,3,0,0.26236887331157005
22455,1,1,0.6483882602857279
22456,3,0,0.09961527421771417
22457,4,0,0.08962218478818534
22458,4,0,0.09979757182039155
22459,1,0,0.7314422392503412
22460,2,0,0.09276556940908733
22461,3,0,0.10233165982289695
22462,4,1,0.7786814927914714
22463,5,0,0.15588275359357745
22464,4,0,0.12109441007861928
22465,3,0,0.15450310310605106
22466,5,0,0.05556384755656754
22467,5,0,0.09260379944502338
22468,4,1,0.0894778705335165
22469,2,0,0.15882204953440282
22470,4,0,0.1734105551873956
22471,1,0,0.08624398527886938
22472,1,0,0.16950228675919032
22473,3,0,0.1159780320640343
22474,2,0,0.20917458600455605
22475,5,0,0.19297068202653922
22476,5,0,0.2121135193145496
22477,4,0,0.2505861731637405
22478,2,1,0.1324128131596071
22479,5,0,0.2040987393485719
22480,4,0,0.15084442823203625
22481,5,1,0.16356413217732713
22482,4,1,0.7756864233239006
22483,1,0,0.17512984101179851
22484,3,0,0.12266528022145437
22485,1,0,0.08584963704678117
22486,2,0,0.08810855264968412
22487,5,0,0.15822982748359132
22488,4,0,0.130978715552257
22489,5,0,0.10614358892801193
22490,5,0,0.11710060322283455
22491,3,0,0.26470713275059865
22492,1,1,0.3817138986707647
22493,1,1,0.10822857093390115
22494,3,0,0.0773486761451158
22495,5,0,0.21683881436979
22496,1,1,0.8031494548801011
22497,2,0,0.09378479396806702
22498,1,0,0.16830096630435235
22499,1,1,0.1365865223402134
22500,4,0,0.08881605080447152
22501,3,0,0.17341940768651987
22502,4,0,0.21943725646575438
22503,1,0,0.10188641132479442
22504,1,0,0.09420281899629579
22505,1,0,0.08594383281859719
22506,4,0,0.16014292889833712
22507,2,1,0.3609980213525387
22508,1,0,0.10430270380027505
22509,5,1,0.2938388433759269
22510,3,0,0.05757380614473118
22511,4,0,0.11611235389909272
22512,1,0,0.0889863500885724
22513,5,0,0.15628023247390843
22514,1,1,0.7085954658213808
22515,2,0,0.0888188339326651
22516,2,0,0.09456992193541555
22517,2,1,0.752266977059633
22518,3,0,0.16607959834890892
22519,1,0,0.09087773291110098
22520,1,1,0.6842204227204017
22521,1,1,0.16025976551129312
22522,3,1,0.09280616249015061
22523,5,1,0.6554290770310144
22524,4,0,0.14800750019660827
22525,5,1,0.2639924291296388
22526,3,0,0.08727385276519536
22527,4,0,0.15193901431760007
22528,5,0,0.17677234075532794
22529,3,0,0.1504683718721523
22530,5,0,0.18052946615085283
22531,2,0,0.16273385665563062
22532,4,0,0.41944350839927974
22533,5,0,0.307813537985396
22534,3,0,0.12213832276256768
22535,4,1,0.7353630544854364
22536,2,0,0.12016499253566638
22537,1,0,0.765250644685992
22538,3,0,0.16597189620677755
22539,4,0,0.25109341239157396
22540,5,1,0.3374255391221635
22541,5,0,0.16256657697524393
22542,3,0,0.15829040565737632
22543,4,1,0.5122477437293229
22544,4,0,0.14007816870201384
22545,5,0,0.1820206057988917
22546,3,0,0.6699229413895864
22547,5,0,0.08489269396129405
22548,5,0,0.06441539242175835
22549,4,0,0.08945980512653816
22550,2,0,0.09158593087402388
22551,3,0,0.1413987134787318
22552,4,0,0.1041758791030387
22553,1,0,0.0875943744241038
22554,5,0,0.39830686534475745
22555,4,0,0.10898635210578883
22556,1,0,0.1416090781218589
22557,5,1,0.7002131776487355
22558,3,0,0.061335803057897244
22559,1,0,0.08630715694305588
22560,2,0,0.08833823540491902
22561,1,0,0.14009544266722457
22562,2,0,0.09890681469599871
22563,1,0,0.7105436041869274
22564,3,0,0.11207345482785509
22565,3,1,0.15381622888361882
22566,5,0,0.07868346417539111
22567,5,0,0.16346630747836094
22568,3,0,0.17875717755858225
22569,2,0,0.21406495062218053
22570,3,0,0.08801833590864948
22571,2,0,0.1503657932857318
22572,4,0,0.6905313595942553
22573,5,0,0.035572583742515866
22574,4,0,0.10412211800301419
22575,3,0,0.07804402652408354
22576,2,0,0.6910632698425005
22577,5,0,0.10547963629192582
22578,4,0,0.0903821135578113
22579,4,0,0.09188301637860871
22580,5,0,0.07695621092353477
22581,3,1,0.2579214729368088
22582,2,0,0.3689955458116373
22583,2,0,0.08966961279384769
22584,1,0,0.0913737273488542
22585,5,1,0.6002700587040084
22586,1,0,0.15988310759303195
22587,4,0,0.13912597100347968
22588,1,1,0.310755287560496
22589,4,0,0.1275657153687975
22590,5,0,0.10587485190440045
22591,1,0,0.6225713966909674
22592,4,0,0.22447638531441214
22593,3,1,0.5674903098780274
22594,1,0,0.19250942444438476
22595,1,0,0.2626137636729422
22596,5,0,0.055919551447502144
22597,1,0,0.7541234766194546
22598,2,0,0.1744595347328428
22599,1,1,0.21114668884667911
22600,2,1,0.1369721781396072
22601,2,0,0.27814678480400407
22602,5,0,0.10939223089545526
22603,3,0,0.1786745878830378
22604,3,0,0.062409930656958566
22605,5,0,0.027741890912259898
22606,4,0,0.7156465839199395
22607,4,0,0.15685360420611594
22608,1,1,0.08764943568311381
22609,5,0,0.4172951710492101
22610,3,0,0.1429205300020318
22611,1,1,0.1196534694188201
22612,1,0,0.13608427681526813
22613,1,1,0.27766375198412013
22614,1,0,0.1681424787468964
22615,5,1,0.7090457433359152
22616,2,0,0.1466962335214033
22617,1,0,0.1001626417399955
22618,1,1,0.6084587107916702
22619,5,0,0.02887750886834242
22620,4,1,0.763874821766843
22621,1,0,0.14063212227274985
22622,3,1,0.10483162348702316
22623,1,0,0.20456191054295966
22624,3,0,0.0889943633881524
22625,1,0,0.1288341321569086
22626,4,0,0.09971463663885781
22627,1,0,0.09308701951812483
22628,4,1,0.17356114423230873
22629,2,1,0.7302707226227901
22630,3,1,0.07468511369756244
22631,1,1,0.713255206236234
22632,3,1,0.11363018441171398
22633,2,0,0.6770287663956671
22634,4,0,0.1258567537217712
22635,4,0,0.09415099852896838
22636,1,1,0.758833794959267
22637,5,0,0.07127693358559561
22638,1,0,0.11315745890564792
22639,5,0,0.30897802444089395
22640,5,0,0.06520102199176313
22641,3,1,0.3066775900457283
22642,1,1,0.14333968548046658
22643,3,0,0.5768887505571073
22644,2,1,0.12612522651812114
22645,3,0,0.1348557404349706
22646,2,0,0.12754837568397298
22647,1,0,0.5183994232756934
22648,3,0,0.1312212744889942
22649,2,0,0.2395014130076998
22650,2,1,0.4206203027568453
22651,4,0,0.22380602349476092
22652,4,0,0.4129507456253617
22653,2,0,0.3760042132254152
22654,1,0,0.34903391959117913
22655,3,1,0.08453222213157158
22656,3,1,0.20309887846006888
22657,1,0,0.242981734442737
22658,1,0,0.10140224296544177
22659,4,1,0.4266433056211809
22660,1,0,0.2148502658975514
22661,4,0,0.14418791511612544
22662,3,0,0.17137512555923337
22663,3,1,0.6989125444528309
22664,5,0,0.12498240840633018
22665,3,1,0.18388991481296138
22666,4,1,0.6533925269846327
22667,1,1,0.73669286806919
22668,5,0,0.03277999744624503
22669,2,0,0.09943704216447373
22670,5,0,0.2500338059882982
22671,5,0,0.06202293435106874
22672,3,0,0.09497334793814753
22673,5,0,0.04572441746824569
22674,3,0,0.21014089337035816
22675,5,0,0.05668330099465438
22676,5,1,0.16569471683506393
22677,1,0,0.10799496658480158
22678,2,1,0.2656098678655797
22679,4,0,0.09622987558243262
22680,2,0,0.09240660202729652
22681,2,0,0.12070978806169622
22682,5,0,0.03921886369303685
22683,4,1,0.6857429228779363
22684,3,0,0.17307213644848063
22685,4,0,0.18565354184681604
22686,3,0,0.04318128353719482
22687,1,0,0.09939416382258504
22688,3,0,0.0838693762555576
22689,3,1,0.6256389697194635
22690,2,0,0.2794540136514345
22691,1,0,0.10218768707688738
22692,4,0,0.0896635093078261
22693,1,0,0.10805940103864396
22694,1,0,0.15490913946358095
22695,2,0,0.28016309596477074
22696,5,0,0.46838709026816494
22697,1,0,0.11032712325686715
22698,5,0,0.2684994856565227
22699,3,1,0.12539708901893828
22700,4,0,0.11030914498507065
22701,5,0,0.4770428951195808
22702,2,0,0.08840375339340281
22703,4,0,0.16956663399417415
22704,1,0,0.11570364254996676
22705,4,0,0.09293968965814246
22706,1,0,0.1408731902904397
22707,4,0,0.1700501478772651
22708,4,0,0.21459373387180583
22709,2,0,0.15598513055540417
22710,5,0,0.22601654593124343
22711,5,0,0.11939939224187543
22712,2,0,0.10851510660537624
22713,3,0,0.09179788374180825
22714,3,0,0.15529226103030766
22715,4,0,0.15166925179350796
22716,3,0,0.07572897866665751
22717,3,1,0.10679733833275996
22718,1,0,0.18332479820265085
22719,2,1,0.27210711341048427
22720,1,0,0.19227260027503357
22721,4,1,0.7615960402218807
22722,1,1,0.13435254348462689
22723,5,0,0.0708790309780004
22724,2,0,0.135207636889701
22725,2,0,0.09422700189481922
22726,4,0,0.09286573952733417
22727,1,1,0.08809485106715957
22728,5,0,0.1495312702178041
22729,1,0,0.08942094038100544
22730,5,0,0.30931633336161485
22731,5,1,0.14231777967709086
22732,3,0,0.19984972971252557
22733,4,0,0.08929207027613485
22734,5,0,0.1825981007252922
22735,3,0,0.05792678143772963
22736,5,0,0.08925161720655797
22737,3,1,0.3088810828187356
22738,5,0,0.17922166155215039
22739,4,0,0.2812496651593626
22740,1,0,0.13137303811128456
22741,2,0,0.13763426355826125
22742,1,1,0.17563224478026196
22743,2,0,0.15748372283060544
22744,1,0,0.10200313583973916
22745,3,0,0.18260578729759225
22746,5,0,0.1311276583376985
22747,1,1,0.24648187509412733
22748,3,0,0.11655519287898498
22749,1,1,0.6860124451203162
22750,5,1,0.25114205788371746
22751,4,1,0.6412764982995565
22752,4,0,0.254504054291521
22753,3,0,0.165371617824364
22754,4,0,0.6985011384924538
22755,5,0,0.4579450607904071
22756,4,0,0.09848719654163904
22757,5,0,0.10258842734637233
22758,3,0,0.07706299141506091
22759,5,1,0.09003625962053319
22760,3,1,0.6947264206954392
22761,5,0,0.03589086750283721
22762,4,0,0.2243467496903688
22763,3,0,0.09340475342021588
22764,1,0,0.1787049971184034
22765,2,0,0.11771958084058341
22766,4,0,0.08887694421980541
22767,5,0,0.16384519150847737
22768,3,0,0.37104090785630833
22769,4,0,0.14787009980888846
22770,2,0,0.1541795255845958
22771,2,1,0.17237000097491004
22772,4,0,0.08974809700551233
22773,5,1,0.12128980049131026
22774,3,1,0.2340104820980012
22775,2,0,0.2788877990586276
22776,1,1,0.08671618769147295
22777,2,0,0.12454231149827522
22778,5,0,0.028566165253364688
22779,2,1,0.3046329614011219
22780,2,0,0.13221345013288127
22781,1,0,0.09290347580223143
22782,2,0,0.21244603340554583
22783,5,0,0.06415212776671755
22784,1,0,0.15278129119243689
22785,1,0,0.09440403435681277
22786,1,0,0.09199282466249485
22787,1,0,0.147203936017671
22788,3,0,0.1708811949097601
22789,1,0,0.16388839674907887
22790,3,0,0.17744641211574302
22791,3,0,0.08814578857373614
22792,2,1,0.7502478195600777
22793,2,0,0.1342428537451628
22794,4,1,0.16059201182512894
22795,1,1,0.0898077734903752
22796,5,0,0.12987917284822134
22797,4,0,0.09011943361670899
22798,3,1,0.5073581617159055
22799,2,0,0.12564343444400633
22800,5,0,0.0342819759847814
22801,2,1,0.3620773445331125
22802,2,0,0.228442878342276
22803,5,0,0.19333624972319138
22804,5,1,0.33177132921588226
22805,2,1,0.6030452387280159
22806,3,0,0.07665153562555907
22807,2,0,0.15560190143445576
22808,2,0,0.0880414602557007
22809,4,0,0.08876185117612428
22810,4,1,0.2548837751897272
22811,4,0,0.09874564674162455
22812,1,1,0.7543327119092766
22813,2,0,0.14918452257256584
22814,1,0,0.09457529746985387
22815,4,0,0.7559027156839665
22816,4,0,0.14437899346990757
22817,5,0,0.11740474717241364
22818,4,0,0.14082436094664863
22819,2,0,0.23570714112394553
22820,5,0,0.139998228144901
22821,1,1,0.5330903047824028
22822,5,1,0.8017500985598972
22823,4,0,0.12206912364266971
22824,2,0,0.09437319283415542
22825,1,0,0.2183421598896087
22826,3,1,0.23896369473278578
22827,5,0,0.1848779126988488
22828,4,1,0.6928801137758844
22829,1,1,0.12731853990402928
22830,1,1,0.79366588784573
22831,3,0,0.0730104511048935
22832,3,0,0.09597736345105155
22833,3,0,0.06979675690957338
22834,2,1,0.2893449475834358
22835,3,0,0.12022795260812003
22836,1,1,0.15829318684233426
22837,1,0,0.12796938445495973
22838,5,0,0.08517229393650116
22839,3,0,0.12552283918027365
22840,4,0,0.0980676257039621
22841,2,0,0.21689037852822488
22842,2,0,0.08798860637182368
22843,3,0,0.061152727631850215
22844,4,0,0.24569803400222082
22845,1,0,0.0993530473510075
22846,2,0,0.15614825128898396
22847,2,1,0.6850555649109722
22848,2,0,0.11664377975044427
22849,2,1,0.8034259535900281
22850,1,0,0.1135145019429901
22851,1,0,0.1287164881403419
22852,4,0,0.15716710249476742
22853,1,0,0.16071485093763216
22854,1,0,0.1732927293152394
22855,1,0,0.17819279718570988
22856,3,0,0.14369469854810443
22857,1,0,0.1334852040431611
22858,4,0,0.2430351130502648
22859,5,0,0.12865891842543106
22860,4,1,0.1140158946422055
22861,1,1,0.4868559599128652
22862,2,0,0.13195270823687527
22863,1,0,0.08953081345192752
22864,4,0,0.1054589823298795
22865,2,0,0.1653008370752768
22866,4,0,0.08875283429943603
22867,3,0,0.08905787203444876
22868,1,0,0.09949059689256455
22869,2,0,0.09104749212530355
22870,4,0,0.10124303161130839
22871,3,1,0.4066757836079242
22872,5,0,0.10036878610526573
22873,2,0,0.09738691691020546
22874,2,1,0.3008589726387079
22875,2,0,0.08810855264968412
22876,3,1,0.06838276784921224
22877,1,0,0.1620213794144915
22878,5,0,0.0426607079349673
22879,5,0,0.17720116979142808
22880,2,1,0.41660315463213454
22881,4,0,0.7309474167059703
22882,3,0,0.13073045696901897
22883,5,1,0.19200798414425996
22884,3,0,0.09727764798248463
22885,5,0,0.12275819080984765
22886,1,1,0.2813077760141082
22887,1,0,0.08562071895460512
22888,2,1,0.25345394754725886
22889,3,0,0.07834770208632394
22890,5,0,0.16429933785694
22891,1,0,0.18619488799840528
22892,4,0,0.09975805558253606
22893,4,0,0.10316644177715074
22894,5,0,0.1352221279774696
22895,3,1,0.6178228092143865
22896,5,0,0.1694075568211392
22897,2,1,0.15342483211206479
22898,2,1,0.6421650490653465
22899,4,0,0.2893041197758336
22900,4,0,0.09074716982682146
22901,2,0,0.09082829548497172
22902,1,0,0.16767425045522893
22903,1,0,0.13645542540832542
22904,3,0,0.09768138864846149
22905,2,0,0.2434688749961313
22906,1,0,0.11873931218096731
22907,5,0,0.1081548432415514
22908,5,0,0.12231767371345544
22909,2,0,0.0946651353311002
22910,1,0,0.16753836287044116
22911,4,0,0.6588794436931351
22912,1,0,0.08908321267627692
22913,3,0,0.0779633642048457
22914,2,0,0.3337393759591149
22915,5,0,0.04747250575797042
22916,4,0,0.17670480484777593
22917,3,0,0.04763174992676898
22918,4,0,0.23582086086578918
22919,2,0,0.12871178727900565
22920,1,0,0.4514570546115919
22921,2,0,0.12617308392740068
22922,1,0,0.14064578402456657
22923,4,1,0.6621283654022587
22924,5,0,0.29158657177532304
22925,2,1,0.39115593328904263
22926,4,0,0.26059803600261583
22927,1,0,0.2014358293478011
22928,5,1,0.16079986685427355
22929,3,0,0.21777921677434686
22930,1,0,0.16619393136691346
22931,1,0,0.09205742117170333
22932,3,0,0.08421014844202267
22933,3,1,0.1617934061576491
22934,2,0,0.12899935562521164
22935,2,0,0.08911033445986133
22936,5,0,0.09616891894874596
22937,4,1,0.2548721899931856
22938,5,0,0.09543958471507771
22939,3,0,0.07718001586796797
22940,1,0,0.467612523242349
22941,2,1,0.702689030802903
22942,4,0,0.08992319039277932
22943,2,0,0.15293131447267672
22944,1,0,0.14687168939166292
22945,4,0,0.15108644874452984
22946,4,0,0.11710574418295532
22947,1,0,0.09969376094608916
22948,1,0,0.138321089962389
22949,3,0,0.2221294400794401
22950,4,1,0.6533346756860329
22951,2,0,0.1492532030695389
22952,2,0,0.14822895797096083
22953,2,1,0.626311717796749
22954,2,0,0.1485562355049977
22955,1,1,0.18012389622911332
22956,3,0,0.07505439920261708
22957,4,0,0.2286778272236134
22958,3,1,0.15875012858041254
22959,2,0,0.21894359948325998
22960,3,0,0.3809961261135258
22961,3,0,0.23852065772627126
22962,5,0,0.10034852100281155
22963,3,1,0.25579476432073545
22964,4,0,0.13261572777829478
22965,1,1,0.4256882632503173
22966,5,0,0.06928501470138855
22967,3,0,0.41379775732281204
22968,5,1,0.3113817638307493
22969,1,0,0.09483015213212055
22970,3,1,0.15478099158132794
22971,2,1,0.09186060809703914
22972,5,0,0.05632547853220647
22973,3,0,0.12948270145099536
22974,3,0,0.2967576309538709
22975,2,0,0.09742926111130343
22976,3,0,0.37333688500275475
22977,3,1,0.0660613275570968
22978,1,0,0.10890809968593813
22979,2,0,0.37031051488253247
22980,3,0,0.6842116428701758
22981,2,0,0.11439876330203234
22982,1,0,0.20143271725182824
22983,3,0,0.5013917390169698
22984,1,0,0.19133520126743872
22985,5,0,0.06463641199096894
22986,5,1,0.08295595250673704
22987,1,0,0.12965188591828608
22988,4,0,0.09677837044553542
22989,3,0,0.09461783163056665
22990,5,1,0.6813857067304419
22991,4,1,0.09334716034339638
22992,3,0,0.1386799026041447
22993,1,0,0.2116173857925769
22994,5,1,0.7461488030312184
22995,4,0,0.1595302083608762
22996,3,0,0.2801155695959577
22997,1,0,0.20008727802349494
22998,3,0,0.12240328585881496
22999,1,1,0.11241612583356228
23000,1,0,0.10998870992707618
23001,2,0,0.0906851414162975
23002,2,0,0.08863003461319371
23003,1,0,0.1775356225690267
23004,3,0,0.07335471677032744
23005,5,0,0.16726475060402587
23006,5,0,0.1889245755930834
23007,4,0,0.1421773122760681
23008,4,0,0.1316613805979904
23009,2,0,0.2090120496571109
23010,5,1,0.6466948822495673
23011,1,0,0.1511701810486225
23012,1,0,0.19599412846365227
23013,3,0,0.1476029268795794
23014,4,1,0.5375459298651488
23015,4,0,0.2098342592719578
23016,4,0,0.13436251778033984
23017,2,0,0.09797712428724653
23018,5,0,0.046638261517558524
23019,2,0,0.08931026501556227
23020,2,0,0.08790853692625203
23021,3,1,0.2740816450392409
23022,4,0,0.22743965793525295
23023,5,0,0.243506138677435
23024,3,0,0.10221387097864583
23025,2,0,0.13508628409122939
23026,4,0,0.35210333949082817
23027,5,0,0.37708974025213604
23028,4,0,0.08854701970406649
23029,3,0,0.10662577782255342
23030,1,0,0.1952753571555782
23031,2,0,0.3003311528887621
23032,1,1,0.7477998652911799
23033,4,0,0.11440543383283928
23034,4,0,0.09620857149173868
23035,4,0,0.14671274621034155
23036,1,0,0.13392551068387742
23037,3,0,0.0657915156374002
23038,4,0,0.09162712738143575
23039,3,0,0.08464545979763308
23040,5,0,0.04490656510666562
23041,2,0,0.0993310982703274
23042,3,0,0.16923605488522728
23043,3,0,0.08349576949203023
23044,2,0,0.143875414580969
23045,1,1,0.0898077734903752
23046,1,1,0.5477689026887864
23047,5,0,0.15366075493638362
23048,1,0,0.2548841058845064
23049,4,0,0.14709615940702284
23050,4,0,0.13083394690817207
23051,3,0,0.37180700035930137
23052,1,1,0.1342473699141403
23053,4,0,0.10020301600286595
23054,2,0,0.1315693587947591
23055,1,1,0.7116516180408874
23056,2,0,0.08893132174807579
23057,1,0,0.4162571900019704
23058,5,0,0.1969929584726853
23059,2,0,0.5384608170516862
23060,4,0,0.14287395277975087
23061,5,0,0.09549593783104211
23062,3,0,0.2601108826436674
23063,2,1,0.558421345187886
23064,3,0,0.1535363479284621
23065,1,0,0.24676911079202454
23066,5,0,0.41325636320909653
23067,1,0,0.1696383233147936
23068,5,0,0.11099235987888927
23069,2,1,0.24777914965145753
23070,1,1,0.4358753760179002
23071,2,0,0.14481450995510317
23072,5,0,0.046752642434137834
23073,4,0,0.533898477961384
23074,3,0,0.09284695684385821
23075,4,0,0.1234025942139078
23076,4,0,0.19572315869736204
23077,2,0,0.14005005621398633
23078,5,0,0.3516111519604822
23079,3,0,0.2991920959796458
23080,1,1,0.7285298957900825
23081,4,1,0.13032983705191728
23082,2,1,0.7430188466756146
23083,3,0,0.06488988155570782
23084,3,0,0.06109931385801923
23085,4,1,0.7564928047879386
23086,2,1,0.20963708053370042
23087,2,0,0.1685383891832647
23088,4,0,0.12433758455193537
23089,3,1,0.0944795557476766
23090,1,0,0.15395982855772297
23091,2,0,0.22993534783458255
23092,2,0,0.1905758649016178
23093,5,0,0.2667379616012919
23094,5,0,0.23984000728847632
23095,2,0,0.16362274875715116
23096,5,0,0.10658181028512335
23097,5,0,0.0847439573646695
23098,3,0,0.14702855342770807
23099,4,0,0.4502734739066153
23100,2,0,0.15927670323816606
23101,3,0,0.04543211196030336
23102,2,1,0.7272595995339515
23103,4,0,0.19079221739333402
23104,1,0,0.09789391318310521
23105,1,1,0.1381430755534679
23106,4,1,0.3180949777158225
23107,1,0,0.0881740371755603
23108,2,0,0.11177872422598048
23109,5,1,0.030153439487492665
23110,2,1,0.0929744657549227
23111,3,0,0.05608867151791053
23112,3,0,0.1388771560931534
23113,5,0,0.1644394837979371
23114,2,0,0.10417440603205445
23115,5,0,0.10912184940548142
23116,2,0,0.15205767519139846
23117,4,1,0.17603034037315599
23118,2,0,0.33801677221460885
23119,4,0,0.10025043442802004
23120,3,1,0.5775637474764604
23121,1,1,0.0971091131502662
23122,5,0,0.09614781655284264
23123,5,1,0.5543330987765046
23124,5,1,0.19390553515026748
23125,4,1,0.35429137561813956
23126,2,0,0.1573602416871516
23127,2,1,0.3586256000667324
23128,2,0,0.1018295627279575
23129,5,0,0.22386086126588753
23130,5,0,0.06315508976784452
23131,4,0,0.09024185647169385
23132,1,0,0.14844540028061978
23133,3,0,0.07539304989315095
23134,3,0,0.3092800049990629
23135,4,0,0.12291274490901205
23136,1,0,0.0857868413068961
23137,4,1,0.7005004556105769
23138,5,0,0.13982361552612488
23139,1,0,0.23930478817892412
23140,5,0,0.1375156557591594
23141,4,0,0.15422792155110432
23142,4,0,0.23973850181637804
23143,2,0,0.09042631508083332
23144,4,0,0.2208487594663912
23145,5,1,0.7598135048227613
23146,3,0,0.1451309544113509
23147,1,1,0.08528244032638282
23148,3,0,0.04889527342568265
23149,3,1,0.08482346898267569
23150,5,1,0.6138013292441807
23151,2,0,0.1667385779114593
23152,3,0,0.05337018082355499
23153,5,1,0.19291849682977696
23154,5,0,0.11186339705408396
23155,5,1,0.37321673868321426
23156,4,0,0.28396838201008884
23157,3,0,0.10000021185160855
23158,5,0,0.43057973844070146
23159,3,1,0.32259769931069887
23160,2,0,0.35165024069657114
23161,4,1,0.10608452993149271
23162,2,0,0.7878701186177866
23163,4,1,0.16331582753682267
23164,4,0,0.6693340722088972
23165,2,0,0.10099759872076744
23166,5,0,0.3646520215939653
23167,4,0,0.1356110535246866
23168,4,0,0.6613498101312136
23169,3,0,0.1221786247502993
23170,5,1,0.6841279168746212
23171,5,0,0.036697252603639555
23172,2,0,0.15758567041560492
23173,1,0,0.0898077734903752
23174,1,0,0.08678862938165423
23175,3,0,0.2497121204503133
23176,3,0,0.051169671381153234
23177,1,1,0.16754112600592927
23178,2,1,0.1014747539294809
23179,4,0,0.11060567321746588
23180,4,0,0.1400987339459725
23181,2,0,0.3004941604542995
23182,5,1,0.13793500908947037
23183,2,0,0.13471714435025048
23184,5,0,0.05731096164547347
23185,2,0,0.09538149563234094
23186,5,0,0.055181418911508656
23187,2,0,0.09104607278478413
23188,4,0,0.09047422821426362
23189,4,0,0.18530428908278138
23190,5,1,0.3669658107722068
23191,2,0,0.10840128304264435
23192,2,0,0.09867769871497978
23193,2,0,0.08902670317171198
23194,2,0,0.0992990615494465
23195,4,0,0.1450086553383499
23196,3,0,0.058968689239714656
23197,2,0,0.1308819421349462
23198,5,0,0.09742732613905933
23199,2,0,0.18572846999249326
23200,2,0,0.08784849776399722
23201,2,1,0.719951782734338
23202,3,1,0.15569471901332538
23203,3,0,0.19614388679598027
23204,4,1,0.708086890137685
23205,2,0,0.22707880222797255
23206,2,0,0.6875224608201724
23207,3,0,0.07677810704150383
23208,5,1,0.24223222416579107
23209,3,1,0.7385103859440754
23210,5,0,0.04962256831294931
23211,3,1,0.13113377314436409
23212,3,0,0.07949117080373864
23213,2,0,0.6499217305464059
23214,3,0,0.04808541997603954
23215,2,1,0.28702012242087865
23216,3,0,0.18085188424739773
23217,3,1,0.7304554220890666
23218,2,0,0.15146962521083535
23219,2,0,0.25600605846196733
23220,4,0,0.2251591757879582
23221,5,0,0.16771745428816365
23222,2,0,0.21887372629650073
23223,4,0,0.09134902175203542
23224,2,0,0.1239953367361408
23225,1,0,0.10254865218699571
23226,4,0,0.11301376858035621
23227,5,0,0.06359407669535297
23228,3,0,0.10497433448899768
23229,2,0,0.08930361190492478
23230,5,1,0.49628236404217524
23231,3,0,0.0596820423457596
23232,3,0,0.0634659195865659
23233,5,0,0.07432817980253788
23234,3,0,0.10090283677970417
23235,2,0,0.10587114717970955
23236,4,1,0.2840166393322618
23237,5,0,0.10233538598398316
23238,3,0,0.20514502889414785
23239,5,0,0.10803492320019654
23240,4,0,0.11379610433212015
23241,2,0,0.1850574165783339
23242,4,0,0.09043583625510097
23243,1,0,0.16815575716858058
23244,4,1,0.7223785209172667
23245,3,0,0.11711443540807465
23246,5,1,0.10903413997318148
23247,5,0,0.08192116396526626
23248,2,0,0.16705794298313767
23249,2,0,0.11408578199787481
23250,5,0,0.15964551850798928
23251,4,0,0.09078896177089474
23252,1,0,0.17989155269417464
23253,2,0,0.11865780197440733
23254,5,0,0.12107045278364793
23255,4,0,0.2469892943762513
23256,2,0,0.13539866871686385
23257,3,0,0.1531435514031978
23258,2,1,0.49686672885520006
23259,1,0,0.08528244032638282
23260,5,0,0.10889373234056923
23261,3,1,0.09645383456522064
23262,5,0,0.05289566013302403
23263,2,0,0.08911721520762388
23264,2,1,0.12853217105464906
23265,3,0,0.3199420767476979
23266,1,1,0.6984104134012766
23267,4,0,0.22079267869970498
23268,5,0,0.06368240269067495
23269,3,0,0.15770698834620153
23270,5,1,0.22484476977644355
23271,1,0,0.18573529518673051
23272,1,0,0.13401836792110627
23273,3,0,0.5678514565388394
23274,2,0,0.13769674936286447
23275,3,0,0.1410492948851398
23276,5,0,0.21412999715566902
23277,4,0,0.10349822302479793
23278,3,1,0.738919440249715
23279,3,1,0.7851140382789681
23280,2,0,0.14110451384302308
23281,4,1,0.7574392054762535
23282,2,0,0.09009330026314208
23283,2,0,0.08830094626819698
23284,5,0,0.6312002652810199
23285,4,0,0.1260185192350869
23286,3,0,0.16571189817177517
23287,1,0,0.6746987400354976
23288,1,0,0.3336306499359576
23289,3,1,0.7617191668185483
23290,2,0,0.09129826579621256
23291,1,1,0.33608354063032136
23292,1,0,0.49973518724258303
23293,3,0,0.05777128020131037
23294,2,0,0.2099265945580772
23295,5,0,0.14892275588901197
23296,2,0,0.1442149757812516
23297,4,0,0.11006400133012875
23298,1,0,0.49438957328131244
23299,5,0,0.07968633462614219
23300,1,0,0.16412827158990786
23301,4,0,0.09020197045337798
23302,2,0,0.0884803780778962
23303,2,0,0.09047205345477069
23304,4,0,0.1029463273784664
23305,1,1,0.7344229594418242
23306,2,0,0.37709660980686927
23307,4,1,0.24206482456981476
23308,2,0,0.08830119312957177
23309,3,1,0.6408924849567346
23310,2,0,0.341820508471501
23311,1,0,0.13895047074801162
23312,3,0,0.13742934760887401
23313,1,0,0.22186073192388292
23314,4,0,0.10064713974182976
23315,3,0,0.16691845205429182
23316,1,0,0.15569649187591497
23317,3,0,0.18198028343787256
23318,3,0,0.12254172546070025
23319,1,0,0.09578210832716795
23320,4,0,0.08964844397310165
23321,2,0,0.08852306943328489
23322,3,0,0.150976448314932
23323,1,0,0.08672954365814961
23324,3,0,0.0909992042730844
23325,4,0,0.2525553517649201
23326,3,0,0.132290766523932
23327,2,0,0.13587379705912392
23328,1,1,0.7478476462145953
23329,5,0,0.21178498106787683
23330,2,0,0.1860563599007233
23331,5,0,0.13551284252279933
23332,4,0,0.2134290821181163
23333,4,0,0.11075194722740851
23334,3,1,0.6740498246824587
23335,3,0,0.1253905112781476
23336,2,0,0.20722225609987655
23337,1,0,0.08734830474850258
23338,1,1,0.2809029707172001
23339,4,0,0.09071555369883055
23340,5,0,0.12713453358195392
23341,1,0,0.09055539359092883
23342,5,0,0.16389509696322505
23343,4,0,0.0902786906871596
23344,2,0,0.27922556566181567
23345,5,0,0.048437843233709504
23346,1,0,0.15471883606001346
23347,1,0,0.16264311938158899
23348,1,0,0.09024286349068066
23349,1,0,0.2778722940116247
23350,4,0,0.12762674304556057
23351,3,0,0.07223753760942439
23352,2,0,0.14962907402542858
23353,3,0,0.07323688865744046
23354,3,0,0.1578073630295094
23355,4,0,0.14678033746559332
23356,1,0,0.09290347580223143
23357,5,0,0.10049118537702414
23358,2,0,0.12870850962437094
23359,4,0,0.18709443545097515
23360,5,0,0.06832625992811567
23361,2,0,0.1732746879941386
23362,1,1,0.19999204243859728
23363,4,1,0.7239804613807451
23364,2,1,0.108504922057008
23365,2,0,0.08891769190308589
23366,1,1,0.11389357245980736
23367,1,0,0.09629333635409017
23368,1,0,0.08518470437315824
23369,1,0,0.3180353129948876
23370,2,0,0.15531528219410526
23371,3,0,0.08494486660790689
23372,3,0,0.053075794620521345
23373,5,0,0.19525295404122217
23374,5,1,0.20343546596604614
23375,1,1,0.23969073032179034
23376,3,1,0.18145913048537893
23377,3,0,0.16632489206062953
23378,4,0,0.10296648507688252
23379,5,0,0.07407883878186282
23380,2,0,0.34195311063564804
23381,1,1,0.7730885835895295
23382,3,1,0.4469321204571221
23383,5,0,0.09138470961871106
23384,3,1,0.11810908182161793
23385,4,0,0.10569732209650336
23386,1,0,0.19592265468681744
23387,4,0,0.19424256925239006
23388,5,1,0.1076403996138537
23389,4,0,0.5245243006849757
23390,3,1,0.47263613257664155
23391,2,0,0.09065000123006808
23392,1,0,0.12483198220121808
23393,5,0,0.08434456744447182
23394,5,0,0.10502636006650107
23395,2,0,0.2793992950999238
23396,2,0,0.08917301615741086
23397,2,0,0.34178681940588923
23398,2,0,0.17933456815590257
23399,3,0,0.0485507599878972
23400,5,1,0.6091002740023008
23401,2,0,0.09079495140241997
23402,3,0,0.10216687509096789
23403,2,0,0.10295020680300107
23404,3,0,0.06787077679858056
23405,5,1,0.6771791682735898
23406,1,0,0.09984581913696437
23407,1,0,0.22090880268554172
23408,2,1,0.18472549230933946
23409,3,0,0.1101405674101818
23410,3,0,0.15454390820185832
23411,2,1,0.17653074956559936
23412,2,0,0.09025484140947194
23413,3,0,0.12018907885120295
23414,2,0,0.1567473951999953
23415,5,0,0.42123132046516243
23416,1,0,0.1097582238658966
23417,2,0,0.1306332452359105
23418,3,1,0.11419940206231691
23419,2,0,0.15362319500047705
23420,5,0,0.07661858596074783
23421,5,0,0.09786967089342243
23422,4,0,0.09806731104739241
23423,4,0,0.13009076370947867
23424,2,0,0.09089966578429673
23425,2,1,0.18118675464131018
23426,1,0,0.21503376141822553
23427,5,1,0.18745522883982987
23428,5,0,0.09731894249712382
23429,5,0,0.14747529226556763
23430,5,1,0.8751063251558182
23431,4,0,0.12661220595237885
23432,3,0,0.17549628411479076
23433,4,0,0.14090152717309778
23434,4,0,0.13901260515254707
23435,4,0,0.13286836870172886
23436,1,0,0.2246338108654919
23437,4,0,0.1372660907054727
23438,3,0,0.42001923300045213
23439,2,0,0.08843578847937868
23440,5,1,0.33945587712231534
23441,1,0,0.08560647420161131
23442,4,0,0.12170632448990715
23443,2,0,0.10464080260573738
23444,1,0,0.1145777973630981
23445,2,0,0.5455252369380154
23446,2,0,0.08798907962173459
23447,5,0,0.2813256530834161
23448,5,0,0.14790801317450167
23449,5,0,0.24539760005754857
23450,4,0,0.1553193753032939
23451,1,0,0.086992807662911
23452,1,1,0.5287602384178461
23453,2,0,0.3923005896495127
23454,4,0,0.19389069629767353
23455,2,1,0.09019023242293975
23456,1,0,0.16456345218012874
23457,3,0,0.23844318073904966
23458,2,1,0.1940195303770507
23459,3,0,0.12363163810607991
23460,3,1,0.5411372649390314
23461,1,0,0.19487085942774368
23462,4,0,0.17955035735368202
23463,2,0,0.08801435288628283
23464,5,0,0.19466839484424656
23465,4,1,0.09135852254972357
23466,1,0,0.12448165495870976
23467,3,0,0.09278636940271316
23468,1,0,0.12464561171578166
23469,5,1,0.23669721407570002
23470,4,0,0.10127442152533589
23471,3,0,0.056970012554838675
23472,3,1,0.05655652047133809
23473,5,0,0.13221470816833503
23474,5,0,0.127305561698951
23475,1,0,0.09326677527524241
23476,4,0,0.16555344360308424
23477,3,1,0.7946632889354547
23478,1,0,0.2071383358967819
23479,2,0,0.21670337808491735
23480,3,0,0.10011668027378247
23481,5,0,0.14918558596357834
23482,1,1,0.7501456494884902
23483,3,1,0.22445037138523538
23484,2,0,0.1320581115238756
23485,5,1,0.5345263570496445
23486,2,1,0.3581329234508921
23487,5,1,0.29785476112143455
23488,4,0,0.09575873628477627
23489,2,0,0.19437919407635318
23490,3,0,0.22272168227573283
23491,3,1,0.7415494188654254
23492,2,0,0.27892663280374613
23493,4,1,0.11297750734186009
23494,1,0,0.25013160375524796
23495,4,1,0.7755459793618524
23496,2,1,0.6884936184396869
23497,4,1,0.7174188466297113
23498,1,1,0.24771044980119172
23499,2,1,0.12919833885954068
23500,2,0,0.23110591467062241
23501,2,0,0.13399819489052697
23502,1,0,0.322090595967084
23503,4,0,0.09158674970064816
23504,2,0,0.08813562358823397
23505,5,1,0.19011079625269747
23506,5,0,0.0940309560806256
23507,2,1,0.6576463681789325
23508,1,0,0.08607056682047305
23509,1,1,0.6769948969288947
23510,5,0,0.44189866120388466
23511,2,0,0.08830468615746322
23512,3,1,0.3224091612290061
23513,2,0,0.08803750805408327
23514,5,0,0.1605904288159822
23515,3,0,0.07771159576793857
23516,1,1,0.5388092875731064
23517,3,0,0.056547009335218945
23518,3,0,0.5583797458800411
23519,1,0,0.2056303031084286
23520,4,0,0.10125813413627865
23521,2,0,0.323113678810841
23522,1,0,0.0974977655459428
23523,4,0,0.09059107321295629
23524,2,0,0.14271883023377915
23525,2,0,0.17569975181570816
23526,1,0,0.08584430888904178
23527,3,0,0.29014806822718037
23528,3,0,0.3053209239818587
23529,4,0,0.1543378109018361
23530,4,0,0.21207098516027925
23531,4,0,0.3548331311087658
23532,3,0,0.11031015415340484
23533,5,1,0.30647203253457445
23534,3,1,0.4982697941743776
23535,3,1,0.30156354443289746
23536,2,0,0.1789341130288629
23537,4,0,0.1319228281240273
23538,1,0,0.09603424892622325
23539,2,1,0.690873205553719
23540,1,0,0.24238081226369118
23541,3,0,0.11897587310093995
23542,2,1,0.392089032782883
23543,5,0,0.11289517303327089
23544,5,0,0.17394855054343725
23545,3,0,0.19944536327582804
23546,4,0,0.08921409316153946
23547,1,0,0.26586762859498475
23548,4,0,0.15427395863387372
23549,5,0,0.15208616542878148
23550,4,0,0.16267856786537283
23551,2,1,0.13144660138508593
23552,5,0,0.23438348431986802
23553,2,0,0.1480828312322453
23554,3,0,0.06007183688676661
23555,4,0,0.1318409872207273
23556,5,0,0.10912970453072629
23557,1,0,0.12292163134588345
23558,5,0,0.13628120405512667
23559,3,0,0.17493356524357845
23560,1,0,0.14760858696679735
23561,1,0,0.17577272521078127
23562,2,0,0.1738140898531138
23563,3,0,0.15308823855784068
23564,4,0,0.11940094429035096
23565,2,0,0.16311182751060663
23566,4,0,0.13596877363843127
23567,5,0,0.2577422827460775
23568,3,0,0.14070077813961374
23569,4,1,0.09304588263176748
23570,5,0,0.0909006205804602
23571,5,0,0.1293530619590678
23572,5,0,0.04654878255882205
23573,2,0,0.08916231753790549
23574,3,1,0.5125630840214375
23575,5,1,0.1624289163446519
23576,5,1,0.6425435790650841
23577,2,0,0.250449425443076
23578,4,1,0.5316805888998462
23579,3,0,0.2936486174104972
23580,2,0,0.20407476910690023
23581,2,0,0.12919953105991774
23582,5,0,0.12393335935263712
23583,2,0,0.09256396899341027
23584,1,1,0.1747108491905199
23585,1,0,0.3649352582904358
23586,5,0,0.16203766932914618
23587,1,1,0.16229568285513732
23588,5,0,0.13295538225427816
23589,1,0,0.08941340726014997
23590,4,0,0.11071796799287893
23591,4,1,0.7849936522646479
23592,5,0,0.13337644626163148
23593,1,0,0.09479287381523266
23594,5,1,0.14314127015134945
23595,5,0,0.19753801623946865
23596,5,1,0.29903019728184993
23597,1,1,0.20129524183533276
23598,2,0,0.11909950086714348
23599,3,0,0.06027754350880103
23600,5,0,0.21354949216230312
23601,5,0,0.2848054921934787
23602,1,0,0.23768427989820765
23603,3,0,0.31516889579709884
23604,4,0,0.08957059153358783
23605,4,0,0.3151380617639792
23606,1,1,0.2710375445846743
23607,3,0,0.14138429027635757
23608,2,0,0.11183572830107835
23609,3,0,0.06733919283055327
23610,2,1,0.7277868230890551
23611,2,0,0.17724807850432786
23612,4,0,0.4440402431823695
23613,1,0,0.0901523199412489
23614,2,0,0.12416239427089965
23615,4,0,0.09134492240018961
23616,3,0,0.21386429324356943
23617,3,0,0.1189009439221468
23618,2,1,0.1276019290025737
23619,5,0,0.1008465404925802
23620,2,0,0.09176323547179249
23621,5,0,0.22446591566582988
23622,2,0,0.6799620363485608
23623,5,1,0.2002124100693626
23624,2,0,0.09082108771602618
23625,2,0,0.3136486105843598
23626,4,0,0.13997584472244368
23627,2,1,0.7027970846969747
23628,3,0,0.3666999702679292
23629,3,0,0.05542067179028715
23630,1,0,0.2778722940116247
23631,4,0,0.11106921472090385
23632,1,0,0.15890323411504412
23633,3,0,0.20287233337603833
23634,5,0,0.285195841014766
23635,1,0,0.45479721224313324
23636,5,0,0.045890942163750045
23637,2,1,0.1262075242697454
23638,3,0,0.13281233171324508
23639,2,0,0.16179452601437658
23640,2,0,0.15808911303421336
23641,5,1,0.7444547621829234
23642,4,0,0.4989237582143299
23643,2,0,0.14232707314379753
23644,1,0,0.1383659124877929
23645,2,0,0.1537764616239611
23646,2,1,0.08899136091033058
23647,1,0,0.08594053843431486
23648,1,0,0.09374721554340908
23649,5,0,0.09120790481864667
23650,1,1,0.129964566223857
23651,2,0,0.29456521275019953
23652,1,0,0.08902748709236798
23653,5,0,0.49522468192745434
23654,3,0,0.09312821596989544
23655,1,0,0.08683966595148707
23656,1,0,0.12193414166794798
23657,2,1,0.16921656666629134
23658,5,0,0.12442803119204834
23659,5,1,0.12583582351704242
23660,4,0,0.14604847290363634
23661,1,0,0.08937486827834605
23662,1,0,0.1517036450399882
23663,1,0,0.13492198839150626
23664,4,0,0.09740149886391024
23665,3,0,0.31651157639189886
23666,5,1,0.5695334902981564
23667,1,0,0.1816677038251659
23668,5,1,0.061526442580262186
23669,1,1,0.3251940885648046
23670,5,0,0.2676009774903346
23671,3,0,0.1814008381023764
23672,3,0,0.08127995160584876
23673,3,0,0.13817499206827932
23674,4,0,0.09630834731834016
23675,2,0,0.19135612331260354
23676,4,0,0.12430291570690817
23677,3,0,0.07003566079653936
23678,2,1,0.2346969239744439
23679,2,1,0.7831104439929376
23680,3,0,0.08592978793170265
23681,2,0,0.10489731212411091
23682,2,1,0.21499704600489802
23683,3,0,0.05636070819472667
23684,2,0,0.08784849776399722
23685,5,0,0.6104728536176307
23686,5,1,0.5788930408398669
23687,5,0,0.49789584068075315
23688,2,0,0.280456761789162
23689,3,0,0.30436583798847155
23690,3,0,0.11249074841311273
23691,1,0,0.15205104597352015
23692,4,0,0.13885319719841388
23693,4,0,0.09317966685318346
23694,3,1,0.06232818002162362
23695,5,0,0.16001031436291627
23696,5,1,0.18762301089747022
23697,2,0,0.663073074822588
23698,5,0,0.19540478678265646
23699,3,1,0.3587870662018551
23700,4,0,0.31722232042426046
23701,4,1,0.13998889602492623
23702,2,1,0.21262354843973078
23703,3,0,0.11130927395670151
23704,3,0,0.3270250540921773
23705,2,0,0.08860874552854156
23706,4,1,0.77087327337898
23707,4,0,0.08967569086740519
23708,5,1,0.6644009470953156
23709,2,0,0.08810982368801938
23710,1,0,0.09388529801426487
23711,4,0,0.08944551678386795
23712,2,0,0.0882147911944416
23713,2,0,0.20970123522240167
23714,4,0,0.09022047123106855
23715,5,0,0.1458194742187741
23716,1,0,0.12012040746683511
23717,4,0,0.21031641397645504
23718,4,0,0.5250062457268695
23719,1,0,0.18346859971665705
23720,4,0,0.08940599521614256
23721,1,1,0.19407458490631055
23722,1,0,0.14066576642436518
23723,5,0,0.0757387296602627
23724,2,0,0.190681816944097
23725,1,0,0.08664080516874689
23726,5,0,0.13715239126235143
23727,3,0,0.0778574452613031
23728,5,1,0.24866642335151448
23729,5,1,0.14958763226705574
23730,2,0,0.1005888441212896
23731,1,1,0.6392694075371276
23732,5,0,0.02718636249160354
23733,4,1,0.719044681503549
23734,4,0,0.09653983664432164
23735,4,0,0.09066831958660049
23736,2,0,0.09444880473027273
23737,5,1,0.637813842614235
23738,2,0,0.15212104716800837
23739,1,1,0.2281896670034495
23740,1,0,0.08592230687749759
23741,5,0,0.058235097456246124
23742,3,0,0.06753124330286502
23743,2,0,0.14934805343140362
23744,3,1,0.062116615167928525
23745,3,0,0.1601867933978037
23746,2,0,0.08885646992744131
23747,2,1,0.20349603519864365
23748,3,1,0.08009260107713495
23749,4,0,0.28193659588168585
23750,2,0,0.279084041635977
23751,1,0,0.1143507430547904
23752,4,0,0.11319085031533681
23753,4,0,0.09536374143404072
23754,5,0,0.199121589716974
23755,3,0,0.1884819988270778
23756,4,0,0.16616215628906483
23757,4,1,0.17173069275919295
23758,4,1,0.15722385912528405
23759,5,0,0.14929553293247083
23760,4,0,0.14168616976368986
23761,2,1,0.7480178855749415
23762,4,0,0.15492741437875907
23763,2,0,0.18065528040962886
23764,3,0,0.5263180683016853
23765,5,1,0.1359839318258913
23766,3,0,0.09025937970254976
23767,1,0,0.18111864017841434
23768,2,0,0.16008608112887873
23769,3,0,0.44088511526946605
23770,1,0,0.10749218781242982
23771,2,0,0.10713464724561178
23772,5,0,0.1799183850351967
23773,3,0,0.0782960429508408
23774,5,0,0.06396041167146381
23775,1,0,0.1784968255721759
23776,1,0,0.219165715942703
23777,4,0,0.7585408401991866
23778,3,0,0.2907279722366962
23779,1,0,0.09459428822302363
23780,2,0,0.125856841273967
23781,4,0,0.15514719194193127
23782,1,0,0.18162447318572256
23783,5,0,0.39355418062983727
23784,5,0,0.06788797515231841
23785,4,0,0.08993584061311428
23786,2,1,0.374812626882138
23787,3,1,0.1506995148490453
23788,3,1,0.7343000391816805
23789,5,1,0.07017500115591674
23790,1,1,0.41251999704950626
23791,3,0,0.22351187786746632
23792,5,0,0.10281502646288664
23793,4,0,0.15137567494239437
23794,1,0,0.7453480595812692
23795,4,1,0.3684780370388071
23796,1,0,0.1818089185727089
23797,3,0,0.11388240072339241
23798,3,0,0.09711710968676406
23799,1,0,0.14696410803772114
23800,2,0,0.35607183115871954
23801,4,0,0.09059131383398006
23802,5,1,0.6137290228599512
23803,3,1,0.1819028325532408
23804,4,0,0.18782638365967005
23805,1,0,0.18738436304325187
23806,2,0,0.640429821144235
23807,2,0,0.13461777709027659
23808,5,0,0.07464882406492691
23809,4,0,0.10148237321926198
23810,2,0,0.1468581598356634
23811,2,0,0.09013150100642954
23812,1,0,0.08684621337664584
23813,2,1,0.20219405823053802
23814,4,0,0.1098538963166882
23815,4,0,0.08913292515890897
23816,2,0,0.09020517222907856
23817,5,1,0.20639019516453408
23818,5,0,0.1934347167144606
23819,1,0,0.31096927735544777
23820,4,0,0.13010928145620518
23821,5,0,0.14875344290161815
23822,2,1,0.15781601358300643
23823,2,0,0.2595141761159403
23824,4,0,0.14253442534498875
23825,1,1,0.5402206853883893
23826,5,0,0.19246690463309427
23827,1,0,0.19178771892759852
23828,5,0,0.1177025095627176
23829,3,0,0.07127208699659492
23830,1,0,0.10959675342946802
23831,1,0,0.09441522602282408
23832,4,0,0.22539685213479596
23833,2,1,0.1948596886642672
23834,2,0,0.2285037165817284
23835,2,0,0.14287307585116282
23836,3,0,0.347370952449151
23837,3,0,0.06713871352506257
23838,2,0,0.09351322787024514
23839,2,1,0.1313794698190421
23840,4,1,0.1463144703747997
23841,2,1,0.11601733826613571
23842,1,0,0.11385700343618563
23843,4,0,0.0899047980066191
23844,5,0,0.151280142530377
23845,3,0,0.18548197033355213
23846,5,0,0.08558831408872546
23847,3,0,0.10605914143451846
23848,5,0,0.10817619727627598
23849,1,0,0.17893327894349656
23850,4,0,0.12477262158593744
23851,1,0,0.26924468568801524
23852,4,0,0.2030469406374047
23853,5,0,0.04861723070832278
23854,3,0,0.07561710832076733
23855,3,0,0.08183597797873096
23856,3,0,0.13892430915210924
23857,4,1,0.6986385417900318
23858,1,1,0.8128516442690895
23859,3,0,0.21457800644674185
23860,5,0,0.2655728619979162
23861,1,0,0.3677109381111073
23862,1,0,0.11183277833880406
23863,2,0,0.23418544610090586
23864,3,0,0.38012749027824994
23865,1,1,0.4497710042696796
23866,4,0,0.2820483145048866
23867,4,1,0.6923268815452011
23868,5,0,0.1886959760917277
23869,4,0,0.11634769072385175
23870,3,0,0.09802965889341655
23871,5,0,0.11996981469579156
23872,5,0,0.1950479937661361
23873,5,0,0.1389589506286314
23874,4,1,0.7643431495178539
23875,1,0,0.18786381953573045
23876,4,0,0.09535821594240612
23877,2,0,0.08900772387210622
23878,1,0,0.5294274977508483
23879,5,0,0.14601720203269247
23880,4,0,0.09079905399729893
23881,3,0,0.07019762013358183
23882,2,1,0.3217787582031527
23883,4,0,0.12189896015612077
23884,1,1,0.5874179779687188
23885,2,0,0.31387920312752
23886,3,0,0.06757494522072427
23887,5,1,0.6482438277507692
23888,3,0,0.07406062111087751
23889,4,0,0.4519377359180037
23890,4,0,0.08904330798443083
23891,1,0,0.09877113895715439
23892,5,1,0.8062930918081175
23893,3,1,0.09941316777802094
23894,5,0,0.16885001514249526
23895,2,1,0.1789018228822507
23896,4,0,0.15832682756074426
23897,3,0,0.08610867532741155
23898,3,1,0.7493058149214714
23899,2,0,0.4762424610511147
23900,1,0,0.08624661923514954
23901,2,0,0.08829187519971894
23902,4,0,0.10742788676580489
23903,4,0,0.2374469757442135
23904,1,0,0.14968233842928083
23905,2,0,0.24171304147951286
23906,2,0,0.10172456192899465
23907,5,0,0.04253656984356592
23908,1,1,0.3505698920873603
23909,1,0,0.16406820913466805
23910,1,0,0.17207587866084617
23911,1,0,0.7166246252940762
23912,3,0,0.09051530030259658
23913,5,0,0.11270907721147992
23914,5,0,0.05256680693568411
23915,5,0,0.12591899289675126
23916,2,0,0.09237225419891787
23917,2,0,0.08850164924752853
23918,3,0,0.2699112213690644
23919,2,0,0.21204675986702323
23920,4,0,0.1593028310623814
23921,3,0,0.08033816809919139
23922,5,0,0.09546185922183249
23923,3,0,0.15458186625583414
23924,1,0,0.2024862644210017
23925,3,0,0.051116857572794834
23926,2,1,0.21741610229836697
23927,4,0,0.09690358016250485
23928,1,0,0.10752541097364374
23929,2,0,0.09632951148002772
23930,1,0,0.08930435374570579
23931,2,0,0.17953331854839405
23932,2,0,0.5956520368366892
23933,4,0,0.4372558419772013
23934,4,1,0.16520738227466247
23935,3,0,0.07902010354317633
23936,3,0,0.14959800400197024
23937,4,0,0.1014654998389135
23938,3,0,0.08673745209367993
23939,4,0,0.18617746573943975
23940,1,0,0.14363746444510328
23941,2,0,0.17786812929278073
23942,1,0,0.10767578012875167
23943,1,0,0.08514130296486239
23944,4,0,0.16325876316041563
23945,3,0,0.47636971703618475
23946,4,0,0.1706925289205877
23947,5,0,0.08590030511460274
23948,5,0,0.11374453175580707
23949,1,0,0.1752459899263261
23950,3,0,0.0829432663603412
23951,3,0,0.07061052532657933
23952,3,0,0.1391010573881486
23953,3,0,0.05665918992872674
23954,3,0,0.15074880870308383
23955,3,0,0.2207396750987022
23956,5,1,0.34542114466666585
23957,3,0,0.3210790206961486
23958,4,0,0.7077774378992182
23959,3,0,0.16336384150401628
23960,3,1,0.5319617984214838
23961,2,0,0.10306161511082733
23962,1,0,0.4121406727647663
23963,2,1,0.13223854993327164
23964,2,1,0.08906086729978656
23965,4,0,0.1369897064930569
23966,5,0,0.1018529399341143
23967,1,0,0.08803039852277982
23968,1,0,0.7069587903583748
23969,1,0,0.1495726448821189
23970,1,0,0.10978413786001678
23971,1,0,0.08671249617621712
23972,5,0,0.058515892676567226
23973,3,1,0.11403529326134883
23974,3,0,0.1489159438358038
23975,2,0,0.22911007646071477
23976,5,0,0.26412821550869764
23977,2,0,0.16911488719171197
23978,2,0,0.4555500875281348
23979,2,0,0.22665362284470356
23980,1,0,0.09014406409254898
23981,2,1,0.08889942158963772
23982,1,0,0.08546061418773525
23983,2,1,0.7279638522818825
23984,1,0,0.16592164425706943
23985,3,0,0.19347594610367747
23986,5,0,0.1818552513354333
23987,4,0,0.17782919038000644
23988,4,0,0.1223309916370688
23989,2,0,0.0916345414390112
23990,4,1,0.1921782147504556
23991,5,0,0.20259189423286952
23992,4,1,0.19133703818643336
23993,2,0,0.14263552096591472
23994,4,0,0.17700469442144817
23995,1,1,0.09444785121770742
23996,4,0,0.13270925585717766
23997,2,0,0.09973575213480733
23998,1,0,0.2754367844753525
23999,5,0,0.13989652994839433
