row_index,fold,y_true,y_score
0,4,0,0.7045594956311876
1,1,0,0.31066836689551963
2,3,0,0.38789472752249526
3,5,1,0.10215440923253703
4,3,0,0.2306813022983026
5,5,1,0.21085968892235082
6,5,0,0.37681747624214895
7,2,1,0.7345796710981525
8,4,0,0.0925759363945909
9,1,0,0.1096236552706666
10,1,0,0.4096819161441959
11,4,1,0.15107472520145113
12,5,1,0.387731657833395
13,3,0,0.19451250335936604
14,4,0,0.2719290418381617
15,3,0,0.11664444512325806
16,2,1,0.6633102979572539
17,4,0,0.13859524572592213
18,5,0,0.3046351627075614
19,5,0,0.1418502080327794
20,4,0,0.08678769411936915
21,4,0,0.11067684312073843
22,4,0,0.1769015787955626
23,5,0,0.5260852014707579
24,3,0,0.11838015154612745
25,1,0,0.24147408270009912
26,4,1,0.12595366663563376
27,1,0,0.10236040201450917
28,1,1,0.33561438257445875
29,4,0,0.18198391922398124
30,4,1,0.5443270499740528
31,3,0,0.0993601418137621
32,3,0,0.08869529239531952
33,1,0,0.05177314113140175
34,1,0,0.3006702548345753
35,3,0,0.22391731633124307
36,5,0,0.32018113442519885
37,3,0,0.7982486356440356
38,1,1,0.14160652485983502
39,4,0,0.38870691212501984
40,5,0,0.14087142781937767
41,3,1,0.34926012878898277
42,2,0,0.05126044578804078
43,5,1,0.47848529778879584
44,1,0,0.24940623650519586
45,5,0,0.26057319229131753
46,2,0,0.3212947199809575
47,3,0,0.11267955964839248
48,1,0,0.17870314369045776
49,4,0,0.12874389779078174
50,5,0,0.14373997963381535
51,5,1,0.5330756491907409
52,4,1,0.717148617043202
53,5,0,0.11945752355794781
54,1,0,0.22560027745655578
55,4,1,0.16591494245102328
56,1,0,0.12977517425256574
57,5,0,0.13076029801726188
58,3,0,0.19549540332169119
59,5,0,0.09767128877039985
60,4,0,0.27357298482387016
61,1,0,0.25943902113264566
62,1,0,0.11160970526195554
63,3,0,0.14939625285604113
64,3,0,0.08762976189903508
65,2,0,0.1384517568471703
66,5,0,0.05970702698959947
67,3,0,0.17019547791486436
68,3,0,0.06488044006751914
69,5,0,0.11719370124749208
70,2,1,0.6425442979254897
71,3,1,0.08559585152336195
72,4,1,0.5713589635769287
73,3,0,0.0825986705164046
74,5,0,0.21498180073157222
75,1,0,0.35718115106031617
76,2,0,0.10042272970993296
77,2,0,0.13774567075571995
78,4,0,0.3905083256108009
79,1,0,0.1523217199705268
80,5,1,0.15437564072544427
81,4,1,0.6913127826338044
82,3,0,0.1945049719332339
83,4,1,0.1493891952989759
84,3,0,0.08065994376347119
85,3,0,0.13764120655059214
86,3,0,0.31105810738799355
87,2,0,0.15995816972036503
88,1,0,0.16060383138673215
89,4,0,0.14142745999426207
90,3,0,0.1582359386500359
91,5,0,0.1402746373864772
92,2,0,0.28381896344703333
93,3,0,0.07449845443847106
94,4,0,0.1633599696799827
95,3,0,0.1935867557291406
96,2,0,0.4475498687416898
97,3,1,0.18728815268163218
98,4,1,0.1453108889137749
99,5,1,0.6300618348503526
100,5,0,0.3779391185780369
101,3,0,0.31093350299993494
102,3,0,0.11466687668230106
103,2,0,0.09858777732100922
104,3,1,0.24476192933549995
105,5,1,0.15794521427556898
106,2,0,0.14605114716667825
107,4,0,0.18461009049994345
108,5,0,0.1253891109092195
109,2,1,0.5042926033520745
110,3,0,0.21477658482700362
111,1,0,0.1487134310740622
112,3,0,0.10612960333973233
113,5,0,0.2022114009318316
114,3,0,0.1041742253351173
115,4,0,0.14335768795405646
116,2,0,0.08546620957141289
117,4,0,0.0935193473906279
118,1,1,0.4805942180468742
119,2,0,0.12495535256485409
120,1,1,0.21411522211858053
121,2,1,0.11179503038957025
122,3,0,0.189115528204971
123,4,0,0.1812962835731027
124,3,0,0.1689559208416658
125,5,1,0.44472744853449875
126,1,1,0.18574454963267195
127,4,0,0.1317980205194204
128,1,0,0.4906080751305495
129,3,0,0.12085042375532078
130,4,0,0.1759016458821217
131,5,1,0.09675157060146371
132,1,0,0.11156711465959696
133,2,0,0.34850018444301434
134,2,0,0.180529090236753
135,2,0,0.15035745676868986
136,3,0,0.12240513005117355
137,4,0,0.06576942990972975
138,1,0,0.12299632952311622
139,5,0,0.12891434456561682
140,1,0,0.1784056935222544
141,2,0,0.11545297701985734
142,1,0,0.08368327923844232
143,2,0,0.123387465965663
144,5,0,0.29218072425188707
145,2,0,0.4448590661870021
146,5,0,0.5725237654959622
147,2,0,0.18039978692618933
148,5,0,0.20386267730517701
149,1,0,0.11268411479325911
150,5,0,0.11776869331938027
151,1,1,0.05949231729958597
152,5,0,0.2332039704700974
153,3,0,0.13362388618207377
154,5,0,0.4675158513340987
155,2,0,0.12405299243332013
156,4,0,0.14724136938985413
157,5,0,0.17701570104788283
158,2,0,0.09330466075835903
159,2,0,0.10796102488670951
160,5,0,0.10538705128271676
161,2,1,0.4272720776368625
162,1,0,0.12270035363283119
163,2,0,0.05940560324246207
164,4,0,0.1541203304351176
165,3,0,0.18142756116970965
166,3,0,0.09758509864488783
167,2,0,0.0698572618764056
168,1,1,0.2511900829852682
169,5,0,0.06260958790769813
170,1,0,0.12792940465886182
171,3,1,0.1355440690236246
172,1,0,0.10529413275583978
173,1,0,0.11411623478433625
174,5,0,0.08529637744234136
175,5,1,0.0849449347642018
176,1,1,0.17953861129918225
177,3,1,0.11911963023266053
178,4,1,0.6159873430478924
179,5,0,0.14243740291463045
180,3,0,0.06266452817464205
181,1,0,0.11847368717172357
182,2,0,0.08092440746156802
183,2,0,0.1107077552790484
184,1,0,0.22497075310784262
185,1,0,0.12616325231771444
186,5,0,0.11670938771418295
187,1,0,0.4485333453323227
188,5,0,0.05559026949262495
189,2,1,0.28612521489696424
190,2,0,0.5126287031831319
191,4,1,0.22562990181649883
192,5,0,0.14410542345468746
193,2,0,0.2936729297181999
194,5,0,0.40159270590409074
195,4,0,0.13339634743508458
196,3,1,0.13875071522895474
197,4,1,0.11031845581794418
198,1,0,0.07638408787574999
199,2,0,0.29887189268996855
200,4,0,0.13096837817474566
201,1,0,0.15549878784237134
202,4,0,0.2680694570874376
203,3,0,0.0576736438465615
204,1,0,0.1117472897460284
205,3,0,0.35068584732004005
206,3,0,0.14408769626449305
207,4,0,0.3246302433630392
208,5,0,0.10933046060725925
209,3,1,0.21323008107286343
210,2,0,0.08584881238328615
211,1,0,0.13905246247438033
212,3,0,0.10477859067816955
213,2,1,0.27589320062811923
214,2,0,0.19315961271371673
215,1,1,0.8298781710816069
216,5,0,0.3922296199070085
217,5,0,0.13067299713044134
218,2,0,0.141142223278217
219,5,0,0.13212830587002822
220,5,0,0.09777530293043447
221,2,1,0.8040761151791416
222,2,1,0.7178780178466669
223,1,0,0.12495956126807756
224,4,0,0.17146406975228848
225,1,0,0.14968726213672132
226,5,0,0.11725400007931941
227,3,0,0.16538921121883163
228,3,0,0.06869888003084167
229,5,0,0.1388421039878239
230,5,0,0.054298061629956026
231,3,0,0.11081792598090283
232,2,0,0.37455572883872
233,2,0,0.09726209935236188
234,3,0,0.1792125481201853
235,2,0,0.13579309407343046
236,2,0,0.1791507790444187
237,3,0,0.10379730578508067
238,4,0,0.1716456220569024
239,1,0,0.08250733830831705
240,3,0,0.33522486272530577
241,4,1,0.11133793950866464
242,3,0,0.18379195835872908
243,2,0,0.11158656327429402
244,5,1,0.37591915130840814
245,4,0,0.099735002777716
246,1,0,0.20019578337879088
247,4,0,0.786418770283331
248,4,0,0.261810877608066
249,3,1,0.17869292572360052
250,4,0,0.06093085486109609
251,2,0,0.12327074200881839
252,5,0,0.07783986829275416
253,4,0,0.4499781485428294
254,2,0,0.6828583501249695
255,1,0,0.22125939308509987
256,1,0,0.33361052849026507
257,2,0,0.08697131743354003
258,4,0,0.18927995644441334
259,2,0,0.3765983753721327
260,5,0,0.2868519662153343
261,2,0,0.1195149157835684
262,1,0,0.1423355393429407
263,3,0,0.07830463666300633
264,3,1,0.6923518201476208
265,3,0,0.18679370189981856
266,1,0,0.04204341719604332
267,4,0,0.09839092338423605
268,2,0,0.15396972058700484
269,1,1,0.39876051904822385
270,5,0,0.07390757252968068
271,3,0,0.07255575949557926
272,4,0,0.12140479451062282
273,5,0,0.11776332373339622
274,5,0,0.12498422179927163
275,3,0,0.7924392443016307
276,1,0,0.11407181321308604
277,1,0,0.07557872732312425
278,5,0,0.09733976423230344
279,3,1,0.6709846177282253
280,2,0,0.14744834995706088
281,2,0,0.45320803292672635
282,1,1,0.35238788651162367
283,2,0,0.09119727110032438
284,4,0,0.13045255404844783
285,4,1,0.7981047326813168
286,5,0,0.2964791088392895
287,3,1,0.1399047427817001
288,1,0,0.42784917138720985
289,4,0,0.06446905189931745
290,5,0,0.061430959774328824
291,4,0,0.13465836155752536
292,4,0,0.11752009515112047
293,4,1,0.5134303255324769
294,3,0,0.17334203754502042
295,3,0,0.1705802501107327
296,4,0,0.10610061340981662
297,3,0,0.08725236083143204
298,4,0,0.03353089698047367
299,2,0,0.08849585795341969
300,3,0,0.13411460482799487
301,1,1,0.09542447592345166
302,1,0,0.10704963592463274
303,3,0,0.09300745811847627
304,2,1,0.13032608734233425
305,3,0,0.11816245354070726
306,3,1,0.24067923848887546
307,2,0,0.06045846666235515
308,4,0,0.1185056539777489
309,1,1,0.7696210746646098
310,3,1,0.7225263147115422
311,2,0,0.11241506595280776
312,1,1,0.1252695418477806
313,3,0,0.09682253619843692
314,5,0,0.12734667496986382
315,4,0,0.13142259390705308
316,4,0,0.13429774903443878
317,5,0,0.14714879889169258
318,3,0,0.1854248799857405
319,5,0,0.07939142994997406
320,5,0,0.3365367513440952
321,5,0,0.041203939231845704
322,5,0,0.1510519149379726
323,4,0,0.08854147175692434
324,3,0,0.028606772281259588
325,3,1,0.1609360300012911
326,2,1,0.45912922287678026
327,4,1,0.12969449113654585
328,5,1,0.8600327015205905
329,5,0,0.29596959068434225
330,1,0,0.22016651809417062
331,1,1,0.1757326862276756
332,4,0,0.30276923874656714
333,4,0,0.1752252619943054
334,3,0,0.1721799218894732
335,5,0,0.08638842758443743
336,1,1,0.11939926804592503
337,3,1,0.772318177976788
338,3,0,0.12961280540201678
339,2,0,0.11074158773579984
340,2,0,0.32056305077624714
341,2,1,0.48435704267708896
342,4,0,0.2806103259818209
343,3,1,0.2801765466272104
344,3,0,0.1320753429037842
345,2,0,0.1632239341839062
346,2,0,0.12212224661035698
347,2,0,0.12040906342440164
348,2,0,0.17105414039121944
349,4,0,0.15073591418027413
350,5,0,0.10593430546390585
351,2,0,0.16787130245564746
352,4,0,0.12498172755853154
353,4,0,0.10118647627737701
354,4,0,0.8449126112401222
355,1,0,0.16159211667370388
356,3,0,0.10199895682428141
357,5,0,0.16608879303934238
358,3,0,0.08920376647344526
359,4,0,0.10602481603811516
360,5,0,0.09858888761524072
361,3,0,0.16110658039036474
362,5,0,0.27023669539410833
363,2,1,0.1904275406441702
364,5,0,0.16494793246793754
365,5,0,0.12994404282246366
366,3,0,0.13088864368498992
367,4,0,0.10079561081229704
368,2,1,0.07027755882312094
369,3,0,0.10750062412363665
370,1,0,0.8511370840364991
371,4,0,0.18516689702225356
372,2,0,0.10556687310987618
373,1,0,0.06624841474423714
374,4,0,0.10003115174864718
375,2,0,0.09483494189427538
376,3,0,0.14682385081777447
377,3,0,0.1716988085810523
378,4,0,0.0905453136998809
379,3,0,0.24832560187747704
380,4,0,0.10508028366399583
381,3,1,0.22844895047929267
382,5,0,0.14497750462507303
383,2,1,0.5158217120002243
384,5,1,0.7951983637431217
385,4,0,0.11940745232577844
386,1,0,0.15042096933166607
387,3,0,0.1210506729045957
388,3,0,0.21502476936217418
389,4,1,0.14855414016017832
390,2,1,0.10392283529167162
391,3,0,0.131764909703194
392,3,1,0.1341608185603448
393,1,0,0.11319981383330918
394,3,0,0.17396592936212915
395,5,0,0.1841986077742932
396,5,0,0.2211130691893332
397,4,0,0.12936557236124652
398,4,0,0.11080000189522674
399,2,0,0.4327215761645647
400,5,0,0.04436181308739435
401,2,0,0.08418821822864625
402,3,1,0.3124755869629374
403,5,0,0.10456715407707963
404,1,0,0.11718682331580224
405,4,0,0.11260172361664249
406,4,0,0.10456575819893872
407,1,0,0.12111443560481415
408,1,0,0.6189602261053003
409,5,0,0.33218969048179875
410,1,0,0.8315337893645165
411,4,0,0.08204936008610487
412,3,0,0.23297233928686312
413,3,0,0.18001141694293119
414,5,0,0.10174307709868605
415,5,0,0.13430663808777948
416,1,1,0.4167720984550266
417,1,0,0.15400848057220828
418,5,0,0.13558918954997984
419,4,0,0.14444300721152326
420,3,1,0.12353141703830446
421,5,0,0.11607703146887338
422,5,0,0.06222791255076703
423,1,0,0.14867761603537943
424,4,0,0.11036090188478916
425,3,0,0.10403055462805097
426,2,0,0.119328564955163
427,5,0,0.09865347799023043
428,3,0,0.07007512486234266
429,3,0,0.135916996531861
430,1,1,0.10464801391336974
431,2,0,0.3943748200525939
432,2,0,0.10538875435021877
433,3,0,0.10348863956472107
434,2,1,0.12529793599230826
435,5,0,0.09143690689536542
436,2,0,0.1054376871302699
437,4,0,0.14983621729578878
438,1,0,0.1820901664256634
439,3,0,0.06147880480422084
440,3,0,0.2471861494530164
441,3,0,0.17744452289868984
442,5,0,0.17189886000178528
443,4,0,0.5124337126715252
444,5,0,0.11467438321212371
445,3,0,0.10793861707144918
446,4,0,0.1643259870720879
447,4,1,0.7773976662723218
448,4,0,0.34868832283247203
449,4,0,0.27013014348184283
450,3,0,0.09075245039287874
451,4,0,0.09025776176378117
452,4,0,0.10611821372220984
453,5,0,0.48745464540109706
454,2,0,0.11876376895396507
455,1,0,0.14745035746074814
456,3,0,0.0752952663576524
457,5,0,0.12871128088774553
458,3,1,0.05096148729967058
459,2,0,0.1189745980631289
460,4,0,0.16424858318436533
461,2,0,0.12981303356534565
462,4,0,0.11305000592931466
463,4,0,0.09937258035190517
464,4,1,0.16713418264477423
465,2,0,0.06850314516638178
466,4,1,0.5126079685298929
467,4,0,0.18132127924077016
468,3,0,0.16421089675402537
469,5,0,0.09756933205011299
470,5,0,0.11812426773110611
471,1,1,0.28345909269533237
472,3,0,0.24685292807453801
473,2,0,0.24854572182235318
474,4,0,0.3359153143211394
475,1,1,0.8789947138899472
476,3,0,0.1428766795715623
477,5,0,0.15888658908651884
478,1,0,0.19790870122415707
479,1,0,0.09607699800844109
480,3,0,0.15378645514704645
481,3,0,0.10589588165925737
482,3,0,0.22515827754141585
483,5,0,0.08420245580043083
484,2,0,0.12344599063532248
485,2,0,0.39674299570709326
486,5,0,0.04057756288221912
487,4,0,0.23395540340579307
488,5,1,0.1172896371794883
489,3,0,0.16849010531284545
490,3,0,0.2162961655927587
491,3,0,0.10568565820040737
492,2,0,0.150131608014175
493,2,1,0.8481556497840322
494,5,0,0.15191615699243474
495,1,1,0.18885995443007506
496,3,0,0.14103579425756227
497,5,1,0.14755254226937292
498,1,1,0.8334955432781399
499,2,0,0.1525733584650315
500,4,0,0.04230560663647511
501,5,1,0.8453675582802054
502,3,0,0.10802723032223245
503,2,0,0.058433119794284234
504,1,0,0.08318212689834925
505,3,0,0.4647172295312212
506,4,0,0.22426628454989114
507,3,0,0.08709177517812733
508,4,0,0.0875975423933372
509,5,0,0.18133257769510075
510,5,1,0.5013691909091385
511,2,1,0.8197368557867948
512,1,0,0.07399220413864097
513,2,0,0.11083099785952524
514,4,0,0.5517787582487998
515,3,0,0.022783958082642865
516,5,0,0.17694360063555997
517,5,0,0.11789122023675416
518,5,0,0.07595816990147386
519,1,1,0.41612191179236696
520,5,0,0.10461818965241258
521,3,0,0.13415879765068722
522,2,0,0.23287740036399826
523,5,0,0.027853191599278487
524,3,1,0.8166173606950715
525,5,0,0.08236012158283001
526,5,0,0.12453439242573358
527,2,1,0.23882285678813134
528,5,1,0.6426707982290855
529,3,0,0.1077709327141082
530,3,0,0.13801334020388384
531,4,0,0.11098099021543971
532,2,0,0.29558116796933265
533,5,0,0.09169978727201876
534,1,0,0.10250806585025343
535,1,0,0.4005079268398052
536,3,0,0.13220408615591223
537,1,1,0.12142517682137505
538,2,1,0.5258193017096419
539,1,0,0.0464031045207701
540,4,0,0.09327964273857826
541,3,0,0.1626857067525242
542,1,1,0.1644967596619828
543,2,0,0.22903549104844026
544,4,0,0.14609748817004747
545,4,0,0.1834902824093927
546,1,0,0.22235506135277558
547,4,0,0.24597048108440667
548,1,1,0.13537483107277362
549,3,0,0.12272040180203084
550,5,0,0.13973534187456546
551,4,0,0.16104149354318031
552,1,0,0.18088104440773567
553,2,0,0.22671335821052208
554,2,1,0.37524450595987097
555,3,0,0.11733476859726201
556,4,0,0.294927062664148
557,5,0,0.1432915756749549
558,3,0,0.10082566528355916
559,5,0,0.23830544479491783
560,1,0,0.6638976890473951
561,1,0,0.5500620620802612
562,5,0,0.12619326432519648
563,4,0,0.13063255115220032
564,3,0,0.07690657762461657
565,2,0,0.20960681142922058
566,4,0,0.11847649246209824
567,2,1,0.2903245973413237
568,2,0,0.10932552053794947
569,4,0,0.11391417222068087
570,5,1,0.1237238838543734
571,5,0,0.11805285500322409
572,2,0,0.16112198182676865
573,5,1,0.08573343041995307
574,1,0,0.043616980043375865
575,5,0,0.1401132711526872
576,2,0,0.07884646587177349
577,2,0,0.37378994278634803
578,4,0,0.08262498036288085
579,4,0,0.02974221459940774
580,3,0,0.07958413379803658
581,2,1,0.30623550603983773
582,5,0,0.10577363969645374
583,1,0,0.26220476743243465
584,2,0,0.15826805946663458
585,1,0,0.12928946631837673
586,3,0,0.18913294479548698
587,2,0,0.06917069962646376
588,1,0,0.13736151269134686
589,4,1,0.16801231182557214
590,5,0,0.11270850678506243
591,2,0,0.10063835703497324
592,2,0,0.12297394595206416
593,5,1,0.13721735943996785
594,1,0,0.10711758243361981
595,4,0,0.17362586846017145
596,1,0,0.2385360657155926
597,5,1,0.20192821751930512
598,1,1,0.7545212939783023
599,3,0,0.07392620901042554
600,5,0,0.08172603177699739
601,5,0,0.12200367600346183
602,4,0,0.08548755831536939
603,4,0,0.09675070460838311
604,5,0,0.23845035664828443
605,2,0,0.11273495689402975
606,4,0,0.2790063546030154
607,4,1,0.15106900771824947
608,4,0,0.19419102408242694
609,3,1,0.5815627223821133
610,1,1,0.6450575235747413
611,3,0,0.24697689009807097
612,4,0,0.11116306006609479
613,3,0,0.10679658011638117
614,2,0,0.2036751309998283
615,4,0,0.08472269873251939
616,2,0,0.8589787335555624
617,3,0,0.10417442603836187
618,1,0,0.14361021018910464
619,5,0,0.09822251224547154
620,3,0,0.14958610076456905
621,3,1,0.6282405204398774
622,3,1,0.38219156695239603
623,1,0,0.13236466529949126
624,4,1,0.5880683145082859
625,1,1,0.13739214474220993
626,4,0,0.08252418923360354
627,3,1,0.802368115987806
628,4,1,0.2008348460147377
629,2,0,0.06794497358225654
630,4,0,0.2899623856557352
631,3,1,0.1491528249061484
632,2,0,0.26932655270428196
633,2,0,0.11868059034702214
634,1,0,0.11195104572160249
635,5,0,0.10163892482341877
636,2,1,0.5616536882928626
637,4,0,0.061985102185471985
638,3,1,0.20226030133620065
639,5,0,0.04198170547238945
640,2,1,0.17090814559539813
641,1,1,0.7773858854805795
642,4,0,0.1341113390924616
643,2,0,0.17155033243913126
644,2,0,0.094083767365802
645,3,0,0.16777153171427087
646,4,1,0.2250345611858628
647,5,0,0.07130458508550133
648,2,0,0.13316651027058152
649,2,1,0.15236934175136368
650,3,0,0.6416571690465689
651,1,0,0.12648735036030742
652,2,0,0.12972085347468135
653,2,0,0.3665471472587606
654,4,0,0.6892371668436929
655,2,0,0.16466914672154787
656,5,0,0.5554836717240567
657,1,1,0.41406473950845174
658,1,1,0.20675619809078416
659,1,0,0.060025866529454124
660,4,1,0.11144490914901146
661,3,0,0.07834861394657303
662,4,1,0.9019312799095015
663,4,0,0.6262531671542123
664,1,0,0.130983582273282
665,3,0,0.16437840285529315
666,1,0,0.08568731150584082
667,3,0,0.15736848092303718
668,5,0,0.07059712002578696
669,5,0,0.1058202134262074
670,5,0,0.11055483801881133
671,2,0,0.1270074215981725
672,4,0,0.14173504022535274
673,3,1,0.4758133981929325
674,4,0,0.601660957929173
675,3,0,0.12259261684511508
676,4,0,0.12367582012483944
677,5,1,0.2598010526653273
678,2,0,0.17470751536664408
679,3,1,0.3456781404096927
680,3,0,0.25620657453519946
681,3,0,0.2539679232443871
682,4,0,0.2638523968365646
683,1,0,0.31570955259214245
684,1,0,0.05235185131407339
685,5,0,0.1136428067126935
686,2,0,0.20414823767246634
687,3,0,0.32590892024554363
688,1,1,0.8524823034044429
689,4,0,0.1143302938710132
690,5,0,0.11590735355054237
691,1,0,0.09530175144810704
692,5,0,0.6023029303326841
693,4,0,0.13628145317727056
694,2,0,0.09070001532647538
695,1,0,0.16693063652912646
696,5,0,0.3827098992063081
697,1,1,0.7569571328706525
698,4,0,0.06727153568238449
699,2,0,0.11706690439347267
700,5,1,0.09904534087228536
701,1,0,0.11678567794126794
702,3,0,0.12346401319926643
703,4,0,0.12639888668056454
704,2,0,0.10615542898585305
705,2,1,0.6862343726925808
706,1,1,0.3384185381860675
707,3,1,0.8789619147945769
708,2,0,0.22157457154843033
709,5,1,0.15391922732172741
710,2,1,0.13231459710587734
711,4,1,0.42612559194205724
712,2,1,0.617453753000363
713,1,1,0.23973205329178607
714,5,1,0.4171811779718098
715,1,0,0.13246314091735856
716,4,1,0.11160052122943095
717,2,0,0.0995310160335626
718,3,1,0.435197896518813
719,5,0,0.1408723990738552
720,3,0,0.0999768634659519
721,5,0,0.13040877036804488
722,2,0,0.1818709478818632
723,3,0,0.12175481103997089
724,1,0,0.13762081293072664
725,4,0,0.25400734684301546
726,5,0,0.2530435214552249
727,2,1,0.6984964681100295
728,1,0,0.04828702685316223
729,2,0,0.0975042023849331
730,2,0,0.036575446538372525
731,4,0,0.35449073806821446
732,5,0,0.1332224036847334
733,5,0,0.5575720533878873
734,5,1,0.8103354646098003
735,1,0,0.8283439526744693
736,3,1,0.6820545685052531
737,2,0,0.15835941885427224
738,2,0,0.34186690679640597
739,4,1,0.23647057994127427
740,2,0,0.12097377960458182
741,1,0,0.05526911922727602
742,5,1,0.13392353604866755
743,1,0,0.15630514114572705
744,3,0,0.8370415289137273
745,4,1,0.3074032200417598
746,4,1,0.08879385798143717
747,2,0,0.22885526867886824
748,3,0,0.764530382476039
749,1,0,0.1329603620849315
750,4,1,0.3522646080442371
751,2,0,0.11715731126228994
752,1,0,0.13861780007217728
753,4,0,0.1038165811595031
754,5,0,0.25080077837666004
755,1,0,0.127408302751766
756,4,1,0.14944607086387507
757,3,0,0.14979156733089238
758,5,1,0.12434965240879085
759,5,0,0.17165827299802108
760,3,0,0.10341930414932216
761,4,0,0.08407093644933392
762,5,0,0.2781479674855583
763,1,0,0.8283559500844041
764,3,0,0.07785314839536671
765,1,0,0.226044711015533
766,2,0,0.7422219197550392
767,2,0,0.18566641458061256
768,4,0,0.11115478081825336
769,2,0,0.12164011309679881
770,3,1,0.10579649397083697
771,3,0,0.14826960272874287
772,5,0,0.14081089238426253
773,1,0,0.07187237178308542
774,3,0,0.16082519762847192
775,2,0,0.12313396623034997
776,5,1,0.1261665521542847
777,1,0,0.07046507115826421
778,1,1,0.16679122228962157
779,4,0,0.45515286293192725
780,3,1,0.3242486608927794
781,4,0,0.10177462425232671
782,4,1,0.14898371596888096
783,5,1,0.07655946502098117
784,4,0,0.11185353078497595
785,1,0,0.19178067797171355
786,1,0,0.22636215173094737
787,3,0,0.12012144789589062
788,1,0,0.13534430236020129
789,1,0,0.14807133998409228
790,3,0,0.13833972554170945
791,1,0,0.04973726197408519
792,5,0,0.15498511547892774
793,1,0,0.7874890390132779
794,5,0,0.178988944445236
795,1,0,0.14527737197936894
796,3,0,0.04335515067781186
797,4,0,0.29925879140781547
798,4,0,0.08726013763977014
799,3,1,0.7757695992949682
800,1,1,0.06514231517221594
801,1,0,0.15995260718904108
802,2,0,0.09315577814210461
803,2,0,0.10445892706132294
804,5,0,0.16911222055327985
805,3,0,0.11602019169606936
806,1,1,0.11591189979889316
807,5,1,0.6615343443880418
808,2,0,0.030057489747627612
809,1,0,0.12467136952229299
810,1,0,0.12533288897670097
811,2,0,0.09302739055655418
812,2,0,0.13388767879170307
813,3,0,0.10615313740709048
814,5,0,0.08094732337787822
815,3,0,0.17079163905738676
816,2,1,0.17657449692260305
817,1,0,0.6225530327434642
818,2,0,0.057166714379009706
819,5,0,0.05764229888930263
820,4,0,0.19607416283928714
821,5,1,0.4112618940906947
822,2,1,0.0984502361522585
823,4,1,0.6591581450113326
824,2,0,0.20587017423735288
825,2,0,0.13675153151558722
826,5,0,0.12141582430663544
827,2,0,0.11556142896462873
828,5,0,0.7040903730133816
829,5,0,0.11008545283223824
830,4,0,0.07770855995750214
831,5,0,0.19999306423527152
832,1,0,0.25530026296984565
833,2,0,0.11757993776300903
834,2,0,0.22042566053055623
835,4,0,0.2243877518823939
836,5,1,0.22763807630347502
837,2,0,0.10797072031266906
838,3,0,0.126667457071385
839,2,0,0.2730896254762178
840,2,0,0.1306293641593401
841,2,0,0.05634322908624099
842,3,0,0.10109768573611091
843,4,0,0.8306457512348406
844,2,0,0.08019797682385438
845,5,0,0.05076641266370543
846,3,0,0.16957826288956968
847,4,0,0.2972638543950198
848,4,0,0.15681539765329072
849,2,1,0.11540105060435497
850,1,0,0.10284088541764451
851,1,0,0.20743467255261006
852,1,0,0.23570164934629798
853,3,0,0.11153165397709701
854,3,0,0.0885089682239111
855,3,0,0.14578715710483456
856,2,0,0.12589941003648092
857,2,0,0.10552439468401732
858,5,0,0.10827096994446056
859,4,1,0.10418498420749785
860,5,1,0.4693472453204625
861,2,0,0.11129117130878795
862,3,1,0.2511178530530769
863,2,0,0.22062592216492888
864,3,0,0.13705368050482647
865,1,1,0.9000677643169899
866,2,0,0.15785402050764666
867,3,0,0.11722508104431219
868,4,0,0.11866489455300361
869,1,0,0.27700782278566954
870,3,0,0.198180063836171
871,2,1,0.19935482657928427
872,1,0,0.13979261275743543
873,2,0,0.5765793772249221
874,5,0,0.1346375918238002
875,1,0,0.10867822442809245
876,1,0,0.12992944952016616
877,2,0,0.13451915998900724
878,3,0,0.04495354327128665
879,2,0,0.07741871071346781
880,2,0,0.0643454545013162
881,5,0,0.0499285225297455
882,2,1,0.1519889776062316
883,5,0,0.17513963280659264
884,2,1,0.812456673115123
885,4,0,0.0881589535072279
886,4,0,0.3406732643950128
887,2,1,0.12868496214283012
888,2,1,0.05871936375246982
889,2,0,0.10569666874082755
890,5,0,0.08332436725227348
891,5,0,0.08312290942146561
892,2,0,0.09208867362141558
893,4,1,0.1553238535340803
894,5,0,0.377152905320421
895,3,0,0.25430322699321156
896,2,0,0.258605537829951
897,5,1,0.42800032245351244
898,3,1,0.17682393438016267
899,3,1,0.14805891588484027
900,5,1,0.29602921466814985
901,2,0,0.19357461981977814
902,1,0,0.09119719129435097
903,1,0,0.12734805034076166
904,3,0,0.32824480099628944
905,4,0,0.12328794731642391
906,2,1,0.0826927701704579
907,3,0,0.0825046089456047
908,2,0,0.09998390018640578
909,5,1,0.24662432265164733
910,1,0,0.24664581226040053
911,5,0,0.13172364031556585
912,5,0,0.13029533354487946
913,4,0,0.09849384337692624
914,5,0,0.10097273050253656
915,2,0,0.1602096140397115
916,1,1,0.31588664882443684
917,3,1,0.12003519392612826
918,5,0,0.11218630248651075
919,1,0,0.21361214601976897
920,2,0,0.12360885583755672
921,5,1,0.33635887631953093
922,2,0,0.06802699339129317
923,4,0,0.10158411351971716
924,2,0,0.10377593887026074
925,1,1,0.7525646045691997
926,1,0,0.09162854362483983
927,3,0,0.11257475567856313
928,2,0,0.09764299812418605
929,3,1,0.6975427970016936
930,4,0,0.27312954137179135
931,1,0,0.09142272647531849
932,3,1,0.5160997848543862
933,1,0,0.07953596289317388
934,2,0,0.42802667563634816
935,3,0,0.1402400057127769
936,3,1,0.6080102557027598
937,1,1,0.30492902986770054
938,5,0,0.13880917230931628
939,3,0,0.14775347087690388
940,3,1,0.6400024034769112
941,1,1,0.22135092947805463
942,5,0,0.14803117895601448
943,3,0,0.2552763070684908
944,2,0,0.3562493917737727
945,5,1,0.10852252422719888
946,5,1,0.802991501766166
947,4,0,0.09685042599182106
948,2,1,0.5645308432100749
949,5,1,0.783092567156076
950,3,0,0.8979472985151024
951,3,0,0.1773527757435447
952,5,1,0.22117573104335964
953,4,1,0.8315468791586313
954,2,0,0.8318844966530475
955,5,0,0.06471940974320031
956,5,1,0.42374994559943846
957,2,0,0.08905661355708089
958,5,0,0.0708848573486859
959,2,0,0.11957391822083395
960,4,0,0.23305820737504138
961,1,0,0.14923028429749263
962,4,0,0.17082513081683484
963,2,1,0.15067595349277454
964,4,0,0.3660845052645091
965,4,0,0.06125037672573181
966,3,0,0.1140147834418134
967,1,0,0.44210922457046076
968,4,1,0.3798883000660509
969,4,0,0.11039642167402225
970,2,0,0.14849770456666642
971,2,0,0.12464687809959313
972,4,0,0.11452333362131507
973,4,0,0.3646449596403738
974,3,1,0.6573750290907726
975,4,1,0.1373785086405128
976,2,0,0.14100700863084148
977,3,0,0.09929312452576625
978,1,0,0.23876628620034682
979,4,0,0.27941336125031674
980,2,1,0.08826716108350936
981,1,0,0.13734470276806762
982,3,0,0.1594572947850916
983,4,1,0.5730164301428098
984,4,0,0.09928619386821741
985,5,0,0.1955523304963605
986,2,0,0.8095316549585654
987,1,0,0.1270470069333352
988,5,0,0.07795710276711504
989,2,1,0.603187701118707
990,3,0,0.3620301564304923
991,4,0,0.07835851893168212
992,1,1,0.7643689997419046
993,2,0,0.12324570709525401
994,4,0,0.6019084261082464
995,3,1,0.6808998165351744
996,4,0,0.06279566454012189
997,3,0,0.10515110763685115
998,5,0,0.12162803174483454
999,3,1,0.37693230700743496
1000,5,0,0.1261382068791766
1001,3,0,0.4860807484029007
1002,2,0,0.13727022682707768
1003,2,0,0.1510116712511837
1004,3,1,0.6824828371518485
1005,5,1,0.7460866391765062
1006,1,0,0.1561649800708868
1007,3,0,0.33684709844631966
1008,1,0,0.06417275768281941
1009,4,0,0.07705272428748274
1010,4,0,0.10482266101214467
1011,2,0,0.11211916255873097
1012,3,0,0.06867808907987244
1013,1,1,0.31051580289998343
1014,5,0,0.12177653069705062
1015,4,0,0.3441239937728853
1016,1,0,0.12029237874935364
1017,5,0,0.1145860197003817
1018,3,0,0.1402783188041056
1019,4,1,0.7966793072181145
1020,2,1,0.08129741718302991
1021,4,0,0.09881130696921964
1022,3,0,0.14934085362665603
1023,4,0,0.12000088514453858
1024,4,0,0.10350340205113197
1025,1,0,0.31177403619652705
1026,2,0,0.21031246337307793
1027,5,0,0.3326311159741264
1028,1,0,0.10402689353743734
1029,5,0,0.14118003619651256
1030,4,1,0.6378175294661677
1031,5,1,0.18439864290803434
1032,2,0,0.17760006063113012
1033,3,1,0.8968461193769666
1034,2,1,0.18273372058970871
1035,2,0,0.09650786958964722
1036,4,0,0.1376119027601431
1037,4,0,0.053543534655686835
1038,2,1,0.8299041097296377
1039,2,0,0.2108450669501194
1040,5,1,0.10384487032995088
1041,4,1,0.5300315097398964
1042,3,1,0.20439464984407582
1043,4,0,0.08515664179833492
1044,4,0,0.11122481020389323
1045,1,0,0.18355903963480635
1046,4,1,0.7342246905297184
1047,2,0,0.1246040920775581
1048,3,0,0.14718263271217066
1049,1,1,0.10783573711792903
1050,1,0,0.10945539483339572
1051,2,0,0.193019792156826
1052,4,1,0.7042499261854406
1053,4,0,0.09577229416389435
1054,2,0,0.16629786071166394
1055,3,0,0.30410643401706455
1056,2,0,0.023283337378968687
1057,2,0,0.063952851348711
1058,1,0,0.3165661894242731
1059,5,0,0.191711344271118
1060,2,0,0.18036379965735397
1061,5,0,0.1807585291740535
1062,1,1,0.27606313121246645
1063,5,0,0.23971115013682073
1064,5,0,0.07310746437788766
1065,4,0,0.14762233621702883
1066,1,1,0.14210282086250364
1067,4,0,0.10751882554641545
1068,3,0,0.1198024082916363
1069,2,0,0.10597323215359325
1070,1,1,0.14220503254510158
1071,2,0,0.10077934518897232
1072,2,1,0.0995062740280609
1073,3,0,0.14583918284151218
1074,2,1,0.13184725964085128
1075,3,0,0.0993490404840145
1076,2,1,0.2352202292668471
1077,5,1,0.8102482412714913
1078,2,1,0.1762428680740588
1079,1,0,0.07634230988665595
1080,2,0,0.09578762642897573
1081,1,0,0.11992551866847952
1082,3,0,0.10467776320755984
1083,2,0,0.08087755414035179
1084,2,0,0.10132932718681907
1085,1,0,0.3816724792419633
1086,1,0,0.13982336782106627
1087,2,0,0.1522019206153542
1088,3,0,0.20412580927437424
1089,1,0,0.29821336837175894
1090,5,0,0.10586524438530917
1091,3,0,0.2294537603112606
1092,4,0,0.11222517382020958
1093,1,0,0.16595524024206068
1094,2,0,0.3234010623397378
1095,2,0,0.13969211140884888
1096,5,0,0.35812767640428905
1097,4,1,0.7407104761846275
1098,2,0,0.15465981715141072
1099,4,0,0.13552812498792693
1100,2,1,0.11873540185090968
1101,5,0,0.13191712029556085
1102,1,1,0.18139752009499852
1103,2,1,0.6963009186736193
1104,3,0,0.8572961730522279
1105,2,1,0.14772619944720708
1106,2,0,0.0943613810906414
1107,1,0,0.17047525654158874
1108,5,0,0.8628612951211014
1109,1,0,0.2738481570978366
1110,1,0,0.0693886304621358
1111,1,0,0.1791364202628598
1112,3,0,0.055277601335366876
1113,1,1,0.1316401811744751
1114,5,1,0.2723202635996512
1115,2,1,0.4712963604325881
1116,4,0,0.2691117835115455
1117,5,1,0.13823822439807584
1118,3,0,0.112822749607163
1119,2,0,0.13668565340314615
1120,1,0,0.27151568669161513
1121,2,0,0.06055154523213408
1122,3,0,0.5026598268681152
1123,2,0,0.08753162171114569
1124,1,0,0.15570413564089325
1125,2,0,0.11677939015933816
1126,4,1,0.5683648176044109
1127,3,0,0.14552905227767463
1128,4,0,0.15350601451583587
1129,5,0,0.09153879494513219
1130,2,0,0.1487575960178526
1131,3,0,0.11538878452480614
1132,2,1,0.8550527188047881
1133,4,0,0.09028166581121612
1134,3,1,0.672899405916915
1135,3,1,0.17141147300740747
1136,1,1,0.15041568142569497
1137,5,0,0.12107341910599632
1138,2,1,0.8574646459908447
1139,3,0,0.13738959636438416
1140,4,0,0.16836244319301927
1141,2,0,0.06162955953865724
1142,1,0,0.358889246221828
1143,5,0,0.8118847586482635
1144,5,0,0.10979624340934972
1145,2,0,0.08620680793347137
1146,5,0,0.5085223803054766
1147,4,0,0.11367501456412722
1148,3,1,0.22473341356708704
1149,1,1,0.237901999204569
1150,2,1,0.40027967946272447
1151,2,0,0.10750662096879414
1152,4,1,0.09184504936804457
1153,5,0,0.1648930753259073
1154,4,1,0.3923634745630072
1155,2,1,0.10242829798330975
1156,2,0,0.07287879364287973
1157,5,0,0.135309595845775
1158,4,0,0.16238855453569567
1159,3,0,0.08897048956768161
1160,2,0,0.12622838649506027
1161,3,0,0.19856973507775003
1162,4,0,0.1543893971791874
1163,4,0,0.0860893816531761
1164,5,0,0.30504543670656475
1165,2,0,0.6793127080619259
1166,5,0,0.10042167054700042
1167,3,1,0.8086614444043859
1168,2,1,0.1521971442691792
1169,1,0,0.1536632833775479
1170,3,0,0.10769134362941944
1171,4,1,0.129313611442647
1172,5,1,0.720405197034674
1173,5,0,0.07086374545352353
1174,3,0,0.14556033254415512
1175,4,0,0.7532469425497867
1176,5,0,0.10397107046962942
1177,3,0,0.2741008943294642
1178,5,0,0.10475127293823545
1179,3,0,0.0978510673547362
1180,5,0,0.10402003807733629
1181,2,0,0.13279565849441038
1182,1,0,0.23329965993599347
1183,1,0,0.08820870814479059
1184,1,0,0.09587267070242918
1185,4,0,0.2350973939545288
1186,3,0,0.09433183769658512
1187,1,0,0.08097582655766027
1188,5,0,0.14714846552252622
1189,1,0,0.12501071487878473
1190,5,1,0.8058623943095096
1191,5,0,0.12346343365835251
1192,1,1,0.6103163273551683
1193,1,0,0.29687469965930596
1194,4,0,0.16519513924168563
1195,4,0,0.18594034148200625
1196,5,0,0.13180022854086448
1197,1,0,0.12791892954223102
1198,4,0,0.30293503558497653
1199,2,0,0.14390438938556632
1200,5,0,0.13161491103647552
1201,3,1,0.6898101905151856
1202,1,0,0.8133069010382245
1203,2,0,0.5657228307081847
1204,2,1,0.144503180535369
1205,1,0,0.12951860780532867
1206,2,0,0.10998318320793964
1207,2,0,0.13320830629963815
1208,2,0,0.12834595682446684
1209,3,1,0.8091202487321523
1210,1,1,0.20861288665876318
1211,4,1,0.12255284763675389
1212,2,0,0.03496325334267458
1213,5,0,0.11782838623542123
1214,1,0,0.14216639664126807
1215,3,0,0.15169850732705348
1216,5,0,0.11987730820228908
1217,2,0,0.1380057404152376
1218,3,0,0.1314948354981148
1219,4,0,0.27578947157090106
1220,2,1,0.11321400904838261
1221,2,1,0.7761662979569788
1222,1,1,0.0653334778560172
1223,5,0,0.26288247145206034
1224,5,0,0.1585980788976735
1225,1,0,0.0967602343025848
1226,2,0,0.09013187727761729
1227,1,1,0.8493913720896983
1228,3,0,0.7932228336964668
1229,3,0,0.08431711225607859
1230,3,1,0.2855701299572051
1231,5,0,0.054432818816663786
1232,5,0,0.19091966807659622
1233,1,0,0.14125022958891692
1234,4,0,0.08752392988457434
1235,5,0,0.04578091018540251
1236,5,0,0.16182627206652594
1237,3,0,0.17729444770631655
1238,3,0,0.034173997118637695
1239,2,0,0.12544538298661678
1240,4,0,0.7558880932815447
1241,1,0,0.13938603200784516
1242,1,0,0.0936813462920049
1243,4,1,0.14982581422161695
1244,5,1,0.5806920405879212
1245,4,1,0.4455016961263732
1246,5,0,0.36512939679455125
1247,3,0,0.06144972109261782
1248,5,0,0.08543969220639619
1249,1,0,0.08973868290108716
1250,3,0,0.12374733080121614
1251,3,0,0.1555260565917709
1252,2,0,0.1264941254939164
1253,3,0,0.16013428327970336
1254,5,0,0.1451512565305289
1255,1,0,0.09939643284811851
1256,2,0,0.12092329093020536
1257,4,1,0.35928718334411636
1258,3,0,0.10968877615387122
1259,2,1,0.09663045046192738
1260,5,0,0.23712032551698503
1261,3,0,0.3244762594559387
1262,5,0,0.06811005555572426
1263,4,0,0.11734900711607174
1264,5,1,0.5992715628213988
1265,2,0,0.0872293994944994
1266,4,0,0.5015050969580853
1267,4,0,0.11040320054062282
1268,4,1,0.15894217827496587
1269,1,1,0.387269107035044
1270,4,0,0.13255390682665238
1271,1,1,0.11221344565098319
1272,3,0,0.11801765530931083
1273,4,0,0.1900639385252653
1274,2,0,0.1502520029502492
1275,5,1,0.6640793339350113
1276,4,0,0.08342791501961809
1277,1,0,0.12567416813516624
1278,3,1,0.21226595012427266
1279,3,0,0.16308680619814883
1280,5,0,0.0665617649916922
1281,2,1,0.18978254576914266
1282,5,1,0.29625077089996826
1283,5,0,0.07976651133018396
1284,4,1,0.11752035091885275
1285,2,0,0.12745453098063272
1286,3,0,0.09107047881645158
1287,5,0,0.1323964608027571
1288,1,0,0.5405183039011883
1289,1,0,0.09611450191339284
1290,4,0,0.15659903555216875
1291,1,0,0.1367555994999586
1292,3,1,0.17356843780378886
1293,5,0,0.10007226801040976
1294,5,0,0.1325195743387706
1295,5,1,0.3423362688671576
1296,4,0,0.218115125405735
1297,1,0,0.12116492724662906
1298,5,0,0.11860240959318416
1299,4,0,0.1628587262225838
1300,5,0,0.12194676095719369
1301,5,0,0.07297326836911479
1302,3,1,0.22299031960039328
1303,3,0,0.1057624737702914
1304,1,1,0.10787329323909693
1305,5,0,0.3290999751611759
1306,4,1,0.1429744502001392
1307,2,0,0.10141504591308274
1308,3,1,0.1241759860812846
1309,3,1,0.6162060120994237
1310,3,0,0.08038829474341802
1311,4,1,0.795869503678097
1312,2,0,0.08940561848898682
1313,1,0,0.1296672480818764
1314,5,1,0.750018002692501
1315,4,0,0.08095439099987312
1316,4,0,0.1890571978882313
1317,4,0,0.08732726662407093
1318,5,0,0.11305243326948103
1319,4,0,0.15918151848807421
1320,5,0,0.089583305758184
1321,3,0,0.1524207324956981
1322,2,0,0.19560800297122868
1323,5,0,0.11716165974638287
1324,1,0,0.1575349595832369
1325,1,0,0.1676329149482631
1326,5,0,0.05003529658604177
1327,4,0,0.09014175768172776
1328,5,0,0.2466685283060541
1329,3,0,0.18140408702268945
1330,4,1,0.6558715867106292
1331,2,1,0.35628386308815246
1332,1,0,0.07824641819634875
1333,4,0,0.06759847179016285
1334,2,1,0.30047626536999467
1335,4,0,0.13186862558071927
1336,1,1,0.38904817321758595
1337,1,0,0.09837179071737917
1338,2,0,0.09450853205954915
1339,2,1,0.2084439536528116
1340,3,0,0.21258224623633118
1341,4,0,0.09923389470825705
1342,4,0,0.13425883177887107
1343,5,0,0.1197350474274932
1344,4,0,0.096208749622371
1345,3,0,0.064021097565876
1346,1,0,0.039807059374614595
1347,1,0,0.04479042806569413
1348,1,1,0.11860446121503615
1349,1,0,0.09027382955568687
1350,5,0,0.1299821973971404
1351,1,0,0.1616903675959968
1352,5,0,0.1064374588259315
1353,3,0,0.4233387636074634
1354,5,1,0.13284136572734903
1355,2,0,0.0879899202787996
1356,1,1,0.7864741775371235
1357,1,0,0.20575626686255957
1358,4,0,0.14738418887238197
1359,5,0,0.36052226048740177
1360,1,0,0.1260367997126492
1361,1,1,0.41834966160575116
1362,2,1,0.5975418656139461
1363,4,1,0.5748846330027534
1364,4,1,0.1504172717702253
1365,4,1,0.4177628259684178
1366,2,0,0.21962068438654098
1367,2,0,0.2720988982218187
1368,5,0,0.16311992162951125
1369,1,1,0.16189330583766953
1370,1,0,0.16052821016178778
1371,1,0,0.30406281846496164
1372,4,0,0.118822386587297
1373,3,1,0.11137400647666505
1374,1,0,0.1126008295191957
1375,4,0,0.16704174086532958
1376,3,0,0.1464808533906309
1377,4,1,0.8341494149565626
1378,4,0,0.13329792744954194
1379,1,0,0.08600209869286084
1380,5,0,0.11707741078519329
1381,3,0,0.2879938293410447
1382,4,1,0.6868924025951595
1383,5,0,0.12848286373107629
1384,2,0,0.11814333300763191
1385,2,0,0.15454668619963827
1386,3,0,0.11639938401808184
1387,5,0,0.29083651253591003
1388,5,0,0.11178070931960614
1389,4,0,0.10416345665503923
1390,5,1,0.19499723640638478
1391,4,0,0.12040104024790643
1392,1,0,0.09688467479233791
1393,3,1,0.3642997758327244
1394,5,0,0.26473473868398656
1395,1,0,0.10508441126391745
1396,2,0,0.11270291570993637
1397,4,0,0.1059128057966671
1398,2,0,0.11049346147968309
1399,3,0,0.11343211240631448
1400,3,1,0.13683098887686887
1401,2,0,0.06063493729322499
1402,4,0,0.12312218850993445
1403,2,0,0.1374327702607163
1404,2,0,0.24720962242540587
1405,2,0,0.3451591128879228
1406,5,0,0.1005246167590852
1407,2,1,0.8954939405158039
1408,1,0,0.08217501843076763
1409,5,0,0.15323454728714134
1410,2,0,0.08213560570476837
1411,2,0,0.1275833274375911
1412,1,0,0.11450859415407759
1413,1,0,0.10450182553834089
1414,2,0,0.08286132162349309
1415,5,0,0.10543411335170079
1416,2,0,0.27715389472006996
1417,3,0,0.08536280712566874
1418,5,0,0.1211180936206642
1419,3,0,0.601561278350225
1420,5,0,0.08409242358316363
1421,1,0,0.546552336020515
1422,2,0,0.171521782044443
1423,1,1,0.22122907718431864
1424,1,0,0.22506056785388115
1425,5,0,0.0820568733639604
1426,5,0,0.10878282424013591
1427,3,0,0.2508147414834749
1428,4,1,0.6480808487587744
1429,2,1,0.6063941050400103
1430,4,0,0.11407888894671446
1431,3,0,0.2260129840813631
1432,5,0,0.14312563910953383
1433,4,1,0.6744865980324293
1434,2,0,0.11517247487195244
1435,4,0,0.2800341135267681
1436,4,0,0.03062141531646042
1437,5,1,0.6174643704883422
1438,2,0,0.08821430366793248
1439,1,0,0.10970647301178335
1440,3,0,0.13343075321499734
1441,5,0,0.09449845537867803
1442,3,0,0.28480845298781515
1443,1,0,0.12954625948699713
1444,4,0,0.06620452384762832
1445,4,0,0.10742573254855484
1446,1,0,0.15950135239715302
1447,3,0,0.0708356435737604
1448,3,0,0.22142175895234903
1449,5,0,0.07372247949493503
1450,3,0,0.10347600803054258
1451,5,0,0.1943345493698134
1452,1,0,0.1281417962877572
1453,5,1,0.768302926138549
1454,3,0,0.12330050450379029
1455,1,0,0.13414006779260784
1456,3,0,0.12946381141218608
1457,2,0,0.12828683711981437
1458,5,0,0.1927476921566925
1459,2,1,0.8734814024019585
1460,2,0,0.12226270285371517
1461,5,0,0.0845214490150794
1462,2,1,0.8203356486306986
1463,4,0,0.2875167144619964
1464,2,0,0.4364620784285425
1465,4,0,0.16278487915880005
1466,2,0,0.15941152450586477
1467,1,1,0.12729015056747695
1468,4,0,0.2886481612970887
1469,4,0,0.17398686907597197
1470,2,1,0.7326254915371051
1471,2,1,0.6172580910514338
1472,4,0,0.15043511106223734
1473,1,0,0.14132390219623478
1474,5,0,0.13613345015780473
1475,4,0,0.06056786656894669
1476,5,0,0.1026868649366853
1477,4,1,0.8813429178799447
1478,3,0,0.11859765727279566
1479,2,1,0.0899466835998931
1480,5,1,0.12031456621071494
1481,3,0,0.23685341880038407
1482,2,0,0.12838855515706302
1483,1,0,0.1275457205071357
1484,2,1,0.34807183048807866
1485,2,0,0.09671351849567889
1486,2,0,0.2626959339250837
1487,2,0,0.06610418817095796
1488,5,1,0.21055916683320913
1489,4,0,0.1450092589137632
1490,4,0,0.20437665349481784
1491,3,0,0.334739430695308
1492,5,0,0.10991770634956537
1493,2,0,0.149450498286648
1494,1,1,0.2206319519309443
1495,3,0,0.16906350096697842
1496,1,0,0.1160707078802277
1497,1,0,0.10245907158817105
1498,3,0,0.07621708836588756
1499,5,1,0.19208475104084968
1500,3,1,0.33420163701005506
1501,4,1,0.8405337095979687
1502,4,0,0.04887360336401184
1503,2,0,0.13491837611836763
1504,3,0,0.11729334594882239
1505,5,0,0.1934976202996506
1506,2,0,0.05843439314526327
1507,2,0,0.1256250929053347
1508,2,0,0.11537782806251186
1509,2,0,0.08126836027991974
1510,2,1,0.1342657232933031
1511,3,0,0.2626512168506482
1512,2,0,0.10972064138650688
1513,5,0,0.1750956328685435
1514,3,0,0.1997556171478772
1515,3,1,0.10218960676398628
1516,5,0,0.06423134146898589
1517,3,0,0.6409310352695315
1518,4,0,0.19840269984206366
1519,3,0,0.08517452814790162
1520,1,0,0.15583759183979004
1521,4,0,0.21678556633603194
1522,3,0,0.24000152175435524
1523,2,0,0.4420683158025044
1524,3,0,0.283065105209142
1525,5,0,0.14139614413691837
1526,3,1,0.15416628256499923
1527,2,0,0.06650302629795629
1528,1,0,0.2713168043707537
1529,4,1,0.282755049659913
1530,3,0,0.04687755099025357
1531,5,1,0.10783063412070787
1532,3,1,0.1518673319480226
1533,3,0,0.08824964734387104
1534,4,0,0.14106163677018924
1535,5,0,0.39108752641553773
1536,2,0,0.125186792722615
1537,5,1,0.8539823765994687
1538,3,0,0.0687162496865119
1539,2,1,0.7440752279376083
1540,5,1,0.5999593517998404
1541,3,0,0.14356999747162805
1542,2,0,0.18164681358470888
1543,3,0,0.062053829555870986
1544,4,0,0.1730528640240728
1545,3,0,0.14283360986120638
1546,2,0,0.6692872454457475
1547,3,0,0.10787004431483001
1548,1,0,0.205514218194809
1549,3,0,0.0813162217102574
1550,3,0,0.09352223496792907
1551,2,0,0.09808299357479817
1552,2,0,0.7865049376428923
1553,4,0,0.16264665908519585
1554,4,0,0.09692320901342891
1555,1,0,0.27397387444715027
1556,5,0,0.08462086814962573
1557,4,1,0.10225248796112857
1558,1,0,0.29749260602764277
1559,4,0,0.5938340278798241
1560,3,1,0.14407472904119942
1561,5,0,0.10812279888854982
1562,5,1,0.15328123557957865
1563,1,0,0.11926588196840408
1564,1,0,0.08407022802474626
1565,1,0,0.14604149643206085
1566,2,0,0.1436905188867755
1567,5,1,0.6327865178565392
1568,3,0,0.0454876668257274
1569,1,0,0.13498541884465162
1570,2,0,0.23788774798219786
1571,5,0,0.12724898467233925
1572,5,0,0.16785965680934825
1573,3,0,0.23619379032000182
1574,3,0,0.14480883436109612
1575,5,0,0.18639166441745678
1576,1,0,0.06190854062644204
1577,4,1,0.1700356176090345
1578,5,0,0.25378528643061266
1579,2,0,0.11082878373318349
1580,1,1,0.19230434949492803
1581,4,1,0.16116754927067153
1582,4,0,0.08721326836994117
1583,2,0,0.43147472151754085
1584,2,0,0.1394645481936814
1585,5,0,0.6886280772857982
1586,3,0,0.14423064016654213
1587,1,0,0.13919871868685224
1588,3,0,0.10247665326117011
1589,3,0,0.09969193230553977
1590,4,0,0.10698996493169931
1591,4,0,0.06446675467711037
1592,3,0,0.13865967746971095
1593,2,0,0.1320799528076412
1594,5,1,0.22397136004121412
1595,5,0,0.06393941966856333
1596,4,0,0.11592769864590367
1597,4,0,0.08496344596428994
1598,5,0,0.15087402209681047
1599,2,0,0.26716863968723353
1600,2,1,0.4250158266724084
1601,4,0,0.15585542440416356
1602,1,1,0.08067270382547398
1603,3,0,0.21816407572194257
1604,1,0,0.841741401906075
1605,3,1,0.13839869276506156
1606,3,0,0.27455893646237167
1607,4,0,0.15534834547933177
1608,3,0,0.04500493783143973
1609,4,0,0.12613797699766846
1610,5,1,0.16625443250151767
1611,5,0,0.11107512714898435
1612,4,0,0.11171097368839006
1613,5,0,0.21039940448084193
1614,3,0,0.11048404660801951
1615,2,0,0.09106432469294898
1616,2,1,0.10600286649092452
1617,3,0,0.09932397540045061
1618,3,0,0.165295073220363
1619,1,0,0.05172142771187618
1620,2,0,0.09107185690317741
1621,1,1,0.4160645753100944
1622,3,1,0.11121100523189599
1623,3,0,0.1764004019471851
1624,4,0,0.5364413561663004
1625,1,0,0.0381472985438138
1626,5,0,0.1685736570171664
1627,2,1,0.900056362860348
1628,1,0,0.12795175773782025
1629,5,0,0.18149121198372728
1630,1,0,0.12273367556477581
1631,1,1,0.28306194331930334
1632,3,0,0.1305973404810962
1633,5,0,0.09005897825683115
1634,3,0,0.21659530164283217
1635,1,0,0.13191700893440558
1636,2,0,0.11477512023092297
1637,2,0,0.16962552600808578
1638,1,0,0.16558962868564342
1639,5,0,0.16451345559071334
1640,5,0,0.21764112747833106
1641,3,0,0.11087672778003047
1642,4,0,0.031460169598509405
1643,2,1,0.8506026102694482
1644,1,0,0.05636455999438784
1645,5,0,0.12689542433287923
1646,4,0,0.12267068421800888
1647,3,0,0.6272977836511431
1648,1,0,0.13360179856262017
1649,3,0,0.09978087755485307
1650,2,0,0.26987135390084266
1651,1,0,0.179719885584897
1652,1,0,0.13220695629654342
1653,3,0,0.6485607032684572
1654,4,0,0.09295213535664881
1655,5,0,0.1968557646882104
1656,5,0,0.11745994804803775
1657,3,0,0.0818580492729312
1658,1,0,0.16963629045388165
1659,1,0,0.12273265822635204
1660,5,0,0.476308429543536
1661,5,0,0.12752607510228872
1662,5,0,0.052246479404544854
1663,2,0,0.27837435412268796
1664,2,1,0.09761192960518524
1665,3,0,0.09865212036876149
1666,4,0,0.07058348830815755
1667,4,0,0.10285799733823792
1668,4,1,0.15864518568265593
1669,1,0,0.2104041011849064
1670,2,0,0.1513888667193091
1671,3,0,0.15968825812697496
1672,4,0,0.10805046463121205
1673,2,0,0.06504782882055084
1674,4,0,0.7762470660111244
1675,3,0,0.1038165960018256
1676,1,1,0.7896939848916142
1677,5,0,0.17770920576751986
1678,5,1,0.09180716510657924
1679,3,0,0.21170433123281837
1680,1,0,0.0825634342979245
1681,5,1,0.8746813837933617
1682,5,1,0.3852222424988296
1683,1,0,0.12303612938470093
1684,2,0,0.10520689162991742
1685,3,0,0.13069785247107946
1686,3,0,0.1546311153012601
1687,1,0,0.14563967475081566
1688,4,0,0.14436557725010246
1689,4,0,0.1285306186068506
1690,5,0,0.10183533325302807
1691,3,1,0.516042978450015
1692,3,0,0.09913888536159622
1693,2,0,0.1009988733187811
1694,3,1,0.20226674473919426
1695,1,1,0.3708007953830321
1696,1,1,0.11059666040758533
1697,5,0,0.17727833227622597
1698,5,1,0.13215293861786406
1699,4,0,0.08294512098743456
1700,4,0,0.058090362098329795
1701,3,0,0.1082207717240765
1702,4,0,0.03764311331290599
1703,3,0,0.13670850618852878
1704,4,0,0.14681112464673027
1705,5,0,0.10719921319614886
1706,4,0,0.11429004076285429
1707,3,0,0.1697752607714711
1708,3,0,0.076428677160082
1709,2,0,0.09582357954700542
1710,4,0,0.20884637096281605
1711,1,0,0.15739037522809748
1712,2,1,0.1892240311428174
1713,2,0,0.36482400742265475
1714,1,0,0.11917169151142666
1715,2,0,0.11655864137249367
1716,2,0,0.1820977995255712
1717,3,0,0.14312204820265342
1718,2,0,0.14565029304654972
1719,3,0,0.38771442729003797
1720,5,0,0.1010062131056174
1721,1,0,0.49603920231452336
1722,3,0,0.13514262002573785
1723,5,0,0.07899668765186775
1724,5,0,0.1410226981670424
1725,5,1,0.5364385137702266
1726,5,1,0.44193116120351844
1727,2,0,0.12931373361778326
1728,1,0,0.15020783437420623
1729,2,0,0.12153173252946686
1730,2,0,0.07106826173535746
1731,2,1,0.7109321888007367
1732,4,0,0.10412284345759538
1733,2,1,0.3095287191820445
1734,2,1,0.10420256160163785
1735,2,0,0.12243650335281414
1736,2,0,0.27699767458104096
1737,2,0,0.20186610376359673
1738,2,0,0.12181997155481462
1739,5,1,0.42521886779617524
1740,2,0,0.36123932491672467
1741,4,0,0.10645371639080209
1742,1,1,0.16620902359194456
1743,2,0,0.13810489775050264
1744,1,0,0.591950073002365
1745,1,0,0.07361843707881148
1746,3,0,0.10450370639728833
1747,1,0,0.08708500185672961
1748,4,0,0.30724358725793943
1749,3,0,0.10302256907912054
1750,1,0,0.10301732340037364
1751,1,0,0.09880338720838794
1752,2,0,0.09479605801809196
1753,5,1,0.2616638498728067
1754,3,0,0.11349332359628245
1755,5,1,0.7460796322810967
1756,3,0,0.09197390338922193
1757,4,0,0.0868458273924122
1758,2,1,0.13398951468360942
1759,5,0,0.1297972527332225
1760,1,0,0.24132546212636258
1761,2,0,0.21422306870880387
1762,5,0,0.13866740472838324
1763,2,1,0.3083162832713281
1764,4,0,0.06352367297720313
1765,5,0,0.26600102807274517
1766,3,1,0.6859340548546249
1767,4,0,0.0843394585270973
1768,1,0,0.16121830467439327
1769,4,0,0.13193654066319885
1770,1,0,0.11184042259436087
1771,4,0,0.18685602948537292
1772,4,1,0.3558244233049848
1773,4,0,0.1286184976955128
1774,3,1,0.9191395963651994
1775,1,0,0.1154303615861154
1776,3,1,0.14937943735672257
1777,3,0,0.1758097731605455
1778,4,0,0.16246699942276457
1779,3,0,0.36348431367539435
1780,2,0,0.10290264048975863
1781,5,0,0.1387645784579076
1782,4,0,0.17352979497995666
1783,2,0,0.12520839601278205
1784,3,0,0.07579771565271651
1785,4,0,0.13642580689149675
1786,3,0,0.14725037237181368
1787,3,1,0.19452687670162322
1788,1,0,0.223616671489041
1789,1,0,0.16273924969286105
1790,5,1,0.19567208572643
1791,4,0,0.11529582690220525
1792,1,0,0.15072314109818727
1793,4,0,0.13427585540884185
1794,5,0,0.13368136846750037
1795,2,0,0.15067496068517439
1796,3,0,0.13562478979285972
1797,2,0,0.26747513911616244
1798,3,1,0.29289889855704143
1799,2,0,0.20760151445720304
1800,4,0,0.09144910279106662
1801,3,1,0.14509712801489605
1802,4,0,0.10191161330834131
1803,2,1,0.38540836376782667
1804,3,0,0.07217584664439888
1805,1,0,0.04748800811008399
1806,5,0,0.2526499781876637
1807,1,0,0.11639418130728743
1808,1,0,0.06097152305747599
1809,3,0,0.14445614832892187
1810,5,0,0.32444161991404474
1811,1,0,0.10307941331365769
1812,4,0,0.08937646877895634
1813,5,0,0.06501207245645975
1814,4,0,0.2268085963463721
1815,3,0,0.16221043221982318
1816,2,0,0.5243411963363698
1817,1,0,0.11834593198129541
1818,4,1,0.8419965369004476
1819,3,0,0.15865185033179582
1820,1,0,0.1097406326860806
1821,5,1,0.6920063135701423
1822,1,0,0.12821659484126668
1823,4,0,0.3340791804991171
1824,2,0,0.1029435887095446
1825,4,0,0.09923370795652779
1826,5,1,0.4828342175595452
1827,3,0,0.13724684627043474
1828,4,0,0.15486808699092316
1829,2,0,0.1355011672222056
1830,2,0,0.15147088930286504
1831,1,0,0.1749851740211688
1832,4,0,0.2849672790942508
1833,1,1,0.6345350949366684
1834,1,0,0.14495744923213477
1835,3,0,0.10823902050116452
1836,2,1,0.3817176683939965
1837,2,0,0.2139528715384078
1838,1,1,0.8405755234268177
1839,4,0,0.14302074862183248
1840,4,0,0.12325614693375724
1841,4,0,0.08149653115484802
1842,2,0,0.6309664401408144
1843,5,1,0.1226416498438899
1844,5,0,0.09395718260037896
1845,1,0,0.17120633828674842
1846,1,1,0.1550994871478384
1847,1,0,0.09929581506868511
1848,4,0,0.12892112494347738
1849,5,1,0.43546353272336236
1850,4,0,0.17750912492113832
1851,3,0,0.14919430564155725
1852,2,0,0.25757873318086977
1853,3,0,0.1116845804535143
1854,1,0,0.05963771653063582
1855,4,0,0.07736966686897775
1856,5,0,0.09128141310918747
1857,2,1,0.5861506291856174
1858,1,0,0.0828117501187983
1859,1,0,0.07757862373338098
1860,2,0,0.1509043641762533
1861,1,0,0.2910102135644311
1862,3,0,0.2576555519927106
1863,4,0,0.06989838929448905
1864,3,1,0.7154035749701099
1865,2,0,0.13429268610151116
1866,3,1,0.3185418053596969
1867,5,0,0.24473832857046662
1868,4,1,0.7378955972819685
1869,1,0,0.18134505509455937
1870,2,0,0.24808282391088649
1871,1,0,0.06713801579401235
1872,3,0,0.09825648408068961
1873,5,0,0.10095308922010912
1874,3,0,0.11905617052757678
1875,5,0,0.11720837777908555
1876,1,0,0.2472077155460877
1877,4,0,0.12150231962742801
1878,1,0,0.13118626580605142
1879,5,0,0.1358405831223504
1880,4,0,0.6864443824305407
1881,5,1,0.1423403960251552
1882,1,0,0.08558923635686604
1883,4,0,0.2560397957889201
1884,4,0,0.11350218669309547
1885,5,0,0.17562233034485902
1886,1,1,0.8589207813771537
1887,3,0,0.13959184646796802
1888,4,0,0.0687483623788799
1889,5,0,0.23826792173312378
1890,2,0,0.24427508309738366
1891,2,0,0.1387288063707242
1892,4,0,0.746618347555705
1893,5,0,0.2836852271420217
1894,4,1,0.5532937445585031
1895,3,0,0.7390817751877096
1896,3,0,0.18441190196897322
1897,5,0,0.24491753992911808
1898,4,0,0.09478293564224119
1899,3,0,0.34464891972946093
1900,1,1,0.6245121962641416
1901,1,1,0.3850434464117761
1902,5,0,0.10760948706090563
1903,5,0,0.05661983685629649
1904,5,1,0.43267176870323665
1905,1,0,0.15002264318111477
1906,4,0,0.3948775417700214
1907,1,0,0.13172212934825875
1908,1,0,0.11220194773191401
1909,1,0,0.11760246040511357
1910,5,0,0.09399190284381458
1911,1,0,0.07193894429973982
1912,4,0,0.2799037119092204
1913,2,1,0.2059827816195431
1914,1,0,0.13992421060312138
1915,5,0,0.11778059452241091
1916,2,0,0.24911459441166137
1917,3,1,0.2732630539653514
1918,4,0,0.1157136020131129
1919,1,0,0.1373507525099502
1920,1,0,0.14073794651881402
1921,5,0,0.701421678188015
1922,4,0,0.1830743344587901
1923,1,1,0.33981515262568973
1924,2,0,0.10389650526301208
1925,5,1,0.08198047211023562
1926,5,0,0.10929337703694285
1927,5,0,0.09064466317099663
1928,3,1,0.059294442189295055
1929,3,0,0.12263813896851687
1930,2,0,0.8829404410354527
1931,4,0,0.323086089670123
1932,3,1,0.10345853279339959
1933,2,0,0.10096767316078406
1934,5,0,0.161064868158302
1935,1,0,0.6470877312426662
1936,1,0,0.17655213034913722
1937,4,0,0.09885811379744117
1938,3,0,0.12967114302557692
1939,5,1,0.22770848216661274
1940,5,0,0.10194849123444855
1941,1,0,0.050300040277178625
1942,3,0,0.43280857779708165
1943,1,0,0.2099009236297616
1944,2,1,0.8842685998928126
1945,5,0,0.0982401292989581
1946,3,0,0.0824284678222445
1947,1,0,0.16937800831727082
1948,3,0,0.07803715317724967
1949,2,0,0.044586549549870506
1950,5,0,0.07125668312101946
1951,2,0,0.08574411305871465
1952,4,0,0.19292809214932433
1953,3,1,0.0868033912245889
1954,4,0,0.09984807234232715
1955,2,0,0.2906870737760754
1956,3,0,0.17276506579365256
1957,5,1,0.15086409524446842
1958,2,1,0.609874465610844
1959,4,0,0.15638855941304425
1960,2,0,0.05414461101277243
1961,2,1,0.6185773471911751
1962,2,0,0.09913756537817126
1963,5,0,0.16858494590786813
1964,5,0,0.1215824198185919
1965,1,0,0.16783481654995722
1966,3,0,0.27672662878291443
1967,5,0,0.12765002069164036
1968,4,0,0.2012291375338991
1969,2,0,0.1181795842701262
1970,3,0,0.14960452496323476
1971,4,0,0.14695881419202533
1972,4,1,0.16799868483031555
1973,4,1,0.20952380110835653
1974,1,0,0.20375039442143045
1975,5,0,0.11229392698536729
1976,1,0,0.051142130912204355
1977,1,0,0.12059624136662561
1978,1,0,0.09094187590015965
1979,4,1,0.1917947048356051
1980,5,0,0.20353906239679687
1981,3,0,0.1508255068098147
1982,2,0,0.4749248401215593
1983,1,0,0.10317653987660641
1984,3,1,0.09556813869715658
1985,3,0,0.1041039732115679
1986,1,0,0.14148278616091456
1987,3,0,0.21676469942003412
1988,3,0,0.18025157397004568
1989,4,1,0.5825835504517762
1990,3,1,0.8185695346165052
1991,5,0,0.11244578138377956
1992,3,0,0.12458894148754975
1993,1,0,0.33103296641595914
1994,1,1,0.668600551939657
1995,5,0,0.07871717013003271
1996,1,0,0.16318523761997952
1997,1,1,0.710436977688393
1998,2,0,0.03934382222770805
1999,2,0,0.14012921839262968
2000,5,1,0.24921161638342415
2001,5,0,0.10339501334714428
2002,3,0,0.10954311651783875
2003,2,0,0.22117614389138746
2004,3,0,0.08997915772743814
2005,3,0,0.11382860194333297
2006,2,0,0.1020606211744031
2007,5,0,0.7429285211530895
2008,5,1,0.8407742279245694
2009,3,0,0.09241138800391532
2010,4,0,0.2508753677588303
2011,2,1,0.21304273184039973
2012,5,0,0.09431719665416019
2013,2,0,0.15353981323512236
2014,4,0,0.06700391011586587
2015,4,0,0.15029422785798377
2016,1,1,0.14891991038954394
2017,5,0,0.16187082101972244
2018,5,0,0.1281290247463845
2019,3,0,0.11571829993600756
2020,4,0,0.12838417318380407
2021,1,0,0.07951998104966895
2022,1,1,0.15217701303215286
2023,5,0,0.30599765451834376
2024,3,1,0.7672201551402825
2025,1,0,0.13729967421122266
2026,2,0,0.08083773179152015
2027,1,1,0.5728759830813549
2028,5,0,0.41455600036423834
2029,5,0,0.3849019466490931
2030,3,0,0.7328577078641673
2031,2,0,0.1103532726913172
2032,4,0,0.11065443066759606
2033,3,0,0.060691887589851924
2034,2,0,0.1306415797919561
2035,4,0,0.1328441796434957
2036,1,0,0.19896120511938262
2037,2,1,0.7659565514383154
2038,5,0,0.2921611438591354
2039,2,0,0.14928223008386282
2040,1,0,0.08845656763860155
2041,3,0,0.42853397652026376
2042,1,1,0.6495074891260981
2043,1,0,0.10309584539984545
2044,4,0,0.08393717563245705
2045,4,0,0.11537230034547917
2046,1,0,0.10575364510315723
2047,3,0,0.10612782278902512
2048,5,0,0.12245643315822426
2049,2,0,0.07950716599177941
2050,3,0,0.10856915399256799
2051,4,0,0.3434592842881463
2052,4,1,0.652864377970576
2053,4,0,0.23173792483022307
2054,2,0,0.20319577687715215
2055,1,0,0.1517892582973959
2056,1,0,0.1626175785540111
2057,1,0,0.12315960750265799
2058,1,1,0.8292491881181133
2059,3,0,0.16824096108874148
2060,4,0,0.7518236818782683
2061,3,0,0.5629962495981364
2062,5,0,0.32270015268416175
2063,3,0,0.11063823455380428
2064,3,1,0.1322941362496039
2065,4,1,0.7775573305247813
2066,4,0,0.1658503810383086
2067,4,0,0.13954951813774294
2068,2,0,0.06239947576500485
2069,1,1,0.2613907899218538
2070,5,1,0.2711114648569606
2071,2,1,0.2416835040097256
2072,5,1,0.9124702465978841
2073,4,0,0.12413406478321624
2074,4,0,0.22294029397029522
2075,4,0,0.11383452528237988
2076,2,0,0.6911720494644202
2077,5,0,0.0965645096079194
2078,4,0,0.1185451004569053
2079,4,1,0.6352345996242801
2080,5,0,0.1556259208449356
2081,2,0,0.1370088227086324
2082,3,1,0.11555069051315375
2083,1,0,0.12204097581155451
2084,3,1,0.11361045182078877
2085,4,0,0.2550394476584199
2086,1,0,0.0980689328373458
2087,3,0,0.13877538291925262
2088,1,0,0.14745387000637789
2089,4,0,0.05969847545227255
2090,2,0,0.13596609076895683
2091,4,1,0.31694126640444326
2092,5,1,0.2905071499176351
2093,2,0,0.15295007373316716
2094,4,0,0.09370479698555324
2095,4,0,0.07885492370997807
2096,5,1,0.33938350190938743
2097,1,0,0.08108187174545817
2098,5,1,0.12212174316562732
2099,1,0,0.13119069938054603
2100,3,0,0.14308319451831647
2101,1,0,0.22610010918926404
2102,4,0,0.4914571003072999
2103,1,0,0.15409127260843739
2104,5,0,0.09385660704185718
2105,1,0,0.23510144197693633
2106,2,1,0.6433557721365638
2107,3,0,0.09121848465870536
2108,4,0,0.14581922406108497
2109,4,0,0.15001596763878558
2110,5,0,0.10650294531265098
2111,3,1,0.4350573025253639
2112,5,0,0.13721352106155543
2113,3,0,0.08415235833036712
2114,4,0,0.1388405360171342
2115,3,1,0.28847642486072766
2116,3,0,0.26641336858578896
2117,3,1,0.8702785151973332
2118,5,1,0.6134419283559108
2119,4,0,0.07328686319141593
2120,5,1,0.13435954754564436
2121,3,1,0.2603173548742208
2122,3,0,0.15068700108388994
2123,3,0,0.16726381094762474
2124,4,0,0.2034172101156646
2125,1,0,0.1230003987730104
2126,5,0,0.10698282175911042
2127,5,0,0.3218177812311197
2128,5,0,0.3428382391805188
2129,5,0,0.059080284841278
2130,3,0,0.21043717199115636
2131,2,0,0.16344854346494492
2132,4,1,0.07598984226252598
2133,1,0,0.13391281722185103
2134,3,0,0.2237478427151485
2135,2,0,0.10315782493488747
2136,1,0,0.729669502151812
2137,4,0,0.28574360377046204
2138,1,1,0.6802039847903655
2139,3,0,0.21851226589305076
2140,2,1,0.24574942440713904
2141,3,1,0.29914669713526193
2142,5,0,0.1577325370951833
2143,2,0,0.14534962184619782
2144,3,0,0.1059897175060357
2145,5,0,0.14154232077962722
2146,3,0,0.11623833319113754
2147,2,0,0.6157967104001554
2148,3,0,0.08543053186616627
2149,2,0,0.06212265231421024
2150,1,0,0.11910749362549294
2151,3,0,0.08492577184187416
2152,3,0,0.2185376797771168
2153,2,0,0.12164627195485965
2154,1,1,0.2934822303675383
2155,3,0,0.19865383819837734
2156,5,0,0.13392140276494624
2157,3,0,0.057900104580592776
2158,3,0,0.17811995777270387
2159,4,0,0.13526245465476947
2160,5,0,0.09579547125305016
2161,1,0,0.10708690732603758
2162,5,0,0.13052884783314786
2163,1,0,0.21870913280932527
2164,3,0,0.5706092909477375
2165,2,0,0.5907110817571514
2166,4,0,0.15356277431947052
2167,3,0,0.12534154785859603
2168,4,0,0.2646147557549337
2169,3,0,0.8075029071721935
2170,2,1,0.13066699722038586
2171,3,0,0.26183142574548174
2172,3,0,0.07643537868833071
2173,3,0,0.1727524580698229
2174,2,0,0.1390725584126366
2175,5,0,0.11089700180274904
2176,1,0,0.12615262072991734
2177,1,0,0.11806393730081591
2178,5,1,0.05645164950473186
2179,5,0,0.08389851044653329
2180,1,0,0.6445898587691212
2181,5,0,0.13401695518567816
2182,1,0,0.14178651936798883
2183,2,0,0.17315992849788767
2184,4,0,0.2597907362279546
2185,2,0,0.04455539475946086
2186,1,1,0.07659350110825561
2187,2,0,0.023245881874267023
2188,3,0,0.08657327546354335
2189,4,0,0.6030406244543137
2190,3,0,0.16462241360643487
2191,1,0,0.12495530995629696
2192,3,0,0.1516206831990144
2193,3,0,0.07607426684145821
2194,3,0,0.2986963201531095
2195,1,1,0.38333988916509565
2196,3,0,0.09584869421896654
2197,3,1,0.6289036303706745
2198,4,0,0.25818206276527333
2199,3,1,0.10234853777596783
2200,4,0,0.09830160668237165
2201,3,0,0.19747095571862566
2202,4,1,0.20958379288187298
2203,2,0,0.12004800911470767
2204,3,0,0.18474952766226882
2205,5,0,0.16479816620253412
2206,1,0,0.20387343178191844
2207,2,1,0.7004868960515526
2208,3,0,0.08789032428798142
2209,1,0,0.10073397233581909
2210,3,0,0.12886807047659116
2211,5,0,0.07324766530203076
2212,3,0,0.1314549009759123
2213,4,1,0.09916275433045466
2214,2,0,0.11685559451419085
2215,4,0,0.11961654046291981
2216,1,0,0.1326552867927808
2217,3,0,0.26748770757922435
2218,3,1,0.7702621812920522
2219,3,0,0.08753813708384821
2220,4,0,0.05464405029775083
2221,4,0,0.07825504900119916
2222,2,1,0.25295988445887513
2223,2,0,0.11176203066190578
2224,3,0,0.16548019936872893
2225,4,0,0.1491164220200619
2226,3,1,0.5399278857858772
2227,5,0,0.21368312017803612
2228,5,0,0.06960565456822711
2229,2,0,0.1460364088721743
2230,5,1,0.8746076685090913
2231,2,0,0.18509745064671068
2232,5,1,0.1389153135742316
2233,5,0,0.09917089300068391
2234,2,0,0.07570882461264472
2235,2,1,0.5359588775744484
2236,5,0,0.14412157129790384
2237,3,0,0.10441061349606585
2238,1,0,0.11851643940260623
2239,5,1,0.14889829629629364
2240,4,0,0.12725631755251743
2241,2,0,0.12337235557369182
2242,3,0,0.14185721847678884
2243,4,0,0.3028532592977936
2244,4,0,0.12101983755829347
2245,5,1,0.22419153030304342
2246,4,0,0.14226670579441622
2247,4,0,0.11517963372380546
2248,3,0,0.08442539850193635
2249,5,0,0.1528784152600281
2250,4,0,0.14331570918632652
2251,2,0,0.6245702194234214
2252,3,0,0.14724077889796153
2253,1,0,0.05083156839497373
2254,2,0,0.1678621555313811
2255,1,1,0.6458508397593967
2256,2,0,0.1190435176505795
2257,4,0,0.18524553848098396
2258,1,0,0.8066250991661165
2259,4,0,0.09785499376734731
2260,3,0,0.03283576460268922
2261,2,0,0.1382789010054464
2262,2,0,0.3464923474540436
2263,5,0,0.09941169922770411
2264,3,0,0.14155414552542459
2265,5,0,0.11166741548567626
2266,1,0,0.15353286737481966
2267,2,1,0.11846395974812927
2268,5,1,0.18585389195101978
2269,5,0,0.30016284434578916
2270,4,0,0.07583944412558916
2271,5,0,0.1253956540245837
2272,1,0,0.12608874927892022
2273,4,1,0.1448074332368874
2274,2,0,0.21411737515091092
2275,5,1,0.1295125253952612
2276,4,0,0.1601302130834156
2277,3,0,0.1380662956738761
2278,3,0,0.11805060568984915
2279,4,0,0.13577291360636892
2280,2,0,0.13344055579488276
2281,3,0,0.14751737446653987
2282,2,0,0.09494416476391805
2283,4,0,0.15364609663862908
2284,4,1,0.17001032764048263
2285,2,1,0.246199382197398
2286,5,1,0.2443110851168637
2287,1,0,0.12672975739329045
2288,4,1,0.05702925059634319
2289,2,1,0.07610958129912414
2290,4,0,0.03232130851353071
2291,5,0,0.11392060031338073
2292,4,0,0.10990653574286285
2293,3,0,0.17659498913371616
2294,5,0,0.10706139398499707
2295,3,0,0.11860704599934721
2296,4,0,0.09061928174563794
2297,5,0,0.12933615274945218
2298,5,0,0.14670145171277968
2299,4,0,0.08885566014797971
2300,5,1,0.12678827481247598
2301,5,1,0.7706151731817666
2302,2,0,0.2842110066380304
2303,1,0,0.11593369460137824
2304,5,0,0.2220367305056142
2305,4,0,0.17587855371464192
2306,1,0,0.1720331137819269
2307,4,0,0.1560542095579339
2308,1,1,0.8442438756920687
2309,1,0,0.10738332563174757
2310,1,0,0.24813710308334508
2311,3,0,0.08125129778737347
2312,3,0,0.8749341056006024
2313,3,1,0.7218138568225617
2314,1,1,0.08204719900958535
2315,3,0,0.08922715777583068
2316,2,0,0.08648866976571683
2317,1,0,0.0507123779095764
2318,5,0,0.1825694112937076
2319,3,1,0.4267912153005497
2320,4,0,0.2853118471703996
2321,2,0,0.18659830889473453
2322,3,1,0.6540659063945122
2323,4,0,0.12343098573734126
2324,4,0,0.22530568280923743
2325,2,0,0.1046171722234997
2326,2,0,0.03404088316148527
2327,3,1,0.09562595795234577
2328,2,1,0.3715111386054456
2329,2,0,0.18503941377321062
2330,3,0,0.2905076588949972
2331,1,0,0.2854492950331726
2332,1,0,0.822795276553724
2333,5,0,0.10201579491337234
2334,5,0,0.09095954476462353
2335,5,0,0.04884905839824755
2336,4,0,0.23511867423271618
2337,1,0,0.11299388811250777
2338,1,1,0.30251788088447684
2339,2,0,0.10055273218027352
2340,5,0,0.11732316040804984
2341,2,0,0.11812740621554245
2342,1,0,0.20085592342663713
2343,5,0,0.14184271837956378
2344,2,0,0.049864230607859265
2345,4,0,0.18281603592779747
2346,4,0,0.15274633689165915
2347,4,0,0.13265944209847103
2348,1,0,0.09747863761680542
2349,4,1,0.7800421901299224
2350,4,0,0.046928879773994674
2351,2,0,0.3314252132630508
2352,2,1,0.35982632696017147
2353,2,1,0.8466679604405247
2354,3,0,0.3224803694888128
2355,4,0,0.05401434574313573
2356,4,0,0.17400988875343992
2357,5,1,0.5917607339297686
2358,4,0,0.10057682139515833
2359,3,0,0.16236459567755376
2360,1,0,0.13898102666383844
2361,4,0,0.12283245446596254
2362,4,0,0.10726356461086495
2363,1,0,0.06074807447847539
2364,5,0,0.3209801030793753
2365,2,0,0.12240455120846551
2366,5,0,0.7767770957879718
2367,2,0,0.0925422820352953
2368,5,0,0.09558275431978355
2369,3,1,0.09637074278387713
2370,1,0,0.17248993068203147
2371,3,1,0.2650624447379427
2372,1,1,0.8834516792245221
2373,5,0,0.12768237012518008
2374,5,0,0.0799929405131492
2375,5,0,0.0745378237595586
2376,4,0,0.14969984829146554
2377,1,0,0.1344009923268891
2378,5,0,0.16372665542244966
2379,4,0,0.14658930551907493
2380,2,1,0.15266094279752038
2381,1,0,0.13789691119054068
2382,3,0,0.1404886342618069
2383,4,1,0.7505461985630217
2384,4,0,0.17758258009442685
2385,2,0,0.1550630147116587
2386,2,1,0.4447688123402681
2387,4,0,0.1078960414849607
2388,4,0,0.16392345668460048
2389,3,1,0.1657568912111844
2390,2,0,0.12268917681372109
2391,2,1,0.8411426788526731
2392,5,0,0.12319421500255455
2393,4,0,0.1076594654832614
2394,2,0,0.10818186711778957
2395,4,0,0.0751795669734085
2396,3,0,0.2347027782041414
2397,1,0,0.2535342885874857
2398,2,0,0.043954945438399666
2399,1,1,0.1650215395788631
2400,3,0,0.02909128686699639
2401,2,0,0.08125371636249618
2402,2,0,0.10559193913039139
2403,5,1,0.12534326519741337
2404,3,0,0.11055889110574797
2405,3,0,0.1387244943749902
2406,5,0,0.1487574223478311
2407,4,0,0.10915500109974853
2408,1,0,0.36988004191358437
2409,5,0,0.07037420156747891
2410,3,0,0.16678041898991505
2411,2,0,0.057971339793922244
2412,4,1,0.3775756604145121
2413,1,0,0.06724929832491704
2414,2,0,0.15187089142014648
2415,5,0,0.1230845210988364
2416,1,1,0.2843100278535818
2417,2,0,0.1210028691504663
2418,1,1,0.43789109194232423
2419,1,0,0.07372867223770155
2420,1,0,0.7468884675739069
2421,2,0,0.6701061437176008
2422,2,0,0.15699860609836033
2423,2,1,0.33535248086347286
2424,3,0,0.05261460235477193
2425,2,0,0.1318198660413278
2426,3,0,0.08615374048945777
2427,4,0,0.12271180193372988
2428,3,0,0.11439196219619538
2429,2,1,0.13773185727625822
2430,1,0,0.7273174027165398
2431,4,0,0.2026322634420175
2432,2,0,0.17191873383177933
2433,5,0,0.12306267582494206
2434,4,1,0.0854149045703707
2435,2,1,0.30976048805077583
2436,5,0,0.1863753419022793
2437,3,0,0.11588667456467235
2438,5,1,0.38987010166925823
2439,1,0,0.14152868070338365
2440,3,0,0.12834293993307797
2441,5,1,0.7337708117757966
2442,2,1,0.5361629213726166
2443,2,0,0.0843397434738175
2444,2,0,0.045025039877620916
2445,4,0,0.08644910048681233
2446,1,0,0.18413922554338782
2447,4,0,0.12098180153266165
2448,3,1,0.22579941873585757
2449,3,0,0.08322240565605882
2450,5,0,0.11132771855218576
2451,2,0,0.07488891824556586
2452,2,0,0.10790165791662304
2453,1,1,0.45812372452560046
2454,4,0,0.12370709414954018
2455,2,0,0.15072240665423337
2456,1,1,0.7968877245650261
2457,2,0,0.10720676145308222
2458,5,1,0.17909699883907146
2459,1,0,0.32178259961740774
2460,2,0,0.18110725724357238
2461,4,0,0.2280984732969285
2462,4,0,0.20411841811906864
2463,3,0,0.6971509210537084
2464,1,1,0.1298129648034188
2465,1,0,0.16952602728477753
2466,4,1,0.301322200192356
2467,4,0,0.1434347587549462
2468,5,0,0.11795272360342758
2469,2,0,0.0756734722958529
2470,2,0,0.10227452668218541
2471,3,0,0.27521114687286097
2472,5,0,0.1788137052700199
2473,4,0,0.08076390414613276
2474,5,0,0.128217399918331
2475,3,0,0.4119113730119799
2476,2,1,0.712475531631286
2477,3,0,0.23100492722301064
2478,4,1,0.8405858873721409
2479,4,0,0.12144464593771839
2480,2,1,0.12319494522628621
2481,2,0,0.459007115318076
2482,3,0,0.045929542763088714
2483,3,1,0.29701104361880376
2484,1,1,0.09419765146580658
2485,5,0,0.12884488261413884
2486,5,0,0.17840868163100856
2487,3,1,0.15911613159492038
2488,2,0,0.10677450075429475
2489,3,0,0.07399986478939526
2490,1,0,0.08666741953101419
2491,4,0,0.06922509101105699
2492,3,0,0.6765819567899366
2493,5,0,0.08620715039668561
2494,5,0,0.27321839235236683
2495,5,0,0.2777313189448567
2496,3,0,0.03328028601384847
2497,1,0,0.3178978929419936
2498,4,0,0.16736773540985106
2499,3,0,0.6393531849268732
2500,3,0,0.0750233203527626
2501,4,0,0.28531351407662714
2502,4,0,0.21234161293418957
2503,3,0,0.14353630062453016
2504,1,0,0.16729776093552612
2505,1,0,0.0806822498075885
2506,4,1,0.15550299974040468
2507,2,0,0.34208395254685253
2508,1,0,0.22442154191503239
2509,2,0,0.29793107112364997
2510,1,0,0.13139390233952192
2511,4,0,0.13138116322360016
2512,1,1,0.7262236005891232
2513,1,0,0.08996047743109774
2514,2,0,0.1053607581899613
2515,4,0,0.054663830847002146
2516,5,0,0.1138523321930724
2517,1,1,0.6564286718911196
2518,5,1,0.3128713431056234
2519,3,0,0.33012339867948537
2520,5,0,0.21254959605780865
2521,4,0,0.1099030692169053
2522,5,0,0.17427638772492715
2523,1,1,0.057085718074323166
2524,2,0,0.07954466103685487
2525,5,1,0.8347673762791858
2526,1,0,0.05137987405769942
2527,3,0,0.12314676141449118
2528,4,0,0.12023140134842474
2529,5,1,0.5906034791642704
2530,2,0,0.48932916144984856
2531,3,1,0.8743377553301406
2532,5,0,0.14734852458184444
2533,4,0,0.10598431972380166
2534,4,1,0.5635025786230629
2535,4,0,0.10807086367048983
2536,2,0,0.1096074391984644
2537,4,1,0.14129450613752986
2538,4,0,0.11311576015401988
2539,4,1,0.17113660733548774
2540,4,0,0.12653805756090253
2541,3,0,0.2015056894538139
2542,5,0,0.10197586475417518
2543,4,1,0.649285274557137
2544,4,0,0.1197755129505946
2545,5,0,0.12417202305775457
2546,1,0,0.15480879191066282
2547,3,0,0.14888467862564583
2548,5,0,0.803221049011501
2549,1,1,0.6347348128839275
2550,4,1,0.6144270022969155
2551,5,0,0.13550907716811525
2552,5,0,0.18610750401876658
2553,2,0,0.10338806730025024
2554,3,0,0.8350556124712073
2555,1,0,0.13318408336461637
2556,4,1,0.17531338401817306
2557,1,0,0.1416168657539535
2558,4,0,0.13712791809539823
2559,3,1,0.06099406986363255
2560,1,0,0.10250004857832408
2561,2,0,0.12648539869816178
2562,3,0,0.1452343119182851
2563,4,0,0.12435983824836695
2564,3,0,0.06835972072806709
2565,3,0,0.1037883944815799
2566,1,1,0.5655582076501207
2567,2,1,0.061926339553778
2568,3,1,0.811630008338466
2569,5,0,0.11824865196012763
2570,3,0,0.10434446411597004
2571,5,0,0.16453626506800387
2572,3,0,0.10998305514691856
2573,5,0,0.07461948056758959
2574,1,0,0.14992919227034507
2575,5,0,0.12016309991227449
2576,5,0,0.22166526446158097
2577,3,0,0.16120736245623543
2578,1,0,0.1487190510915391
2579,2,0,0.053710482917428526
2580,1,0,0.13106208539476596
2581,1,1,0.34153157979140814
2582,1,1,0.373331772651625
2583,1,1,0.06624315932820544
2584,2,0,0.8455109789201
2585,2,0,0.10401289357215047
2586,4,0,0.07588421466636927
2587,4,0,0.13572022977307882
2588,3,0,0.1643718393577281
2589,4,0,0.09501217352111357
2590,2,1,0.51335410824219
2591,4,0,0.0648008604991649
2592,1,0,0.11293278628504363
2593,5,1,0.45479242455039437
2594,4,0,0.2824373189327234
2595,3,0,0.11319429204948596
2596,3,0,0.26903979511664183
2597,4,1,0.18727958792849517
2598,5,1,0.30279903428344057
2599,4,0,0.1322984473324075
2600,5,0,0.0446363521979396
2601,5,0,0.09261145329451857
2602,2,0,0.10381760788281012
2603,5,0,0.14615843107340795
2604,1,1,0.40173213799658203
2605,1,0,0.5523161371121215
2606,5,0,0.19565492645896718
2607,2,0,0.6532291351532523
2608,1,0,0.07220551446968779
2609,2,0,0.4766468634555721
2610,2,0,0.1253381015982264
2611,5,0,0.47393417774971563
2612,2,0,0.1228646080125686
2613,4,0,0.10489916981930252
2614,2,0,0.1731001558016581
2615,1,0,0.11244568095932007
2616,5,0,0.07587012181113711
2617,1,0,0.14502447605829646
2618,1,1,0.13417765447841704
2619,4,0,0.14842874183998228
2620,2,0,0.07488919598366818
2621,5,0,0.16396302572571383
2622,2,0,0.1486896014709687
2623,1,0,0.12610747707448156
2624,3,1,0.5800904372899948
2625,4,0,0.0574685494108172
2626,2,0,0.29165670452078235
2627,1,0,0.13302539606695452
2628,4,1,0.8764242044788265
2629,5,0,0.12433883618212835
2630,4,0,0.03520280641508916
2631,2,0,0.07738665161571807
2632,1,1,0.5316017610466343
2633,2,0,0.6476338896268898
2634,5,0,0.1911511807193833
2635,3,0,0.11992722050953993
2636,1,0,0.25541226066264333
2637,4,0,0.09537599531949884
2638,3,0,0.25221511174769734
2639,3,0,0.1173368034275507
2640,2,0,0.14290407788705417
2641,4,0,0.038411689337189164
2642,5,0,0.0834266206555088
2643,3,0,0.07002548597995657
2644,2,0,0.2541529223686535
2645,4,0,0.31892243065439785
2646,1,0,0.13388251911674678
2647,1,0,0.11292575482140119
2648,5,1,0.1853208147285184
2649,5,0,0.10026361440388559
2650,4,0,0.17149308379778522
2651,1,0,0.09868742560054798
2652,2,1,0.7355711188500232
2653,1,1,0.8245904747442941
2654,3,0,0.12211411634927559
2655,3,0,0.2632570352331646
2656,4,0,0.2766183749286632
2657,1,0,0.20230400586409025
2658,2,0,0.15079920198901323
2659,2,0,0.10211556939488002
2660,1,0,0.11687845942133324
2661,4,1,0.8360499038680148
2662,2,0,0.14107336321038297
2663,1,0,0.23227371783089135
2664,1,0,0.10066543099893913
2665,2,0,0.18440465176877263
2666,2,0,0.1253072059061353
2667,4,0,0.12547201617912268
2668,1,0,0.17426112290410362
2669,4,0,0.11615304860964187
2670,1,1,0.4262627363399968
2671,2,0,0.31890856873226847
2672,4,0,0.10274539280519449
2673,1,1,0.4444464690969023
2674,3,0,0.7996060604068991
2675,3,1,0.10090629609788496
2676,1,0,0.04886476497873173
2677,4,0,0.06599827893039929
2678,1,0,0.2568978943868427
2679,3,0,0.09101693921657908
2680,3,0,0.10135787655876073
2681,4,0,0.1290037298934014
2682,4,1,0.8075505973497484
2683,4,1,0.11168572570470744
2684,2,0,0.182228427103251
2685,4,1,0.3437487924604438
2686,4,0,0.1633261719131793
2687,5,1,0.10647474675530302
2688,1,0,0.14690693307290756
2689,1,1,0.23921136672343715
2690,1,0,0.08638080342532976
2691,2,0,0.09779435159269269
2692,4,0,0.10627901600896726
2693,3,1,0.17121713575751088
2694,2,0,0.1284247981021623
2695,1,0,0.2500492932410564
2696,3,0,0.0867938538574012
2697,3,0,0.1437062288999913
2698,1,1,0.8267575535852137
2699,5,0,0.12010434447523731
2700,3,0,0.14897782804658408
2701,3,0,0.13814414850042808
2702,5,0,0.15268261374143421
2703,4,0,0.08609894926499577
2704,2,0,0.11195396185725023
2705,1,0,0.05246788556165217
2706,3,0,0.31919821217744815
2707,4,1,0.3302946673324568
2708,3,0,0.1839622126223512
2709,1,0,0.4441502108651046
2710,3,0,0.0507979955229041
2711,2,0,0.13611060855465737
2712,5,0,0.11269639932398003
2713,4,0,0.0708676575835541
2714,2,0,0.051026239599457415
2715,5,0,0.3832240064969318
2716,1,0,0.16870337200603946
2717,2,0,0.26517295828697035
2718,3,0,0.17224330664661686
2719,5,0,0.10802075489729904
2720,5,0,0.2154054277325736
2721,2,0,0.1426441395023708
2722,2,0,0.6659150762050375
2723,3,0,0.09931742458564817
2724,1,0,0.3015700436464014
2725,2,1,0.7032697196805867
2726,1,0,0.08519646063307827
2727,3,0,0.06898732612142874
2728,4,0,0.11849042030914265
2729,1,0,0.13846224154431486
2730,1,0,0.13742567479459072
2731,5,0,0.16286781140487233
2732,5,0,0.049479454614194285
2733,2,0,0.20982880260865044
2734,3,0,0.13816379741343793
2735,5,0,0.3496509780203705
2736,1,0,0.6190023776160044
2737,2,0,0.10188109683477338
2738,3,0,0.13013431451162125
2739,1,0,0.1680769149784777
2740,5,1,0.46052571727688374
2741,1,0,0.11307798259888652
2742,5,1,0.654210340166793
2743,1,0,0.4984594712518849
2744,2,0,0.10368922061712357
2745,1,0,0.1420237510445851
2746,1,0,0.10690403465549275
2747,2,0,0.2910079252195871
2748,2,0,0.08028909755116473
2749,3,0,0.12213902923727012
2750,4,1,0.18324305365870916
2751,2,0,0.098809523427823
2752,5,0,0.19751621133730532
2753,1,0,0.13000760470070372
2754,5,0,0.11046167743330919
2755,5,0,0.1534076692458002
2756,4,1,0.16307957768980985
2757,5,1,0.7262992550960238
2758,1,0,0.11160009366202225
2759,1,0,0.054296230925524165
2760,5,1,0.8243552083556226
2761,5,0,0.10879139081890106
2762,5,0,0.14636928485977865
2763,4,0,0.6236721825789053
2764,3,1,0.5912481172024553
2765,5,0,0.12383010163999186
2766,5,1,0.16256851852712328
2767,2,0,0.12927723681949127
2768,2,0,0.10525266988805448
2769,5,0,0.3801118373719254
2770,1,0,0.09769678824175544
2771,3,0,0.0970710431520682
2772,1,0,0.14444392383879595
2773,5,0,0.22167022722930638
2774,4,1,0.7269218198130494
2775,5,0,0.31565218844042203
2776,5,1,0.5718154476196453
2777,4,0,0.1216336528309762
2778,2,0,0.1335781650868707
2779,4,0,0.13902167428988607
2780,1,0,0.2623886739129865
2781,5,0,0.05641877341502819
2782,1,0,0.05869453752152457
2783,2,1,0.590327856239662
2784,1,0,0.10134097133661561
2785,4,0,0.0791716188981192
2786,1,0,0.206686142339183
2787,3,0,0.09876593758061697
2788,1,0,0.8515657653643821
2789,2,1,0.15942832576436736
2790,4,1,0.296693004216941
2791,5,1,0.12311032440993111
2792,5,0,0.10834542457044512
2793,5,0,0.08448380413566782
2794,4,0,0.08686679388470532
2795,4,0,0.04651972235120533
2796,3,0,0.09701595478305808
2797,4,1,0.6533004851750155
2798,1,1,0.620230426284706
2799,4,0,0.047883685119100614
2800,3,0,0.10002526006023446
2801,3,0,0.23762170386574327
2802,3,1,0.0430477777211504
2803,2,0,0.1271841436267051
2804,3,1,0.7192348452537983
2805,4,0,0.11414334267852218
2806,5,1,0.18290912889346056
2807,3,1,0.23730891527080647
2808,4,1,0.35767131062523116
2809,5,0,0.07093021614592496
2810,2,0,0.18319380885208553
2811,4,0,0.3872136744961079
2812,5,0,0.3248721538100261
2813,1,1,0.3519425896458379
2814,3,0,0.17552731719552772
2815,4,0,0.44506787765040723
2816,3,0,0.06668880581602081
2817,3,0,0.2723838610736508
2818,3,0,0.10297716486003951
2819,1,0,0.11073285979695228
2820,4,0,0.07073948505802938
2821,1,0,0.14836154936490967
2822,3,0,0.1487131445983948
2823,5,0,0.07679815016852726
2824,1,0,0.16417626425801826
2825,3,0,0.10330215094852528
2826,4,1,0.6765563578938986
2827,2,1,0.8582560415192584
2828,3,0,0.044174407604463346
2829,5,0,0.10246133955173592
2830,3,0,0.13060070470377874
2831,4,0,0.2842190779356499
2832,4,0,0.30443401228763045
2833,2,1,0.08272503949239284
2834,4,0,0.10282099292312272
2835,3,0,0.11295221311256852
2836,4,0,0.21156517465798386
2837,4,0,0.10505562554987154
2838,1,0,0.1391906936589672
2839,3,0,0.07010053336142762
2840,4,1,0.521964246577365
2841,5,0,0.07453912820788813
2842,1,0,0.2342900825919902
2843,1,0,0.18458610873428322
2844,5,0,0.07510483965027134
2845,4,1,0.5226425075065102
2846,1,0,0.11164285798113262
2847,1,0,0.14804198833429158
2848,4,0,0.11905111024853818
2849,3,1,0.15002425315626006
2850,5,0,0.14599024643723563
2851,3,0,0.13434658519410544
2852,4,0,0.11440221966705452
2853,1,0,0.2663768476862518
2854,1,0,0.1249296888560096
2855,1,0,0.20966153086224684
2856,4,0,0.12254204080225324
2857,1,1,0.1534434929087977
2858,4,0,0.16640456747128957
2859,3,0,0.1254579345425285
2860,1,1,0.3717319516237464
2861,5,1,0.22428097666220098
2862,2,0,0.15380402259434528
2863,3,0,0.045231499676020144
2864,4,0,0.34625322757236326
2865,3,1,0.8904969110323864
2866,2,0,0.1505167881950934
2867,1,0,0.10426853808551635
2868,2,1,0.08651775394817467
2869,4,0,0.13591246997082956
2870,5,0,0.12883198317211578
2871,3,0,0.17410740891215692
2872,1,0,0.23010152269646167
2873,1,1,0.7488123128922965
2874,1,0,0.1382982321542849
2875,5,0,0.21078134436269222
2876,3,1,0.3121816367087427
2877,5,0,0.1496689296520618
2878,3,0,0.12874631290073313
2879,1,0,0.1516828288215326
2880,1,1,0.5063938775277058
2881,5,0,0.09320184962241683
2882,3,0,0.22080330959672953
2883,2,1,0.30539895763982616
2884,2,0,0.11823082643602528
2885,3,0,0.1031648814618809
2886,4,0,0.22726760305174729
2887,1,0,0.09883112114606843
2888,5,0,0.15214157472677953
2889,4,1,0.7834061753109915
2890,3,1,0.6875785662875163
2891,1,0,0.15391060894961156
2892,5,0,0.13442200932689538
2893,3,0,0.278655741654679
2894,3,0,0.15509200913190413
2895,2,0,0.2710061879427262
2896,3,0,0.09890912420275323
2897,5,0,0.0807322619704494
2898,3,1,0.3904095777133541
2899,5,1,0.6992527527201294
2900,2,0,0.13223421558317058
2901,5,1,0.12804116470210716
2902,3,0,0.1065582250199003
2903,2,0,0.13983966967046046
2904,1,0,0.3104266271889284
2905,1,0,0.12089345069549681
2906,1,0,0.31559894982642317
2907,3,0,0.26289259876183535
2908,3,0,0.11351641920879214
2909,2,0,0.16622626322148099
2910,1,0,0.10714410592166682
2911,4,0,0.08677781035075299
2912,3,0,0.15171278473026076
2913,4,1,0.15395443007975373
2914,4,0,0.14609029798663015
2915,4,0,0.07891974740669755
2916,4,0,0.09778053288607715
2917,5,1,0.674500771495798
2918,2,0,0.03407356365695511
2919,3,0,0.2085841454207409
2920,4,1,0.5484910554693352
2921,4,1,0.5174118952293112
2922,3,0,0.16940664375758632
2923,2,0,0.2995278003274772
2924,4,0,0.09982613035337011
2925,3,0,0.12289229163198002
2926,1,0,0.1507529796359702
2927,2,0,0.07380900477992267
2928,4,0,0.10179897186193643
2929,2,1,0.8663340180122019
2930,2,0,0.08685962813192608
2931,2,0,0.1696660150771201
2932,2,0,0.10535098078225293
2933,1,1,0.16481129460376862
2934,4,0,0.1322699822713522
2935,3,0,0.10836475365115793
2936,3,0,0.09670209099828657
2937,5,0,0.130753990777382
2938,2,0,0.11001186722991625
2939,4,0,0.10449131367845971
2940,5,1,0.303891817927056
2941,1,0,0.1017847660742129
2942,4,0,0.08589728712842973
2943,4,0,0.16760092030730067
2944,3,0,0.18319612488959688
2945,3,1,0.12502733366474242
2946,2,0,0.16915040194829503
2947,3,0,0.11422109392833674
2948,1,0,0.19837276217291047
2949,5,0,0.1630276047416888
2950,2,0,0.13240724282967736
2951,4,1,0.18067433340545166
2952,1,0,0.08334632291602172
2953,4,0,0.20031475685548172
2954,3,1,0.8287576136126261
2955,1,1,0.6521419064872903
2956,2,1,0.6670235853219204
2957,1,0,0.08329834315064592
2958,4,1,0.10566309988025982
2959,2,0,0.1580808815027124
2960,1,0,0.11499704222878053
2961,3,0,0.06495112351127687
2962,3,0,0.11631887510036733
2963,1,0,0.0500745518260466
2964,2,0,0.12592220420524344
2965,5,0,0.14291495208954846
2966,3,0,0.29615272583106833
2967,1,1,0.3011850694121014
2968,1,0,0.23966729150174534
2969,1,1,0.14549650012501905
2970,2,0,0.04643466137262044
2971,3,0,0.12456648369432984
2972,2,0,0.25761304076849384
2973,1,0,0.25591869814096296
2974,2,1,0.22841451916049021
2975,4,0,0.12315782223418548
2976,1,0,0.1461492165676445
2977,4,0,0.2938035621048563
2978,1,1,0.10885932544798067
2979,1,0,0.6214270891891878
2980,3,0,0.1448201945210611
2981,5,0,0.05691672088591668
2982,3,1,0.5074122449059918
2983,3,0,0.056687324798079634
2984,1,0,0.06383560866185814
2985,2,0,0.16448350272667986
2986,4,0,0.06880831726963424
2987,1,0,0.0780347980762107
2988,1,0,0.32897207680632806
2989,2,0,0.09676244346709997
2990,3,0,0.28831683119177287
2991,5,0,0.10302016450473364
2992,5,0,0.1011239334401301
2993,5,0,0.1661109197980923
2994,4,0,0.14146886695039412
2995,3,0,0.07644178321121345
2996,1,0,0.10985594955198213
2997,5,0,0.130315759524643
2998,1,0,0.22167780555851802
2999,3,1,0.349273939880972
3000,1,0,0.07895887768393603
3001,5,0,0.13963241878139626
3002,4,1,0.10841382111143053
3003,3,0,0.14652792504255
3004,4,0,0.09602190614697625
3005,5,0,0.07250789669900624
3006,5,0,0.143947463522694
3007,4,0,0.12382353650730982
3008,5,0,0.10830306921670489
3009,1,0,0.060708553566185236
3010,1,0,0.09766296701050238
3011,2,0,0.16801766963458029
3012,3,0,0.13141146457973985
3013,3,0,0.08585363909089533
3014,3,0,0.055640122763730634
3015,4,0,0.20682963708269408
3016,1,0,0.09880615505372052
3017,1,0,0.11290943188551307
3018,5,0,0.1393965960326689
3019,1,0,0.39405508161385844
3020,3,0,0.061551629485371316
3021,4,0,0.12237808047010848
3022,3,1,0.4199436268379815
3023,2,0,0.21271934023725075
3024,2,0,0.09404431897038118
3025,5,0,0.21351367886110842
3026,1,0,0.10242964105525647
3027,2,1,0.6363811420865945
3028,4,0,0.09770772936652936
3029,5,0,0.14585783613764694
3030,4,1,0.09324095766255953
3031,4,0,0.07875022977692571
3032,3,0,0.05808846322787207
3033,5,0,0.09931928914435574
3034,3,0,0.06946559733855866
3035,1,0,0.37473180330397293
3036,4,0,0.12181920363174795
3037,2,0,0.13888431455631514
3038,1,0,0.2975446361039887
3039,4,1,0.2825124483392971
3040,3,0,0.7711300632570363
3041,2,0,0.1477556642432214
3042,5,0,0.24029638184710797
3043,4,1,0.128523145917017
3044,4,1,0.11805419516968141
3045,3,1,0.37156457202792165
3046,2,0,0.30529097251454546
3047,2,0,0.14810644197085732
3048,1,0,0.055800346240975546
3049,2,0,0.09218733457250518
3050,3,0,0.1044711750921263
3051,5,1,0.10744847389847843
3052,3,1,0.20982984958335835
3053,2,0,0.20144918687889823
3054,1,1,0.182182442764946
3055,5,0,0.4990512083971444
3056,4,1,0.509973513269188
3057,4,0,0.3478038863710896
3058,2,0,0.39126309458295216
3059,3,1,0.18434714966051868
3060,4,0,0.044647874539931506
3061,3,1,0.505148894260523
3062,2,0,0.040241897121623474
3063,5,0,0.04628870285444732
3064,2,0,0.13862058192527035
3065,2,1,0.17608814032929812
3066,3,0,0.2353718221934656
3067,5,0,0.06182072297144727
3068,3,0,0.11297482682568978
3069,1,0,0.14254847171489557
3070,3,0,0.1343402080596301
3071,5,0,0.42611995055955787
3072,1,0,0.09285762528787299
3073,3,0,0.15242939422150087
3074,1,0,0.10680450737415982
3075,4,0,0.8978948611283675
3076,1,1,0.09092089480599884
3077,2,0,0.127199788876338
3078,3,0,0.8819211326807324
3079,5,0,0.06687897500918612
3080,2,0,0.12221114140655867
3081,2,1,0.5354879184239725
3082,1,0,0.06290425510865276
3083,2,0,0.2615742522202058
3084,4,1,0.11069606709895638
3085,5,1,0.8576695278964092
3086,4,0,0.10465644211832144
3087,3,0,0.1135714698184547
3088,2,0,0.19455253788941307
3089,3,0,0.2706007837230353
3090,2,0,0.07673090618590005
3091,5,0,0.5111236800793454
3092,3,1,0.04473119192961924
3093,3,0,0.08129042781049871
3094,1,1,0.5758769862975535
3095,2,0,0.19661435869124552
3096,5,0,0.26060070185472667
3097,4,0,0.05779858775990614
3098,4,0,0.14131893936035442
3099,3,0,0.7571793213442615
3100,1,0,0.07151301592598407
3101,2,0,0.1103448030785229
3102,2,0,0.11780976300891366
3103,4,0,0.12264247097921355
3104,5,0,0.0483736664313916
3105,2,0,0.1399075171171252
3106,3,0,0.17506298744843155
3107,3,0,0.09877434409355464
3108,3,0,0.10291579370145154
3109,2,1,0.12913220030986766
3110,4,0,0.08844476528513534
3111,1,0,0.11292709810169262
3112,4,1,0.07704876042283723
3113,3,0,0.15863450082843725
3114,4,0,0.44526480805557256
3115,4,1,0.30392293493939126
3116,3,0,0.09922188828235384
3117,2,0,0.1190741771698553
3118,2,0,0.18537229537237568
3119,5,1,0.6001670273711662
3120,5,0,0.12934101937919504
3121,1,0,0.12157090931384767
3122,1,1,0.12000626694577486
3123,1,1,0.17518385532396957
3124,5,0,0.14644775122821263
3125,4,0,0.10853864539454218
3126,4,1,0.5194057834878648
3127,3,1,0.8424162623771139
3128,1,0,0.06139668362390233
3129,1,0,0.3456132536888473
3130,5,1,0.8756132903979269
3131,3,0,0.10435813480558123
3132,5,0,0.12210558189003151
3133,2,0,0.08016491757260198
3134,2,0,0.26196890670707756
3135,1,0,0.24868397158603373
3136,1,0,0.10096950188192638
3137,2,0,0.09165978396475816
3138,3,0,0.12821702401501936
3139,1,0,0.11089197678965745
3140,2,1,0.3550070486483868
3141,4,0,0.05030983155485957
3142,1,0,0.3340300118134714
3143,1,0,0.15529460248966948
3144,5,0,0.0810924712627288
3145,4,0,0.6210783489778353
3146,5,0,0.076778570026548
3147,4,0,0.0915948438329273
3148,2,1,0.38462077408611023
3149,4,1,0.16368702536011237
3150,5,0,0.15943805749082535
3151,5,0,0.21569422994711956
3152,2,1,0.2578071945433908
3153,4,0,0.13455243288432128
3154,5,1,0.2797658963461241
3155,4,0,0.23011294636829493
3156,2,0,0.1289904022213822
3157,1,0,0.14935793303414505
3158,5,1,0.14734237700984135
3159,1,1,0.6080588775477249
3160,1,0,0.11792103612805098
3161,5,0,0.2940854942767823
3162,5,1,0.15314291630554133
3163,5,0,0.10080349765196848
3164,5,0,0.08929350023302081
3165,1,0,0.137137464348723
3166,4,0,0.14037897365307644
3167,2,1,0.4960814013444395
3168,2,0,0.31860567078991914
3169,5,0,0.22152599559112623
3170,1,1,0.11048963953191766
3171,1,0,0.5031523285374789
3172,1,1,0.25712673127210145
3173,4,1,0.30772396050519807
3174,2,0,0.07963635903818664
3175,2,0,0.07684751926829915
3176,2,0,0.19435972723356879
3177,3,1,0.10343790435844584
3178,3,0,0.1409420343579995
3179,3,0,0.14654546776889843
3180,4,0,0.13022515827899162
3181,2,0,0.11280292474578382
3182,4,0,0.14769504557829702
3183,4,0,0.12724021538706912
3184,1,0,0.08010746857634524
3185,3,0,0.11132141754276781
3186,2,0,0.8265986743134103
3187,4,1,0.8768284249859617
3188,5,0,0.10544881413109701
3189,3,0,0.06260497417410968
3190,2,0,0.09297466580872034
3191,1,1,0.2825069376567064
3192,1,0,0.7748921423782921
3193,5,0,0.10061313803520922
3194,2,0,0.0979221257363487
3195,5,0,0.08267591344038219
3196,3,0,0.4010237602968289
3197,5,0,0.09668524357811137
3198,3,0,0.07038418660281183
3199,1,0,0.13630671372356573
3200,2,0,0.266877247314152
3201,5,0,0.1113553636655094
3202,4,0,0.1387051176216243
3203,1,0,0.12184256441939437
3204,1,0,0.13097797301430245
3205,1,1,0.22486530135231264
3206,3,1,0.902533850694564
3207,3,0,0.13156400316847497
3208,2,0,0.13154411100212465
3209,2,0,0.05863941171256857
3210,4,1,0.69390810246772
3211,4,0,0.0942447872550797
3212,4,0,0.13313131006566523
3213,2,0,0.14239156164042915
3214,1,0,0.144122483177185
3215,2,0,0.1308748252003563
3216,1,0,0.3714680475873561
3217,5,0,0.13013036175586845
3218,3,0,0.3316551023374375
3219,3,0,0.16017504560850856
3220,3,1,0.533489159613606
3221,4,0,0.08331135735267371
3222,1,0,0.11881353722825905
3223,2,0,0.15255143125511192
3224,4,1,0.23623265680003874
3225,2,1,0.4800395411961452
3226,5,0,0.11870965949163663
3227,3,1,0.8571083853488793
3228,3,1,0.6101590657288775
3229,3,0,0.11335913635416434
3230,2,0,0.40669912042290024
3231,2,0,0.1719300219560631
3232,4,1,0.5286314169194541
3233,1,0,0.11611666646661893
3234,5,0,0.09958852347713291
3235,2,0,0.2336345150006441
3236,3,0,0.5091762648026578
3237,5,0,0.14065886151613935
3238,2,0,0.1405301605897729
3239,2,0,0.12265302121178251
3240,2,0,0.11593656501116882
3241,5,0,0.10297158068333119
3242,1,0,0.08576257644546822
3243,3,0,0.09185901479244174
3244,5,0,0.16701588978113407
3245,3,0,0.08598927521494455
3246,4,0,0.3215474024180223
3247,1,0,0.1093442770621805
3248,1,0,0.31569707400936625
3249,4,0,0.6037484317512435
3250,2,0,0.011996564310929925
3251,1,0,0.054373087385941585
3252,3,0,0.21333664126933827
3253,1,1,0.8137328970579094
3254,5,1,0.38808322157725356
3255,3,1,0.7910758038322867
3256,4,0,0.12627130706961648
3257,3,1,0.18772153580119424
3258,4,0,0.11914146927321474
3259,4,0,0.12290866868463916
3260,5,0,0.1499338666033042
3261,2,1,0.15211364068690453
3262,1,0,0.1311480756739791
3263,4,0,0.088879504978183
3264,3,0,0.11138566630624692
3265,3,0,0.0814161884837931
3266,4,0,0.20697276829424852
3267,3,1,0.15212190433621484
3268,1,0,0.11891554186872362
3269,3,1,0.11234268957609589
3270,1,0,0.15252258548853073
3271,1,0,0.28849494651229834
3272,3,0,0.06439968482689133
3273,2,0,0.07491146818608427
3274,5,0,0.12264407356657628
3275,2,1,0.4542124842760082
3276,4,0,0.0735985515818257
3277,2,0,0.17496705171870544
3278,4,0,0.2193439493272706
3279,4,0,0.19069475244227602
3280,3,0,0.04462789060653955
3281,3,0,0.104142077804872
3282,4,1,0.30912842588438594
3283,1,1,0.5703931805871442
3284,5,0,0.12671984008964782
3285,3,0,0.10898847506143775
3286,5,0,0.26323058674176786
3287,4,0,0.17562685675835688
3288,3,0,0.29928756606082385
3289,3,0,0.13103378919985514
3290,3,0,0.0771794278161572
3291,3,0,0.17741469304202168
3292,5,0,0.5411853718669025
3293,2,0,0.11130427009860083
3294,2,0,0.12597992739276118
3295,2,1,0.7795449513178083
3296,4,0,0.23030875317990654
3297,3,0,0.11368642003960494
3298,5,0,0.06947250477153581
3299,1,1,0.7052732031093584
3300,1,0,0.11058782128819263
3301,5,0,0.1302406602121782
3302,1,1,0.21688111624639475
3303,1,0,0.051210678718961705
3304,4,0,0.29679197259700807
3305,1,0,0.09915831566254138
3306,2,0,0.16671860343437264
3307,3,0,0.14663411776702462
3308,1,0,0.1192304435615217
3309,1,0,0.10422820782671187
3310,3,0,0.13658927944181395
3311,5,0,0.3646113571091703
3312,2,0,0.08896604332788205
3313,5,0,0.10681115238786261
3314,5,0,0.6742096678548855
3315,3,0,0.11327946716478408
3316,1,0,0.14663413675885417
3317,5,0,0.3600818259403926
3318,1,1,0.2723550724398911
3319,4,0,0.10185619264959422
3320,3,0,0.19469925415169895
3321,4,0,0.1198822666745257
3322,4,0,0.06264505775834074
3323,3,1,0.8075951158383812
3324,2,1,0.503545012556879
3325,1,0,0.0954992024977529
3326,2,0,0.3231596055179004
3327,1,0,0.6915799450268216
3328,5,0,0.1520190280050612
3329,4,0,0.0697719326148478
3330,5,0,0.13358614246438413
3331,1,0,0.16885758641024515
3332,2,0,0.2091378776169598
3333,3,0,0.10383442336428435
3334,3,0,0.27220116880042144
3335,2,0,0.10047648092048597
3336,4,0,0.1339761455880462
3337,3,0,0.1706727400301269
3338,2,0,0.1322799230109679
3339,4,0,0.0750631925021644
3340,1,1,0.3057738086403006
3341,1,0,0.11205438264374176
3342,5,1,0.5482792839943208
3343,2,0,0.10774685954146829
3344,2,0,0.12028301344918575
3345,3,0,0.14078101410541297
3346,2,0,0.0543248699711069
3347,2,0,0.13261739166803493
3348,4,0,0.09994773362124526
3349,3,0,0.14559085408786568
3350,2,1,0.1947542525442275
3351,3,0,0.1010850644397829
3352,4,1,0.6628443550072142
3353,1,0,0.1184722850582142
3354,3,1,0.39095807217129824
3355,2,0,0.09136796746328112
3356,5,0,0.06697375084571765
3357,1,0,0.18912977583674523
3358,1,0,0.09378318562581536
3359,3,1,0.3091249290166543
3360,3,0,0.12405873612344799
3361,3,0,0.141352544994406
3362,3,1,0.33805949562813004
3363,4,0,0.10337224770747547
3364,4,0,0.1104601310792921
3365,2,0,0.11373598497146799
3366,4,0,0.09356623245578452
3367,3,0,0.11278573288567387
3368,5,1,0.13226061183089505
3369,2,1,0.12059414518218924
3370,4,0,0.5605729982630068
3371,3,0,0.34169361747791044
3372,2,0,0.21714999536938195
3373,1,0,0.35241298742715715
3374,3,0,0.22409864192028067
3375,2,1,0.8068988961655624
3376,5,0,0.13313035904362305
3377,4,0,0.3231744512304205
3378,1,0,0.5324383498688032
3379,5,0,0.1548417019818212
3380,1,0,0.2365759642234792
3381,1,0,0.13259449410541443
3382,1,0,0.3059675477830452
3383,1,0,0.19298079568015608
3384,3,1,0.6909810844023407
3385,2,0,0.15639868966442425
3386,4,0,0.2964264468780171
3387,2,0,0.12255554329589358
3388,5,0,0.10398207287364161
3389,2,0,0.1048091773620341
3390,3,1,0.07742017572338952
3391,3,1,0.24607062166130048
3392,3,0,0.20975497267949064
3393,1,1,0.08445774681945557
3394,5,0,0.2599309907772423
3395,4,0,0.10556192646218401
3396,4,0,0.11366311545176652
3397,3,0,0.3101111573319437
3398,2,0,0.2599059318194506
3399,4,0,0.17982153521027816
3400,2,1,0.5214582756150489
3401,1,0,0.1053791906908125
3402,3,0,0.0943927016131608
3403,5,0,0.06881601729120468
3404,3,0,0.11872253477368466
3405,5,1,0.15981042953795657
3406,4,1,0.8414573099483442
3407,1,0,0.15668752913998918
3408,3,0,0.7127427097716988
3409,4,0,0.0672563193809616
3410,1,0,0.29390859447995626
3411,2,1,0.5047076401919459
3412,2,0,0.14865621314075414
3413,4,1,0.37723086809462547
3414,2,1,0.15233324265454887
3415,5,0,0.10653233177800649
3416,3,0,0.21996724117691607
3417,4,1,0.5689315622901652
3418,2,0,0.3118812376362538
3419,2,1,0.7899399367426448
3420,1,0,0.109635381470038
3421,3,0,0.09157164190691212
3422,2,0,0.1253034964080954
3423,4,0,0.13170958884857617
3424,3,0,0.0994032438264281
3425,3,0,0.12039193966916512
3426,1,1,0.27536412023067763
3427,4,0,0.12576130861870188
3428,2,1,0.6982463282959037
3429,3,1,0.2909674419309001
3430,5,0,0.19153496528791925
3431,1,1,0.15751477460496524
3432,1,0,0.13245453445140315
3433,4,0,0.8585914287545762
3434,3,0,0.09045007806549094
3435,4,0,0.10621387287738776
3436,2,0,0.1235424757464942
3437,5,0,0.5453852264538765
3438,3,1,0.1288540616687848
3439,5,1,0.49273593352689443
3440,3,0,0.11592217051422918
3441,1,0,0.08809003847152963
3442,2,0,0.09780937185243324
3443,5,0,0.14240473436553688
3444,3,0,0.3390904187415618
3445,5,0,0.17724112501050293
3446,5,1,0.8539221284542224
3447,4,0,0.4817180956651964
3448,4,0,0.10818395027664784
3449,2,0,0.09714119022186159
3450,2,0,0.07091694152136359
3451,4,0,0.2655670854507772
3452,3,0,0.08736542181165209
3453,5,0,0.5728771626136251
3454,1,0,0.1256044250659309
3455,3,1,0.06718653173713307
3456,1,1,0.8712791206427896
3457,4,0,0.038524369597200854
3458,4,0,0.09046232344949473
3459,2,0,0.7128393359193443
3460,2,0,0.33814355536672663
3461,5,1,0.6345221002792456
3462,4,0,0.11386333315452078
3463,2,0,0.11686377203652211
3464,1,0,0.12831221575321375
3465,5,1,0.3918002316549695
3466,4,0,0.21882618862330516
3467,4,1,0.13624241827150557
3468,2,0,0.038533143291455886
3469,1,0,0.09213464323142187
3470,1,0,0.10720846099090733
3471,5,0,0.12702065085065006
3472,1,0,0.19475820445963693
3473,4,0,0.12538783702125364
3474,5,0,0.0951418769952304
3475,5,1,0.8452247139038571
3476,5,0,0.11804180117815088
3477,1,0,0.13115275172414925
3478,2,0,0.6240698129063729
3479,3,0,0.12455747801792529
3480,5,0,0.10927264967349916
3481,2,0,0.10417518726085058
3482,1,1,0.7236200265650782
3483,4,0,0.3395823287709748
3484,5,0,0.11194933619405684
3485,3,0,0.055969864834263736
3486,1,0,0.19899285895093896
3487,1,0,0.12628035723988665
3488,2,0,0.0816791154897335
3489,1,0,0.07649941795128416
3490,2,1,0.33574126900739054
3491,3,0,0.12550312791790483
3492,1,1,0.2282080113625052
3493,1,0,0.22131931866154134
3494,1,0,0.1276925413015821
3495,1,0,0.17143820242404717
3496,3,0,0.09409531899869088
3497,2,0,0.12179299319884998
3498,3,0,0.11200086119959442
3499,1,0,0.2760135224817022
3500,4,0,0.07150519301062622
3501,3,1,0.14340226683755855
3502,4,0,0.1601773957626555
3503,4,0,0.10849433075636722
3504,4,0,0.17615449592295665
3505,3,1,0.6452885816765024
3506,3,0,0.08482634312165718
3507,2,0,0.16759243693601505
3508,3,0,0.2703647686915535
3509,2,1,0.23667259728050308
3510,3,0,0.11539774461135141
3511,4,1,0.31842774864211765
3512,3,0,0.23480593283653325
3513,2,0,0.1311066971104725
3514,2,0,0.09163595686356438
3515,2,0,0.1446334546758567
3516,4,0,0.18249526925944476
3517,4,0,0.22003922227061087
3518,4,1,0.5079545420867435
3519,2,0,0.4436440383818692
3520,4,0,0.14522471933645195
3521,2,0,0.2331996213827277
3522,4,0,0.1571182403596608
3523,5,0,0.11302919406310932
3524,3,1,0.163058018509658
3525,4,0,0.31764448132475925
3526,3,0,0.08243564068080457
3527,1,0,0.13504175504171256
3528,3,0,0.15910063418480666
3529,2,0,0.8002785201353423
3530,5,1,0.3217581785238101
3531,1,0,0.2232804988364664
3532,5,0,0.2225975445129336
3533,4,0,0.17043829396353335
3534,5,0,0.16833674319278985
3535,1,1,0.11911356118768181
3536,2,0,0.11473259852051466
3537,1,0,0.06054014467829342
3538,2,0,0.03312430078669531
3539,2,0,0.13767429119858163
3540,2,0,0.1256813569069828
3541,2,0,0.10829739155413606
3542,4,1,0.5681213302058458
3543,1,0,0.06399878814219546
3544,5,0,0.24618502155481747
3545,3,0,0.09284827291107513
3546,5,0,0.13338920813492214
3547,2,0,0.13934647506939923
3548,1,0,0.8530546252358131
3549,3,0,0.16363028565815482
3550,5,1,0.701930939933707
3551,3,0,0.08647436790304536
3552,3,0,0.1711803356842257
3553,5,0,0.18120827170905665
3554,5,0,0.04467975705843451
3555,1,0,0.13025983792717236
3556,1,0,0.12427866858294237
3557,2,0,0.18841851622465433
3558,4,1,0.7664062480377296
3559,5,0,0.2616006533172465
3560,1,0,0.1613097912673018
3561,5,0,0.11531117148619331
3562,4,0,0.31468919906063947
3563,3,0,0.5144246130181124
3564,2,0,0.11090163181787124
3565,4,0,0.22087197269377318
3566,1,1,0.6919682357204959
3567,3,0,0.05481142831528889
3568,5,1,0.15021340477155948
3569,1,0,0.1810478993306408
3570,3,0,0.1427428067566338
3571,3,0,0.06689382180812996
3572,2,0,0.09279638734891256
3573,1,0,0.19748021457796744
3574,4,0,0.10158464268425729
3575,5,1,0.7727635591777737
3576,3,0,0.0895096930616945
3577,2,0,0.12050623596407799
3578,5,1,0.40580914435286464
3579,2,0,0.8774922223855299
3580,3,0,0.7493658240243178
3581,3,0,0.28420634023759456
3582,3,0,0.16229135601899963
3583,3,0,0.1522328601822452
3584,3,0,0.1414818926171457
3585,4,0,0.09739217070541747
3586,4,0,0.05095650481247599
3587,3,0,0.23156118860601704
3588,4,0,0.1191240158565778
3589,3,0,0.12705530325648234
3590,4,0,0.11724854459384275
3591,1,0,0.3710935765853567
3592,4,0,0.09676593452418784
3593,1,0,0.13798303875508255
3594,5,0,0.21016709202853107
3595,4,1,0.12170973057092374
3596,2,0,0.1624460373396346
3597,4,0,0.08670310564245018
3598,2,0,0.06301105973169666
3599,3,0,0.39907014622703035
3600,5,1,0.6455678089055978
3601,5,0,0.1685390177450881
3602,4,0,0.2121612774590771
3603,2,0,0.1291385074642355
3604,1,0,0.13518090751293857
3605,1,1,0.35406979580084447
3606,3,0,0.14376319954820732
3607,1,1,0.7336345754211413
3608,5,0,0.29354574871321254
3609,1,1,0.0728540438300597
3610,4,0,0.15686035087012423
3611,5,0,0.8292506947530376
3612,1,1,0.5491672121219842
3613,3,0,0.1501622910703796
3614,5,0,0.08647847526361922
3615,5,1,0.15181187232661317
3616,1,0,0.09326691238995259
3617,4,0,0.12891755683197137
3618,2,0,0.20764180079529865
3619,4,0,0.18858845227290952
3620,4,0,0.1630100880802634
3621,4,0,0.2026334893293086
3622,3,0,0.10740110973211155
3623,3,1,0.292625642925489
3624,1,0,0.18154448157602324
3625,4,0,0.37809919931909897
3626,3,0,0.13213058232021818
3627,2,1,0.864718103723624
3628,3,0,0.0510391084729693
3629,5,0,0.1346018171611021
3630,1,0,0.09035549406403395
3631,5,1,0.46579675352163646
3632,2,1,0.19539897258533864
3633,3,0,0.08330945822190843
3634,3,0,0.05086788748647475
3635,3,0,0.0977235910247501
3636,3,0,0.15215537484861824
3637,4,0,0.1398455065875626
3638,1,0,0.10334691708352009
3639,5,1,0.2959372448895326
3640,1,0,0.16595910603882238
3641,2,0,0.11974771465657005
3642,3,0,0.20006830353899405
3643,2,0,0.1066074310425204
3644,4,1,0.23526382446173197
3645,4,1,0.6777495026814773
3646,4,0,0.1285283908434322
3647,2,1,0.5504150653432747
3648,2,1,0.41661864414003774
3649,2,1,0.5144300872493895
3650,5,0,0.13141089430869907
3651,4,0,0.09646371546675563
3652,5,1,0.26268562821373564
3653,2,0,0.08715261871761859
3654,4,0,0.10573162003603873
3655,5,0,0.5973957654946612
3656,4,1,0.790805053064309
3657,4,1,0.21472247675668427
3658,3,0,0.13228072139575647
3659,4,0,0.14718109718356331
3660,1,0,0.04770472082397675
3661,5,0,0.11732329529276524
3662,3,1,0.6870182490528352
3663,3,0,0.1397010487417181
3664,2,0,0.092202017306815
3665,4,0,0.2668580770436835
3666,5,1,0.6590301538723936
3667,3,0,0.3137845288452272
3668,1,0,0.08730683396509711
3669,3,1,0.22111952431566456
3670,4,0,0.09404340167461199
3671,5,0,0.2484033808765989
3672,4,0,0.18172688394164555
3673,3,0,0.12769376201483704
3674,3,0,0.16250620489361137
3675,1,0,0.13113035402352594
3676,3,0,0.2665621320400571
3677,2,1,0.8743589579395654
3678,3,0,0.14808017398955023
3679,3,0,0.09794627442815755
3680,1,0,0.09705230555299463
3681,3,0,0.5436055555032567
3682,3,0,0.09837390362931414
3683,2,1,0.5662806570654617
3684,2,0,0.0968935127930461
3685,5,0,0.07695178902562216
3686,5,1,0.14154266091014178
3687,2,0,0.14749597236979092
3688,2,0,0.07693551533723679
3689,4,0,0.7676847555877021
3690,1,1,0.7034108903910551
3691,2,0,0.47041729047395753
3692,1,0,0.19078786074751689
3693,1,0,0.430380069983481
3694,2,0,0.1355497925106757
3695,1,0,0.11757577358008338
3696,4,0,0.23298215662698546
3697,3,0,0.08344908010691653
3698,2,1,0.1376742018379917
3699,2,0,0.12073078288103137
3700,3,0,0.14749606973065432
3701,5,0,0.18588358638454267
3702,4,0,0.2984785378987412
3703,3,0,0.17144850355572377
3704,1,0,0.234809818708188
3705,5,0,0.056588421715082736
3706,3,1,0.40381669060843417
3707,1,0,0.12847411484627794
3708,1,1,0.14890248933141959
3709,3,0,0.1401277348900376
3710,4,1,0.1696812242196432
3711,5,0,0.36909930658015677
3712,2,0,0.12904340125871305
3713,1,1,0.2204569242745232
3714,2,0,0.17916025899503615
3715,2,0,0.1407068818610716
3716,4,1,0.1825655639777948
3717,3,0,0.35961008193827815
3718,5,0,0.09350008296340165
3719,3,0,0.1358324506858187
3720,3,0,0.14129910518288588
3721,1,1,0.3590100923651262
3722,2,0,0.1584418374704295
3723,5,0,0.8377126238544196
3724,1,0,0.13453873381924586
3725,3,0,0.0843492783054263
3726,2,1,0.16516734715616807
3727,3,0,0.26985999127405963
3728,3,0,0.11312902051693131
3729,2,0,0.18709564208387072
3730,1,0,0.5959914926613658
3731,3,0,0.3273324778737191
3732,2,0,0.17315018157378337
3733,1,0,0.07250603020714005
3734,4,0,0.2083482695597386
3735,5,0,0.1687203731535588
3736,4,0,0.4534784578581028
3737,3,0,0.1637681361911961
3738,2,0,0.023369107929397833
3739,1,0,0.10832726091419553
3740,5,0,0.09530867053318864
3741,2,0,0.07681870077652105
3742,3,0,0.12177982051675713
3743,4,0,0.2783791204581937
3744,1,0,0.29923670722127005
3745,4,1,0.1343681105929897
3746,1,0,0.2935371240934082
3747,4,0,0.1422048749095511
3748,3,0,0.14297280254795955
3749,5,0,0.1083489425138815
3750,3,1,0.7658051740179438
3751,5,0,0.24980025419255253
3752,4,0,0.055229612767302455
3753,3,0,0.11628503538993953
3754,5,0,0.08696204093423346
3755,3,1,0.16909655281128172
3756,4,1,0.676144301312967
3757,1,0,0.1491168730184043
3758,5,1,0.16227125723943747
3759,2,0,0.07950895102661212
3760,1,0,0.2762295403697695
3761,3,1,0.03731827511620321
3762,2,0,0.13744882157587154
3763,5,1,0.5518909233755798
3764,1,0,0.023985728801117812
3765,2,0,0.11994559946604122
3766,3,0,0.07263296665451204
3767,1,1,0.8160666779939503
3768,2,0,0.11423631911453187
3769,5,1,0.6100393140909132
3770,5,0,0.617991475147132
3771,1,0,0.053663477475530276
3772,2,1,0.6187627497726494
3773,2,0,0.09683743327564663
3774,2,0,0.13114937963469953
3775,2,0,0.11072760031020261
3776,5,0,0.15547299849137325
3777,3,0,0.14573638878784914
3778,3,0,0.09252179729798499
3779,2,0,0.112324555838882
3780,1,0,0.22939319611452258
3781,2,0,0.2172993507925895
3782,1,1,0.649479387970206
3783,3,0,0.14646335269508204
3784,3,1,0.17235788531310078
3785,4,0,0.6224102149215001
3786,4,0,0.19480295888938476
3787,4,0,0.22793583597453693
3788,3,1,0.2188361239167437
3789,5,0,0.339630447183687
3790,3,0,0.08425552275784834
3791,3,0,0.061122725014649104
3792,3,1,0.1434647255153494
3793,3,0,0.11378437432882643
3794,4,0,0.07576713389645588
3795,2,0,0.12598258851852648
3796,3,0,0.1103030465805347
3797,3,0,0.3809134025416502
3798,4,1,0.8892556656786794
3799,2,0,0.1135593095786274
3800,2,1,0.1864883603292461
3801,4,0,0.10012814380762305
3802,5,0,0.05213459738621906
3803,1,0,0.26586731994888685
3804,4,1,0.37740532256225223
3805,1,0,0.11221042605619767
3806,5,1,0.1289952029094749
3807,2,0,0.07513674209881373
3808,1,0,0.14386960797477327
3809,1,0,0.2832353733967846
3810,1,0,0.4464225321836996
3811,3,0,0.09635805326451576
3812,3,0,0.15043405895618625
3813,1,0,0.1138206002552527
3814,2,0,0.25733520571906676
3815,5,0,0.08717818827612456
3816,4,0,0.2507939420523497
3817,4,1,0.14398836344103008
3818,3,0,0.09257791199558281
3819,2,1,0.2253299518460641
3820,3,0,0.0983517271336192
3821,1,1,0.12921523493309076
3822,3,0,0.10674699535527372
3823,2,0,0.11902964427798031
3824,2,0,0.26972954590073756
3825,3,0,0.08823965325032554
3826,2,0,0.12238364187623449
3827,4,0,0.11276888409051775
3828,4,1,0.08782331440092599
3829,3,0,0.04320538319837426
3830,3,0,0.09166679997438741
3831,4,0,0.33293994394220827
3832,2,1,0.850713627196749
3833,2,1,0.8285267971392403
3834,3,0,0.1298083549858498
3835,2,0,0.07132800554743271
3836,1,0,0.14707280096647962
3837,5,0,0.5391703736987946
3838,5,1,0.1435689626331944
3839,2,0,0.27310483413615755
3840,5,0,0.31769300888828395
3841,4,1,0.7755963797748192
3842,1,0,0.09328334406153702
3843,3,0,0.13390759385833903
3844,5,0,0.09660598794051932
3845,3,0,0.20463653276091096
3846,4,0,0.11373142886067243
3847,4,0,0.182518498363274
3848,5,0,0.12415235657875621
3849,2,0,0.13775945400216313
3850,2,0,0.43805760841812985
3851,3,0,0.1239702203836475
3852,2,0,0.10699906741738122
3853,5,0,0.49939777853676537
3854,4,0,0.15889603396375282
3855,4,0,0.35850082748302503
3856,2,0,0.12804456239977655
3857,2,0,0.1046627280374047
3858,5,0,0.12389613754454246
3859,2,0,0.11859678728723647
3860,1,0,0.12165146759686249
3861,2,0,0.15270416373343002
3862,3,0,0.310412676256048
3863,1,0,0.15207879654514833
3864,1,0,0.13646896313971987
3865,5,1,0.3892508571802111
3866,2,0,0.049804318497112976
3867,5,0,0.31441852206076937
3868,2,0,0.09788112012891918
3869,1,0,0.10618041069434309
3870,4,1,0.31366508517651875
3871,2,1,0.11333185142773218
3872,4,1,0.780663002150736
3873,5,0,0.11661305633879009
3874,5,0,0.22997562863364784
3875,4,0,0.2057112102768311
3876,1,1,0.775410050490307
3877,1,0,0.11288557568757393
3878,2,0,0.24544970111782305
3879,4,1,0.1447131765273422
3880,4,0,0.10333672563773329
3881,4,1,0.5061585437223204
3882,4,1,0.15171867752850873
3883,3,1,0.10189309037178151
3884,2,0,0.1435394176922958
3885,2,0,0.18622927474108988
3886,1,0,0.13036507953207485
3887,2,0,0.1642062508058116
3888,1,0,0.23969053763603596
3889,2,0,0.11648482198005028
3890,4,0,0.10477098814083327
3891,3,1,0.16702025310965019
3892,4,0,0.124549062111219
3893,2,0,0.10738942130193696
3894,1,1,0.13852655767451977
3895,4,0,0.09215516411866619
3896,2,0,0.17973757564747883
3897,4,0,0.11084877392287404
3898,4,1,0.21201002766827634
3899,3,0,0.15799567734666853
3900,1,0,0.093502788213998
3901,5,0,0.09284566931061036
3902,4,1,0.8871914902224077
3903,3,0,0.1199060236186727
3904,2,0,0.08237564993866887
3905,4,0,0.13312067071014114
3906,4,0,0.20404679830588224
3907,2,0,0.08010759576298766
3908,4,0,0.13607667037911186
3909,2,0,0.16631773695036436
3910,5,1,0.3083419607348891
3911,2,0,0.11023755101120308
3912,3,1,0.11791622526399761
3913,1,0,0.14002291509118728
3914,4,0,0.07022553170412912
3915,4,1,0.3297668597131975
3916,3,0,0.15292504347673988
3917,3,0,0.3064065813736564
3918,3,0,0.14342550334020704
3919,5,1,0.27153713123038264
3920,2,0,0.08040543595557165
3921,1,0,0.1192578654737065
3922,4,0,0.19526568942988196
3923,1,0,0.17640299924759845
3924,2,0,0.12013655270592366
3925,4,1,0.8607229930845226
3926,4,1,0.20657155371033173
3927,1,0,0.09327311427646563
3928,4,1,0.8187652067676802
3929,4,1,0.13807571056782805
3930,1,1,0.2885828951289671
3931,2,0,0.1987222236010481
3932,5,0,0.09866389754122158
3933,5,0,0.2688861165967294
3934,3,0,0.06210329655597764
3935,5,0,0.14610397816281512
3936,3,0,0.21419697880321328
3937,3,0,0.19142187743969297
3938,2,1,0.17226810259429684
3939,4,0,0.13685793796802215
3940,4,0,0.2774654587916597
3941,5,1,0.8109383677052189
3942,3,1,0.11270865758560984
3943,1,0,0.20987649927565455
3944,2,1,0.09804479094910865
3945,2,1,0.7158011568362247
3946,5,0,0.09314779931623207
3947,4,0,0.14555894882438195
3948,3,0,0.2258661799468865
3949,4,0,0.07568295815176232
3950,4,0,0.7392389978492534
3951,4,1,0.16924522267932818
3952,1,0,0.10428946114217678
3953,1,0,0.2713025505282649
3954,1,0,0.08661647777807535
3955,2,1,0.735137040489775
3956,4,1,0.3924970568727049
3957,4,0,0.8507486929815142
3958,1,0,0.07331485940667112
3959,4,0,0.09146022087471242
3960,2,0,0.053927761607305814
3961,1,1,0.4841142018093997
3962,4,1,0.35637320526756416
3963,4,0,0.40920200955499947
3964,4,1,0.7749031395898869
3965,1,0,0.05433085789287507
3966,1,0,0.27450239141373894
3967,3,0,0.09497671455543519
3968,3,0,0.08428057387188435
3969,5,0,0.12814132141940657
3970,2,0,0.4481510940153183
3971,3,0,0.17455734488752447
3972,5,0,0.1304677532190269
3973,2,0,0.0909965670563677
3974,3,0,0.11859358470596584
3975,1,0,0.049230458266075965
3976,2,1,0.20623231447614143
3977,4,1,0.0858312299950294
3978,4,0,0.5018938046064665
3979,4,0,0.090445208740543
3980,2,1,0.1511466473672259
3981,5,1,0.12200556296670162
3982,3,0,0.1248964357812502
3983,2,0,0.29878523464011164
3984,1,0,0.30689531307795387
3985,5,1,0.7637411704219833
3986,5,0,0.09807718365704333
3987,5,0,0.14161136986024916
3988,3,0,0.160660976668555
3989,1,0,0.04281068370626143
3990,4,0,0.09533219288957855
3991,5,0,0.0843674578768568
3992,5,0,0.08335065582870618
3993,5,0,0.33988907687684367
3994,3,0,0.09252620377100138
3995,2,0,0.055738961300036236
3996,1,0,0.13549543233289996
3997,3,0,0.1010947758575787
3998,1,0,0.15067074015684778
3999,3,1,0.3258611005058823
4000,3,0,0.11291439665575033
4001,5,1,0.3440420272710459
4002,4,0,0.10403583641949354
4003,1,0,0.11821623851470721
4004,4,0,0.14245500410649942
4005,4,1,0.6815942614675012
4006,5,0,0.7592561211138068
4007,4,0,0.14476229064224722
4008,3,1,0.1639643542527682
4009,5,1,0.7406123106115898
4010,5,0,0.14930758462595167
4011,2,0,0.07888247376541115
4012,1,0,0.11500783686461552
4013,2,0,0.2082657085459182
4014,2,0,0.20229507620974835
4015,4,0,0.06799607428396841
4016,5,0,0.11538887485944807
4017,3,1,0.20899285501959927
4018,2,1,0.22255312090907897
4019,2,0,0.20251171197944257
4020,3,1,0.7108711226380692
4021,1,0,0.07836509964182646
4022,2,0,0.12208049606302059
4023,5,1,0.3420205338468669
4024,1,0,0.39389383809565887
4025,3,0,0.20497925687909746
4026,3,0,0.6073288999825199
4027,3,0,0.05158030012077739
4028,3,0,0.2496580561884883
4029,5,1,0.7575889701087877
4030,4,0,0.08810301616324435
4031,3,0,0.16819556855196902
4032,2,0,0.04541046829412127
4033,5,0,0.08951173369368326
4034,4,0,0.04742911300098045
4035,2,0,0.12253191037810357
4036,5,0,0.23534890393024843
4037,3,1,0.5922169383930571
4038,1,0,0.08952220871790478
4039,2,0,0.07483005161035272
4040,4,0,0.1661002472756421
4041,1,0,0.11987342380768992
4042,3,0,0.1898289907671892
4043,1,1,0.5959867192113307
4044,2,1,0.2183742860204603
4045,1,0,0.1520237159241596
4046,4,0,0.18509490987142033
4047,1,1,0.7086372590357656
4048,5,1,0.41843181076290586
4049,2,0,0.11047576773904579
4050,2,0,0.09147358306276195
4051,5,0,0.14249705496861523
4052,4,0,0.11195343834249634
4053,2,0,0.19118660784901007
4054,3,0,0.18760838706779243
4055,5,0,0.11169229136362852
4056,3,0,0.2171297822011305
4057,5,0,0.15267650973290164
4058,3,0,0.3088442639575517
4059,5,0,0.5367954879137324
4060,5,0,0.09394957614675485
4061,2,0,0.11585429079538354
4062,2,0,0.08766846301744147
4063,3,0,0.12852458694842492
4064,2,0,0.11181961816505928
4065,2,0,0.17349923721769062
4066,3,1,0.7522172389891425
4067,5,0,0.13279589046673007
4068,1,0,0.14011765879826155
4069,3,0,0.6719922553126486
4070,1,0,0.214580672049589
4071,3,1,0.1503494482251736
4072,4,1,0.42907962868351035
4073,2,0,0.15465271866266453
4074,1,0,0.05487207863730351
4075,1,0,0.09519113005861067
4076,3,0,0.12874775789219525
4077,1,1,0.22527556107019836
4078,5,0,0.12178334607392936
4079,2,1,0.6380364446261599
4080,3,0,0.11331297280892243
4081,5,0,0.08422138554244668
4082,4,0,0.16913277661077034
4083,2,0,0.09237227480015772
4084,1,0,0.1686967676053876
4085,3,1,0.5496728488620484
4086,5,0,0.11100295202099587
4087,3,0,0.07034969923132149
4088,4,1,0.49685045166210123
4089,5,0,0.1326443710154466
4090,5,0,0.3644917823654579
4091,2,1,0.765120043049177
4092,4,0,0.1066682530464674
4093,1,1,0.11925660242366645
4094,1,0,0.21329824721914864
4095,4,0,0.10993118372496591
4096,2,0,0.09405898539721892
4097,5,0,0.12194333050466465
4098,4,1,0.10234418856663198
4099,4,1,0.5648626673562053
4100,5,0,0.11634475647818766
4101,4,0,0.1425191189436904
4102,1,0,0.11533156976734106
4103,4,0,0.8420923079383313
4104,1,0,0.2277088709743721
4105,2,0,0.08921884563132654
4106,2,0,0.22210745599279372
4107,4,0,0.09022197229164432
4108,4,0,0.1179428207310837
4109,3,0,0.09892621555425858
4110,5,0,0.19908809765124358
4111,4,0,0.10129509150582876
4112,1,0,0.20795941935489
4113,5,1,0.12069111969765572
4114,3,0,0.1268465926997371
4115,1,0,0.32793884690142044
4116,1,1,0.13464968648842626
4117,3,0,0.5847992209603007
4118,2,0,0.07782306545621853
4119,1,0,0.192443733856003
4120,1,0,0.1485423752956204
4121,1,1,0.3631888902730673
4122,5,0,0.148385580982515
4123,5,0,0.17174973240920344
4124,3,0,0.09054353935616473
4125,2,0,0.15434997130424097
4126,1,0,0.10548266612450659
4127,3,0,0.3399599957118569
4128,2,0,0.21005951445714274
4129,5,0,0.4793834200069487
4130,3,0,0.08568099928121901
4131,3,0,0.07946438546303738
4132,1,0,0.12416200427670973
4133,3,0,0.06176793919836029
4134,2,1,0.06909538624767464
4135,4,0,0.0874017583677958
4136,4,0,0.7181692690467525
4137,2,0,0.16579736395009737
4138,4,0,0.2949288982481949
4139,2,0,0.13623029816806292
4140,4,0,0.14271154704634714
4141,1,0,0.13151026083613745
4142,5,0,0.14396599663182336
4143,5,1,0.135068598472776
4144,4,0,0.09819385709979232
4145,4,0,0.31069297167411436
4146,4,0,0.07354254373130724
4147,1,0,0.16815600429992197
4148,2,0,0.40902660003177416
4149,5,0,0.10756175058713822
4150,3,1,0.18091822744421657
4151,4,0,0.12158070405195152
4152,2,0,0.12344273428549096
4153,2,0,0.09327015257927541
4154,1,0,0.17305169488567296
4155,1,0,0.3818097684303712
4156,1,1,0.20371302345220557
4157,2,0,0.16787892667883905
4158,2,0,0.02992361801115972
4159,2,0,0.11178046985458945
4160,3,0,0.07853896007010254
4161,4,0,0.09401594191698026
4162,1,0,0.16666097908658545
4163,4,0,0.35333140046046896
4164,4,0,0.1515452410620809
4165,4,1,0.8611824655482946
4166,1,1,0.1652023807313251
4167,4,0,0.11257914727066626
4168,3,0,0.08130732576280625
4169,3,0,0.08657461220230539
4170,4,1,0.15598888388053717
4171,5,0,0.8319356137890964
4172,1,0,0.2110662482664479
4173,5,0,0.18937312681360244
4174,3,1,0.1042695251676373
4175,3,0,0.11060107114290915
4176,5,0,0.10719833475735772
4177,5,0,0.18373234492227294
4178,1,0,0.13342265777189805
4179,4,0,0.13139816138925672
4180,4,0,0.16359716525290904
4181,5,0,0.14439197032192666
4182,3,0,0.06655792866081763
4183,4,0,0.1107195075361741
4184,4,0,0.140988920142802
4185,1,0,0.03649993630427062
4186,4,1,0.10406115532183542
4187,2,1,0.24298116062013508
4188,4,1,0.40022104852151624
4189,1,0,0.20712180870677474
4190,2,0,0.04350143110391114
4191,5,0,0.07761326108933637
4192,5,0,0.07113845203670426
4193,5,0,0.10218056582694166
4194,1,0,0.34385350651491664
4195,2,0,0.08479419559510971
4196,1,0,0.08469925696661627
4197,1,0,0.11430265451644209
4198,4,0,0.11763942071588816
4199,1,0,0.32056396794168257
4200,4,0,0.1504160849662336
4201,5,1,0.6710855101766859
4202,1,0,0.3752800948965295
4203,3,0,0.10133825407686618
4204,3,0,0.6431173500244923
4205,5,0,0.06683494842965633
4206,4,0,0.7003418130140188
4207,5,0,0.12756582730809135
4208,3,0,0.11194710842551064
4209,1,0,0.4080173995387437
4210,2,0,0.14060813965361074
4211,2,1,0.11931650969438425
4212,1,0,0.10835251728574483
4213,2,1,0.6782980479775613
4214,4,0,0.13710916589138086
4215,3,0,0.11099570100136691
4216,5,0,0.10520342266068533
4217,3,0,0.107951698491461
4218,4,1,0.12076354944992056
4219,1,0,0.18218284708705246
4220,2,0,0.045665278642493444
4221,3,0,0.17444794731718966
4222,2,0,0.11078940030281292
4223,2,0,0.36326156493424366
4224,2,1,0.1915810985251411
4225,4,0,0.1432888669894871
4226,5,1,0.5393291608851453
4227,1,0,0.14879836854034134
4228,3,0,0.198022855358386
4229,2,0,0.08364480687813262
4230,3,0,0.2124683379658885
4231,2,0,0.14527697049224308
4232,2,1,0.16553207939580564
4233,2,0,0.12604368028332819
4234,2,0,0.1265475799969474
4235,2,0,0.2309372988483793
4236,5,0,0.30410893426555746
4237,2,0,0.36219157461015994
4238,2,0,0.050792009160382484
4239,5,0,0.441414926203673
4240,1,0,0.11643301517780123
4241,3,0,0.6825623034696735
4242,4,1,0.8396362448483561
4243,3,0,0.19532897690726078
4244,4,0,0.17947049153919128
4245,5,0,0.13408853609017882
4246,1,0,0.09177645055885773
4247,4,1,0.6083550491161459
4248,2,0,0.11561115099166812
4249,2,1,0.3449343437448823
4250,4,0,0.17139021435854773
4251,2,1,0.5664068615152758
4252,5,1,0.8851258364251757
4253,2,0,0.09111419855122255
4254,4,0,0.15747245746715233
4255,4,0,0.24823931255906292
4256,2,0,0.08964933649559853
4257,3,0,0.09624414199098973
4258,5,0,0.4214805228747497
4259,5,0,0.12773219244793163
4260,1,0,0.08973390350971457
4261,4,0,0.07074438365165212
4262,2,1,0.12738388920971389
4263,2,0,0.15501439309890166
4264,2,1,0.7738404246431949
4265,5,0,0.8319663223754853
4266,5,0,0.19343041220790402
4267,2,1,0.2486936723101403
4268,1,0,0.11083208716595278
4269,4,0,0.1530421539121401
4270,3,0,0.11328673407541867
4271,4,0,0.09956348190602446
4272,1,1,0.2172009992709267
4273,1,0,0.05555353735205472
4274,4,0,0.48226480428966334
4275,1,0,0.09601229349971784
4276,5,0,0.3335210536365879
4277,3,0,0.3342182405638134
4278,3,1,0.1170260139921925
4279,1,0,0.07826533455639775
4280,4,0,0.12873133630129202
4281,4,1,0.8564314249612948
4282,5,0,0.25574828227894786
4283,1,0,0.34302062159315866
4284,4,1,0.3234176429393385
4285,3,0,0.09845299959065609
4286,3,0,0.12606893955353685
4287,2,1,0.139763981342646
4288,5,1,0.1404791522311868
4289,1,0,0.10624043096205671
4290,2,0,0.1333907039701927
4291,5,0,0.08161608411151937
4292,5,0,0.07763802273681046
4293,4,1,0.24213627326953535
4294,4,0,0.10380179469623534
4295,4,0,0.23349015980438279
4296,5,1,0.12987600638013208
4297,3,1,0.12780810590770567
4298,4,0,0.15230684999234995
4299,4,0,0.05489798347593153
4300,3,0,0.10561772136475724
4301,5,0,0.05155569212546463
4302,1,0,0.09585230494523271
4303,5,0,0.2664982946228527
4304,5,0,0.5721125908100259
4305,5,0,0.19584163648924188
4306,3,0,0.10334482781080716
4307,5,0,0.2646275953789107
4308,2,0,0.19640398969753192
4309,1,1,0.39206569468710273
4310,2,0,0.5402156640071285
4311,3,0,0.21279661575825212
4312,2,0,0.1464384675585973
4313,3,0,0.09345125762061998
4314,2,1,0.19567719969065273
4315,1,0,0.16755201859975802
4316,2,1,0.8387046733717878
4317,1,1,0.4397652933471015
4318,1,0,0.09100475574638905
4319,1,0,0.09618908793688713
4320,3,0,0.611545793479841
4321,5,0,0.1102837371664263
4322,5,0,0.07743245074734552
4323,3,1,0.37366675474845595
4324,4,0,0.08879515787014393
4325,2,0,0.12240993048289078
4326,1,0,0.08777271057683073
4327,3,0,0.15067135238293872
4328,5,0,0.12142123419646243
4329,2,0,0.22283450685114498
4330,1,0,0.1742141985421559
4331,5,1,0.8200038990606494
4332,5,0,0.07976187447819223
4333,5,0,0.06553117011609023
4334,2,1,0.8204640036266284
4335,4,1,0.7442042826360967
4336,5,0,0.11196682249578295
4337,4,1,0.1706084570776484
4338,3,0,0.13113066864742376
4339,1,0,0.13805934394473549
4340,5,1,0.8927881164761621
4341,3,0,0.15677509361457875
4342,1,0,0.09442583602402091
4343,3,0,0.17260315378385363
4344,1,0,0.13500568802841137
4345,2,0,0.07780862248745175
4346,3,0,0.2319650419210413
4347,2,0,0.1641409036433964
4348,4,0,0.09681012059605444
4349,2,0,0.3886393869032518
4350,5,0,0.30293585747045465
4351,4,1,0.33741778579549886
4352,1,0,0.40717215577395316
4353,2,0,0.02554084393463819
4354,5,0,0.12688949666283542
4355,4,0,0.8805034729874247
4356,4,1,0.6643070788075194
4357,4,0,0.3554278152997774
4358,4,0,0.08972848106024046
4359,3,0,0.10268164473589857
4360,1,0,0.10578514815368371
4361,3,1,0.18015261852438105
4362,4,0,0.14043094008187837
4363,4,0,0.10584930356235744
4364,3,0,0.1534195933102684
4365,1,0,0.1324080625620575
4366,4,0,0.13305046863034822
4367,1,0,0.09438713386642199
4368,3,0,0.09124584127246245
4369,1,1,0.08524873769559067
4370,5,0,0.3278638278541774
4371,5,1,0.3763673380437869
4372,3,0,0.3415425646597141
4373,3,0,0.12978739380200896
4374,4,0,0.1704111461094595
4375,3,0,0.06008779685739722
4376,3,0,0.02895962064973379
4377,4,0,0.4198715363916769
4378,5,0,0.10544671567687991
4379,3,0,0.08312880847782571
4380,5,0,0.12151816991109479
4381,2,1,0.17523708884702982
4382,5,1,0.09075240238161084
4383,5,0,0.14616891733651163
4384,4,0,0.11902685693848304
4385,5,1,0.8696514744229819
4386,3,0,0.10193534522127404
4387,2,0,0.09086829284156121
4388,4,0,0.08264784102448085
4389,3,0,0.24196114174076266
4390,5,0,0.11090808209510733
4391,1,0,0.2225653067148005
4392,4,0,0.15862213636193354
4393,1,0,0.2728502151163253
4394,2,0,0.0849521584073847
4395,4,0,0.16415752832841232
4396,2,0,0.10454302227661105
4397,5,0,0.23990953942466656
4398,5,0,0.10135449163831069
4399,1,1,0.10813237942951744
4400,2,0,0.12267193974693803
4401,2,0,0.08949708682243705
4402,3,1,0.7221241547298535
4403,3,0,0.14341016914551902
4404,4,1,0.9018846299097814
4405,5,1,0.8354409784773722
4406,1,1,0.1363906029689012
4407,2,0,0.13817869636218327
4408,5,0,0.06370892043831358
4409,1,0,0.3000088024213344
4410,3,0,0.1918484468247606
4411,2,0,0.15289809806803628
4412,2,0,0.7589988472348288
4413,5,0,0.264649895804145
4414,5,0,0.10525094708112165
4415,2,0,0.13388473896882122
4416,5,0,0.1100550367540025
4417,4,0,0.7500312749872358
4418,5,0,0.13852983111190173
4419,4,0,0.22325067999343418
4420,3,0,0.12495259965726145
4421,1,0,0.10400365018887414
4422,4,1,0.6164765864458475
4423,3,1,0.6729237392704626
4424,4,1,0.7466816673743071
4425,4,0,0.22752157146830224
4426,1,1,0.8096316544707955
4427,4,0,0.11845017965871664
4428,2,0,0.07508840338560004
4429,5,0,0.3470384205300762
4430,5,1,0.5527383298448203
4431,3,0,0.1326027911931556
4432,4,0,0.14125127742454502
4433,1,0,0.09542231178210096
4434,2,0,0.13762442224321678
4435,4,1,0.6060421695731092
4436,1,0,0.13719826638153634
4437,5,1,0.1097419360307752
4438,2,0,0.15815308056254154
4439,3,0,0.0753723225371428
4440,1,0,0.3549841633660805
4441,3,0,0.18002979522812484
4442,4,0,0.5531652190122548
4443,2,1,0.5932372856411953
4444,3,0,0.35556610651382875
4445,3,1,0.6332455812734764
4446,5,0,0.06684766949737765
4447,3,0,0.11723056777233541
4448,1,0,0.10323324115503696
4449,1,0,0.01725998833073282
4450,2,0,0.10521974390467702
4451,1,0,0.14457185927489383
4452,5,0,0.14224250177366615
4453,2,0,0.1056983492487717
4454,4,0,0.394511944985981
4455,4,1,0.5859850887833069
4456,1,0,0.15240749663902814
4457,4,1,0.2767841564611091
4458,4,0,0.09054501115727395
4459,3,0,0.0851491271189825
4460,1,0,0.12606646152207263
4461,1,0,0.40513012394124676
4462,1,1,0.1832139302193459
4463,2,0,0.14441838301895657
4464,5,0,0.12412983058806351
4465,2,0,0.06280767451026911
4466,1,0,0.09289287830185927
4467,3,0,0.0640170889291939
4468,2,1,0.11473539562191101
4469,5,0,0.17693501371480516
4470,5,0,0.060427491761958566
4471,3,0,0.22828004635046972
4472,2,1,0.19218504908368295
4473,4,0,0.10051878857810961
4474,1,0,0.14383217726067854
4475,5,0,0.1384527084401692
4476,2,0,0.1573298474670914
4477,1,0,0.4963051011408489
4478,2,0,0.11742077460135306
4479,1,0,0.11855422624899599
4480,5,0,0.10575933562282477
4481,3,0,0.6055976254078058
4482,4,0,0.09188191891195338
4483,4,0,0.13344834209557718
4484,4,0,0.1998893815015993
4485,4,0,0.14170447055444527
4486,5,0,0.6769185463809324
4487,3,1,0.30154872203947497
4488,2,0,0.12266804160203744
4489,3,0,0.5139308246870198
4490,2,0,0.11554403820201292
4491,1,0,0.12125969734058752
4492,2,0,0.14043199959576783
4493,2,1,0.7734747398614381
4494,1,0,0.14249900726924766
4495,5,0,0.13764497375114138
4496,2,0,0.09294446609037688
4497,3,0,0.10141616525782256
4498,2,0,0.1438372350697662
4499,5,0,0.07633918562390878
4500,3,0,0.13439376834018177
4501,2,0,0.15559159337859874
4502,3,0,0.11848538088978834
4503,2,0,0.11664152722291964
4504,4,0,0.1275339182520022
4505,5,0,0.11124637248790016
4506,1,0,0.13212488839185782
4507,5,0,0.3734280064633705
4508,2,0,0.09366786051381393
4509,4,1,0.16789072333983673
4510,3,0,0.10987896688055317
4511,5,0,0.15222351175838697
4512,4,0,0.2172210696019241
4513,4,0,0.1092255330942424
4514,4,0,0.28926205561759216
4515,1,1,0.34943312629942624
4516,4,0,0.09051740540588629
4517,4,0,0.07406981573261505
4518,4,1,0.6592170609478796
4519,4,0,0.17231159133601745
4520,2,0,0.1314986676284783
4521,3,0,0.811995719953564
4522,1,0,0.09886827243457354
4523,3,0,0.07026160789846296
4524,1,0,0.13998064068088034
4525,3,0,0.06690855914291749
4526,1,0,0.2685716648251135
4527,1,0,0.07763732571279305
4528,4,1,0.8003873392485551
4529,5,0,0.042197221390225595
4530,5,1,0.19887255870954076
4531,5,0,0.14350228531045592
4532,3,0,0.16484130247087453
4533,2,0,0.10985105236881752
4534,3,0,0.13159859632777046
4535,1,0,0.8100002930740838
4536,3,0,0.8572554729991493
4537,5,0,0.289192282583535
4538,1,0,0.26024148580867823
4539,1,0,0.10652473412837801
4540,1,0,0.2255541869028561
4541,2,1,0.18337345309207861
4542,1,0,0.1168758768883513
4543,1,0,0.10749640948755669
4544,5,0,0.2581795803171726
4545,1,0,0.6673018665804618
4546,1,1,0.41071364819413214
4547,3,1,0.6846921727356807
4548,5,0,0.16651470906605514
4549,3,0,0.09993793039978552
4550,5,0,0.25098909576405704
4551,2,0,0.1059322849257868
4552,1,0,0.15430296334726157
4553,1,0,0.1300317551414901
4554,2,0,0.10560004590664876
4555,3,0,0.0916820482166972
4556,2,1,0.2424061564563534
4557,5,1,0.14679731780853222
4558,5,0,0.30428684687834867
4559,3,0,0.10111685157130389
4560,5,1,0.45166898643081216
4561,4,0,0.1487444515776074
4562,1,0,0.06437161403080578
4563,5,0,0.042927330094902266
4564,3,0,0.7712690926447663
4565,5,0,0.18500894730765993
4566,1,0,0.08037143662132763
4567,3,0,0.0973025622292759
4568,5,1,0.21122720561099279
4569,4,0,0.1269400493750979
4570,4,0,0.2797857560883257
4571,4,0,0.3401115708501933
4572,2,0,0.09361127936643036
4573,5,0,0.08505278674679784
4574,2,0,0.09788562106387409
4575,4,0,0.16323155862755542
4576,1,0,0.056282052786643985
4577,1,1,0.0815774361427709
4578,5,0,0.18340138386351762
4579,2,0,0.09977909570724051
4580,3,0,0.09270040395024728
4581,5,0,0.05072644798095479
4582,5,0,0.6938622537531348
4583,1,0,0.06361371950242849
4584,4,1,0.46764580994258775
4585,1,1,0.0673739943490908
4586,1,0,0.15711558936994566
4587,4,0,0.12561644785888193
4588,4,0,0.6007796742469396
4589,1,0,0.0779084137399574
4590,1,0,0.13818135729351338
4591,3,0,0.1766523867413949
4592,5,1,0.4103111607626127
4593,2,1,0.4041794909049955
4594,2,0,0.17561464648510894
4595,2,0,0.11097170317923281
4596,2,1,0.1076547062150202
4597,5,0,0.13448072387526389
4598,1,0,0.10379619248615966
4599,3,0,0.09934016466144764
4600,5,0,0.2377872381016226
4601,1,1,0.7488673767819846
4602,5,0,0.10329038168874873
4603,1,0,0.2885856196215499
4604,4,0,0.08859633957243486
4605,5,0,0.174178862280479
4606,5,0,0.16212650114784327
4607,5,1,0.7023426707885335
4608,2,0,0.04462783770291753
4609,1,1,0.49339795134313896
4610,1,0,0.10921621636219923
4611,5,0,0.031133333387986822
4612,4,1,0.8673221257153433
4613,2,0,0.4037689811057427
4614,4,0,0.1407220833714577
4615,5,0,0.19129426937922842
4616,2,0,0.49746757589320195
4617,4,0,0.2838144615317343
4618,4,0,0.14648328729748608
4619,4,0,0.411878079541866
4620,4,0,0.11901907816488524
4621,2,0,0.12886913753103757
4622,2,0,0.18943713186866729
4623,4,0,0.2172582059998917
4624,2,0,0.11688192002928588
4625,1,1,0.6345541026432465
4626,5,0,0.20563213763748645
4627,4,0,0.12420475566261803
4628,1,1,0.23498671941316382
4629,3,0,0.11527033203057246
4630,5,1,0.5767655454138712
4631,1,0,0.10663289128635124
4632,4,1,0.13513312755105852
4633,2,0,0.19729207875933805
4634,5,0,0.12337764493882415
4635,4,0,0.0828603725037431
4636,3,0,0.10236943824585826
4637,3,0,0.4184828593427333
4638,1,0,0.14663343446385124
4639,5,0,0.10791157911032039
4640,2,0,0.04960104498928143
4641,1,0,0.2752124668784396
4642,2,0,0.11858672718749644
4643,4,0,0.11175248488766613
4644,2,0,0.12062610559516838
4645,4,0,0.10756501317707501
4646,4,0,0.1062204084124602
4647,4,0,0.07748319747373181
4648,2,0,0.12780784602063308
4649,4,1,0.225205551581008
4650,1,0,0.18107898984596416
4651,2,0,0.10272678318330852
4652,1,0,0.062344567854493986
4653,4,0,0.1457472545216678
4654,2,0,0.03813116616011201
4655,5,1,0.4723637151828802
4656,4,0,0.5551120226360542
4657,4,1,0.5459135619151383
4658,3,0,0.13796444273901812
4659,1,0,0.05948054821324008
4660,2,0,0.09779680516750348
4661,5,1,0.6066638725371997
4662,4,0,0.059327183471894945
4663,5,0,0.13375755020369184
4664,3,0,0.1562513671066314
4665,3,1,0.7771007807430685
4666,4,0,0.21609180313111911
4667,2,0,0.13803865310701874
4668,5,0,0.11313214752115537
4669,5,0,0.32911867246828475
4670,2,0,0.1273145861865795
4671,1,1,0.0803330712053653
4672,3,0,0.07603387487450565
4673,1,0,0.1200058137663176
4674,5,0,0.07586918896288991
4675,3,0,0.14739822331057098
4676,3,0,0.43635279182803544
4677,2,0,0.1394700018502297
4678,5,0,0.10278067021527666
4679,1,0,0.11152539049993959
4680,5,0,0.06867929265800543
4681,5,1,0.1514233209853465
4682,5,0,0.08373709760322656
4683,2,0,0.14873624770106555
4684,5,0,0.07884377499595809
4685,2,0,0.09130602789089298
4686,5,0,0.2226799435357507
4687,2,0,0.37896561578586474
4688,2,0,0.33105721568553237
4689,1,1,0.44201048144557287
4690,2,0,0.09140287710845257
4691,2,1,0.06535283587585292
4692,1,0,0.18288993170087586
4693,3,0,0.11785773325497689
4694,5,0,0.08139667789287432
4695,5,0,0.07097985088771032
4696,5,1,0.13833461729915034
4697,3,0,0.1110045118755127
4698,4,0,0.22585249779501468
4699,5,1,0.545095571960728
4700,5,0,0.18805006685701853
4701,1,0,0.12146572614387212
4702,4,0,0.11452185592674334
4703,1,0,0.147505329614904
4704,4,0,0.12204245775463765
4705,5,1,0.09832993805991003
4706,4,0,0.10498580240233117
4707,3,0,0.617414028547336
4708,1,0,0.6785754822756694
4709,4,0,0.11361128091698917
4710,4,0,0.16872578778682779
4711,3,0,0.10339983456080779
4712,4,0,0.20980153130801873
4713,2,0,0.16872416363092566
4714,3,0,0.5318631092666607
4715,2,0,0.053918936742213645
4716,2,0,0.33805222799492624
4717,1,1,0.5368495393173633
4718,5,0,0.09829213045625519
4719,3,0,0.09377417634276784
4720,1,0,0.1280251605110381
4721,3,1,0.15964187757958284
4722,1,0,0.15314135444598925
4723,1,0,0.18609703382098292
4724,2,1,0.06632755628196096
4725,1,0,0.6932856382289497
4726,5,0,0.05285305410064649
4727,3,0,0.16016983305491453
4728,2,0,0.12302599016206181
4729,4,0,0.11116279642445914
4730,2,1,0.5929801353591844
4731,2,0,0.10712885443872398
4732,2,1,0.23075856667907482
4733,2,1,0.0952841604520531
4734,4,1,0.647951180252513
4735,3,1,0.0920076196256341
4736,5,1,0.7047693434393748
4737,2,0,0.10986296723101269
4738,3,0,0.17199243375829268
4739,3,0,0.35522149120371066
4740,3,0,0.06968200701407908
4741,4,1,0.5202300949656649
4742,4,0,0.10881722549928217
4743,5,0,0.2811409195447064
4744,1,0,0.122971326351892
4745,5,0,0.1690171902949476
4746,3,0,0.22631550241513546
4747,5,0,0.1420629877579432
4748,3,1,0.20135501551131657
4749,1,0,0.06225479781275791
4750,3,0,0.10158715522054182
4751,1,1,0.2077008968894281
4752,4,0,0.10807066672741043
4753,3,0,0.1237300645454461
4754,1,0,0.11648101963462892
4755,3,0,0.10370008707399689
4756,4,0,0.12158091184721183
4757,4,0,0.10728670309333532
4758,4,0,0.17716800280590947
4759,4,0,0.14068691705462794
4760,2,1,0.55666177467839
4761,3,1,0.1575282867340171
4762,3,0,0.11162693359344857
4763,3,0,0.3633334816164014
4764,4,0,0.18777208843690277
4765,3,0,0.20948902649284862
4766,4,0,0.2463442622960938
4767,2,0,0.09480010720325716
4768,1,0,0.05139362065054047
4769,3,0,0.10991212174475407
4770,2,1,0.6504031300880246
4771,2,0,0.09362885842432547
4772,3,0,0.5464134837258271
4773,5,0,0.11552898001573642
4774,4,0,0.14380557332287816
4775,1,0,0.06684457190658682
4776,3,0,0.14276852348046076
4777,3,0,0.062310754718931737
4778,3,0,0.1345127896982432
4779,4,0,0.04509404216162458
4780,3,0,0.06721857490855743
4781,4,0,0.18111451344541138
4782,5,0,0.10851196280866407
4783,3,0,0.1465932176218314
4784,4,0,0.08068489046890316
4785,4,0,0.08045937021245604
4786,1,0,0.17464328270881957
4787,3,0,0.14100729143984012
4788,2,0,0.11853459372879524
4789,1,0,0.5382860428201084
4790,1,0,0.1708091933810525
4791,3,0,0.08482909027186993
4792,3,0,0.06816514765250499
4793,3,0,0.09110353373847475
4794,5,0,0.8291253666837408
4795,2,0,0.08486731185822538
4796,1,1,0.14192265253963723
4797,1,0,0.09518580218810775
4798,5,1,0.5586195887792188
4799,1,0,0.11263630093105995
4800,3,0,0.13694385071522486
4801,2,0,0.08054447320760279
4802,5,0,0.4066297406478714
4803,5,1,0.17685184429947484
4804,4,0,0.1273938964705155
4805,1,0,0.10718415134657629
4806,5,0,0.12503360346137302
4807,5,0,0.090594768694741
4808,5,0,0.14201588114317829
4809,3,0,0.07109699488570964
4810,4,0,0.10148954234886205
4811,5,0,0.49676611225625844
4812,4,0,0.06374765664469269
4813,3,1,0.7842196743365643
4814,3,0,0.0867132591190638
4815,1,0,0.09614792396507094
4816,1,0,0.11250984219078722
4817,3,0,0.5903081252867908
4818,1,1,0.5614103977887535
4819,1,1,0.13905611985218813
4820,2,0,0.10268438853299024
4821,3,0,0.11994244359088092
4822,2,0,0.09688201569619936
4823,5,1,0.7105609509316426
4824,4,0,0.08362831605742375
4825,3,0,0.18089726447203477
4826,2,0,0.7112063798887696
4827,2,0,0.11267214259116953
4828,1,1,0.13491818409471798
4829,1,0,0.42325828645072594
4830,1,1,0.12625131612951612
4831,2,0,0.12731360298990538
4832,5,0,0.0989421132647537
4833,5,0,0.07272930096978544
4834,2,1,0.33404829263014907
4835,1,1,0.20427450090661614
4836,2,0,0.08138296973738686
4837,5,0,0.154556571882352
4838,3,0,0.10699345178886968
4839,1,0,0.08174904680570834
4840,5,0,0.07374521546210114
4841,3,0,0.07903969434552695
4842,5,0,0.08820578827553927
4843,1,0,0.08578310222288328
4844,3,0,0.06891580821524623
4845,5,0,0.21379148658526434
4846,1,0,0.1434593018543627
4847,5,0,0.04944531609455565
4848,5,0,0.16742312859205946
4849,1,0,0.1272882040896642
4850,5,0,0.238488360697845
4851,1,0,0.11339882237134617
4852,1,0,0.5604419250019866
4853,5,0,0.09750499306475172
4854,5,0,0.13015681923254857
4855,1,0,0.08656826846399858
4856,2,0,0.0656610712961115
4857,5,1,0.20516492114549584
4858,4,0,0.2434143114907739
4859,3,0,0.11909574428679968
4860,1,1,0.11758903780084423
4861,4,0,0.15226885879414467
4862,3,0,0.14152297903642294
4863,2,0,0.15559841516906883
4864,4,0,0.117998492163229
4865,3,1,0.8520681600880656
4866,1,0,0.15969917575457884
4867,1,0,0.12472032098112525
4868,2,1,0.15408087640811083
4869,4,0,0.08651845355664509
4870,5,1,0.12930710297630083
4871,4,0,0.030648889864072795
4872,4,0,0.05796148277754759
4873,2,0,0.13149367564007192
4874,1,0,0.04665093997854067
4875,4,0,0.09690048584578716
4876,5,1,0.8154707948488105
4877,2,0,0.15054277807430705
4878,5,1,0.18607913230264614
4879,1,0,0.12391056765321003
4880,5,0,0.12088610820647684
4881,5,1,0.4865137295460925
4882,5,0,0.1030182013250388
4883,2,0,0.036676190613544116
4884,5,0,0.12294950912207452
4885,5,1,0.901111980973691
4886,5,0,0.11253236325942065
4887,1,0,0.05920342193939827
4888,3,0,0.12343004252970777
4889,5,0,0.14829785913074112
4890,3,0,0.22819728971747263
4891,2,0,0.1947748851598794
4892,2,0,0.09338745527619284
4893,3,0,0.1458016818903328
4894,2,0,0.09986457000006195
4895,5,0,0.10295400287553277
4896,4,0,0.14309797120676007
4897,5,0,0.11766264865813379
4898,1,0,0.16461490104178156
4899,3,0,0.24040331975023346
4900,5,0,0.15754188784517106
4901,2,0,0.12932353002726374
4902,4,0,0.1391259863806793
4903,3,0,0.08912659607247791
4904,4,0,0.19183902026951158
4905,2,0,0.13850707216900807
4906,3,0,0.18115310351709915
4907,1,0,0.20255308159693888
4908,1,0,0.06577430667505442
4909,4,0,0.06501606152337762
4910,5,0,0.11209727678092543
4911,1,0,0.0862133313220022
4912,1,0,0.0743531690242725
4913,4,0,0.14187323830609008
4914,5,0,0.1338260632587423
4915,1,1,0.3705062948584087
4916,3,0,0.12027630294666766
4917,1,0,0.1195010273186832
4918,5,0,0.17136657189959376
4919,2,0,0.054202313891545006
4920,5,0,0.2944747352910329
4921,1,0,0.1477376187995536
4922,5,0,0.1652452482782252
4923,1,1,0.3094571658078698
4924,5,0,0.16066246372166657
4925,3,0,0.21436795087849309
4926,1,0,0.769472724213368
4927,2,0,0.0374683852913642
4928,1,1,0.1441386390338318
4929,5,0,0.3193549353307817
4930,4,0,0.12623706402479717
4931,3,0,0.11131428048894905
4932,2,1,0.3456003606049809
4933,2,1,0.11155937189869677
4934,1,0,0.08573771594592516
4935,3,0,0.10526162013628564
4936,5,1,0.2991025189625133
4937,3,0,0.0627470593838325
4938,5,0,0.7169207989758963
4939,4,1,0.15564086704050523
4940,3,1,0.12504778656759247
4941,5,0,0.0882153890170022
4942,2,0,0.7545542391680751
4943,3,0,0.09071672939702136
4944,1,0,0.10925741272390906
4945,4,0,0.14001934341402253
4946,1,0,0.2363707618577253
4947,5,0,0.06862316963848117
4948,5,1,0.5310545450252185
4949,4,0,0.08800429415830145
4950,4,0,0.1109237665750364
4951,3,0,0.2681486227033972
4952,2,0,0.7472106394706933
4953,5,1,0.652903866954125
4954,3,0,0.13056001939057224
4955,4,0,0.12390653279254238
4956,4,1,0.7103207522660427
4957,3,0,0.10674244301360997
4958,1,0,0.37043667018596066
4959,2,1,0.8279152658738036
4960,1,0,0.14463369031327222
4961,1,1,0.5010068538707292
4962,2,1,0.3914838786331273
4963,2,0,0.141598740202416
4964,3,0,0.09471001285775026
4965,5,0,0.3475112938715423
4966,2,0,0.14748355572913158
4967,3,0,0.7558617602284913
4968,5,0,0.16987069765764606
4969,3,0,0.33569395501665533
4970,1,0,0.11192205477196636
4971,2,0,0.08785528752519525
4972,2,0,0.6453777368106856
4973,2,0,0.12250896705014316
4974,2,0,0.12450852086060332
4975,4,1,0.6440300275827505
4976,1,1,0.14003864710711186
4977,2,0,0.3148901192694329
4978,5,0,0.12785599634837108
4979,5,0,0.1335057114780279
4980,5,0,0.08823926306566168
4981,3,0,0.1454942529110782
4982,4,1,0.23266625412938916
4983,1,1,0.22759500567275648
4984,2,0,0.09103010511836768
4985,5,0,0.10521004721143155
4986,1,0,0.08522898952473265
4987,1,0,0.1716595761886395
4988,2,0,0.2052563890766696
4989,5,0,0.19758467305544206
4990,3,0,0.1618117982593066
4991,5,0,0.13780255168972513
4992,3,0,0.1143912171690092
4993,4,0,0.104591361945154
4994,2,0,0.19411182023078652
4995,2,1,0.6854011584626555
4996,3,0,0.2441115505493128
4997,2,0,0.025781158429339396
4998,5,1,0.4706618306169115
4999,3,0,0.1019055429225602
5000,4,0,0.4722639419713316
5001,1,0,0.08157412292438589
5002,4,0,0.21006439370447033
5003,3,1,0.6326977530583545
5004,2,1,0.10794642505557096
5005,5,0,0.18040838243129642
5006,3,0,0.31808870016363694
5007,4,0,0.124809992609766
5008,5,0,0.1589844113908473
5009,3,0,0.11303236272280948
5010,1,1,0.13435788904726248
5011,5,0,0.16260281077686256
5012,5,0,0.13141239371834448
5013,3,0,0.11803965249296154
5014,5,0,0.13969444559035657
5015,5,1,0.30151608425139526
5016,3,0,0.311257817683657
5017,1,1,0.09597003880398601
5018,1,0,0.17174071648040662
5019,1,0,0.11625182578833992
5020,2,0,0.19505901143427853
5021,2,0,0.39972401532179475
5022,4,0,0.2693832381740372
5023,2,0,0.7646740673588533
5024,2,0,0.12110574216408439
5025,5,0,0.11437998572481628
5026,5,0,0.1218961635097681
5027,3,0,0.1673398516013634
5028,4,1,0.6187783711878189
5029,4,0,0.11894329407050581
5030,2,0,0.19006802190391928
5031,3,1,0.5538496042729384
5032,3,1,0.14955866047188168
5033,5,0,0.04354132783297074
5034,3,0,0.1355552685689476
5035,4,0,0.06739839662676457
5036,1,0,0.15477962568437983
5037,5,0,0.1838372130045368
5038,4,0,0.9087644839419066
5039,5,0,0.14478723903071886
5040,2,0,0.14766683044086296
5041,5,1,0.6371629642603996
5042,5,0,0.0801648600944289
5043,2,0,0.11645542032967374
5044,5,0,0.11810742387411073
5045,1,0,0.09209978483003971
5046,3,0,0.10738723291622053
5047,3,0,0.1453890404058344
5048,4,0,0.2636839738484672
5049,2,0,0.0870611091297362
5050,1,0,0.7540348225538055
5051,1,1,0.32111060713365147
5052,5,1,0.2766348586427433
5053,3,0,0.13109505944887237
5054,1,0,0.07073654520548177
5055,2,0,0.1034965204886471
5056,3,0,0.32803582808541165
5057,4,1,0.41975575290572825
5058,1,0,0.04200857342655537
5059,3,0,0.06315395858514303
5060,4,0,0.12966480925813692
5061,5,1,0.14272687747729396
5062,4,0,0.1411963238962891
5063,4,0,0.13364579202021706
5064,5,0,0.12286714157664536
5065,4,0,0.1986922181285887
5066,1,1,0.8004820909124972
5067,2,0,0.107384552065273
5068,4,0,0.6236916983764785
5069,5,0,0.4768998042449731
5070,3,1,0.7909537528981961
5071,1,0,0.08007484305092902
5072,3,0,0.11529444474081735
5073,3,0,0.21838716684528126
5074,2,0,0.15282496974864043
5075,4,1,0.35831156966674815
5076,4,0,0.22546440997470804
5077,5,1,0.1247030785880291
5078,4,0,0.09905564415045467
5079,3,1,0.5891254335542889
5080,5,0,0.10649676389988585
5081,2,0,0.3653610417265148
5082,5,0,0.10410939899457193
5083,1,0,0.11593087862827745
5084,4,1,0.4563694536619673
5085,4,1,0.1371248821225593
5086,5,0,0.5902582455944068
5087,3,1,0.3821880560414542
5088,1,0,0.1432635866237846
5089,3,0,0.12750126362209196
5090,3,0,0.1730681732642612
5091,3,1,0.8215111843840652
5092,2,1,0.14210143049057294
5093,4,0,0.1357436233328796
5094,3,1,0.14981407974691874
5095,4,1,0.21463030700607064
5096,4,0,0.09520549940585854
5097,3,1,0.7084251481007844
5098,3,1,0.4116486795695945
5099,3,0,0.5969632231999074
5100,4,0,0.41249381966217386
5101,4,0,0.13314782105316453
5102,2,0,0.08179956271841701
5103,3,0,0.14542512853130618
5104,3,0,0.2601081690708753
5105,3,0,0.285474978669739
5106,5,0,0.39042681284944425
5107,3,1,0.8134384216265446
5108,1,1,0.8468802161422373
5109,4,0,0.15891122274623282
5110,3,0,0.35154693393329517
5111,4,0,0.30011075869314074
5112,4,0,0.5628991203727878
5113,5,0,0.10750446975134353
5114,3,0,0.13090373458916296
5115,1,0,0.23253660496611672
5116,1,0,0.12419184543571123
5117,1,1,0.7660314168352557
5118,2,0,0.1200721206373708
5119,4,0,0.13195229215303994
5120,3,0,0.08511965098755414
5121,2,0,0.16282006664816273
5122,4,0,0.13618874100736236
5123,2,1,0.6037222667534445
5124,5,0,0.05276617588985184
5125,1,1,0.1540638367502256
5126,3,0,0.5864037732207018
5127,3,0,0.09879521167019051
5128,3,0,0.15717375009548235
5129,2,1,0.17464044001867707
5130,1,0,0.15709079317222133
5131,4,0,0.13907961257551
5132,1,0,0.09535528070035244
5133,3,0,0.06435470378822766
5134,3,0,0.09768435285128653
5135,1,0,0.13276621707186895
5136,5,0,0.18708982824042453
5137,1,0,0.11373389076484733
5138,2,0,0.1259192350482904
5139,3,0,0.08754227021317308
5140,4,0,0.2012818091575073
5141,5,0,0.11248441296025691
5142,5,1,0.14488440990062074
5143,4,0,0.09841585704441293
5144,3,0,0.09017995166961533
5145,5,0,0.0862212099067232
5146,3,1,0.8139016948928761
5147,1,0,0.13287736445625897
5148,3,0,0.32326748333651445
5149,5,0,0.15126716056248884
5150,2,0,0.11211853679479274
5151,3,0,0.09432741734430937
5152,2,0,0.13002346742176543
5153,2,0,0.11455083080967096
5154,2,1,0.17675853541234762
5155,1,0,0.14736326852897824
5156,1,1,0.14903549137668984
5157,5,0,0.0707052390098862
5158,2,1,0.6497505738989817
5159,5,0,0.037400455699422644
5160,1,1,0.13722284444872396
5161,3,1,0.24099945330113692
5162,1,0,0.15683929626698467
5163,3,1,0.15306324464335658
5164,4,0,0.1115422412920391
5165,3,0,0.05732111930186875
5166,2,1,0.7437187237089381
5167,4,0,0.09970965533471862
5168,3,0,0.17608590952055594
5169,5,0,0.1730943731351718
5170,1,0,0.054680098432373724
5171,1,0,0.551689803043421
5172,4,0,0.11904258227226436
5173,3,0,0.14943969350002267
5174,2,1,0.12727446005379547
5175,4,0,0.1873493063779113
5176,1,1,0.1370008185021108
5177,5,0,0.500587104821073
5178,2,0,0.08410635905171866
5179,4,0,0.5071634434203486
5180,4,0,0.054822558893188676
5181,4,0,0.09189045325678549
5182,3,1,0.10810078040758445
5183,3,0,0.07144459476759941
5184,3,0,0.3660215228892063
5185,3,0,0.15916261882513572
5186,3,0,0.1113765891570417
5187,5,1,0.3501757820248644
5188,1,0,0.15445146831404746
5189,4,1,0.3654495156368853
5190,2,1,0.18819430541366602
5191,4,1,0.22476899984685111
5192,5,0,0.05175074483484722
5193,1,0,0.15871149641551946
5194,1,0,0.08935720729549375
5195,3,0,0.19942920701212807
5196,4,0,0.09234545824541422
5197,2,0,0.10551471284305429
5198,4,0,0.1415448457780703
5199,5,0,0.14806414133479098
5200,5,1,0.4953827003784729
5201,4,0,0.13075299241782373
5202,3,0,0.06301942747654103
5203,1,0,0.22976699011603807
5204,1,1,0.2330537349313343
5205,1,0,0.0957513009375045
5206,3,0,0.11490214409737025
5207,1,0,0.10896826235622838
5208,1,0,0.09331087432356469
5209,5,0,0.11850324280327967
5210,4,1,0.14984368272878815
5211,4,1,0.19695955365103432
5212,3,0,0.06517813508484388
5213,5,1,0.13927614040758352
5214,4,1,0.8823650296274294
5215,5,0,0.16779515342227114
5216,4,0,0.6198393511630048
5217,3,1,0.7290993447860141
5218,4,0,0.21498626695794082
5219,1,0,0.18387326453298844
5220,2,0,0.37369941964405406
5221,3,0,0.1354328999200606
5222,4,0,0.13637127144793723
5223,5,1,0.3083928930612514
5224,2,0,0.06843282800010538
5225,5,0,0.3126658768067843
5226,5,0,0.10153117468551967
5227,4,0,0.2897770299814302
5228,4,0,0.17013069748716084
5229,2,0,0.11396770884398774
5230,5,1,0.7582513460555309
5231,2,0,0.10872685119588645
5232,1,0,0.27050973369402376
5233,1,0,0.12186726717591996
5234,5,0,0.10808813057970779
5235,1,0,0.4265053395275396
5236,4,0,0.06442681538309339
5237,5,0,0.09175524764205313
5238,2,0,0.14120323879054247
5239,4,0,0.08473401109896285
5240,1,1,0.6692392636892688
5241,1,0,0.27417727811909887
5242,4,0,0.11105020523609498
5243,1,1,0.4436297848284639
5244,1,0,0.11067757537505708
5245,1,0,0.10608500897827294
5246,3,0,0.11409337290433436
5247,1,0,0.05619849896811496
5248,3,0,0.054292280716259717
5249,4,1,0.0734385187827679
5250,2,0,0.06752302081608559
5251,2,0,0.21693325231770602
5252,5,0,0.07821306914637434
5253,3,0,0.06262524478624867
5254,3,0,0.3435384037373258
5255,5,0,0.10478983942824711
5256,4,0,0.2168109188425096
5257,5,1,0.141538428678574
5258,3,0,0.12151432665159621
5259,4,0,0.0788777721974108
5260,2,0,0.08800183464501372
5261,1,0,0.11081650063519641
5262,3,0,0.14157664992636546
5263,5,0,0.3033355613843733
5264,2,0,0.1426466703619942
5265,3,1,0.8776470712573818
5266,5,0,0.12781914358166346
5267,1,1,0.39069757718881687
5268,5,0,0.11293679381388691
5269,5,1,0.42755092784000254
5270,1,0,0.25394858885755883
5271,1,0,0.06256601580985893
5272,1,0,0.25232365456272454
5273,4,0,0.11373531269242954
5274,1,1,0.6131645700630208
5275,4,0,0.12042604718692058
5276,2,1,0.46618036224109516
5277,2,0,0.10897598596922438
5278,4,0,0.11019034521799244
5279,4,0,0.21739712876512968
5280,5,0,0.1385390906528677
5281,4,0,0.1201995218929803
5282,5,0,0.14337941360261927
5283,2,0,0.223433323908033
5284,2,0,0.22756939048566188
5285,3,0,0.09378706304292901
5286,3,0,0.12026860928488403
5287,5,1,0.29139248425597347
5288,2,1,0.15599449954764494
5289,4,1,0.5990217171646297
5290,4,0,0.09334769193265513
5291,3,0,0.15628639824836527
5292,4,0,0.09990011712000355
5293,2,0,0.08000432911602424
5294,5,0,0.06963814212016674
5295,4,0,0.15044421125648114
5296,3,1,0.18728643901027794
5297,2,1,0.14105966439166948
5298,4,0,0.11157598871580794
5299,1,0,0.1897305579519882
5300,2,0,0.12682828875454635
5301,4,0,0.10684228795155336
5302,3,0,0.09709495264059037
5303,2,0,0.1336933193829229
5304,2,0,0.09626456071196932
5305,3,1,0.08224020420085713
5306,1,0,0.22862247827449148
5307,4,0,0.09915959965068742
5308,5,1,0.0986979612903599
5309,3,0,0.14210125332622964
5310,1,0,0.1582476777304756
5311,5,0,0.22380883717838237
5312,5,0,0.3023189552252393
5313,1,0,0.14240921589863997
5314,2,0,0.14538195308620852
5315,5,0,0.13053710079354386
5316,3,0,0.090198163098631
5317,5,1,0.15012051480215663
5318,5,0,0.08173325886794074
5319,3,0,0.15516119743695148
5320,1,0,0.07961789533620892
5321,1,0,0.09161389979134638
5322,4,0,0.11557348670474886
5323,3,0,0.14906203457759332
5324,3,0,0.08023858361321688
5325,2,1,0.13989804044308835
5326,5,0,0.15315787451129498
5327,2,1,0.3862881181414186
5328,4,0,0.13966222308013276
5329,2,0,0.14100043433443832
5330,5,0,0.09345211875160966
5331,3,1,0.1620699543705967
5332,4,0,0.20555086009798215
5333,4,1,0.6318048181701112
5334,1,1,0.6139564229492941
5335,5,1,0.4808771969269845
5336,4,0,0.09549775788827995
5337,3,0,0.1545890197590805
5338,4,0,0.06780931481383534
5339,2,0,0.19808820664370208
5340,2,0,0.14932673657072243
5341,4,0,0.36299712910449294
5342,4,0,0.11769687633317721
5343,5,0,0.0804768859852506
5344,5,0,0.09210998547202714
5345,1,1,0.37644422604455696
5346,1,0,0.2967381794770959
5347,3,1,0.17539556333166773
5348,5,0,0.0993292877914312
5349,4,1,0.7446009668495652
5350,5,0,0.09219865431213897
5351,5,0,0.26730399279010614
5352,1,1,0.1297476067730922
5353,1,1,0.10202240907026443
5354,2,0,0.14040153819385134
5355,4,1,0.15399227357946757
5356,1,0,0.1089380040704674
5357,3,1,0.6109438057021269
5358,5,0,0.14062000620180115
5359,2,1,0.20445170955584108
5360,4,1,0.3444175528472546
5361,5,0,0.04110722645936082
5362,4,1,0.345234282285203
5363,1,0,0.14191685043465654
5364,5,0,0.06155566705945811
5365,3,0,0.16045811310948493
5366,3,0,0.09913929957037332
5367,1,1,0.8507618250838231
5368,5,0,0.11648687328773379
5369,4,0,0.19559763094865476
5370,3,0,0.1767103808721043
5371,1,1,0.8301824406130712
5372,2,0,0.06638457169860126
5373,4,0,0.08498866344668336
5374,4,0,0.11881169837200158
5375,3,0,0.09780692267385217
5376,4,1,0.6978564719767677
5377,1,0,0.05538402594850571
5378,1,0,0.20227869932879525
5379,4,0,0.12889262690829412
5380,1,0,0.13340235881646617
5381,5,0,0.2626508614379079
5382,3,0,0.055951346911814095
5383,5,0,0.10711349609593045
5384,4,1,0.10137578649822451
5385,4,1,0.26952108014337317
5386,3,1,0.8509102666531846
5387,2,1,0.1624198964817738
5388,5,1,0.3441538254023664
5389,2,0,0.24517625212388008
5390,3,0,0.07921682446403766
5391,3,0,0.1584157332847402
5392,3,0,0.08457061665434802
5393,1,0,0.15706063533805653
5394,3,0,0.12617698547753983
5395,3,1,0.6527097923265982
5396,2,1,0.3290804505447533
5397,3,0,0.13001705994351712
5398,1,0,0.11939784825735532
5399,5,0,0.14905526957794835
5400,5,1,0.3099731875432633
5401,1,0,0.199268405079664
5402,4,0,0.11912658158732763
5403,4,1,0.21434094843032353
5404,2,1,0.3456359608743039
5405,3,0,0.0904892684767803
5406,3,1,0.5333048944195756
5407,3,1,0.12103257273542906
5408,2,0,0.13695327626194803
5409,3,1,0.22003676208588632
5410,2,0,0.1301501032552082
5411,3,0,0.1356366175238285
5412,5,1,0.8245424115624449
5413,4,0,0.26267461800225717
5414,5,1,0.10471415620039556
5415,1,0,0.13859539427591644
5416,3,0,0.23108143219619887
5417,5,1,0.6198515077874471
5418,1,0,0.3605928155359921
5419,2,0,0.11365686852014278
5420,2,0,0.21984101363358008
5421,2,0,0.0774200871376751
5422,1,0,0.08276333402701186
5423,1,0,0.08227051332972006
5424,2,0,0.12528370024624536
5425,2,1,0.869564979648376
5426,1,1,0.1518253833755311
5427,4,0,0.2414858192244082
5428,2,0,0.15901871606086554
5429,5,0,0.06780628499938986
5430,5,0,0.15919511552279672
5431,3,0,0.12931503607518086
5432,4,1,0.1272728646672674
5433,5,1,0.38341605399436524
5434,2,1,0.04446225797790886
5435,3,0,0.1383804072988972
5436,5,0,0.11657880493917026
5437,4,0,0.1458323574800617
5438,5,0,0.21049274453850308
5439,1,0,0.5171789076095846
5440,5,0,0.13790861492462247
5441,3,1,0.8723266844238361
5442,2,0,0.1290979622548551
5443,5,0,0.10933442357039855
5444,3,0,0.6085348404730676
5445,2,0,0.4408989518304611
5446,1,0,0.10087121889108698
5447,3,0,0.09762890816097759
5448,5,0,0.074365252467945
5449,3,0,0.31093139974764905
5450,5,0,0.13774726311649677
5451,1,0,0.13263656415644626
5452,2,0,0.09634503723357492
5453,2,1,0.573320768118732
5454,1,0,0.117459530484216
5455,1,0,0.12174246198807262
5456,4,1,0.25912474739405444
5457,1,0,0.07110111468881866
5458,3,0,0.19688930012987227
5459,4,1,0.6741748803894225
5460,4,0,0.17662746711304514
5461,4,0,0.6549093317456615
5462,1,0,0.07687490862492893
5463,5,1,0.8186970793319737
5464,3,0,0.18035755280082963
5465,3,0,0.18934791485019198
5466,3,0,0.20755200517506722
5467,3,0,0.15053077018912792
5468,3,1,0.6307984009881483
5469,5,0,0.14692370876090197
5470,3,0,0.09556852111953185
5471,2,0,0.27655596965374774
5472,4,1,0.2812514467643347
5473,2,0,0.08764195315374675
5474,1,1,0.36546850404810205
5475,3,0,0.19498761863438407
5476,1,0,0.09383809602111287
5477,4,1,0.12204706312251262
5478,4,0,0.2208669726303687
5479,1,0,0.12294569918520339
5480,3,0,0.13879121279500103
5481,3,0,0.040712729108755
5482,1,0,0.13411374587063196
5483,3,0,0.11699741291027296
5484,4,1,0.1352311328227761
5485,3,0,0.06467992249054898
5486,5,1,0.14630700824032047
5487,1,0,0.07673246116275122
5488,4,0,0.16415712726539866
5489,2,0,0.0868553364122059
5490,1,0,0.03943905018263929
5491,2,0,0.05707241018192098
5492,1,0,0.06753389504082448
5493,3,0,0.13770802563287074
5494,1,0,0.3404763349751851
5495,5,0,0.05813598792043445
5496,4,1,0.8492097932157638
5497,4,1,0.3293052010325137
5498,5,0,0.19059206514571228
5499,3,0,0.8726654509661482
5500,5,0,0.6225131510943754
5501,2,0,0.14876151857236863
5502,4,0,0.14607409601680235
5503,5,0,0.1805123011779078
5504,1,0,0.18352553199253743
5505,1,0,0.18585473842937303
5506,2,0,0.1289817504338759
5507,3,0,0.08545954148228775
5508,5,0,0.06390210849184981
5509,4,1,0.371881385948704
5510,4,0,0.04334126713550975
5511,5,0,0.37270386690877694
5512,4,1,0.13087708222080113
5513,1,0,0.16044089799469022
5514,3,1,0.16438371436009597
5515,1,0,0.19946131335934272
5516,4,1,0.7941859451028555
5517,1,0,0.18309803942000283
5518,2,0,0.11915729487313205
5519,4,0,0.13503494801555962
5520,5,0,0.09106286636941195
5521,5,0,0.08627044419701632
5522,2,0,0.12228963212450719
5523,5,0,0.12795640540554143
5524,5,0,0.12339372630976383
5525,4,0,0.06157858409611264
5526,3,0,0.14740180694563962
5527,4,0,0.11695100905030958
5528,4,1,0.32857069311597664
5529,4,0,0.12253241537621641
5530,4,0,0.4210213518304263
5531,3,1,0.6194362246977229
5532,3,0,0.12490181568772
5533,4,0,0.04767011798851433
5534,1,0,0.11662812906691625
5535,1,1,0.7857138207537016
5536,4,0,0.07708278174541454
5537,5,0,0.1242804487344398
5538,2,0,0.19379262150158047
5539,2,0,0.0808013131144592
5540,1,0,0.15572331007795456
5541,4,0,0.2151988878687054
5542,2,0,0.09982319923822296
5543,3,0,0.14882013087252738
5544,1,0,0.08595427352537133
5545,4,0,0.16705933598028633
5546,4,0,0.20411752158832888
5547,1,0,0.14988115476676103
5548,1,0,0.13992251392787966
5549,3,0,0.11952967390545301
5550,4,0,0.12288637777369521
5551,3,0,0.18714880424810695
5552,4,0,0.18158276419609296
5553,5,0,0.07670206696267638
5554,1,1,0.31201041260328904
5555,1,0,0.6065682417983945
5556,3,0,0.10385938852179205
5557,5,0,0.08536527871241574
5558,1,0,0.6245653205649553
5559,5,0,0.2419232142337788
5560,5,0,0.05051324994774771
5561,1,0,0.14959615360616094
5562,3,0,0.11101451259215432
5563,3,1,0.7495320938478278
5564,5,0,0.2678881887927022
5565,2,0,0.1178282941076803
5566,2,0,0.20513102757578183
5567,1,0,0.2837884613719109
5568,5,0,0.15690563012081585
5569,5,1,0.3991777610267258
5570,4,0,0.06203498307777618
5571,3,1,0.33692914909579874
5572,5,1,0.3429872779709522
5573,5,0,0.1016011169241257
5574,2,0,0.12109594207882374
5575,3,0,0.18994618168465163
5576,4,0,0.04845687246934134
5577,5,0,0.08088680100352635
5578,5,0,0.1431550684920216
5579,1,0,0.09987015449885693
5580,1,0,0.08887756966769433
5581,2,1,0.16946959410727452
5582,4,0,0.10193225312201959
5583,5,0,0.10992447230652333
5584,4,0,0.0895236700403711
5585,5,0,0.13496942704002404
5586,4,0,0.06621893641623997
5587,3,1,0.43950678003459703
5588,3,0,0.27579534721089466
5589,5,1,0.8586836263776256
5590,1,0,0.10194364932441896
5591,5,1,0.7653696325811956
5592,4,0,0.2372159241451543
5593,1,0,0.08061392620692281
5594,2,1,0.124884374017103
5595,4,1,0.4710930511097022
5596,5,0,0.11459147607825361
5597,3,0,0.7753351422014606
5598,4,1,0.4940933697399921
5599,5,0,0.17481759501232708
5600,2,0,0.09400014712457164
5601,1,0,0.12787912658833733
5602,3,0,0.07309727634037341
5603,5,0,0.21909557455718207
5604,1,0,0.11389364976030608
5605,1,0,0.1805217314411376
5606,2,0,0.1663223288445785
5607,5,0,0.10147514653444392
5608,1,0,0.1625119667466809
5609,1,0,0.08010966435196468
5610,3,0,0.2855615199940313
5611,2,0,0.10423479565575572
5612,2,1,0.09035059909749643
5613,4,1,0.5908947933528366
5614,3,0,0.1047371137482936
5615,3,1,0.1284326198333707
5616,5,0,0.12191199272576884
5617,5,0,0.09998998884584731
5618,5,0,0.14419624186469904
5619,4,0,0.11093089761038569
5620,4,0,0.08556271283955968
5621,3,1,0.36395315074288215
5622,3,0,0.14299456298589105
5623,1,1,0.16464553724566175
5624,3,0,0.1419481736238246
5625,3,1,0.622132206203417
5626,2,0,0.11336278791345127
5627,3,1,0.7046834894436231
5628,2,0,0.09242871378365279
5629,1,0,0.16338624279090314
5630,5,1,0.4409114041108156
5631,1,0,0.31664366313180264
5632,5,1,0.7598916972739805
5633,2,1,0.24881075388411594
5634,2,0,0.09772418634086545
5635,2,0,0.056829667766476806
5636,1,0,0.14543754510549586
5637,5,0,0.11729004835936006
5638,3,1,0.1372336153279331
5639,1,0,0.1721122652560138
5640,2,0,0.32639638347479777
5641,4,0,0.20865538384266705
5642,5,0,0.19024532912742959
5643,3,0,0.11439339996246328
5644,5,0,0.19653093649203343
5645,4,0,0.1623682518307988
5646,4,0,0.34195419553083356
5647,1,0,0.1516493197250304
5648,2,0,0.14771768721308753
5649,1,0,0.11560911784565091
5650,4,0,0.0994758690435014
5651,5,0,0.11560374486839904
5652,3,0,0.12474706044650079
5653,2,1,0.5662978900691716
5654,4,0,0.1974559360193532
5655,4,0,0.16678305972512172
5656,2,0,0.18704985181215353
5657,3,0,0.10698096543521289
5658,1,1,0.20690089729433922
5659,5,0,0.13187060857965605
5660,5,0,0.0924981079806521
5661,1,0,0.3130348224808626
5662,2,0,0.28382267998697264
5663,1,0,0.06869036743655658
5664,3,0,0.05304730487783481
5665,2,0,0.5299218718266188
5666,2,0,0.13578840138520762
5667,2,0,0.17370846719798277
5668,4,1,0.7778817267795132
5669,4,1,0.2624074248860388
5670,4,0,0.8870723302207633
5671,3,0,0.045932714932518486
5672,3,0,0.08665895844783207
5673,1,0,0.23192122981115168
5674,3,1,0.5471345910595559
5675,1,0,0.14874582716168613
5676,5,0,0.14439386512605146
5677,3,0,0.22708094996584122
5678,2,0,0.11312084965072712
5679,1,0,0.7157686242241823
5680,2,0,0.33098767513073335
5681,4,0,0.0641908444284322
5682,4,0,0.07844768409790986
5683,3,0,0.1265960048681089
5684,3,0,0.1053534878540326
5685,5,0,0.10176739537521243
5686,5,0,0.11893805246788924
5687,3,0,0.148956126301068
5688,3,1,0.4241840156557344
5689,1,0,0.1322288051179842
5690,2,0,0.11311182253143984
5691,3,0,0.13480466299315205
5692,2,0,0.09839451639835582
5693,4,0,0.0682291956791041
5694,5,0,0.08530856252608786
5695,3,0,0.15358857685378444
5696,4,0,0.1435312778374466
5697,3,0,0.14473787514839992
5698,1,0,0.05303371730795116
5699,3,0,0.20039388645605022
5700,5,0,0.09254945038756947
5701,5,1,0.07746514077162894
5702,1,0,0.8631930783699535
5703,1,0,0.07381189688262177
5704,5,0,0.12761352530545755
5705,3,1,0.1874430582641622
5706,1,1,0.21385143986310895
5707,5,0,0.15045981897466448
5708,4,0,0.2249595205942075
5709,2,0,0.0843483521906603
5710,5,0,0.055237378438800555
5711,3,0,0.14307975429407685
5712,2,0,0.04828076839999739
5713,4,0,0.09276332753372474
5714,2,0,0.1789638409684108
5715,3,0,0.11160236524268262
5716,4,0,0.10717167426423697
5717,3,1,0.788892332936584
5718,1,0,0.19177425008759402
5719,3,0,0.09161766369214755
5720,3,1,0.8921034465276124
5721,4,0,0.08552908335144992
5722,5,1,0.3042631999371964
5723,5,0,0.1925144291725188
5724,5,0,0.11564007081651738
5725,5,0,0.12650878070156218
5726,5,0,0.09250461746508566
5727,2,0,0.07639133907967183
5728,1,0,0.02500624465717971
5729,3,1,0.10954207127385172
5730,1,0,0.1384038661568194
5731,1,0,0.15433141271539766
5732,3,0,0.5750702850867072
5733,1,0,0.1830300786662344
5734,3,1,0.23752767903605843
5735,2,1,0.5319963824189592
5736,1,0,0.06232026546699996
5737,5,0,0.48393738773341904
5738,4,0,0.13543537839743514
5739,5,1,0.748108754175023
5740,4,0,0.7826870942703813
5741,1,1,0.23109823451504777
5742,2,0,0.1445396728031556
5743,1,0,0.1593044791234158
5744,3,1,0.6665226260562602
5745,2,0,0.10909445459905426
5746,2,0,0.12598145913117195
5747,3,0,0.1142088578259117
5748,1,0,0.14846427696297115
5749,4,0,0.22076873587452567
5750,4,0,0.11892773149967173
5751,5,0,0.2752725478574483
5752,3,0,0.10468764729168006
5753,5,0,0.11731200547810344
5754,5,0,0.21437845523604893
5755,5,0,0.18233625380768057
5756,2,0,0.16232777824177658
5757,3,0,0.12244601367672193
5758,2,0,0.07690998341575735
5759,3,0,0.15575448944192555
5760,1,0,0.15391012666635917
5761,1,0,0.2739775114685586
5762,2,0,0.10514969447226206
5763,2,0,0.12686878819643688
5764,1,0,0.1586739626332277
5765,1,1,0.1322889337810762
5766,3,0,0.07650032175617878
5767,4,0,0.1077766953659152
5768,2,0,0.13837547549959284
5769,5,1,0.3882653519847804
5770,4,0,0.08298923761565227
5771,3,0,0.40223930478966946
5772,3,0,0.12255460321324338
5773,4,0,0.13651995363988997
5774,2,1,0.6707650051329912
5775,1,0,0.21708065677783914
5776,3,1,0.5413073614209052
5777,1,0,0.1417201106519268
5778,4,0,0.06003251147993499
5779,1,0,0.264136849896329
5780,1,1,0.6648590854610769
5781,3,1,0.8275202491962641
5782,2,0,0.16640200687741827
5783,3,0,0.11668772099710774
5784,5,1,0.8656491412885904
5785,1,0,0.13039261474540934
5786,4,0,0.14966829963452905
5787,4,0,0.05566029496489488
5788,5,0,0.08293443772364731
5789,3,0,0.037153226293879425
5790,5,0,0.12066078932564842
5791,4,0,0.08409005153613722
5792,5,0,0.1561386375575323
5793,2,0,0.05547999997300785
5794,2,1,0.11896093903097012
5795,2,0,0.10830604568125976
5796,5,1,0.5636750334118902
5797,3,0,0.060021717739512544
5798,4,1,0.11621546865327076
5799,4,0,0.1300392627671098
5800,5,0,0.13556697100925247
5801,2,0,0.14240522036169698
5802,2,0,0.11260144430800731
5803,4,0,0.11615923533694007
5804,2,0,0.09764692969081537
5805,5,1,0.21271271920564686
5806,1,1,0.27868435757191035
5807,4,0,0.30938386421114883
5808,1,0,0.25052365967372386
5809,3,1,0.4800228017951812
5810,3,1,0.19733597454286322
5811,4,1,0.6584044475248673
5812,2,0,0.11453084966415905
5813,3,0,0.06815257248675538
5814,4,0,0.12528807259009123
5815,2,1,0.1088476042791117
5816,2,0,0.09538585500470541
5817,1,0,0.1653469470360017
5818,1,1,0.6229478736484755
5819,2,0,0.20726470599641997
5820,4,0,0.1316918457469152
5821,3,0,0.10761748525203262
5822,4,0,0.12348038753605618
5823,1,1,0.5126894443151587
5824,2,0,0.14334852880100618
5825,2,1,0.5781987099081853
5826,2,0,0.1956238970688621
5827,1,0,0.0839144260632798
5828,5,1,0.1350721109633076
5829,5,0,0.12371142991269407
5830,2,0,0.04622890510530458
5831,1,1,0.18767769216384125
5832,1,1,0.21621282289186325
5833,2,0,0.15167604093447726
5834,5,1,0.20429251487659017
5835,1,0,0.7412927627166016
5836,5,0,0.1223617844507999
5837,5,1,0.43650627498482214
5838,2,1,0.12955956972852015
5839,1,0,0.32387892717064215
5840,5,0,0.08145962041352599
5841,3,0,0.23115037461240207
5842,5,1,0.22910774088405234
5843,3,0,0.1014902954428382
5844,2,0,0.09827846016100021
5845,4,1,0.7009881939571787
5846,4,0,0.10030255517868637
5847,5,0,0.1130354542856007
5848,5,0,0.08481968502321824
5849,5,0,0.1518282160304632
5850,5,0,0.03506518727390946
5851,5,1,0.3216794204587183
5852,5,0,0.0588246566440895
5853,3,1,0.6655912448532287
5854,5,0,0.10276901915808581
5855,1,0,0.08101035179640152
5856,4,0,0.06814765391857687
5857,1,0,0.047053643401458005
5858,1,0,0.13778074259637393
5859,2,0,0.10532181585858469
5860,2,0,0.3115169024916834
5861,3,1,0.6910863452004196
5862,3,0,0.07096693526822308
5863,4,0,0.12642004958958677
5864,4,0,0.12902586423359083
5865,5,0,0.1470496382194765
5866,3,0,0.14578704166402026
5867,5,1,0.3060715176062965
5868,4,0,0.2221426783610519
5869,5,0,0.10003614857305626
5870,3,0,0.07450971379295944
5871,2,0,0.1562094647110921
5872,2,1,0.8560223167855568
5873,4,0,0.21568292142986245
5874,1,0,0.24613176217338478
5875,1,0,0.0710542356730075
5876,1,1,0.666904616797863
5877,3,0,0.09507544370727938
5878,5,0,0.1997263786705267
5879,3,0,0.16130061691236627
5880,1,0,0.10436798235759129
5881,2,0,0.11563094795269423
5882,1,0,0.305814251992997
5883,5,0,0.6308867303552905
5884,5,0,0.35108172755369504
5885,2,1,0.24453666390751042
5886,3,0,0.13154109124966992
5887,4,1,0.21936874739022616
5888,2,0,0.11459288108427627
5889,4,0,0.1749216883231821
5890,3,0,0.12728574805077253
5891,2,0,0.69420163971247
5892,1,1,0.15481373838013762
5893,1,0,0.6318479267805838
5894,1,0,0.06573338616014658
5895,3,0,0.11046213407323377
5896,4,0,0.17489990166600938
5897,2,0,0.08484295656721773
5898,5,1,0.6380250386963003
5899,5,1,0.23463505326743106
5900,5,0,0.208278814906286
5901,4,0,0.041233973725341364
5902,2,1,0.5275073769520969
5903,5,0,0.11743335993188306
5904,4,0,0.17099520401994805
5905,5,0,0.10908982228317224
5906,4,0,0.1370468435074622
5907,4,0,0.11084668639887864
5908,1,0,0.08575226800345478
5909,3,0,0.15598045536821464
5910,3,0,0.10562114506363399
5911,3,0,0.09948076927499488
5912,1,0,0.07307840794346608
5913,2,0,0.14146650574357864
5914,1,0,0.1479578812707345
5915,4,1,0.16778188563331167
5916,2,0,0.3154912127013742
5917,4,1,0.8581448169614364
5918,4,1,0.5699804830422214
5919,1,0,0.11612785712260541
5920,4,0,0.17313260144059076
5921,2,1,0.18460652336238864
5922,2,0,0.3281338080547785
5923,3,1,0.6686131727265368
5924,4,0,0.07499613051944234
5925,5,0,0.0988542090862201
5926,4,1,0.130170473660205
5927,5,0,0.3291621350240026
5928,3,0,0.04195620930593092
5929,1,0,0.07617847199168663
5930,1,0,0.1713175028566238
5931,4,0,0.15129780136477494
5932,1,1,0.17965689876517763
5933,5,0,0.12837215668947316
5934,3,0,0.028315833414374703
5935,1,0,0.2120345874938308
5936,2,1,0.3653792685477226
5937,5,0,0.08392980976636098
5938,5,0,0.18011544350009992
5939,2,0,0.10438874507041637
5940,4,0,0.3624766539985218
5941,3,0,0.10211155465091791
5942,5,0,0.0426671525054939
5943,4,0,0.13551565059675247
5944,5,0,0.12179903993278775
5945,3,0,0.11293208825585128
5946,5,0,0.16810515136515652
5947,4,0,0.18117586937421404
5948,2,0,0.11070151294613008
5949,4,1,0.10761240592833414
5950,3,0,0.15215709870917002
5951,1,0,0.26011901904469864
5952,1,0,0.508461537518944
5953,2,0,0.13259041175622543
5954,4,0,0.047620431632866354
5955,2,0,0.1725664464884988
5956,1,0,0.09398798754055479
5957,3,1,0.6750760021229752
5958,4,1,0.13424734491483367
5959,5,0,0.12129814405748668
5960,5,0,0.1296471731465628
5961,2,0,0.19505751104535624
5962,4,1,0.3104518473562466
5963,4,1,0.577071411206319
5964,3,1,0.7381547111128374
5965,3,0,0.11128733052225218
5966,5,1,0.17536355457784475
5967,2,0,0.0766571461466325
5968,2,0,0.2348020288299999
5969,1,0,0.25498919838318923
5970,5,0,0.10113437776290686
5971,1,0,0.06889013226851028
5972,3,1,0.7376153110732436
5973,4,0,0.1795868482464005
5974,3,0,0.1445986934927094
5975,2,1,0.13264226801369008
5976,3,0,0.14962948822604535
5977,4,0,0.11426080327963112
5978,2,1,0.3006757380059016
5979,3,0,0.1526516365300119
5980,4,0,0.10328293528058102
5981,2,0,0.1521311548857524
5982,2,1,0.6809082886936338
5983,1,0,0.10289852180581145
5984,1,0,0.10873564564744256
5985,4,0,0.09475068935715641
5986,3,0,0.1744354732628751
5987,4,0,0.08029172488698212
5988,4,0,0.153963110919697
5989,4,0,0.17729897332985617
5990,1,0,0.3302999091474718
5991,4,0,0.13838634222551868
5992,2,0,0.28436245678939864
5993,2,0,0.13659657613050033
5994,5,1,0.26309717119097115
5995,4,0,0.16012638568373588
5996,4,1,0.1305523033867368
5997,4,0,0.13423812025403642
5998,3,1,0.32382996559129174
5999,3,0,0.2764005737915014
6000,1,0,0.20964772754256164
6001,4,0,0.2138648736908865
6002,3,0,0.18258799292857805
6003,5,0,0.15160006333231466
6004,2,0,0.07178277183006213
6005,4,0,0.10805676162467666
6006,4,0,0.11857453829028569
6007,3,1,0.11343977211621145
6008,1,0,0.11556912875651064
6009,3,0,0.11520667832433697
6010,4,0,0.13729608902956725
6011,3,1,0.31499077367362643
6012,5,0,0.22063771554206313
6013,2,0,0.24231803508063843
6014,5,1,0.10945492979800496
6015,5,1,0.4920363702005819
6016,3,0,0.17427181818753437
6017,2,0,0.6014680338874742
6018,5,0,0.3126337134432857
6019,4,0,0.1340685529207478
6020,2,1,0.16111576751726245
6021,3,0,0.09588820785124427
6022,5,0,0.08703550490403174
6023,3,0,0.10741164564507376
6024,5,0,0.105079704889981
6025,1,1,0.17003610319089296
6026,3,0,0.11381355643256003
6027,2,1,0.07423627406206654
6028,4,0,0.14639519125397366
6029,4,0,0.09002528934543376
6030,5,0,0.07840346887054991
6031,1,1,0.4798253602895409
6032,1,1,0.8486961267489408
6033,4,0,0.36670502249127557
6034,2,0,0.1384456652923891
6035,2,0,0.21840812475376442
6036,3,1,0.1016860834699542
6037,5,0,0.1486629896703284
6038,2,1,0.889987560029885
6039,5,0,0.34359462327089463
6040,2,0,0.20616221506040808
6041,4,0,0.12745914913868955
6042,2,0,0.10350456412502573
6043,5,0,0.13440894763114702
6044,5,0,0.12444640635669645
6045,4,0,0.06996025919709277
6046,2,1,0.10725871861517015
6047,5,0,0.07945537005943451
6048,4,0,0.19016713461634038
6049,3,1,0.16055484973680825
6050,1,1,0.31437121050459305
6051,4,0,0.17859086368231206
6052,1,0,0.14849158479710725
6053,1,1,0.3033470834501238
6054,4,0,0.35222554084562574
6055,4,0,0.24477723804708593
6056,2,0,0.06908085959189582
6057,4,0,0.3983480639961081
6058,5,0,0.1412256953087825
6059,1,0,0.5036363796465596
6060,4,0,0.14889175844422525
6061,4,0,0.3751919899979294
6062,1,1,0.30401302534636965
6063,4,0,0.07619142203265523
6064,3,1,0.6737777294194681
6065,4,1,0.17847311602355742
6066,1,0,0.21961628082023074
6067,4,1,0.15778924906813419
6068,2,1,0.10340476467138476
6069,3,0,0.1069559073299002
6070,5,0,0.10768619925851007
6071,5,0,0.1743350665394433
6072,4,0,0.1249095487856073
6073,2,0,0.15018696495661393
6074,5,0,0.18351629750852833
6075,1,0,0.3443184473460764
6076,2,0,0.3305004558290729
6077,5,0,0.15061464861477963
6078,1,0,0.11040405655244036
6079,5,0,0.09114931888785059
6080,5,0,0.12809569059508108
6081,5,0,0.08256063379424629
6082,4,1,0.3403674326694233
6083,1,1,0.8507595962508058
6084,4,0,0.1994165680686195
6085,5,0,0.07994427735310901
6086,5,1,0.81478732168399
6087,1,0,0.16757988275412025
6088,4,0,0.30567961426840157
6089,1,0,0.08149254012779507
6090,4,1,0.40777473292041205
6091,3,0,0.09036462313443958
6092,1,0,0.15241535338516907
6093,4,0,0.04861007738739882
6094,2,1,0.7059086131441948
6095,5,0,0.24131162887075502
6096,5,0,0.28524071320120853
6097,4,0,0.17625718667616297
6098,4,1,0.8261316068139323
6099,4,0,0.11839126323940544
6100,2,0,0.1499119983381025
6101,5,0,0.07044413492232252
6102,1,0,0.0734805853399542
6103,5,1,0.2518208558266981
6104,2,1,0.806007504771527
6105,3,0,0.18397060812963142
6106,3,0,0.1158445881028811
6107,5,0,0.11209924287247287
6108,1,0,0.1625445269914553
6109,4,0,0.06471323448322813
6110,5,0,0.09943045767841652
6111,5,0,0.1577644020883679
6112,4,1,0.21573076663641771
6113,2,0,0.0694620160174741
6114,3,0,0.10142738613982778
6115,4,0,0.4046953240451381
6116,2,0,0.31726317176791236
6117,1,1,0.7025987169121322
6118,4,0,0.17920914043224714
6119,3,1,0.49201834879828465
6120,4,0,0.0939037794045321
6121,5,1,0.1873352752904234
6122,5,1,0.46879766810872975
6123,2,1,0.17365477230900414
6124,4,0,0.11748806086834339
6125,1,1,0.6140290120705533
6126,4,0,0.12974824638666288
6127,1,0,0.12194898856016517
6128,2,0,0.12285570570973582
6129,3,1,0.1399636286997331
6130,3,0,0.09037984127793164
6131,1,0,0.13686501387325328
6132,2,0,0.35871151834040566
6133,1,0,0.5404085522953896
6134,4,0,0.2607677017744593
6135,4,0,0.19021494874314282
6136,2,0,0.16536994594665372
6137,1,0,0.0830875481586751
6138,2,0,0.09252554980691985
6139,5,0,0.08239359953572174
6140,1,0,0.3204268424161705
6141,2,0,0.1005803331592998
6142,4,0,0.06728883221559794
6143,3,1,0.5078916885509549
6144,3,0,0.10096772026992518
6145,3,1,0.852838038002921
6146,1,0,0.09534821606728706
6147,1,1,0.07894287339831006
6148,5,1,0.40988753884292783
6149,2,0,0.16055685235692574
6150,1,0,0.037761459531466646
6151,4,0,0.08124786580502431
6152,3,0,0.17020148175318264
6153,5,0,0.13020473611293207
6154,3,0,0.17555451633343372
6155,3,0,0.19751748200864777
6156,1,0,0.24591090736298835
6157,3,0,0.11108385228883934
6158,4,0,0.13668329152058423
6159,3,0,0.13546095777646933
6160,1,0,0.11522869557976097
6161,4,0,0.44853316615402306
6162,5,0,0.0969101315327972
6163,3,0,0.12805838763033645
6164,3,0,0.08317653117740381
6165,3,0,0.13179145070323037
6166,5,0,0.09155391911424181
6167,5,0,0.1845880695218189
6168,4,0,0.21772783996459216
6169,5,0,0.11448891347935534
6170,3,0,0.23711247783881192
6171,2,1,0.6023720990486343
6172,3,1,0.37164686872092206
6173,3,0,0.07432835938183029
6174,4,0,0.1265952232627649
6175,2,1,0.8737219940042592
6176,4,0,0.13307011011401854
6177,4,0,0.03922867122273992
6178,2,0,0.12486937788432242
6179,3,0,0.14048131517811602
6180,2,0,0.12549148024575527
6181,2,0,0.09633097291583459
6182,3,0,0.08397665314848764
6183,5,1,0.7656649025004711
6184,3,0,0.09730731244679351
6185,1,1,0.12629419476380443
6186,4,0,0.2771954549063089
6187,2,0,0.5289639789985784
6188,1,0,0.11112280041557912
6189,1,1,0.1577691459476523
6190,2,1,0.14571468726661543
6191,2,0,0.08541685405487769
6192,5,0,0.1303471083579616
6193,1,0,0.816152061133688
6194,5,0,0.10707553513336447
6195,1,1,0.3084577211841197
6196,4,0,0.20738811079508124
6197,3,0,0.022261057305512418
6198,1,0,0.12489728304159922
6199,3,1,0.6208566146704135
6200,1,0,0.09828971191754575
6201,3,0,0.15220214161667522
6202,3,0,0.12026096082804322
6203,2,0,0.16498863298275518
6204,1,0,0.03476692599629662
6205,5,0,0.11512477588798765
6206,3,0,0.27051368537926146
6207,4,0,0.1705205142269909
6208,2,0,0.37128277926880127
6209,2,0,0.27833786750110173
6210,5,0,0.06763693964041465
6211,4,0,0.11223353326410891
6212,1,0,0.06804088363211168
6213,5,0,0.12268580137887768
6214,5,0,0.08437648145340851
6215,1,0,0.14514686985147848
6216,4,0,0.1313600295018197
6217,5,0,0.21010546130223187
6218,2,0,0.1703938139386107
6219,5,0,0.10849647288327355
6220,2,0,0.1502651889544017
6221,5,0,0.1524170034540893
6222,2,0,0.1006491397138102
6223,3,1,0.144691130440032
6224,1,1,0.8386233425532377
6225,4,0,0.18154429876047748
6226,1,1,0.720222676284081
6227,3,0,0.15248794026122864
6228,4,0,0.12114088568938156
6229,2,0,0.19532655999701895
6230,2,1,0.23453540445762014
6231,5,0,0.10841683515308892
6232,4,0,0.11950567819001263
6233,2,1,0.610998573627698
6234,5,0,0.12444104279622342
6235,5,1,0.28516779879957355
6236,1,0,0.08552280719927684
6237,4,0,0.11745258045637755
6238,4,0,0.19521396479324504
6239,4,0,0.10133519199196428
6240,5,0,0.13107980732162117
6241,1,1,0.3680282787581379
6242,1,0,0.16251695346385067
6243,1,1,0.07877074418052914
6244,1,0,0.04158785832340438
6245,4,0,0.1251996656123789
6246,2,0,0.1736559272526505
6247,4,1,0.7257249310141869
6248,1,0,0.08556008438631292
6249,4,0,0.10390611414875246
6250,3,0,0.13099209506215218
6251,1,0,0.08929750445140186
6252,2,0,0.12004484629260516
6253,5,0,0.12527955323687626
6254,1,0,0.23906003225663225
6255,5,0,0.1807102558996958
6256,5,0,0.06808528398752431
6257,5,1,0.48950930786234875
6258,1,0,0.14832915762778823
6259,2,0,0.17962845414672046
6260,4,0,0.12993600404313582
6261,3,1,0.15494551048415683
6262,3,0,0.11894073714186874
6263,4,1,0.197088565165716
6264,4,0,0.16246911392567645
6265,4,1,0.608133626806796
6266,1,1,0.2601831586538508
6267,5,0,0.11881443518235331
6268,4,0,0.12279650393884636
6269,2,0,0.6143455031538387
6270,5,0,0.11954442939278184
6271,5,0,0.11466510136457685
6272,5,0,0.12368407191217928
6273,2,0,0.17499479385151542
6274,1,0,0.1550220758298606
6275,1,0,0.6401902001355166
6276,1,0,0.20272698242327009
6277,5,0,0.2084271203392342
6278,4,1,0.9008690895467465
6279,5,0,0.1123425686748474
6280,4,0,0.09862462260016759
6281,3,0,0.13005803347074335
6282,4,0,0.1728163696613803
6283,1,1,0.8055721660661166
6284,5,0,0.09517312913215449
6285,1,0,0.044156246831757874
6286,4,0,0.12188651662793555
6287,5,1,0.21953694550264405
6288,3,1,0.6403516674571618
6289,3,0,0.1018486602231368
6290,5,0,0.3663762423372069
6291,2,0,0.03588403308626881
6292,1,0,0.10819555164409163
6293,2,0,0.13865990439741888
6294,3,1,0.24187563439693863
6295,3,0,0.041638225185034766
6296,2,0,0.2052101287130167
6297,4,0,0.14575244836334894
6298,1,0,0.19680214997943854
6299,2,0,0.0944021824206898
6300,3,0,0.12219621253588482
6301,4,0,0.07242036476343522
6302,5,1,0.3377417128069598
6303,1,0,0.16750136382088507
6304,3,0,0.12847444245467243
6305,3,0,0.10735493994527422
6306,3,0,0.1809827306726671
6307,5,0,0.46621084022043885
6308,1,1,0.6826979068724376
6309,3,1,0.7841789678471232
6310,2,0,0.10123128472013926
6311,5,0,0.10493962571582818
6312,4,0,0.1393451232026665
6313,5,0,0.2776655996454791
6314,5,1,0.1087288436065098
6315,5,1,0.3657110810940782
6316,5,0,0.15493814150153118
6317,2,0,0.16330218826184095
6318,4,0,0.6823874066384684
6319,4,1,0.1282170008599381
6320,5,1,0.8570928344213934
6321,4,0,0.24137604460971376
6322,5,0,0.14760180000944526
6323,3,0,0.07458781069526976
6324,4,1,0.30937357990354625
6325,2,0,0.1166329003399691
6326,1,1,0.6583811971521065
6327,2,0,0.11097187891815884
6328,2,1,0.07689294047005027
6329,3,0,0.5965821308431849
6330,3,1,0.6326731540998269
6331,3,0,0.10509292816733935
6332,2,0,0.3518460265608731
6333,5,0,0.12674622122787044
6334,1,0,0.1293820666050317
6335,2,0,0.08757540592501283
6336,3,0,0.13217283133404586
6337,2,0,0.38715280868448504
6338,5,0,0.08699517706138919
6339,2,1,0.29821358693587646
6340,4,1,0.49629751050103493
6341,2,0,0.17922790430942687
6342,3,0,0.10320939922119898
6343,4,0,0.10383787295890637
6344,4,0,0.09561668680008985
6345,4,0,0.10580282740130903
6346,2,1,0.11924773533021081
6347,1,0,0.13351960240235325
6348,5,0,0.13448262172248487
6349,3,0,0.10328468475317311
6350,5,0,0.11262789372938337
6351,1,0,0.09763844530189435
6352,2,1,0.16173441400694938
6353,5,0,0.08898107443325412
6354,5,0,0.10166568139329515
6355,2,0,0.080988236776136
6356,2,1,0.4423621909759933
6357,1,0,0.09296272024312205
6358,3,1,0.4997471341462173
6359,2,1,0.8083931910019184
6360,2,0,0.19217901182891273
6361,4,0,0.119312534206065
6362,1,1,0.14270451022352487
6363,3,1,0.39301944369010855
6364,2,0,0.1371651133143397
6365,5,0,0.12063855682003967
6366,1,0,0.1349537760484966
6367,4,0,0.1779565187014835
6368,3,0,0.09486876426937392
6369,5,1,0.4038442136354289
6370,5,0,0.2370865809323151
6371,4,0,0.19912883924451938
6372,1,0,0.15663896183935386
6373,3,0,0.06789319735878951
6374,4,0,0.09126715357563109
6375,5,0,0.1332110830240858
6376,4,0,0.20531274786543502
6377,2,0,0.10534248436206715
6378,5,0,0.10459831037384135
6379,1,0,0.1086493258029423
6380,3,0,0.07207536582532102
6381,3,0,0.22173244232865974
6382,4,0,0.3505414439994478
6383,1,1,0.1517310680149406
6384,1,0,0.05937469779448423
6385,5,0,0.13373522371900395
6386,1,0,0.13180375005020042
6387,4,1,0.18473926762072856
6388,2,0,0.10713405596741826
6389,5,0,0.13018477938247203
6390,3,0,0.08446656218978549
6391,2,0,0.14072911629824408
6392,3,0,0.11045680877272827
6393,5,0,0.0977796355820475
6394,3,1,0.3340868731442536
6395,3,0,0.438982638403323
6396,3,0,0.17556867529000766
6397,1,0,0.14396750059844193
6398,5,0,0.028797453025089695
6399,3,0,0.04833444056545964
6400,5,0,0.09821688470487146
6401,1,0,0.17109126860869872
6402,5,1,0.31618893646153035
6403,1,0,0.5401575452284628
6404,5,0,0.08646190671606652
6405,2,0,0.33957849442416516
6406,4,0,0.19639065458414784
6407,2,0,0.1793154901427926
6408,4,0,0.07780650285921475
6409,5,0,0.16205193614200103
6410,5,0,0.15044244122858846
6411,4,0,0.1679928474306434
6412,5,1,0.49686599893468936
6413,2,1,0.15449456062668246
6414,3,1,0.8453905371623018
6415,4,0,0.12375513260287367
6416,4,1,0.22754635993495753
6417,3,0,0.11519772821137972
6418,1,1,0.7606709659380793
6419,3,0,0.10175533817235623
6420,5,0,0.13999074339881126
6421,3,0,0.04904844354372469
6422,2,0,0.1415828191442984
6423,5,0,0.10016146165007113
6424,2,1,0.1512401422307774
6425,2,0,0.14306203593300454
6426,4,0,0.09039642801040916
6427,4,1,0.23485639476346115
6428,1,1,0.18165884689074344
6429,1,0,0.1337727087233785
6430,3,0,0.09909881678654488
6431,4,0,0.7221475572274472
6432,5,0,0.07332939622237147
6433,1,1,0.42747090918917824
6434,1,0,0.10144553601926445
6435,4,0,0.23254420536084078
6436,1,0,0.10354912389454668
6437,2,0,0.08597679871610235
6438,5,0,0.1260236272906404
6439,4,0,0.09668960025529284
6440,1,0,0.19169788122547474
6441,2,0,0.09865750629189558
6442,1,0,0.1570817444743121
6443,1,0,0.10921391581507203
6444,4,0,0.1547264375447404
6445,2,0,0.06557845902638215
6446,3,1,0.14838055812610507
6447,2,0,0.32698466882183613
6448,4,0,0.144924982847086
6449,3,0,0.10644585582296327
6450,2,0,0.5880347527207177
6451,1,1,0.12441895156388354
6452,2,0,0.13594083865916695
6453,2,0,0.0939823056067355
6454,1,0,0.14389985619941106
6455,4,0,0.12751229924507781
6456,5,0,0.07254738965538232
6457,2,0,0.10718488110217768
6458,1,0,0.10768634140352246
6459,2,1,0.16947128644837922
6460,4,0,0.1249752135082751
6461,5,0,0.24045224866795972
6462,2,0,0.07878513222103299
6463,2,1,0.8478443664723647
6464,2,1,0.7588837580955013
6465,4,0,0.18153229926385683
6466,4,0,0.14118887357172458
6467,4,0,0.11493752006204477
6468,5,0,0.15376607148361313
6469,4,1,0.6196605544608594
6470,5,1,0.7102160991999081
6471,4,0,0.34593306852526784
6472,4,0,0.14296568037268723
6473,5,0,0.24691796760692822
6474,2,0,0.18862242254697706
6475,3,1,0.21991453626928106
6476,5,0,0.22203193935874846
6477,2,0,0.2986069422351887
6478,5,0,0.07298568209000077
6479,4,0,0.15943064905991577
6480,4,0,0.08404600093084881
6481,5,0,0.1201687022308394
6482,5,1,0.10443166823261374
6483,5,0,0.12476865064818815
6484,1,0,0.09143626302576044
6485,4,0,0.13756956272977308
6486,5,0,0.08872226018879219
6487,2,0,0.2095852439463275
6488,1,0,0.13201981094196533
6489,5,0,0.10369932853341916
6490,1,0,0.1480942154959564
6491,3,0,0.12635326071016487
6492,5,0,0.1155034586696909
6493,3,0,0.10664664597136053
6494,2,0,0.11909640315571147
6495,2,0,0.08773202451244569
6496,2,1,0.13245802102014723
6497,4,0,0.0693633848134183
6498,4,0,0.10827001667473825
6499,4,0,0.1723614108649964
6500,4,0,0.1162598760710142
6501,3,0,0.3815968435010828
6502,5,0,0.03436439601254414
6503,4,0,0.12727352048138324
6504,2,0,0.0879508086251372
6505,3,0,0.14196501123637278
6506,3,0,0.3667375040699874
6507,1,0,0.038425975684701234
6508,4,0,0.4879860593434383
6509,5,1,0.13349705934453598
6510,3,1,0.5367661621561097
6511,3,1,0.34222519004173907
6512,4,0,0.16754135707326165
6513,4,0,0.2590577021165181
6514,3,0,0.28471164879117433
6515,3,1,0.2273654228027442
6516,3,0,0.34747356999669227
6517,1,0,0.23375588295158944
6518,3,0,0.12258779788542727
6519,3,0,0.28849784173319837
6520,3,0,0.22168469200058588
6521,5,0,0.28690707853186476
6522,5,1,0.3235210286243935
6523,4,0,0.13947855958807742
6524,4,0,0.09259041358181602
6525,2,0,0.3123071278248177
6526,4,0,0.2038800713755636
6527,3,0,0.1566933296772036
6528,5,1,0.13562639306456936
6529,1,1,0.42864339288994185
6530,4,0,0.13284922208182356
6531,5,0,0.3741121729167333
6532,4,0,0.14690619230312285
6533,3,0,0.23117065521297042
6534,1,1,0.12603026976378387
6535,1,1,0.7436596731961738
6536,2,0,0.15808723382861167
6537,1,0,0.13000554036925668
6538,2,0,0.23890417105406772
6539,5,0,0.09949597902427507
6540,4,0,0.3273061235921231
6541,5,0,0.22528488949894934
6542,4,0,0.11825693645396664
6543,5,0,0.09539964354869827
6544,2,0,0.5709143674426173
6545,2,1,0.3065289547381803
6546,2,1,0.6880250392529562
6547,3,0,0.13243002178696955
6548,1,1,0.7272443357948505
6549,4,0,0.2197039916235458
6550,1,0,0.04829132939057218
6551,5,1,0.125559396283205
6552,5,0,0.12741688029992404
6553,2,0,0.11694066398286317
6554,4,1,0.6600896567187147
6555,1,1,0.5976539930163092
6556,2,0,0.3144111200984434
6557,3,0,0.09852054273268858
6558,4,0,0.08926466740923937
6559,3,0,0.09546908822505222
6560,3,0,0.11269742426276548
6561,2,0,0.13507465921271314
6562,1,0,0.18785598791138244
6563,4,1,0.7550117270116923
6564,4,1,0.09772725627024369
6565,3,0,0.13121621220618834
6566,5,1,0.4054736305144588
6567,2,0,0.30521095065107423
6568,3,0,0.24136210972748937
6569,1,1,0.15237743157432493
6570,3,0,0.14631634391294918
6571,1,1,0.09279942038675502
6572,1,0,0.1641286354572724
6573,3,0,0.1340317265730939
6574,3,0,0.12617055530013205
6575,4,0,0.12746956248272037
6576,3,0,0.3851862078027171
6577,1,0,0.1871646641383313
6578,4,0,0.09113327800933897
6579,1,1,0.10762050510882208
6580,5,0,0.28130039869151197
6581,4,0,0.11520642871118177
6582,5,1,0.8713947457070614
6583,4,0,0.12552850494449339
6584,2,0,0.1253331237384643
6585,3,0,0.14017880852646827
6586,2,1,0.6002166048053521
6587,3,0,0.7989412695866157
6588,3,0,0.11405288825862757
6589,5,0,0.07954815328236427
6590,5,1,0.13039337019400174
6591,5,0,0.06687298228047225
6592,5,0,0.0920192531810455
6593,4,0,0.07472241773240045
6594,5,1,0.12532686080871847
6595,5,0,0.1154220856865984
6596,4,1,0.16161202425517598
6597,4,0,0.11686991275785993
6598,1,0,0.21443941567738883
6599,4,0,0.09804427064235306
6600,5,0,0.09971483287280324
6601,4,0,0.2755951309335991
6602,5,0,0.3393600173853064
6603,3,0,0.11710087225739693
6604,1,1,0.15707526865554072
6605,5,0,0.09957462112007207
6606,3,0,0.1160360469935154
6607,3,1,0.2903600744265959
6608,1,0,0.08073488352406916
6609,2,0,0.07481724771739125
6610,1,1,0.5809951844627507
6611,3,0,0.10088182227941929
6612,3,0,0.08925487914000103
6613,2,0,0.1493494301544312
6614,2,0,0.30030328463649236
6615,4,0,0.1440958756490152
6616,5,0,0.19691858552484628
6617,5,0,0.10537052406764363
6618,1,0,0.1636788907817735
6619,4,0,0.09298749605469393
6620,3,0,0.055046283007056364
6621,2,0,0.29549706381535873
6622,2,0,0.10952323726938655
6623,1,0,0.3811834836756455
6624,5,0,0.1175786923362087
6625,3,0,0.13499900997882397
6626,1,0,0.10784780628766778
6627,3,0,0.13695096555053868
6628,4,0,0.16262741527659164
6629,5,0,0.36863381719289284
6630,4,0,0.15402155808260215
6631,1,1,0.17612461712983762
6632,1,1,0.1319439101167866
6633,4,0,0.2977575571195008
6634,2,0,0.14717351695355596
6635,3,1,0.584489194191679
6636,4,0,0.09759738272068805
6637,4,1,0.6716992559721254
6638,1,0,0.12448027192594317
6639,5,0,0.4151173100555297
6640,1,0,0.10295187462982613
6641,5,0,0.04514998426823788
6642,3,1,0.6352228461195574
6643,3,0,0.10673956138724335
6644,1,0,0.22635443307031952
6645,3,1,0.35992970156155285
6646,2,0,0.20300022813794252
6647,2,0,0.05857448193815073
6648,3,1,0.7456892743376768
6649,1,0,0.13479841676375168
6650,5,0,0.11620491069103335
6651,1,0,0.10514515780346148
6652,3,0,0.13125490902759773
6653,2,0,0.17433592006901855
6654,2,0,0.21899624559233177
6655,2,0,0.045838362598886746
6656,5,0,0.11192027098878278
6657,5,0,0.11983196093719814
6658,1,1,0.7511446287228685
6659,4,0,0.6628679079331026
6660,3,0,0.12721147956676987
6661,2,1,0.1339244077485812
6662,5,0,0.33274663946807553
6663,5,0,0.3558634129284289
6664,1,0,0.2178758307755135
6665,4,0,0.1993560463775436
6666,2,1,0.1297578009194384
6667,5,0,0.13307195504178035
6668,1,0,0.07615811386215494
6669,3,0,0.07713220643277997
6670,3,0,0.18404656675552888
6671,2,0,0.1659842805369165
6672,4,1,0.7097098186243562
6673,5,0,0.09758264963062152
6674,3,0,0.5010746155880127
6675,2,0,0.24105542655376205
6676,2,0,0.1438003205942663
6677,4,0,0.07929252474544236
6678,1,0,0.045923725533972705
6679,4,1,0.6260788038796312
6680,1,0,0.13359011553709338
6681,4,0,0.09091478034757114
6682,5,0,0.37499015230271887
6683,3,0,0.22823933597727578
6684,4,0,0.08299928488494562
6685,5,1,0.5504285964812936
6686,2,0,0.0781047409014644
6687,3,0,0.046236310440514045
6688,2,0,0.1692066376278038
6689,3,0,0.1168215926878774
6690,3,0,0.21730332025535867
6691,5,0,0.13874114334279866
6692,5,0,0.3546278406354264
6693,1,1,0.1304507563213518
6694,1,0,0.1728551767377388
6695,2,0,0.13369674235105605
6696,2,0,0.11716971351847418
6697,2,0,0.19836221784863983
6698,5,1,0.11278319832160959
6699,3,0,0.10743842497118679
6700,3,0,0.08741378246474264
6701,1,0,0.3227260600852674
6702,2,0,0.10056040396230387
6703,4,0,0.08765279735311962
6704,5,1,0.8411367094453357
6705,5,0,0.16481584684540787
6706,1,0,0.07000925918144037
6707,1,0,0.13950467961052648
6708,5,0,0.07252794372193695
6709,1,0,0.06869096545174297
6710,3,0,0.1773953335816863
6711,4,0,0.07543625854043229
6712,1,0,0.24120749295324498
6713,3,0,0.05075104713047204
6714,4,1,0.8423288339619943
6715,4,0,0.258369687704569
6716,3,0,0.18980232051339171
6717,5,1,0.26936041547664974
6718,3,0,0.2305580129552055
6719,1,0,0.07306475660051164
6720,4,0,0.0894669681119402
6721,4,1,0.16522424244835718
6722,4,0,0.5315861589912644
6723,4,0,0.14537809580341057
6724,1,1,0.6011553869905045
6725,5,0,0.12065153502188158
6726,3,0,0.24988941997080583
6727,1,0,0.17445020626063415
6728,2,0,0.10670657012986286
6729,1,0,0.143177851095407
6730,5,1,0.3401528569745216
6731,2,0,0.054634491591927424
6732,3,0,0.30672084355945206
6733,5,1,0.3171105466995779
6734,1,0,0.12270205951130624
6735,5,0,0.11766575709168331
6736,5,0,0.4124107011725998
6737,3,0,0.1281659520351354
6738,5,1,0.08370536297357889
6739,3,0,0.11673954672233697
6740,4,0,0.1362604865535986
6741,1,0,0.24811671286376819
6742,5,0,0.18955598727672857
6743,3,0,0.1218151598133972
6744,1,1,0.1139875667170542
6745,5,1,0.846404009986384
6746,2,0,0.059554697260547844
6747,5,0,0.2123857981464316
6748,5,1,0.7788744654165956
6749,5,0,0.2089461760909634
6750,2,1,0.17713025631922713
6751,1,1,0.7748622644615599
6752,4,0,0.1604450325005327
6753,2,0,0.2068312459483193
6754,2,0,0.24847459426057072
6755,3,0,0.09251493969554753
6756,4,0,0.10132884007910134
6757,5,1,0.6537814559788006
6758,5,0,0.11864764115826186
6759,2,0,0.12738016180905448
6760,5,0,0.12156096959971724
6761,5,0,0.06917060013962384
6762,4,1,0.6969114332657761
6763,1,0,0.15617449821934024
6764,2,0,0.11415719168543054
6765,4,0,0.13270501089272438
6766,3,0,0.10426843906271265
6767,1,0,0.10226646280512916
6768,3,0,0.12321781610059546
6769,3,1,0.2656934825431206
6770,4,1,0.8882973997207751
6771,4,1,0.36910871628444486
6772,2,1,0.32473293763209715
6773,5,1,0.1307029116729869
6774,1,0,0.11798873276014052
6775,4,0,0.15491968800011313
6776,1,0,0.14421906555769215
6777,5,0,0.2348703552314185
6778,1,0,0.11086083738865395
6779,4,1,0.2672226217694607
6780,1,1,0.12227187705206752
6781,4,0,0.13584740871705617
6782,5,0,0.5050446641302295
6783,5,1,0.14746837324662707
6784,1,1,0.15202232579550312
6785,5,0,0.05799223794878793
6786,3,0,0.17974723764435313
6787,2,0,0.14852318930035727
6788,1,0,0.10405569053579058
6789,3,0,0.07814898050327322
6790,3,0,0.10757476192433864
6791,4,0,0.11487143391333017
6792,1,1,0.46986735629668286
6793,5,1,0.7701925942782764
6794,5,0,0.16348510386618875
6795,3,0,0.07894552473207991
6796,3,0,0.10497562844512581
6797,5,0,0.08736138516046335
6798,3,0,0.1187699756371006
6799,4,0,0.12949983786798688
6800,2,0,0.07260144823149066
6801,4,0,0.14838563204986163
6802,4,0,0.12802444623763082
6803,1,0,0.07270773528095294
6804,3,0,0.1731774613920041
6805,5,0,0.13105660059397192
6806,5,0,0.0827041104378914
6807,4,0,0.3347198651512265
6808,4,1,0.2103792291862754
6809,4,0,0.13305477666295498
6810,3,0,0.14986031637914501
6811,1,0,0.11496256900452358
6812,5,0,0.15129689572427663
6813,2,0,0.21867128606024228
6814,1,0,0.3008318892363206
6815,2,0,0.37688631212412266
6816,3,1,0.13842818696707143
6817,2,0,0.17977853119662623
6818,1,0,0.21643300763210685
6819,3,0,0.45913091597167016
6820,5,0,0.30677358617313677
6821,2,0,0.12776335852668644
6822,4,0,0.09858464831379807
6823,3,0,0.24228173741010206
6824,1,0,0.159117075833218
6825,3,1,0.16468449710087177
6826,1,0,0.06877245464757505
6827,2,1,0.7194486722580932
6828,5,0,0.14165035654199443
6829,5,0,0.1565593681463434
6830,1,0,0.10758830440114499
6831,3,0,0.042289245385368636
6832,4,0,0.09251896436294425
6833,4,0,0.16198069405633705
6834,5,0,0.04709297391733417
6835,5,1,0.30880435799364786
6836,4,0,0.12171216058519167
6837,1,1,0.30701968655535516
6838,1,0,0.10232996750014715
6839,2,0,0.2862534115216813
6840,5,0,0.14228251189379873
6841,2,0,0.10425084792391352
6842,2,0,0.12547313990641273
6843,5,0,0.1610199896480935
6844,2,0,0.10032573026529741
6845,4,0,0.3833392340884888
6846,5,1,0.8331785183106398
6847,5,1,0.7881108224493218
6848,5,0,0.07565876419083013
6849,2,0,0.18681533013460094
6850,2,0,0.15266696725403173
6851,3,0,0.14178640379362542
6852,2,0,0.07419164200273419
6853,2,0,0.05939031129753798
6854,1,0,0.06755429139694308
6855,5,0,0.2169951028142018
6856,5,0,0.15031656823757866
6857,2,0,0.143490654095466
6858,1,1,0.29128146767227475
6859,2,0,0.301996568672823
6860,1,0,0.14279108583421177
6861,1,0,0.1144768191190679
6862,1,1,0.8191573885944693
6863,5,0,0.03586641504638995
6864,5,0,0.22411970782808308
6865,1,0,0.08579116279252096
6866,2,0,0.07021178594788223
6867,2,1,0.8575093947846827
6868,1,0,0.1292305961419519
6869,1,0,0.1553119817171027
6870,2,0,0.1933792250703495
6871,4,1,0.3246198615069315
6872,4,0,0.12640494046429232
6873,3,0,0.09464539704147128
6874,4,1,0.0784705364309172
6875,4,1,0.8265880045307028
6876,5,1,0.1451829829373119
6877,3,0,0.22730305685809823
6878,4,0,0.26325483904973584
6879,4,0,0.20724819847965104
6880,2,0,0.47211027368828135
6881,4,1,0.6515084723209256
6882,4,1,0.3503002999192044
6883,4,0,0.5633271160333999
6884,1,0,0.07834897331996013
6885,4,0,0.09383688440831267
6886,1,0,0.23017559207937918
6887,5,0,0.11488623135578059
6888,5,0,0.24344637402434874
6889,5,0,0.11472187245020532
6890,5,0,0.12925356765058832
6891,3,0,0.0845972206473388
6892,5,1,0.2789243517827006
6893,5,0,0.08524594338417103
6894,2,1,0.2633827524746401
6895,5,1,0.06389947225164147
6896,2,1,0.2525679009762534
6897,3,0,0.10975638554001828
6898,5,0,0.1278831583285438
6899,1,0,0.12022875473677518
6900,1,0,0.15729737293745985
6901,2,0,0.06997240687874151
6902,5,0,0.17000450672234285
6903,2,1,0.21819595913350687
6904,4,0,0.12570791403860052
6905,3,1,0.8360807659785977
6906,3,1,0.3072725598618225
6907,1,0,0.25207396784477004
6908,1,0,0.3394567259042216
6909,4,1,0.8627492987860026
6910,4,0,0.3271432916957133
6911,3,1,0.10739949352543655
6912,1,0,0.14821255657433877
6913,5,0,0.40511154969446445
6914,5,0,0.11272555820565676
6915,1,0,0.1271998309953779
6916,4,0,0.4745915069944892
6917,3,1,0.20099148498270253
6918,1,0,0.12537138266776718
6919,3,0,0.09338852472681546
6920,1,0,0.09456980992504413
6921,2,1,0.28556745935221395
6922,5,0,0.16383352742194163
6923,4,1,0.15455535321391772
6924,1,0,0.09891189087109971
6925,2,1,0.5864991043034185
6926,2,1,0.1175663598144569
6927,3,1,0.23685647117544542
6928,2,0,0.14209714660189685
6929,1,0,0.14444262357406767
6930,4,0,0.13081077206555344
6931,3,0,0.12400171338890265
6932,3,0,0.10349625259871546
6933,2,0,0.08736062774029907
6934,3,1,0.6843690360809815
6935,4,1,0.11273961660935371
6936,5,1,0.4585632877328772
6937,5,1,0.15632499440158265
6938,3,0,0.15843006782181882
6939,2,0,0.07318624465724713
6940,5,0,0.05724672609209873
6941,5,0,0.11983180643377127
6942,1,0,0.0908956471956691
6943,3,0,0.31306989034043453
6944,3,0,0.16262709212086673
6945,2,0,0.1803076994819477
6946,2,0,0.12170407063066008
6947,4,1,0.13991762456881843
6948,4,1,0.11179225291648355
6949,1,0,0.26172784399291127
6950,1,0,0.2885814305016778
6951,5,0,0.4454195623101501
6952,5,0,0.2419001533851424
6953,5,0,0.05698994054023204
6954,5,0,0.11206260060942409
6955,3,0,0.13281374184475409
6956,3,0,0.06443475847714056
6957,4,0,0.06831900217641358
6958,2,0,0.12555746838340953
6959,3,1,0.5612209399751324
6960,2,0,0.07806635715057272
6961,2,0,0.12259327864492997
6962,4,0,0.14422557337595107
6963,3,0,0.1266482448992715
6964,2,0,0.14366983454757634
6965,5,0,0.12104091865542149
6966,2,0,0.11454257868308418
6967,1,0,0.11079107971718208
6968,4,0,0.08310377441672527
6969,3,0,0.24573772387675627
6970,3,0,0.0839765968288735
6971,5,0,0.09842769753625132
6972,1,1,0.14800741570611875
6973,5,0,0.3125152859995274
6974,4,0,0.6398675006024217
6975,3,0,0.06571464915334249
6976,5,0,0.15996027731589532
6977,1,0,0.08765755692013466
6978,3,1,0.22486033317585705
6979,2,1,0.11225761843914062
6980,2,0,0.19580807813493167
6981,2,0,0.12250665891092036
6982,5,0,0.12887303077983686
6983,3,1,0.6383481420145962
6984,3,0,0.05742167576774997
6985,3,0,0.11236548659612197
6986,3,1,0.1767672500477077
6987,5,0,0.09302864021527676
6988,5,0,0.18679776434672232
6989,5,0,0.07900328035695105
6990,2,0,0.12876497758157962
6991,1,0,0.15654762200921366
6992,3,0,0.10376420167700938
6993,3,0,0.1372230396171069
6994,4,0,0.18996282000413242
6995,2,0,0.060758547972166045
6996,2,0,0.1352915490182107
6997,5,0,0.13915001489442572
6998,1,1,0.7376341099591127
6999,4,0,0.03405486818210955
7000,4,0,0.14808344355824304
7001,1,0,0.09428162443083951
7002,4,0,0.18025520524302355
7003,2,0,0.13907200032763536
7004,1,0,0.1051395832574441
7005,4,1,0.1754823298453698
7006,1,0,0.16128219952374706
7007,1,0,0.058918300094202125
7008,2,0,0.12962883088521762
7009,5,0,0.10589069654625739
7010,4,0,0.0813309839140972
7011,5,0,0.14991480988254222
7012,1,0,0.13924481807638744
7013,5,0,0.23942709213460128
7014,3,1,0.5324628707068332
7015,3,0,0.09411864230654092
7016,5,0,0.23975685996162388
7017,1,1,0.6130717519221139
7018,3,1,0.07384395913211339
7019,3,0,0.16561616441325516
7020,5,1,0.21134795099709017
7021,5,0,0.17968159731818392
7022,3,1,0.8355735181605796
7023,2,0,0.15515107640321185
7024,3,0,0.2675119897472615
7025,3,0,0.13513473995918956
7026,4,0,0.1397910923486401
7027,2,1,0.384250613078518
7028,1,0,0.19824067502856754
7029,2,0,0.14700462593382774
7030,3,0,0.13016612566946098
7031,3,1,0.8034324135853418
7032,3,0,0.39671275036860343
7033,2,0,0.14438281013633136
7034,4,0,0.7829785779855932
7035,3,0,0.13395161290634477
7036,1,0,0.38056592228839514
7037,2,0,0.1077208684658105
7038,5,0,0.1338933171041025
7039,1,1,0.8113561958236781
7040,1,0,0.15067420855851538
7041,4,0,0.05329996351552708
7042,4,0,0.4940458470669494
7043,3,0,0.1331168837009069
7044,3,0,0.10830593550550545
7045,4,1,0.5796682345304746
7046,4,1,0.7566822130456268
7047,5,0,0.19760599939140472
7048,3,1,0.1439176077432264
7049,2,1,0.34137240035318445
7050,5,0,0.1815911951981803
7051,2,0,0.0896283418017912
7052,3,1,0.13551461480008561
7053,3,1,0.34787299242346237
7054,4,0,0.11943112854250504
7055,2,0,0.050172577511853486
7056,5,1,0.5408922019405209
7057,2,0,0.07270546978147308
7058,5,0,0.22704095181886128
7059,4,0,0.06287923341613015
7060,5,0,0.09264506053140036
7061,2,0,0.07814739431040413
7062,4,1,0.2811686134181646
7063,2,0,0.0188498675814231
7064,1,0,0.09330766060950023
7065,4,0,0.1423993640486979
7066,3,0,0.08384789677127867
7067,2,1,0.5984575249769031
7068,3,1,0.614869686199839
7069,1,0,0.11161398811148805
7070,5,0,0.1275036668223873
7071,1,0,0.08657544685093393
7072,2,0,0.038260455038864376
7073,3,1,0.33380701013629316
7074,5,0,0.09463799859031
7075,2,1,0.1291284100390528
7076,3,0,0.06805948621460321
7077,5,1,0.7917222429529405
7078,1,0,0.1606521701959511
7079,1,1,0.4786630133456871
7080,5,0,0.07569676969697205
7081,4,0,0.12094528044573824
7082,4,0,0.04472964741489868
7083,5,0,0.16289070333073555
7084,3,0,0.5795172854402624
7085,4,0,0.06354869861866297
7086,2,0,0.11117523628591318
7087,3,1,0.8139905889312445
7088,1,0,0.40800979299644213
7089,1,0,0.08479905391034294
7090,1,0,0.11100120958363639
7091,5,0,0.1545009915312771
7092,1,1,0.8514368212260209
7093,4,0,0.07280320255292992
7094,2,1,0.13541639868413988
7095,5,0,0.07950809374298091
7096,4,1,0.13850466507596174
7097,3,1,0.33862020911762136
7098,1,1,0.7663564407816195
7099,1,0,0.25681531649350847
7100,5,0,0.10263942943716794
7101,2,0,0.25784573090739277
7102,2,0,0.36366712637100396
7103,3,0,0.19075968904630314
7104,2,1,0.5074690667655195
7105,5,0,0.0948745382602871
7106,4,1,0.1983935668152571
7107,1,1,0.29090447454136154
7108,4,0,0.10184512283677367
7109,5,0,0.2699565593489408
7110,4,0,0.3757678840287044
7111,4,1,0.860891997812301
7112,5,0,0.11248176787328115
7113,5,0,0.0793920908389303
7114,2,0,0.09429172861051195
7115,3,0,0.2569812512502307
7116,5,0,0.21654121887974395
7117,3,1,0.8401429725066561
7118,1,0,0.10897864588106121
7119,2,0,0.035079019262838435
7120,3,0,0.16994662697499868
7121,5,0,0.14272386172717674
7122,1,1,0.14530101806520293
7123,3,0,0.33914360006779054
7124,3,0,0.16534608930918604
7125,3,1,0.19391270082410988
7126,4,0,0.34430925518708094
7127,2,0,0.6270993022332242
7128,3,0,0.06330922326908195
7129,4,0,0.11690525279744975
7130,5,0,0.14794643534135518
7131,5,1,0.22285310520307025
7132,1,0,0.14549808828762334
7133,1,0,0.17607782033581473
7134,3,0,0.2126296237060659
7135,1,0,0.13192770371348916
7136,3,1,0.8881331064758456
7137,2,0,0.1296915385333541
7138,4,0,0.08063481669843245
7139,5,1,0.8007922773323486
7140,5,1,0.5665471183396018
7141,2,0,0.05029942843461036
7142,1,0,0.12032759728476503
7143,4,0,0.1590907077628049
7144,4,0,0.11585495697528009
7145,3,0,0.08269270206740223
7146,2,0,0.08799337530137079
7147,2,0,0.19365088480486492
7148,4,0,0.10223180451580738
7149,2,0,0.1015637668090256
7150,1,1,0.5330612772270209
7151,3,0,0.08385470502263587
7152,3,0,0.12587815638766228
7153,2,0,0.205516608189999
7154,3,0,0.12353100967669534
7155,4,0,0.14558049872792445
7156,1,0,0.11918941838705915
7157,1,0,0.09820429044175066
7158,1,0,0.26676723048783746
7159,1,1,0.3760071910370591
7160,4,0,0.3621749487912711
7161,4,0,0.13712296390930673
7162,5,1,0.6985077957752498
7163,3,0,0.07137467751973026
7164,4,0,0.5909796873937543
7165,2,0,0.14659728900839358
7166,3,1,0.5498654055910155
7167,1,0,0.0913509444068956
7168,1,0,0.8137123080511662
7169,5,0,0.1026147070724295
7170,1,0,0.1278047577915351
7171,1,1,0.11057499459347674
7172,5,1,0.8811749167845554
7173,4,0,0.25960456275771365
7174,5,0,0.1636647536339693
7175,1,0,0.226128811375617
7176,4,0,0.31090889327424576
7177,5,0,0.4629436617920323
7178,1,0,0.04496472092719494
7179,1,0,0.16586275332173422
7180,4,0,0.2636321272105956
7181,4,0,0.15097296610802866
7182,3,0,0.1385551078383484
7183,2,1,0.3579748682979544
7184,1,0,0.1096895044004334
7185,2,0,0.21835207147448152
7186,5,1,0.5862978590618512
7187,4,0,0.1308633751409339
7188,1,0,0.0541218728171853
7189,2,0,0.1366914796383723
7190,1,0,0.11384836774537187
7191,1,0,0.05797860788037359
7192,4,1,0.19986979651933026
7193,5,0,0.1137048163172248
7194,5,0,0.10520896912519752
7195,1,0,0.12312485195920155
7196,2,0,0.7276839102750113
7197,1,0,0.26724712581999527
7198,4,0,0.10797283775247406
7199,3,0,0.08865372045159496
7200,4,0,0.06347439136257788
7201,1,0,0.12048308954148473
7202,1,0,0.14022485929762885
7203,1,0,0.12278141688953906
7204,2,0,0.14089241328657176
7205,5,0,0.2187617229574151
7206,2,0,0.03355446108332715
7207,5,0,0.11169274107717321
7208,3,0,0.23306284562918372
7209,2,1,0.7347506263993427
7210,1,0,0.12311426106988897
7211,1,1,0.20902378311218944
7212,5,0,0.5254958417814375
7213,3,1,0.3394447828690716
7214,1,0,0.07870615566857463
7215,2,0,0.108267863446231
7216,1,0,0.07887131200065282
7217,1,0,0.05733273440596812
7218,1,1,0.21465350808602837
7219,1,0,0.4575535138857905
7220,2,0,0.07106156172768648
7221,4,1,0.13856910756260116
7222,4,1,0.37392684253904174
7223,1,0,0.13297868597455328
7224,2,1,0.1752671087070407
7225,5,0,0.13615144781375146
7226,1,0,0.1853094561678086
7227,5,0,0.6658749593776215
7228,3,0,0.17393966094601546
7229,1,0,0.11824040570790763
7230,2,0,0.06439533440681368
7231,5,0,0.21546492830192712
7232,2,0,0.21254745548167994
7233,3,0,0.2018817597206587
7234,1,1,0.3958342355248549
7235,3,1,0.21354240992331844
7236,5,0,0.13482630350498012
7237,1,0,0.1782947850020444
7238,3,0,0.08639715218468474
7239,1,0,0.138922582549896
7240,2,1,0.6770453590781135
7241,3,0,0.11520876985890313
7242,5,0,0.15918863285573434
7243,4,1,0.3022049771420256
7244,5,0,0.1207914339470964
7245,1,0,0.05243317508855848
7246,2,0,0.36869594471647865
7247,1,0,0.37668391244118327
7248,3,1,0.2668092020682684
7249,4,0,0.17814448498026722
7250,5,0,0.10885587241859944
7251,4,0,0.07170229108665094
7252,5,1,0.8240097489335952
7253,5,1,0.32483522074421356
7254,2,1,0.2614068648283236
7255,5,0,0.10471218833239511
7256,4,0,0.20359904719081992
7257,1,1,0.1094726296946824
7258,4,0,0.05399050384194431
7259,1,0,0.2696014085589537
7260,5,0,0.059403049533214326
7261,4,0,0.10307982701961599
7262,2,0,0.09262697830347187
7263,5,0,0.16646313910142094
7264,1,0,0.1612573943310423
7265,5,0,0.5199366390299867
7266,4,0,0.16246153725644172
7267,1,0,0.1910943281319728
7268,5,0,0.08175425702610645
7269,1,0,0.16546042781340545
7270,3,0,0.08932272488103866
7271,2,1,0.8236631413901275
7272,1,1,0.19841945204573436
7273,5,1,0.729347406667163
7274,1,0,0.07711143551478505
7275,5,1,0.5833391485917778
7276,5,0,0.08580514115123795
7277,3,0,0.13562655611676935
7278,5,0,0.1015686308806481
7279,2,0,0.10094090573692155
7280,1,0,0.12439712590902452
7281,3,0,0.13756517595181475
7282,4,1,0.10586268965180419
7283,4,0,0.1545178981445325
7284,2,1,0.08688229247691842
7285,1,1,0.12764780045008303
7286,4,0,0.5717250712938846
7287,5,0,0.12170711446540475
7288,5,0,0.1484437639465618
7289,2,0,0.11487285524090333
7290,4,0,0.16578642061327403
7291,1,0,0.07901789238280457
7292,5,1,0.2443270970000919
7293,5,0,0.552560534014904
7294,5,1,0.30077016546349244
7295,3,0,0.5869534161975611
7296,2,0,0.08014228259874177
7297,1,0,0.1388520342925934
7298,5,0,0.046997094009458736
7299,3,0,0.2173745680660425
7300,4,0,0.20214075786868752
7301,2,1,0.046538451114516086
7302,5,0,0.4001162687709318
7303,1,0,0.1506178304508734
7304,4,0,0.15052910583977963
7305,2,0,0.12722266937035884
7306,3,0,0.10199179520552469
7307,3,0,0.6700660174443028
7308,1,1,0.551753119847251
7309,2,0,0.10769021404550415
7310,5,0,0.09835292814173026
7311,3,0,0.08123781140321663
7312,4,0,0.14062955063839075
7313,5,0,0.43050420934187983
7314,1,0,0.10163099432356386
7315,1,0,0.09173542083997435
7316,3,1,0.654094753483269
7317,2,1,0.9115224866088903
7318,1,0,0.11909983441104731
7319,4,0,0.1372286010085707
7320,3,0,0.046598518802887866
7321,5,0,0.259551387161355
7322,3,0,0.04126295264854307
7323,5,0,0.16127834188149826
7324,4,0,0.1180543548798276
7325,1,0,0.10578325288613233
7326,2,0,0.14520273402173442
7327,5,1,0.11228134187332237
7328,4,0,0.1629677795992105
7329,4,0,0.17553461704283088
7330,2,1,0.430274519715829
7331,2,1,0.23395072020479227
7332,5,0,0.0912386468783444
7333,3,0,0.1187284108604782
7334,2,0,0.2870872099040836
7335,2,0,0.13773942458934982
7336,3,0,0.03644264364700232
7337,3,0,0.06611293038985618
7338,2,0,0.10394223167858842
7339,4,0,0.48776670748230455
7340,3,0,0.15218278018671536
7341,4,0,0.11566347934882187
7342,1,0,0.7567213979018323
7343,2,0,0.20034175776239244
7344,2,1,0.1625775418869364
7345,5,0,0.08468285306966832
7346,2,0,0.11816421186423895
7347,1,0,0.10867490408810063
7348,3,0,0.06441639719373374
7349,2,0,0.09342528865920777
7350,5,0,0.17734586341958117
7351,5,0,0.10415503833207437
7352,4,1,0.20631132911067587
7353,1,0,0.23858991552058853
7354,5,1,0.15314357219700644
7355,2,0,0.09151370468192109
7356,2,0,0.07533182837162017
7357,3,0,0.09974267298191392
7358,5,1,0.5962670397639906
7359,2,0,0.08870027872442723
7360,5,0,0.04463873997107551
7361,4,1,0.272004321832938
7362,4,0,0.075117822574941
7363,2,0,0.08569166995546607
7364,5,1,0.08804439693523684
7365,1,1,0.677306274449898
7366,2,0,0.048311753740170986
7367,4,0,0.13449096571722882
7368,2,0,0.0731479726249433
7369,3,0,0.10913315432859684
7370,3,0,0.07007919410121964
7371,1,0,0.19323863329131255
7372,5,0,0.23907407078110926
7373,2,1,0.8166053604083268
7374,2,0,0.19362547890976364
7375,5,0,0.1642799297386342
7376,4,0,0.17441567641168726
7377,1,0,0.07034498186970256
7378,2,0,0.10321423671473798
7379,2,1,0.16951681167958393
7380,3,0,0.15372333688012135
7381,4,0,0.10603385394527842
7382,3,0,0.17166783473176747
7383,2,1,0.16455857776708527
7384,3,0,0.11087763708272606
7385,5,0,0.06927812939074585
7386,3,0,0.1906976820729827
7387,2,0,0.0930624436078203
7388,5,0,0.09581373568004829
7389,2,0,0.44016973330574477
7390,2,0,0.10610808868492928
7391,2,1,0.23725305835658989
7392,1,1,0.770124932192728
7393,1,0,0.19907631647919843
7394,4,1,0.13689352053159834
7395,4,0,0.09813353855661568
7396,2,0,0.07231950871034155
7397,3,1,0.15224021662462833
7398,4,0,0.1829198714473801
7399,5,1,0.5276531867738512
7400,3,0,0.11233412546760714
7401,5,1,0.4245689965908517
7402,3,0,0.1815562056376872
7403,4,0,0.08065385310440319
7404,4,1,0.05510365006774094
7405,5,0,0.10945325647666783
7406,1,0,0.08408396511409703
7407,2,0,0.11816551885488429
7408,1,0,0.1273812802564822
7409,2,0,0.061119019094564964
7410,2,0,0.19586993655313623
7411,2,0,0.060845644717088546
7412,2,0,0.10285941886813452
7413,4,0,0.0976898561781768
7414,5,0,0.07337592565725813
7415,5,0,0.12614234706199187
7416,4,1,0.3542535238185521
7417,5,1,0.24371547129869847
7418,3,0,0.19880265770335984
7419,3,0,0.11413673233814706
7420,1,0,0.07199651294547028
7421,5,0,0.0804151378600593
7422,2,0,0.13677062243450233
7423,2,0,0.10307694311593926
7424,3,0,0.1504149933510227
7425,1,1,0.15613709322476535
7426,5,1,0.18314083029103145
7427,4,0,0.1447064665256816
7428,3,0,0.14816619556294164
7429,1,0,0.32235286084918646
7430,2,0,0.08331738641143152
7431,5,0,0.8129305950159262
7432,2,1,0.5906874333025528
7433,2,0,0.1012497362516943
7434,5,0,0.12736817023679495
7435,3,0,0.08937009197148073
7436,2,1,0.0741300391366963
7437,4,0,0.08204708071320935
7438,2,0,0.12389207042880276
7439,4,0,0.13113298372352358
7440,3,1,0.5515422190759873
7441,2,0,0.1076310945558872
7442,2,0,0.6305210221060082
7443,1,0,0.15021694516518627
7444,2,0,0.1318523748808623
7445,5,1,0.7225915369504926
7446,5,0,0.7224737944411803
7447,5,0,0.15385905884201112
7448,5,0,0.05491188057957283
7449,1,0,0.11720204849254362
7450,5,0,0.09051723397841634
7451,3,0,0.3821248924541221
7452,3,0,0.24298285067002784
7453,2,0,0.09761055447749035
7454,4,0,0.20916759710159127
7455,2,0,0.5287896539137606
7456,5,0,0.3087087335798464
7457,4,0,0.11596728732460519
7458,5,0,0.4346537868524489
7459,2,0,0.057948201707010684
7460,4,0,0.835601780361283
7461,2,0,0.13403856152616997
7462,5,0,0.20338484082591254
7463,2,1,0.11875045804491931
7464,1,1,0.288410977753085
7465,1,0,0.2240423096544419
7466,5,1,0.7147327841397887
7467,2,0,0.17686120049522963
7468,3,0,0.13592907683015878
7469,5,0,0.18063240018219373
7470,3,0,0.09083998007254665
7471,3,0,0.360590065975021
7472,5,0,0.08083982454217126
7473,2,0,0.08554581698179833
7474,4,0,0.2846717935373112
7475,1,0,0.13551938571630803
7476,1,0,0.10455502358229539
7477,1,0,0.151537384248837
7478,5,0,0.08877213649169034
7479,1,0,0.33438699987941783
7480,1,0,0.11555143427931244
7481,1,0,0.2273372593447147
7482,5,0,0.12451518515210805
7483,4,0,0.12536171343435906
7484,2,0,0.10090542250427999
7485,4,0,0.0582533809636991
7486,1,0,0.2416625423112212
7487,3,0,0.0820202197858967
7488,2,0,0.23383989600439326
7489,2,0,0.10373585795179781
7490,5,0,0.08752659787643423
7491,1,0,0.08092137518026478
7492,3,0,0.19812222423398043
7493,2,0,0.22317951108980516
7494,4,0,0.1793715055980369
7495,1,0,0.13957604596638928
7496,4,1,0.17667891480593848
7497,3,1,0.14116196891511154
7498,3,0,0.3931779829605279
7499,4,1,0.8139531769629255
7500,3,0,0.11121923286842765
7501,2,0,0.7323346214032932
7502,3,0,0.37611445041445296
7503,2,0,0.14834473089072925
7504,1,0,0.11679239265381391
7505,3,0,0.357841342936242
7506,4,0,0.3090186609379463
7507,3,1,0.20465500799476194
7508,2,0,0.04882368547956929
7509,4,0,0.08467710689485117
7510,2,0,0.5875545695939496
7511,3,0,0.3529448247554994
7512,1,0,0.16384325487296114
7513,5,0,0.13056827720117067
7514,4,0,0.13224565365210253
7515,2,1,0.7080226345790561
7516,1,0,0.06878148739607154
7517,4,0,0.15182035792791224
7518,1,0,0.12641768768251535
7519,4,0,0.15190798314998966
7520,2,0,0.4556999018060813
7521,4,0,0.12944422845210818
7522,1,0,0.11020040324599956
7523,3,1,0.7263364340699701
7524,4,0,0.06370317634787788
7525,2,0,0.12554432810092242
7526,3,1,0.20333495672388413
7527,2,0,0.14296332879842527
7528,3,0,0.5328229550831143
7529,4,0,0.07931094769264108
7530,3,0,0.28604699931866906
7531,2,1,0.6546502041937324
7532,4,0,0.20149160148865136
7533,5,1,0.660414825911557
7534,4,0,0.1378250549477687
7535,1,0,0.12073204002613115
7536,1,0,0.08981072184599316
7537,4,0,0.12259499608781918
7538,4,0,0.7931387141005658
7539,5,0,0.141957595259972
7540,3,0,0.298190428864117
7541,1,0,0.3075372543680794
7542,4,0,0.09885820787811372
7543,4,0,0.1157633291355615
7544,4,0,0.07966572122401895
7545,2,1,0.07197469302711504
7546,3,1,0.2103087093812562
7547,2,0,0.10425064987455193
7548,3,0,0.06907636183965073
7549,2,0,0.14209347960475321
7550,4,1,0.08150212817102317
7551,5,0,0.18402060431570502
7552,1,0,0.08272467389169992
7553,4,1,0.1220138996804006
7554,3,0,0.12469585868817254
7555,5,0,0.28613004044940976
7556,4,0,0.18896620396987504
7557,2,0,0.3430423222655511
7558,5,0,0.10282082669588913
7559,5,0,0.09505525166560527
7560,1,0,0.15472405277344103
7561,1,0,0.06108337789739395
7562,2,0,0.40216526002228803
7563,5,0,0.07271718999800275
7564,5,0,0.07999920518132836
7565,3,0,0.07823973838857318
7566,5,0,0.125017874360496
7567,5,0,0.13988680389940958
7568,2,0,0.26061659788990243
7569,4,0,0.1482434538658482
7570,5,1,0.27641105705578245
7571,5,1,0.04609558197994377
7572,5,0,0.17530097906363543
7573,5,0,0.10807880266089577
7574,4,0,0.14029420870055462
7575,1,0,0.07068044702541285
7576,5,0,0.11783316421349412
7577,2,0,0.15865706920319952
7578,4,0,0.13948436339927542
7579,4,1,0.8364809522260827
7580,4,0,0.05899307182001732
7581,1,0,0.34744931948539914
7582,3,0,0.16400123853850573
7583,3,0,0.14570170897434595
7584,2,0,0.114668521041576
7585,4,1,0.058195722296015155
7586,2,0,0.16431583993633397
7587,5,1,0.3682871468329747
7588,3,0,0.3265277398395123
7589,2,0,0.30869946292090555
7590,4,0,0.16119326954420896
7591,1,0,0.19643582839517496
7592,4,0,0.09733895231624434
7593,2,0,0.11358862078274642
7594,5,0,0.14067546366723568
7595,3,0,0.059511873270637165
7596,3,0,0.19650992316487711
7597,2,0,0.15336714505375487
7598,3,0,0.07657872527936896
7599,1,0,0.20564739766290427
7600,3,1,0.06661494531239334
7601,3,1,0.6955231413526128
7602,5,0,0.3063317689943221
7603,3,0,0.04964277011390372
7604,3,0,0.1965706572334131
7605,3,1,0.40900844063860486
7606,2,1,0.1681877391839048
7607,4,1,0.363610640585423
7608,3,0,0.15652700648787446
7609,1,0,0.6362375115220182
7610,4,0,0.09843143369474082
7611,2,0,0.09998813319372904
7612,3,1,0.36953387049235753
7613,2,0,0.1378408342663156
7614,1,0,0.15089918858292664
7615,4,0,0.08058645717874278
7616,1,0,0.33026335818748537
7617,2,0,0.11990714576406546
7618,3,0,0.08262435477346874
7619,1,0,0.0992140014593171
7620,4,1,0.09388460238641767
7621,1,0,0.38739916573537647
7622,5,1,0.09998116751761914
7623,1,1,0.6484456369047842
7624,5,0,0.1884766396993372
7625,2,0,0.38129208878626986
7626,2,1,0.21311190365339694
7627,5,0,0.07452858387610439
7628,2,0,0.11616164576750183
7629,5,0,0.11971042043790722
7630,1,0,0.11744605866002249
7631,5,0,0.12556123324892182
7632,3,0,0.08934777915124083
7633,3,1,0.283868752595891
7634,5,0,0.12309823233761585
7635,4,0,0.09345515608563983
7636,4,0,0.12635326614585984
7637,4,0,0.6050512858479608
7638,4,1,0.10552496310481324
7639,5,0,0.15578022483764456
7640,1,0,0.05390797540434487
7641,5,1,0.13630773425035045
7642,1,0,0.08361167056137704
7643,3,0,0.2926523792595491
7644,5,1,0.17662621765527103
7645,5,1,0.505944924479749
7646,4,0,0.14229739422896315
7647,5,0,0.4929551617344513
7648,5,1,0.5647874079135516
7649,3,0,0.12968208562918457
7650,4,0,0.35260738531484537
7651,1,0,0.17364513192462455
7652,3,0,0.1851399921656704
7653,3,1,0.23421627479384524
7654,2,0,0.14882317191113162
7655,3,0,0.1957992069797815
7656,1,0,0.16165553541758648
7657,4,1,0.8219412309107454
7658,5,1,0.22435583709079476
7659,4,0,0.7579940439319385
7660,2,0,0.11940171906257943
7661,1,0,0.13575688377766537
7662,4,0,0.18392371730403875
7663,1,0,0.10329418239713435
7664,5,0,0.724485677401067
7665,1,1,0.1297021702967629
7666,1,0,0.24933039612071153
7667,5,0,0.1285956227894904
7668,3,1,0.5753442735665486
7669,5,0,0.22419708879362574
7670,2,0,0.29882804336949476
7671,4,0,0.12250159686017943
7672,1,0,0.11562500076774543
7673,5,0,0.11812669355007678
7674,2,0,0.10710944433783093
7675,4,0,0.107158041929618
7676,1,0,0.14894003510545087
7677,2,0,0.19159665311814106
7678,5,0,0.13274634128003768
7679,1,0,0.06925093964333476
7680,1,0,0.04595776044528026
7681,3,0,0.09506474578647797
7682,3,0,0.08482149329938292
7683,4,0,0.12930317476545597
7684,3,0,0.13393750744973384
7685,3,0,0.09666687143374282
7686,5,0,0.06961111800104927
7687,4,0,0.9307868368500282
7688,3,0,0.05066526026120177
7689,3,0,0.13997925015182244
7690,5,1,0.13569074505229364
7691,5,0,0.2906053513998958
7692,4,1,0.16920547870523167
7693,1,1,0.32473333788912984
7694,1,1,0.6573766955637455
7695,3,0,0.07391574913341321
7696,1,0,0.08543907064994885
7697,5,0,0.4008225148332028
7698,5,0,0.12579671767157846
7699,5,0,0.11897510509499572
7700,5,0,0.04901328961258127
7701,3,0,0.1080923827120876
7702,2,0,0.10708942406972335
7703,3,0,0.1303527911361911
7704,4,0,0.20849659124730377
7705,2,0,0.11830176832200484
7706,1,1,0.7868941946603462
7707,2,0,0.07823472184304646
7708,3,0,0.13545699378124673
7709,2,0,0.12227080721791421
7710,3,1,0.8267049288709293
7711,1,0,0.457655367980521
7712,2,0,0.39512490233457914
7713,3,0,0.09824598540986475
7714,4,0,0.7382094775385325
7715,5,0,0.0578589540036053
7716,4,0,0.49511932270468606
7717,3,1,0.5838853781025275
7718,4,0,0.15603718316225837
7719,2,1,0.25327687177731284
7720,3,0,0.12033135686732555
7721,4,0,0.0625049991975159
7722,1,0,0.12914327319171112
7723,1,0,0.3076439280322481
7724,1,0,0.08902169626336123
7725,1,1,0.1464053823527826
7726,5,0,0.12035985732223359
7727,5,1,0.3998184673779889
7728,5,0,0.06372750503491258
7729,4,0,0.06088540623739775
7730,5,0,0.07904166524367967
7731,5,0,0.1362285753658785
7732,2,0,0.15408968146527616
7733,1,0,0.13086310028531406
7734,4,1,0.2996324831470966
7735,2,0,0.10517759579861133
7736,2,0,0.12085834988984245
7737,3,0,0.12593137164387197
7738,2,0,0.07099206472513256
7739,3,0,0.10300933989188822
7740,4,0,0.10510699874038809
7741,5,0,0.5609669544571787
7742,1,1,0.19895703115563343
7743,2,0,0.1416414088608855
7744,1,0,0.057848650700975786
7745,1,0,0.21491627855218565
7746,2,0,0.09536753706731245
7747,5,0,0.11741484851109953
7748,4,0,0.06592806213669028
7749,3,0,0.15639224288315345
7750,3,0,0.14269953797144658
7751,1,0,0.12458769616037625
7752,4,1,0.4539798077165009
7753,4,0,0.1366840513894943
7754,3,0,0.11384614224513889
7755,1,0,0.13116575217990672
7756,1,1,0.9190654054164183
7757,4,0,0.0952805809042445
7758,2,1,0.12944299990653027
7759,3,1,0.15190268523371855
7760,1,1,0.24370458000197917
7761,4,1,0.08528680457361877
7762,1,0,0.12040219498840236
7763,2,0,0.0848623495228697
7764,1,0,0.09535374809512968
7765,3,0,0.11716984261145584
7766,5,0,0.7940850185214678
7767,5,0,0.04702310955427433
7768,1,0,0.14198436662159367
7769,1,0,0.12207476265203347
7770,2,1,0.07945720415233866
7771,5,0,0.12037215565690185
7772,1,0,0.1285388063890232
7773,1,0,0.10265977483536137
7774,2,0,0.11099865211182236
7775,1,0,0.12419899477259116
7776,1,1,0.1163779399807226
7777,2,0,0.3311621445447057
7778,5,1,0.20724586319539062
7779,2,0,0.16768481728732396
7780,2,0,0.10944151738112715
7781,3,0,0.1375021046165102
7782,5,0,0.08950968193858666
7783,2,0,0.17552648262402964
7784,4,0,0.5185610908660799
7785,3,0,0.15204200277621974
7786,3,0,0.0898521127795028
7787,3,0,0.0580315184597113
7788,1,0,0.11295464471256828
7789,5,0,0.044452801216022846
7790,3,0,0.10488052340705067
7791,3,0,0.06478176283330048
7792,4,0,0.14512529907927696
7793,1,0,0.1994864205969432
7794,1,0,0.16038073377455742
7795,1,1,0.6861651977344077
7796,3,0,0.07094081566846165
7797,2,0,0.39093205083083715
7798,1,0,0.12100918273281314
7799,5,0,0.11889617891203216
7800,3,0,0.17294027809104628
7801,4,1,0.12330884700197506
7802,1,1,0.29948564740009903
7803,5,0,0.14705302975989148
7804,5,0,0.4668665301605674
7805,2,0,0.17214952063129935
7806,5,0,0.1761212649675129
7807,5,1,0.8061217685249524
7808,4,0,0.11367760045754657
7809,3,0,0.1520419087898149
7810,2,0,0.11302951318531437
7811,1,1,0.7105017891984957
7812,2,0,0.24859340252743747
7813,1,0,0.29312667103025314
7814,5,0,0.10548935419600722
7815,4,0,0.2338614215345806
7816,5,1,0.8681648417024932
7817,2,0,0.12562353679120697
7818,3,0,0.10954700935539569
7819,2,0,0.07740421349205265
7820,4,0,0.1111287628024464
7821,5,0,0.07697906095094945
7822,1,0,0.08646385377316518
7823,3,0,0.1433017228488856
7824,5,0,0.32419427072371526
7825,5,1,0.11008821702557811
7826,4,0,0.08752466357051523
7827,3,0,0.13606242122947507
7828,3,1,0.5386807278956678
7829,1,0,0.1507116125102932
7830,4,0,0.10502185406873804
7831,5,1,0.2550226643240043
7832,1,0,0.1351672154275906
7833,3,1,0.844596402315251
7834,3,0,0.13836410693444848
7835,3,0,0.08306831485971815
7836,3,1,0.13569258584575858
7837,2,0,0.14446857449031286
7838,4,0,0.40470596300203066
7839,4,0,0.12612707559671024
7840,2,1,0.08468149279066209
7841,2,0,0.12297452373846533
7842,1,0,0.771251223265811
7843,5,0,0.11324388718378314
7844,3,0,0.10726345472571139
7845,4,1,0.25892184776620814
7846,5,0,0.07411822399797914
7847,4,0,0.16587523720340805
7848,3,0,0.1823087327291166
7849,1,1,0.6779923078663449
7850,5,0,0.11530601996222135
7851,4,0,0.06308953264281658
7852,4,0,0.09118964144463894
7853,3,0,0.7571929755184343
7854,1,1,0.15332419956281026
7855,4,1,0.15178250997929252
7856,5,0,0.04784847064694252
7857,3,0,0.0594919819881031
7858,2,1,0.09265569302659188
7859,5,0,0.2010950397908946
7860,5,0,0.2006272316067566
7861,4,0,0.1430245144485788
7862,1,0,0.12937143408475885
7863,3,0,0.18935056575269996
7864,2,1,0.2654777961212769
7865,4,0,0.11269270523460287
7866,1,0,0.5718585616232591
7867,3,0,0.089485212308817
7868,1,1,0.09585255586478067
7869,1,0,0.038172124573144124
7870,2,0,0.5065246746728752
7871,5,1,0.835227659217614
7872,1,0,0.17649494824555376
7873,5,0,0.1110859960403213
7874,4,0,0.14856167201530474
7875,4,1,0.08781693647492604
7876,2,0,0.10103704708693503
7877,3,0,0.12069573802430224
7878,1,0,0.2974514042490131
7879,5,1,0.09638302446896707
7880,5,0,0.10272289208209587
7881,1,0,0.07070252889774961
7882,2,1,0.3846634983616697
7883,5,0,0.04462201488510596
7884,2,1,0.13087432040596916
7885,1,0,0.11302756914734355
7886,5,1,0.257826039273014
7887,2,0,0.1457296006349407
7888,2,0,0.13553317570782578
7889,3,0,0.08623555297278829
7890,3,0,0.16440887712758995
7891,4,1,0.22604230662938785
7892,1,0,0.1045881350223769
7893,2,0,0.12506660395379615
7894,3,0,0.13017506123670108
7895,3,0,0.12409246726799378
7896,4,0,0.8472920962425067
7897,3,0,0.3072834922022489
7898,3,0,0.13450116210606256
7899,3,0,0.14983639870754445
7900,2,0,0.11429224821036858
7901,5,0,0.1504897827796437
7902,2,1,0.1273798679196923
7903,3,0,0.07214561983503033
7904,4,1,0.6366369990966929
7905,5,0,0.12016526777266365
7906,3,0,0.10950714545839589
7907,2,0,0.6842147468562891
7908,1,0,0.16973325673480946
7909,4,0,0.5773991856061654
7910,3,0,0.06665215641812267
7911,5,0,0.17290570555335263
7912,4,0,0.1564619878817099
7913,1,1,0.3213784736491351
7914,3,0,0.5661411712715788
7915,5,1,0.10367930180023144
7916,3,0,0.12050705553534928
7917,3,0,0.10059325708023391
7918,1,0,0.15717827818774552
7919,2,1,0.8403019735328084
7920,4,0,0.06988900119480397
7921,3,0,0.16399968950696348
7922,3,0,0.16231270604843803
7923,2,0,0.08584802137724135
7924,5,0,0.19198063741085541
7925,4,1,0.11761036274699287
7926,5,0,0.06886852184287388
7927,1,0,0.16190180189199674
7928,5,0,0.13048430741083047
7929,5,0,0.14932382682309725
7930,4,0,0.1929226271098227
7931,4,0,0.1316755610856817
7932,3,0,0.08381454074607604
7933,4,0,0.20947345888723035
7934,4,0,0.27497733868381813
7935,4,0,0.15353893683474926
7936,1,0,0.10752636061473539
7937,3,0,0.06843072669770069
7938,5,1,0.5525830380970532
7939,4,0,0.11952588934523597
7940,4,1,0.8335063497105217
7941,3,0,0.07778661321627175
7942,2,1,0.4387363567351545
7943,4,0,0.18752882028265286
7944,5,1,0.6212292295752071
7945,2,1,0.2636013998893763
7946,3,0,0.1336665762403185
7947,2,1,0.5075053151398109
7948,2,1,0.23781023979259225
7949,3,0,0.29078840269003975
7950,4,1,0.8246161532013426
7951,2,0,0.24941059545416144
7952,5,0,0.0862469539409511
7953,2,0,0.26450700957454815
7954,1,0,0.17841771387288705
7955,1,1,0.36516018572064785
7956,2,0,0.09810274887857322
7957,3,1,0.3730566610750768
7958,4,0,0.0911174465006366
7959,1,1,0.8187989098554586
7960,5,1,0.1216512872132383
7961,3,0,0.10739718208986851
7962,4,0,0.451344197608276
7963,2,0,0.158644129368973
7964,4,0,0.10846526163536703
7965,5,0,0.26792946003343426
7966,1,0,0.19090706356919787
7967,4,0,0.1225298314092037
7968,3,0,0.0951544073259432
7969,2,0,0.07886172004585794
7970,2,1,0.07475269498337214
7971,2,0,0.08705795452173182
7972,5,1,0.08499753925225483
7973,4,0,0.16858802684131743
7974,5,0,0.11701845374461808
7975,2,0,0.09103561275133171
7976,2,0,0.03414039076295243
7977,4,1,0.7933821304732348
7978,1,1,0.06508090262836205
7979,2,0,0.014945960771316734
7980,4,0,0.12551482941846312
7981,3,1,0.12457758065747321
7982,4,0,0.20164617848071703
7983,4,0,0.13398425133352315
7984,3,1,0.3436969442126602
7985,5,0,0.10319829303433119
7986,2,0,0.056306009824235795
7987,2,0,0.12221782419209633
7988,4,0,0.2252394883875711
7989,4,0,0.07301977782458231
7990,3,0,0.1673749785377004
7991,5,0,0.09401081777196804
7992,2,0,0.08076077184416622
7993,2,0,0.11047566033935102
7994,4,0,0.14892232615375817
7995,4,0,0.34192632353652264
7996,1,0,0.15516503701413056
7997,3,1,0.16881395019275697
7998,1,0,0.2406954961385745
7999,3,0,0.05959206222010128
8000,2,1,0.17597361499712655
8001,2,1,0.18366802856246195
8002,4,1,0.8001145723669785
8003,1,0,0.08397172667870562
8004,3,1,0.5662238887850997
8005,3,0,0.10573402231619003
8006,2,1,0.135539026785796
8007,5,0,0.07370042816483693
8008,3,1,0.21559142359301123
8009,4,0,0.07729901613601946
8010,5,0,0.574632633709243
8011,2,0,0.7321910924881924
8012,3,0,0.10971390966626796
8013,4,0,0.3686554966990617
8014,5,0,0.12989584610800914
8015,4,1,0.16227368036144518
8016,1,0,0.07867766489454055
8017,3,0,0.5981458302528341
8018,1,0,0.13127212461312748
8019,1,0,0.14531685503232883
8020,1,0,0.192572142850632
8021,3,0,0.4322134057273815
8022,5,0,0.23075286385285212
8023,2,0,0.10391634972865753
8024,5,0,0.05249106833084409
8025,5,0,0.20466949326334719
8026,4,0,0.06934784392400598
8027,1,0,0.12161417216220903
8028,1,0,0.1418611912362902
8029,4,0,0.13897203759277407
8030,4,0,0.3082872920535949
8031,2,0,0.6164388320969675
8032,2,0,0.14104836508218724
8033,1,0,0.12313085468380795
8034,3,1,0.11699990841819544
8035,5,1,0.5994887191157544
8036,1,0,0.4410806291355489
8037,2,0,0.15363867690859145
8038,5,0,0.6093198260723
8039,2,0,0.4832590097572445
8040,3,0,0.15574661656176436
8041,2,0,0.14138973611916317
8042,3,0,0.04522627352109903
8043,5,0,0.11819197959523309
8044,3,1,0.8894756409118408
8045,2,1,0.20494982344752316
8046,4,0,0.09803376036075523
8047,4,0,0.15502616729096189
8048,5,0,0.05474428756506413
8049,5,0,0.131385877536999
8050,3,0,0.2206313076890448
8051,1,1,0.7213887897685662
8052,3,0,0.22626952528598035
8053,1,0,0.07594262198596988
8054,1,0,0.13296924667973808
8055,4,0,0.08110396252865794
8056,5,1,0.05727768174606315
8057,5,0,0.12893539673043394
8058,4,0,0.039775059384260764
8059,5,0,0.15895993536452413
8060,2,1,0.5901191129509943
8061,3,1,0.11022874285517864
8062,3,0,0.11519803454910232
8063,1,0,0.05125090021183258
8064,3,0,0.19986852183509277
8065,4,0,0.11528252707254237
8066,3,0,0.16578215750527003
8067,5,0,0.19423566991540875
8068,5,0,0.4410978831049121
8069,1,0,0.11507093994903993
8070,1,1,0.16732031633518135
8071,3,0,0.05943911271166906
8072,2,0,0.19255618429928412
8073,2,0,0.4900213525096188
8074,4,0,0.08779177320811479
8075,2,0,0.181906156831737
8076,2,0,0.3033669612866411
8077,1,0,0.14730876663376
8078,1,0,0.1465551512469742
8079,1,0,0.2480042149127657
8080,5,1,0.7769367455662901
8081,4,0,0.13814533112886535
8082,1,1,0.12439367514352084
8083,4,0,0.06516968249012539
8084,3,0,0.2098528930418151
8085,4,0,0.07212556881256661
8086,3,0,0.0811922089305951
8087,3,0,0.08263616618411912
8088,5,0,0.07209876323343732
8089,1,0,0.08238280377077593
8090,2,0,0.11417588379783512
8091,5,0,0.06861194449601996
8092,5,1,0.31743549573348756
8093,1,0,0.16226571133247103
8094,5,0,0.057028171575772287
8095,5,0,0.3800945078031623
8096,2,0,0.052357746057404814
8097,4,0,0.0914919836997392
8098,1,0,0.185685472970012
8099,3,0,0.1121155225348835
8100,1,0,0.23556484939218192
8101,5,0,0.2572769090790792
8102,3,1,0.15128267515559643
8103,3,0,0.09170946771907965
8104,5,0,0.06009362492858224
8105,1,0,0.08760048759088965
8106,2,0,0.07604544030690563
8107,3,0,0.12971721630271038
8108,5,0,0.046916824953267884
8109,4,0,0.11823417330673788
8110,4,0,0.14524251396206453
8111,1,0,0.09188906756958483
8112,4,0,0.1732459429260889
8113,4,0,0.14988086646223137
8114,3,1,0.1145514704204484
8115,1,0,0.18410428043358049
8116,1,0,0.33960989893914056
8117,4,1,0.10696704485126027
8118,1,0,0.17136431166799604
8119,1,0,0.07966442673238464
8120,5,0,0.15720229109143607
8121,4,0,0.3392093197733323
8122,3,0,0.22706329405983702
8123,4,0,0.13698260749178745
8124,3,0,0.11931182894219186
8125,1,0,0.1602894164262488
8126,4,0,0.13249200573030842
8127,4,0,0.6681212846051544
8128,4,0,0.15183100378986492
8129,5,1,0.6484511482813563
8130,1,0,0.303125160238203
8131,4,0,0.09921678875059863
8132,1,0,0.10248991734497766
8133,5,0,0.12022735356940838
8134,3,0,0.12059288341957945
8135,3,1,0.7981579790271367
8136,3,0,0.11479449222418675
8137,1,0,0.025845276721659344
8138,4,1,0.6612086416934897
8139,5,0,0.09335096262859072
8140,2,0,0.11867427609260268
8141,5,1,0.26345964416683987
8142,4,1,0.11414344935593843
8143,3,0,0.16548449327828563
8144,1,1,0.1584578516422646
8145,1,0,0.14811936467194736
8146,2,0,0.1374056768097447
8147,5,1,0.6395274588941073
8148,4,0,0.09491481088708534
8149,4,0,0.07630324467244316
8150,4,1,0.3903673668496825
8151,5,1,0.055579553470175964
8152,3,1,0.7402629899591385
8153,1,0,0.05004151903064724
8154,2,0,0.1653585611391008
8155,1,0,0.22664008380076525
8156,5,0,0.11545806240430863
8157,5,0,0.0984300673213919
8158,2,0,0.1595853732521791
8159,2,0,0.1459708267718264
8160,2,0,0.05048318527210839
8161,5,1,0.10670712729562382
8162,5,0,0.05944273607333512
8163,3,0,0.0912346822812414
8164,1,0,0.12943466405876725
8165,1,0,0.5453610290901987
8166,5,1,0.13367226407267968
8167,2,0,0.1292205742071756
8168,5,0,0.07819800944405664
8169,4,0,0.2782666303843283
8170,5,0,0.1752655152762127
8171,4,0,0.17190419960385328
8172,5,0,0.12617290017284005
8173,1,0,0.3283641358762218
8174,4,0,0.07667172267299388
8175,5,0,0.36250177195432814
8176,5,0,0.08650231827238082
8177,5,1,0.1564753270882512
8178,2,0,0.35063210617045737
8179,3,0,0.05856404532741147
8180,5,1,0.36305460616400204
8181,2,0,0.22173655109998183
8182,1,1,0.42668967628374793
8183,2,0,0.0811626414079948
8184,2,0,0.21326239688117124
8185,2,0,0.05435451995772412
8186,3,0,0.10702899638195341
8187,4,0,0.14618337465061276
8188,2,0,0.15190818391365452
8189,2,0,0.1530180553969629
8190,3,0,0.25490949062478785
8191,4,0,0.17828064816262273
8192,1,0,0.29496023735757027
8193,1,0,0.17659596416364073
8194,2,0,0.0981647877108918
8195,4,0,0.2053543628211023
8196,4,0,0.12198837481709994
8197,1,0,0.06907421376067824
8198,5,1,0.5603140703119215
8199,3,1,0.5867241096850884
8200,4,0,0.10589204333790306
8201,5,0,0.34764352981817687
8202,2,0,0.09736290564377313
8203,2,0,0.20342212465070525
8204,1,1,0.1392616677447059
8205,1,1,0.1776742263711266
8206,1,0,0.09770419279105214
8207,2,0,0.8766174493484359
8208,4,0,0.06465368651288503
8209,5,0,0.060054275526187126
8210,5,0,0.09221443692355709
8211,1,0,0.09285137605824278
8212,1,0,0.07419684251395199
8213,3,0,0.15223799365731208
8214,4,1,0.2074271791919787
8215,5,0,0.08130463709542256
8216,1,0,0.051912619728662214
8217,1,0,0.11549777059213756
8218,5,0,0.2887294043322685
8219,5,0,0.16517729784847165
8220,1,0,0.16756646774619727
8221,5,0,0.18272798024358447
8222,3,0,0.13039998098412348
8223,5,0,0.2255462840620167
8224,1,0,0.17167451475817394
8225,5,0,0.05487944892518739
8226,2,0,0.17886293177063478
8227,3,0,0.1348527271325276
8228,5,0,0.11674572123278885
8229,3,0,0.10163534627664854
8230,2,1,0.4416167359473417
8231,1,0,0.07243212626756276
8232,4,0,0.4454447114475019
8233,5,0,0.07400120340079439
8234,2,0,0.174151669801327
8235,2,1,0.088307605906787
8236,5,0,0.15110142491568557
8237,3,1,0.8813364773255242
8238,4,0,0.1264123165522771
8239,4,0,0.14963684810592903
8240,1,0,0.15930328511886535
8241,5,0,0.10157500916810575
8242,5,0,0.104546230872504
8243,4,1,0.12075601040218743
8244,2,0,0.14813045318576085
8245,1,0,0.45579510959837377
8246,2,0,0.12701162159774368
8247,2,0,0.11135285272990773
8248,5,1,0.4580021606183381
8249,3,0,0.14745726843436688
8250,5,0,0.057739652706777056
8251,1,0,0.1468749436498057
8252,5,0,0.4029891683247968
8253,2,1,0.6744815398693619
8254,5,0,0.10977103492998366
8255,4,0,0.10921684291898871
8256,5,0,0.10751908413574583
8257,1,1,0.787151697182027
8258,2,1,0.2873675548973154
8259,3,0,0.4555980713623117
8260,5,1,0.29461291585780036
8261,4,0,0.15247918189345563
8262,2,0,0.29072923772560816
8263,3,1,0.16060402323442102
8264,3,0,0.35882060636811036
8265,1,0,0.2797889648737828
8266,3,0,0.16405855320791363
8267,5,0,0.06983439861779164
8268,5,0,0.17222481483689
8269,1,0,0.19040925612180884
8270,2,0,0.07481648907378322
8271,3,1,0.3263804194831359
8272,5,0,0.2061722795737383
8273,5,1,0.13772834095768507
8274,1,0,0.13402996256326816
8275,3,0,0.6137193489465551
8276,2,1,0.180419227737602
8277,3,0,0.4419766382660479
8278,2,0,0.10789084240523128
8279,1,1,0.6811054198664347
8280,1,1,0.7530756431887453
8281,2,0,0.10780064819148781
8282,1,0,0.34391850670591506
8283,3,0,0.12654235439232675
8284,2,0,0.46796893927032823
8285,5,0,0.1196097306344138
8286,1,1,0.6957537129151169
8287,2,0,0.18595211532778624
8288,5,0,0.10989665557921562
8289,1,0,0.2664043189377737
8290,5,0,0.10957742536880243
8291,3,0,0.11484144644220917
8292,4,0,0.09365151983104894
8293,3,0,0.2460048780679798
8294,5,0,0.13751676608252772
8295,3,0,0.3490571445005511
8296,4,0,0.16403954678090205
8297,4,0,0.10394810707119831
8298,3,0,0.35325025561832696
8299,2,1,0.18026687254791068
8300,4,0,0.07493897529571539
8301,5,0,0.10519181419541547
8302,4,0,0.11505829516999787
8303,2,0,0.0712353390654418
8304,4,0,0.032525579063250286
8305,3,1,0.6755741067566932
8306,3,0,0.14319676403111403
8307,1,0,0.08914856446493487
8308,5,1,0.22710612270283326
8309,3,1,0.13978146637567784
8310,4,1,0.5323988713938074
8311,3,0,0.16458116096750489
8312,2,0,0.16255413140205505
8313,5,0,0.0819311278009697
8314,4,0,0.14001683899669973
8315,5,0,0.21096472104877095
8316,2,1,0.8081027215184178
8317,5,0,0.6753694185829746
8318,4,0,0.04453931077862243
8319,5,1,0.7799494633447126
8320,5,0,0.1323471923136386
8321,4,1,0.6286769944116348
8322,3,0,0.23633613627753103
8323,4,0,0.08412051699068009
8324,2,0,0.1011779720358716
8325,1,0,0.35276536137094927
8326,1,0,0.0736267805103833
8327,4,1,0.07994685426160951
8328,3,0,0.4294866718642256
8329,5,0,0.30227501917863525
8330,2,0,0.03965182549810502
8331,4,0,0.11089820668774411
8332,3,0,0.10043218330340126
8333,4,0,0.237014864236951
8334,4,0,0.1752412312039323
8335,5,1,0.6611000571219355
8336,1,0,0.2191698430322892
8337,5,0,0.2681171180257458
8338,5,0,0.601029361854604
8339,5,0,0.26972133472695686
8340,3,0,0.31848651400542816
8341,1,0,0.12547938281086152
8342,5,1,0.45804637985874436
8343,2,0,0.15708080568370142
8344,5,0,0.080698509332163
8345,4,0,0.26944479045772546
8346,4,0,0.16471869248888651
8347,5,0,0.11748689807132327
8348,3,0,0.07808172551628662
8349,4,0,0.21119134437749318
8350,3,0,0.18075636183376387
8351,5,0,0.09222837328239762
8352,5,0,0.13588841050195163
8353,1,0,0.08278060763672905
8354,2,0,0.13999572346262446
8355,4,1,0.28648278686136747
8356,5,0,0.14498092080633465
8357,3,0,0.10806806737397272
8358,5,0,0.12125270208200307
8359,2,0,0.2769778572471949
8360,2,0,0.08852273459507132
8361,2,1,0.16242412389239164
8362,1,1,0.18039796116687248
8363,4,0,0.1208299781414534
8364,2,0,0.06215687063472256
8365,1,0,0.17259065827908512
8366,1,1,0.21003744258015686
8367,3,0,0.10914502077603244
8368,2,0,0.13720970041194328
8369,3,1,0.702817245686546
8370,2,0,0.0885687186873311
8371,2,0,0.10472212284397639
8372,1,0,0.4786762655274293
8373,5,1,0.23369971607188625
8374,5,0,0.11269022333776692
8375,3,0,0.12303385219018105
8376,4,0,0.04537753083144527
8377,4,0,0.11173630887517375
8378,5,0,0.11098592323543316
8379,1,0,0.28548925694990007
8380,5,1,0.6245815234893055
8381,1,0,0.13420338780383165
8382,3,0,0.16420428323754208
8383,1,0,0.08414062734573599
8384,1,0,0.08728640322299147
8385,1,1,0.10782317176099757
8386,5,0,0.18766853712726372
8387,2,0,0.2564210529339265
8388,3,0,0.14515759642220277
8389,4,0,0.08700365437842282
8390,5,1,0.7393390487593804
8391,2,0,0.20364028171596346
8392,1,0,0.11780581755688835
8393,2,1,0.2107322886231209
8394,4,0,0.28802447220296107
8395,2,0,0.157899528018786
8396,4,0,0.10247324461545765
8397,3,0,0.12964229296872
8398,5,0,0.5354285721910781
8399,1,0,0.045665099166108454
8400,5,0,0.2572285354590786
8401,3,0,0.2552827495758797
8402,2,0,0.16353563869193036
8403,4,1,0.05916658238123365
8404,4,0,0.6542038003946344
8405,3,0,0.10756888986861046
8406,1,0,0.17647674320212384
8407,1,0,0.19392092176930958
8408,5,1,0.7639356852961917
8409,1,0,0.14894259121824638
8410,1,0,0.24361004111457207
8411,3,0,0.21567580711827997
8412,4,1,0.7796108341420697
8413,2,0,0.0973106688019571
8414,5,1,0.16569056260521517
8415,2,1,0.1436917396585082
8416,5,0,0.09822849273201949
8417,1,0,0.1265684837934231
8418,3,0,0.12584250386915224
8419,1,1,0.5090463616732502
8420,1,1,0.16823569288819387
8421,3,1,0.2787544593583467
8422,5,0,0.0688742815680986
8423,1,0,0.12322299651732087
8424,5,0,0.09574821368896289
8425,3,1,0.8214310803128063
8426,5,0,0.16412916841140318
8427,1,0,0.6570120487649838
8428,3,0,0.10823150100862984
8429,2,0,0.11160905466182615
8430,1,0,0.1651999698720141
8431,3,1,0.2942200828199822
8432,4,0,0.11663798517418626
8433,1,1,0.12925993825256712
8434,5,0,0.11337940665725454
8435,1,0,0.31274065205871143
8436,3,0,0.1505001050811892
8437,1,0,0.16748954182127165
8438,1,0,0.5425503436025976
8439,1,0,0.24734339938765912
8440,2,0,0.12020008035658707
8441,4,0,0.13510555158761064
8442,3,0,0.0976063145444718
8443,3,0,0.09675540185409125
8444,3,0,0.2229670703511683
8445,5,0,0.18982574576195232
8446,3,0,0.08000500080224267
8447,2,0,0.11504143881431463
8448,1,0,0.6702325407520602
8449,5,0,0.1494412220980988
8450,1,0,0.13015081116272595
8451,2,1,0.41248237880742505
8452,1,0,0.17284453476932757
8453,1,0,0.12861373662537862
8454,5,1,0.13272452501657434
8455,4,1,0.5658674964565319
8456,5,0,0.11144046234146422
8457,3,0,0.10655618974928664
8458,1,1,0.5226169003448371
8459,1,0,0.24440350382845408
8460,2,1,0.12280110043375772
8461,3,0,0.061659681549343766
8462,2,0,0.5237203949500957
8463,3,0,0.047599230200472076
8464,5,0,0.12432996350606415
8465,4,0,0.2875646411397602
8466,4,0,0.15059388820744582
8467,2,0,0.08572176602932931
8468,4,0,0.29422108180894774
8469,3,0,0.6281284365669481
8470,1,0,0.27511881444450165
8471,4,0,0.8341435959586714
8472,2,0,0.30849619501660613
8473,5,1,0.4725391505424234
8474,3,0,0.07871536761762848
8475,2,0,0.065800489312706
8476,1,0,0.11601447774693086
8477,3,0,0.11123786420518732
8478,4,0,0.09269549060248478
8479,5,1,0.6876715236602259
8480,3,0,0.23277398095713242
8481,5,0,0.15477555870063608
8482,5,0,0.4059743482528216
8483,4,0,0.11961110760528491
8484,4,0,0.044042138840641766
8485,2,0,0.11344510852931328
8486,3,0,0.7964675624507223
8487,2,0,0.09056494959511925
8488,1,1,0.33787090684827437
8489,5,0,0.15527380150253473
8490,1,0,0.0738754490790492
8491,4,0,0.05872058817030394
8492,5,0,0.15057714494829863
8493,2,0,0.06983456663396403
8494,5,0,0.07811218060847384
8495,4,0,0.15233314362279518
8496,2,0,0.1492579287009902
8497,3,0,0.16099093965270594
8498,1,0,0.23109256984480395
8499,4,1,0.1810259503272165
8500,4,0,0.11432298302921265
8501,2,1,0.12300000628483648
8502,4,0,0.09232848752036481
8503,5,1,0.525074976230302
8504,2,0,0.07911175148756948
8505,5,0,0.1345908684195573
8506,5,1,0.34082927713737904
8507,1,0,0.08816148325340831
8508,2,0,0.10734053295809308
8509,5,0,0.1847186612316665
8510,4,0,0.12558347299749886
8511,5,0,0.09271471066571771
8512,3,1,0.6923019711661695
8513,5,0,0.21782697853743938
8514,2,1,0.3366100124475003
8515,1,0,0.3893280280132822
8516,1,0,0.2148184626146717
8517,1,0,0.08393600048978932
8518,4,0,0.12429492170642616
8519,5,0,0.15749896767823945
8520,4,0,0.10918548471665444
8521,1,0,0.14012954155878385
8522,4,1,0.2413468288811643
8523,1,0,0.09796991808301897
8524,4,1,0.6606129246011355
8525,2,0,0.06958891625888139
8526,3,0,0.14002172386319714
8527,2,0,0.11315942122544972
8528,1,0,0.14032732927197566
8529,5,0,0.5124968292450232
8530,5,0,0.13379513294374218
8531,1,0,0.1451376226430359
8532,2,0,0.09918544805595497
8533,1,0,0.07948455392562223
8534,2,0,0.4597862721985823
8535,4,0,0.2701493437729549
8536,4,1,0.2843721658947252
8537,1,0,0.2019809600423557
8538,5,0,0.12226290011117258
8539,3,0,0.13620014668568725
8540,3,0,0.117887350526381
8541,1,0,0.2977293427308885
8542,2,0,0.4658733036498024
8543,2,0,0.082464667292062
8544,4,1,0.26192057496898535
8545,4,0,0.14713384356432085
8546,5,0,0.0641549511693623
8547,4,0,0.08976724828771157
8548,2,0,0.1067389568620171
8549,5,0,0.17103513848659935
8550,3,0,0.1484777681778394
8551,4,0,0.08937946536974373
8552,4,0,0.12386578909364589
8553,1,0,0.1096794605450671
8554,4,0,0.11985954652362951
8555,3,0,0.032530950652462455
8556,3,1,0.2380033860015002
8557,4,0,0.2240265297193825
8558,5,0,0.2067218442666237
8559,5,0,0.10702983962826865
8560,2,0,0.24358704588801952
8561,1,1,0.1410366313729297
8562,4,0,0.21188057236227928
8563,4,0,0.87889635807201
8564,2,0,0.7966207005605497
8565,2,0,0.28502871887984055
8566,3,0,0.27661616318041654
8567,5,1,0.21724945338338436
8568,4,1,0.10989468279315934
8569,2,0,0.13598672302188453
8570,3,0,0.0715644653732752
8571,2,0,0.05895001108992357
8572,2,0,0.1761129661830434
8573,1,0,0.2084980691155674
8574,4,0,0.3647821505417545
8575,5,0,0.08808964281622547
8576,2,0,0.07393108659029644
8577,1,0,0.13778759203058674
8578,3,1,0.7349885004346112
8579,4,0,0.11691654916463735
8580,2,0,0.05446531561897305
8581,4,0,0.5169860264533307
8582,2,0,0.12968759782214567
8583,4,0,0.13365099009505643
8584,4,1,0.2984087580154471
8585,4,0,0.15035932075954173
8586,3,0,0.37048254043634227
8587,1,0,0.08768801260180678
8588,2,0,0.44621548105717834
8589,1,1,0.6547724287464158
8590,4,1,0.5441359432779035
8591,1,0,0.15127568853685242
8592,5,0,0.24274038328554634
8593,3,0,0.09010178137533166
8594,2,0,0.14261655688011468
8595,1,0,0.21618375442904433
8596,3,0,0.06930030278709749
8597,5,0,0.14961024468877018
8598,2,0,0.07554647777843446
8599,3,0,0.11163837531289844
8600,2,0,0.10627227774054537
8601,4,0,0.1985697573440591
8602,1,1,0.14377165791244956
8603,2,0,0.08253453424736813
8604,4,1,0.8051119116953863
8605,1,0,0.30175860840543334
8606,5,1,0.8505082696194447
8607,2,0,0.16754200525135315
8608,3,0,0.12139870819321333
8609,1,0,0.19346613874975752
8610,3,0,0.814966467652987
8611,2,0,0.10427703148355036
8612,5,0,0.25113928148202175
8613,4,0,0.07981931099611145
8614,4,0,0.13684608407353263
8615,5,0,0.08752858472115617
8616,3,0,0.2355631312629734
8617,4,0,0.09763878752744395
8618,5,0,0.265350200688208
8619,5,0,0.19156638435214976
8620,1,0,0.15946534393615308
8621,4,0,0.11515130797544959
8622,1,0,0.127374715852124
8623,1,0,0.10941278285284431
8624,5,0,0.10674104055565826
8625,4,0,0.3030863639288351
8626,3,1,0.8619991944564677
8627,4,1,0.08826428137440645
8628,3,0,0.2604613007016005
8629,1,0,0.3602850879836629
8630,5,0,0.1065959158011781
8631,2,0,0.1280825737650207
8632,3,0,0.5280398682298278
8633,2,0,0.19184729713162668
8634,5,0,0.11194727220291398
8635,3,0,0.08745703098155108
8636,5,0,0.4993003981807439
8637,2,0,0.10223259665721278
8638,3,0,0.6859577888615307
8639,5,0,0.13474627576110004
8640,5,1,0.18107413948665885
8641,5,0,0.07107451860392161
8642,1,0,0.10786737770766402
8643,3,1,0.21577866960165917
8644,2,0,0.2710363796803664
8645,2,0,0.11341138162696117
8646,5,0,0.08772059403487775
8647,4,1,0.858768736569721
8648,3,0,0.1310832877868364
8649,3,1,0.8057632095064936
8650,3,1,0.1537885008646586
8651,5,1,0.13207404514866877
8652,3,0,0.1309644841182976
8653,3,0,0.13781993748104396
8654,1,0,0.14745622088255492
8655,5,0,0.15193858848451536
8656,5,1,0.3470263903870886
8657,2,0,0.09771718287501367
8658,3,1,0.1296910709543756
8659,1,0,0.07314052227576157
8660,5,0,0.07793431223154795
8661,1,0,0.1442267027433225
8662,5,0,0.17415243264391622
8663,1,1,0.07759698655518457
8664,1,0,0.09623238624536527
8665,2,0,0.49995396781674023
8666,5,0,0.06772839109411259
8667,5,0,0.15099069873375673
8668,5,0,0.3489040899043956
8669,1,0,0.194899094160997
8670,3,0,0.09958985502258967
8671,1,0,0.07848530694094003
8672,3,0,0.3303748785826955
8673,1,0,0.13955780202617482
8674,2,0,0.12850502718922088
8675,1,0,0.2717178103533646
8676,2,0,0.316394447784967
8677,5,0,0.12362615969237921
8678,3,0,0.3008146964367214
8679,4,0,0.12082023287556676
8680,4,1,0.40412409483465306
8681,5,0,0.1652492131890861
8682,3,0,0.11510688569400776
8683,1,1,0.4894601478895809
8684,3,1,0.7972012652948638
8685,1,0,0.1040982011459966
8686,2,0,0.09419406207051473
8687,2,0,0.17203645779942867
8688,4,0,0.3355235595926555
8689,4,0,0.11960520732197974
8690,4,0,0.13240524549394794
8691,3,0,0.10752731528822103
8692,2,0,0.08637110405638618
8693,1,1,0.5877220292361782
8694,4,0,0.1063536517395466
8695,5,0,0.08235395394554014
8696,5,0,0.3970808062908519
8697,1,0,0.7059055365185358
8698,5,0,0.27803095927365096
8699,3,0,0.2726047624540568
8700,1,0,0.39520462016602953
8701,1,0,0.09630643528053903
8702,3,1,0.8878089617596607
8703,2,0,0.11082231460834073
8704,2,0,0.15831847485362366
8705,2,0,0.09045892647128802
8706,4,1,0.26538707135022815
8707,2,0,0.07913656149987451
8708,2,0,0.12344684223458016
8709,2,0,0.23154589748755372
8710,5,0,0.08196912257060568
8711,4,0,0.12393814358019904
8712,4,1,0.08170360762185916
8713,4,0,0.1411304964624902
8714,1,0,0.22610385837321184
8715,1,0,0.07256522699049478
8716,1,0,0.8562655882680941
8717,1,0,0.21402738863478124
8718,5,1,0.6630705392421224
8719,1,0,0.11592760506768068
8720,4,0,0.07287610374162067
8721,1,0,0.09103420321045531
8722,1,0,0.20527410592796883
8723,1,0,0.15659109588785816
8724,3,0,0.07936860860630604
8725,3,0,0.13018545646822832
8726,3,0,0.08597000802135613
8727,2,0,0.12490249186981196
8728,5,0,0.08252829248498814
8729,5,0,0.2162860701294678
8730,4,0,0.11154426019472051
8731,4,0,0.059841449396361254
8732,3,0,0.1210953579303032
8733,4,0,0.1493767306275841
8734,3,0,0.05952770989915858
8735,3,0,0.13794247794543277
8736,3,1,0.8659707056767959
8737,5,0,0.11003872072382445
8738,4,0,0.13620790227339727
8739,3,1,0.6237973267746457
8740,2,0,0.2805712434509005
8741,3,0,0.10749012990558261
8742,4,0,0.10807711434356763
8743,4,0,0.11778273529394252
8744,4,1,0.7381947333714075
8745,1,0,0.11148644624135597
8746,3,0,0.45638170637279457
8747,3,0,0.45201440303014084
8748,2,0,0.06734519743895158
8749,3,0,0.10101868703661217
8750,5,0,0.15779581791482888
8751,2,0,0.14140787932812962
8752,2,0,0.13684309213927495
8753,2,0,0.1189878962318746
8754,1,1,0.20883359883405872
8755,1,0,0.0889115962781902
8756,1,0,0.24103148180338216
8757,5,0,0.14996572683394596
8758,3,0,0.2427894267952762
8759,3,0,0.14236435998712668
8760,5,0,0.09630963899140325
8761,4,0,0.05879408122927965
8762,5,0,0.19586142401496814
8763,4,1,0.17555966634998021
8764,1,0,0.09451034837084274
8765,1,0,0.13482542218086785
8766,4,0,0.11009451211294419
8767,3,1,0.7257588688106638
8768,2,0,0.15030373131050886
8769,2,0,0.11117360333617667
8770,4,0,0.10086540605213172
8771,2,0,0.20866685993227807
8772,3,0,0.0933008832590332
8773,3,0,0.11432084303986811
8774,3,0,0.13925299190612123
8775,3,0,0.05264870673332803
8776,4,1,0.37334109310926894
8777,3,0,0.05898936913870935
8778,1,0,0.1758946818517424
8779,4,1,0.11263569559233166
8780,2,1,0.875941069992609
8781,4,0,0.1064287207043891
8782,1,0,0.16607216982317774
8783,1,0,0.26577848847611407
8784,5,0,0.1515836783416122
8785,5,0,0.8398678467113221
8786,1,0,0.16227900328950803
8787,4,0,0.1982322070593243
8788,2,0,0.18276224579118847
8789,5,0,0.10468101814255998
8790,4,0,0.11122926291904085
8791,4,0,0.5966068019667183
8792,1,0,0.10000776397874503
8793,3,0,0.11235892437719285
8794,1,1,0.824291908122951
8795,4,0,0.1392906660856618
8796,1,1,0.7145366317787982
8797,5,0,0.2420658385654672
8798,4,0,0.1084249313696541
8799,4,0,0.6976573158160448
8800,5,0,0.38311099447037195
8801,4,0,0.15130578963017124
8802,4,1,0.09992069149853065
8803,1,0,0.06247335321786816
8804,2,0,0.12099790328548725
8805,1,0,0.11691798430044804
8806,3,0,0.14054879509364096
8807,5,0,0.11621410647508924
8808,3,0,0.2633937694790962
8809,2,0,0.4393976518863799
8810,3,1,0.14051196969188723
8811,3,0,0.08626187704595614
8812,2,0,0.43835881498163054
8813,1,0,0.09862422271727082
8814,2,0,0.10812364602584733
8815,3,0,0.06862835107995373
8816,5,0,0.20471708885899206
8817,5,1,0.3128063939216785
8818,5,0,0.3822912003631571
8819,1,0,0.11536759709938428
8820,4,1,0.4798266652396341
8821,4,0,0.1456678855222895
8822,1,0,0.12877918260539173
8823,3,0,0.089085342958031
8824,3,1,0.07916015165564984
8825,5,0,0.42203450110528135
8826,5,0,0.141386045304975
8827,2,0,0.15519999297197762
8828,2,1,0.12694752615546925
8829,2,1,0.0926170461353251
8830,3,0,0.14378929388405928
8831,3,0,0.024029488748395555
8832,2,0,0.1314395003509567
8833,4,0,0.19920056589274665
8834,2,0,0.11659169554491884
8835,5,0,0.04142127708996473
8836,2,0,0.1095487806059175
8837,5,0,0.1558428307290445
8838,1,0,0.09837672159869144
8839,2,0,0.05243336445081582
8840,5,1,0.7319317071538606
8841,1,1,0.8321639416936565
8842,2,1,0.2788368465041033
8843,5,0,0.7415997954367082
8844,5,1,0.3098594097115163
8845,5,1,0.21756155769418647
8846,2,0,0.11777366094475084
8847,1,0,0.24328530683419206
8848,4,0,0.5528962689785551
8849,2,0,0.1117166654409069
8850,4,1,0.37685839885334904
8851,2,0,0.08801852056193957
8852,5,0,0.07871790510652846
8853,2,1,0.24235382778912606
8854,3,0,0.1410695103819375
8855,4,0,0.13697522207468396
8856,3,0,0.13012999508200707
8857,1,0,0.2122646904116797
8858,5,0,0.3216950983566173
8859,4,0,0.10070109858980977
8860,5,0,0.8230382871866554
8861,1,0,0.1505254303273808
8862,5,0,0.12272293555665181
8863,2,1,0.6393196513610055
8864,1,0,0.24430922384431297
8865,1,0,0.6745298400843442
8866,5,0,0.16649245874802926
8867,1,1,0.8749197099946178
8868,2,0,0.12225563740055617
8869,5,1,0.4912384766760613
8870,3,0,0.1916485769035489
8871,5,0,0.09512438236426694
8872,3,1,0.327432550727801
8873,5,0,0.1190681620767726
8874,3,0,0.2370405810059294
8875,4,1,0.18495537591426076
8876,2,0,0.25212909746475615
8877,2,0,0.07505138553441865
8878,2,0,0.16135941732583634
8879,5,1,0.23041263303030585
8880,5,0,0.35366312348210105
8881,1,0,0.1153411774878171
8882,3,0,0.13975447351865694
8883,5,0,0.19042944180761143
8884,1,1,0.34507660724066563
8885,4,0,0.1004989579222716
8886,5,0,0.06762272849615823
8887,1,1,0.7672061257766134
8888,4,0,0.11479171658418917
8889,1,1,0.7939816785401955
8890,4,1,0.48135433562488744
8891,1,1,0.802107429181275
8892,3,0,0.1258056475086796
8893,3,1,0.2041906521000529
8894,1,0,0.10938741036430243
8895,2,1,0.7788992837208786
8896,3,0,0.11931021177267775
8897,2,0,0.11841410052797387
8898,2,0,0.35640472913083954
8899,4,0,0.19077076132035792
8900,5,0,0.17626596984577259
8901,4,0,0.10723099629569492
8902,4,0,0.09766138652122641
8903,4,0,0.06652983922797326
8904,4,0,0.15430481991692746
8905,1,1,0.37957495499189225
8906,4,1,0.13866499860891035
8907,5,0,0.10465106321687861
8908,2,0,0.21479013386611231
8909,1,0,0.06346562668663268
8910,5,0,0.13945598932304545
8911,4,0,0.12713966891872164
8912,4,1,0.6709484538786847
8913,2,1,0.35082547354269894
8914,2,0,0.11423370368678672
8915,5,0,0.16661013892540996
8916,5,1,0.8303137947264467
8917,4,1,0.6464354290398286
8918,3,0,0.09575452349230762
8919,3,1,0.16879214778423796
8920,5,0,0.10241847594630633
8921,2,1,0.14771039985604395
8922,3,1,0.3689447044133324
8923,2,0,0.17365907085626667
8924,5,0,0.1391150319997347
8925,5,0,0.1338342084285512
8926,1,1,0.19635695906047362
8927,5,1,0.646993482210498
8928,1,0,0.17072738341570978
8929,4,0,0.040302164516269084
8930,4,0,0.09355733567328837
8931,4,0,0.14831647682801222
8932,1,1,0.25955012798466753
8933,3,0,0.1326506431672396
8934,2,0,0.10882129168757856
8935,5,1,0.8096376537489683
8936,4,0,0.10586815310402034
8937,2,1,0.2980659857547131
8938,3,0,0.3957901332119958
8939,3,0,0.13739402465755057
8940,3,0,0.19288270206797392
8941,3,0,0.114471725738533
8942,4,0,0.11078594129038667
8943,3,1,0.48407034732876103
8944,4,1,0.6520714136412442
8945,3,0,0.13700218741423673
8946,1,0,0.12101564635180473
8947,5,0,0.1568414818316204
8948,4,0,0.20170716918708032
8949,4,0,0.11902636009230337
8950,3,0,0.1423240771584342
8951,3,1,0.11967083432423632
8952,3,0,0.16650413009739434
8953,5,0,0.05724990170205456
8954,3,0,0.27062862819843725
8955,5,1,0.5843736237680406
8956,4,0,0.1455397343378703
8957,2,0,0.11652509628951423
8958,1,0,0.14478060329703651
8959,5,0,0.11040860809415759
8960,4,0,0.2183764526364555
8961,3,0,0.16766611749915017
8962,2,1,0.8579083604563472
8963,2,0,0.14302595191860237
8964,3,0,0.2909935165591634
8965,4,0,0.1379132558298054
8966,4,1,0.6195972473915671
8967,4,0,0.49357118371961684
8968,1,0,0.21277882402224113
8969,1,1,0.830401652652663
8970,1,0,0.0791797215662243
8971,2,0,0.24590731999307097
8972,1,1,0.6565241148618972
8973,4,0,0.1219407429308285
8974,5,1,0.7092468976506282
8975,4,0,0.09765857960101348
8976,2,0,0.16297118505569955
8977,5,0,0.4645592426419206
8978,2,0,0.23383993637125616
8979,4,0,0.3515262788609297
8980,3,0,0.10629325566516869
8981,2,0,0.10751163996450355
8982,1,0,0.07240250624897558
8983,2,0,0.29036213100996205
8984,3,0,0.17347547894398704
8985,5,0,0.11506087820481552
8986,1,0,0.213271570168513
8987,1,0,0.13724771810689676
8988,2,0,0.09282654617967986
8989,3,0,0.34821824430807397
8990,2,0,0.1840601224398979
8991,5,1,0.04670865635302508
8992,1,0,0.6625822530565206
8993,2,0,0.17519563668420812
8994,4,0,0.1259206909414483
8995,4,0,0.15192586728780513
8996,1,0,0.3651141856064549
8997,2,0,0.30288120040302047
8998,1,1,0.10089011108433966
8999,3,0,0.19133761881543052
9000,2,1,0.4630007269070143
9001,3,1,0.20848806023732788
9002,2,0,0.11869065637607515
9003,3,0,0.14086160646181506
9004,5,0,0.14031908240764762
9005,1,0,0.10728436647772079
9006,4,0,0.15653724043933753
9007,5,0,0.10971549645647673
9008,1,0,0.5526363443574824
9009,5,1,0.2053078330776378
9010,1,1,0.7380867361995188
9011,1,0,0.3533598458909405
9012,3,0,0.12967794607511252
9013,2,0,0.8121192690540254
9014,3,0,0.6092059611655092
9015,1,1,0.14463301573121198
9016,1,0,0.4156620445110391
9017,3,0,0.12265585546203753
9018,5,0,0.1208551129412398
9019,5,1,0.8035539520645016
9020,3,1,0.24403327529468025
9021,5,0,0.3265038930167248
9022,3,1,0.4772643226263301
9023,3,0,0.23668103022665174
9024,4,0,0.14614911308749304
9025,2,0,0.10613868492949524
9026,3,0,0.09587750024038534
9027,3,0,0.3321846501998133
9028,1,0,0.08720166970117495
9029,3,0,0.10358964866938276
9030,2,0,0.026304622341566473
9031,1,1,0.10248841211663307
9032,4,0,0.15712320587585712
9033,4,0,0.7465027158965645
9034,4,0,0.1229249738696179
9035,3,0,0.1537044512207797
9036,2,0,0.10371648600906963
9037,5,1,0.6164979367366473
9038,3,0,0.11890191346363586
9039,2,0,0.2846313772414631
9040,3,0,0.11918531549391867
9041,2,0,0.177745532000824
9042,5,0,0.16094515730919784
9043,3,1,0.15449187208806267
9044,4,0,0.18766715592808722
9045,1,0,0.10833091169724453
9046,4,0,0.8396617055063764
9047,4,0,0.18491179207372516
9048,5,0,0.2718904873378421
9049,2,0,0.09568600251470774
9050,2,0,0.1314680090037137
9051,4,0,0.24021330448107198
9052,2,0,0.1373880376928787
9053,5,0,0.13246411503964292
9054,4,0,0.21984678404662072
9055,3,0,0.1006782660590542
9056,3,0,0.05958601948734545
9057,2,0,0.17881003012483473
9058,5,0,0.16619510044361493
9059,4,0,0.08637724868768594
9060,5,0,0.1627732179359261
9061,5,1,0.09571063909518226
9062,3,1,0.6893748990016293
9063,5,0,0.12296579532778411
9064,1,0,0.178423037092065
9065,1,0,0.4392936235975486
9066,4,1,0.18800316512493032
9067,2,0,0.12568080619423674
9068,4,1,0.2639282755217391
9069,5,0,0.0631394437747624
9070,2,0,0.06914897112464065
9071,2,0,0.241815993686172
9072,3,1,0.12060198347371177
9073,5,0,0.06720576577685866
9074,1,0,0.0971793430539151
9075,2,0,0.10799760650258965
9076,5,0,0.051678038924640374
9077,4,0,0.15895877043947781
9078,2,0,0.11769487113268325
9079,4,0,0.24225907687648598
9080,2,1,0.13028502839408437
9081,4,0,0.1304735321821371
9082,4,0,0.11550389899341645
9083,2,1,0.8579242352892743
9084,5,0,0.15000060492342007
9085,4,0,0.288918091325738
9086,3,0,0.39551067768909703
9087,5,1,0.13299534000246357
9088,1,1,0.5377059461817183
9089,4,0,0.24167081426988843
9090,5,0,0.06174992362440231
9091,4,0,0.09094120817384667
9092,4,1,0.7673321301648753
9093,3,0,0.7381982673299197
9094,3,0,0.15377681384013903
9095,4,1,0.3925571371823003
9096,5,0,0.14926626165538442
9097,4,0,0.20726612628047844
9098,1,0,0.11176870840385512
9099,2,1,0.16509409472972267
9100,1,0,0.09966276864655309
9101,1,0,0.13648080409996644
9102,5,1,0.8221688642688677
9103,1,0,0.11684693623992519
9104,1,0,0.3117326868841888
9105,4,0,0.19267832054965803
9106,1,0,0.1815202786832353
9107,2,0,0.17291188652443265
9108,2,0,0.09611695086982562
9109,3,0,0.16299342380017304
9110,2,0,0.14555251036349715
9111,5,0,0.3967301503131842
9112,1,0,0.11586398714566333
9113,1,1,0.8110717756386622
9114,3,0,0.08621436709288352
9115,5,0,0.8057353894278697
9116,5,0,0.43473827565180634
9117,5,0,0.23476707079652032
9118,2,0,0.2133324883331897
9119,4,0,0.1414584181133467
9120,4,0,0.21035606127792084
9121,5,0,0.056194747304082165
9122,4,0,0.08812661035724907
9123,1,1,0.09051198780528358
9124,1,0,0.07455929752272829
9125,1,0,0.13579146523628055
9126,1,0,0.10324007636082104
9127,2,0,0.0970171352713946
9128,2,0,0.051739539295933196
9129,1,0,0.12300786222124076
9130,2,1,0.5687764871737313
9131,5,1,0.15282515337293548
9132,3,0,0.08733932274123779
9133,5,0,0.11505802514086341
9134,5,0,0.10802523875890817
9135,4,0,0.0845224895724304
9136,2,1,0.4342608249936998
9137,1,1,0.680428103930912
9138,5,0,0.1038008516623859
9139,2,0,0.23821733377922907
9140,5,0,0.13751273782871481
9141,2,0,0.09561009116001762
9142,5,1,0.11559184631908705
9143,1,0,0.1115579142627358
9144,2,0,0.14729764744596674
9145,2,1,0.3573343044545611
9146,5,0,0.11116369891060704
9147,3,1,0.2887724484713674
9148,1,0,0.0786239561702834
9149,3,0,0.24822160593189946
9150,2,0,0.16045279497813877
9151,3,0,0.22560538648797926
9152,2,0,0.15343921152847262
9153,4,1,0.47432544047418507
9154,3,0,0.09676899082138621
9155,3,0,0.08386940461707308
9156,1,0,0.09063732557939033
9157,3,0,0.08839194936109189
9158,3,1,0.1368078745603221
9159,1,1,0.11750446747103682
9160,4,0,0.11239886978574254
9161,2,0,0.035363752170536784
9162,1,0,0.129348378252062
9163,2,1,0.7322949951371083
9164,4,1,0.09960077369550481
9165,1,0,0.3330530216105815
9166,4,1,0.2662302988636273
9167,4,1,0.13711027916564658
9168,5,0,0.05690410625572378
9169,2,0,0.10361340337059993
9170,3,0,0.14047252558505058
9171,2,0,0.22584729029738804
9172,2,0,0.4792385186916221
9173,4,0,0.1048825984811706
9174,2,0,0.11604077209293735
9175,5,0,0.13146152799751243
9176,5,0,0.18093507402057074
9177,5,0,0.099566754641726
9178,5,1,0.4322861111718464
9179,2,1,0.4924866055607114
9180,1,0,0.12177472305601299
9181,3,0,0.06511266716048388
9182,3,1,0.1988837916991286
9183,2,1,0.102221843784379
9184,3,1,0.1474320733493897
9185,1,0,0.12245883545584191
9186,5,0,0.13794466221549076
9187,2,1,0.1995140940545185
9188,3,0,0.3304790466361093
9189,2,1,0.743217903363846
9190,5,0,0.17886443583680003
9191,3,0,0.31712836835164737
9192,1,0,0.09854232969757314
9193,1,0,0.42209125742959896
9194,3,0,0.08461536376333022
9195,3,0,0.24429924293066343
9196,1,0,0.11841957768241383
9197,1,0,0.1554095301569783
9198,5,0,0.11852097974625911
9199,2,0,0.04714789036326221
9200,2,0,0.048952717448853086
9201,2,0,0.2169748180969389
9202,3,1,0.13273590363679325
9203,3,0,0.12600437770010614
9204,1,0,0.20265243644088457
9205,4,1,0.5883153835610514
9206,3,1,0.24356739779022474
9207,2,0,0.10420794466636026
9208,3,0,0.11757673804873608
9209,1,0,0.10118983240348955
9210,2,1,0.8464564273404402
9211,4,0,0.26710022358569807
9212,1,0,0.1420369584952383
9213,3,0,0.14716198274428624
9214,4,1,0.46186291844948646
9215,4,0,0.2316611822853863
9216,5,0,0.26239718388735006
9217,5,0,0.42706681279339187
9218,2,1,0.33996988553842333
9219,2,1,0.5831290397230624
9220,1,0,0.11894045946187665
9221,4,0,0.1349991224388311
9222,1,0,0.09627959769664177
9223,4,0,0.12336935056527838
9224,2,0,0.090014485861092
9225,5,0,0.07096222062616073
9226,1,0,0.244168244290554
9227,3,1,0.3801371728651779
9228,2,0,0.14914823508424058
9229,1,0,0.20601085081923515
9230,1,0,0.10139372070245174
9231,4,1,0.24113052278227334
9232,2,1,0.15256158357392233
9233,3,1,0.9052855294073235
9234,3,1,0.12497636318081476
9235,4,0,0.23641670179975607
9236,3,1,0.8593911384922254
9237,2,0,0.1446831165988735
9238,4,1,0.29814585788234954
9239,3,0,0.08932787037940804
9240,2,0,0.2747612606164064
9241,5,0,0.36601748582793536
9242,4,0,0.3011266370516159
9243,4,1,0.45111892094881784
9244,2,0,0.14310251881578834
9245,5,0,0.2310845542615903
9246,2,0,0.07847532576775419
9247,4,1,0.8594807516247818
9248,2,0,0.12560668458110014
9249,4,0,0.21187726503957008
9250,1,0,0.10286105671735131
9251,3,1,0.5334730619633652
9252,2,0,0.2713306713527812
9253,1,0,0.12479239486896894
9254,3,0,0.8310577990144907
9255,4,1,0.13609077301186667
9256,5,0,0.1007456475374046
9257,2,1,0.14541421196681517
9258,4,0,0.07114072731479398
9259,3,0,0.41529259945730657
9260,4,0,0.13655216215144167
9261,1,0,0.09591790701603738
9262,4,1,0.12838121146013357
9263,2,0,0.08889331912481058
9264,5,0,0.7868046880897205
9265,4,0,0.1121193190761808
9266,4,0,0.1717780868133601
9267,3,0,0.18937078556704687
9268,2,0,0.17495609418126348
9269,4,0,0.1524399511057908
9270,1,0,0.14938481403748038
9271,1,0,0.13096306570919264
9272,4,1,0.30028392106091795
9273,1,0,0.09887378733581288
9274,2,0,0.5253968422735732
9275,2,0,0.33199644935701544
9276,3,0,0.12786101614074477
9277,1,0,0.18116119650088502
9278,1,1,0.7281024285693012
9279,3,1,0.23888684276894076
9280,5,0,0.14306259831754073
9281,4,0,0.20310480054493146
9282,1,1,0.5874042317091608
9283,4,0,0.12254917274674848
9284,3,0,0.11106095964501603
9285,2,0,0.15306751030212618
9286,3,0,0.08681095054395892
9287,3,0,0.10927489367219662
9288,1,0,0.09905351340956753
9289,3,0,0.12375443572673091
9290,2,0,0.1659940945838795
9291,5,1,0.2781816998003009
9292,4,0,0.13391069250898024
9293,2,0,0.1276472805716142
9294,5,0,0.09526369874550672
9295,2,0,0.13593712489332854
9296,2,1,0.10438790547724179
9297,5,0,0.6163120572488925
9298,5,0,0.19914861560179636
9299,2,0,0.1258036893248013
9300,1,1,0.09454256623921553
9301,4,0,0.13073906816632253
9302,4,0,0.12231937980720582
9303,4,1,0.1321912239978838
9304,5,0,0.33509883382455463
9305,2,0,0.2744698224740921
9306,4,1,0.7706791305398122
9307,3,0,0.08530319114220761
9308,4,1,0.07731535302691545
9309,5,0,0.10841710580969242
9310,3,1,0.1970051705720049
9311,1,0,0.1128046783106278
9312,1,1,0.7607088705504098
9313,1,0,0.11484523917028887
9314,5,0,0.06636974456669788
9315,1,0,0.06498801723246445
9316,5,1,0.06878112444843432
9317,3,1,0.5614304775013796
9318,2,0,0.23243737412821416
9319,4,0,0.09925332059686026
9320,3,0,0.13372663954747224
9321,3,0,0.07020929951109703
9322,1,1,0.21004410166267426
9323,1,0,0.16559116562719758
9324,1,0,0.14325750503615267
9325,3,0,0.13080452055166283
9326,2,1,0.6918891357685999
9327,5,0,0.2960823446716544
9328,1,0,0.1075534684399239
9329,3,1,0.8219980102679193
9330,3,1,0.13142098402768287
9331,1,0,0.09110472000914883
9332,3,0,0.13597752829131157
9333,2,1,0.5816578404878807
9334,3,0,0.059024213551322785
9335,2,0,0.582290132806918
9336,1,1,0.4357743652590065
9337,2,1,0.15014172291971792
9338,3,0,0.12115041838574868
9339,1,0,0.6222325659171857
9340,3,0,0.2273940354629495
9341,5,1,0.15004919747114992
9342,1,0,0.12585588078392598
9343,5,1,0.6959681233572218
9344,2,0,0.07413860790432221
9345,3,0,0.139367694589571
9346,3,1,0.18410975963982062
9347,4,0,0.10179531523255064
9348,4,0,0.1876186501221345
9349,2,1,0.5456550197913083
9350,5,0,0.13289815369749836
9351,2,0,0.1467419768803136
9352,2,0,0.26122186574160944
9353,3,0,0.15247752188754307
9354,1,0,0.16133817784978366
9355,2,0,0.0818555502571033
9356,5,0,0.1248511704735039
9357,4,0,0.09890748550356925
9358,3,0,0.1480848721823786
9359,5,1,0.2146066750731234
9360,2,0,0.13662436435575764
9361,5,0,0.11676249557921098
9362,3,0,0.08039421140913827
9363,1,0,0.18477324201120907
9364,5,0,0.2912390863599734
9365,5,1,0.40565349420253466
9366,1,0,0.13545553385387635
9367,2,1,0.16405603208663216
9368,1,1,0.7501303467106881
9369,1,1,0.30348337769043854
9370,5,0,0.09976101713302879
9371,2,0,0.12373033040774299
9372,2,1,0.16394853302218335
9373,1,0,0.22213256777690643
9374,5,0,0.032906364118844456
9375,2,0,0.17470636900272968
9376,5,0,0.08901485708603159
9377,4,1,0.18892999074587336
9378,3,1,0.9053902637233961
9379,3,0,0.0957056573029104
9380,5,0,0.1379912567149225
9381,4,1,0.758288233181452
9382,5,1,0.2546193383291196
9383,1,0,0.07125577715290896
9384,2,0,0.5817207125776053
9385,2,0,0.3393037668554803
9386,5,0,0.08259243139457856
9387,2,0,0.271043274758355
9388,5,1,0.06857013653874208
9389,2,1,0.13226368845220107
9390,4,0,0.05348206855557397
9391,3,0,0.2890982863931583
9392,2,0,0.09866662004926903
9393,3,0,0.18157190636596504
9394,2,0,0.08381009120033028
9395,4,1,0.7670966287388646
9396,1,0,0.11810751067960307
9397,5,0,0.17871927844503635
9398,5,0,0.14048204088954316
9399,1,0,0.14801150939338356
9400,2,0,0.21357723994169692
9401,1,0,0.8400335208080623
9402,4,0,0.12705851100234988
9403,3,1,0.14778087025963255
9404,2,0,0.07566248045441588
9405,1,0,0.10819667754737997
9406,3,1,0.8605246460680751
9407,1,0,0.08128245045633527
9408,1,0,0.10675143478569342
9409,1,0,0.09480050753135018
9410,2,1,0.12752608640654314
9411,2,0,0.20458141025338988
9412,2,0,0.09427865336327805
9413,2,0,0.135929421035148
9414,4,0,0.12128867064529247
9415,3,0,0.14582708495483077
9416,4,0,0.22089841412528924
9417,1,0,0.5309365821635493
9418,3,0,0.10480217899738056
9419,3,0,0.14505142855184563
9420,4,0,0.10185394592941399
9421,5,0,0.15604997905121892
9422,4,1,0.3318983211975955
9423,2,0,0.12214444886961688
9424,3,0,0.11794671407385482
9425,2,0,0.2166268658664179
9426,4,0,0.13862900687367233
9427,5,0,0.08500357209473366
9428,2,0,0.33039193413065576
9429,3,0,0.10234736082866687
9430,2,0,0.07811316156089022
9431,4,0,0.10700849674447087
9432,5,0,0.09628764944240026
9433,4,0,0.08746775546049079
9434,5,0,0.11621634255487331
9435,3,1,0.3074752752197328
9436,3,1,0.15096875270761842
9437,1,0,0.08780251568961872
9438,3,0,0.1019247925166452
9439,3,0,0.0661857653021622
9440,4,1,0.6022161936110767
9441,3,1,0.7499434225798823
9442,4,1,0.19791881644077564
9443,5,0,0.11856386083084279
9444,4,1,0.7090906276762824
9445,5,0,0.4644925968272835
9446,4,0,0.07412717367866943
9447,3,0,0.17353720137626955
9448,5,1,0.24096049928617144
9449,1,0,0.24704918391582767
9450,2,0,0.6530454814030018
9451,2,0,0.09525968776810845
9452,1,0,0.08939358737800258
9453,1,0,0.07079170918854304
9454,5,0,0.15580397765059453
9455,2,0,0.3011132515642843
9456,2,0,0.08630784881949072
9457,1,0,0.11057948350357338
9458,1,0,0.08655004320378305
9459,1,1,0.21234056245464533
9460,3,1,0.2236151268539276
9461,3,0,0.14833927400157138
9462,1,0,0.16859669163064983
9463,4,0,0.1778637718818939
9464,2,0,0.47507336243809023
9465,5,0,0.2781547881784646
9466,4,1,0.09531541688697348
9467,1,1,0.15751338747704602
9468,1,0,0.08822560068104524
9469,5,0,0.09628547344568723
9470,5,0,0.7076428826993012
9471,5,0,0.11388345945656511
9472,2,0,0.08810301444025107
9473,3,0,0.3656966877427118
9474,4,0,0.03504431236315635
9475,5,0,0.07753155689512015
9476,1,1,0.8496047976501248
9477,3,0,0.10468223154005961
9478,5,0,0.21060716958951647
9479,4,0,0.1272648215317545
9480,3,0,0.09023697078150644
9481,1,0,0.14709105388380125
9482,1,0,0.05456663889895759
9483,1,0,0.28732726897916444
9484,1,1,0.19705737575569515
9485,5,1,0.2721700064773653
9486,2,0,0.15216392813118804
9487,1,1,0.09548380011611377
9488,4,0,0.21772513440732794
9489,3,0,0.12931524779255746
9490,5,0,0.1368449611694092
9491,4,0,0.13416169084868376
9492,2,0,0.13056147655955805
9493,2,0,0.08382770742374732
9494,2,1,0.16331375270033102
9495,5,0,0.08323600874601925
9496,5,0,0.2523222809609753
9497,5,0,0.12746889958392976
9498,1,1,0.3501769440291395
9499,3,0,0.09409808352740005
9500,1,0,0.14224949845716156
9501,2,1,0.19594066109786396
9502,4,0,0.32434200424120097
9503,1,0,0.3451613385707716
9504,2,0,0.16851104264832814
9505,5,0,0.13674570951818274
9506,2,1,0.21255142109769015
9507,4,0,0.07797730216697257
9508,2,0,0.18303446950270988
9509,4,0,0.16246481732329263
9510,4,0,0.25004508312404494
9511,2,0,0.2044768507955585
9512,3,0,0.0750471544415216
9513,1,0,0.08635408471738967
9514,4,0,0.06543529372240374
9515,2,0,0.10010588058816702
9516,3,0,0.055420673475880866
9517,1,0,0.1432198323292137
9518,1,0,0.19845098081490462
9519,2,0,0.10362337706100579
9520,3,0,0.12122486781805217
9521,5,1,0.1329365304262092
9522,4,0,0.2694774920759796
9523,5,0,0.10407886490529394
9524,5,0,0.09722354017830147
9525,5,1,0.11694654572123295
9526,2,0,0.09533313590030576
9527,5,0,0.6623437097403314
9528,4,0,0.10787277430691838
9529,3,0,0.396142771895466
9530,2,1,0.764316584606782
9531,4,0,0.0772806631116978
9532,2,0,0.10733028729663778
9533,1,0,0.16872210316212438
9534,5,1,0.8269935228786546
9535,1,0,0.11083304258126694
9536,4,1,0.12102567797143692
9537,2,0,0.5794000654295468
9538,4,0,0.06020909238973101
9539,4,0,0.07864160084207437
9540,2,0,0.33436853132671523
9541,3,0,0.028066334318728264
9542,1,0,0.29374185525831714
9543,3,0,0.11642084454546758
9544,4,0,0.21624627623930523
9545,5,0,0.05915406489142785
9546,5,0,0.2182005468406881
9547,4,0,0.17460904177605213
9548,5,0,0.31012785029696555
9549,4,1,0.5727288690617264
9550,1,1,0.14504578636008283
9551,4,1,0.1197109034310763
9552,5,0,0.13791795881051472
9553,5,0,0.23466329957840062
9554,2,1,0.06670330065850494
9555,4,1,0.3082782021278725
9556,5,0,0.4760042849895892
9557,3,1,0.1524553389871633
9558,1,0,0.43917088965067136
9559,4,0,0.10348870566210709
9560,5,0,0.12975514707798877
9561,3,1,0.5469109268849477
9562,4,0,0.15397867559256143
9563,2,0,0.3083188323402536
9564,4,0,0.1050056540240264
9565,1,0,0.14691163071618588
9566,4,1,0.8278350755366298
9567,1,0,0.08134006443693495
9568,5,0,0.12484469005948295
9569,4,1,0.6674470926073832
9570,2,0,0.06429291214990336
9571,4,0,0.09657147149944628
9572,1,0,0.10185592458730806
9573,3,0,0.11287432542115819
9574,1,0,0.19299931098610737
9575,5,0,0.3328441288562056
9576,1,0,0.1399461387530853
9577,4,0,0.08763367660746194
9578,5,1,0.6910629013819868
9579,4,0,0.08886407074306324
9580,3,0,0.37403467413670366
9581,3,0,0.0947194069816637
9582,1,0,0.16647402542596737
9583,3,0,0.48331007601738096
9584,1,1,0.5497042770302493
9585,4,0,0.2812770592749492
9586,2,0,0.10492327945039297
9587,1,0,0.08899001151274445
9588,3,1,0.28321496872736973
9589,2,1,0.03140463030910609
9590,2,0,0.08676522180974892
9591,5,1,0.12090851576909765
9592,2,1,0.11634405835010404
9593,1,0,0.12290544136631802
9594,3,1,0.12521926535498035
9595,1,1,0.8737115247281113
9596,4,1,0.10794780872566481
9597,3,0,0.5387305261950809
9598,4,0,0.11908882479648729
9599,3,0,0.2749951081802443
9600,3,1,0.7863457152156254
9601,1,0,0.11752803571854702
9602,1,0,0.19052733404295202
9603,1,0,0.0748977275653134
9604,1,0,0.09968959753514588
9605,4,0,0.32901430139366317
9606,3,0,0.7724865331974826
9607,1,0,0.08190270852009826
9608,1,0,0.18649278581249934
9609,3,0,0.15155977214855088
9610,3,0,0.1263703479103451
9611,1,0,0.49202404605385497
9612,1,0,0.09151758391079284
9613,3,0,0.17937845590493873
9614,3,0,0.06609691888998084
9615,5,0,0.6887175269694148
9616,5,0,0.10209663318106042
9617,4,1,0.1969089044233763
9618,1,0,0.1933656589839041
9619,1,1,0.12137292161728286
9620,1,1,0.05448748341504995
9621,5,0,0.16202298216216598
9622,2,0,0.11229972971289798
9623,2,0,0.1583035444657473
9624,1,0,0.14528962537939547
9625,2,0,0.531116666362974
9626,5,0,0.1252123825980148
9627,3,0,0.09498891277015337
9628,3,1,0.12175511645121356
9629,5,0,0.0954127344538768
9630,3,1,0.8434278706915161
9631,2,0,0.12343624144531486
9632,2,1,0.13740815964172484
9633,3,0,0.2500693038771192
9634,5,0,0.12738290935015276
9635,5,0,0.06200154470144456
9636,2,0,0.16382780443539655
9637,3,1,0.6295652371141525
9638,1,0,0.15289386328562704
9639,3,1,0.856369572634104
9640,5,0,0.34498695287840525
9641,3,0,0.12776074718438002
9642,1,1,0.11534783005680557
9643,5,0,0.1022162154353233
9644,3,0,0.06400383967594758
9645,1,1,0.5348065644302068
9646,2,0,0.10375857785163113
9647,5,0,0.36288178183391234
9648,4,0,0.19574148993791107
9649,5,0,0.12888413465577062
9650,3,0,0.19753849513789576
9651,1,1,0.27778760559210774
9652,1,0,0.06907530088115421
9653,5,0,0.05938336173442744
9654,3,0,0.12852786181146053
9655,1,0,0.10746733977998024
9656,1,0,0.16759243456254835
9657,2,0,0.12128702235348929
9658,3,0,0.3591541932851476
9659,5,0,0.10506827466395431
9660,3,0,0.14203040383190374
9661,4,1,0.06614188966011345
9662,3,1,0.0963548931522999
9663,4,0,0.22918664456475044
9664,3,0,0.13871946272045
9665,5,0,0.142012278615257
9666,3,0,0.1411764937357001
9667,5,0,0.23104555728194814
9668,4,0,0.10950387245188793
9669,4,0,0.07094550553840656
9670,4,0,0.2919261345664553
9671,1,1,0.21738833308210548
9672,1,0,0.09189610274033694
9673,5,1,0.09928326359404104
9674,5,0,0.1368241742492177
9675,1,1,0.26309210936545707
9676,4,1,0.0672370008842865
9677,1,0,0.5147936467498898
9678,2,1,0.6295166054735348
9679,3,0,0.05853835680466202
9680,2,1,0.7169233418314529
9681,5,1,0.090684033492142
9682,2,1,0.8322691568184613
9683,2,0,0.10950315433405683
9684,5,0,0.14094792185175478
9685,5,1,0.12230288319667276
9686,4,0,0.14846908181430937
9687,1,0,0.2813532867131423
9688,5,1,0.8295224833273539
9689,5,0,0.08970153796415441
9690,2,1,0.7914261254036784
9691,2,0,0.1577449597052719
9692,1,0,0.06021461596549676
9693,2,0,0.12668708493891498
9694,5,1,0.05329330231643025
9695,1,0,0.06503805126710618
9696,4,0,0.09511513858134549
9697,5,0,0.10241371659118959
9698,5,1,0.4854996780331533
9699,3,1,0.2003332022979135
9700,4,1,0.18896529508193707
9701,5,0,0.0984025216677922
9702,5,1,0.7925281641124535
9703,3,1,0.22797722730219158
9704,3,0,0.08559294007343038
9705,5,0,0.31719780663947883
9706,2,1,0.32823092909132595
9707,3,0,0.10598354626927173
9708,1,0,0.4674020619257524
9709,5,0,0.6919314560637638
9710,4,0,0.08772809674036171
9711,2,0,0.13852888948612116
9712,3,0,0.0877849100931031
9713,4,0,0.07093144314111745
9714,5,1,0.1918316645240698
9715,2,0,0.1190633772757749
9716,3,0,0.1405733658661055
9717,3,0,0.06244636315293083
9718,4,1,0.16338685932282113
9719,1,0,0.184650321688513
9720,2,1,0.31198721769491206
9721,1,1,0.2322458974365875
9722,1,0,0.13310033546833291
9723,3,0,0.2793553449477242
9724,5,0,0.11988290029645476
9725,5,0,0.17352260865043226
9726,3,0,0.12868946187965796
9727,5,0,0.07991363306326349
9728,1,0,0.1293100329575723
9729,5,1,0.518408040735615
9730,3,0,0.1384900478010153
9731,1,0,0.13487074952691425
9732,4,1,0.1615124327502893
9733,2,1,0.1893615352561726
9734,3,1,0.6827544498808806
9735,3,0,0.12158645196254592
9736,1,0,0.2661949916991058
9737,3,0,0.39729675007921655
9738,4,0,0.06989277525806069
9739,2,0,0.1340547714900037
9740,1,0,0.10078419682323125
9741,3,0,0.10591385805191626
9742,5,0,0.1123017696354639
9743,5,0,0.14567302701150478
9744,5,0,0.292889845272266
9745,3,1,0.5322735306280559
9746,2,1,0.8699850467785795
9747,1,0,0.12126660182296028
9748,3,0,0.10868101475491485
9749,4,0,0.224414883638084
9750,4,1,0.3614765628990356
9751,1,0,0.308658483220691
9752,1,0,0.15818072719397086
9753,5,1,0.07875703056101596
9754,4,0,0.108452537194145
9755,5,0,0.4090757011251451
9756,2,0,0.14278256520981764
9757,1,1,0.6676241131785048
9758,3,0,0.2492736675827531
9759,4,0,0.07657845080111392
9760,2,0,0.1682996674437968
9761,2,1,0.14185328804015326
9762,2,0,0.0938847840451565
9763,3,0,0.12491327600237763
9764,5,1,0.11789540801739383
9765,2,0,0.2994840510737229
9766,5,0,0.11599092118999774
9767,3,0,0.08563045931472141
9768,5,1,0.6726008678469989
9769,2,0,0.06700775571333742
9770,3,1,0.13924506086091967
9771,1,0,0.04416522547125728
9772,5,1,0.27193467175134156
9773,1,1,0.6957096822283608
9774,4,1,0.6868417558571135
9775,1,0,0.13753391018079372
9776,3,0,0.11921008044979275
9777,2,0,0.08008916627287206
9778,3,0,0.14384739041371306
9779,4,0,0.26522877468361267
9780,2,0,0.17188383741024796
9781,2,0,0.2030284315029954
9782,1,0,0.3722681414553759
9783,5,0,0.09325897378543666
9784,4,0,0.14188990643420185
9785,5,0,0.01783655934562235
9786,4,0,0.10674458210899594
9787,3,0,0.12636910747004632
9788,1,1,0.6726639740538326
9789,2,0,0.09001826411613566
9790,3,0,0.07285831709164689
9791,2,1,0.5504165619591245
9792,1,0,0.2748162811924158
9793,4,0,0.05264863673416517
9794,5,0,0.2870111666539801
9795,5,1,0.15160686078357558
9796,5,0,0.1331441738024816
9797,4,0,0.21813477557445404
9798,3,1,0.26516436658759807
9799,3,1,0.3647225990572851
9800,5,0,0.2660257234416376
9801,4,0,0.09432897328204025
9802,2,0,0.100493405730683
9803,3,0,0.036641016932921086
9804,2,0,0.0672067284776205
9805,1,0,0.11091134456254953
9806,5,0,0.10031714223034978
9807,2,0,0.12625230555853878
9808,5,1,0.45059365792586104
9809,5,0,0.17117204312724607
9810,1,0,0.09898719542471698
9811,4,1,0.4285329282203601
9812,4,0,0.10392656661247628
9813,5,1,0.11987384998524352
9814,1,0,0.11121393768367924
9815,5,1,0.8905229279130702
9816,1,0,0.19795480231584325
9817,4,1,0.6007778703512878
9818,4,0,0.12080480608513533
9819,4,0,0.22107936948809448
9820,4,0,0.13275639636260075
9821,2,1,0.3030785256525517
9822,2,0,0.23247501015666164
9823,5,0,0.09724735759030695
9824,5,0,0.1628617223548201
9825,5,1,0.8038073022948055
9826,3,1,0.7766965715641735
9827,2,0,0.15041255054612343
9828,5,0,0.1262099966556929
9829,2,1,0.5947756149576701
9830,1,0,0.15292795332459763
9831,4,1,0.10968839180013841
9832,2,0,0.20930376392905867
9833,4,1,0.5181402753525468
9834,2,0,0.3169403888266939
9835,2,0,0.12133464463288185
9836,2,1,0.13986656686107257
9837,4,0,0.6095539370041458
9838,2,1,0.07027657553660083
9839,4,0,0.12001020689339523
9840,4,1,0.7370774420473543
9841,5,1,0.9164357200604885
9842,2,0,0.0987978264274529
9843,5,0,0.21265515876634336
9844,4,0,0.8661971814160043
9845,1,0,0.08629053316047529
9846,5,0,0.09915605295424852
9847,3,1,0.13140472743760648
9848,4,0,0.1088159214525208
9849,5,0,0.08913439356975132
9850,5,0,0.1452927991457876
9851,4,0,0.1364250424524155
9852,1,1,0.12595286032220895
9853,4,1,0.1066820221925276
9854,3,0,0.09073349005215615
9855,3,0,0.16166742487446045
9856,2,0,0.04056565211967903
9857,4,1,0.13499441409462068
9858,4,0,0.19093145163075312
9859,4,0,0.12230238188726579
9860,1,0,0.34803243038583365
9861,2,0,0.17529930198933713
9862,5,0,0.26401379389117363
9863,3,0,0.106999943663089
9864,3,0,0.16023409391220825
9865,2,0,0.11837868982295825
9866,2,1,0.056865711371580197
9867,4,0,0.08791554327981133
9868,3,0,0.12341522944957113
9869,4,1,0.5754666978999949
9870,2,0,0.11813153541677714
9871,3,1,0.7461281278780404
9872,3,0,0.12582709660023272
9873,1,0,0.10809797669242002
9874,3,0,0.20456793605804208
9875,2,0,0.10614668817615638
9876,4,0,0.08246207609407434
9877,1,1,0.6114150782811439
9878,3,0,0.15074495655604847
9879,3,1,0.797801490795233
9880,1,0,0.1029047738942249
9881,5,1,0.13745158827126144
9882,3,0,0.3921788905725611
9883,2,0,0.8026647120588174
9884,5,0,0.07844594484679974
9885,1,0,0.17652011365089568
9886,2,0,0.13888337016350366
9887,2,1,0.4062910765499108
9888,2,0,0.0724166885548883
9889,1,0,0.07019496565275382
9890,5,0,0.0794730538924655
9891,1,0,0.14820501826844157
9892,5,0,0.7638018286913877
9893,3,0,0.1555644438589984
9894,4,0,0.08407639895731825
9895,5,0,0.5925255179369228
9896,2,0,0.14758660254051073
9897,1,0,0.2851905864904998
9898,5,0,0.19000667211270902
9899,2,0,0.13672046242344008
9900,3,0,0.18433122608419528
9901,1,0,0.14588688165006833
9902,5,0,0.2548719592986396
9903,5,1,0.19710518582269618
9904,1,0,0.09871727992274153
9905,5,0,0.11731472444127043
9906,1,0,0.3783566643791995
9907,1,0,0.0730136942631009
9908,4,0,0.22295411162187836
9909,4,1,0.12649950115121236
9910,3,1,0.16302289572509168
9911,5,0,0.11564903541629601
9912,2,0,0.17372031852105718
9913,3,0,0.1405116645833361
9914,5,0,0.08468685048855655
9915,3,0,0.1635891386835597
9916,4,0,0.07548167458445923
9917,4,1,0.8084275203205107
9918,2,0,0.1149951312992521
9919,2,0,0.10042535490965136
9920,5,0,0.08087349593569365
9921,1,0,0.16890907393573049
9922,4,0,0.1912615730851824
9923,3,0,0.09638785964713512
9924,4,0,0.2138820508701063
9925,5,1,0.3249604899127891
9926,5,0,0.23550465066365622
9927,5,0,0.17987971488990356
9928,2,0,0.10336492363380648
9929,1,0,0.09472830077087067
9930,2,0,0.22363854298203964
9931,5,0,0.10783733653551095
9932,2,0,0.14028343108013516
9933,2,0,0.17127361642742786
9934,3,1,0.13631290129365434
9935,3,1,0.23534147578835615
9936,5,0,0.06786865482772399
9937,3,0,0.11141210882829461
9938,1,1,0.3909983772550982
9939,3,0,0.14230333841465964
9940,1,0,0.5747851648699099
9941,2,0,0.1280376619336881
9942,5,0,0.13534572690946603
9943,3,1,0.08460910014746328
9944,4,0,0.21327477128201205
9945,5,0,0.13989446684879162
9946,4,0,0.13436472409441888
9947,1,0,0.060753633563880506
9948,1,0,0.17809815361004677
9949,1,0,0.1403602037586066
9950,4,1,0.7536972488331359
9951,2,0,0.17222594316540782
9952,3,1,0.8394504799949981
9953,5,0,0.19495642514511974
9954,3,0,0.07862411909656042
9955,1,0,0.27678649838678443
9956,2,1,0.40079586604326173
9957,5,0,0.15554716650414893
9958,2,0,0.1635915593933676
9959,3,1,0.7248795694388925
9960,4,1,0.1838446744340717
9961,4,0,0.14790601389921268
9962,1,0,0.39889637495375374
9963,4,0,0.1729156317676813
9964,2,0,0.15367296474945188
9965,2,0,0.11571797513673153
9966,4,0,0.3471866065917391
9967,4,0,0.10579950672975413
9968,4,0,0.07598473152753067
9969,4,0,0.19941415071065308
9970,2,0,0.1245477348434655
9971,5,0,0.11396029151447944
9972,3,0,0.18722177802536774
9973,1,0,0.14575998372239413
9974,4,0,0.2909905940138607
9975,2,0,0.1640733390125587
9976,5,0,0.2221994336968628
9977,1,0,0.10557922729660103
9978,3,0,0.08423572766843924
9979,2,0,0.11107541836009602
9980,5,0,0.132418835909982
9981,5,0,0.1385776157779364
9982,5,1,0.7969250933174189
9983,4,0,0.14702206488842579
9984,4,1,0.12588228100452042
9985,1,1,0.05594839361266251
9986,5,1,0.1348218603041981
9987,3,0,0.07543252466064349
9988,3,0,0.44243589347176887
9989,3,0,0.47015656337734607
9990,2,1,0.6545100780540766
9991,3,0,0.2925930115799122
9992,1,0,0.11393030250756478
9993,2,1,0.12861420567390885
9994,2,0,0.30685285195926537
9995,2,1,0.3619718738055665
9996,3,0,0.16497289923303513
9997,1,0,0.09909161154296559
9998,4,0,0.20475519892264976
9999,4,1,0.6265883917523719
10000,1,0,0.1551993362034225
10001,3,0,0.1637021039689665
10002,3,0,0.14664246603776065
10003,5,1,0.6849345421143633
10004,5,0,0.215590050114828
10005,2,0,0.14387096304161937
10006,5,0,0.07485510078608809
10007,5,1,0.1256877712524204
10008,2,0,0.10155581347566515
10009,5,0,0.14326072016696081
10010,5,0,0.08091637308579515
10011,4,0,0.26847728760422324
10012,4,0,0.11500208953389883
10013,3,0,0.018204569236895646
10014,4,1,0.4553766672471595
10015,3,0,0.11951513047430176
10016,4,0,0.10816339093346454
10017,5,0,0.5447306867548979
10018,4,0,0.4526425854240399
10019,4,1,0.36947671696590517
10020,3,0,0.6259564396336618
10021,2,0,0.16445525504219835
10022,5,0,0.1402471886602799
10023,2,0,0.14595557790900682
10024,4,0,0.15503838858162722
10025,2,1,0.12533963585223615
10026,3,0,0.13799063162858466
10027,5,0,0.0910796076597093
10028,2,0,0.12340719314617934
10029,4,0,0.362024062273059
10030,5,1,0.7786414496803272
10031,1,0,0.09642138248213057
10032,2,0,0.09253094582530022
10033,4,0,0.1095436241087441
10034,1,0,0.07423961344318972
10035,1,0,0.11963943726885701
10036,1,0,0.12382563075499536
10037,5,0,0.08097008449724198
10038,3,0,0.026097446987941503
10039,1,0,0.11380122617982989
10040,2,0,0.08489767818469922
10041,5,0,0.15965805292404434
10042,5,0,0.10732513165376147
10043,4,0,0.15585950535695486
10044,2,0,0.12223558177667189
10045,5,1,0.48354600751247195
10046,5,0,0.12006524277819518
10047,5,0,0.13678930339784204
10048,4,1,0.2870146096217135
10049,5,0,0.1100607441149578
10050,4,1,0.7143122263556492
10051,1,0,0.16592098754992438
10052,4,1,0.17053868851282705
10053,3,0,0.12500533481535997
10054,4,0,0.16108745356778884
10055,2,0,0.10263563530080802
10056,2,0,0.09405536078836746
10057,4,0,0.5087603971937725
10058,5,0,0.12558616365720204
10059,3,0,0.07225050104723862
10060,4,0,0.03045696670292347
10061,3,0,0.2046434400062864
10062,4,0,0.2179609446599106
10063,3,0,0.32510086245019726
10064,2,0,0.34343640413178245
10065,2,0,0.1585949566680426
10066,4,0,0.029302103252236443
10067,2,0,0.12779529266426792
10068,4,0,0.08481985975435856
10069,5,0,0.09616375169139173
10070,4,0,0.152919378916976
10071,5,0,0.08284687805289292
10072,3,0,0.12173269843131788
10073,3,0,0.1994141387607881
10074,3,0,0.1487520130590397
10075,4,0,0.1134298595812835
10076,3,1,0.5063102096928602
10077,5,0,0.0935238491765202
10078,3,0,0.13689922251034312
10079,4,1,0.36476607312221637
10080,3,0,0.36831430192968245
10081,5,1,0.09129424045749052
10082,1,0,0.22229572482464938
10083,1,0,0.07216052645330658
10084,2,0,0.11032525952338648
10085,2,0,0.3386218582896193
10086,2,0,0.14082201430670885
10087,5,0,0.11561296211139786
10088,4,0,0.09888794382612409
10089,2,0,0.08113978597794147
10090,4,0,0.10267865656735095
10091,2,0,0.10254357722066702
10092,2,0,0.12531569535327336
10093,4,0,0.06225855632252246
10094,3,0,0.43978947127421686
10095,5,1,0.07728443662690768
10096,5,0,0.18330164863406492
10097,2,0,0.13113473177420673
10098,1,0,0.09823516987797296
10099,2,0,0.0698814707066223
10100,3,0,0.14280447760017972
10101,4,0,0.13395546899050476
10102,5,0,0.06729985336399479
10103,2,0,0.11895561151329559
10104,1,1,0.5746054463995138
10105,4,1,0.16182525255199898
10106,1,0,0.1683607196981038
10107,1,0,0.19771438201120378
10108,5,1,0.5955628445373626
10109,2,0,0.11314412445689555
10110,4,0,0.23632011704689596
10111,2,0,0.33771176365463257
10112,2,1,0.607838092686651
10113,5,1,0.31777600198372014
10114,2,0,0.20710734356412872
10115,3,1,0.3962817996053626
10116,3,1,0.07732318904716216
10117,2,0,0.06875411027631301
10118,5,0,0.05353909038291881
10119,5,0,0.2612516747334111
10120,1,0,0.10908133777667874
10121,4,0,0.10262413673787092
10122,4,0,0.4785935960210029
10123,1,0,0.09325158548258067
10124,5,1,0.6606725461682732
10125,4,0,0.08703609986588345
10126,2,0,0.1474312364103231
10127,1,0,0.08324818224588511
10128,2,0,0.16697354195838843
10129,1,0,0.9065542598573548
10130,5,0,0.12367715145324665
10131,3,0,0.15307924605443954
10132,4,1,0.6392158194736558
10133,2,1,0.0952316739006154
10134,3,1,0.12448827651228281
10135,3,0,0.10689124730325633
10136,5,1,0.6733038650500043
10137,1,1,0.5471943330955442
10138,1,1,0.43253290669089917
10139,5,0,0.03847373659251582
10140,1,0,0.12559847870790658
10141,1,1,0.6985357843345875
10142,5,0,0.10198893712014709
10143,4,1,0.17627507344497576
10144,2,1,0.8203620647077132
10145,1,0,0.25211682268338603
10146,2,0,0.16262832292473806
10147,4,0,0.3157390582031564
10148,3,0,0.08652901878619608
10149,4,0,0.1878211039187805
10150,2,0,0.113732186443775
10151,4,1,0.32478353154431616
10152,1,0,0.38036781823224863
10153,1,0,0.15308727915919004
10154,5,0,0.06237381832198911
10155,3,0,0.19359729159787553
10156,4,0,0.0731382614465665
10157,1,0,0.1223451887829935
10158,4,0,0.1906725531095126
10159,2,0,0.31519163237421355
10160,3,1,0.858552615159927
10161,1,0,0.11168122025151846
10162,5,0,0.12077284889320011
10163,2,0,0.13893462572389903
10164,3,0,0.06295975963401629
10165,3,0,0.11732304554065248
10166,3,0,0.2775523678175894
10167,1,0,0.4634372728477455
10168,5,0,0.22980687295978688
10169,1,0,0.1924206189659893
10170,3,0,0.28940666549751787
10171,1,0,0.21839778075819724
10172,3,1,0.16478514661549878
10173,4,0,0.1040279348053862
10174,5,0,0.15775114940473306
10175,3,0,0.15861696406140255
10176,3,0,0.14727986145765
10177,1,0,0.21037430950861288
10178,3,0,0.13463948769012904
10179,5,0,0.1197281275057191
10180,5,0,0.6388863996657258
10181,5,0,0.07879057454507421
10182,4,1,0.6619389107629436
10183,3,1,0.7166819089715294
10184,2,0,0.1330222656487212
10185,4,0,0.1526537869341097
10186,3,0,0.4349072328580323
10187,5,0,0.060032503044769724
10188,3,0,0.1238615479121368
10189,3,0,0.04202181642335197
10190,4,0,0.1071608145173354
10191,4,0,0.09280406059504177
10192,2,0,0.1921707446846226
10193,1,1,0.18828771349461754
10194,3,0,0.23585614755088508
10195,5,0,0.1295590790962989
10196,5,0,0.10817428397332678
10197,1,0,0.11566606996087998
10198,4,0,0.09112323248022648
10199,5,0,0.36535088653428804
10200,5,0,0.146387513484558
10201,3,0,0.13934195681503833
10202,5,0,0.13601684275071751
10203,5,0,0.06627547576675423
10204,2,0,0.09741689472973057
10205,4,0,0.2118693059086144
10206,3,1,0.06513181371564143
10207,3,0,0.22487012705049064
10208,5,0,0.14229757721426742
10209,1,0,0.6608429403592931
10210,2,0,0.10641442877212777
10211,1,0,0.3963681542052086
10212,4,0,0.1527382205874125
10213,5,1,0.8131113850035411
10214,3,0,0.10232607041187888
10215,2,0,0.11905258813675496
10216,5,0,0.26538184599096937
10217,5,0,0.3237252475501868
10218,4,0,0.12098632874278016
10219,4,0,0.7380827604453618
10220,1,0,0.19574302744269034
10221,1,0,0.1292621096073071
10222,5,1,0.12812856147322169
10223,2,0,0.09926203508691257
10224,4,0,0.10192552350673573
10225,5,0,0.169122401877571
10226,2,0,0.08761382422330666
10227,4,0,0.15713706485430434
10228,5,0,0.5075794752263753
10229,1,0,0.13907883364517318
10230,4,1,0.1346695456327713
10231,1,0,0.1166175209791264
10232,5,0,0.25163649315969133
10233,2,0,0.05239010964637271
10234,5,1,0.7535071275821251
10235,3,0,0.26561276032420406
10236,3,1,0.5499729414273525
10237,1,0,0.12242824664401182
10238,4,0,0.2747988020059964
10239,2,1,0.20416373632787965
10240,2,0,0.13071617635325306
10241,5,0,0.11487015395018646
10242,3,1,0.2865219380185494
10243,1,1,0.23322736497579555
10244,4,0,0.05388189521961
10245,1,0,0.16230914959249465
10246,5,0,0.29407571919935577
10247,4,1,0.14672395157334286
10248,4,0,0.2805928809811725
10249,4,0,0.2860895182714627
10250,4,1,0.1474362828446141
10251,4,0,0.12205378539095747
10252,4,0,0.10492819670998911
10253,1,1,0.20283216628158446
10254,4,1,0.19710134612511127
10255,5,0,0.09427850940936493
10256,4,1,0.16844435131655172
10257,4,0,0.14500360223391198
10258,1,0,0.14028017555821015
10259,5,0,0.07686847076779288
10260,3,0,0.12222082754178396
10261,4,0,0.26097863049562503
10262,5,1,0.13444238862500177
10263,5,0,0.2734832531998743
10264,1,0,0.1116734922117477
10265,1,0,0.24220891590106247
10266,3,0,0.16571014431629696
10267,2,0,0.031859194417510873
10268,3,1,0.1101680693870704
10269,3,0,0.1998815718784068
10270,2,0,0.10637445709562021
10271,1,0,0.055873668469497886
10272,1,0,0.07449640020886551
10273,2,1,0.15875968636256635
10274,4,0,0.06984094653496141
10275,1,1,0.06400832560156014
10276,5,1,0.24516149166493245
10277,4,0,0.10440860353618965
10278,3,0,0.10523243340266053
10279,2,0,0.6524105810288094
10280,1,0,0.04748455047076474
10281,3,1,0.07539723169099874
10282,5,0,0.12400210491191438
10283,5,0,0.06106633619421042
10284,2,0,0.0792186190113314
10285,2,1,0.20205408608733252
10286,4,1,0.12563008920541532
10287,1,0,0.1467040820318165
10288,3,1,0.14880977111934268
10289,4,0,0.22074779785270912
10290,2,0,0.15757300556875228
10291,5,0,0.1611520622707386
10292,1,0,0.10807299733504809
10293,3,0,0.29321017636408986
10294,3,0,0.15391166271357376
10295,1,0,0.10115207719905865
10296,2,0,0.13140685154995166
10297,4,0,0.0909099406032319
10298,4,0,0.10176458445794995
10299,5,0,0.1973723332957606
10300,2,0,0.19987677856210243
10301,1,0,0.17092140174106163
10302,3,0,0.06171293542309886
10303,2,0,0.11313663985109863
10304,1,0,0.08749905098384486
10305,2,1,0.07752790465409082
10306,3,0,0.2494077353508885
10307,4,0,0.3322876095365638
10308,4,0,0.09244338067096067
10309,5,0,0.19566833047090645
10310,2,1,0.11340032962056248
10311,5,0,0.11317833385814263
10312,5,0,0.06165575407430204
10313,4,1,0.16795188304814127
10314,5,0,0.10353404481908834
10315,2,0,0.2695346763190703
10316,5,1,0.11538779228414531
10317,4,0,0.20932045012207
10318,1,0,0.13984395249301157
10319,3,0,0.05643435869336791
10320,4,0,0.46925580053372556
10321,2,0,0.10234018729802466
10322,3,0,0.13267403937081063
10323,4,1,0.7241220857170182
10324,5,0,0.1656425463614305
10325,1,0,0.3007720357568458
10326,5,0,0.13427801337572626
10327,3,0,0.12419568501185053
10328,5,0,0.11460982548859888
10329,1,0,0.200642536804721
10330,4,0,0.29547184979274266
10331,5,0,0.13824036491340574
10332,5,0,0.13591054679236847
10333,3,0,0.18106550117653017
10334,5,0,0.08403555752487339
10335,3,0,0.5643596806549893
10336,3,0,0.1580699679935624
10337,4,0,0.12811015402335235
10338,1,0,0.36595638057206575
10339,3,0,0.15416706112231354
10340,1,1,0.4170634672895382
10341,3,0,0.16610500392616587
10342,5,0,0.11639998591809825
10343,4,0,0.1949149318364127
10344,1,0,0.09219788336851219
10345,2,0,0.11341971794539477
10346,1,0,0.024760847186751166
10347,1,0,0.1143460543180675
10348,4,1,0.28911522841438525
10349,1,1,0.5118489588413714
10350,1,0,0.17688348667355452
10351,1,0,0.12706264760410876
10352,1,0,0.21438210230592544
10353,3,0,0.09244743441757507
10354,1,1,0.16109707875399618
10355,2,0,0.13048943353264264
10356,2,0,0.09187801570246955
10357,2,0,0.07465852492289629
10358,2,0,0.6646571785096898
10359,3,1,0.6722287956182608
10360,3,0,0.14575945073196503
10361,1,0,0.21312295648793306
10362,1,0,0.14110322351479365
10363,5,0,0.1555232619909142
10364,5,0,0.12677900510593068
10365,5,0,0.17600366440702447
10366,2,0,0.01582982647303232
10367,2,1,0.5066344499880397
10368,4,0,0.11187656788646863
10369,5,0,0.10279839913621668
10370,1,1,0.37427021740418054
10371,2,0,0.3240444974362216
10372,2,1,0.3082526398031217
10373,3,0,0.074730638322498
10374,5,0,0.12309538111527236
10375,5,0,0.06990099622731077
10376,4,0,0.038485619704278815
10377,2,0,0.24650924871070026
10378,3,0,0.1794636005431355
10379,2,0,0.13429749498579088
10380,3,0,0.24063846440373793
10381,2,0,0.11399998949859493
10382,1,1,0.16953435556400182
10383,5,0,0.15991096359241988
10384,3,0,0.11639435107804173
10385,1,1,0.8552768731949021
10386,3,0,0.12692380654604976
10387,4,0,0.6553914066812563
10388,1,0,0.22216053877251968
10389,1,0,0.13855035764330736
10390,4,1,0.5498765802379894
10391,1,0,0.4992737114316525
10392,2,1,0.20405444820376753
10393,3,0,0.0829373870750641
10394,5,0,0.06970749704412735
10395,5,1,0.14701886555765023
10396,5,0,0.08730871725228041
10397,5,1,0.5284229066658701
10398,1,0,0.08759679863374946
10399,5,0,0.12357683089678255
10400,5,0,0.22044268140816367
10401,5,0,0.13957325547421892
10402,5,1,0.18675443996120736
10403,2,1,0.11375882556847546
10404,1,0,0.09225027506356323
10405,2,0,0.2157721607585993
10406,4,1,0.814479959436986
10407,3,0,0.13765235052914446
10408,4,0,0.7024366952793716
10409,1,1,0.14826221321837801
10410,2,0,0.11697647084412588
10411,3,0,0.20094466898068883
10412,5,0,0.10760810645495927
10413,2,0,0.10532885758707825
10414,3,0,0.12377417933757152
10415,4,0,0.2436016125514794
10416,5,0,0.11299147897660715
10417,2,0,0.1745615465167622
10418,3,1,0.8712669489064554
10419,4,0,0.08455437951500125
10420,2,0,0.2532327987145569
10421,3,1,0.8251213916856462
10422,2,0,0.16163234015156192
10423,4,1,0.23021969084680272
10424,3,1,0.7209081842176359
10425,3,0,0.32772052821011965
10426,4,0,0.2725833928524241
10427,3,0,0.6613443237475244
10428,5,0,0.0886034786378445
10429,5,1,0.21406191260768376
10430,3,1,0.20462303370159202
10431,4,1,0.5902600395873566
10432,3,0,0.1707961838496621
10433,3,0,0.17234236170437894
10434,5,0,0.15688966973292853
10435,2,0,0.858049391970873
10436,2,0,0.13472484088979922
10437,1,0,0.18078247912203255
10438,3,0,0.08146533356391729
10439,4,0,0.19722285031001208
10440,4,0,0.7002213712135905
10441,4,0,0.08609281593228853
10442,2,0,0.5734286017628837
10443,5,0,0.3044616203209336
10444,4,0,0.06814572543701389
10445,1,0,0.12421860626031919
10446,4,0,0.2720421994290587
10447,3,0,0.16077984676632318
10448,2,0,0.07219634292015643
10449,5,1,0.13777157843601748
10450,1,0,0.15162743841863924
10451,5,0,0.317684948676606
10452,5,1,0.18127164660705028
10453,3,0,0.09208704677254315
10454,3,0,0.09153821567923685
10455,2,0,0.2888774743272049
10456,3,0,0.334669720540949
10457,2,1,0.6870654420715425
10458,3,1,0.15552339668223564
10459,3,0,0.14538230872396668
10460,2,1,0.6149935197924213
10461,5,0,0.22635782430570542
10462,5,0,0.062280886532370655
10463,1,0,0.06504295042308203
10464,2,0,0.10045996613673236
10465,1,0,0.23075881562803557
10466,5,1,0.20185420438592408
10467,5,0,0.05852191956529779
10468,3,0,0.13290905356247817
10469,5,0,0.13548296636219903
10470,5,1,0.1384893842064346
10471,3,0,0.3408404840690816
10472,2,0,0.11003877183766185
10473,1,0,0.07853612005748821
10474,3,0,0.14775054237549454
10475,3,0,0.11821072395904036
10476,4,0,0.13061535544070096
10477,1,0,0.13525967079272988
10478,3,1,0.8244665476385646
10479,4,0,0.21015648030056966
10480,1,0,0.20211714528888983
10481,5,0,0.2689510324736696
10482,5,0,0.3297774029324196
10483,1,1,0.16023470950014831
10484,1,0,0.8133796634346909
10485,2,0,0.17647625039531867
10486,2,1,0.3516282107486031
10487,4,1,0.14749432739757765
10488,2,1,0.4206531448482382
10489,3,0,0.0918772055556739
10490,2,0,0.15346934183521713
10491,5,0,0.1852917717515931
10492,4,0,0.10567936779951852
10493,4,1,0.12219169279491268
10494,3,0,0.11548115063376507
10495,1,1,0.6136605160716327
10496,2,0,0.11452776708360071
10497,5,1,0.08353088362304158
10498,4,0,0.13010767837437526
10499,5,0,0.13990491391605592
10500,5,1,0.19380080679120176
10501,5,0,0.10821006592957168
10502,3,0,0.2080511932532076
10503,3,0,0.159802336317627
10504,4,0,0.1195833780833699
10505,3,0,0.14642762265694564
10506,5,1,0.1234385452447915
10507,2,0,0.14685530801192553
10508,3,1,0.22356570716115332
10509,3,1,0.8884127043700367
10510,2,0,0.09457203132042591
10511,5,0,0.11263116297103828
10512,2,0,0.11741217825013703
10513,2,0,0.1113588832425892
10514,4,0,0.10319631283030072
10515,3,1,0.8719442897046309
10516,4,0,0.15121155444323095
10517,5,1,0.11746120602547694
10518,3,0,0.13137866871616496
10519,4,0,0.1110175547897762
10520,4,0,0.21380713575898297
10521,3,0,0.11765881309938743
10522,3,1,0.7507823407428019
10523,3,1,0.2739822926195837
10524,5,0,0.18809280226874914
10525,1,0,0.0369929340973783
10526,2,0,0.124732700330522
10527,2,0,0.16570271710477164
10528,2,0,0.0964074017669839
10529,2,0,0.08143601073027044
10530,5,0,0.09331354697089592
10531,3,0,0.1160072338231678
10532,3,1,0.16453623443978402
10533,4,1,0.14780912650758216
10534,3,0,0.8394633986548758
10535,2,0,0.7493259763126676
10536,3,0,0.1549351408789374
10537,2,0,0.0933258790745283
10538,1,0,0.06454398807724208
10539,1,0,0.11694128009863512
10540,2,0,0.25752177541974186
10541,5,0,0.41811908851717144
10542,3,0,0.15286001460085463
10543,5,0,0.06256511915196812
10544,4,0,0.09247259727264874
10545,3,0,0.16219593238580135
10546,1,1,0.09223591467213633
10547,1,0,0.15890167544701106
10548,4,0,0.08703927204283196
10549,5,1,0.6500064343054368
10550,4,0,0.23050294647049083
10551,3,0,0.050975023800298315
10552,5,0,0.11368600990103307
10553,2,0,0.22975132015893077
10554,2,0,0.09277403181599662
10555,4,0,0.15226791984853988
10556,3,0,0.11517584118723467
10557,1,0,0.08989270722816825
10558,2,0,0.08109997557811488
10559,2,1,0.8393583872413763
10560,1,0,0.2846498925259927
10561,3,0,0.12399910795522333
10562,2,1,0.28746554941936153
10563,4,0,0.14494666823210525
10564,1,0,0.5692625448356454
10565,3,0,0.4551394470703548
10566,1,0,0.11607235483229984
10567,3,0,0.12192473948416303
10568,4,0,0.1560605525519265
10569,2,0,0.17161175267585063
10570,2,0,0.10690154111546725
10571,3,0,0.06402026560154873
10572,1,1,0.6505346388673642
10573,1,0,0.12991759879217812
10574,2,0,0.13355999699900942
10575,4,0,0.11168408123000866
10576,4,0,0.1030366576032912
10577,2,0,0.05726166468033458
10578,5,0,0.11442821689891988
10579,1,0,0.13984730841373932
10580,5,1,0.4884082326621784
10581,4,0,0.10065686423623946
10582,4,1,0.7550692515805941
10583,1,0,0.0982262944073151
10584,2,0,0.10178186165160095
10585,4,0,0.1246244749899263
10586,3,0,0.24239319070067428
10587,4,0,0.11897772295824514
10588,1,0,0.10179487645343817
10589,2,0,0.16528225276455602
10590,4,0,0.11668952640085814
10591,3,0,0.08319108857414742
10592,1,0,0.07325171495918789
10593,1,0,0.12686217078730117
10594,2,1,0.6385238463969412
10595,3,0,0.1934625782094028
10596,1,0,0.15339712478452786
10597,2,1,0.39789434514644745
10598,4,1,0.13689819811429377
10599,2,1,0.15441069572866992
10600,1,1,0.29219237393112957
10601,1,0,0.10849246769427855
10602,2,1,0.8506437801224658
10603,3,0,0.09021336967326334
10604,1,0,0.10484997856940623
10605,2,0,0.08336380191577104
10606,1,0,0.10643144137457611
10607,2,0,0.2168801738054708
10608,3,0,0.09303154203306346
10609,2,0,0.12549195711159025
10610,2,0,0.6202577101311475
10611,3,0,0.7690130706631833
10612,2,0,0.0765984688106525
10613,5,0,0.24551706836632506
10614,4,0,0.08643010841442689
10615,2,1,0.15751042115743671
10616,2,0,0.09204788724117202
10617,4,0,0.10897592857634707
10618,2,0,0.19417377444263853
10619,2,0,0.7292731863252655
10620,1,0,0.10920945887399643
10621,5,0,0.08152753650160624
10622,1,0,0.3490197428906348
10623,1,0,0.2232887289553381
10624,3,1,0.2889166628181387
10625,3,0,0.39433609556371313
10626,5,0,0.10251762546165917
10627,1,0,0.20681708925815542
10628,4,0,0.10076588207822733
10629,5,0,0.11467938149939402
10630,2,0,0.23886510635996513
10631,4,0,0.10801464222167631
10632,5,0,0.17059371416666633
10633,4,0,0.057472531035345144
10634,4,1,0.5796141307191968
10635,5,0,0.6789129168703594
10636,2,0,0.18423601618629945
10637,4,0,0.15087541652296044
10638,5,0,0.5946816654937749
10639,5,0,0.518552494470823
10640,4,0,0.09143861452487907
10641,5,1,0.2106871946246378
10642,5,0,0.09151996420076236
10643,1,0,0.17309267089796215
10644,5,0,0.11736752059006086
10645,3,0,0.23710083924175324
10646,5,0,0.6762767647378468
10647,3,0,0.22603193339528987
10648,2,0,0.09598875590796146
10649,4,1,0.865338750235979
10650,4,1,0.367652981946056
10651,1,0,0.09083510129364586
10652,4,1,0.09158383590585166
10653,4,0,0.08824271531055426
10654,1,0,0.07008790795557193
10655,5,0,0.1359812435506036
10656,2,1,0.1574553339461905
10657,2,0,0.08596042240911034
10658,1,0,0.1364385178177525
10659,5,1,0.16881563371481456
10660,2,0,0.0718276027839028
10661,4,0,0.14088228766990096
10662,4,0,0.8566721595185901
10663,3,0,0.059105774517375836
10664,5,1,0.6971385078144716
10665,1,0,0.6098166833272747
10666,1,0,0.19044448846262757
10667,1,0,0.06151327163118018
10668,5,0,0.1859734672527338
10669,4,0,0.13217307096438485
10670,4,0,0.1819947090117007
10671,4,0,0.2708121562501169
10672,3,1,0.8211228347394908
10673,4,0,0.12060158323145691
10674,5,0,0.24678548518917506
10675,1,1,0.398259198089992
10676,3,1,0.4984427129333943
10677,1,0,0.3426775436837373
10678,3,0,0.18050428898078977
10679,2,0,0.09442441164641811
10680,2,0,0.4907094766451544
10681,2,1,0.13228112880131015
10682,2,0,0.11748645495341253
10683,2,0,0.06473272395725452
10684,3,0,0.1707737688608472
10685,1,0,0.12753627761698283
10686,1,0,0.14185533654583046
10687,3,0,0.14573112646224795
10688,5,0,0.08075753035895451
10689,5,0,0.04890686668663798
10690,5,1,0.14891444021305186
10691,1,0,0.21172212268575322
10692,1,1,0.43537497656244856
10693,1,0,0.05293072451175854
10694,2,0,0.06928322178171932
10695,3,0,0.08054614516916438
10696,4,0,0.1435493378710093
10697,5,0,0.7197875865191087
10698,5,0,0.10755915040431571
10699,3,0,0.23629913468875324
10700,3,0,0.28227197493542766
10701,3,1,0.19720297277790388
10702,1,0,0.12810612892589798
10703,1,0,0.08154255411237661
10704,4,0,0.12513702151087366
10705,4,0,0.23428621065411284
10706,4,0,0.1554542615172813
10707,5,0,0.11392212020533991
10708,2,1,0.4395849370128558
10709,2,0,0.1418616298690996
10710,5,1,0.14453262773994266
10711,2,0,0.08354688307024342
10712,2,0,0.2470097115761756
10713,3,0,0.22692664338792323
10714,4,1,0.18818774778782635
10715,2,0,0.13954468229053898
10716,3,0,0.19996987377181547
10717,4,0,0.08764287825196095
10718,4,0,0.05015458740068802
10719,3,0,0.1088898115663205
10720,3,0,0.11939452672661871
10721,1,0,0.15813581655839526
10722,1,1,0.1543256282625241
10723,4,1,0.4146003618545487
10724,3,0,0.08884947669381989
10725,3,0,0.23192958000356143
10726,4,0,0.18114932138864712
10727,4,1,0.16141147971363112
10728,5,1,0.41402298962239986
10729,5,0,0.17613469836692444
10730,1,0,0.11489132749181002
10731,3,0,0.0916746055319251
10732,4,1,0.13309689446608833
10733,1,1,0.14317188362968475
10734,4,1,0.24597339558230388
10735,3,0,0.12739475937847955
10736,3,0,0.09004868466943332
10737,1,0,0.30447948188431107
10738,3,1,0.7840492328706313
10739,5,0,0.11934901575544152
10740,1,0,0.19217563545149305
10741,4,0,0.2565551225223275
10742,5,0,0.08350089859190514
10743,4,1,0.5689301834391423
10744,3,0,0.07637282274235153
10745,1,0,0.1414730740567435
10746,1,0,0.330443858116962
10747,4,0,0.16298063516644046
10748,2,1,0.15308559702292526
10749,2,1,0.13724684398150533
10750,4,0,0.22131722227231754
10751,4,0,0.12831382445607292
10752,1,0,0.10201844025666332
10753,2,0,0.1380954450035476
10754,1,0,0.17975756295372636
10755,4,0,0.16042301224152136
10756,3,0,0.27763064068509025
10757,4,0,0.08871584814900875
10758,4,0,0.1029657597825557
10759,5,0,0.39751737782743846
10760,5,1,0.804285263638909
10761,2,0,0.27823590739763043
10762,4,0,0.1336243886992004
10763,4,0,0.14904103591457668
10764,1,0,0.05280613559469196
10765,3,0,0.11635697175213269
10766,1,0,0.11034618964388411
10767,4,0,0.13645964625916035
10768,5,0,0.21949334116162156
10769,1,0,0.1133474922946874
10770,2,0,0.1391607862702718
10771,2,0,0.11322367655033853
10772,3,0,0.13497625287699622
10773,1,0,0.12568012871434286
10774,1,0,0.13880920808626646
10775,4,0,0.08575401610903445
10776,3,0,0.07472702178282387
10777,4,0,0.15486197837836424
10778,1,1,0.40796351273076403
10779,1,0,0.1519939894211003
10780,5,0,0.06415690171823968
10781,5,1,0.2170995192197705
10782,3,0,0.7643309468470804
10783,3,0,0.1604720219524533
10784,3,0,0.12286905651011325
10785,1,0,0.07055196487450574
10786,2,0,0.12978433268322287
10787,5,0,0.13278496408325902
10788,5,0,0.13094443279166332
10789,5,0,0.1689450334285545
10790,5,0,0.5201744992052163
10791,5,0,0.060761988867263875
10792,5,0,0.6749440356416997
10793,3,0,0.5616218036344328
10794,1,0,0.1644802462792722
10795,4,0,0.10090512668444074
10796,3,1,0.8078006457516309
10797,2,0,0.26083248316645863
10798,1,0,0.19402943800411077
10799,4,0,0.1680306506787667
10800,1,0,0.11822536432343055
10801,4,1,0.7825682680695792
10802,4,0,0.0779020581750531
10803,2,1,0.07033305466123499
10804,1,1,0.17689767523295694
10805,1,0,0.2389468712936182
10806,1,1,0.2629742023502845
10807,5,0,0.14021478777644902
10808,4,1,0.11567917952055821
10809,4,1,0.7784096257533806
10810,2,0,0.18819751080630057
10811,4,0,0.12980554686229956
10812,2,0,0.11339226641254391
10813,3,0,0.07711348040767026
10814,1,0,0.07124345279316033
10815,3,0,0.09425446850148729
10816,3,0,0.5192322504803077
10817,2,0,0.16576058197794546
10818,3,0,0.16444510497028855
10819,2,0,0.057200188265828296
10820,3,0,0.11938028274247552
10821,3,0,0.10417617548393641
10822,1,0,0.15260144414443774
10823,4,1,0.8145493243202506
10824,2,0,0.07024513677928909
10825,4,1,0.1803355503368356
10826,1,1,0.6860789417930696
10827,3,0,0.0939043522038496
10828,5,0,0.05851510770355008
10829,1,1,0.18795870789155814
10830,3,0,0.07442144078262507
10831,4,0,0.15901432033013305
10832,4,0,0.12175504093147958
10833,1,1,0.7196480880490173
10834,1,0,0.13892087421409918
10835,5,0,0.13985509831533205
10836,1,0,0.19013579008203307
10837,2,0,0.1103721858048878
10838,2,0,0.19205563866296738
10839,5,1,0.18943378035827035
10840,2,1,0.17428013039351117
10841,5,0,0.15102527180864728
10842,1,0,0.6524749261699628
10843,4,1,0.8002282797466249
10844,5,0,0.11256772497210933
10845,2,0,0.27051303644908536
10846,5,0,0.2802689913215332
10847,3,1,0.6760852610438949
10848,2,0,0.09066000161134152
10849,4,0,0.18068093007961852
10850,3,1,0.154595272197285
10851,1,0,0.3437358307140103
10852,2,0,0.12606007196316985
10853,4,0,0.5415305595454074
10854,3,0,0.023778299494552856
10855,4,0,0.07641532747321422
10856,5,0,0.24732413580123003
10857,5,1,0.14776715704564258
10858,3,0,0.14453151753773377
10859,3,0,0.10726628823570267
10860,4,0,0.10691176735214947
10861,5,1,0.12752825212332428
10862,3,0,0.10224404998299112
10863,4,0,0.11955259096660001
10864,2,0,0.04637454309240717
10865,4,1,0.1818841869814736
10866,1,1,0.07823121845869208
10867,1,0,0.09478216204033263
10868,1,0,0.15674837146627546
10869,4,0,0.1789992573855685
10870,5,0,0.46474461868322114
10871,4,1,0.9120482016283252
10872,3,1,0.11846602058378755
10873,4,0,0.1314421431583579
10874,2,0,0.11041108070599595
10875,1,0,0.1264942428680958
10876,3,0,0.2826533195534227
10877,2,0,0.14379553831871358
10878,5,0,0.16458273640125515
10879,2,0,0.14831314962664932
10880,1,0,0.12440044489300156
10881,1,0,0.11361036189352018
10882,3,0,0.3202270278622727
10883,2,0,0.10237216157720086
10884,2,0,0.19167216382629684
10885,1,0,0.2333270523514982
10886,2,0,0.31947440305445984
10887,1,0,0.09462480273136381
10888,4,0,0.10278241382141619
10889,4,0,0.13281962390129223
10890,2,0,0.2904480782728097
10891,4,0,0.695401469871622
10892,1,0,0.1246672151428816
10893,3,0,0.10348158951650908
10894,4,1,0.23633157875670402
10895,4,0,0.07268476229960401
10896,1,0,0.1580732547424421
10897,4,0,0.08199752894297477
10898,3,0,0.11149741748628014
10899,2,0,0.05690079583203924
10900,1,0,0.061327771548257075
10901,1,0,0.16559164747968927
10902,2,0,0.07633492020825496
10903,2,0,0.18948724542963621
10904,5,0,0.2274583110294907
10905,4,0,0.11938726065120948
10906,1,1,0.6989900889874263
10907,3,0,0.32137617081658093
10908,2,0,0.15130672728189606
10909,4,0,0.16322555955709447
10910,2,1,0.8432756449577953
10911,5,0,0.033110798027563705
10912,1,0,0.14100748344566685
10913,1,1,0.195524429658808
10914,2,0,0.031554924517790635
10915,1,0,0.1150973967383623
10916,1,0,0.14374490510160087
10917,4,0,0.12488585227208945
10918,1,1,0.42587351497488546
10919,2,0,0.10623595183854914
10920,3,1,0.13201434093508022
10921,4,0,0.18544423698627752
10922,5,0,0.5941778813911514
10923,4,0,0.11495768725691557
10924,5,1,0.22124013251194294
10925,5,1,0.12131168268579633
10926,4,0,0.11983021662907414
10927,4,0,0.10820193891812703
10928,3,1,0.11136643251303463
10929,5,1,0.11788597749908865
10930,1,1,0.5222317624061499
10931,3,1,0.1489700192444327
10932,5,0,0.10339013904809109
10933,2,0,0.111216178201124
10934,1,0,0.13040923742485552
10935,2,0,0.07857330105009332
10936,5,0,0.690351576847356
10937,1,0,0.11020965954342515
10938,5,0,0.11210183739882974
10939,2,0,0.06904689864120121
10940,3,0,0.29171110172967846
10941,2,0,0.134243040210907
10942,2,0,0.09898278178012451
10943,3,0,0.07220441886423033
10944,1,0,0.10291607500349623
10945,1,0,0.0689960154820244
10946,5,0,0.06045386054474271
10947,2,1,0.6506406570208787
10948,2,1,0.12644852506646598
10949,1,1,0.784197615593444
10950,2,0,0.15494101886039324
10951,4,0,0.5326763003843662
10952,5,0,0.13320082481085657
10953,1,0,0.09513217151337135
10954,4,0,0.08725135821497745
10955,3,1,0.14507095803471526
10956,2,0,0.1971712293392671
10957,3,0,0.5634218449217859
10958,2,0,0.5354197351664751
10959,4,0,0.1869404481407941
10960,1,0,0.09351279868533026
10961,5,0,0.12952550518117434
10962,4,0,0.09405816227685364
10963,2,1,0.5754891054153675
10964,1,0,0.0914534882668662
10965,5,0,0.18792127411343826
10966,3,0,0.17616730829046773
10967,2,0,0.1773258628649926
10968,2,0,0.10665309158935708
10969,1,0,0.22307231264272265
10970,1,0,0.14938055183889226
10971,1,0,0.12887255378271348
10972,3,0,0.3003817217590554
10973,5,1,0.32962185968917534
10974,4,1,0.24924624932134068
10975,1,1,0.8433165162729017
10976,1,0,0.11780461057143092
10977,1,0,0.1836608328763334
10978,4,0,0.10543781436294394
10979,3,0,0.14004147419119387
10980,4,0,0.15811237973082873
10981,5,0,0.8292291526442508
10982,5,0,0.04767729947098892
10983,3,0,0.16488039797864087
10984,4,0,0.13082876943332597
10985,5,0,0.10204648104850236
10986,2,0,0.20022168171884402
10987,3,0,0.17468210322101355
10988,2,1,0.7961334011598925
10989,1,0,0.23285769705735884
10990,4,1,0.43435273287217596
10991,4,1,0.6048423982949012
10992,5,0,0.09045482166953213
10993,5,0,0.45136297191318675
10994,5,0,0.252458332635869
10995,2,0,0.30102148055386685
10996,1,0,0.15678334845194317
10997,3,0,0.833509307912704
10998,1,0,0.17943929311490014
10999,5,0,0.08974504399333535
11000,5,1,0.3798429081892569
11001,4,0,0.1424742943463547
11002,5,1,0.12489123378579654
11003,2,1,0.1369435585672805
11004,2,1,0.8285259636514241
11005,5,1,0.5315150605981542
11006,3,0,0.22458028360471768
11007,1,0,0.13357900188087787
11008,3,0,0.04015703426318919
11009,3,0,0.12929432338015473
11010,5,0,0.07638649290670924
11011,3,1,0.8597462253370672
11012,4,0,0.05971190443121511
11013,3,0,0.1196973183976299
11014,5,0,0.1280180322681584
11015,1,0,0.1726519003829083
11016,1,1,0.6562200294402821
11017,2,0,0.540186339263858
11018,3,0,0.031150451784455316
11019,2,0,0.11389880135770455
11020,2,0,0.4474737493635494
11021,3,0,0.19426092140539508
11022,5,0,0.1094805081609204
11023,5,1,0.49587526473511945
11024,4,1,0.4641942133778029
11025,2,0,0.15332250401872474
11026,3,0,0.317009812831629
11027,5,0,0.2699734756668607
11028,4,1,0.4480887093442601
11029,5,0,0.4518132481298521
11030,4,0,0.16697246548755904
11031,3,0,0.175939880814272
11032,2,0,0.07925963139629756
11033,4,0,0.09223862557351374
11034,2,0,0.15662160959992413
11035,3,0,0.12065328973705608
11036,4,1,0.0879339469306529
11037,1,0,0.08687856479714096
11038,3,0,0.23072502203830492
11039,4,0,0.04303938825618413
11040,4,0,0.1054930642130042
11041,1,1,0.23660117463637312
11042,2,0,0.1512136071622938
11043,2,0,0.14758234317255367
11044,2,0,0.17716407557256467
11045,1,0,0.12664796441846451
11046,5,0,0.08757776584911853
11047,2,0,0.0697354337931905
11048,1,1,0.8692459848955969
11049,1,0,0.19215346574747744
11050,1,0,0.04720134729510148
11051,2,0,0.2521757470509382
11052,2,0,0.15419915431343661
11053,3,0,0.0673836915780265
11054,1,0,0.04326978941360145
11055,2,0,0.21060106020964717
11056,4,0,0.13972026947848865
11057,2,1,0.2518943979606472
11058,4,0,0.16150025888396305
11059,4,1,0.526684208175174
11060,5,0,0.11722979470002608
11061,1,1,0.2543900978079509
11062,3,0,0.14575247158170235
11063,5,1,0.521269435369609
11064,3,0,0.5320163353510582
11065,2,0,0.15001047514269888
11066,5,0,0.12136055340250998
11067,5,0,0.3165199078537983
11068,1,0,0.17640647843029433
11069,5,0,0.15427818487560152
11070,5,0,0.14966688611520015
11071,4,0,0.10470004732182339
11072,2,0,0.12221040436450231
11073,3,0,0.12921081493858705
11074,3,0,0.22061904678516162
11075,5,0,0.07577152391251352
11076,3,0,0.213629202709232
11077,2,0,0.0783461986751764
11078,2,0,0.1159888010491685
11079,3,0,0.1451119804036192
11080,1,1,0.4809012510734331
11081,1,0,0.12062742282382567
11082,3,0,0.09248706193113139
11083,3,1,0.8251477613180137
11084,4,0,0.24503908589405468
11085,1,0,0.2263393727610603
11086,4,0,0.12351572370343084
11087,3,0,0.5511198109512434
11088,5,0,0.12804333215432284
11089,5,0,0.08658188752124168
11090,1,0,0.13614093528271623
11091,5,0,0.12231615270210254
11092,2,1,0.8261495462873203
11093,5,1,0.14669768659974478
11094,4,1,0.19616840069828853
11095,1,1,0.7302335059733
11096,5,0,0.19583188937836124
11097,4,0,0.13578248563838938
11098,1,0,0.4059478623960154
11099,3,0,0.2406330453588778
11100,5,1,0.4122649700515407
11101,4,0,0.16341435801985923
11102,2,0,0.8393064700287297
11103,5,0,0.10484580096836918
11104,5,1,0.8624974286225484
11105,4,1,0.2914996191188299
11106,3,0,0.07759442745717074
11107,1,1,0.11895421907516722
11108,3,0,0.10068282055646685
11109,5,1,0.21520340445477776
11110,4,0,0.6407749027100845
11111,3,1,0.0772057533329475
11112,3,0,0.10566288849673566
11113,2,0,0.4128706810338161
11114,1,0,0.11134222010661933
11115,5,1,0.12097303791436116
11116,5,0,0.10363503262403956
11117,3,0,0.1317329507048944
11118,2,0,0.10904830684318494
11119,3,0,0.08899363303431472
11120,2,0,0.13108540583029724
11121,1,0,0.04381589377583233
11122,4,1,0.14024639181470824
11123,2,0,0.3845808719758253
11124,1,1,0.7298219462553216
11125,2,0,0.24287710629805745
11126,1,0,0.07660419155500431
11127,2,0,0.158375273959481
11128,4,1,0.1469505051903983
11129,1,1,0.14618379962705594
11130,4,0,0.1977719110116285
11131,2,1,0.11236877836932278
11132,3,0,0.3911929412532418
11133,1,1,0.5898429015260461
11134,4,0,0.09067877417176327
11135,3,0,0.05892902969610524
11136,1,0,0.08806531432824805
11137,2,0,0.1699917870862377
11138,3,1,0.16129077316410587
11139,1,0,0.07418281865973564
11140,1,0,0.2797417198903544
11141,4,0,0.120213616613303
11142,2,0,0.30392359077790987
11143,4,0,0.07900538253127991
11144,5,0,0.17043437065724443
11145,3,0,0.1731344149385479
11146,2,0,0.11909433241630468
11147,4,0,0.14935743209214009
11148,1,0,0.07533378475139008
11149,4,0,0.5350802788407459
11150,5,0,0.1472900330992808
11151,5,0,0.12495178337552106
11152,2,0,0.13810218951717673
11153,1,0,0.23885316133644585
11154,4,0,0.23969506310427002
11155,2,0,0.27881791974196785
11156,3,1,0.1291499221414855
11157,5,1,0.0953281834408783
11158,1,0,0.13319355241750175
11159,5,0,0.1108768180000912
11160,2,0,0.048008515629465065
11161,1,0,0.22038131052772644
11162,4,1,0.19890787536016463
11163,4,0,0.14454393566860113
11164,2,0,0.0876267395147995
11165,1,0,0.07809227897133918
11166,3,1,0.21474524557044997
11167,5,0,0.10787070752326375
11168,4,0,0.03566043610391844
11169,3,0,0.7270249004400261
11170,3,1,0.1610405040584569
11171,1,0,0.08211293654394188
11172,3,0,0.8211924765573226
11173,5,1,0.1476821021737187
11174,2,1,0.5366294154750618
11175,1,1,0.06724158041034903
11176,5,1,0.43025304833201417
11177,3,1,0.14022580094489043
11178,4,0,0.19159219276190886
11179,3,0,0.1045314550611439
11180,5,0,0.14208585956921477
11181,4,0,0.15781366998750315
11182,1,0,0.12268583095062283
11183,1,0,0.12329149978484369
11184,5,0,0.04063582110085234
11185,3,0,0.11821995090341136
11186,1,1,0.7304840273448789
11187,1,0,0.10212017130189416
11188,3,0,0.5362325756235425
11189,3,0,0.09077476095245976
11190,1,0,0.05668395446399533
11191,1,0,0.170610396255106
11192,2,0,0.12894784883320026
11193,2,0,0.18418460424940652
11194,5,0,0.09058035135931172
11195,5,0,0.21282028686821636
11196,5,0,0.25170984356944026
11197,5,0,0.1091813473467788
11198,1,0,0.14346641977004435
11199,3,0,0.12353784402085093
11200,1,0,0.23742619392537798
11201,1,0,0.24417107623086548
11202,1,0,0.06317513893352701
11203,2,1,0.07018828913411382
11204,4,1,0.3351470716418758
11205,3,0,0.489512984375506
11206,4,1,0.5566258306973074
11207,1,0,0.07171221821853263
11208,5,0,0.25388687937726423
11209,5,0,0.2133334555890253
11210,2,0,0.08410170078439533
11211,4,0,0.5045353307775556
11212,1,0,0.1028932038978421
11213,3,0,0.14475324250310057
11214,2,0,0.07800984270023789
11215,5,0,0.16624950171889488
11216,3,0,0.3769127783185979
11217,5,0,0.09432028201931343
11218,4,1,0.13775606258998635
11219,4,0,0.3571207246301251
11220,2,0,0.15489863942359622
11221,3,0,0.08577752120057199
11222,1,0,0.09944403374665914
11223,1,0,0.2773917345813842
11224,3,0,0.10845465957110598
11225,4,0,0.14625917873416247
11226,2,0,0.09598117717135153
11227,2,0,0.07745959623185246
11228,5,0,0.0493614030738271
11229,4,0,0.13585952094482018
11230,4,1,0.6852620797117804
11231,1,1,0.8306565452752183
11232,2,0,0.09582696101648591
11233,5,0,0.10710711129465462
11234,4,0,0.09658111475478919
11235,1,0,0.12358016792186607
11236,1,0,0.055288099058899705
11237,4,0,0.12231269950703437
11238,5,1,0.5313717201982872
11239,2,0,0.3444917858555567
11240,4,0,0.04654341093116098
11241,3,0,0.2122512433873848
11242,5,1,0.12798845449753168
11243,1,0,0.5986481038308791
11244,1,0,0.1348652249505116
11245,4,0,0.07545540560625859
11246,5,1,0.549600663655916
11247,1,0,0.13236517981224857
11248,4,0,0.30308679883817086
11249,2,0,0.12083891592056682
11250,5,1,0.15536403830626236
11251,5,1,0.44964638181492866
11252,1,1,0.5618145193611517
11253,5,0,0.1378920684258887
11254,1,0,0.14574940122226213
11255,2,0,0.19794009520230607
11256,4,0,0.5706968648648606
11257,3,0,0.15588837528429877
11258,2,0,0.11880795746059367
11259,5,0,0.2724488888440303
11260,5,1,0.1282138503035496
11261,1,0,0.1053903559091226
11262,2,0,0.20267016009397437
11263,4,0,0.1693564605190806
11264,5,0,0.19784888138193263
11265,5,0,0.8800128984755301
11266,3,0,0.14381056047442534
11267,2,0,0.49153224935006234
11268,5,0,0.2101284953578528
11269,5,0,0.10703576731280684
11270,3,0,0.11336418321977856
11271,4,0,0.1987878241142171
11272,3,0,0.07547317439392572
11273,4,0,0.6803547861744054
11274,5,0,0.08014222513412092
11275,4,0,0.1302273392560698
11276,3,0,0.1255802314315526
11277,1,0,0.09437843986236275
11278,4,0,0.2647023152712583
11279,3,0,0.1029210321054835
11280,1,0,0.11253978880146871
11281,3,0,0.08253790879543757
11282,1,0,0.12602002469485668
11283,3,0,0.25991796303178805
11284,3,0,0.10220070466286782
11285,4,1,0.10417700269094823
11286,2,0,0.14353098790048208
11287,2,0,0.08631409503549013
11288,4,0,0.11470725480114491
11289,1,0,0.10838463002767228
11290,1,0,0.1920135307938487
11291,4,0,0.093171376050655
11292,4,0,0.2768628689925498
11293,1,0,0.10838159675592765
11294,3,0,0.1082684012610664
11295,3,0,0.077919418786857
11296,2,1,0.5410251755216724
11297,3,0,0.5422246677023249
11298,3,0,0.06742917486103922
11299,5,0,0.08104019674670264
11300,4,0,0.16172779135759055
11301,4,0,0.12454700201782964
11302,3,0,0.20728279958685844
11303,5,0,0.09255401726337535
11304,4,1,0.71024721905129
11305,4,0,0.08936830159246575
11306,3,0,0.11432706611425668
11307,2,1,0.133811970024088
11308,4,0,0.0930804688741736
11309,5,0,0.15907122328583886
11310,1,0,0.08800949414955188
11311,4,0,0.11824872839816428
11312,2,0,0.12094444517826931
11313,5,0,0.11712162244985402
11314,4,0,0.3102771931209273
11315,2,0,0.39005039584721884
11316,5,0,0.5805505807086688
11317,2,0,0.096495519880322
11318,1,0,0.16167348959397335
11319,2,1,0.10469154893191497
11320,3,1,0.2064320301159072
11321,3,0,0.11812779085606413
11322,3,0,0.14946893551070747
11323,4,0,0.18484403971763438
11324,1,0,0.1262216080592642
11325,3,0,0.05235992674163461
11326,1,1,0.871238247499626
11327,2,0,0.5478194935176803
11328,1,0,0.3802460291299669
11329,3,1,0.42639465155817846
11330,4,1,0.1182394502889102
11331,3,0,0.10440320431222931
11332,3,0,0.1062664015450854
11333,2,1,0.27021902380927654
11334,4,1,0.13448865189436793
11335,4,0,0.10066810740080553
11336,1,0,0.06996268567736205
11337,4,0,0.1182534518823844
11338,4,0,0.28911261189742393
11339,4,0,0.3235794661765986
11340,5,0,0.14784278784197882
11341,5,0,0.08826549020856242
11342,3,1,0.028576355838250272
11343,4,0,0.13975624244136914
11344,5,0,0.2327147457896759
11345,3,0,0.11209033558045402
11346,1,0,0.16753872205936401
11347,4,0,0.0533604834898165
11348,2,1,0.05804302646713183
11349,3,0,0.29009505728564966
11350,4,0,0.14597059326253975
11351,1,0,0.11313005091459595
11352,1,1,0.15435381775171123
11353,5,0,0.07688108125999091
11354,1,0,0.1226302264490689
11355,1,0,0.17546991739083034
11356,1,0,0.13712241672429745
11357,4,0,0.14026443818467801
11358,5,0,0.0888414446106124
11359,3,0,0.15571901602991925
11360,5,0,0.5018504947424866
11361,4,1,0.12166384472757562
11362,3,0,0.14443182087123405
11363,4,0,0.17137156023317865
11364,1,0,0.09029591034872794
11365,5,1,0.4197653691741767
11366,3,0,0.1271493067347104
11367,1,0,0.07100277855507846
11368,2,0,0.21292498064064874
11369,4,0,0.31953920908706734
11370,2,0,0.13765804278315638
11371,2,0,0.18812695525963757
11372,5,0,0.08439563885170928
11373,3,0,0.2180661784717122
11374,4,0,0.22359909097004654
11375,2,1,0.3322653025613197
11376,2,0,0.15476486443903603
11377,2,0,0.24846397856410551
11378,3,0,0.22772616599972845
11379,5,1,0.8173389290235776
11380,4,1,0.594051449001572
11381,4,0,0.15190178751893324
11382,5,0,0.295709843215977
11383,5,0,0.1307177418574765
11384,1,0,0.16770898256273525
11385,3,0,0.12855843806929046
11386,2,0,0.0940957747073471
11387,4,0,0.10997228895477502
11388,4,0,0.1269391280283381
11389,2,0,0.06466552896193238
11390,1,0,0.238287728163453
11391,1,0,0.06291056771372881
11392,2,0,0.14088435647520173
11393,1,0,0.1346176305271476
11394,1,0,0.07239410726242558
11395,5,0,0.18944019814536409
11396,1,0,0.059912615756443244
11397,3,1,0.12100534849946007
11398,2,0,0.14042736384724333
11399,1,1,0.7148309867129338
11400,4,1,0.6628941988289432
11401,4,0,0.1339585190593472
11402,2,0,0.1017241179407456
11403,4,0,0.22065337593328602
11404,2,0,0.3543844540408787
11405,5,0,0.10370915073595464
11406,4,0,0.19424265224205087
11407,3,0,0.11743681916115256
11408,4,0,0.1773917648324867
11409,3,0,0.10580707516642038
11410,4,0,0.10942467700132734
11411,2,0,0.13958551181766982
11412,4,0,0.12264613400358303
11413,1,0,0.1267309883402809
11414,4,1,0.1803828221633329
11415,2,0,0.28337763895908813
11416,3,1,0.17108517738560353
11417,3,0,0.20929116388563274
11418,4,1,0.8572286931880034
11419,5,0,0.11715080409946149
11420,1,0,0.16724112223275658
11421,3,0,0.1968990922029715
11422,5,0,0.10050103697354391
11423,2,0,0.08053319241984548
11424,1,0,0.10140266859760091
11425,2,0,0.11839590520946221
11426,4,0,0.1017063268057373
11427,5,1,0.2207418153165912
11428,2,0,0.09870978688271856
11429,1,0,0.10425270284362505
11430,3,0,0.10747466881225178
11431,3,0,0.11937915396480987
11432,3,0,0.1337121705134932
11433,2,0,0.07707619486079142
11434,3,0,0.1832736316981224
11435,5,0,0.11286108144516531
11436,5,0,0.1370337808369232
11437,1,1,0.5215711022461116
11438,4,1,0.3313238679367633
11439,2,0,0.12619607555530155
11440,3,0,0.1991946352214293
11441,2,0,0.10537933633302128
11442,2,1,0.20831683961922545
11443,1,1,0.07565202688640102
11444,2,0,0.13246006899580443
11445,4,0,0.10229532888675005
11446,3,1,0.8634829011969323
11447,5,0,0.05245137209150473
11448,2,1,0.6048541157277213
11449,4,0,0.09429471813917925
11450,4,0,0.10045408828299476
11451,3,1,0.42302410188021716
11452,4,0,0.09683231554285751
11453,2,0,0.1049374604131828
11454,3,1,0.1315602757333989
11455,2,1,0.1989518592802088
11456,2,0,0.21999188516919102
11457,1,0,0.10197275639730616
11458,5,0,0.7645179539672111
11459,5,1,0.745378931325659
11460,4,1,0.1720220813218771
11461,2,0,0.03324759133137072
11462,2,0,0.5504510317907868
11463,2,0,0.07892706323566663
11464,5,0,0.11226435288376813
11465,4,1,0.4129292976651789
11466,4,0,0.08538617036692464
11467,4,1,0.3783700244779607
11468,2,1,0.09056020938842932
11469,5,0,0.08977882950527837
11470,4,0,0.10478441202379286
11471,5,1,0.38111338454517774
11472,4,0,0.19643043627778017
11473,3,0,0.14883362808185052
11474,5,0,0.05355627389267569
11475,1,0,0.1332315964043776
11476,2,1,0.5251764106561249
11477,5,0,0.15014431688130703
11478,1,0,0.15098245104127697
11479,5,0,0.13706354011445748
11480,5,1,0.8231062642042687
11481,3,0,0.09832788783625948
11482,4,0,0.19695407517363736
11483,2,1,0.42492362326592736
11484,5,0,0.4033613179557028
11485,3,1,0.11422014456212962
11486,1,0,0.08070791200009705
11487,4,0,0.2739238554236451
11488,2,0,0.5131370615809937
11489,2,0,0.6894841463193283
11490,2,0,0.10819102563418334
11491,1,0,0.2013763545598156
11492,3,1,0.1823124570509213
11493,1,0,0.05216753982747189
11494,4,0,0.12609196660461447
11495,5,0,0.1534716447991574
11496,5,0,0.20360569041622872
11497,3,0,0.05491672273805967
11498,5,0,0.1219296971385194
11499,2,0,0.7216790375846193
11500,4,0,0.14934905537158713
11501,2,0,0.12582449657240846
11502,2,0,0.13631497271388823
11503,5,0,0.13292143771687942
11504,4,0,0.12244501335777132
11505,5,0,0.1853019668419619
11506,5,1,0.3255649782205695
11507,4,0,0.0980250147094854
11508,5,1,0.17518420693426992
11509,1,1,0.13493353481772924
11510,2,0,0.10013463654149767
11511,4,0,0.11309488941792403
11512,3,0,0.12300908053107662
11513,4,0,0.18548777372867786
11514,4,0,0.20675903880263022
11515,3,0,0.13709110183069373
11516,2,0,0.09212990367152167
11517,3,0,0.1426913639494272
11518,5,0,0.2834250855762686
11519,1,1,0.2522671599794303
11520,3,0,0.1870339710838651
11521,1,0,0.6285256749316351
11522,2,0,0.039060796115268005
11523,1,0,0.12885662935298575
11524,2,1,0.12409432275869102
11525,2,0,0.06167522079893179
11526,2,0,0.14533409729471222
11527,3,0,0.14085847583423314
11528,2,0,0.13354545386999875
11529,2,1,0.27496900601878144
11530,4,1,0.12960727117872048
11531,1,0,0.704112282130618
11532,3,0,0.06924359848768964
11533,1,0,0.08002117161787393
11534,3,0,0.3032030283995009
11535,2,0,0.12158221248213776
11536,4,0,0.07710885964376825
11537,2,0,0.1144444000107863
11538,3,1,0.3066203237874425
11539,1,0,0.14498797387383872
11540,2,0,0.06961067988521008
11541,1,0,0.07048895980114488
11542,2,0,0.08340121438991333
11543,3,0,0.07040507961734671
11544,1,0,0.1340398280048172
11545,5,0,0.17196416583092897
11546,5,0,0.08080681864340719
11547,5,1,0.4321941642335135
11548,5,0,0.9261357464436207
11549,2,0,0.11987928408038617
11550,5,0,0.22329601077830477
11551,2,1,0.16054403980970772
11552,5,0,0.1388663839783251
11553,1,0,0.26007482206233884
11554,3,1,0.14903320198783615
11555,4,0,0.09662543353980428
11556,5,0,0.08928948214757133
11557,5,1,0.18821389619622697
11558,3,0,0.10547980025489313
11559,1,0,0.17248279158981664
11560,3,1,0.7384038884375064
11561,5,0,0.08466120428875984
11562,1,0,0.13108992719344903
11563,1,0,0.12281111767624191
11564,1,0,0.11122796744151454
11565,1,0,0.13128457689404097
11566,5,1,0.7078038610644224
11567,4,0,0.26261066303207065
11568,4,0,0.15743389851774897
11569,2,0,0.13105309239983778
11570,3,0,0.26608749730343156
11571,1,0,0.1559701894658974
11572,2,0,0.17234206253725412
11573,4,0,0.14887926434153353
11574,1,0,0.13839180559666747
11575,1,1,0.6703061414663428
11576,5,0,0.10494108593781942
11577,2,0,0.13867806794008503
11578,1,0,0.093283148142466
11579,5,1,0.14504501573568732
11580,3,1,0.39188484571464166
11581,4,0,0.10983651888803299
11582,1,1,0.23456569139474082
11583,1,0,0.17524321933467105
11584,3,0,0.12813210804433015
11585,4,0,0.17653919005399157
11586,3,0,0.10037480911931927
11587,4,1,0.9068729725530825
11588,2,0,0.04556634813284606
11589,1,1,0.11771368477304674
11590,3,0,0.7401731916989756
11591,3,0,0.11468244853731005
11592,5,0,0.21759906794010725
11593,4,0,0.11530666026954454
11594,2,1,0.6802889359133515
11595,5,1,0.3630883316453918
11596,5,0,0.12830074863595697
11597,2,1,0.6982251550950342
11598,3,0,0.09107856513820022
11599,4,1,0.17882804003458858
11600,1,0,0.02171663711500752
11601,4,0,0.04965094382473123
11602,4,0,0.18680005261133667
11603,3,0,0.10930221991867861
11604,4,0,0.09480578358452071
11605,5,0,0.15865632073995947
11606,5,0,0.09513462803903482
11607,5,1,0.1509447109888727
11608,2,0,0.10412322526190855
11609,2,0,0.11657754110771093
11610,3,0,0.21951057244498648
11611,5,0,0.22042210327554218
11612,2,0,0.1181849141803776
11613,2,1,0.5422930455352183
11614,3,0,0.07682432420151
11615,3,0,0.11144340503511711
11616,3,0,0.13749522558143212
11617,3,0,0.5365754488681537
11618,2,1,0.09779666848478569
11619,3,1,0.31602898170451954
11620,2,0,0.12389758742529533
11621,4,0,0.34416596541954586
11622,1,0,0.7347619276167642
11623,3,0,0.09268776590617057
11624,1,0,0.10487466637296532
11625,2,1,0.18957347055038698
11626,4,0,0.24092160040517663
11627,2,0,0.10764280508012752
11628,4,0,0.11553944071045544
11629,5,0,0.13624034308257965
11630,2,0,0.08655399795542092
11631,3,0,0.11024644607528816
11632,1,1,0.26564101248584115
11633,2,0,0.14627717998248355
11634,1,0,0.07777641806934826
11635,5,0,0.04915812565076695
11636,1,1,0.7604350782829109
11637,3,0,0.13702655795794352
11638,5,0,0.16936336070963703
11639,4,0,0.11755937093108906
11640,2,0,0.13250706059271808
11641,2,0,0.12092121625894091
11642,3,1,0.6108075418433601
11643,5,0,0.08261554095496153
11644,5,1,0.48108351312311926
11645,1,1,0.7657333615958678
11646,3,0,0.5278316896418801
11647,5,0,0.09515051943312014
11648,2,0,0.11290164003926126
11649,3,0,0.12759110499890336
11650,5,0,0.14146042633676395
11651,5,0,0.07374810867636014
11652,4,0,0.18398793749315553
11653,4,0,0.15877105298884378
11654,3,0,0.08226779161554347
11655,1,1,0.10154058733741603
11656,1,0,0.09499737096739964
11657,4,0,0.8290000225178114
11658,1,0,0.038260656539693995
11659,3,0,0.1514351546519375
11660,5,0,0.21588114665017777
11661,4,0,0.09522543976914018
11662,1,0,0.08050791898363163
11663,2,0,0.07732058009740458
11664,1,0,0.06539012777616801
11665,1,1,0.3268986406175044
11666,2,0,0.2362526080695413
11667,4,0,0.1572729454708208
11668,5,0,0.1368649086568927
11669,1,1,0.8473567044747896
11670,3,0,0.13744746967998253
11671,5,0,0.08797863929665718
11672,4,0,0.16131539669614597
11673,5,1,0.34631393790071335
11674,2,0,0.20439156705159536
11675,1,0,0.3651584622249459
11676,2,0,0.10008047502626326
11677,3,0,0.1407871579094318
11678,5,0,0.10872783208472515
11679,4,0,0.40761638126221883
11680,1,0,0.11536963068555924
11681,4,0,0.7254148264223086
11682,1,0,0.20093201637641261
11683,1,0,0.15958985014366978
11684,4,0,0.09822656112714069
11685,2,0,0.4180201414982302
11686,5,1,0.22451154459423614
11687,1,0,0.14941355602846637
11688,2,0,0.15272465881259434
11689,5,0,0.11986733648684152
11690,5,1,0.5171618395495509
11691,3,1,0.1504949016627977
11692,4,1,0.6696269539446135
11693,4,0,0.09260403746175246
11694,2,0,0.15536977064595872
11695,1,0,0.11981986408050194
11696,1,0,0.15690173282049005
11697,5,0,0.6433754678748191
11698,1,1,0.7348404465466439
11699,2,0,0.23568525902275697
11700,4,0,0.08991024010774713
11701,3,0,0.14814305556640123
11702,1,0,0.06605923617143485
11703,2,0,0.20208064938790707
11704,4,1,0.4016316339970447
11705,5,0,0.43890716524787926
11706,2,0,0.047669140041617916
11707,1,0,0.156993851001635
11708,3,1,0.12108116839120961
11709,2,0,0.12296068842359019
11710,1,0,0.05957861958590795
11711,4,0,0.70052769253034
11712,1,1,0.840477607354165
11713,3,0,0.17102089186963587
11714,2,0,0.1194381319319344
11715,1,0,0.16457790378717704
11716,4,0,0.0903174251254977
11717,2,0,0.10658414409638091
11718,5,0,0.066841149762283
11719,2,1,0.26313159359066635
11720,2,0,0.17770006394333057
11721,1,0,0.18417104900578418
11722,1,1,0.16914255242403547
11723,3,1,0.22762572633962666
11724,3,1,0.884327658482048
11725,1,0,0.8352935387521558
11726,5,0,0.16201705626087093
11727,3,1,0.2672794226331971
11728,2,0,0.15298902788175545
11729,3,0,0.18823592524662447
11730,3,0,0.28202304362779895
11731,5,0,0.07713611188751207
11732,5,0,0.06787926729533418
11733,3,0,0.10939945202133729
11734,4,0,0.07726094565677565
11735,3,0,0.494426932541641
11736,5,0,0.14689312725926326
11737,3,0,0.033116591774582795
11738,4,0,0.15316283110473006
11739,5,1,0.33744766198957366
11740,1,0,0.11395814414745956
11741,4,1,0.4943807949226819
11742,2,0,0.18693534549086485
11743,4,1,0.13275768024718151
11744,1,0,0.1207162713373365
11745,2,0,0.11014076319255331
11746,2,0,0.10946294041757763
11747,2,0,0.07335616211378833
11748,5,0,0.12658115937737036
11749,5,0,0.09212746860168256
11750,3,1,0.506373423461055
11751,4,0,0.07219402066115915
11752,4,0,0.5598466429092185
11753,2,1,0.27752622888993844
11754,1,0,0.16431756533413158
11755,4,0,0.1345298955939037
11756,1,0,0.13738947299699847
11757,4,0,0.07920567885779209
11758,4,0,0.097718068663168
11759,1,0,0.25128217980146705
11760,3,0,0.12564051461164777
11761,3,0,0.10810815794016194
11762,4,0,0.07119787132364658
11763,5,0,0.11001696143689794
11764,5,0,0.1150730558022486
11765,1,1,0.11368473183984706
11766,2,1,0.1510514646782195
11767,1,0,0.18358061043431673
11768,5,0,0.09365899280363071
11769,4,0,0.16868710489059072
11770,4,0,0.21540882257227836
11771,3,0,0.12601928387372807
11772,5,0,0.31821770743046457
11773,2,0,0.11285045281257189
11774,2,0,0.14484462037802087
11775,2,1,0.07875928417055764
11776,5,0,0.1680580630378116
11777,3,1,0.159452743731094
11778,5,1,0.1347199091544163
11779,4,0,0.06555491595900427
11780,1,0,0.8289985148127594
11781,2,1,0.34375535318316297
11782,4,0,0.2001268071281201
11783,4,0,0.11222130171306442
11784,1,0,0.11302205246864193
11785,2,0,0.1181059607882042
11786,2,0,0.06069380786065304
11787,3,0,0.11437362208271978
11788,2,0,0.17441224127703925
11789,3,0,0.07789839426579245
11790,1,0,0.21948960686298036
11791,4,0,0.1039315886515626
11792,3,1,0.11516372720905745
11793,3,0,0.1679438341833956
11794,2,1,0.08408963909431723
11795,4,0,0.07691107842494085
11796,1,0,0.06579877579755117
11797,3,0,0.14494773515975604
11798,2,0,0.6345528149517475
11799,2,0,0.14144648975264024
11800,3,0,0.12240223642832851
11801,3,0,0.1458554434481603
11802,5,1,0.16907421163655997
11803,5,0,0.09021074664567912
11804,4,0,0.7816163655513438
11805,3,0,0.17232290203081532
11806,4,0,0.12470927811435097
11807,4,1,0.3646181042565505
11808,1,0,0.13418290951749318
11809,5,0,0.08675944475257397
11810,3,0,0.1213405367755516
11811,3,0,0.13782204165235304
11812,5,0,0.1063063554685161
11813,1,0,0.11695362541212968
11814,4,0,0.12688595067483996
11815,2,0,0.15576080409010104
11816,2,0,0.4078943801544966
11817,4,0,0.05109018998944178
11818,3,0,0.22421364176318404
11819,3,0,0.11082496768293025
11820,3,0,0.12407971240621041
11821,5,0,0.08719564372339356
11822,1,0,0.09372068396945524
11823,1,0,0.0858745142574506
11824,4,0,0.08967333660035502
11825,1,0,0.3609131297303837
11826,2,0,0.1218064308653241
11827,1,0,0.1590440387985506
11828,3,0,0.11707342068770772
11829,1,0,0.15039327090700935
11830,3,0,0.17408005930711945
11831,3,1,0.14516089291612144
11832,5,0,0.20897578854260535
11833,5,0,0.31541477024269937
11834,2,0,0.1437827692208595
11835,1,0,0.1398517041713444
11836,5,0,0.08223604581862405
11837,4,0,0.08370318765002721
11838,2,0,0.1411767920765374
11839,4,0,0.12502749309446556
11840,4,0,0.5420393626664827
11841,1,0,0.06421797543586509
11842,4,1,0.13521374596816618
11843,1,0,0.2094730209736555
11844,5,1,0.6445609172852386
11845,5,0,0.15721097749416063
11846,4,0,0.2776235647618859
11847,3,0,0.08415620181181657
11848,2,1,0.12878821058631423
11849,5,0,0.05288135396964003
11850,1,0,0.12231843189311725
11851,3,0,0.19981344851089372
11852,2,0,0.12366808648998316
11853,5,0,0.10220748758119076
11854,5,1,0.20906674482384727
11855,3,0,0.129184403137913
11856,4,0,0.28289177329389187
11857,3,0,0.1526660329492912
11858,2,0,0.34947978639948973
11859,5,0,0.048895973145449315
11860,2,0,0.10582596290402736
11861,5,1,0.11054467377008687
11862,3,0,0.1597311388388165
11863,5,0,0.1256775045479929
11864,4,0,0.06631968238834157
11865,4,0,0.5024949446041286
11866,4,0,0.12994532633669864
11867,3,0,0.05552579183694732
11868,4,1,0.21107264053876584
11869,2,0,0.0828247716803876
11870,4,0,0.11145393721540901
11871,5,0,0.1839611012086087
11872,2,0,0.12166608486489977
11873,1,0,0.14940064699042865
11874,2,0,0.10175805223331555
11875,2,0,0.13573253050889367
11876,1,0,0.1291303295720109
11877,3,0,0.12574027233456894
11878,1,1,0.816024164829218
11879,2,0,0.12866437178970183
11880,2,0,0.07902189497261283
11881,3,1,0.09444099910415511
11882,3,0,0.25125140764080905
11883,1,0,0.07948835427168248
11884,1,1,0.09546715180739332
11885,4,1,0.15342976081817863
11886,2,0,0.13947479987583591
11887,1,0,0.13515368380008436
11888,5,0,0.1692272161898741
11889,1,0,0.5366527331467272
11890,1,0,0.06674779293544221
11891,3,0,0.026998782507169184
11892,5,0,0.06232637685501816
11893,3,0,0.1452715920422442
11894,3,0,0.10515232080345419
11895,2,1,0.27872788477396754
11896,3,0,0.22031259836770167
11897,5,0,0.14754259860139313
11898,2,0,0.1707459606835954
11899,3,0,0.07744432823924993
11900,5,1,0.13292449212173385
11901,5,0,0.15250625003163742
11902,1,0,0.09525145385385854
11903,2,1,0.27980557748417234
11904,1,0,0.3098661521322906
11905,1,0,0.1232232212454666
11906,3,0,0.16686219906827052
11907,3,0,0.21587196299851957
11908,1,0,0.09103268708384912
11909,5,0,0.08253804391303478
11910,3,1,0.17496873556474665
11911,1,0,0.05604999248496343
11912,1,0,0.1357561584984037
11913,4,0,0.14275645164839534
11914,3,0,0.13218752491832694
11915,5,0,0.13022849768726005
11916,5,0,0.12904535248032376
11917,2,0,0.15430562839345463
11918,3,0,0.12367462000285959
11919,5,1,0.4216834942008824
11920,4,0,0.14111884169737404
11921,4,0,0.25902687432538163
11922,3,0,0.18480707351389444
11923,1,0,0.11808738286848237
11924,4,0,0.11097574478017448
11925,3,0,0.07420209403018266
11926,4,1,0.3293800392417687
11927,2,0,0.35864326115792544
11928,1,0,0.09514432676223186
11929,2,0,0.15628763360280068
11930,5,1,0.14534085885089137
11931,5,0,0.0843924493902062
11932,1,0,0.15205747115155654
11933,4,1,0.19225204732873624
11934,2,0,0.22213872787136135
11935,3,0,0.1420715833267775
11936,4,0,0.11702823093014984
11937,4,0,0.16975661780085471
11938,3,1,0.5524262407511134
11939,2,0,0.17658469229539836
11940,4,0,0.25449050132003814
11941,3,0,0.07655815624823929
11942,4,0,0.12010800310059702
11943,4,0,0.09261153880032875
11944,5,0,0.11603747378344756
11945,3,0,0.17302205255503217
11946,2,1,0.9317630625609962
11947,1,0,0.2037547194696521
11948,3,0,0.23680919736458497
11949,4,0,0.09544947143089955
11950,3,0,0.05245237032249097
11951,5,0,0.09496612816093013
11952,1,1,0.47149326344583425
11953,4,0,0.10346626261612686
11954,2,0,0.10822309744887341
11955,2,0,0.5998923766913747
11956,3,1,0.7037863526656319
11957,2,0,0.13093436768761926
11958,1,1,0.3104868088919781
11959,3,0,0.0746969326126012
11960,5,1,0.4515811945243479
11961,1,0,0.20340480275218345
11962,3,0,0.3788921803440043
11963,5,1,0.7917109686750267
11964,2,0,0.51533728058102
11965,3,0,0.13620077607538486
11966,3,1,0.28698059092368666
11967,5,0,0.6027744676363677
11968,2,0,0.07149179066113018
11969,3,0,0.10878924989423142
11970,1,0,0.10940879594943932
11971,3,0,0.09229921861931026
11972,3,0,0.13551581834964072
11973,3,0,0.08897861034523144
11974,4,0,0.050765484451780224
11975,2,1,0.11715690154244118
11976,5,0,0.6839677217243016
11977,1,0,0.0755463127522904
11978,3,0,0.08480158728213853
11979,5,0,0.1185653586390405
11980,1,0,0.16605510319961633
11981,3,1,0.21625772428556272
11982,1,1,0.1219850954199481
11983,3,1,0.13606932035784325
11984,4,0,0.08722502089076412
11985,5,0,0.05226404611925496
11986,4,1,0.30511891354517
11987,4,0,0.11048746186753597
11988,5,0,0.10473738233046456
11989,2,0,0.09985420294454889
11990,2,0,0.09373854072124874
11991,3,1,0.8477828023524085
11992,4,0,0.1406466024803906
11993,1,0,0.07287576907315015
11994,4,0,0.18503195805373068
11995,1,0,0.10330512242696047
11996,4,0,0.12047138587029389
11997,2,0,0.13664177740407843
11998,2,0,0.07902889742233664
11999,4,0,0.0975849232746191
12000,5,0,0.1997819670910258
12001,3,1,0.8231745996006983
12002,2,1,0.33640608255233195
12003,1,0,0.15992523531762515
12004,3,0,0.06492182375402861
12005,1,0,0.19013759729261093
12006,5,0,0.20894395668119362
12007,5,0,0.37824996455836385
12008,3,0,0.14640017393062116
12009,1,0,0.07766391394059052
12010,5,0,0.06610396933151477
12011,1,0,0.5730012639870051
12012,3,0,0.09465382506958207
12013,4,0,0.1265684597356253
12014,1,0,0.1096492658195163
12015,4,0,0.12227745540048744
12016,1,0,0.1520546548524234
12017,1,0,0.07359301640241621
12018,1,1,0.7536914160378457
12019,1,1,0.6638468661147798
12020,2,0,0.1344437802531108
12021,3,0,0.15847456552188136
12022,3,0,0.15144547575588324
12023,4,0,0.135880589092186
12024,4,0,0.187701622020546
12025,1,0,0.3628633762493215
12026,5,0,0.15983356618219674
12027,3,0,0.11356899637927433
12028,5,0,0.15307262872423683
12029,3,0,0.10832849381731814
12030,4,0,0.1952267069976281
12031,2,1,0.23118016278138265
12032,5,0,0.34687471022343175
12033,3,0,0.15995777823598317
12034,3,1,0.6428663275144969
12035,3,0,0.17800918022050718
12036,2,1,0.12905158298366484
12037,5,0,0.22797098536148433
12038,1,0,0.5162328761893686
12039,4,0,0.16933351103973918
12040,1,0,0.11624569978657807
12041,4,1,0.6759440894810499
12042,1,1,0.841295085926017
12043,4,1,0.8058156701715977
12044,5,0,0.13497532707664117
12045,5,0,0.06165791323378436
12046,1,0,0.04163871199699858
12047,2,0,0.12679964879639505
12048,4,0,0.05949985150598821
12049,5,0,0.2227561940096334
12050,4,0,0.19993247597276725
12051,1,0,0.08414755661045854
12052,4,0,0.17517613493090983
12053,1,0,0.1044980213973202
12054,5,0,0.17245537197768052
12055,1,1,0.08715994323294846
12056,1,0,0.13554931076399226
12057,1,0,0.06256264427197765
12058,5,0,0.061064956685058784
12059,4,0,0.10382524481360278
12060,1,0,0.12535354029812965
12061,1,1,0.39368985047903116
12062,1,1,0.7669661934942686
12063,2,0,0.14591163518605088
12064,2,0,0.13312807388230186
12065,2,0,0.3021659371214145
12066,3,1,0.18071627899701898
12067,1,0,0.0736342188873044
12068,1,0,0.47317972590585683
12069,2,1,0.19199265325634898
12070,1,0,0.11770402736090511
12071,4,0,0.35854715678083116
12072,3,0,0.11171427161188252
12073,3,0,0.12164238367826027
12074,1,0,0.04268967335574689
12075,3,0,0.10887869925455036
12076,5,0,0.07152071306439592
12077,4,0,0.07981699308081032
12078,1,0,0.2003549041012062
12079,5,0,0.14814004578361495
12080,5,1,0.3470016443202041
12081,2,0,0.060122128829273244
12082,4,0,0.14053714520844007
12083,5,0,0.08980759224273661
12084,3,0,0.08371782787010393
12085,4,0,0.1676713551716842
12086,5,0,0.10288015034452021
12087,2,0,0.12292554138075085
12088,4,0,0.12539958149692731
12089,5,0,0.8306504680467232
12090,3,0,0.14157944801138148
12091,2,0,0.10817249217369132
12092,4,0,0.17583428464588843
12093,3,0,0.14198835138558344
12094,5,0,0.2239878169119816
12095,5,0,0.1057484303699643
12096,2,0,0.18182919605864403
12097,2,1,0.16467444568305808
12098,3,0,0.1032840897041657
12099,1,0,0.1480342865707417
12100,3,0,0.12429602406713612
12101,4,0,0.08046696233650964
12102,4,0,0.08591959459511259
12103,5,0,0.15223431423501046
12104,5,0,0.19280477846842425
12105,3,0,0.10018649376751801
12106,5,1,0.36765466940651853
12107,3,0,0.14070118419223218
12108,4,0,0.2922488206892742
12109,4,1,0.6425329660877458
12110,5,0,0.2583664299331624
12111,1,0,0.2375479803019634
12112,3,0,0.35239554071805723
12113,5,0,0.07447357219930498
12114,1,1,0.11416535087377142
12115,2,0,0.11448973502815603
12116,1,1,0.8150218546217919
12117,4,0,0.12257151681454682
12118,1,0,0.11509176333760415
12119,1,0,0.07461413299266938
12120,1,0,0.24411335241053814
12121,5,0,0.35456217700350595
12122,1,1,0.2190685702492088
12123,5,0,0.16087618884796442
12124,3,0,0.10237584039754742
12125,1,0,0.09292903430460785
12126,4,0,0.16731294537020996
12127,1,0,0.08945551577372127
12128,4,1,0.751390164775322
12129,5,1,0.8302957744520195
12130,4,0,0.07983294383801373
12131,3,1,0.36028029023894137
12132,5,1,0.4309007141712727
12133,4,0,0.2088301436779817
12134,5,0,0.05808277545425005
12135,5,0,0.07221913462879784
12136,3,1,0.8984698550130755
12137,4,0,0.10958634593224263
12138,3,0,0.29205235658179785
12139,2,0,0.14341081598025834
12140,4,1,0.16527049403951133
12141,4,0,0.16896612765997823
12142,3,0,0.10844741877988684
12143,3,0,0.09142959145387834
12144,3,0,0.11494446238840501
12145,5,1,0.11277321053117904
12146,2,0,0.128845682243141
12147,2,0,0.1357392290991482
12148,4,0,0.09866212399120391
12149,2,0,0.1473386286289343
12150,3,0,0.14359540261360976
12151,3,0,0.23071788077046507
12152,3,0,0.2314423104439576
12153,4,0,0.14408366276759113
12154,1,0,0.12361946873598578
12155,5,0,0.2198987220306158
12156,2,0,0.101693326784465
12157,5,0,0.2845210971111188
12158,3,0,0.11964562088275991
12159,2,1,0.6351902919725869
12160,2,0,0.1183930018203974
12161,1,0,0.6697244869478712
12162,2,1,0.24454377182022022
12163,5,0,0.0960980707751907
12164,2,0,0.09959824437284305
12165,4,0,0.1579936210426838
12166,2,0,0.13975997899250325
12167,4,0,0.10573823484150015
12168,2,0,0.7425133001478911
12169,5,0,0.07165749283851594
12170,3,1,0.2688679575324676
12171,1,0,0.10391455943954668
12172,4,0,0.10916813081245723
12173,1,0,0.09175005522924977
12174,4,0,0.11338146522627683
12175,4,0,0.12917213100812977
12176,4,0,0.1444197183605981
12177,3,0,0.10566161162668548
12178,5,0,0.13989287009763826
12179,1,0,0.14043930653207445
12180,3,0,0.08038679992400546
12181,3,1,0.3434868337154653
12182,2,0,0.2686917859666908
12183,3,0,0.08544898015089955
12184,1,0,0.21819606215704432
12185,2,0,0.07816488768638977
12186,4,1,0.1348323623135275
12187,1,1,0.09047364369695315
12188,2,0,0.16320156254337806
12189,1,0,0.14170213451354924
12190,5,0,0.05593428027371089
12191,4,0,0.4044409837946776
12192,2,1,0.16208590039795764
12193,5,0,0.13728471765302552
12194,2,0,0.11745489227107098
12195,2,1,0.6812687322641122
12196,2,1,0.14036478206004316
12197,5,0,0.13445978082542875
12198,5,0,0.3610109413814919
12199,3,0,0.14072950426662634
12200,4,0,0.07902083888768544
12201,1,0,0.18847650229248328
12202,1,0,0.14637800826432715
12203,5,0,0.1002376422260001
12204,2,0,0.07067907897009089
12205,4,1,0.11669983198328877
12206,3,0,0.18012551580520808
12207,3,0,0.15175017311651054
12208,2,0,0.14182411267026626
12209,5,0,0.3477167871019539
12210,4,0,0.14154334500109086
12211,5,1,0.13643635628124604
12212,4,0,0.23740158275428536
12213,5,0,0.05227631549229634
12214,5,1,0.5226796351450478
12215,3,0,0.16314117397168407
12216,2,1,0.8408548233549472
12217,3,1,0.5890687342386154
12218,4,0,0.10172135268785903
12219,1,0,0.11227524157498549
12220,3,1,0.17188922133891074
12221,1,0,0.09970664697352115
12222,1,1,0.5317284639816089
12223,4,1,0.5355845473157735
12224,1,0,0.11458772302827418
12225,1,0,0.07874443845765154
12226,1,0,0.12924349844710437
12227,2,0,0.14502790478000488
12228,5,0,0.2098950212468342
12229,3,0,0.05003503661847668
12230,2,1,0.08874318804807067
12231,4,0,0.17361866255109912
12232,4,0,0.1748104459546526
12233,2,0,0.07379573087489286
12234,3,0,0.14143563557257785
12235,2,0,0.25407391683173325
12236,4,0,0.18735085415321337
12237,5,1,0.3859101364930841
12238,2,0,0.121371053718814
12239,5,0,0.26975448911585703
12240,5,0,0.24599573929428434
12241,5,0,0.20627656907031144
12242,2,0,0.12028223136371054
12243,3,0,0.7200599931705972
12244,5,1,0.5025666695233022
12245,1,0,0.10353587888891572
12246,1,0,0.129620778792973
12247,4,1,0.7371594767226113
12248,2,0,0.09286368098119574
12249,4,0,0.09783242204416571
12250,3,1,0.5337199346226498
12251,4,0,0.14542520486012206
12252,2,0,0.20040059208074318
12253,1,0,0.13076098341169576
12254,3,0,0.047594418654696595
12255,3,0,0.14573212821130496
12256,4,1,0.40265682154035193
12257,3,1,0.1940782714487921
12258,5,0,0.09097508393594589
12259,2,0,0.17442979488535604
12260,4,0,0.15538911012855533
12261,3,1,0.14298552658467137
12262,1,0,0.3782704596417023
12263,4,1,0.78705881684538
12264,4,0,0.08161253383014111
12265,1,0,0.17703750635871124
12266,4,0,0.1302315256550694
12267,4,0,0.736895416102121
12268,1,0,0.12006482059201065
12269,2,1,0.8002008992253213
12270,1,0,0.08308613942020494
12271,4,0,0.2303079169443215
12272,5,0,0.1194280365202859
12273,2,0,0.18607651845342713
12274,1,1,0.11145527235653535
12275,5,0,0.12425351546350365
12276,2,0,0.1267700966559297
12277,5,0,0.0804653600121974
12278,2,0,0.1231286468585507
12279,2,0,0.08315317430680612
12280,4,0,0.14274061125223708
12281,5,0,0.11512061987937708
12282,3,0,0.07125279454592962
12283,2,0,0.10115406822591547
12284,3,0,0.12296260292874432
12285,3,0,0.1458537469077047
12286,1,1,0.388142186642989
12287,5,0,0.14039176317960367
12288,2,1,0.0957498853477153
12289,3,0,0.13836037568698348
12290,2,0,0.06486679055799223
12291,3,0,0.10230232467671874
12292,4,0,0.19171267137071
12293,1,0,0.10870265363132364
12294,1,0,0.2113556418970504
12295,3,0,0.1628944946201005
12296,3,0,0.19987856914786484
12297,3,0,0.24411036646582085
12298,3,1,0.1276341793993376
12299,5,1,0.14235983728888718
12300,2,1,0.2663215971656299
12301,5,0,0.16886365909477952
12302,5,0,0.10224404028931068
12303,1,1,0.11181061675984516
12304,2,0,0.08576961009224746
12305,3,1,0.21623708665233862
12306,2,1,0.40016696213764846
12307,4,1,0.5370855012846489
12308,2,0,0.18956909841396452
12309,4,1,0.4567983993895235
12310,5,0,0.08132653303932176
12311,1,0,0.023720315832634297
12312,3,0,0.12368256744110397
12313,3,0,0.19150586114552146
12314,2,0,0.10409162637498817
12315,5,0,0.38913394357021963
12316,2,1,0.720611355704834
12317,5,1,0.20801385504099384
12318,5,1,0.16004129348430482
12319,5,0,0.45212572457648725
12320,4,0,0.22655285571662043
12321,2,0,0.15322873650563498
12322,5,0,0.22001736508973335
12323,3,0,0.21168323311205745
12324,5,0,0.13176742892869805
12325,1,0,0.1425023071238183
12326,1,0,0.11954153255825921
12327,1,1,0.41414132110895363
12328,3,1,0.6674449486628482
12329,2,0,0.14508618740679138
12330,2,0,0.07775592992352585
12331,4,0,0.4295534697321285
12332,3,0,0.17276922355670274
12333,2,0,0.14394195177189134
12334,1,0,0.08300813678308556
12335,4,0,0.04421823375677013
12336,2,0,0.14850078755848456
12337,3,0,0.30761252640045245
12338,3,0,0.14384216873643607
12339,3,0,0.06404912839564635
12340,3,0,0.7080913971162183
12341,5,0,0.05772600859850187
12342,4,1,0.16312576008695498
12343,3,0,0.219088876085017
12344,2,0,0.09390433480034786
12345,3,0,0.12585057829511276
12346,1,0,0.4878592675782229
12347,3,1,0.0854357396113995
12348,5,0,0.26765675778280756
12349,3,1,0.16176277935455743
12350,5,0,0.19991929027789979
12351,3,0,0.3458517688621108
12352,3,0,0.0930332366774749
12353,1,1,0.16907907232750202
12354,1,0,0.31318672077939574
12355,5,0,0.10132124965365995
12356,5,0,0.124855560184712
12357,2,1,0.18354779547158917
12358,4,0,0.12292966268890623
12359,4,0,0.25474487786946753
12360,1,1,0.1560028761066639
12361,1,0,0.14925776974194357
12362,5,1,0.37382885676401084
12363,1,0,0.10892466815584244
12364,5,0,0.11643035071129662
12365,5,0,0.15203855476525296
12366,1,0,0.18220164341469758
12367,2,0,0.17638584451133732
12368,3,1,0.7020795912801482
12369,4,0,0.1438007337450332
12370,5,1,0.8075211533719189
12371,5,1,0.22844924334603736
12372,1,0,0.25767416116311137
12373,4,0,0.13820345743171333
12374,5,0,0.08474226981532534
12375,2,1,0.2623133802758574
12376,4,1,0.2266664118239538
12377,3,0,0.12579537354039902
12378,3,0,0.33779118485864085
12379,1,0,0.11305846319850461
12380,1,0,0.09440775636971482
12381,3,0,0.22000383350976452
12382,3,0,0.11511560765295191
12383,2,1,0.7697122863168695
12384,4,0,0.11711736415923801
12385,1,0,0.17471397153196813
12386,1,0,0.09721380583421907
12387,4,0,0.20421710242409796
12388,4,0,0.06888926445780334
12389,5,0,0.09927088949542122
12390,3,1,0.4104668316896754
12391,5,1,0.16056890489398032
12392,3,1,0.8189723990211918
12393,4,0,0.028730947622960485
12394,5,0,0.18456553664782926
12395,2,0,0.3319492504829374
12396,5,1,0.13165286618450156
12397,5,0,0.1791320506138184
12398,5,0,0.10135590123473733
12399,5,0,0.05630216067401366
12400,4,1,0.3085920652290537
12401,2,0,0.15958444615164277
12402,4,0,0.09507962146801106
12403,3,0,0.5425763982351389
12404,1,0,0.1603975494404797
12405,1,0,0.3287144746949928
12406,2,0,0.17819969651104361
12407,1,1,0.15927609776155985
12408,1,0,0.07957865404622916
12409,2,0,0.06090780361345625
12410,5,0,0.13932158063845237
12411,3,0,0.06859256706888195
12412,3,1,0.1769057597152729
12413,4,0,0.12229069518734674
12414,1,0,0.12639231793984618
12415,5,0,0.24299659955550632
12416,5,0,0.09278136623339489
12417,1,1,0.11841824854848121
12418,5,1,0.5091290561669722
12419,3,1,0.7125594986307824
12420,1,0,0.14586368371347402
12421,4,0,0.139342793155165
12422,1,0,0.12877020139270617
12423,4,0,0.11220964084797537
12424,3,0,0.09215241871153591
12425,4,1,0.1997851638188299
12426,4,0,0.22232171548301324
12427,2,0,0.06878951696653243
12428,4,0,0.045037008517970385
12429,3,0,0.15084067759515077
12430,5,1,0.828809063352031
12431,3,0,0.152930262879064
12432,2,0,0.12437185046750644
12433,3,0,0.2622309898772437
12434,2,0,0.06914435595752441
12435,2,0,0.10806842081215591
12436,2,0,0.1593815137740927
12437,1,0,0.025437569253394944
12438,1,0,0.13114145773453634
12439,1,0,0.10448294845153747
12440,3,0,0.12736188131721796
12441,2,1,0.2524575150762371
12442,4,1,0.11132720497130526
12443,1,0,0.1584069637442277
12444,3,0,0.18821225583468598
12445,5,0,0.11079498147949825
12446,5,0,0.14225951204790424
12447,5,0,0.13372993063838165
12448,3,0,0.26718060869868127
12449,4,0,0.09993161457250008
12450,5,0,0.1501101463220863
12451,3,0,0.10407241135064872
12452,1,0,0.1265108155588419
12453,2,0,0.18717678366077573
12454,5,0,0.0652505333697997
12455,4,0,0.10996537995517483
12456,1,0,0.13576468604789918
12457,2,0,0.16217267736399862
12458,5,0,0.30504543670656475
12459,4,0,0.1211683766164769
12460,1,0,0.09337966971627884
12461,1,0,0.4663780409382972
12462,1,1,0.8817894071857872
12463,2,1,0.1389098218138066
12464,2,1,0.8290831011347206
12465,2,1,0.8224475877131593
12466,5,0,0.2754510747511396
12467,3,0,0.19893029780326316
12468,4,0,0.23527754105688659
12469,2,0,0.1215283234590514
12470,1,0,0.08430218540566546
12471,1,1,0.5178985428287093
12472,2,0,0.09153857666963763
12473,3,0,0.5211205097991038
12474,2,1,0.5779498078177862
12475,1,1,0.7407382708887018
12476,4,0,0.1516589474646902
12477,2,0,0.09210816091284811
12478,4,0,0.22473953011478948
12479,3,0,0.07822356381991945
12480,2,0,0.06615589492398605
12481,4,1,0.3467882396265955
12482,4,1,0.7356657913564996
12483,5,0,0.10458559134439474
12484,3,1,0.7599603063825411
12485,4,0,0.08436330889539499
12486,2,1,0.2217321236894758
12487,3,0,0.15548867870336505
12488,1,0,0.10548775338992279
12489,2,0,0.09870115143925401
12490,5,0,0.07532899342494624
12491,2,1,0.08720408150844448
12492,2,0,0.10453359827344832
12493,2,0,0.09937330334724256
12494,4,0,0.15459900263048557
12495,1,1,0.5745098289186277
12496,5,1,0.7968984409411999
12497,4,0,0.09616034585953015
12498,3,0,0.3422287591349975
12499,5,0,0.12289434440458703
12500,1,1,0.1918296513821177
12501,3,0,0.3541555657466237
12502,1,1,0.12679095176518063
12503,5,0,0.16086564941816625
12504,4,0,0.1255471073751253
12505,2,0,0.09836916907855323
12506,3,0,0.11300414413232311
12507,1,0,0.1462553898560403
12508,3,1,0.725514875022125
12509,1,0,0.1734135886533107
12510,2,0,0.13689273637784702
12511,3,1,0.2841239485106093
12512,4,1,0.2069534824126043
12513,2,0,0.1304182535898021
12514,1,1,0.8153155055347837
12515,4,0,0.13417224052116566
12516,2,1,0.7042414081715923
12517,1,0,0.12938497739728644
12518,2,0,0.195509650944775
12519,3,0,0.1743950726211086
12520,5,1,0.7196095015907145
12521,1,0,0.12168567378179725
12522,4,1,0.6697504869648678
12523,4,0,0.25416207088276394
12524,2,0,0.23103066259068158
12525,4,0,0.22030557575164314
12526,4,0,0.06840096685263806
12527,1,0,0.05204146379589101
12528,4,0,0.49734442982388044
12529,4,0,0.0702209657212206
12530,5,0,0.11202491519036675
12531,3,0,0.120232093422287
12532,4,0,0.14780506742418206
12533,2,1,0.1070174325225814
12534,5,0,0.06058194230257312
12535,5,0,0.18046651061059904
12536,5,0,0.565856738176445
12537,3,1,0.686114821817872
12538,2,1,0.22890721493836141
12539,2,0,0.09853072640374722
12540,2,0,0.13346574274338652
12541,3,0,0.11960655019191216
12542,1,0,0.5253933686107354
12543,5,0,0.5132938492014777
12544,2,1,0.6561960179870622
12545,1,0,0.18907562177682571
12546,2,1,0.8671849654197458
12547,5,0,0.15251442127476147
12548,5,0,0.15358519262843287
12549,3,0,0.33943120275035144
12550,1,0,0.0870565019455832
12551,2,1,0.4676526900258241
12552,1,0,0.3880087813793214
12553,3,1,0.7542841980763185
12554,5,0,0.1996149495983754
12555,1,0,0.13403992237694412
12556,5,1,0.40607187033195385
12557,5,1,0.13810051425720965
12558,4,0,0.20483812585346975
12559,5,0,0.12942562546082595
12560,5,1,0.13171255239376053
12561,4,0,0.19260845183622496
12562,2,0,0.13975599785123746
12563,3,0,0.6671340253873186
12564,1,0,0.22599058227242078
12565,2,0,0.2041919489976362
12566,1,0,0.193939314019607
12567,5,1,0.2694859703340332
12568,5,0,0.06428619136401514
12569,3,0,0.16577953964746078
12570,3,1,0.3716485379502967
12571,4,0,0.05980991376647836
12572,4,0,0.10104925587196116
12573,2,1,0.7488826730954357
12574,1,1,0.14704499400993423
12575,4,0,0.11279146537018034
12576,2,1,0.8979264726991918
12577,2,1,0.13156409407942887
12578,5,0,0.1221434834107364
12579,4,0,0.08017814014329158
12580,3,1,0.24823085914486712
12581,5,0,0.12209328438759144
12582,3,0,0.17460209555331974
12583,4,0,0.1523148369287204
12584,3,0,0.3192700960062072
12585,1,1,0.7850924302476433
12586,1,0,0.11879507667993162
12587,1,0,0.06732236773543242
12588,1,0,0.09667768084738433
12589,1,0,0.046201445002881765
12590,3,0,0.07510388143007618
12591,4,0,0.06293480234551053
12592,2,0,0.10911926400786648
12593,5,1,0.46195532486952734
12594,3,0,0.1347540866082059
12595,3,0,0.1439168712176573
12596,2,0,0.5944456605718507
12597,4,0,0.10260509207086892
12598,1,1,0.4433386885056413
12599,5,0,0.1467725971794628
12600,5,0,0.12208738704637927
12601,5,0,0.0979624467273827
12602,3,1,0.9000912390440302
12603,2,0,0.17513895127425014
12604,4,0,0.10071126085423686
12605,3,0,0.18937982064571557
12606,4,0,0.12243677177233231
12607,2,0,0.13627157739406404
12608,5,0,0.16611174508780668
12609,3,0,0.20042970229358933
12610,3,1,0.6310036206110018
12611,2,1,0.15506510401970294
12612,5,0,0.14174826229497736
12613,2,0,0.12846440046704527
12614,2,0,0.11666407070833194
12615,3,0,0.4670776275249923
12616,2,1,0.6633477738843695
12617,4,0,0.2232995136464195
12618,2,0,0.10111713765662192
12619,4,0,0.10205252802025155
12620,3,0,0.1319706420500919
12621,5,0,0.09288905634272908
12622,1,0,0.6260569047868716
12623,5,0,0.10619386233780476
12624,1,0,0.10594858882996987
12625,5,0,0.05759388736630228
12626,2,0,0.05523789650922272
12627,4,0,0.2679068039966216
12628,1,0,0.19513910467958334
12629,3,0,0.20668423574118097
12630,2,0,0.2030798553527525
12631,4,1,0.20868464925952532
12632,5,1,0.21077241329027074
12633,4,0,0.20171967348727438
12634,3,1,0.18544501573112507
12635,4,0,0.09752836168683447
12636,4,1,0.10483503457271398
12637,2,0,0.10295024211172087
12638,4,1,0.19646412455191603
12639,1,0,0.09446693609788058
12640,5,0,0.13112482945286905
12641,4,0,0.140820036582283
12642,2,0,0.19402079733959696
12643,2,0,0.1669938837373414
12644,1,0,0.11235279566320269
12645,3,0,0.14524564220470054
12646,1,1,0.13463897091920474
12647,4,0,0.10175071424085527
12648,5,0,0.07903024748379812
12649,3,0,0.20599366169696434
12650,4,0,0.07224482452977948
12651,4,0,0.15330566415845356
12652,3,0,0.17218178986804528
12653,1,0,0.13673827837461908
12654,4,1,0.6851757110422735
12655,5,0,0.14616780571125024
12656,4,0,0.10269020828470474
12657,3,1,0.4091620305613713
12658,4,0,0.15136379526148447
12659,5,0,0.08868009395369915
12660,3,1,0.11923062009102399
12661,1,0,0.12679749186848294
12662,2,0,0.23082074090330887
12663,3,0,0.18713655040403093
12664,4,0,0.12020521625346688
12665,1,1,0.8170683791166675
12666,1,0,0.3435674221684322
12667,4,0,0.05647188389158948
12668,2,0,0.12422106655963963
12669,2,1,0.5215789560725377
12670,2,0,0.3290837329785655
12671,2,0,0.1067565542598864
12672,1,0,0.22230441456006722
12673,3,0,0.182577006459979
12674,1,0,0.11787795902912111
12675,5,0,0.12663050510635782
12676,4,0,0.14867442456067412
12677,1,0,0.3193460126679657
12678,4,0,0.1425601694320867
12679,1,0,0.11854801974583032
12680,4,0,0.07592200974459608
12681,1,0,0.07469784446198877
12682,1,0,0.4131705262718314
12683,1,1,0.4727215891873215
12684,3,0,0.1931725711854492
12685,3,1,0.22945197508642132
12686,1,0,0.2522227072505129
12687,5,0,0.16099301059633556
12688,3,0,0.14361706565231316
12689,5,1,0.4492534876946916
12690,4,1,0.19709948259171722
12691,3,0,0.3587034315740104
12692,3,0,0.0831201154500509
12693,2,0,0.08089403230349937
12694,5,0,0.47433922261752737
12695,3,0,0.6390523860218894
12696,4,0,0.20144589208640873
12697,5,0,0.3370883153633407
12698,5,0,0.1662121262597259
12699,3,0,0.1813135144882667
12700,5,0,0.279041510889858
12701,4,0,0.06104463297850473
12702,3,0,0.14929772899356142
12703,2,0,0.14169791961805267
12704,3,0,0.41841096314086795
12705,5,0,0.13566834153603136
12706,3,1,0.5530627154188941
12707,2,1,0.25504840816715635
12708,3,0,0.12988687216778355
12709,5,0,0.3268836540003271
12710,1,0,0.05535554375996145
12711,1,0,0.41664092469438385
12712,4,0,0.20016991539251985
12713,5,0,0.20006243055019388
12714,3,0,0.11124874003086761
12715,4,0,0.10914125700804249
12716,3,0,0.07189622895083869
12717,3,0,0.08443729463313071
12718,5,0,0.8610198269087769
12719,2,0,0.47235420153825464
12720,4,1,0.09655862703519527
12721,5,1,0.15482122159275336
12722,5,0,0.07421368626379633
12723,1,0,0.09486177935643167
12724,2,0,0.1121882261164272
12725,2,0,0.09716321264891005
12726,1,0,0.0814222508181781
12727,2,0,0.08266618176139237
12728,1,0,0.2511383492872153
12729,5,1,0.5548154707408249
12730,4,0,0.15148804283188477
12731,1,0,0.13396452992682115
12732,5,0,0.3244473893210972
12733,4,0,0.12146918495597171
12734,2,1,0.5329940298951703
12735,4,0,0.12149791883442845
12736,2,1,0.40942603100696656
12737,4,1,0.22556597221476166
12738,3,0,0.12510773525199997
12739,3,1,0.8469591231413772
12740,2,0,0.4488098070952885
12741,1,0,0.13773190393277515
12742,1,0,0.1506164997929359
12743,4,0,0.058194795888174576
12744,4,0,0.17419366857570417
12745,2,0,0.3111238635398491
12746,2,0,0.08847792790370389
12747,2,1,0.20063331739693505
12748,1,1,0.7904232969607572
12749,2,1,0.3526907721989595
12750,4,1,0.10797143560224676
12751,4,0,0.15692254208396303
12752,3,0,0.03938703971963556
12753,4,0,0.06926642826474859
12754,3,1,0.44140856156339714
12755,1,0,0.08290694125379845
12756,5,0,0.11041487588923304
12757,2,0,0.10910888420290515
12758,3,0,0.14352841952905873
12759,2,0,0.11492304980928467
12760,1,0,0.1672839740793304
12761,2,1,0.1332666507615736
12762,1,0,0.12551730585422666
12763,4,0,0.1937234582931159
12764,1,1,0.1364482894710631
12765,4,1,0.6998368409325952
12766,3,0,0.12113942692891094
12767,1,1,0.2542633317904845
12768,1,1,0.7905270514418788
12769,2,0,0.3867765235786821
12770,1,1,0.3517326552206952
12771,5,0,0.5769679661912568
12772,2,0,0.23159847398211758
12773,2,1,0.775277944103499
12774,1,1,0.2965242865587287
12775,4,1,0.5746007068256574
12776,3,0,0.2574282127372744
12777,5,1,0.1575298472766151
12778,3,1,0.10566627402475243
12779,4,1,0.7004605348975904
12780,3,0,0.10731335523124888
12781,1,0,0.06824591069404297
12782,1,0,0.1887496885762675
12783,4,1,0.5768778838547763
12784,1,0,0.1076735434218717
12785,1,0,0.14423828646313883
12786,4,0,0.11572743624908553
12787,4,0,0.19062859767504206
12788,4,0,0.189541990633607
12789,1,0,0.25602992026261634
12790,3,0,0.11664319502055646
12791,4,0,0.10285239371315107
12792,5,0,0.07375345337899052
12793,2,0,0.12617748180658678
12794,3,0,0.13096550856394668
12795,3,0,0.09836932515752013
12796,1,0,0.07477505913859021
12797,2,0,0.08174391457011482
12798,4,0,0.05972021410049737
12799,4,0,0.32248409767996056
12800,1,0,0.13791284607850057
12801,3,0,0.5582779061898375
12802,3,0,0.3556323385985271
12803,4,0,0.06547036590059797
12804,3,1,0.32337396824404
12805,3,0,0.4272718512379116
12806,3,0,0.1550053338787353
12807,2,0,0.04480869485581647
12808,1,0,0.12838694995997113
12809,3,0,0.10810560726641288
12810,3,0,0.7449009599699427
12811,5,1,0.30663443900607446
12812,2,0,0.11945946170036296
12813,1,0,0.11423956060171164
12814,1,0,0.3022187064960651
12815,5,1,0.16646012143588296
12816,2,0,0.26013113815564953
12817,2,0,0.13063801334031397
12818,4,1,0.2072095542024354
12819,4,0,0.0777783317945485
12820,1,0,0.11228231819804829
12821,4,0,0.12307523200275593
12822,2,0,0.8282581765307546
12823,5,0,0.08458486872907875
12824,1,0,0.10201430199677189
12825,2,0,0.13127618051711507
12826,5,1,0.5681956424394051
12827,3,0,0.1306453284839428
12828,4,0,0.10205061312397196
12829,2,0,0.23867928687794002
12830,4,0,0.24744993126956405
12831,2,0,0.22590109002036562
12832,1,1,0.13077032324098128
12833,5,0,0.18410137780276412
12834,3,0,0.07503330797642364
12835,3,1,0.6638826598488258
12836,4,0,0.19772669806973578
12837,2,0,0.057911909837167284
12838,3,0,0.217133371144764
12839,3,0,0.7759326001106368
12840,1,1,0.4283037351776947
12841,4,1,0.08691916678640543
12842,4,1,0.6272492703576587
12843,3,1,0.34164175885971365
12844,2,0,0.111198047276306
12845,5,0,0.08901053495942489
12846,1,0,0.30985180328881834
12847,5,1,0.12209222104566113
12848,3,0,0.1273432663647956
12849,5,0,0.08646984325046964
12850,2,0,0.10055887102733227
12851,3,1,0.15194892257972117
12852,3,0,0.06854164555899883
12853,2,1,0.620987382008201
12854,5,0,0.09565822252649168
12855,4,0,0.11794444749900802
12856,4,0,0.09757103112545586
12857,4,0,0.13915493270556278
12858,3,0,0.12080600917282604
12859,4,0,0.14216011209081655
12860,4,0,0.07412627350982502
12861,4,1,0.3156217505437903
12862,1,0,0.11156991704870452
12863,5,0,0.12597079787710236
12864,4,0,0.13098489866104163
12865,3,0,0.11068036433946063
12866,2,1,0.6780556223259707
12867,5,1,0.2240327774560477
12868,4,0,0.1672036626245293
12869,4,0,0.11261278969492146
12870,1,0,0.09266670964223106
12871,4,0,0.15769602414029654
12872,1,0,0.22311325146353367
12873,3,0,0.5699920203582238
12874,4,0,0.11967628303413737
12875,3,0,0.13779905864095543
12876,3,0,0.11515614982373547
12877,1,0,0.1960851229824867
12878,3,0,0.0949667247283915
12879,3,0,0.06767234092433455
12880,4,0,0.14269559295961926
12881,5,0,0.10054153796366382
12882,3,0,0.13853470032785425
12883,3,1,0.10188984333402507
12884,4,1,0.2574974440560931
12885,2,0,0.13086734232286604
12886,3,0,0.2286993470686243
12887,4,0,0.5579690467878675
12888,4,0,0.09921440818367304
12889,5,0,0.4253855107781516
12890,1,0,0.09367709273715359
12891,5,0,0.15664269216824261
12892,3,0,0.12438547965598479
12893,4,0,0.09303979608150867
12894,3,0,0.08336991093382745
12895,2,1,0.12580890057813282
12896,3,1,0.8767301282610991
12897,5,0,0.08401991756872403
12898,1,1,0.8387404956884676
12899,5,0,0.09307155823758836
12900,4,0,0.14639021127060872
12901,4,0,0.0826294491593433
12902,4,0,0.8237832431776473
12903,3,1,0.10353667896752052
12904,5,0,0.11686870263726983
12905,2,1,0.2077482781924689
12906,3,0,0.6052878330886104
12907,1,1,0.2763558937075857
12908,1,0,0.05990885924291103
12909,4,0,0.23660259016764928
12910,2,0,0.1200203065614636
12911,2,1,0.13439160863799438
12912,5,0,0.055116665001783624
12913,3,0,0.12067550411830433
12914,2,0,0.04648289837236918
12915,2,0,0.1333749998754886
12916,2,0,0.18509444612846376
12917,2,1,0.12283369886445629
12918,5,0,0.2862592959875976
12919,3,0,0.08663857078310795
12920,5,0,0.10282536000547618
12921,3,0,0.32011112278332393
12922,3,0,0.12497899588323232
12923,4,0,0.12711843134212925
12924,1,1,0.3409550930067425
12925,2,1,0.7579279111149215
12926,5,1,0.12404633306736229
12927,2,1,0.3277510674289457
12928,4,0,0.120974247068095
12929,2,0,0.11632451775937264
12930,1,1,0.6398939476561143
12931,2,1,0.12210474841068068
12932,1,1,0.11711098488019506
12933,3,0,0.14078328222828757
12934,2,0,0.09625468483251588
12935,1,0,0.12588142100548086
12936,2,0,0.08975967324296517
12937,4,0,0.19598168987319803
12938,3,0,0.09925844214357639
12939,3,0,0.1361119678707863
12940,4,0,0.1104405724766403
12941,3,0,0.13505272688712028
12942,2,0,0.5306043545118544
12943,3,0,0.10715374798784522
12944,3,0,0.1507421113135936
12945,4,0,0.11954143045916293
12946,3,1,0.6638888793076373
12947,3,0,0.16184541775393751
12948,1,0,0.11114470136510113
12949,4,0,0.1594366193305712
12950,5,0,0.08814879469051203
12951,1,0,0.13366784146683447
12952,3,0,0.03901450565274863
12953,1,0,0.1738491216524288
12954,3,0,0.09223529902121333
12955,1,1,0.6123375626835712
12956,3,0,0.20388864750797944
12957,3,0,0.14324142517704244
12958,5,1,0.3758315396091549
12959,3,0,0.11365708376379825
12960,4,0,0.12418299056991851
12961,5,0,0.128288429290436
12962,1,0,0.22982656316829175
12963,4,0,0.06668715794368565
12964,3,1,0.1454674184128327
12965,4,0,0.13391576081610362
12966,3,0,0.10458591601251507
12967,2,0,0.14229331000422918
12968,2,1,0.15978291785444187
12969,4,0,0.06112586023108161
12970,5,0,0.0864704153982688
12971,1,0,0.09622614569104773
12972,1,0,0.21168840919504164
12973,5,1,0.4357653434858111
12974,2,1,0.19699745609565023
12975,2,0,0.11847079844300847
12976,5,1,0.5753730308303211
12977,3,1,0.7518598925478
12978,3,1,0.2798363288860854
12979,1,0,0.15646270886956462
12980,5,0,0.09488169024174371
12981,1,0,0.07955124035610896
12982,3,1,0.20967512287862639
12983,3,1,0.6138636888818975
12984,1,0,0.13546630550195135
12985,5,0,0.12780740205502525
12986,5,0,0.3553439955855449
12987,4,0,0.3313747402133918
12988,2,0,0.06247826246254781
12989,5,0,0.06635735642063456
12990,1,1,0.17146529401193802
12991,2,1,0.13916023473690675
12992,1,0,0.16207353234244024
12993,2,1,0.5338720492382687
12994,4,1,0.10894153891968605
12995,4,0,0.1577697263878184
12996,2,0,0.08751972006617476
12997,4,0,0.16980900135554408
12998,5,0,0.1260240539201798
12999,2,0,0.23854981574870435
13000,5,0,0.48905061922463233
13001,4,0,0.2123245776905696
13002,4,0,0.1942373861400872
13003,3,0,0.08401352865211452
13004,4,0,0.13221684107504145
13005,2,0,0.1319038943529135
13006,5,0,0.12118090635729292
13007,4,0,0.10038403780943492
13008,1,0,0.2513146229636657
13009,2,0,0.1621378553213894
13010,1,1,0.0977875387869259
13011,4,0,0.08031763500975532
13012,1,0,0.10618704770791956
13013,5,0,0.14874240509398062
13014,4,0,0.10649285670819807
13015,2,1,0.5591430578284354
13016,3,0,0.23565216570065353
13017,5,0,0.09541757062158962
13018,1,1,0.1557734720267975
13019,3,0,0.6758091149314659
13020,5,0,0.31192237873484246
13021,4,0,0.14003119296259617
13022,1,0,0.1149486169325274
13023,5,0,0.14677080259474604
13024,2,0,0.18924801866191976
13025,5,0,0.11993237440013794
13026,3,1,0.17850223729969564
13027,3,0,0.15313434124590006
13028,5,0,0.2961948701208635
13029,5,1,0.5077204283955128
13030,1,0,0.17062690486348742
13031,1,0,0.1368677325708369
13032,5,0,0.2838080344707407
13033,2,0,0.045444814105440816
13034,3,0,0.1249322609586073
13035,4,0,0.32181997330169687
13036,2,0,0.20514448951664174
13037,2,0,0.14803385716455184
13038,1,0,0.08638244881476495
13039,4,0,0.11224269671222635
13040,4,0,0.10309326193618192
13041,2,0,0.107866676804196
13042,4,1,0.0887758997723958
13043,2,0,0.11412046726693871
13044,4,0,0.13699356098688067
13045,3,0,0.2764839787158609
13046,5,0,0.09298869854509556
13047,4,0,0.3272680742882966
13048,4,0,0.0954905003404546
13049,4,0,0.3365286113570135
13050,5,0,0.15332272119118978
13051,3,0,0.08915104452127955
13052,5,1,0.07365324219264141
13053,4,0,0.106994975576384
13054,4,0,0.11970277888770693
13055,2,0,0.1450329130612918
13056,5,1,0.5842196147516306
13057,3,0,0.1418342309442024
13058,5,1,0.18874195195194454
13059,4,0,0.12764422005688844
13060,2,0,0.06812576610640073
13061,2,0,0.13980608383478613
13062,1,0,0.06883949809826208
13063,4,0,0.10587461882772199
13064,2,0,0.09531894560104559
13065,3,0,0.5756338791037559
13066,3,0,0.10154235903520252
13067,1,0,0.20145044534761386
13068,2,1,0.8674077051517413
13069,3,0,0.13341775578766066
13070,1,1,0.7846750908430922
13071,3,0,0.052088928507291264
13072,3,0,0.11102765654107484
13073,1,1,0.6762756638588294
13074,3,0,0.0776250629544024
13075,4,0,0.14255284631764703
13076,1,1,0.3863050167650248
13077,1,0,0.5587807811763056
13078,5,0,0.10067294363415197
13079,4,0,0.09504859308876092
13080,4,0,0.0722191311680038
13081,4,0,0.039588235142958325
13082,2,0,0.16695933606043267
13083,3,0,0.2587189170705987
13084,3,0,0.0957218226351232
13085,1,0,0.1430891817590033
13086,1,1,0.5848152532689501
13087,2,0,0.12698514712005535
13088,2,0,0.09692582893603069
13089,5,0,0.5094033026803156
13090,3,0,0.11216408119008539
13091,5,0,0.029972443731169574
13092,2,0,0.5136283870200937
13093,4,1,0.15418319562960497
13094,2,1,0.2634812923306394
13095,1,0,0.16569834394930807
13096,4,1,0.19988800945434657
13097,5,1,0.5887278973138583
13098,5,0,0.1349915119593393
13099,3,0,0.27940975780938043
13100,1,0,0.08830540468620415
13101,4,0,0.27064308407549287
13102,4,1,0.8058512408846378
13103,4,0,0.10154600558348975
13104,4,0,0.10345011121748279
13105,5,1,0.17432998707593297
13106,5,0,0.08120013894292992
13107,3,1,0.5983140796879751
13108,3,0,0.16373567728718336
13109,4,0,0.07224571496759342
13110,4,0,0.1834309291341647
13111,4,0,0.1160371381162865
13112,2,0,0.11272120620752629
13113,4,1,0.623125228776661
13114,2,0,0.10675822365526788
13115,2,0,0.14378376840501997
13116,2,1,0.2508331268478413
13117,1,0,0.16142754334849777
13118,3,0,0.35546838277502224
13119,4,0,0.1131558271282659
13120,1,0,0.36299946240304276
13121,1,0,0.27500902000072697
13122,3,1,0.3235796711704181
13123,4,0,0.13048957146359066
13124,3,1,0.25420988802663474
13125,5,0,0.1286413945860717
13126,2,0,0.3423392510998853
13127,1,0,0.07829963261627451
13128,4,0,0.09805750276926818
13129,3,1,0.7928501464632611
13130,2,0,0.14413456522320442
13131,5,0,0.14170564318639928
13132,4,0,0.11217826093451468
13133,4,0,0.06790568056717056
13134,3,0,0.6235947125962225
13135,1,1,0.114101638026999
13136,5,1,0.1548945681430503
13137,3,0,0.11180590231414143
13138,4,0,0.12775736543949018
13139,5,1,0.13705724112383028
13140,4,1,0.6998768356844209
13141,2,0,0.2336994648108491
13142,5,0,0.17058291440351103
13143,2,0,0.11409777469111686
13144,5,0,0.11973179127526369
13145,3,0,0.10927185733651665
13146,1,0,0.19715931987962731
13147,5,0,0.1907881545681235
13148,3,1,0.16536306182449026
13149,4,0,0.14805498286652807
13150,2,0,0.48207168185234245
13151,1,0,0.05236722385207735
13152,4,1,0.09102891993986835
13153,1,0,0.04271521862465815
13154,1,0,0.10162821195404982
13155,1,0,0.12575548321937735
13156,1,0,0.13123768212947273
13157,5,1,0.17792653196152092
13158,2,0,0.2880967416929309
13159,1,1,0.6354411219049004
13160,2,0,0.34433162621767666
13161,1,1,0.09219249149471662
13162,3,0,0.06498017952615809
13163,5,0,0.17989523475827568
13164,4,0,0.06855415070443682
13165,2,0,0.17897604508543016
13166,3,0,0.08681984851432654
13167,5,0,0.087967252257362
13168,3,0,0.19897054556301386
13169,4,1,0.15651255180651064
13170,4,0,0.06271235053595893
13171,4,0,0.27013885758202044
13172,1,0,0.1300489658354529
13173,3,0,0.11307573160957568
13174,1,0,0.12689173089462044
13175,5,0,0.16223331493880058
13176,3,0,0.14575724121008593
13177,3,0,0.12299516631503862
13178,1,0,0.17254618975921165
13179,4,0,0.12590997947403224
13180,5,0,0.49652310058303417
13181,3,1,0.6843448662653676
13182,3,0,0.31435727240813904
13183,1,0,0.16146762582735197
13184,5,0,0.09133219641140736
13185,5,0,0.07999205542264447
13186,1,0,0.12142668043370056
13187,4,1,0.17534043000552552
13188,2,1,0.07421828036701011
13189,5,0,0.2334046757551807
13190,5,0,0.1371462557237713
13191,5,0,0.12139117538968072
13192,1,0,0.0609476764740839
13193,1,0,0.18458894266886902
13194,3,0,0.1041152975705236
13195,5,0,0.24357442594330667
13196,4,0,0.09142518966628461
13197,5,1,0.22903896391323872
13198,3,0,0.11859989756877863
13199,4,0,0.15570769256976943
13200,5,0,0.145730248335801
13201,5,1,0.09411101468697787
13202,2,0,0.12411940607836959
13203,1,0,0.7785793893689261
13204,3,0,0.07582137070285762
13205,3,0,0.08668099377794887
13206,3,0,0.6043929339861339
13207,2,0,0.29414695194732826
13208,2,0,0.10512599437921426
13209,1,0,0.17499013652147896
13210,2,0,0.19089990046627386
13211,4,0,0.24694065261506443
13212,4,0,0.12739348111673568
13213,3,0,0.18197100153933632
13214,5,0,0.11029794443292872
13215,2,0,0.28733716177897817
13216,4,0,0.13286105452439426
13217,1,0,0.10156531594463891
13218,5,0,0.14938048209978033
13219,1,0,0.08446657801077345
13220,5,0,0.12623389305583754
13221,2,1,0.14844594383005208
13222,4,0,0.14905157821896145
13223,4,0,0.11110048915902253
13224,1,1,0.2095548824956464
13225,4,0,0.03618478986535985
13226,5,1,0.6857475660848127
13227,2,0,0.1204079080545456
13228,2,0,0.13111874595864387
13229,4,0,0.12766641023008468
13230,4,0,0.14928491524758242
13231,5,1,0.1344212955050281
13232,1,0,0.1724030942295664
13233,1,0,0.09360032347042066
13234,1,0,0.20274459049020743
13235,1,0,0.08221227624681145
13236,5,0,0.21811474499720873
13237,1,0,0.06741092759985216
13238,1,0,0.07254935400670341
13239,2,0,0.11446917132607687
13240,3,0,0.1667738204452432
13241,5,0,0.12034950124051923
13242,5,0,0.19651436923044668
13243,4,0,0.1184235957971649
13244,1,0,0.10424599037209396
13245,3,1,0.16687100053922294
13246,4,1,0.25425751247767425
13247,5,0,0.12365701282669539
13248,5,0,0.4767273553427891
13249,4,0,0.07913670840711326
13250,2,0,0.13532585769036504
13251,3,0,0.12833672268852267
13252,4,0,0.23453226749565212
13253,3,0,0.1091997401435002
13254,2,0,0.10590656370731485
13255,1,1,0.11000535863965373
13256,5,0,0.05554510600409091
13257,5,0,0.08827257777860806
13258,5,0,0.07816886502267519
13259,3,0,0.12873813563687933
13260,5,1,0.18852337564468893
13261,3,0,0.14577528084734678
13262,3,0,0.08831335337078076
13263,5,0,0.07680272220945311
13264,4,1,0.8493415561378939
13265,2,1,0.8573344664518171
13266,1,1,0.7792499743160699
13267,3,0,0.12906454836063583
13268,4,0,0.06820029102256885
13269,5,0,0.24574301459424797
13270,5,0,0.19484825441918127
13271,3,0,0.031042475123931643
13272,5,0,0.40560370203782614
13273,4,1,0.1993961136478606
13274,1,0,0.14670505381203328
13275,5,0,0.07322191763238789
13276,1,0,0.06329761999847978
13277,3,0,0.14913123894545005
13278,5,0,0.12952743198628677
13279,5,0,0.10558617263017497
13280,5,0,0.0597389294975155
13281,5,0,0.6243643719374296
13282,3,0,0.07496474992417271
13283,2,0,0.16987270764201706
13284,2,0,0.08967093362543054
13285,4,0,0.0970339100244938
13286,1,1,0.3073020015203381
13287,4,0,0.08300556855209695
13288,3,1,0.880954284023064
13289,1,0,0.07994227212032648
13290,2,0,0.26430849511246274
13291,1,0,0.09986183005595382
13292,2,0,0.34174019275858786
13293,1,0,0.11104375990690517
13294,2,0,0.13315799381844065
13295,2,0,0.09381004789964931
13296,2,0,0.036916907202132344
13297,1,0,0.06456648882897126
13298,2,0,0.15663111643009986
13299,1,0,0.16116875403983758
13300,1,0,0.16793566002233948
13301,2,0,0.1389314577320022
13302,1,0,0.06021719506155633
13303,3,1,0.7843272641393694
13304,4,0,0.1439113983076226
13305,4,0,0.09707522974871173
13306,4,1,0.5888196720022987
13307,1,1,0.6617424009062326
13308,1,0,0.29726426768854797
13309,2,0,0.6195169902185718
13310,5,1,0.17836131584766846
13311,2,0,0.11575871033742723
13312,1,0,0.2564214644696197
13313,5,0,0.1602979480149229
13314,5,0,0.06520977176451795
13315,1,1,0.19205764906983203
13316,1,1,0.8541924890008906
13317,4,0,0.11689432118920155
13318,1,0,0.08744077892932038
13319,1,1,0.4124852308695828
13320,1,0,0.39482654356254265
13321,3,0,0.11224559990840788
13322,4,1,0.6663921221905701
13323,5,0,0.11775586217584649
13324,2,1,0.7167511831858654
13325,2,0,0.06598250868037524
13326,5,0,0.17548645334890417
13327,3,0,0.06593817798276762
13328,5,0,0.09894761877626904
13329,5,1,0.5608052638818148
13330,1,0,0.3549996446324965
13331,4,0,0.11067652671163862
13332,2,0,0.13528762946673448
13333,1,0,0.12897602619259096
13334,5,1,0.1389795097961247
13335,5,0,0.09307428740753153
13336,4,0,0.20912521200277512
13337,5,0,0.08522077951344269
13338,4,0,0.08488071943029254
13339,3,0,0.11941127488399186
13340,4,1,0.7015787118112582
13341,5,0,0.2887334461016743
13342,4,0,0.09439276142546217
13343,1,0,0.08852203990587933
13344,2,0,0.14678926361163008
13345,3,0,0.6076833037572348
13346,1,1,0.13566275003693612
13347,2,0,0.2732017328584444
13348,1,1,0.22246081673014584
13349,4,0,0.09195871722503696
13350,2,0,0.09848806318803482
13351,1,0,0.3055122144296269
13352,3,0,0.07621467196549134
13353,1,0,0.09289479215320523
13354,2,0,0.12866856960857123
13355,5,0,0.1149300767549962
13356,4,0,0.15973079437889545
13357,5,0,0.24812183097353932
13358,1,0,0.10739123857668303
13359,5,0,0.15288359187249553
13360,1,0,0.10905821035303255
13361,1,0,0.10489804379185529
13362,4,0,0.14168574607140827
13363,5,1,0.6867251203038349
13364,1,0,0.12544654023488674
13365,1,0,0.6072636375445272
13366,2,0,0.08855418166079629
13367,2,1,0.6670463376731224
13368,1,0,0.14013981036308637
13369,4,0,0.40388110109621767
13370,3,0,0.04261459010314926
13371,1,0,0.10234865713416991
13372,5,0,0.08847887960646117
13373,4,1,0.09852054472012092
13374,2,1,0.5281598912691944
13375,4,1,0.1396158435717103
13376,4,0,0.13977625128638044
13377,1,1,0.1700723290640762
13378,1,1,0.15129637093672055
13379,1,0,0.2830694929683743
13380,2,0,0.08667195522495762
13381,3,0,0.09757566223633879
13382,3,0,0.13946226903621
13383,2,0,0.13312898232787482
13384,4,0,0.15930484530335887
13385,2,0,0.055146257370987876
13386,2,0,0.10337642941953604
13387,5,0,0.11458899266634957
13388,5,0,0.5547221292088735
13389,3,0,0.0931407228050736
13390,4,0,0.18996655899700768
13391,4,0,0.11348151468365665
13392,3,0,0.2682613160230125
13393,3,0,0.03853977873293875
13394,2,0,0.17475424028216718
13395,5,0,0.1140157667708526
13396,2,0,0.2948964133223312
13397,3,0,0.5888865334906009
13398,3,0,0.1465978538063849
13399,1,0,0.13985087332439342
13400,2,0,0.17508679887042242
13401,4,0,0.21353368487833785
13402,3,0,0.14438945193954233
13403,4,1,0.2147758359237784
13404,2,0,0.09705375958728477
13405,2,1,0.7098848091006056
13406,4,1,0.44269469828264313
13407,5,0,0.22408032063501487
13408,2,0,0.03779795781077355
13409,2,0,0.25450589399644824
13410,2,0,0.07322696707268503
13411,2,0,0.46735793859430075
13412,3,0,0.1280920948119348
13413,2,0,0.11182845847310786
13414,4,1,0.24663377346197016
13415,4,0,0.5749930401148862
13416,3,0,0.7832927164607898
13417,1,0,0.11880950123691858
13418,4,0,0.09478445033180007
13419,3,0,0.2496463326463848
13420,3,0,0.40367768423971384
13421,5,1,0.35329698425236417
13422,5,0,0.10934150078140029
13423,2,1,0.425600867084914
13424,5,0,0.09649452449198363
13425,1,1,0.3717887041710853
13426,5,0,0.08465469684737605
13427,2,0,0.13128665362243921
13428,4,0,0.11150275162133029
13429,1,0,0.14047873513791698
13430,2,1,0.8923773220098051
13431,1,0,0.3115086129704995
13432,5,0,0.09258097997722818
13433,1,1,0.8453078964208361
13434,4,0,0.09351270228669799
13435,2,0,0.040262129306615255
13436,5,1,0.5425649251586965
13437,3,0,0.11699492333463098
13438,4,1,0.17935248463619294
13439,4,0,0.12473755994408113
13440,1,0,0.2026934492021559
13441,2,1,0.9128641355076452
13442,5,1,0.40765793332696976
13443,3,0,0.14656845729320192
13444,1,0,0.1290296467899172
13445,5,0,0.018066672727708018
13446,3,0,0.2535120198615494
13447,3,0,0.13612211190893012
13448,4,1,0.2645129037834116
13449,4,0,0.19164765031625547
13450,2,0,0.16096845527026793
13451,3,0,0.1262265263390103
13452,1,0,0.14280414152696924
13453,2,0,0.11951142580146289
13454,4,0,0.16466721952117103
13455,1,1,0.1346262667262507
13456,1,0,0.12124831738159805
13457,1,0,0.08280232219828072
13458,3,1,0.13121480322437135
13459,3,0,0.13956566389876288
13460,5,0,0.14144833797453887
13461,5,0,0.1285863659444641
13462,3,0,0.12465096669748524
13463,1,0,0.10019158397883947
13464,5,1,0.49185882553380983
13465,3,0,0.8555292893573151
13466,1,0,0.0742155877302833
13467,5,1,0.16954270317781342
13468,4,0,0.1623405119678065
13469,4,1,0.18674031319615067
13470,3,0,0.11625107096906766
13471,1,0,0.07682853048664612
13472,3,0,0.08381601344199957
13473,2,0,0.10850300221797035
13474,5,0,0.1907474045445632
13475,1,1,0.24497984026196443
13476,4,0,0.1496742875787677
13477,4,0,0.4782751820446412
13478,3,0,0.26999377694166493
13479,5,0,0.109930087879456
13480,3,0,0.03650547863676034
13481,2,1,0.2522358761903742
13482,3,0,0.13804824317708184
13483,4,0,0.1039700520056209
13484,3,1,0.23477347230290907
13485,5,0,0.2711187200345623
13486,5,1,0.562138194438158
13487,5,0,0.14324466198071642
13488,3,0,0.14175506079808273
13489,1,0,0.10757009741754657
13490,3,0,0.1413376276101533
13491,1,0,0.08827073865893491
13492,1,0,0.8359321072333552
13493,4,1,0.7743238340699716
13494,2,0,0.33330675586854586
13495,5,1,0.8266662390262443
13496,3,0,0.1478179226350203
13497,5,0,0.2317641018293429
13498,4,0,0.11219531697083691
13499,2,0,0.4086438044085095
13500,1,0,0.17161249271716733
13501,2,0,0.34353353921241053
13502,4,1,0.6815685849129121
13503,3,0,0.8902629707269886
13504,3,0,0.12155451070428006
13505,4,1,0.11890828097436268
13506,5,0,0.10404829888573947
13507,5,0,0.1160893524251483
13508,4,1,0.5672841548460734
13509,5,1,0.2766843764879456
13510,2,0,0.09739705311728813
13511,1,1,0.19100015909812224
13512,2,0,0.10270337620596551
13513,3,0,0.1818239541517385
13514,5,0,0.08979092612817646
13515,3,1,0.3378447113425464
13516,4,0,0.199354207256539
13517,5,0,0.05612476735806983
13518,4,0,0.12420567475872145
13519,5,0,0.0818178529210378
13520,2,0,0.1739213214989923
13521,4,0,0.081176767610125
13522,5,0,0.8369495773921387
13523,2,0,0.7594802781149006
13524,1,0,0.06723207867083365
13525,3,0,0.09986385103209201
13526,4,1,0.5521019520045813
13527,2,0,0.064267854169692
13528,5,0,0.12722204712322344
13529,5,0,0.3317920623887149
13530,2,0,0.11282253782934568
13531,2,0,0.15753693503751373
13532,2,1,0.1451278033876925
13533,1,1,0.3507127347392559
13534,2,0,0.09573485396502295
13535,3,0,0.06056724796209805
13536,5,1,0.792926616491824
13537,3,0,0.12779121380423966
13538,2,1,0.12187946237374932
13539,1,0,0.12112383058725616
13540,3,0,0.243829816153885
13541,4,0,0.10022826637340959
13542,3,0,0.13923247192434726
13543,5,1,0.8505289827869841
13544,3,0,0.1460079553002681
13545,1,0,0.27026680392488606
13546,4,0,0.07737789669676293
13547,2,0,0.14468228716561046
13548,5,1,0.5120845727200943
13549,4,0,0.12699093218185678
13550,4,0,0.08966757618818803
13551,3,0,0.19209189371150936
13552,3,0,0.1105624697066705
13553,4,0,0.2968216905227316
13554,5,0,0.1303146257572977
13555,3,1,0.7892248847685586
13556,4,0,0.31775039251434345
13557,5,0,0.20340261001014007
13558,1,0,0.13540104245055357
13559,3,1,0.6749027165884783
13560,2,0,0.09475922583809843
13561,3,0,0.03918156237615482
13562,1,1,0.6334940874728648
13563,5,0,0.11793604939316071
13564,4,0,0.12873443511660357
13565,1,1,0.196102670221451
13566,2,0,0.11787969492544073
13567,3,0,0.12022966605061157
13568,4,0,0.17185891292840888
13569,5,0,0.3297000355998382
13570,1,0,0.11285695547283879
13571,2,1,0.6130421788534246
13572,4,0,0.14620189643252426
13573,4,0,0.12507345396456376
13574,4,0,0.09613000926113076
13575,4,0,0.09085719318446205
13576,3,0,0.08763337746715145
13577,5,0,0.16056375999222633
13578,5,0,0.13960985009749585
13579,1,0,0.1022526274461925
13580,2,1,0.4625464517871497
13581,2,0,0.05887516098012913
13582,2,0,0.32343361886377225
13583,5,0,0.09686108821902238
13584,4,0,0.1363281515067106
13585,4,0,0.08776116238333113
13586,3,1,0.18713706383146522
13587,2,1,0.7445679888715698
13588,1,0,0.06174500785147909
13589,4,0,0.09908566515156138
13590,5,0,0.10804917915015166
13591,1,0,0.2925439476627358
13592,2,0,0.12386577566327467
13593,4,0,0.10437133717896444
13594,2,0,0.545960873683881
13595,5,0,0.1035731448178327
13596,2,1,0.15623987278836474
13597,4,0,0.11157309229283395
13598,1,0,0.13735749988381055
13599,3,1,0.6811879120121038
13600,2,0,0.11317449289440207
13601,2,0,0.10577483348844162
13602,2,0,0.11627185869473784
13603,1,0,0.11356148899894701
13604,1,1,0.2238737119930885
13605,4,1,0.8052393554374748
13606,4,0,0.8608650493625114
13607,4,1,0.8521221664191289
13608,5,1,0.6582270020314552
13609,5,0,0.0742122854579087
13610,4,0,0.2575272707384461
13611,3,0,0.052793648015742205
13612,3,1,0.19257591510870078
13613,2,0,0.05689871582941206
13614,2,0,0.10022505894256145
13615,3,0,0.07750858851698506
13616,4,1,0.1519954661953984
13617,4,0,0.8239454055514392
13618,3,0,0.10389365019889794
13619,4,1,0.206625094913935
13620,4,0,0.15850040677245536
13621,1,0,0.6165325407771459
13622,4,1,0.48233135569569
13623,1,0,0.10129894736078891
13624,5,0,0.1154687497148425
13625,1,0,0.0770959486276911
13626,1,0,0.3605774453169651
13627,3,1,0.11687078182212036
13628,5,0,0.39137766472317254
13629,3,0,0.14185577863194
13630,3,1,0.1287035722683063
13631,2,0,0.07667102325544353
13632,5,0,0.08923893292510197
13633,1,0,0.3032505747672779
13634,3,0,0.09303453268381634
13635,4,0,0.17779432523927938
13636,3,0,0.3045617404632497
13637,2,0,0.11144013115401133
13638,2,0,0.12280658373501281
13639,5,0,0.15246457805196761
13640,2,1,0.06275548360799098
13641,5,1,0.2883906920243455
13642,1,0,0.18700092050479536
13643,2,0,0.10832985915526971
13644,4,0,0.057574460663168785
13645,1,0,0.1329340871803382
13646,4,0,0.054161768528002245
13647,5,0,0.1374851990135667
13648,1,1,0.25778324539665964
13649,3,0,0.06977632475558093
13650,1,0,0.4269884327631864
13651,4,0,0.1098091667798146
13652,1,0,0.18920664542977375
13653,1,0,0.11440771836103111
13654,3,0,0.09881662972186149
13655,4,1,0.6619506390143424
13656,4,0,0.11640045289025239
13657,1,0,0.10116460744093839
13658,2,0,0.7064246067681084
13659,5,0,0.10129980377877493
13660,4,0,0.11897674866878882
13661,5,0,0.11277090629995912
13662,2,0,0.10247884139902283
13663,4,1,0.8160923063047532
13664,5,0,0.0955344266685905
13665,3,0,0.09108815311985886
13666,5,0,0.18710272240510392
13667,2,0,0.12041456601030519
13668,2,0,0.11756823018054804
13669,2,1,0.19250733896480626
13670,1,0,0.15707653459904977
13671,1,1,0.3429808744469519
13672,5,0,0.135299180550314
13673,1,0,0.1307641605906791
13674,2,1,0.17726408719608247
13675,5,0,0.111937260889805
13676,2,0,0.08089084664784837
13677,3,0,0.15087162094861808
13678,3,1,0.12703229350770978
13679,4,0,0.058601686739765034
13680,3,0,0.06953350398308575
13681,4,0,0.09937675541765971
13682,5,0,0.10122368809959591
13683,5,0,0.12315684424426634
13684,1,0,0.05034956280926745
13685,4,0,0.13707830110768354
13686,1,0,0.21727418082399264
13687,1,0,0.04911156507177211
13688,3,0,0.17515805209073348
13689,3,0,0.13617366595279048
13690,2,0,0.10886420016050107
13691,1,0,0.22085912611529745
13692,1,0,0.1022425639008988
13693,1,1,0.16849166611846758
13694,5,0,0.13562167343017106
13695,1,0,0.150484964139361
13696,3,1,0.2886613635394753
13697,1,0,0.115982503959997
13698,4,0,0.16425852597690296
13699,1,0,0.21116484457965032
13700,3,1,0.6160546081562337
13701,5,1,0.11527443024187596
13702,4,0,0.08749811576511608
13703,2,0,0.284476285089269
13704,4,0,0.11074271199561825
13705,4,1,0.11866202746434132
13706,5,0,0.14532066233464105
13707,5,0,0.7306901315548687
13708,2,0,0.15111381931498044
13709,4,0,0.12518127191666178
13710,2,0,0.06087493420581229
13711,3,0,0.20636086975568638
13712,5,0,0.12174921941906823
13713,2,0,0.16769555490720892
13714,3,1,0.13931383019319768
13715,5,0,0.11802361868447407
13716,1,0,0.08584790134616319
13717,2,0,0.20621896416822613
13718,2,0,0.18010246042272893
13719,3,1,0.05596310878830846
13720,2,0,0.1078883719172825
13721,5,1,0.2696056825437388
13722,2,1,0.2287503498998717
13723,1,0,0.11784011659549111
13724,2,1,0.688863655526543
13725,5,0,0.3465831920589321
13726,4,0,0.10711554982217825
13727,2,1,0.8318873425486977
13728,3,0,0.09320717899779407
13729,5,0,0.7560634792586352
13730,1,0,0.11888569919543786
13731,3,0,0.13224784236261644
13732,1,0,0.2650027225073733
13733,4,0,0.10809500609098738
13734,5,0,0.15115468402496055
13735,5,1,0.3376943903797596
13736,4,0,0.02339977683758991
13737,3,0,0.10157296855132977
13738,4,0,0.6270666657035586
13739,4,0,0.1148083126484184
13740,4,0,0.31535292937096776
13741,5,0,0.09877597300198743
13742,1,0,0.127730601490911
13743,2,0,0.13518620652943106
13744,4,0,0.4193217556443276
13745,1,0,0.08324839363681641
13746,2,1,0.13376977411023472
13747,4,0,0.10626730846657965
13748,2,0,0.2700055679083861
13749,5,0,0.24847012241817645
13750,5,0,0.18808823418375253
13751,4,0,0.10019087756887514
13752,2,0,0.835884061378957
13753,4,0,0.16185616217190682
13754,5,0,0.14939002716285382
13755,2,0,0.11502803946129997
13756,2,0,0.055038427712685536
13757,2,1,0.1353826730084842
13758,3,1,0.6579486971962116
13759,2,1,0.502743361302752
13760,1,0,0.1058463736382079
13761,1,0,0.09178478683083562
13762,4,1,0.13564286136748047
13763,1,0,0.05134973015437643
13764,5,0,0.5100815137566048
13765,2,0,0.47809386930510317
13766,2,0,0.26887414924975295
13767,1,0,0.06738195766264504
13768,2,0,0.28135802541694893
13769,3,0,0.11348088554685513
13770,2,0,0.2407978031796265
13771,2,0,0.0474001977542931
13772,2,0,0.09144508374105911
13773,4,0,0.20153890262346855
13774,4,1,0.8824223189617572
13775,2,0,0.31041032476495545
13776,1,0,0.0669572852444662
13777,4,0,0.18343061993581786
13778,1,0,0.1178637163898878
13779,3,0,0.2791314763975249
13780,1,1,0.6442916256864383
13781,3,0,0.09620124996601817
13782,4,1,0.8662495800870373
13783,5,1,0.14780092435263445
13784,3,0,0.14223979694550895
13785,1,1,0.1801479652348812
13786,2,0,0.12298301054480212
13787,3,0,0.1728106691344869
13788,2,0,0.3841696454167889
13789,5,0,0.1225433126721486
13790,1,0,0.17835022867730155
13791,4,0,0.16909491154307013
13792,5,0,0.0922506179795427
13793,2,0,0.30012822656607085
13794,1,0,0.09124185841722741
13795,3,1,0.14647231376612035
13796,5,0,0.264429833307013
13797,4,0,0.4808023427168352
13798,1,0,0.09464841779418048
13799,3,0,0.3723365568152411
13800,5,1,0.6588416306343504
13801,3,0,0.09828599146475914
13802,2,0,0.1241033942907861
13803,1,0,0.10298712597955426
13804,3,1,0.2019804462845696
13805,2,0,0.3085306714999844
13806,2,0,0.12043303193533993
13807,2,0,0.11775674504455244
13808,3,0,0.13323152869166446
13809,2,0,0.5947797166082969
13810,5,0,0.09233663178389613
13811,3,1,0.7721972291492407
13812,5,0,0.056123443914810826
13813,3,1,0.8789704805359101
13814,3,0,0.05006795896101274
13815,5,0,0.7624153658623534
13816,4,0,0.08346133791067163
13817,3,0,0.06549289250203977
13818,1,0,0.10504356895948325
13819,5,0,0.13137870061489346
13820,2,1,0.7119908333325334
13821,3,0,0.18245816661695305
13822,3,0,0.114313023189894
13823,1,1,0.4548039644045555
13824,5,0,0.07005637395353073
13825,4,1,0.6560023784836467
13826,5,0,0.11092175858543768
13827,4,0,0.13991982140687612
13828,4,1,0.1343115393384767
13829,1,0,0.10890185767026171
13830,2,0,0.1173416291915657
13831,3,0,0.21560670670899262
13832,4,0,0.1035229697789522
13833,1,0,0.1315262998833273
13834,2,0,0.14850523535241308
13835,5,0,0.0921580733032879
13836,2,0,0.16750909610196885
13837,3,0,0.27125036660737895
13838,3,0,0.15249388557297708
13839,5,0,0.3481543413829386
13840,3,0,0.6799007608633458
13841,1,0,0.09004274443299128
13842,1,0,0.0948533777300902
13843,1,0,0.28722716614313676
13844,3,0,0.09601794285458305
13845,1,0,0.24563229494962652
13846,1,0,0.41384550924850555
13847,4,0,0.16864734289873848
13848,1,0,0.7978483811489981
13849,4,0,0.1491765569334396
13850,1,0,0.057952820432443014
13851,3,0,0.20450391087413522
13852,3,1,0.13092828297082806
13853,5,0,0.16507935349933825
13854,1,0,0.13771164072325606
13855,2,0,0.15670095368086784
13856,1,0,0.09927300986869549
13857,4,0,0.15234088792961198
13858,4,0,0.1621749590263044
13859,3,0,0.13164880127914236
13860,2,0,0.3457860324231775
13861,4,1,0.08624096944640197
13862,1,0,0.12083559879112979
13863,3,0,0.14228532735869232
13864,3,1,0.18795437473938487
13865,2,1,0.27498390832287906
13866,4,1,0.8592995071324969
13867,5,0,0.14267444752348
13868,3,0,0.1387377221811605
13869,3,0,0.07511507623576
13870,2,0,0.11252223733246927
13871,5,0,0.11996471964841901
13872,2,0,0.20604766835788244
13873,1,0,0.14666708695670913
13874,5,0,0.12366019353088965
13875,2,0,0.07376852814110403
13876,4,1,0.6191541089492516
13877,5,0,0.1252473021071167
13878,3,0,0.11970178888478346
13879,2,0,0.15081837078422802
13880,4,0,0.13380367536941276
13881,5,0,0.07279119049573034
13882,1,0,0.7617207097833598
13883,5,0,0.09600192453420413
13884,3,1,0.7137041717131882
13885,5,0,0.08250033123142131
13886,5,0,0.16139097899120997
13887,4,0,0.29157893510030575
13888,1,0,0.3429237287522476
13889,4,0,0.12448978298063565
13890,3,0,0.3661056058391622
13891,3,0,0.36803762988339545
13892,1,0,0.06066647030951508
13893,5,0,0.3257546598301614
13894,1,0,0.13737125354844854
13895,5,0,0.15219909487235894
13896,1,0,0.13269509168549173
13897,2,0,0.13828594425495327
13898,5,0,0.15088517146273422
13899,3,1,0.10540382868491298
13900,5,0,0.13565587926194153
13901,3,0,0.6250916484701294
13902,4,0,0.16897056063150964
13903,1,0,0.07185618407969516
13904,5,1,0.21974927207118491
13905,5,0,0.10798157535707571
13906,4,0,0.09337912579162462
13907,1,0,0.0868782965178381
13908,3,0,0.13510752447291205
13909,3,0,0.1748445505813944
13910,3,1,0.5633759332357945
13911,4,0,0.1017644440648285
13912,5,0,0.14473458846087817
13913,4,1,0.0827100217383582
13914,1,1,0.4195097587021686
13915,4,0,0.17591002628703828
13916,1,0,0.1469024079851935
13917,2,0,0.11354033505960469
13918,3,0,0.18716438782525988
13919,1,0,0.17517968829649017
13920,1,0,0.1100955626354168
13921,1,0,0.09734408704831893
13922,4,0,0.10079199322110383
13923,3,1,0.6290037510671042
13924,1,0,0.12018733615280608
13925,4,0,0.6164110779215998
13926,2,1,0.9030687968785219
13927,4,0,0.12963479657436644
13928,5,0,0.14945912418315221
13929,5,0,0.1649036178039394
13930,3,0,0.08638201079164202
13931,2,1,0.07463511152302692
13932,1,0,0.10632273506026373
13933,3,0,0.1659935200869892
13934,5,0,0.2622427959680414
13935,1,1,0.5168723534422255
13936,2,1,0.10789558851775172
13937,3,0,0.3014286751233536
13938,1,1,0.29131183516682535
13939,3,0,0.15050361481988983
13940,4,0,0.12886321803289683
13941,5,0,0.08653692974558781
13942,3,0,0.058537568373551944
13943,3,0,0.1407576184483329
13944,4,0,0.09392561629428829
13945,4,0,0.21661171270922833
13946,4,1,0.25799195998097446
13947,4,1,0.10129539275550756
13948,1,0,0.23054701290077742
13949,3,1,0.2794404746300642
13950,3,0,0.7726729503620894
13951,2,0,0.10146236455223447
13952,4,0,0.13836289039498506
13953,5,0,0.0995360699175527
13954,3,0,0.16308721325537856
13955,3,0,0.0767650079919969
13956,2,1,0.08315613647320502
13957,5,0,0.10330332224721335
13958,3,0,0.056722615430156914
13959,3,0,0.06964491860580911
13960,3,0,0.07049732490057027
13961,2,1,0.23877587141350096
13962,5,0,0.09480184619288626
13963,2,0,0.26164510483808423
13964,1,0,0.13411669506052118
13965,1,0,0.13718064349094106
13966,1,1,0.1407761944878133
13967,3,0,0.10206674345524781
13968,4,1,0.45790452762067024
13969,2,0,0.1690860710820435
13970,2,0,0.11201349473876157
13971,2,0,0.12472246971404968
13972,3,0,0.13807976935368158
13973,3,0,0.19977502443577536
13974,2,0,0.08870410690456344
13975,5,0,0.2797808990758829
13976,4,0,0.2814650754621482
13977,4,0,0.10062244854738568
13978,5,0,0.12649260584303723
13979,5,1,0.4407581026834864
13980,4,0,0.06805789503353263
13981,5,0,0.31498664118024294
13982,4,0,0.11877972550838709
13983,4,0,0.09421213581129563
13984,2,0,0.12015529890701415
13985,4,0,0.1532163242578072
13986,2,1,0.3312045281488866
13987,3,1,0.32396598680490046
13988,4,0,0.08414916614740776
13989,3,0,0.12281435018424765
13990,2,0,0.09602740636937351
13991,4,0,0.15280898403346482
13992,5,0,0.1312404637249304
13993,3,1,0.3148626503738261
13994,3,0,0.10093209369716481
13995,5,0,0.08565116249203045
13996,2,0,0.109618282625189
13997,2,0,0.0743579126478117
13998,3,1,0.679463039094903
13999,3,0,0.18124650912950385
14000,1,0,0.19726937177722054
14001,1,0,0.13444291770721242
14002,2,1,0.11695542963301207
14003,2,1,0.15779612590491482
14004,3,0,0.09836948640051625
14005,3,0,0.17196719108671715
14006,5,0,0.361595580861266
14007,5,0,0.395589218333892
14008,4,0,0.24965512217049945
14009,2,0,0.11214234029973112
14010,1,0,0.13410329216200345
14011,1,0,0.03276228104594664
14012,1,1,0.3708194806879118
14013,4,0,0.11210880972759725
14014,4,0,0.14085085125372446
14015,5,0,0.18727011767426713
14016,4,0,0.47095199482742617
14017,2,0,0.22532537974698266
14018,5,0,0.10722504257416021
14019,5,0,0.15227456622903437
14020,2,1,0.5848565340924873
14021,2,0,0.23467376071191412
14022,4,0,0.12773259256003977
14023,2,1,0.1639027528772258
14024,3,0,0.10038535460635742
14025,3,0,0.5557539237313811
14026,5,0,0.11809358486093734
14027,3,0,0.13198024257359606
14028,5,0,0.051573102352761295
14029,5,1,0.1533075314163204
14030,5,0,0.4258926581063265
14031,3,0,0.19409557897870833
14032,1,0,0.10177359682467196
14033,3,0,0.12093639701626367
14034,5,0,0.08311334093644401
14035,4,1,0.8721636272589612
14036,4,1,0.11585772588074321
14037,4,0,0.11987788391046744
14038,3,0,0.21094363401481558
14039,3,0,0.29077576580998754
14040,5,0,0.15173265195951474
14041,4,0,0.0895642785464481
14042,2,1,0.8390448498299655
14043,4,1,0.14600035770096018
14044,1,0,0.05598702966100463
14045,1,0,0.2636992732364074
14046,1,0,0.08000425417889759
14047,2,0,0.24411600977200193
14048,5,0,0.045675061933191284
14049,5,0,0.15916289495709537
14050,1,0,0.09946848122432336
14051,5,0,0.1050400691268076
14052,5,0,0.11795382222329227
14053,1,0,0.11763168410280726
14054,4,0,0.09238642164386536
14055,1,0,0.10789496607438434
14056,3,0,0.283695036218427
14057,5,0,0.28593579383466255
14058,5,0,0.14613850944431764
14059,1,1,0.528611068927214
14060,3,0,0.10249613014832396
14061,2,1,0.8783318784878478
14062,5,0,0.09470917368715512
14063,3,0,0.13322900624058148
14064,2,0,0.35264959734671397
14065,4,0,0.09333153657025853
14066,4,0,0.13069252222707736
14067,1,0,0.06595081569330341
14068,5,0,0.09152475905460841
14069,5,0,0.11028175539093531
14070,4,1,0.13611179355351855
14071,3,0,0.04477917487123772
14072,3,0,0.09564909925165935
14073,1,0,0.07625106907105535
14074,3,0,0.1348327947523486
14075,1,1,0.32575680906499804
14076,2,0,0.28421801572089783
14077,2,0,0.10009887625441728
14078,2,0,0.18857332761253215
14079,5,0,0.3297800264953189
14080,1,0,0.07528885349365608
14081,5,0,0.23631542025483093
14082,4,0,0.040757984990489736
14083,2,0,0.0986399144545344
14084,3,0,0.10283078043454824
14085,1,0,0.12047064341461572
14086,4,0,0.0943550070665642
14087,3,0,0.11289723269412773
14088,4,0,0.2547878024706779
14089,2,0,0.14135676436383846
14090,5,0,0.14785766116196525
14091,3,0,0.1592943445624037
14092,3,0,0.12545592670427452
14093,2,0,0.08736676246479769
14094,1,0,0.1824945250664693
14095,4,0,0.1648397056902844
14096,3,0,0.1369639479728357
14097,3,0,0.1597517542857852
14098,1,0,0.16442485044570523
14099,1,0,0.16209902434404946
14100,4,1,0.809475364390399
14101,3,1,0.5658795827394613
14102,3,1,0.17607007428010069
14103,3,1,0.11580329953028407
14104,1,0,0.16870490801619945
14105,1,0,0.1041681097324543
14106,3,0,0.08782052788459502
14107,5,1,0.19021494606212994
14108,2,0,0.10755005303349244
14109,1,0,0.1293615096645263
14110,2,0,0.12008310737010588
14111,3,1,0.14314533730662501
14112,2,0,0.22793150742672785
14113,3,0,0.13836898674523557
14114,1,0,0.09347258926986106
14115,4,0,0.09180759955487452
14116,2,0,0.15698447697936468
14117,5,0,0.2732332066074737
14118,2,0,0.08077305146509657
14119,5,0,0.1696718101240729
14120,2,0,0.05286179418337585
14121,2,0,0.1311071696439247
14122,3,0,0.15634890918923394
14123,2,0,0.0869196661630474
14124,2,0,0.1281134531227552
14125,5,0,0.09736167282613198
14126,2,0,0.07863323760075419
14127,2,0,0.21717152350542365
14128,4,0,0.10840160788506219
14129,4,1,0.32798910519044594
14130,1,0,0.1422663013804561
14131,3,0,0.054414142565218995
14132,2,0,0.27261870963838625
14133,5,1,0.18240107540787934
14134,1,0,0.0876529538498377
14135,3,0,0.09090462542110894
14136,1,0,0.05132602875747845
14137,2,0,0.08868473357510208
14138,3,0,0.2756012553769391
14139,5,0,0.3998585162354425
14140,2,0,0.0664183974256165
14141,1,0,0.1179777729946096
14142,5,0,0.2243638118811117
14143,2,1,0.311587478308807
14144,5,0,0.09226728252558694
14145,4,0,0.25777400456379856
14146,2,0,0.02283105849804349
14147,3,0,0.8345977099062891
14148,3,0,0.11516976297588048
14149,2,0,0.11128619559621833
14150,4,1,0.15433347822626756
14151,1,0,0.0923365836435582
14152,2,0,0.1480611606528944
14153,5,0,0.11471449643944043
14154,3,1,0.22368470607700602
14155,3,0,0.15020101022165927
14156,4,0,0.17739930466550477
14157,4,1,0.2578121780343704
14158,5,1,0.1181523463706223
14159,2,0,0.1891833562318123
14160,1,1,0.548302033510624
14161,2,1,0.11407881640229439
14162,4,0,0.0891526797638023
14163,4,0,0.12781837586357797
14164,2,0,0.06033127657108502
14165,1,1,0.7978770038209757
14166,1,0,0.14484939266049676
14167,2,1,0.7493383556145473
14168,3,1,0.10348800483539816
14169,2,0,0.09823582833667968
14170,2,0,0.11239270276875113
14171,4,0,0.09154532621045133
14172,1,0,0.10000765171117795
14173,3,0,0.10897968488254045
14174,5,0,0.08310165136770498
14175,5,0,0.24037122117468307
14176,1,0,0.36620215212060214
14177,2,0,0.1783505402559817
14178,2,0,0.1312921446218516
14179,2,0,0.0677971540425242
14180,3,0,0.1322801882425398
14181,4,0,0.05623099687865582
14182,2,0,0.07086041210346908
14183,1,0,0.21991048136320954
14184,1,1,0.12301725162600304
14185,2,0,0.17138289564691134
14186,1,1,0.670045276842576
14187,1,0,0.25383985715665097
14188,4,0,0.16437586882123184
14189,2,0,0.11003654774199267
14190,5,0,0.4002853906025555
14191,1,0,0.08044885953749006
14192,2,1,0.10921979799620021
14193,1,0,0.8436056112288649
14194,1,0,0.13321356769712148
14195,2,0,0.03894235358838035
14196,3,0,0.16239380145636648
14197,4,1,0.11301607465747285
14198,1,0,0.27479717407379767
14199,4,1,0.17927764581733818
14200,2,1,0.12242479715455609
14201,3,1,0.8077724408450907
14202,1,0,0.14769874739944344
14203,4,0,0.2851388994436712
14204,2,1,0.6830496759917417
14205,2,0,0.10910481293179841
14206,4,0,0.20881441089305505
14207,5,1,0.47446274208579714
14208,5,1,0.10094497179998617
14209,2,1,0.14007446054947023
14210,3,0,0.06346691308008658
14211,5,1,0.8705665072298664
14212,3,0,0.27828279303577386
14213,5,0,0.11810538776081929
14214,4,0,0.11570317743807594
14215,5,0,0.3400576139621761
14216,3,0,0.2650457876314343
14217,4,1,0.33788733680074523
14218,4,0,0.08381042956381533
14219,4,0,0.20880024068083097
14220,1,1,0.8194064351944599
14221,2,0,0.09704105573325823
14222,3,0,0.15666761038120838
14223,3,0,0.39407117796629243
14224,1,0,0.1564671992255674
14225,2,0,0.10581437032772285
14226,3,0,0.15486417433863775
14227,1,0,0.14692875535817862
14228,5,0,0.13206778875146977
14229,3,1,0.1302521286056572
14230,1,0,0.10896089928523464
14231,3,0,0.12720717170688628
14232,5,0,0.1490089843220221
14233,1,1,0.590247394609244
14234,1,1,0.19813504833584406
14235,1,0,0.157869810809151
14236,3,0,0.252919859840658
14237,4,0,0.08723547253083537
14238,4,0,0.2657325416734224
14239,5,0,0.2613841861018704
14240,4,0,0.326575832762503
14241,2,0,0.13009735570200484
14242,1,0,0.0683483886512371
14243,2,0,0.11867509500201368
14244,5,0,0.09336546963209434
14245,1,1,0.12765563780985767
14246,5,0,0.72285595803601
14247,3,0,0.22120477907024758
14248,4,0,0.1752197890537462
14249,1,0,0.11902183078340582
14250,3,0,0.10418929938141265
14251,5,1,0.08824046480905397
14252,2,0,0.0937083855846501
14253,2,1,0.42837171365526194
14254,4,0,0.08507458343227899
14255,5,0,0.05384012777184078
14256,1,0,0.4403893717077358
14257,4,1,0.32339040730712193
14258,3,0,0.10616666631691342
14259,1,1,0.39261266690264895
14260,5,0,0.06695990160698377
14261,1,1,0.5586753533923788
14262,3,0,0.23430611924595046
14263,5,0,0.13923841735238177
14264,4,0,0.11099411203281227
14265,1,0,0.17290527178043294
14266,5,0,0.10784805102164996
14267,5,0,0.06654225693930381
14268,3,0,0.13180923761711796
14269,2,0,0.3792242942169483
14270,3,0,0.11796104770764476
14271,4,0,0.06690408960981019
14272,1,0,0.08124148378705565
14273,1,0,0.06253452904350047
14274,2,0,0.1091539456848671
14275,3,0,0.3298929800336899
14276,5,0,0.10506832161394443
14277,5,0,0.12932523736661775
14278,3,0,0.14290668198609222
14279,5,1,0.7800491771787063
14280,2,0,0.09373416941454654
14281,2,0,0.11842846663865964
14282,3,0,0.12027536859271143
14283,4,0,0.14468618837538047
14284,5,0,0.09566611681902772
14285,2,0,0.13262879578857933
14286,5,1,0.7098294096130761
14287,5,1,0.0975994818334714
14288,1,0,0.07696240527298497
14289,2,0,0.15381798523334314
14290,3,0,0.13787531718058077
14291,1,1,0.855733175674773
14292,1,0,0.08865674694594551
14293,5,0,0.15559509291306325
14294,2,0,0.05499996190389426
14295,1,0,0.10333677876623665
14296,4,0,0.1027456853524696
14297,4,0,0.17079786048346718
14298,3,0,0.12143693095908427
14299,1,0,0.08885112301929056
14300,5,0,0.10088309989697987
14301,4,0,0.13600958512840236
14302,4,1,0.8598454445064765
14303,5,0,0.26162124300075
14304,1,0,0.12639965997632568
14305,3,0,0.18902760624069212
14306,2,0,0.07740548909237462
14307,1,0,0.16487467753471144
14308,3,0,0.12397560491847753
14309,2,0,0.42947548462364665
14310,2,0,0.07525995909681892
14311,3,0,0.06867733390192463
14312,3,0,0.222466008972331
14313,3,1,0.25464674437500767
14314,5,0,0.1911458550504527
14315,4,0,0.11171602784517025
14316,5,0,0.10654819448329189
14317,1,0,0.8199799564122722
14318,5,0,0.11663592965396567
14319,2,0,0.1716179290568347
14320,4,0,0.10402150169738487
14321,1,1,0.6100934424383316
14322,4,1,0.1905265478455582
14323,2,0,0.12915585601967683
14324,1,0,0.13948543579904174
14325,4,0,0.0756833830468206
14326,1,0,0.06224283283884301
14327,2,0,0.245932865245976
14328,2,0,0.16583949467366466
14329,1,0,0.12305546221573872
14330,5,0,0.2718462923070101
14331,4,1,0.2598845135531898
14332,2,0,0.15014044916086436
14333,1,0,0.1431333192225132
14334,4,0,0.2800145483881118
14335,3,0,0.12609538530258374
14336,1,0,0.1246709688489344
14337,4,0,0.1951587123192793
14338,4,0,0.2341248458324622
14339,1,0,0.1283985390944454
14340,3,1,0.08604856910474662
14341,2,0,0.12714289677058066
14342,3,0,0.07190871177049361
14343,3,0,0.0484595797596047
14344,1,0,0.19188944214680928
14345,1,0,0.10548493690452017
14346,2,0,0.10771787249620252
14347,4,1,0.8209785675184222
14348,1,1,0.137213774442712
14349,5,0,0.1393085567222239
14350,1,1,0.07145728548873823
14351,3,0,0.1927363405407992
14352,5,0,0.28880190596066424
14353,1,0,0.1391354578001835
14354,3,0,0.23057177573405868
14355,5,0,0.09445855499345096
14356,2,0,0.1505159865361622
14357,5,1,0.10151248039813131
14358,1,0,0.15418870618190586
14359,2,0,0.12149002166092406
14360,1,0,0.12781603212244563
14361,2,0,0.1330601830562359
14362,5,0,0.2920164551772182
14363,4,0,0.07749170075823146
14364,4,0,0.23783335398015226
14365,1,0,0.130846958367345
14366,2,1,0.8286433153543226
14367,2,0,0.3608280797710461
14368,2,0,0.21751317809059548
14369,2,1,0.75756830296621
14370,2,1,0.6922142733043684
14371,5,0,0.12966616628113145
14372,1,1,0.07604434713371402
14373,4,0,0.13067785788551026
14374,1,0,0.18154888413237866
14375,1,1,0.1344785088429457
14376,5,0,0.7835538168037487
14377,2,0,0.08773388449251165
14378,2,0,0.07257847835403683
14379,4,0,0.1206480532696948
14380,5,0,0.047999824924879746
14381,1,0,0.2626028722251242
14382,2,0,0.10776540210120691
14383,3,0,0.14537200468105746
14384,1,1,0.14208651855279142
14385,1,0,0.0827976345581546
14386,3,0,0.14869022437649057
14387,2,0,0.0861767010256392
14388,1,0,0.13847827186537706
14389,4,0,0.09562176726963252
14390,3,0,0.08433990180769368
14391,1,0,0.16415726131691324
14392,3,0,0.1057186152964183
14393,4,0,0.19434665599104609
14394,2,0,0.14655554840426305
14395,1,0,0.1119208667139193
14396,5,0,0.14630136780849567
14397,1,1,0.8368612953368383
14398,1,0,0.1565935192259406
14399,3,0,0.16300614630478547
14400,5,0,0.6127874374041637
14401,4,1,0.21222309628551006
14402,1,1,0.6454714046485917
14403,4,0,0.1102528411289571
14404,3,0,0.13255761442981134
14405,5,0,0.07053246954752207
14406,2,0,0.08959336400970312
14407,2,1,0.29576441759781325
14408,1,0,0.12529893474993306
14409,1,0,0.0674835854371923
14410,5,1,0.6328690527433569
14411,2,0,0.35217699106286926
14412,4,0,0.08596972601984688
14413,1,1,0.048001560961457745
14414,5,1,0.09527768651451546
14415,3,0,0.31946734556553713
14416,2,0,0.1369744472149029
14417,2,0,0.11312464254749592
14418,3,1,0.10055468812367545
14419,1,0,0.08675375627941145
14420,2,0,0.2133925968435837
14421,2,0,0.1785612383363213
14422,2,0,0.19463044326302714
14423,1,1,0.6289980911595238
14424,4,0,0.3099339663405666
14425,4,1,0.3471774290061472
14426,3,0,0.06622222967818066
14427,4,0,0.14063522160881384
14428,5,0,0.37457492391073033
14429,3,0,0.1443400822573516
14430,5,0,0.8250368443028481
14431,1,0,0.04553979808882018
14432,5,1,0.13763083945740548
14433,1,0,0.1334402579250423
14434,2,0,0.1383779192686619
14435,2,1,0.15703113741790592
14436,4,0,0.6606397098064095
14437,3,0,0.12903373071365515
14438,1,0,0.17718957848630737
14439,3,0,0.29210329179641165
14440,1,0,0.1041197843065074
14441,3,0,0.1716390978168144
14442,4,1,0.11660185026127179
14443,1,0,0.08245821111214896
14444,5,0,0.15308149389011716
14445,5,1,0.18297343197913268
14446,2,0,0.16958250190714308
14447,1,1,0.7994392640222229
14448,4,0,0.15152210156469892
14449,2,1,0.7642778671589486
14450,4,0,0.12190889108066903
14451,4,0,0.13222024059147874
14452,2,0,0.23701987609634995
14453,3,0,0.06990298555963181
14454,4,0,0.1318087625907165
14455,1,0,0.08637548697451042
14456,4,0,0.10601005231881719
14457,3,0,0.8691440655837379
14458,5,0,0.0692327808408404
14459,1,1,0.3699467664927615
14460,2,0,0.12619531652399846
14461,1,0,0.1243274149374784
14462,5,0,0.12355728408474488
14463,3,0,0.2527449029267435
14464,5,0,0.10415419334837567
14465,1,0,0.3714755874089482
14466,5,0,0.14817531191183553
14467,4,0,0.1070586877870066
14468,3,0,0.292413847388364
14469,2,1,0.5235903873053084
14470,4,0,0.11311270376878294
14471,2,0,0.5973656522710334
14472,3,0,0.27726763327127607
14473,1,0,0.06335199380037153
14474,5,0,0.12983024572428775
14475,4,0,0.1370022279209779
14476,2,1,0.11806784097280675
14477,2,0,0.11210647336765696
14478,1,1,0.08665102109949432
14479,2,0,0.21311522776730413
14480,4,1,0.3253299248278934
14481,4,0,0.6650166082263861
14482,2,0,0.07291075221125176
14483,5,0,0.13005935709358277
14484,2,1,0.1896176546541197
14485,4,0,0.25023095926426386
14486,5,0,0.25977608948878983
14487,1,1,0.1392013750985136
14488,2,0,0.205310041939805
14489,3,0,0.4454713987705551
14490,1,0,0.09671645625538336
14491,1,0,0.1321736731962899
14492,2,0,0.1078013020736617
14493,2,0,0.14363400668087106
14494,4,0,0.24218565746197732
14495,2,0,0.6007278827040905
14496,4,0,0.7596063502047777
14497,3,0,0.22442454947867113
14498,2,1,0.8122206879720911
14499,4,0,0.10109173755630885
14500,1,0,0.11418855784181628
14501,5,0,0.08578149742950228
14502,5,1,0.3688450773674859
14503,2,0,0.07601298601552631
14504,1,0,0.2773810831001175
14505,3,0,0.08464461757717232
14506,5,0,0.10916681596894601
14507,1,0,0.23787120220076655
14508,2,0,0.20318637340392928
14509,4,0,0.2164708457554373
14510,2,0,0.09069643464738657
14511,5,0,0.13970266133379428
14512,5,1,0.10210912832721772
14513,3,1,0.13511952734809643
14514,3,1,0.09926829255990538
14515,3,0,0.1112819870281184
14516,5,1,0.11757711469537717
14517,1,0,0.1535877733797728
14518,1,0,0.10439541781251283
14519,1,0,0.11048056812904238
14520,1,0,0.06977810301712997
14521,4,0,0.19609676954246066
14522,3,0,0.21360831832122157
14523,4,1,0.10079730783649674
14524,3,0,0.07670780847654457
14525,2,0,0.08058011652578331
14526,1,0,0.115565748719644
14527,3,0,0.05950090157379921
14528,3,1,0.18555880168052152
14529,5,0,0.36607015260363734
14530,1,0,0.087486054080389
14531,4,1,0.585855872770179
14532,4,1,0.20902247466232016
14533,5,0,0.166963978252433
14534,5,0,0.07628278500692022
14535,1,0,0.055314369179689585
14536,2,1,0.21263568716786033
14537,3,0,0.33552962030645705
14538,3,0,0.14920242558193453
14539,1,0,0.09916709596698847
14540,2,0,0.12896419444206014
14541,5,0,0.06334338007914454
14542,1,1,0.10274883309233047
14543,3,0,0.10115694754119164
14544,2,0,0.08776856307009102
14545,3,0,0.26761030450324325
14546,3,0,0.040936824894928954
14547,4,0,0.10485236996096517
14548,2,0,0.09833941752830037
14549,5,0,0.06925038093005843
14550,3,0,0.04717745844554425
14551,5,0,0.27108929839003854
14552,3,0,0.13951634386994544
14553,2,0,0.13058319426355908
14554,2,0,0.26399450243606837
14555,2,0,0.5487676065480976
14556,4,0,0.11517681228609616
14557,5,0,0.152077201487902
14558,3,1,0.8884339113704234
14559,5,0,0.17779075547573273
14560,1,1,0.2815189116010178
14561,1,0,0.8405091119569529
14562,3,1,0.7077574873593597
14563,4,0,0.0866948620382361
14564,1,1,0.31920083052575227
14565,1,0,0.1440382033443854
14566,2,1,0.12089260171223987
14567,4,0,0.27355914059193387
14568,5,0,0.3315873566361801
14569,2,0,0.2212064281882806
14570,4,0,0.08326441051639287
14571,4,0,0.2507775816916052
14572,3,1,0.5828740666017026
14573,2,0,0.24647649062500437
14574,2,0,0.06638222562049981
14575,1,1,0.1204593216652647
14576,2,0,0.18478377546904823
14577,5,1,0.5267304925070171
14578,3,0,0.09916666845754372
14579,1,0,0.6416522747365965
14580,4,0,0.6891458777944536
14581,5,0,0.1400243514874849
14582,5,1,0.22428362458070966
14583,1,1,0.18099212371766554
14584,3,0,0.0663426816075463
14585,5,0,0.0930690729335117
14586,3,1,0.2141654239487402
14587,5,0,0.10582351484050614
14588,3,0,0.08926403501529721
14589,1,0,0.07267177485877031
14590,4,0,0.11035569228922511
14591,2,0,0.11652816646812403
14592,3,0,0.1567423823025496
14593,5,0,0.05860868783871829
14594,2,0,0.27641768081587975
14595,5,0,0.12230337290695907
14596,4,1,0.43366955203317964
14597,4,0,0.16200364272587386
14598,1,0,0.11494362178765341
14599,2,0,0.07845990262568694
14600,1,0,0.10366612934065847
14601,2,0,0.12969706381762738
14602,2,0,0.15566287940644308
14603,1,1,0.16217041524382347
14604,1,0,0.11768507048826446
14605,2,0,0.15324114818624238
14606,3,1,0.0904752463090984
14607,3,0,0.18402233931290057
14608,1,0,0.1744943558906201
14609,5,0,0.18121873820826565
14610,3,1,0.05957954786874876
14611,3,0,0.11423896185294972
14612,4,1,0.41213638574439687
14613,3,0,0.350798552882385
14614,3,1,0.22018426836803698
14615,4,1,0.22068947928492327
14616,4,0,0.0649083067951718
14617,5,0,0.04817671641826004
14618,2,0,0.11142651008353809
14619,2,0,0.0665161679155556
14620,4,0,0.09246232853064774
14621,1,1,0.7905871758841324
14622,1,1,0.5582997905756834
14623,4,1,0.3297360435797128
14624,2,1,0.7884015149500418
14625,2,0,0.06516146454015263
14626,2,0,0.09869301720910711
14627,3,0,0.19471461627769232
14628,4,0,0.17873580475881573
14629,5,0,0.11249945343916501
14630,5,0,0.24217604629906705
14631,4,0,0.12764240158688211
14632,2,1,0.7466871138715938
14633,1,0,0.0716305510603262
14634,3,0,0.11797802092990411
14635,1,1,0.7826104230743601
14636,3,0,0.10396484440184749
14637,1,0,0.16345162203634225
14638,5,0,0.18426072530175563
14639,3,0,0.16306330196168112
14640,5,0,0.09927847279952444
14641,1,0,0.1459302020071023
14642,5,0,0.09108848284943354
14643,2,0,0.19804971396304716
14644,3,0,0.11674245988623076
14645,3,0,0.13204116964084484
14646,2,0,0.17722262975227804
14647,2,1,0.34576164936192677
14648,1,0,0.07598743269403825
14649,5,0,0.45559092191902756
14650,1,0,0.04896071477984686
14651,4,0,0.12218913812190522
14652,4,0,0.09847724194802196
14653,4,1,0.6827524951343883
14654,4,1,0.5117932307841643
14655,3,0,0.29917164540196095
14656,1,0,0.1109586680941429
14657,2,0,0.3929401436476668
14658,1,0,0.5713959706222409
14659,3,0,0.12019903201788223
14660,4,0,0.4102549439945149
14661,2,0,0.11847934989900247
14662,5,0,0.11494816767208851
14663,5,0,0.10880926835317561
14664,4,0,0.2500254785237633
14665,2,0,0.09820504728077464
14666,4,0,0.18759191014169185
14667,1,1,0.2766066341080813
14668,4,1,0.17999680415806893
14669,1,0,0.10968611286562877
14670,1,0,0.14991030028916275
14671,4,1,0.24137312056986776
14672,1,0,0.07650487500105618
14673,5,0,0.13029644668877122
14674,5,0,0.16604763599825134
14675,3,0,0.09721262717834239
14676,3,0,0.11271093504699035
14677,4,0,0.15709290081000007
14678,5,1,0.10558667626578559
14679,1,0,0.1368335091512557
14680,1,0,0.09003493917127647
14681,2,0,0.212419960218582
14682,1,0,0.15030094707992692
14683,5,0,0.08410264739272115
14684,3,0,0.16871586267922598
14685,3,1,0.28646805536615283
14686,5,0,0.41411005077383245
14687,2,1,0.11905279588608059
14688,5,1,0.6747264582685932
14689,4,0,0.11992766238118088
14690,4,0,0.13547688009779588
14691,2,0,0.15060818732113376
14692,5,0,0.0454283330099403
14693,2,0,0.1182422616926816
14694,1,0,0.1152596319318111
14695,4,1,0.08644953933394328
14696,1,1,0.46570485463018335
14697,2,0,0.11331242162918405
14698,3,1,0.18112496738928152
14699,5,1,0.10148150963133692
14700,4,0,0.09969083361918833
14701,5,0,0.5980262330287108
14702,1,0,0.129780849871978
14703,5,0,0.0818673254171733
14704,3,0,0.15780420108138854
14705,1,1,0.5799703892519938
14706,5,0,0.10829844321179047
14707,1,0,0.14565428655146032
14708,3,0,0.09700634298155844
14709,4,0,0.08097722849074804
14710,1,0,0.13550301021278985
14711,1,0,0.09867785196872379
14712,5,0,0.22744983276026778
14713,3,0,0.25789636590859405
14714,5,1,0.768449823264638
14715,5,0,0.12236367625613738
14716,4,0,0.08254319852622635
14717,4,0,0.12362532478616355
14718,2,0,0.046958635186153175
14719,4,0,0.08334931054517333
14720,3,0,0.11147964525404619
14721,2,0,0.10110898202808191
14722,5,1,0.8229885773775408
14723,3,0,0.2250915476280849
14724,2,0,0.18145901147358262
14725,1,1,0.15297950463349816
14726,1,0,0.1189068265344272
14727,4,0,0.08263867529593655
14728,2,1,0.2510736040050701
14729,4,1,0.23019872941558991
14730,5,0,0.07098286462662223
14731,3,0,0.051807738936196925
14732,3,0,0.19844592283743934
14733,2,1,0.22139572554197098
14734,5,0,0.1280494013737811
14735,2,1,0.5175432748980008
14736,2,1,0.25069104586175056
14737,4,0,0.12626895663987614
14738,2,0,0.09416567646461824
14739,4,0,0.08312326297470532
14740,1,0,0.27540206851741694
14741,2,0,0.12126762206457846
14742,3,0,0.1579110466454783
14743,2,0,0.12224453375365452
14744,5,0,0.1471087639617105
14745,2,1,0.6609783168483297
14746,5,0,0.1130282826250077
14747,1,0,0.12755251031439163
14748,5,0,0.13657989660122846
14749,3,0,0.1331962870176487
14750,3,1,0.23715731835535936
14751,3,0,0.6877409145429295
14752,5,1,0.7434253380704672
14753,5,1,0.15159694053157027
14754,2,0,0.156870989916167
14755,1,0,0.12682594306616252
14756,3,0,0.1608685818355303
14757,3,1,0.2729247228863456
14758,4,0,0.21506637657112926
14759,2,0,0.09230218616745194
14760,4,0,0.15972563325090816
14761,4,0,0.1305631966482526
14762,3,0,0.1447424869571298
14763,3,0,0.1298503220975953
14764,5,0,0.07372121015551693
14765,1,0,0.05692094208163599
14766,1,0,0.15797911549454813
14767,3,0,0.14648873696851406
14768,5,0,0.40753853161839637
14769,3,0,0.14770892432130228
14770,5,0,0.1624140782020459
14771,2,1,0.1817695469072552
14772,5,1,0.35288891061727234
14773,4,0,0.0404480384616394
14774,5,0,0.08681027699154213
14775,5,0,0.45905122157220773
14776,2,0,0.13300703093073282
14777,4,0,0.10323837760730559
14778,2,0,0.10637734776573195
14779,5,0,0.12454189465674367
14780,4,0,0.16152913809302938
14781,1,0,0.1004380449868897
14782,1,0,0.11852691632130087
14783,3,0,0.08446094861354206
14784,5,1,0.12887214248565637
14785,4,1,0.8110300883384439
14786,1,1,0.6377025378045804
14787,1,0,0.05628622664026671
14788,5,1,0.8572543658076197
14789,5,0,0.12894285078790113
14790,2,0,0.0906417920990504
14791,2,0,0.15468002046394108
14792,5,0,0.09866042002105327
14793,1,0,0.04470856047969127
14794,4,0,0.10844862636481165
14795,3,0,0.0850318182899797
14796,1,1,0.19805846794352464
14797,2,0,0.16584083573406141
14798,4,1,0.20621190846487156
14799,1,0,0.10836134372359127
14800,1,0,0.3545871571991103
14801,3,0,0.14654149893480764
14802,3,1,0.15275334618470313
14803,2,0,0.10849214677453954
14804,5,0,0.1328469314667644
14805,1,0,0.10573590422585666
14806,4,0,0.08725727720686642
14807,4,0,0.0761789478344811
14808,3,0,0.042898054710538654
14809,1,0,0.08703409395851189
14810,2,0,0.11599082170402274
14811,2,0,0.08985176148688996
14812,2,1,0.11768916136104322
14813,3,0,0.1290936431449213
14814,3,0,0.1922122204370208
14815,5,0,0.11306396455735536
14816,4,0,0.10441608323434638
14817,2,0,0.07091269282645744
14818,2,0,0.20150557520472204
14819,4,0,0.12292588048705509
14820,3,0,0.11280655912328526
14821,3,0,0.14910175922102087
14822,1,1,0.4619728019226123
14823,5,0,0.021935287073270526
14824,1,1,0.11445646086756243
14825,2,0,0.125991339139214
14826,4,1,0.15578169346479942
14827,5,0,0.11073620111373754
14828,5,0,0.11571015148668048
14829,1,0,0.07738663373166506
14830,3,0,0.0459157504379462
14831,1,1,0.11785945102440594
14832,2,1,0.12968725316618357
14833,1,0,0.06761595851950292
14834,1,0,0.12099750797617219
14835,3,0,0.1158340937990634
14836,3,0,0.10410991172929847
14837,2,0,0.09293206069555937
14838,3,0,0.05404379769098332
14839,1,0,0.11438004879094953
14840,2,1,0.7840071918893027
14841,1,0,0.08164001926994328
14842,1,0,0.12766357166032288
14843,5,0,0.23886510391585844
14844,5,0,0.27518277294372556
14845,2,1,0.11084768453395721
14846,5,0,0.5087078034528836
14847,2,1,0.49264460249168895
14848,4,0,0.18954946659902092
14849,1,0,0.862590788477429
14850,1,1,0.20873799557773975
14851,4,0,0.33399316198031337
14852,2,0,0.12384161846831461
14853,3,0,0.1390879801594147
14854,5,0,0.5563764830271576
14855,1,1,0.6816537585613551
14856,2,1,0.4182687359762596
14857,4,0,0.1340626820149589
14858,1,0,0.07747760791504313
14859,5,0,0.14808536814967094
14860,4,0,0.12107550891182269
14861,1,0,0.104781487131733
14862,4,0,0.11651019747252173
14863,2,0,0.1476030725248123
14864,3,1,0.12807506526420187
14865,5,0,0.11868330639709694
14866,3,0,0.14662010283352772
14867,5,0,0.13658498884172715
14868,2,1,0.8333233596487787
14869,1,0,0.296818970371178
14870,3,1,0.16243735078490978
14871,2,0,0.09229817421677129
14872,5,1,0.15141707511977945
14873,2,0,0.19122034510012675
14874,1,0,0.1429154412728119
14875,1,0,0.10242863009048751
14876,3,0,0.09674268001200816
14877,2,0,0.12106219017436266
14878,2,0,0.0816350270038936
14879,3,0,0.12898299556111875
14880,4,1,0.6581369160901459
14881,1,0,0.16829702928565518
14882,2,0,0.09435826414099865
14883,2,0,0.13179067429000965
14884,1,0,0.10893669488369659
14885,1,0,0.2038702290041041
14886,4,0,0.126046656125274
14887,4,0,0.09855003964495433
14888,5,0,0.09967868191903398
14889,5,0,0.105282368728827
14890,2,0,0.1264160010607116
14891,1,1,0.8030129359823897
14892,5,0,0.2789044032911294
14893,1,0,0.06264100793641066
14894,2,1,0.07911278897927687
14895,4,0,0.09507548004731335
14896,4,0,0.1754554023346075
14897,1,0,0.1194956590260069
14898,3,0,0.8302186103114719
14899,3,0,0.3330957652499983
14900,3,0,0.21465663096604298
14901,3,1,0.5367568542633974
14902,5,0,0.12130912101946027
14903,4,1,0.17167378973916367
14904,5,0,0.14261019586290888
14905,4,0,0.05155242913077575
14906,5,1,0.5553086382583893
14907,1,0,0.1387972820994242
14908,2,0,0.08587855426102765
14909,2,0,0.08403558181174807
14910,4,0,0.1803090116493103
14911,5,0,0.101809696831621
14912,3,0,0.18585803730717804
14913,2,0,0.20541258049314048
14914,1,0,0.34727308470236923
14915,5,0,0.2103044986156063
14916,1,0,0.06325773567481381
14917,3,0,0.0713149683069861
14918,2,0,0.1589960703269843
14919,2,0,0.16627149132660307
14920,5,0,0.15370919552216325
14921,3,0,0.021043419278417325
14922,5,0,0.07253743161407539
14923,4,0,0.05513741142641393
14924,4,0,0.23579756661748538
14925,1,0,0.38403380181313385
14926,5,0,0.09791157126302645
14927,3,0,0.20698636706923543
14928,2,0,0.08799314202712548
14929,3,0,0.09661868315817379
14930,2,0,0.16037225279390852
14931,4,0,0.13827736451007094
14932,1,0,0.12264017009991204
14933,2,1,0.17609820989140496
14934,2,1,0.47312823305311186
14935,1,0,0.24702185215662595
14936,1,0,0.08585765932796553
14937,4,0,0.14360400371064286
14938,4,0,0.2039740936344549
14939,1,0,0.11433230544929858
14940,4,0,0.49253375650956965
14941,1,0,0.08943418568223392
14942,1,0,0.08289403776978732
14943,1,0,0.16414684847407263
14944,4,0,0.05484739364632953
14945,2,0,0.1852914485586662
14946,4,0,0.21089786626758042
14947,3,1,0.18727819236038662
14948,2,0,0.12854566342475157
14949,1,0,0.5834083336679576
14950,4,0,0.15235828262858217
14951,4,0,0.11012588072005025
14952,4,0,0.1414939485390627
14953,5,0,0.3590109529756258
14954,5,0,0.10960000287407519
14955,5,0,0.13561439127559585
14956,2,0,0.17256557351650512
14957,5,0,0.09152592676705608
14958,2,0,0.10967003216326056
14959,3,0,0.14864527081502005
14960,1,1,0.43743954083602204
14961,4,0,0.11824922847177033
14962,1,0,0.20338045232268764
14963,4,1,0.10490842301450082
14964,1,1,0.14974602660929878
14965,2,0,0.07671605455032224
14966,5,0,0.23769690714895447
14967,3,0,0.042982123141362655
14968,2,0,0.12056443108729295
14969,1,0,0.12735673110279036
14970,2,0,0.1890524349988608
14971,4,0,0.17991022727908604
14972,1,0,0.22008106400974883
14973,3,0,0.12027326012483897
14974,5,0,0.2723564349701655
14975,4,0,0.22195331516281622
14976,5,0,0.11714221233099192
14977,2,1,0.6564703068340493
14978,5,1,0.13203486362330003
14979,2,0,0.05954180605141118
14980,4,0,0.3393761154962016
14981,5,0,0.13504907264954583
14982,2,1,0.14679864783198343
14983,3,0,0.1135114152814978
14984,1,1,0.10454671589998585
14985,4,1,0.20873713533332422
14986,2,0,0.20158726626729984
14987,1,1,0.5162557511722531
14988,2,0,0.10216751350937607
14989,3,1,0.03916726489732689
14990,3,1,0.22434721343884353
14991,3,0,0.3420128728288343
14992,3,0,0.07638924429733496
14993,1,1,0.12163552940839999
14994,2,0,0.11658763739529443
14995,2,0,0.04031228314975908
14996,5,0,0.5292627069658022
14997,5,0,0.3418472750829022
14998,1,0,0.1132142584715589
14999,5,0,0.09969155825814899
15000,5,0,0.11920466223612902
15001,4,0,0.16813532178177099
15002,5,0,0.577926492798671
15003,1,1,0.21890435877442926
15004,4,0,0.16562094900731894
15005,3,0,0.09130013100319326
15006,2,1,0.23070835254205352
15007,5,0,0.1547371550593282
15008,4,0,0.04429963680283948
15009,1,0,0.21795096532162123
15010,2,0,0.14309740360585818
15011,4,0,0.1184482824254498
15012,1,0,0.10358216255710143
15013,5,0,0.256914493353926
15014,1,0,0.07017586204697791
15015,2,0,0.10063200157425778
15016,4,0,0.0793864290505733
15017,2,0,0.14329846033522456
15018,4,0,0.10495552273052
15019,3,0,0.13725770237504603
15020,5,0,0.12095655621785995
15021,3,1,0.19916143673182343
15022,2,0,0.407543402510302
15023,5,0,0.08695006330094532
15024,3,0,0.22717389082034753
15025,3,1,0.15835394822630083
15026,3,0,0.0683461280415271
15027,4,1,0.12496273942983385
15028,1,0,0.10814225560862012
15029,4,0,0.12856289706819246
15030,1,0,0.7845517405320535
15031,4,0,0.13785149089048385
15032,1,0,0.15698952383210318
15033,5,1,0.15842927654221817
15034,4,0,0.12139954261934295
15035,4,0,0.319739835118159
15036,1,1,0.7978869750716718
15037,1,0,0.058435569684253556
15038,1,0,0.10123476081798842
15039,1,0,0.0969565650234393
15040,3,1,0.859837198324056
15041,4,0,0.09842019771807863
15042,3,0,0.2050531495766399
15043,1,0,0.16003588432052693
15044,5,1,0.06856645975220886
15045,4,0,0.122292686623976
15046,5,0,0.10749113495620556
15047,4,0,0.11385053643246414
15048,1,0,0.506574073844947
15049,1,0,0.06494154319491371
15050,3,0,0.1605076387452615
15051,4,0,0.15552411554877538
15052,2,0,0.07611088250231704
15053,5,0,0.24534358204896736
15054,4,1,0.21223268101303897
15055,1,0,0.19994736100875898
15056,1,0,0.14105004620880732
15057,2,0,0.0735695320458223
15058,5,0,0.16749912346559656
15059,2,1,0.1598125343626412
15060,3,0,0.14296359261621064
15061,1,0,0.85447515279816
15062,3,1,0.4651111462636011
15063,4,1,0.8637884511085476
15064,2,0,0.10373113309374196
15065,5,1,0.1325699389674015
15066,1,0,0.07949430118103167
15067,4,0,0.11788341526067299
15068,3,0,0.08478855604205744
15069,2,0,0.07168624165005436
15070,4,1,0.2347952625062442
15071,2,0,0.5689878604053048
15072,1,0,0.18571975613062677
15073,2,0,0.09554329641885455
15074,5,0,0.18508137546763187
15075,1,0,0.085661679265859
15076,5,1,0.2765580907321603
15077,2,0,0.16501350895775949
15078,1,0,0.48989193410087956
15079,4,0,0.09964657004606209
15080,1,0,0.07389595318504642
15081,2,0,0.13459139813307786
15082,4,0,0.13403629583102583
15083,4,0,0.11912973585176376
15084,5,1,0.43956087830938223
15085,4,0,0.22511338693110008
15086,4,0,0.16653642076626043
15087,2,1,0.7100163699813189
15088,3,1,0.7554572133515312
15089,4,0,0.09014395295626346
15090,2,1,0.11506298661350477
15091,3,1,0.788154629441231
15092,3,0,0.04919289788153439
15093,2,0,0.10097730795303239
15094,2,0,0.22476015764491672
15095,2,0,0.1536498724740627
15096,1,1,0.7646139501493279
15097,5,0,0.10182376190324201
15098,1,0,0.14064013859062985
15099,2,0,0.15867712937153086
15100,5,0,0.13903533902531007
15101,1,0,0.14574436992237105
15102,2,0,0.1581875373156086
15103,1,0,0.09803850541920599
15104,5,0,0.16991441973048088
15105,4,0,0.2703341173701155
15106,1,1,0.37737698579138484
15107,4,1,0.18298998608519823
15108,1,1,0.08466728866407139
15109,2,0,0.27139077750854784
15110,4,0,0.17570200093746308
15111,5,1,0.1273818114922032
15112,4,1,0.7288373423971513
15113,1,1,0.8292997215731072
15114,3,0,0.1159434826467959
15115,2,0,0.07411542721096627
15116,5,0,0.10264759910411884
15117,4,0,0.1116380863142442
15118,3,0,0.5774704792381639
15119,4,0,0.12094512269962224
15120,1,1,0.5912583029875459
15121,2,0,0.6657269077631249
15122,4,0,0.26537796499761607
15123,5,0,0.10191342759718838
15124,3,0,0.31827525550735253
15125,4,0,0.12017220009408323
15126,1,0,0.15795966281505944
15127,1,0,0.2732600332407261
15128,5,0,0.11597179044322616
15129,1,0,0.11403652992047805
15130,4,0,0.09292578336726245
15131,5,0,0.08418776045407633
15132,1,0,0.11264217732964905
15133,2,1,0.8005863371589029
15134,2,0,0.09060044374715143
15135,4,0,0.12218939326010905
15136,1,0,0.16488758965345293
15137,3,0,0.0834692497351877
15138,1,0,0.8574619452281402
15139,3,0,0.32745342778732733
15140,5,0,0.1030546238491032
15141,5,0,0.1535032105098405
15142,5,1,0.293817679156851
15143,3,0,0.3810428443813506
15144,5,0,0.26377018670088614
15145,4,0,0.13723442264787422
15146,1,0,0.12132952770249679
15147,4,0,0.09654672776429117
15148,1,0,0.06690138007119359
15149,1,1,0.2961651369411083
15150,3,0,0.130928821759311
15151,5,0,0.10533000959385029
15152,5,0,0.1592659394315404
15153,4,0,0.3441245474753206
15154,2,1,0.709951636349805
15155,1,0,0.07353299665072222
15156,4,0,0.07764129747965887
15157,3,0,0.2163974260067737
15158,3,0,0.09873255096432436
15159,5,0,0.52136670264305
15160,5,1,0.8533466143016936
15161,3,0,0.16660906831065084
15162,2,1,0.218973673978632
15163,1,1,0.7337018213086204
15164,1,0,0.12582875928706422
15165,5,0,0.11481170083814062
15166,1,0,0.14520096551299627
15167,2,0,0.09926731371406393
15168,3,0,0.0645927339249217
15169,4,0,0.15958252228114128
15170,4,0,0.12192146664283803
15171,1,0,0.20973906495476355
15172,2,0,0.27518953815853553
15173,4,1,0.2003865665734527
15174,2,0,0.12422187192244359
15175,2,0,0.0616083054334897
15176,1,0,0.12631533495091798
15177,1,0,0.5897856155224834
15178,2,0,0.25648981067198356
15179,2,0,0.06515229852600166
15180,2,0,0.014967751712301356
15181,2,0,0.08935255415243916
15182,2,0,0.14322973925462124
15183,4,0,0.09296691848227162
15184,5,0,0.2504345423450687
15185,3,0,0.12808473332366602
15186,3,0,0.10575832670499546
15187,4,0,0.08059757674860622
15188,4,1,0.43944414209115984
15189,3,0,0.1538432216996384
15190,5,0,0.20791226009721311
15191,1,1,0.37306984628558076
15192,1,0,0.14361090989803355
15193,4,0,0.24284764713301452
15194,3,0,0.1314405100773972
15195,5,0,0.14348057779855192
15196,2,0,0.10857188859571312
15197,1,0,0.2770050330608954
15198,5,1,0.11749861283412198
15199,4,1,0.8137666171457475
15200,3,0,0.09359138561190815
15201,3,1,0.22275554538741532
15202,4,0,0.0901954387271382
15203,3,0,0.17566493579988293
15204,1,1,0.8282459143516626
15205,3,1,0.13066916748160276
15206,3,1,0.7614020904105625
15207,3,0,0.07558594929628487
15208,3,0,0.34718674002704836
15209,1,0,0.09001244910826914
15210,1,0,0.14563040932445373
15211,3,1,0.1330146544609066
15212,1,1,0.35936864663268553
15213,5,0,0.5381998650767279
15214,3,0,0.7742271266963822
15215,2,0,0.041292927839949894
15216,3,0,0.1411975643177017
15217,3,0,0.155935268196882
15218,1,1,0.15287796242297222
15219,2,0,0.11732670323876143
15220,4,1,0.10215763379083923
15221,2,0,0.3067470623629609
15222,2,1,0.10459342277924714
15223,2,0,0.42989141222109556
15224,4,1,0.3429042188693134
15225,4,0,0.14419185032736734
15226,5,1,0.3130433377958417
15227,4,0,0.13054053662927556
15228,2,0,0.5566511697426528
15229,1,0,0.21549876632586992
15230,1,1,0.8027171601081604
15231,1,0,0.15139070538977914
15232,4,1,0.30439429317984124
15233,5,0,0.2679011631389116
15234,1,0,0.12197350901330718
15235,4,0,0.09304105009572178
15236,5,0,0.12794027986905607
15237,2,1,0.16868659058839844
15238,4,0,0.07653193869564358
15239,2,1,0.37675429074196654
15240,4,0,0.13059199503471342
15241,4,0,0.7414385716842318
15242,3,0,0.04870357926641917
15243,3,0,0.13764644950310803
15244,2,0,0.2020625283494697
15245,3,0,0.12558089647550105
15246,4,0,0.1313764291356599
15247,3,1,0.6010453018988096
15248,3,1,0.17557736653227804
15249,2,0,0.10241053797296717
15250,3,0,0.07362787811015414
15251,5,0,0.12900538147539897
15252,4,0,0.1448617497351232
15253,5,0,0.04380196143501453
15254,1,0,0.08606243611677311
15255,4,1,0.15309548245618515
15256,4,0,0.38543539996415616
15257,5,1,0.057740775956310705
15258,4,1,0.12080694961921351
15259,5,0,0.18658478939473297
15260,3,0,0.3231444805401418
15261,3,0,0.15651098457752202
15262,2,1,0.3806593727832319
15263,3,0,0.1433103465848246
15264,1,0,0.12785503543370705
15265,5,0,0.11786747083126901
15266,5,0,0.26080910627924503
15267,5,1,0.16562915137376877
15268,1,0,0.0988406007437846
15269,4,0,0.26210708584943776
15270,3,0,0.19419123211615055
15271,4,1,0.2036892712965133
15272,5,0,0.12986881849909762
15273,4,1,0.6197673491020135
15274,4,1,0.1313063298068693
15275,1,0,0.1566257679173836
15276,2,0,0.0931768850531643
15277,3,0,0.1138995844091304
15278,5,0,0.21021050950857886
15279,3,0,0.16802945652086257
15280,5,0,0.08196155455848364
15281,2,0,0.05758170291124375
15282,2,0,0.07283630113958346
15283,4,0,0.15152136205162492
15284,1,0,0.15714599687697148
15285,2,0,0.11930934337616382
15286,5,0,0.10988291312867084
15287,3,1,0.6232023478499411
15288,4,0,0.05799506666626552
15289,1,0,0.13536187008347045
15290,5,0,0.2268048492125177
15291,1,0,0.15249692199129117
15292,1,1,0.2858421525574793
15293,2,0,0.1267124459358324
15294,4,0,0.15355544904763654
15295,3,0,0.13029086154572206
15296,2,1,0.13129062661893973
15297,5,1,0.7854463937061832
15298,1,1,0.16054867013864288
15299,3,0,0.11464076608140483
15300,2,1,0.274161616556608
15301,2,0,0.159155084156446
15302,2,0,0.14788361439338696
15303,3,0,0.1332390941590966
15304,5,0,0.09037770671042333
15305,3,0,0.8335116607045684
15306,2,0,0.09662367509044388
15307,4,0,0.10080935438427231
15308,1,0,0.13925513986016802
15309,3,1,0.8469539245015172
15310,5,0,0.1030522368613446
15311,4,1,0.12042551451820625
15312,3,0,0.10374440769524709
15313,4,0,0.8103195033239597
15314,4,0,0.3317443238635782
15315,3,0,0.5219250981062581
15316,2,1,0.17176624885829156
15317,3,0,0.535336912095506
15318,4,0,0.12037904579814601
15319,1,0,0.5862937897668343
15320,4,0,0.14723399609468235
15321,5,0,0.03531562843722663
15322,4,0,0.1959263037425227
15323,1,0,0.06281151917752575
15324,4,0,0.2651539464937208
15325,1,0,0.09256259782214862
15326,5,1,0.8589837492961834
15327,1,0,0.25037128119488117
15328,3,0,0.1452321269068674
15329,2,0,0.11464097104760422
15330,5,1,0.12112364636702226
15331,2,0,0.20732472792155385
15332,4,0,0.13923335226248604
15333,4,0,0.19274834597022888
15334,3,1,0.1252339011816508
15335,2,0,0.09786932626560767
15336,3,0,0.20647611586964285
15337,5,0,0.18415753907125007
15338,2,0,0.15358609995501227
15339,1,0,0.0285352987934343
15340,3,0,0.1453294333582982
15341,3,1,0.18654553077179806
15342,2,0,0.08531587686990187
15343,3,1,0.4818881862923103
15344,5,0,0.1406765476567763
15345,1,1,0.660523592838518
15346,2,0,0.1206073414444163
15347,1,0,0.23960049979038742
15348,1,0,0.14362305914737694
15349,1,1,0.11166502350163149
15350,4,0,0.13791621995814235
15351,1,0,0.10975808756899917
15352,5,1,0.6916918555003173
15353,4,0,0.1155022584337173
15354,3,0,0.1595537865142742
15355,2,0,0.1485989805598993
15356,4,0,0.0647968016364047
15357,1,1,0.7201886986881909
15358,4,0,0.24974384376132863
15359,1,0,0.10794450238910738
15360,5,0,0.15864196378893058
15361,4,0,0.04533539234702383
15362,1,0,0.18545798242697256
15363,4,0,0.10177301335908921
15364,3,0,0.04881284732411768
15365,2,1,0.7704960027530766
15366,4,0,0.08276243083638067
15367,3,0,0.20364166323511904
15368,2,0,0.1486315634867335
15369,2,0,0.13116897900440444
15370,3,1,0.08986977287031025
15371,4,0,0.26010619927281214
15372,2,0,0.061016685403478536
15373,5,0,0.1450326992770923
15374,4,0,0.09968057441646862
15375,3,0,0.7092614426337774
15376,4,1,0.20374824429269536
15377,4,0,0.17517041280348827
15378,1,0,0.12361853564994908
15379,1,1,0.30822131767882915
15380,5,0,0.08882515630322547
15381,5,0,0.15138108634494413
15382,3,0,0.058204685509321626
15383,1,1,0.39473827928931227
15384,4,0,0.36697878519984656
15385,1,1,0.1650539772148049
15386,3,0,0.27916573870530376
15387,1,0,0.13028432253665007
15388,1,1,0.16481143393111453
15389,2,0,0.06188460467220798
15390,1,0,0.3094974411486271
15391,3,0,0.10900257298462193
15392,4,0,0.08981015385248839
15393,4,0,0.3633409654842225
15394,5,0,0.18440219182412648
15395,1,1,0.48288839852217663
15396,1,0,0.15156767510123506
15397,2,0,0.1511521032408535
15398,2,0,0.09342944372171182
15399,5,1,0.714991948604783
15400,5,1,0.6738309204250296
15401,1,1,0.13576166875619794
15402,5,1,0.27402022771997037
15403,3,1,0.2117273640216535
15404,1,1,0.3771292003635531
15405,3,0,0.08852444837320886
15406,3,0,0.15465957040960113
15407,4,0,0.09415650364145804
15408,3,0,0.08285919200034092
15409,5,0,0.1165077851755044
15410,4,0,0.8554695870903032
15411,1,0,0.12316809631425414
15412,2,0,0.12505693309236954
15413,3,0,0.435856176607918
15414,3,0,0.1195280788725304
15415,5,0,0.0940468453113135
15416,3,0,0.10127152563067801
15417,4,0,0.10293340620678859
15418,5,0,0.07603108751224055
15419,4,0,0.09167999854812547
15420,5,0,0.20354377730573184
15421,4,0,0.13641755380448353
15422,4,0,0.06350878559343054
15423,4,0,0.12870832839328009
15424,4,0,0.12900590441994997
15425,4,1,0.2794311366790371
15426,4,0,0.3158689303210759
15427,5,1,0.6465302303480591
15428,5,0,0.17052956246647624
15429,5,0,0.07611268605322358
15430,3,0,0.5664700408416329
15431,5,1,0.0689371518996914
15432,4,0,0.10781739608732772
15433,2,0,0.2028054957174606
15434,4,0,0.12137991637079856
15435,2,0,0.04002338395004789
15436,1,0,0.1429987100741005
15437,5,0,0.1280424555811394
15438,3,1,0.05774640483677527
15439,2,0,0.17673848338989265
15440,5,0,0.07323857390820601
15441,2,0,0.20658334399487094
15442,1,1,0.18608805718377838
15443,4,0,0.15884083776509014
15444,1,0,0.17094442711867827
15445,2,0,0.05906676579061392
15446,4,0,0.07792292656728556
15447,4,0,0.3377640204226619
15448,1,0,0.12739456386002712
15449,1,0,0.16137034057286304
15450,5,1,0.12564009603123782
15451,2,0,0.15301646210192382
15452,2,1,0.6052190642318995
15453,4,0,0.20438777648698372
15454,4,0,0.13507513468914023
15455,2,0,0.28946551097792017
15456,1,0,0.11158364690290348
15457,2,0,0.18495201198554656
15458,3,1,0.6962505424553799
15459,3,0,0.24787215790264566
15460,1,1,0.5394434816556261
15461,3,0,0.364865607403178
15462,4,1,0.5523441888025665
15463,2,0,0.128326647371396
15464,5,0,0.06890030631518346
15465,2,0,0.2261185307841752
15466,5,0,0.10737004203518105
15467,3,0,0.11606218709189772
15468,3,0,0.13587647800547825
15469,2,0,0.21176107908476685
15470,4,0,0.09062335367475441
15471,5,0,0.12600961862225188
15472,2,0,0.12428106653862206
15473,3,0,0.12395716496589297
15474,3,0,0.20109595384344656
15475,5,0,0.47060317082514214
15476,4,0,0.1839022557038774
15477,3,1,0.16673955912269728
15478,4,0,0.17766894023084348
15479,3,0,0.11408016235564164
15480,2,1,0.33732917457943046
15481,5,0,0.09006030635516467
15482,3,1,0.19737211849593841
15483,3,0,0.10250733019403646
15484,2,0,0.14331419418906335
15485,1,0,0.7511541100873654
15486,5,0,0.08512189167931336
15487,2,0,0.1413565711524591
15488,2,0,0.15615020818251946
15489,2,0,0.28743549757635234
15490,4,0,0.16760293365073392
15491,1,0,0.12866269309866454
15492,5,0,0.11805038744410926
15493,3,0,0.15595464977555817
15494,2,0,0.12094360889614518
15495,2,0,0.05347296336995578
15496,2,0,0.16962836681344926
15497,5,0,0.14553429384006236
15498,1,0,0.10714292759012718
15499,4,0,0.12255945707165739
15500,5,0,0.1092007332898216
15501,2,0,0.08801111484648322
15502,3,0,0.2256413309716182
15503,2,0,0.12211917043589533
15504,4,0,0.10555167780974237
15505,1,0,0.10339694867889321
15506,1,0,0.2567274694507015
15507,5,0,0.19166268567277048
15508,1,0,0.13471433266568156
15509,4,0,0.25502950608376584
15510,3,1,0.8343629109189703
15511,2,0,0.15786284999733552
15512,4,0,0.1648222973643898
15513,3,0,0.13785694046394226
15514,5,0,0.06837900422310257
15515,5,0,0.28870612145021035
15516,4,0,0.16687033606502344
15517,2,0,0.10590444045036237
15518,2,1,0.6253199184634262
15519,3,0,0.12876509034239103
15520,1,0,0.08593398128211738
15521,4,0,0.12824764889855897
15522,4,0,0.1122787243022905
15523,1,0,0.2851640664933838
15524,2,1,0.5474128017735207
15525,5,0,0.15476834791324035
15526,5,0,0.10543209664444066
15527,2,1,0.11891421394534267
15528,2,0,0.10295146277471144
15529,1,0,0.0655896944709795
15530,2,0,0.3120965875860561
15531,3,0,0.07645329433031818
15532,3,0,0.13708850509578244
15533,2,0,0.13855688354927287
15534,2,0,0.1424892570427783
15535,2,0,0.11582762812048247
15536,5,1,0.6375645310222888
15537,3,1,0.13826279596157576
15538,1,0,0.34031158272545947
15539,1,0,0.139688034086001
15540,2,0,0.13548095252831727
15541,3,0,0.1649130284127831
15542,1,0,0.14310273586678754
15543,1,0,0.6046436151022169
15544,5,0,0.10623164633542552
15545,5,0,0.19592187437198014
15546,2,0,0.08006434367487034
15547,2,1,0.8624694967788396
15548,5,1,0.6575297997542937
15549,2,0,0.1220245988065326
15550,1,0,0.09665226642665833
15551,4,0,0.17379375285271312
15552,4,0,0.18008796525626386
15553,1,0,0.09296381464518205
15554,5,0,0.5703544886866543
15555,1,1,0.07221833621368276
15556,1,0,0.24428493991209643
15557,4,1,0.665978276063162
15558,4,0,0.10480381102740406
15559,4,1,0.7084697051601702
15560,5,1,0.1632246516602331
15561,5,0,0.15449076411929297
15562,5,0,0.061541280489195924
15563,5,0,0.11452997806787453
15564,4,0,0.1333249856856128
15565,3,0,0.0758050170372503
15566,2,0,0.2935645739999193
15567,4,0,0.1327379759279229
15568,4,0,0.11380574248515396
15569,1,0,0.14746680270343443
15570,3,0,0.11028666610074903
15571,2,0,0.15487598284206985
15572,4,0,0.1348521852035479
15573,3,0,0.12694693054264677
15574,2,0,0.2117092964940828
15575,2,1,0.32755852846669
15576,2,0,0.16210888528487405
15577,4,0,0.09804692198985597
15578,3,0,0.16109267830390286
15579,4,0,0.35891587756926424
15580,5,0,0.605248747732541
15581,5,0,0.23360351379259772
15582,2,0,0.21364653919866233
15583,5,1,0.5375822689489742
15584,4,0,0.24768410999835744
15585,5,0,0.24859754766702735
15586,4,0,0.6623355733081434
15587,4,0,0.15077805595848257
15588,4,0,0.25895626534719285
15589,4,0,0.11294970114029536
15590,4,0,0.14502312126154202
15591,5,0,0.08702495181357031
15592,2,0,0.12281207399263684
15593,2,1,0.13004686617527655
15594,2,0,0.14319202859804342
15595,5,0,0.13989862442282547
15596,1,0,0.74610343746899
15597,2,1,0.18282798660657604
15598,3,0,0.12472498497880115
15599,4,1,0.3546754980978477
15600,1,0,0.7840662405011014
15601,4,0,0.31297603709059457
15602,3,0,0.1566270691693914
15603,1,0,0.11582303346394311
15604,5,1,0.39676356519738065
15605,5,0,0.09225688610404503
15606,3,0,0.24232932540897525
15607,2,0,0.08708824098487669
15608,5,0,0.1088368092626716
15609,5,0,0.12251873344059266
15610,2,0,0.11159991532357545
15611,5,0,0.0896870044924167
15612,3,0,0.21442656438767366
15613,5,0,0.12945785000179547
15614,1,1,0.17803978919444827
15615,3,0,0.08582409116849743
15616,3,0,0.08487934726644718
15617,2,0,0.3493037437873621
15618,1,0,0.03872734767015987
15619,5,1,0.17385934535884795
15620,2,0,0.06206404661035081
15621,2,0,0.22799682408754696
15622,2,0,0.13596174113847181
15623,1,0,0.07340331311951641
15624,5,0,0.11799681392440273
15625,4,0,0.2093532682504547
15626,1,0,0.11470173335425789
15627,2,1,0.8428775450977001
15628,2,1,0.7277033568663406
15629,1,0,0.21256048345679066
15630,1,0,0.16549235461474598
15631,2,0,0.18863944374361571
15632,2,0,0.19742664836660356
15633,5,0,0.1447603378549754
15634,1,0,0.1338951485351877
15635,1,0,0.18551351427837107
15636,1,0,0.367235286774108
15637,5,0,0.1338183983527931
15638,3,0,0.06998538596259465
15639,4,0,0.16293975913363026
15640,3,0,0.22161783677155775
15641,3,0,0.14108824632173986
15642,1,0,0.11092138319571235
15643,5,0,0.1894688830848229
15644,3,0,0.09629606143986748
15645,5,0,0.19887878052022506
15646,5,0,0.10664463594642402
15647,4,0,0.10768834046718949
15648,1,0,0.27300462763836486
15649,1,0,0.13116088627667355
15650,3,0,0.08457420774783779
15651,1,0,0.081171758171389
15652,3,1,0.9143088950299456
15653,2,0,0.13781401203983296
15654,2,1,0.49488989933125904
15655,2,0,0.1488387082666679
15656,1,0,0.15322044513022143
15657,3,0,0.22992128301326423
15658,3,0,0.21428821161637007
15659,5,1,0.1726662135851384
15660,5,1,0.4870531926073381
15661,1,0,0.10893469319544048
15662,2,0,0.06015946512772911
15663,1,0,0.12774389502835137
15664,5,1,0.5503001663733487
15665,5,0,0.09830833487125167
15666,1,0,0.3966100540123524
15667,1,0,0.8380470477808757
15668,1,1,0.08645685826153869
15669,4,1,0.1290101384634248
15670,4,0,0.1783874410918836
15671,4,0,0.13454802562547466
15672,5,1,0.6461506162139311
15673,1,0,0.11617694487616179
15674,4,1,0.6921278010664208
15675,2,1,0.7064011542619109
15676,4,1,0.1314666430728151
15677,5,0,0.1762104015111364
15678,3,0,0.09477077392033381
15679,5,1,0.34106750497521415
15680,3,0,0.0648565577148701
15681,4,1,0.2325132437448604
15682,1,0,0.0925912565233983
15683,5,0,0.11647325339953599
15684,3,0,0.04789163287239843
15685,4,0,0.11781951103233167
15686,1,1,0.15435259854925956
15687,1,0,0.2181920321861961
15688,4,0,0.10068120562955478
15689,3,0,0.13598770696928214
15690,1,0,0.13972017520631488
15691,1,0,0.0841155544853449
15692,4,0,0.11136723892959123
15693,4,0,0.1885669016175654
15694,2,0,0.034597675942938
15695,4,0,0.1426780509364907
15696,5,0,0.10805889949257079
15697,4,0,0.10672515517150022
15698,1,1,0.49363069038263657
15699,3,0,0.1539713048845678
15700,1,1,0.7726506035231998
15701,5,0,0.10184786696621576
15702,5,0,0.0908056450664995
15703,1,1,0.2913917952482962
15704,3,0,0.17509952151164535
15705,4,1,0.24993453963319817
15706,1,0,0.2470575410598842
15707,2,0,0.05031673651652054
15708,5,1,0.1029121691280574
15709,2,0,0.08428770116070897
15710,1,1,0.15710250265686906
15711,4,0,0.16671659019612078
15712,5,0,0.2397036838373762
15713,4,1,0.19793541592905428
15714,1,1,0.4178009549417025
15715,2,0,0.19190645794571784
15716,5,0,0.12881930133897668
15717,1,0,0.20565984877112967
15718,4,0,0.10850394434109163
15719,5,0,0.0929992891816188
15720,1,0,0.14938976771607151
15721,5,0,0.09802708617266546
15722,2,0,0.1377676206328065
15723,2,1,0.12516171293107445
15724,1,0,0.09822845880553813
15725,1,0,0.09034384948945663
15726,5,0,0.13547302466080402
15727,2,1,0.8929940868615633
15728,2,0,0.13345641786010076
15729,5,0,0.7931742131471606
15730,1,1,0.3192155630279323
15731,3,0,0.07069461279494323
15732,5,0,0.3275149740886487
15733,1,1,0.33917126366222533
15734,4,0,0.07915989322640425
15735,5,0,0.13918882472328573
15736,2,1,0.7987809456160597
15737,5,0,0.08484765580082236
15738,5,0,0.14707833795232916
15739,2,1,0.8864295700547657
15740,2,1,0.18734944447497237
15741,4,0,0.14384619257537531
15742,1,0,0.11870313398538757
15743,1,0,0.11672470814822519
15744,2,0,0.15059193825827524
15745,3,0,0.13334579393243565
15746,3,0,0.1833870022305672
15747,5,0,0.12327992308872708
15748,4,0,0.12385722378538846
15749,2,0,0.3104794052968141
15750,5,0,0.10460073468524811
15751,1,1,0.17738716689998218
15752,1,0,0.12119086722299689
15753,4,1,0.14054457192036962
15754,4,0,0.1309974565259457
15755,1,0,0.1825912479105535
15756,1,0,0.14686202611078203
15757,2,0,0.11716997236542957
15758,5,0,0.14436776255625025
15759,1,1,0.29599600055163533
15760,2,0,0.18377893016417216
15761,2,0,0.3889232763826003
15762,5,0,0.1817264456061381
15763,5,0,0.12960585098243943
15764,2,1,0.8382045620693357
15765,3,0,0.12411103301833283
15766,3,0,0.19329771692772063
15767,3,1,0.83532018779619
15768,2,0,0.0847740001982581
15769,1,0,0.7030654473242148
15770,3,0,0.12904321397482407
15771,1,0,0.2331938346887887
15772,4,0,0.11404553127573784
15773,2,0,0.12010732439121224
15774,5,0,0.09192732617970079
15775,2,0,0.0899441608404323
15776,3,0,0.2809087048777225
15777,3,0,0.2804432921607467
15778,4,0,0.08465985267151883
15779,2,0,0.2798792498445173
15780,2,0,0.25456291035106826
15781,4,0,0.06727101890746277
15782,2,0,0.0987282895755333
15783,1,1,0.7680410709330114
15784,1,0,0.3134686067961725
15785,1,1,0.10797316648903799
15786,3,0,0.21798915778555533
15787,5,0,0.2148803245787876
15788,4,1,0.3125880331435992
15789,1,1,0.5338171641339114
15790,4,0,0.11833929615014357
15791,4,0,0.17152285088193378
15792,5,0,0.14161484781880418
15793,3,1,0.16359792493136355
15794,4,1,0.1691523925631218
15795,1,0,0.18678515055446054
15796,2,0,0.12627654169290403
15797,2,0,0.07313822790332644
15798,5,0,0.13955951461036956
15799,3,0,0.33481055953882044
15800,3,1,0.32090226186275234
15801,4,1,0.4122159384464257
15802,5,0,0.14711704046680038
15803,2,0,0.20169030020537682
15804,4,0,0.09008240361554508
15805,5,1,0.609524765366389
15806,3,0,0.24475581828390933
15807,5,0,0.17423411722037005
15808,4,0,0.10457076551385686
15809,2,0,0.12783286546705905
15810,2,1,0.6209212176485326
15811,4,0,0.07518995767101602
15812,3,1,0.1710503448959731
15813,5,0,0.098287446585421
15814,5,0,0.720384441943299
15815,5,1,0.10047687420293043
15816,3,0,0.0943548049315653
15817,5,0,0.10121376398692605
15818,1,0,0.1683771352079829
15819,4,1,0.17104814921370326
15820,1,0,0.14039605349281994
15821,4,0,0.14102502021199984
15822,2,0,0.5189815081276854
15823,4,1,0.5237459093826434
15824,1,0,0.0788700881792251
15825,5,0,0.07144401018023176
15826,2,0,0.06929422982701115
15827,4,1,0.6953916574007076
15828,5,1,0.13462975224593818
15829,1,0,0.07467998157164243
15830,5,0,0.11754400270350654
15831,4,0,0.10300296953904695
15832,3,0,0.17361931388023247
15833,3,1,0.19737866617255517
15834,3,0,0.16481587406239376
15835,5,0,0.10126410883854702
15836,4,0,0.09916543503904998
15837,4,0,0.10963818665116515
15838,3,0,0.3893201942382913
15839,5,0,0.08978359241754745
15840,5,0,0.28571273668778824
15841,2,0,0.2468248515128568
15842,5,0,0.8023373705609685
15843,4,0,0.21570021019623634
15844,4,0,0.24253981107115716
15845,5,0,0.15176928401290787
15846,2,0,0.23791814532632902
15847,1,0,0.16535935688236025
15848,3,0,0.2856586711284205
15849,1,0,0.18428392611204542
15850,5,0,0.04727128999596821
15851,3,1,0.7512998831404047
15852,3,0,0.5986771723797093
15853,5,0,0.11997222233697087
15854,3,0,0.11536829208584465
15855,5,0,0.14164419779491524
15856,3,1,0.13416033044115439
15857,1,1,0.6005741544892862
15858,4,0,0.0739788072973066
15859,2,0,0.12976515495266353
15860,1,0,0.28899307239016425
15861,2,0,0.0630519793153928
15862,1,0,0.1482220006691152
15863,5,1,0.1260495474607076
15864,5,0,0.10858313002547358
15865,1,0,0.22954987575460828
15866,1,1,0.1280990891142059
15867,2,0,0.07164731540283646
15868,3,1,0.1763980622155444
15869,1,0,0.11717212503587186
15870,4,0,0.1389024918217584
15871,1,0,0.041387030983385455
15872,1,0,0.0988830418912194
15873,3,1,0.3338196424936234
15874,1,0,0.12442212441620343
15875,2,0,0.13470514694559527
15876,1,0,0.14830309036283762
15877,1,0,0.10549373312294803
15878,2,0,0.1699706392278154
15879,1,0,0.574229074661062
15880,4,1,0.262284031501203
15881,1,0,0.11678557095008178
15882,2,0,0.07052241491700648
15883,5,0,0.09304324183873702
15884,4,0,0.1146427172124911
15885,3,1,0.16557931468692808
15886,1,0,0.07510326614662487
15887,2,0,0.07249158811779555
15888,3,0,0.14542511565419375
15889,4,0,0.06215079841377778
15890,4,1,0.1684214893702771
15891,3,1,0.24511830558175318
15892,2,0,0.061166553801901516
15893,4,0,0.09329532120827679
15894,3,1,0.30449267344484215
15895,5,0,0.1037650881771913
15896,5,0,0.09302678333261595
15897,2,0,0.14220406087435222
15898,5,0,0.3204971535396738
15899,3,1,0.14168691489896998
15900,4,0,0.2011347865296543
15901,5,0,0.8404584724373856
15902,1,0,0.319478369750207
15903,4,0,0.1349296939332772
15904,3,0,0.10780564525315546
15905,2,0,0.1396513664248182
15906,4,0,0.04974838238479701
15907,5,0,0.11581003689254996
15908,2,0,0.12773595829683643
15909,2,0,0.156205816347658
15910,3,0,0.1978682498485595
15911,1,0,0.1152197901786904
15912,4,1,0.46170035444372376
15913,4,0,0.09117434644608186
15914,1,0,0.14582256367754098
15915,3,1,0.12395221994516573
15916,1,0,0.22984858034523226
15917,2,0,0.07773666896213255
15918,5,0,0.036513303702269115
15919,2,0,0.24905224435867024
15920,2,0,0.1969538812871754
15921,2,1,0.7726894481013051
15922,2,0,0.17002693565764795
15923,1,1,0.3000280622901448
15924,4,0,0.08279575681479748
15925,5,0,0.12869709548718522
15926,5,1,0.6614516866352066
15927,1,0,0.09952794387142987
15928,4,0,0.08283499132165298
15929,5,0,0.2012150384946248
15930,3,0,0.1410245214405369
15931,1,1,0.12959044113612692
15932,3,0,0.5044072750298108
15933,2,0,0.1250361720682389
15934,4,0,0.15911603414641576
15935,2,1,0.820585751838222
15936,3,1,0.13707818075060166
15937,2,0,0.03382167140819795
15938,1,1,0.7787330822965574
15939,4,0,0.11383151017769988
15940,3,0,0.5487877808300546
15941,4,0,0.12713189895324778
15942,3,0,0.13532637922550836
15943,3,0,0.3325785626308932
15944,4,0,0.1711376554460687
15945,2,0,0.05584104177394792
15946,5,0,0.16689094165608243
15947,5,0,0.16274231114360377
15948,5,0,0.06632930524186084
15949,5,1,0.3198644540349715
15950,3,1,0.7749648868628741
15951,3,0,0.15442817777554466
15952,4,0,0.22856188212851675
15953,1,1,0.19245821564357635
15954,4,0,0.09089262582247544
15955,5,0,0.1466918596361748
15956,1,1,0.2868690599249447
15957,2,0,0.16439284254961847
15958,2,0,0.6822938091228368
15959,5,0,0.30879169702926185
15960,4,0,0.17948817613601675
15961,2,0,0.04749284384481724
15962,5,0,0.12655637737424577
15963,3,1,0.8054697805097545
15964,1,0,0.5328971406374484
15965,1,0,0.13157120513588316
15966,4,0,0.1217754998004768
15967,2,0,0.1062793676956386
15968,1,0,0.7746922305284147
15969,5,0,0.07616564012110968
15970,3,0,0.14517355286619862
15971,3,1,0.8179038901232651
15972,5,0,0.36717064513699976
15973,3,0,0.7597885925147192
15974,1,0,0.07156923123809719
15975,2,0,0.19365965588333697
15976,3,0,0.12177366353032716
15977,1,0,0.09995758525492482
15978,3,0,0.10462519815369832
15979,3,0,0.13389767347900416
15980,5,1,0.14952151545836526
15981,4,0,0.10591032191672828
15982,5,0,0.08525389878924328
15983,4,0,0.2545269920808901
15984,3,1,0.19792407358172917
15985,5,0,0.09852854605091868
15986,4,0,0.058623854356241525
15987,1,0,0.16095921295497265
15988,5,0,0.7348392341078753
15989,4,0,0.4307045016363148
15990,3,0,0.11871482284800905
15991,3,1,0.5072963632357647
15992,4,0,0.09645364162090173
15993,3,0,0.1462699583080196
15994,3,0,0.11893789590736513
15995,1,0,0.14832089766524806
15996,2,0,0.14785042051561043
15997,1,0,0.04153132510598732
15998,4,1,0.8819471124352859
15999,3,1,0.12223988196040879
16000,2,0,0.09114029681649811
16001,5,0,0.12094858843619026
16002,3,0,0.30622554042373484
16003,2,0,0.15629185390484462
16004,2,0,0.14883650621194786
16005,1,0,0.17269686694646266
16006,2,1,0.5497143496709259
16007,1,0,0.3302853962782861
16008,3,1,0.6063860254239509
16009,5,0,0.07875451757645355
16010,2,1,0.8515175785569428
16011,4,1,0.491724232075627
16012,5,0,0.11167958493470809
16013,4,0,0.0679704218765452
16014,3,0,0.2508141974058237
16015,5,0,0.13864881842874546
16016,2,1,0.3579895368603353
16017,4,0,0.10095456540648022
16018,2,1,0.11687977371804752
16019,3,0,0.11958015806660993
16020,1,0,0.14003802749755254
16021,2,0,0.10724854243277772
16022,4,0,0.12670250936284652
16023,3,0,0.07376806027057498
16024,4,0,0.24762547816645347
16025,2,0,0.1244529790686506
16026,1,0,0.22772297917966836
16027,5,0,0.24498809083865375
16028,2,0,0.10156793219462618
16029,4,1,0.11961018052127718
16030,2,0,0.8154453810730201
16031,3,0,0.14680667826263266
16032,1,0,0.11450792815991293
16033,4,1,0.11749786428043635
16034,5,0,0.2254749737093093
16035,3,1,0.31210905921984283
16036,5,1,0.3654470769227014
16037,4,0,0.13675316223835488
16038,1,0,0.2397699115506843
16039,2,0,0.10577289977309794
16040,5,0,0.12439844130905783
16041,1,0,0.059766218760486906
16042,4,0,0.1298072167218276
16043,3,1,0.24580090058509294
16044,3,0,0.2091421336005333
16045,1,0,0.08162590893425357
16046,3,0,0.25011508398023696
16047,1,0,0.0686380348861938
16048,5,1,0.1185763321041855
16049,4,1,0.14009755173891641
16050,3,1,0.13528717886520378
16051,3,0,0.072879726824566
16052,3,1,0.12847061341101085
16053,5,0,0.19246431313369783
16054,4,0,0.13714755460989578
16055,4,0,0.10338720416015214
16056,1,0,0.20797550984735252
16057,2,0,0.2879810449756473
16058,3,0,0.09331098496021678
16059,3,0,0.1354232947814202
16060,1,0,0.3108557815087252
16061,2,0,0.2517053364592804
16062,5,1,0.33022260098621486
16063,5,1,0.26619477614188297
16064,5,0,0.07805124506390328
16065,3,0,0.19937639530581877
16066,2,0,0.14222724561729716
16067,2,0,0.15938028756114783
16068,5,0,0.10712831667302113
16069,3,1,0.41878433141449656
16070,1,0,0.1728185350813887
16071,2,1,0.5858581126633462
16072,4,0,0.45173505473809267
16073,2,0,0.21034745929936643
16074,4,0,0.12099745544387026
16075,3,1,0.4019122808740249
16076,3,0,0.11358318292719637
16077,1,0,0.4567328679211629
16078,3,0,0.096532456315382
16079,5,0,0.1259719133284688
16080,2,0,0.5348987645246579
16081,3,0,0.1334671629164988
16082,5,0,0.11714982950093344
16083,4,1,0.4298390242377965
16084,2,0,0.08275975628960502
16085,2,0,0.10930928636492558
16086,4,0,0.4577370689171854
16087,1,0,0.114098702662956
16088,4,0,0.6038849716402168
16089,3,1,0.10242111095892174
16090,1,1,0.8105338530278945
16091,1,0,0.16124175230771384
16092,1,0,0.18312205708350665
16093,1,0,0.1364676759671714
16094,2,0,0.5538795514434912
16095,4,0,0.44803054343473997
16096,5,0,0.09864762289772898
16097,3,0,0.11008188728969058
16098,1,0,0.08557899928365177
16099,2,0,0.12978870171397722
16100,3,0,0.15982774729742638
16101,2,1,0.8683445061343853
16102,1,0,0.1030067687794269
16103,1,0,0.1455238755875445
16104,1,1,0.7190566796960353
16105,3,0,0.11879642431537926
16106,4,0,0.0959177676528935
16107,3,0,0.14231296042818392
16108,5,0,0.24601758295503048
16109,4,0,0.12846372684345952
16110,5,0,0.0942530784220346
16111,4,0,0.18032652246595152
16112,5,1,0.8374012349437624
16113,5,0,0.13655667375770694
16114,1,0,0.08159226952879865
16115,2,0,0.6963338456308935
16116,1,0,0.14576259333493172
16117,3,0,0.11478950420858608
16118,2,0,0.06524680401960574
16119,4,0,0.09826353793887589
16120,3,1,0.2842604654437957
16121,4,0,0.194935499922629
16122,3,0,0.05604097266018299
16123,5,1,0.569503883542521
16124,3,0,0.14531588214765917
16125,3,0,0.1330217747540309
16126,4,0,0.2140504640590062
16127,2,1,0.19531821253959153
16128,4,0,0.07638653229135317
16129,5,0,0.1944767627380979
16130,4,1,0.5788063341148887
16131,3,0,0.12354068293310334
16132,2,0,0.1172994510474425
16133,5,0,0.07079564826134338
16134,2,0,0.09726924844389419
16135,4,0,0.09119712615717843
16136,2,0,0.09141339846074353
16137,3,0,0.05851084138124613
16138,4,0,0.12074149831968915
16139,5,1,0.18544072019977212
16140,4,0,0.6533775868464248
16141,4,0,0.2030803085035967
16142,4,0,0.08432938621473093
16143,5,0,0.11870164666245335
16144,1,0,0.0635631666561978
16145,5,0,0.1278302023156239
16146,1,0,0.11322071407540867
16147,2,0,0.1679325044136286
16148,5,0,0.09119087413709089
16149,4,0,0.1813181605870365
16150,3,0,0.11496969547819368
16151,5,0,0.19461227647988974
16152,1,1,0.20963778015368073
16153,3,0,0.09281941273654716
16154,4,0,0.20228513747470547
16155,2,1,0.6696035408400831
16156,1,0,0.27857045088617577
16157,3,0,0.4483883454586217
16158,1,1,0.6455532111612444
16159,3,0,0.3270157129763269
16160,3,0,0.1283864754362437
16161,1,0,0.39958289185447743
16162,3,0,0.0512384305955424
16163,4,1,0.7761144238822696
16164,1,0,0.16540640718235
16165,2,0,0.06945013384928773
16166,2,0,0.2097721899492387
16167,2,0,0.10496401302993942
16168,3,0,0.13565404645062878
16169,2,1,0.13591070582753517
16170,4,0,0.10797159424628731
16171,1,0,0.13130807210437836
16172,4,1,0.0922961902468535
16173,3,0,0.10425371787572847
16174,4,0,0.20231342267172925
16175,3,0,0.10953921055167667
16176,3,1,0.1112381831960741
16177,3,1,0.23874914846234355
16178,2,1,0.4218031229641899
16179,3,0,0.7080928162404351
16180,1,1,0.8476789920392392
16181,2,1,0.27578378750827487
16182,1,1,0.8886727110670524
16183,3,0,0.0794076910120724
16184,1,1,0.6740324609474674
16185,5,0,0.772205337459155
16186,4,0,0.10657841904624045
16187,5,1,0.11286717545450027
16188,1,0,0.144790630795804
16189,1,1,0.36641378146363135
16190,1,0,0.3813154263340555
16191,3,1,0.8598149241228475
16192,3,0,0.28507906254486426
16193,5,0,0.18215180367425937
16194,3,0,0.10642699303906829
16195,2,1,0.4878044216338834
16196,3,0,0.5923610740334678
16197,2,0,0.16148539983455287
16198,1,1,0.2549001563647392
16199,3,1,0.3061231369762119
16200,2,0,0.10803274339335303
16201,1,0,0.0779976965481221
16202,5,1,0.1498874888981521
16203,5,1,0.7713280340426973
16204,3,0,0.28572434717553896
16205,5,0,0.08687438626312878
16206,3,0,0.10820800379742178
16207,4,1,0.4960984747632166
16208,4,0,0.08509371405015426
16209,4,0,0.18196477878760586
16210,3,0,0.0664696240249359
16211,4,0,0.05356486614088747
16212,5,0,0.189062191707142
16213,5,0,0.05104597603828931
16214,3,0,0.14241100456226133
16215,2,0,0.13048287263186722
16216,5,1,0.22131578609855687
16217,2,0,0.08264968173819219
16218,2,0,0.06825739555542247
16219,4,0,0.05205177401535643
16220,5,1,0.4102756747251226
16221,2,0,0.8451406605813128
16222,1,0,0.1579127057595736
16223,3,0,0.03300731548179436
16224,5,0,0.12508454868019317
16225,3,0,0.2227474861392371
16226,5,0,0.1526683901389347
16227,4,1,0.3600675121045787
16228,4,0,0.12472780025945263
16229,5,0,0.08414086143373774
16230,4,0,0.3417940713200888
16231,5,0,0.1388126842977045
16232,4,1,0.7262707458847257
16233,2,0,0.09901705878372286
16234,5,0,0.279076933525511
16235,1,0,0.08037047394713624
16236,5,1,0.06179630173228623
16237,5,0,0.13035485868456412
16238,5,1,0.5383162436705435
16239,2,0,0.09163081532229267
16240,1,0,0.11608351540679514
16241,3,0,0.16435886447966233
16242,1,0,0.11544220962191835
16243,3,0,0.08338713199708163
16244,5,0,0.05510292595355945
16245,5,0,0.11661845720180841
16246,3,1,0.596338667408024
16247,2,0,0.06260969153934734
16248,4,1,0.690233247797913
16249,1,0,0.08164586637263524
16250,2,0,0.14027440706554598
16251,4,0,0.8216867546607004
16252,2,0,0.08016961560417149
16253,3,0,0.05752642260248193
16254,5,0,0.12009407667167173
16255,3,0,0.3077960834573743
16256,2,1,0.6388448386709874
16257,1,0,0.17927848168733465
16258,1,0,0.11041386130774979
16259,2,0,0.17090723665273103
16260,4,0,0.753041389287897
16261,3,0,0.11650478205842861
16262,2,0,0.13517397928400518
16263,2,0,0.14271429380310643
16264,2,0,0.08250468479164956
16265,3,0,0.28239357927227415
16266,1,0,0.14366625827487525
16267,1,1,0.3191176265365516
16268,4,0,0.10233070834488284
16269,4,0,0.09859755585531689
16270,4,0,0.638733741937665
16271,2,0,0.237834205840517
16272,5,0,0.08259799781739498
16273,2,1,0.3538072766680353
16274,3,0,0.1498717519031749
16275,3,0,0.07070802496198769
16276,5,0,0.09032085181481217
16277,5,0,0.3102376640596878
16278,2,1,0.2723037793562572
16279,3,0,0.19195094516563027
16280,2,1,0.49305024893861527
16281,1,0,0.10363275288270977
16282,4,0,0.6944506198346833
16283,3,1,0.8362317121064067
16284,1,0,0.16172880084135394
16285,3,0,0.10077038779023086
16286,1,0,0.15179252340668506
16287,5,0,0.09305298350550381
16288,4,1,0.605404091890929
16289,1,0,0.15892293711652547
16290,3,0,0.1125915489871253
16291,2,0,0.09616783386388421
16292,4,0,0.15989701482782398
16293,4,0,0.31781896880790106
16294,2,0,0.8494976948816758
16295,1,0,0.12690376908572984
16296,1,0,0.09503813099276083
16297,4,0,0.18074724025729993
16298,1,0,0.057992007759517766
16299,3,1,0.5433641506904713
16300,5,0,0.11465479440756307
16301,5,1,0.6400735009865284
16302,3,0,0.018601631422520436
16303,1,0,0.19347900398323034
16304,4,0,0.12808327230887256
16305,4,1,0.17427609611099432
16306,2,0,0.04325966429551395
16307,5,0,0.1963853450265227
16308,4,0,0.08291532824050532
16309,3,0,0.37235797765539336
16310,3,0,0.08150208020190751
16311,1,1,0.8120486003132402
16312,2,0,0.34533083047940455
16313,1,0,0.28731992459262756
16314,3,0,0.1160283197903532
16315,5,0,0.11669567261371513
16316,4,0,0.20105949383305505
16317,5,0,0.08062007389731894
16318,4,0,0.3473886045362524
16319,1,0,0.08110007753710279
16320,4,0,0.17598393252885017
16321,1,0,0.5572206960661407
16322,5,0,0.11338663770255758
16323,3,0,0.12289949643447
16324,1,0,0.21421675893223055
16325,1,0,0.09885665421343964
16326,3,0,0.164720152802686
16327,2,0,0.07955204169519033
16328,3,0,0.11755246916200818
16329,1,0,0.33393579408783647
16330,2,0,0.09440258799809458
16331,3,0,0.834250530870106
16332,1,0,0.0474620227886456
16333,3,0,0.1184061731887135
16334,1,0,0.043196474499151934
16335,3,0,0.06112773021197897
16336,3,0,0.18523946164740349
16337,4,0,0.3552923382972928
16338,4,0,0.13823951965888956
16339,3,0,0.0876624160066533
16340,3,0,0.1319556819235364
16341,2,0,0.12172865981133703
16342,2,0,0.09339079265079324
16343,4,0,0.24242783970716425
16344,4,0,0.08776343343314397
16345,3,0,0.2781201869414337
16346,5,0,0.11498227996179548
16347,5,0,0.13354596126020232
16348,3,0,0.16629938175962913
16349,5,0,0.6731325834680719
16350,3,0,0.1362562701322626
16351,1,0,0.15825303118919012
16352,4,0,0.22912068336451497
16353,1,0,0.13044046355485758
16354,2,1,0.15050969089559652
16355,2,0,0.10339340138453837
16356,4,0,0.1736718257423315
16357,2,0,0.14488063907632293
16358,3,1,0.17791526966675886
16359,1,0,0.18800816043202728
16360,5,0,0.11513149608699604
16361,3,0,0.10596505491674423
16362,1,0,0.12871165513084024
16363,5,0,0.12080319751398258
16364,5,0,0.05630659791666903
16365,4,0,0.13158879617727298
16366,4,0,0.1959320910262895
16367,2,0,0.18515579290409626
16368,2,0,0.12815642928495394
16369,1,1,0.12190890741324127
16370,2,1,0.44340071466408787
16371,3,1,0.47394392259715296
16372,1,0,0.10622676759299922
16373,1,0,0.13758488366169247
16374,1,0,0.11986380230232467
16375,2,0,0.7150090518494229
16376,3,1,0.22865805643814807
16377,1,0,0.13653128775655957
16378,4,0,0.08728770194913178
16379,2,0,0.09838896398604365
16380,1,0,0.0769706629268702
16381,3,0,0.1640032806130738
16382,1,1,0.19592319249073914
16383,5,0,0.05709144146425364
16384,4,0,0.08112476731627617
16385,1,0,0.06732399301227415
16386,2,1,0.7717034401549258
16387,5,0,0.09536039714464233
16388,3,0,0.07399116427779392
16389,1,0,0.1907093042351008
16390,4,0,0.14591062860840562
16391,1,0,0.11000823992281279
16392,3,0,0.12597624874094226
16393,4,0,0.13200828466063833
16394,4,1,0.13504639859454826
16395,3,1,0.2703366629155553
16396,3,0,0.11792594304570272
16397,5,0,0.15194102893285352
16398,5,0,0.8311559883345061
16399,4,0,0.08798033716292607
16400,5,0,0.11494898884881204
16401,2,0,0.1188857016689329
16402,5,0,0.09645338544750737
16403,2,0,0.09053690638118553
16404,1,0,0.5114594407989732
16405,2,0,0.12666856063803505
16406,5,0,0.09911439467431382
16407,5,0,0.10338380285758572
16408,5,1,0.23067271859435098
16409,2,0,0.10857486239266632
16410,1,0,0.12687481466788456
16411,5,0,0.0588128469571358
16412,3,0,0.11958763266763515
16413,2,0,0.18984739705684814
16414,2,0,0.3841043175552881
16415,4,0,0.1782241755611808
16416,3,0,0.10580091003722819
16417,4,0,0.062182088637401656
16418,1,0,0.07694703053896479
16419,2,0,0.26045631957679527
16420,3,0,0.19414745450606652
16421,4,0,0.08287830590911566
16422,4,0,0.09109184693680784
16423,3,0,0.16148532729783968
16424,5,0,0.08831526468012114
16425,3,0,0.14009312811418326
16426,1,0,0.14334062509506157
16427,1,0,0.108113660789079
16428,5,0,0.05290963425915668
16429,3,0,0.14867287822099515
16430,3,0,0.07653700279781388
16431,2,0,0.2247710997627768
16432,2,0,0.1380885906217094
16433,5,0,0.22798958510247086
16434,4,0,0.17030465891873434
16435,2,0,0.05044608779349728
16436,1,0,0.0972325897635315
16437,1,1,0.6721631060314894
16438,1,1,0.1526892503497095
16439,2,1,0.1556721693607954
16440,1,0,0.17211316777851907
16441,4,0,0.1145443247331199
16442,1,0,0.22835343013182977
16443,2,0,0.14181697284280498
16444,3,1,0.10331639026513162
16445,5,0,0.06675783239876988
16446,2,0,0.15730354904549862
16447,3,0,0.08974512090941923
16448,5,1,0.29810578185588
16449,5,0,0.09862256197698635
16450,1,1,0.08214813890984891
16451,4,0,0.32038816771460166
16452,3,1,0.8157360827250413
16453,2,0,0.18147114082548332
16454,1,0,0.26584801061710195
16455,2,0,0.14323083821511387
16456,3,0,0.2957827029106207
16457,1,1,0.3699407334711128
16458,3,0,0.4719799762896356
16459,4,1,0.3908742247207001
16460,5,0,0.15061248755262746
16461,2,0,0.17932155943239486
16462,3,0,0.20276074227842766
16463,5,0,0.5337538656459593
16464,3,0,0.12620218606038683
16465,2,0,0.10725712374708614
16466,5,0,0.16080615868280007
16467,5,0,0.14627103883365472
16468,5,0,0.13987627014969284
16469,5,0,0.1824249333168546
16470,2,0,0.20214959211350786
16471,5,0,0.22984069392550058
16472,4,0,0.08267504555820454
16473,5,0,0.07440859730878545
16474,4,0,0.13544077411130256
16475,2,0,0.21140488152527714
16476,3,0,0.11172528934969765
16477,3,0,0.13806833095138937
16478,3,0,0.1920646698625379
16479,1,0,0.2450632262570605
16480,2,0,0.08707271981016583
16481,1,1,0.46634167089192535
16482,2,0,0.07461843581067414
16483,1,0,0.2017571864363877
16484,2,0,0.10090183372146745
16485,3,0,0.06958304471433775
16486,4,0,0.09941604141221368
16487,3,0,0.11127040580429144
16488,3,1,0.2862852645558288
16489,1,0,0.11345080507476192
16490,3,0,0.13070754118727465
16491,3,0,0.1029171514268545
16492,2,0,0.10852419461675937
16493,4,0,0.4090486561469465
16494,5,0,0.30969899918177024
16495,2,0,0.13308253991534622
16496,1,0,0.11639828555693038
16497,2,0,0.10983080397360483
16498,4,0,0.3886592189330245
16499,2,0,0.10854101558099467
16500,3,0,0.10890688419598177
16501,2,0,0.1523218905094022
16502,1,0,0.11528491192846069
16503,1,0,0.102672119819364
16504,5,0,0.6992957999421271
16505,1,1,0.29363533571067807
16506,2,0,0.05610258331380702
16507,1,0,0.06329203143395491
16508,3,1,0.4809817545516954
16509,2,0,0.7991358550189148
16510,2,0,0.10854910811277224
16511,5,0,0.26207889562714115
16512,2,0,0.2817182568436238
16513,1,0,0.3691262322591613
16514,4,1,0.13017587265161235
16515,5,0,0.17199792834379712
16516,4,0,0.0733556249540607
16517,1,1,0.1321220705854311
16518,3,0,0.15348025691884234
16519,1,0,0.1929459113517439
16520,2,0,0.2133485941365869
16521,5,0,0.09103352609932307
16522,5,1,0.19189237193308933
16523,3,0,0.13533490449746197
16524,5,0,0.04510466055750815
16525,5,0,0.17310713134044484
16526,3,1,0.10258894255468909
16527,2,0,0.6823019644887296
16528,5,0,0.049355798865762156
16529,1,0,0.2368900765039732
16530,4,0,0.4539336816008257
16531,3,0,0.2860743196475063
16532,2,0,0.18271636062420402
16533,3,0,0.32930189365521945
16534,3,0,0.13725316577138028
16535,2,1,0.2900150243765496
16536,3,1,0.5444458880140352
16537,2,0,0.21324140221843613
16538,5,0,0.11444185760557804
16539,2,1,0.4528310676032293
16540,4,0,0.258179480892731
16541,2,0,0.040934238069531746
16542,4,0,0.20153529891753305
16543,4,0,0.10454799925044098
16544,5,0,0.14284277636532713
16545,5,1,0.6573648836899857
16546,2,0,0.1443524089359005
16547,3,0,0.2476911291020137
16548,2,0,0.18571244543684914
16549,3,0,0.9164075604988597
16550,1,1,0.8292398122476542
16551,2,1,0.49751424454563126
16552,3,0,0.14120183032117248
16553,1,0,0.10976351218037066
16554,5,0,0.10949684420032292
16555,4,0,0.0604481701401571
16556,4,0,0.07913341652527821
16557,4,1,0.07966517491758042
16558,4,0,0.12229047068511514
16559,3,0,0.33256514017844285
16560,3,0,0.02619230552772891
16561,1,0,0.12821726867378805
16562,3,1,0.38921934544753095
16563,2,0,0.3604146152785004
16564,2,1,0.5193921679144469
16565,4,0,0.1525248184826809
16566,4,0,0.11844964319775277
16567,2,0,0.1430419576680083
16568,5,0,0.21666544417328557
16569,4,0,0.0661627537169367
16570,2,0,0.13591906334978032
16571,2,0,0.10091171216269096
16572,2,0,0.10277928919011711
16573,3,0,0.1502832514761012
16574,2,0,0.30700591222101736
16575,5,1,0.2226497436559546
16576,4,0,0.2474642034242986
16577,2,0,0.11062133705129194
16578,3,0,0.2738741579960843
16579,3,0,0.18971928038997377
16580,3,1,0.13354727490849494
16581,2,1,0.08309210340461852
16582,3,0,0.1931803351951013
16583,1,0,0.14251094868817332
16584,2,0,0.19397389678691543
16585,4,0,0.14521804369227181
16586,1,0,0.13236803318878315
16587,5,0,0.22272340934742252
16588,3,1,0.542155800572612
16589,5,0,0.13035478803075498
16590,3,0,0.1826590430782674
16591,2,0,0.21702516788664744
16592,2,0,0.12503002423557033
16593,4,0,0.1027517521204304
16594,3,0,0.13276695419054713
16595,4,1,0.30062873525657013
16596,4,1,0.41925947721648055
16597,5,0,0.07841093584651293
16598,4,0,0.2597145007668669
16599,4,0,0.13671891293652552
16600,5,0,0.22678327393243367
16601,2,0,0.16306414705137864
16602,4,0,0.11097357301045768
16603,2,0,0.06878868250499535
16604,2,0,0.19468817991727946
16605,2,0,0.055925915072585874
16606,4,0,0.14076746542274554
16607,3,0,0.5245513995494349
16608,3,0,0.14426978144023658
16609,4,0,0.1237190172026304
16610,4,0,0.11304377059479559
16611,2,0,0.1588546199065534
16612,4,0,0.08572410115939855
16613,2,1,0.6942282253948884
16614,2,0,0.1164287847890142
16615,5,0,0.13473303136809905
16616,4,0,0.5520136143131239
16617,2,0,0.1254238937603898
16618,3,0,0.12461708559793085
16619,4,0,0.21145257856576608
16620,3,1,0.350203914962253
16621,5,0,0.06415562823215756
16622,5,0,0.15806596301149725
16623,4,1,0.10268450437267133
16624,1,1,0.6508301304361247
16625,2,0,0.03394166655583449
16626,5,1,0.3214465690718565
16627,2,0,0.13396699348208627
16628,3,0,0.26297382577626016
16629,4,0,0.1942076892838142
16630,4,0,0.058993989816378885
16631,1,0,0.14308338556938277
16632,4,0,0.12421050131179137
16633,2,1,0.8515161380666948
16634,5,1,0.0632627184230311
16635,1,0,0.14959900992780667
16636,1,1,0.696864188616644
16637,2,1,0.13395267021971555
16638,3,0,0.17048518031231175
16639,3,0,0.1982899737485462
16640,1,0,0.26611176411648846
16641,4,0,0.10705724929837475
16642,3,0,0.16685496850145268
16643,2,0,0.11868670098740972
16644,1,0,0.27377312173244517
16645,3,0,0.1664753457483702
16646,5,0,0.10353489042623668
16647,3,1,0.8053236803138965
16648,2,0,0.13766283124763837
16649,5,1,0.5089242010997261
16650,1,1,0.14474817303383009
16651,5,0,0.17618308524352494
16652,1,0,0.23059597621412103
16653,4,0,0.17363898932795807
16654,4,0,0.16852492305042335
16655,5,0,0.18233778020264765
16656,1,0,0.11892866289854843
16657,1,0,0.07947227478487767
16658,5,1,0.7824869652998204
16659,1,0,0.22659806978500738
16660,1,0,0.2147484298032387
16661,3,1,0.5645326193309074
16662,5,0,0.21116942190454543
16663,4,1,0.6299481528167208
16664,2,0,0.08823887738522801
16665,2,0,0.1440036779885592
16666,3,0,0.08810047384238029
16667,5,0,0.1572217504558232
16668,3,1,0.8383772360890334
16669,5,0,0.11212132792416067
16670,2,0,0.300230601094251
16671,2,0,0.07615307373206832
16672,3,0,0.12347985018818278
16673,5,0,0.07646435958749942
16674,1,1,0.5207464197937954
16675,2,0,0.3411484385465344
16676,2,0,0.10310626796753124
16677,2,0,0.09710622686132836
16678,2,0,0.07202380288902925
16679,1,1,0.27614641679241914
16680,5,0,0.1059320629447028
16681,2,0,0.663019307552552
16682,1,0,0.14228481218013642
16683,2,0,0.036184399208722476
16684,1,0,0.8419249513002148
16685,3,1,0.11413564399297277
16686,5,0,0.036792821845585744
16687,5,0,0.14824498316045776
16688,4,0,0.13540354068252816
16689,1,1,0.18978201964791344
16690,1,0,0.05900026121971786
16691,3,0,0.09400562490343013
16692,5,0,0.11538288560113222
16693,4,0,0.10636371227817494
16694,1,0,0.08029807023398848
16695,3,0,0.1918486659559755
16696,3,0,0.0434044168602372
16697,4,0,0.11830607296660844
16698,5,0,0.22245849905471257
16699,5,0,0.0813018879204483
16700,3,1,0.4904610713919652
16701,2,1,0.8541447188008009
16702,5,0,0.0784794541840249
16703,2,1,0.6639274355745208
16704,1,0,0.2591540684087819
16705,3,1,0.11270343721191392
16706,4,1,0.12185023697764619
16707,1,0,0.21303829203811983
16708,2,0,0.1281875372948234
16709,3,0,0.11267166333799948
16710,1,0,0.23305781403045803
16711,2,0,0.20472815128692087
16712,3,0,0.21096270301599407
16713,1,0,0.08449245117584013
16714,5,0,0.4706871423282588
16715,1,0,0.22000139175234795
16716,1,0,0.16122346233631313
16717,5,0,0.15603468829014452
16718,2,0,0.1739579778557978
16719,2,0,0.22947043072153203
16720,1,0,0.1375137588949884
16721,3,0,0.0878950220511359
16722,5,0,0.11026291081563386
16723,2,0,0.10905677339939038
16724,1,1,0.11180305782201946
16725,3,0,0.19167292741372927
16726,4,1,0.1858708211457409
16727,3,0,0.0915620783711329
16728,4,0,0.11681306178194846
16729,4,0,0.4815340226474056
16730,1,1,0.4518275453732025
16731,5,0,0.06814241215926996
16732,5,0,0.06647027813918888
16733,3,0,0.09357623289280242
16734,1,0,0.7842724448346572
16735,5,0,0.1126315130557796
16736,3,0,0.1484322389634804
16737,4,0,0.14431800962207347
16738,2,0,0.13095292835456498
16739,5,0,0.11414740093461913
16740,5,0,0.15536175418981868
16741,4,0,0.322613370594632
16742,1,0,0.15971887254079453
16743,5,1,0.3959546928352727
16744,4,0,0.15075257221977617
16745,5,0,0.14799002620986998
16746,4,0,0.48990113930183804
16747,2,0,0.25530310838502035
16748,5,0,0.10863276335474334
16749,4,0,0.1396497109325229
16750,4,0,0.09244253778650573
16751,4,0,0.12041347281746605
16752,1,0,0.2821746345524117
16753,3,0,0.05894093348107203
16754,1,0,0.07871287196706624
16755,1,0,0.5440273847712968
16756,3,1,0.10980826478107603
16757,4,1,0.13814825082290752
16758,3,0,0.12446173960257878
16759,4,0,0.1077607417700442
16760,2,0,0.22166954622865823
16761,1,1,0.10339263754841653
16762,3,0,0.14568403728298052
16763,1,0,0.15834458266020482
16764,4,0,0.08033659989786791
16765,1,0,0.11007704491846468
16766,4,0,0.24562732453383027
16767,2,0,0.11222591738186545
16768,1,0,0.15489369442338466
16769,3,0,0.3410563854264329
16770,4,0,0.09845691858966228
16771,3,1,0.08587381927825455
16772,3,0,0.15188635077001078
16773,5,0,0.0994663501742028
16774,5,0,0.3855353987264924
16775,1,0,0.2025595741092314
16776,2,0,0.12421965460092461
16777,5,0,0.0817611660569385
16778,3,1,0.7097242882536916
16779,2,0,0.10987583011136726
16780,5,1,0.14331364550320233
16781,4,0,0.14504521434851314
16782,2,0,0.1563234377694477
16783,1,0,0.10140855518283265
16784,2,0,0.20349552196624324
16785,3,0,0.1252749235022902
16786,2,0,0.17482300828263514
16787,2,1,0.6856912699496949
16788,4,0,0.06755531365919645
16789,3,0,0.1626200667264384
16790,3,0,0.20741702919358954
16791,3,0,0.10925294445779657
16792,2,1,0.8928238943485746
16793,2,0,0.3643972896881939
16794,2,0,0.04916744658244951
16795,1,0,0.13365916688514462
16796,3,1,0.8146938193142332
16797,5,0,0.12316623963375536
16798,4,0,0.2027586702095905
16799,3,0,0.15515120921981923
16800,2,0,0.09274727758894534
16801,4,0,0.12961319678355987
16802,4,0,0.16186882418161477
16803,2,0,0.09956921446775283
16804,4,1,0.24598509363806345
16805,4,0,0.36119852856897827
16806,2,0,0.519270479544851
16807,5,0,0.6947238665516468
16808,1,1,0.15021816584052566
16809,1,0,0.37633228857977735
16810,1,0,0.2264111670018303
16811,4,0,0.07191903588187241
16812,4,0,0.16637707321904416
16813,5,0,0.1141117080694639
16814,1,0,0.08363015360802149
16815,5,0,0.11392118757789634
16816,2,0,0.07818993075541317
16817,4,0,0.1623930075560766
16818,3,0,0.04827236251953363
16819,4,0,0.20091021252011768
16820,3,0,0.7923857165388902
16821,4,0,0.2615725976828317
16822,1,0,0.08325356154196718
16823,5,1,0.14146826370958673
16824,2,1,0.6563065938957013
16825,5,1,0.2584818990078262
16826,1,1,0.8236989098390598
16827,1,0,0.15278777555349193
16828,4,1,0.15963911238376716
16829,2,0,0.10078420070638917
16830,5,0,0.089239907145724
16831,2,0,0.1737593474262455
16832,5,0,0.22439132271697732
16833,2,1,0.8147556832032075
16834,4,0,0.14086268401616492
16835,5,1,0.8396437996880364
16836,1,0,0.26971405235528856
16837,2,0,0.08116062492076168
16838,5,0,0.16305927807503798
16839,4,0,0.36011555637262765
16840,5,0,0.25109823365329836
16841,4,0,0.09152395327098312
16842,2,1,0.34390628447933586
16843,1,0,0.6003315356313346
16844,1,0,0.09231158596760002
16845,1,0,0.16320198595337307
16846,2,0,0.25778929255276445
16847,4,0,0.7663245373784451
16848,4,0,0.12093347385902348
16849,1,0,0.2081663337856421
16850,2,1,0.5971821768141984
16851,2,0,0.22778187440619296
16852,4,0,0.07220598436829022
16853,3,0,0.23053150996783148
16854,2,0,0.059445244212093164
16855,2,0,0.16745408939747847
16856,1,1,0.13119742367800438
16857,2,0,0.06716086801298105
16858,3,0,0.12752605745031834
16859,1,0,0.31608543475630263
16860,1,0,0.08317937191906583
16861,2,0,0.07962500361905255
16862,3,0,0.07784115514938161
16863,2,1,0.1884199005823138
16864,3,0,0.10206790639804153
16865,4,1,0.44630684627887346
16866,2,0,0.08131681937384291
16867,5,0,0.10653100797392724
16868,4,0,0.09767391927126573
16869,4,1,0.5548280996330032
16870,4,0,0.060801580578220236
16871,1,0,0.11886951510221838
16872,1,1,0.8119873892758276
16873,4,0,0.21175526232258668
16874,1,0,0.17022805376865646
16875,2,0,0.09622642547284536
16876,3,0,0.049298176016730026
16877,3,0,0.10881695320778312
16878,5,0,0.42822677289208005
16879,4,0,0.39745950676196873
16880,2,0,0.21757839583197286
16881,3,0,0.10979479570050475
16882,4,0,0.10724861185968843
16883,5,0,0.21837388262146568
16884,2,0,0.06806489146772861
16885,4,1,0.23914253938082156
16886,1,0,0.1325654408420121
16887,4,0,0.13292305404883295
16888,4,1,0.40380315412350704
16889,3,1,0.23539726977867115
16890,4,0,0.12053350101621912
16891,2,1,0.15841947439873752
16892,4,0,0.24419474109216632
16893,2,1,0.33921466519716414
16894,2,0,0.16282258648709977
16895,5,0,0.08239347431336391
16896,4,1,0.6220777513772312
16897,1,0,0.2534611416177493
16898,2,0,0.16373200458704126
16899,3,0,0.12890740091347466
16900,3,0,0.11805955521794055
16901,3,0,0.12549103798588807
16902,1,1,0.6936855443549199
16903,2,1,0.44122138694326607
16904,5,1,0.13562053190484208
16905,3,0,0.12181116952258203
16906,5,0,0.8196966508895602
16907,4,0,0.11953783871171668
16908,3,0,0.12052966285214156
16909,1,0,0.13580413950927667
16910,5,0,0.10340973057277891
16911,2,0,0.15117300869985886
16912,4,0,0.1440393207743944
16913,4,0,0.0894034179807353
16914,5,0,0.09727797122112085
16915,3,1,0.055876880551821335
16916,5,0,0.13303260020079344
16917,5,0,0.2406259631773927
16918,4,0,0.20370323211002414
16919,5,1,0.5093541863085025
16920,1,0,0.14069395743388205
16921,5,1,0.31614887207622394
16922,2,1,0.5080224544150974
16923,4,1,0.6911480475419057
16924,4,1,0.23341613892135826
16925,1,0,0.11643998825082544
16926,4,0,0.11228303666069292
16927,1,0,0.1391086817106929
16928,5,0,0.10707465004428211
16929,1,0,0.16360217542583821
16930,1,0,0.5544220651972144
16931,4,0,0.1221389243100844
16932,4,1,0.4611309249229656
16933,1,0,0.1968248273413253
16934,1,0,0.11435006062754685
16935,1,0,0.7754542788272787
16936,1,0,0.11535879932994925
16937,4,0,0.04898513177888357
16938,1,0,0.09066715630626464
16939,5,0,0.09677421172859502
16940,1,0,0.1278727551400224
16941,4,0,0.0754423583909674
16942,3,0,0.07964369706510968
16943,1,0,0.1280982235863514
16944,5,1,0.0777089038375551
16945,5,0,0.1379710171978115
16946,5,0,0.18939929866330518
16947,5,0,0.12991653798271993
16948,5,1,0.18043680423676933
16949,5,0,0.5318038515995547
16950,3,0,0.060067143361955545
16951,1,0,0.16350658290072234
16952,1,0,0.22573932849786457
16953,2,0,0.081049512092587
16954,1,0,0.192845218887988
16955,3,0,0.10535449495761971
16956,1,1,0.1548190210110216
16957,4,0,0.09978480169664122
16958,5,0,0.09784436248733645
16959,1,0,0.1336224775720085
16960,4,1,0.39940369032900275
16961,4,1,0.20447250562272964
16962,5,0,0.5101675309767428
16963,3,0,0.17065346243039184
16964,1,0,0.07374472881255847
16965,4,0,0.14540957910114383
16966,5,0,0.23214960429224896
16967,1,1,0.26654626743114657
16968,5,0,0.16841688187941128
16969,4,0,0.3224803984298047
16970,2,0,0.09428002520263169
16971,5,0,0.10752356092942096
16972,1,1,0.7213762884770469
16973,5,1,0.5618947099234678
16974,1,0,0.1344461147023598
16975,4,0,0.2081936209363797
16976,4,0,0.09610629817939928
16977,2,0,0.14007890957122016
16978,5,0,0.08242965934641298
16979,1,0,0.16148956871675293
16980,4,1,0.7254056672949558
16981,3,1,0.5220102467401226
16982,3,1,0.8154402871044847
16983,5,0,0.11324838218894065
16984,3,0,0.11200382601438139
16985,3,0,0.13356270787857427
16986,1,0,0.2755980002811341
16987,5,0,0.0834754831409838
16988,1,0,0.11139020727615856
16989,4,0,0.0772701108873049
16990,4,0,0.09307484902620623
16991,4,0,0.5105712798566752
16992,1,1,0.7611808010862181
16993,1,0,0.15382981206187726
16994,2,1,0.3619297629019952
16995,2,0,0.07632077342946991
16996,3,0,0.1495699128933783
16997,1,0,0.13463680985632756
16998,3,0,0.1320138891129978
16999,5,1,0.257117696335679
17000,4,1,0.8032584315646794
17001,1,0,0.0984737552683136
17002,5,0,0.10276903241518494
17003,2,0,0.3952455846154358
17004,1,0,0.09880262143017866
17005,5,1,0.664265067700513
17006,2,1,0.34365111879809523
17007,1,0,0.8281097230022896
17008,5,0,0.1567372736067309
17009,3,1,0.20566009157060683
17010,3,0,0.07878000878041655
17011,5,0,0.11959006338910076
17012,3,0,0.1557885471436157
17013,1,0,0.058746372164608957
17014,2,0,0.15315878766733435
17015,3,0,0.13480962214838454
17016,2,0,0.0768824065474386
17017,5,0,0.08182244769279075
17018,2,0,0.5328081458381305
17019,1,0,0.1359267772113271
17020,3,0,0.26152625223880016
17021,2,0,0.3791664266022374
17022,3,1,0.5560354676522543
17023,3,0,0.07048762625313099
17024,5,0,0.11642248774515425
17025,3,0,0.29650836941455444
17026,1,0,0.5230700628218323
17027,2,0,0.13768083320456762
17028,5,0,0.11942504575286608
17029,4,0,0.11362103271251121
17030,2,0,0.13625988218938953
17031,4,1,0.14851153094601185
17032,1,0,0.09871454027605447
17033,2,0,0.10038596067140003
17034,1,0,0.21020942813573162
17035,2,1,0.11894269428819589
17036,1,1,0.16058181215386508
17037,5,0,0.13785297544139752
17038,1,0,0.16914066862141053
17039,2,1,0.7945146554044974
17040,2,0,0.14322291973225135
17041,2,0,0.11912135444094928
17042,1,1,0.7815425584693153
17043,1,0,0.13647856559643823
17044,2,1,0.13365447750976006
17045,3,0,0.16670640468848147
17046,4,0,0.17642008973020643
17047,3,1,0.20485947167401544
17048,3,0,0.09686706816352891
17049,5,0,0.13764502164291362
17050,5,0,0.15539247164154837
17051,2,0,0.05706276525960753
17052,4,0,0.0747500685915391
17053,3,1,0.686399684933283
17054,1,0,0.19041321443663045
17055,1,1,0.876692105412325
17056,4,0,0.1044908665018553
17057,2,0,0.1014411439395145
17058,1,0,0.1327929704274563
17059,5,1,0.07513972262307579
17060,5,0,0.09941818049993702
17061,4,0,0.11441917251326522
17062,1,1,0.6697660134316752
17063,1,1,0.622496177419001
17064,5,1,0.3129892978807244
17065,2,0,0.10013475068659151
17066,3,0,0.2301238250851276
17067,5,1,0.8481028255811559
17068,1,0,0.1471415903137416
17069,1,1,0.16513500835491188
17070,2,0,0.11481958893001692
17071,4,0,0.14713331480996358
17072,1,1,0.1845006893876117
17073,2,0,0.1109039597886628
17074,1,0,0.09664227565664638
17075,3,0,0.08048042626654116
17076,3,0,0.08312185503375834
17077,4,0,0.7039839708116852
17078,4,0,0.2073970874837829
17079,5,0,0.13045099702592705
17080,5,0,0.18836239814618536
17081,4,1,0.24018693303816496
17082,1,0,0.2334848094032334
17083,5,0,0.1599743830924263
17084,1,0,0.14537339935856192
17085,5,0,0.1426946612141262
17086,4,0,0.12884774529032564
17087,2,0,0.13030768833605666
17088,5,0,0.11889743975202965
17089,3,0,0.09312610326500557
17090,4,0,0.14125557832348062
17091,5,1,0.164481037220344
17092,5,0,0.06288446821707998
17093,3,0,0.12958676217608575
17094,3,0,0.09157887822276932
17095,5,0,0.10851251835015703
17096,5,0,0.13181029838666083
17097,4,1,0.2600685418894137
17098,5,1,0.7962429622368276
17099,3,0,0.08080005470774192
17100,5,0,0.14122274200396112
17101,3,0,0.12401318648975919
17102,3,0,0.12216491029131568
17103,1,0,0.23749162638286317
17104,3,0,0.12735196330643614
17105,5,0,0.07784270636801038
17106,5,0,0.12979897303094007
17107,3,0,0.08561629221649783
17108,4,0,0.12475020096999037
17109,4,0,0.13497530160644722
17110,4,0,0.13391722010751683
17111,4,1,0.1873126020096977
17112,3,0,0.055245232795864574
17113,5,0,0.4742153788242299
17114,2,0,0.21777864872948252
17115,2,0,0.09817462143364872
17116,3,0,0.16789203902392585
17117,3,1,0.17380844795981007
17118,3,1,0.8165212293904552
17119,2,0,0.2164280408605944
17120,1,1,0.14602886399234197
17121,3,1,0.2565327186560305
17122,4,0,0.17586999443542115
17123,4,0,0.1163764381650406
17124,3,0,0.7450265304492898
17125,4,0,0.15122322078851197
17126,4,0,0.12235721292399246
17127,1,0,0.12183614483959736
17128,4,0,0.1409115675378426
17129,5,0,0.13126489986822645
17130,2,0,0.15371487257304578
17131,2,0,0.09695141571631177
17132,2,0,0.12078206599552677
17133,4,0,0.8192251612731026
17134,5,0,0.09342542242279896
17135,5,0,0.11711925429673065
17136,4,0,0.15918129395545644
17137,5,1,0.4794821752323949
17138,3,1,0.3009653262720909
17139,2,1,0.12782646658548233
17140,4,0,0.07246606839765908
17141,3,0,0.16007240379532078
17142,3,1,0.28438130699493397
17143,5,0,0.0910667568890293
17144,3,0,0.18102983211075963
17145,1,0,0.13751561444004606
17146,5,0,0.07041664849246948
17147,3,1,0.4455784536647755
17148,2,1,0.14679938152034616
17149,1,0,0.1336863473169604
17150,1,1,0.713501099817115
17151,3,0,0.1734410103299109
17152,3,1,0.12817434367591982
17153,1,0,0.219101636620741
17154,4,0,0.12870485597634918
17155,4,0,0.25033017054033
17156,4,1,0.3777307387329763
17157,1,0,0.20235674897127073
17158,3,0,0.09086692562738591
17159,5,0,0.11106484821223694
17160,2,0,0.2609313293798936
17161,4,0,0.11572411816486759
17162,1,0,0.11671586381244017
17163,2,0,0.12277794563641704
17164,4,1,0.14383599931823463
17165,1,0,0.15155605808628356
17166,5,0,0.12682816928090018
17167,4,0,0.07995280278636197
17168,5,0,0.13970721083322463
17169,5,0,0.1009818950822754
17170,3,0,0.3200780631298046
17171,3,0,0.13752396966495248
17172,2,0,0.1528220717096948
17173,5,0,0.37615533337716783
17174,2,0,0.3678700029421196
17175,2,0,0.2355449577439399
17176,1,0,0.0750072721182538
17177,3,0,0.12812724188384755
17178,1,1,0.0915195370512077
17179,3,0,0.14400205766348909
17180,4,0,0.10377261345108103
17181,3,0,0.0397156397255482
17182,2,0,0.19983951765679558
17183,4,0,0.4772337347275688
17184,1,0,0.2890638698416034
17185,5,1,0.639080765271888
17186,4,0,0.11805366050680935
17187,4,0,0.15609475788204716
17188,4,0,0.2092905518681568
17189,5,0,0.09531293727286709
17190,4,1,0.4909669072626305
17191,1,0,0.07637088425701595
17192,5,0,0.1306679227095603
17193,1,1,0.693482675308147
17194,3,0,0.14082143985855156
17195,1,1,0.23900572927042846
17196,2,0,0.08967623253329811
17197,3,0,0.05316892244508914
17198,1,1,0.22852070308964856
17199,5,1,0.6480281928455291
17200,2,1,0.534897236575555
17201,4,0,0.22397547687906438
17202,1,0,0.3440101632756645
17203,3,0,0.1496290992552866
17204,2,0,0.11424252001077458
17205,1,0,0.10103558564228632
17206,2,1,0.11505328888696968
17207,2,0,0.0733339533665734
17208,4,1,0.6576934225744239
17209,4,0,0.35744954651171823
17210,1,0,0.13826863925401517
17211,2,1,0.7816759284045067
17212,2,0,0.11589547490887964
17213,2,0,0.2285139409258421
17214,3,1,0.10571526825996552
17215,2,1,0.4681657394854521
17216,3,0,0.12203485871609966
17217,1,0,0.15071797865936729
17218,4,0,0.20103369308511154
17219,2,0,0.10574128034291339
17220,4,0,0.10703891689382626
17221,2,0,0.21930076718104385
17222,4,0,0.33067960919592937
17223,2,0,0.12021693830594964
17224,1,0,0.6059610302751459
17225,4,0,0.30309594273781904
17226,4,1,0.11399804607916786
17227,4,1,0.9277590067030308
17228,5,0,0.13194772422996445
17229,4,1,0.08691640122548273
17230,2,0,0.106901829249356
17231,2,0,0.40234507242511675
17232,5,0,0.13395828162828363
17233,5,1,0.7347709273164481
17234,5,0,0.06802288136439386
17235,2,0,0.1426457033380296
17236,5,1,0.15422617981158454
17237,5,0,0.08027050675346674
17238,3,0,0.28020539360160496
17239,5,0,0.4121883888671014
17240,2,1,0.7072162168627374
17241,3,0,0.18948009829214776
17242,1,0,0.07891118435704574
17243,4,0,0.3427364783564617
17244,2,0,0.24945123040458808
17245,4,0,0.09395868674681032
17246,1,0,0.11607444532972615
17247,1,1,0.12411907419427531
17248,5,0,0.05172340178657177
17249,1,0,0.08297315759282023
17250,1,0,0.12365029565203337
17251,5,1,0.29314302037302004
17252,4,0,0.10223825160723943
17253,2,0,0.12957549144072855
17254,1,0,0.09211509801848924
17255,2,1,0.4938466765790994
17256,3,1,0.09854499081802678
17257,4,0,0.11982835729732727
17258,2,0,0.13364503270818856
17259,2,0,0.25626138464318104
17260,2,0,0.0999598026441291
17261,3,1,0.17048858730201305
17262,2,0,0.28018509133269565
17263,1,0,0.12864616753385474
17264,2,0,0.11140370634378499
17265,5,0,0.154598577391738
17266,5,1,0.33948162947586424
17267,3,0,0.10203231836519353
17268,2,0,0.1364875432370871
17269,4,0,0.05243211952996378
17270,5,0,0.8493269995827238
17271,3,0,0.09147634521520018
17272,4,1,0.3497440586933965
17273,4,1,0.14090190611636122
17274,3,0,0.39304966814226117
17275,4,0,0.08340436224136821
17276,5,0,0.14183272122050625
17277,4,0,0.0779981361864202
17278,2,0,0.12946843501769173
17279,4,0,0.07946727179014851
17280,3,0,0.14568806772808177
17281,1,0,0.04917326221005098
17282,5,1,0.8178661520453787
17283,1,0,0.3109468202231499
17284,5,0,0.10704063982794129
17285,5,0,0.06651485287290985
17286,5,0,0.20951545444217423
17287,2,0,0.1869899185723011
17288,3,1,0.7185946916813539
17289,4,1,0.49781931810336283
17290,4,0,0.33630224068611164
17291,4,1,0.8122230378384403
17292,1,1,0.8442624309831498
17293,1,0,0.17215076644750527
17294,3,0,0.15349777855181918
17295,3,0,0.10408155960014802
17296,5,0,0.567884209134193
17297,3,0,0.7864510904710226
17298,2,0,0.098725415927912
17299,1,1,0.6846170559832744
17300,3,0,0.16702516260865843
17301,3,1,0.371562625975142
17302,5,0,0.18890182816363932
17303,2,0,0.10055084341397869
17304,4,1,0.6827803971386848
17305,1,0,0.2503301765527357
17306,4,0,0.25440846527621525
17307,3,0,0.15712339966380143
17308,4,0,0.08435636143019296
17309,2,0,0.12399965537347608
17310,1,0,0.18858677428049342
17311,5,0,0.07097441530824264
17312,4,0,0.3158152228512181
17313,5,0,0.5262712746015231
17314,5,0,0.09368614157485178
17315,4,0,0.08893072785307
17316,1,0,0.08708903177094292
17317,5,0,0.1134826557857561
17318,5,1,0.11739691885166195
17319,4,0,0.1276445973862314
17320,4,0,0.18090513168409614
17321,1,1,0.7346296674468648
17322,4,0,0.10375370601972808
17323,1,1,0.14040183145898352
17324,2,1,0.7571934728302411
17325,3,0,0.09704040206885023
17326,4,0,0.1465760402455208
17327,2,1,0.17975704277937127
17328,2,0,0.19012441008981018
17329,3,0,0.7980902012190073
17330,1,0,0.12438172228094313
17331,5,0,0.1491507045611047
17332,1,0,0.14571129968933047
17333,5,0,0.08552292786970653
17334,4,0,0.0857493971970765
17335,5,0,0.06353290849006646
17336,2,1,0.22031272286228612
17337,2,0,0.05098959790802189
17338,2,0,0.5090410888858723
17339,4,0,0.09346765657083239
17340,2,0,0.1649712109256337
17341,5,0,0.09730035433427535
17342,1,0,0.21497437802580274
17343,2,0,0.15622400718536936
17344,5,0,0.13307214410063833
17345,4,0,0.12849720633406722
17346,4,0,0.17881207572830285
17347,1,0,0.08590204347437227
17348,5,0,0.14563214714817926
17349,3,0,0.13659543324933826
17350,4,1,0.9027228515561655
17351,1,0,0.058547533958829244
17352,3,0,0.09855947276767535
17353,2,0,0.11066848037509307
17354,3,0,0.08423059805249038
17355,2,0,0.14460908446471674
17356,5,0,0.1702586678944671
17357,4,0,0.39884938381020046
17358,1,1,0.16159792428210137
17359,3,0,0.10888177724399867
17360,3,0,0.09659979056880298
17361,1,0,0.10443837659523025
17362,4,0,0.22529545308776505
17363,2,0,0.10649649747785339
17364,3,0,0.07860897129385985
17365,1,0,0.6165544099002148
17366,2,0,0.11456953164744663
17367,4,0,0.28786779305569205
17368,3,0,0.12812471299678715
17369,3,0,0.16007156765589578
17370,2,0,0.09699679823444915
17371,3,0,0.3471563541670873
17372,2,0,0.05084501223068003
17373,1,0,0.30131683592186254
17374,3,0,0.13957117391363325
17375,5,1,0.35411319998732416
17376,1,0,0.18316379582715667
17377,4,0,0.08139712160163695
17378,5,1,0.2589092288789455
17379,4,0,0.13759962057669034
17380,5,0,0.0941655624357821
17381,3,0,0.16056391973944237
17382,5,0,0.15071377393840854
17383,5,0,0.12296625494578066
17384,2,0,0.13575145663265356
17385,2,0,0.25630650740829547
17386,4,0,0.09876167337630812
17387,2,0,0.15275746345338878
17388,5,1,0.5083666704769884
17389,3,0,0.10719824781002289
17390,3,0,0.13221319251643637
17391,5,0,0.3889265517107024
17392,5,0,0.13787731404979545
17393,1,0,0.6173602853233631
17394,2,0,0.11166514341717336
17395,2,0,0.03142850843553152
17396,3,0,0.11493550648216011
17397,2,0,0.12034444225588414
17398,3,0,0.10934459007740945
17399,1,1,0.5944153001486155
17400,5,1,0.16499786838361313
17401,2,0,0.1459275746849327
17402,2,0,0.14272695862498236
17403,5,0,0.1868866463289859
17404,3,0,0.7525207290966759
17405,2,1,0.6971563517088991
17406,5,0,0.18609031147891653
17407,1,0,0.08491588485171893
17408,1,0,0.09853489607863619
17409,4,0,0.0965693903229809
17410,1,1,0.7230321028328786
17411,1,1,0.11218745265722971
17412,1,0,0.23673369475263317
17413,4,0,0.10663309116385726
17414,5,0,0.2366860959323553
17415,4,0,0.19662777519705613
17416,4,1,0.8736812222671367
17417,5,0,0.057235032814379014
17418,5,0,0.10583956586326775
17419,2,0,0.13223849246289388
17420,4,0,0.08533915634154478
17421,5,0,0.07270983886554973
17422,2,0,0.09576112302274195
17423,3,0,0.20969616570616628
17424,4,0,0.12065568351049621
17425,5,0,0.13350815827859822
17426,4,0,0.10821783895859446
17427,4,0,0.129619296674973
17428,1,0,0.22608141532890502
17429,4,1,0.8332016377066669
17430,4,0,0.11683894990769374
17431,5,0,0.1258102317542303
17432,3,0,0.26073714673442056
17433,2,1,0.3255782745295574
17434,3,0,0.08391942085768139
17435,3,0,0.20408730499964867
17436,2,0,0.2863431999960837
17437,3,0,0.07188215862651055
17438,1,0,0.1508793875789489
17439,4,0,0.3043005983521526
17440,3,0,0.09467402321010368
17441,4,0,0.16044655975982774
17442,2,0,0.0988713210472922
17443,4,0,0.8088051654226575
17444,3,0,0.15188474732727253
17445,5,0,0.15998096281845642
17446,5,0,0.11714141097687464
17447,2,1,0.8241397713139849
17448,2,1,0.2521399086329511
17449,2,0,0.13729529137309124
17450,5,0,0.17811405976830536
17451,3,0,0.43850322596688496
17452,2,0,0.13101223826525402
17453,5,0,0.1674427173302333
17454,4,0,0.17300163460805507
17455,4,0,0.4306808056291276
17456,3,0,0.19209415815311434
17457,3,0,0.3034544601526328
17458,2,1,0.22688943381566612
17459,4,0,0.06780835028899065
17460,4,0,0.1140351380421612
17461,4,0,0.12013001358087277
17462,2,0,0.24735274754084854
17463,5,1,0.6893704127405526
17464,5,0,0.12576864819569797
17465,4,0,0.0749105125906793
17466,3,0,0.20106338695719472
17467,2,0,0.08421288015055038
17468,3,0,0.17716914924867366
17469,5,0,0.11819612176473306
17470,5,0,0.04691139927585178
17471,5,0,0.16838261828870715
17472,4,0,0.13209355465835848
17473,4,1,0.1143515171742984
17474,4,1,0.1722774707003706
17475,5,0,0.2460434058117819
17476,3,0,0.1463879177389603
17477,3,1,0.6031959845573481
17478,3,0,0.19418696940651262
17479,4,0,0.15854127193676953
17480,5,0,0.123060786027365
17481,1,0,0.6116124084173725
17482,1,0,0.09944683321084141
17483,2,1,0.19424965535580055
17484,3,0,0.14514576863591164
17485,4,0,0.10926818250912171
17486,1,0,0.28775826535156174
17487,4,0,0.09293772433346173
17488,3,0,0.08783938656562111
17489,2,1,0.3637384697440263
17490,2,0,0.10202023297987377
17491,4,0,0.12221852808416564
17492,3,1,0.2924373712508692
17493,4,0,0.14992153144515027
17494,1,0,0.15814151412918787
17495,1,0,0.32951923576227565
17496,1,0,0.11441987705352277
17497,5,1,0.3736947586914883
17498,2,0,0.10487722967032166
17499,5,0,0.13200394270633528
17500,2,0,0.053387008435738556
17501,5,0,0.17571530143896072
17502,1,0,0.04809297031520245
17503,3,0,0.07681014981816395
17504,4,0,0.1686132466174297
17505,2,1,0.13112663216321546
17506,4,0,0.11514640920992114
17507,1,0,0.12118269457635696
17508,1,1,0.745434186191081
17509,1,0,0.1772689328506576
17510,1,0,0.13136764229656653
17511,2,0,0.10706932970859508
17512,5,0,0.05630517728479197
17513,5,1,0.16109121586785916
17514,2,1,0.7210277316912118
17515,3,0,0.1061391594689459
17516,4,0,0.15986032835216768
17517,3,1,0.15439481530782964
17518,2,0,0.12034609781245593
17519,1,0,0.1336992568822838
17520,4,0,0.09901643008618026
17521,4,0,0.17812884229166662
17522,3,1,0.21671588533809655
17523,1,0,0.20388908732651168
17524,5,0,0.16845335071445766
17525,3,0,0.1648807524466017
17526,2,0,0.4707975380419599
17527,4,0,0.17418009890910274
17528,4,0,0.08043281133614283
17529,3,1,0.8481621732320195
17530,3,1,0.05960071207524545
17531,5,0,0.06297474037524683
17532,5,1,0.35693068656752797
17533,4,0,0.19907007593712053
17534,1,0,0.12908968265532764
17535,1,0,0.10565509198727623
17536,1,0,0.11763627969239895
17537,2,0,0.1614673867841185
17538,4,0,0.16650934894744673
17539,1,1,0.7552606031716463
17540,1,0,0.13690358513638826
17541,4,1,0.6726144390357218
17542,1,0,0.6498488867013313
17543,3,0,0.0933578702433254
17544,3,0,0.6471102967075684
17545,1,0,0.1481576971614213
17546,3,0,0.062056569177672334
17547,4,0,0.11456862873363415
17548,1,0,0.136487136503699
17549,5,0,0.025217559319176793
17550,1,1,0.13680599677074812
17551,5,0,0.19101203166066286
17552,5,0,0.833984024084702
17553,3,0,0.10969597469707046
17554,3,0,0.3456337969420745
17555,3,0,0.2138504778522588
17556,2,0,0.27944752371590537
17557,4,1,0.6429138761197936
17558,3,0,0.0974618713889096
17559,5,1,0.7503881762137485
17560,4,0,0.3334869410696269
17561,4,0,0.06498420669083643
17562,4,1,0.15653674162345294
17563,1,0,0.07994363671918481
17564,4,1,0.10090963577847409
17565,5,0,0.08317036932950539
17566,5,0,0.1184948075767331
17567,4,0,0.08399977997052427
17568,5,0,0.2335588669884971
17569,2,0,0.050318457864953016
17570,2,0,0.34545541284560266
17571,1,1,0.12929756045722168
17572,2,0,0.37516262651486115
17573,3,1,0.10652034388478257
17574,2,0,0.11677388439679594
17575,1,0,0.0528824821045549
17576,1,0,0.07657041452808923
17577,5,0,0.09402313069075811
17578,2,0,0.10292585675108584
17579,4,0,0.11523127656110034
17580,1,0,0.7625505782449139
17581,3,0,0.15308329232080897
17582,1,0,0.1028010923268653
17583,3,0,0.13658978029327734
17584,1,0,0.1081301313828325
17585,4,1,0.8492867146147746
17586,5,0,0.13261838504354734
17587,5,1,0.7758726541542548
17588,4,1,0.5087010215443989
17589,5,1,0.5406020434329124
17590,5,0,0.06258407055879904
17591,1,0,0.1324188135496562
17592,5,0,0.5158133310930426
17593,2,0,0.0960893182566308
17594,3,1,0.8547715736938741
17595,2,0,0.07768318411456666
17596,1,1,0.86756920614872
17597,4,0,0.18779097710606568
17598,4,0,0.09176967009498802
17599,3,1,0.19990496386614667
17600,1,0,0.14135024474746732
17601,3,0,0.1546197922965402
17602,2,0,0.11196321568325628
17603,4,0,0.09311559190901357
17604,5,0,0.09939013545973199
17605,2,1,0.1253771889242263
17606,4,0,0.13071655568784565
17607,1,0,0.13101122546583605
17608,2,1,0.13916854997413686
17609,1,0,0.11596016866179981
17610,3,0,0.11564933370775954
17611,4,0,0.14804094598968479
17612,5,0,0.2219697777690025
17613,1,0,0.6392937287580752
17614,2,0,0.11201031957701474
17615,5,0,0.139792026071117
17616,1,1,0.162616801005433
17617,5,1,0.44552179698151534
17618,4,0,0.10897023951921808
17619,2,0,0.40708927448585536
17620,4,1,0.1027038352117115
17621,5,0,0.09472445088824882
17622,2,0,0.35850095076250055
17623,3,0,0.26586699160787314
17624,4,0,0.08505663916841268
17625,3,0,0.10233663583570783
17626,3,0,0.3773617446264837
17627,5,1,0.5979955407172133
17628,2,1,0.11349314962886425
17629,3,0,0.1649866611976754
17630,3,0,0.08683065186028478
17631,5,0,0.09929061622236308
17632,2,0,0.15659809538142289
17633,1,1,0.21559948495964285
17634,3,0,0.08309738730737487
17635,5,0,0.04713855899197596
17636,4,1,0.13051603686612243
17637,1,0,0.1250634239718245
17638,4,1,0.8213775827871967
17639,4,0,0.23171751603821072
17640,4,0,0.11412915327461977
17641,1,0,0.13148683772543612
17642,4,1,0.8275581810663943
17643,3,0,0.13874234965119242
17644,2,0,0.07352444954138194
17645,5,1,0.20052248735996014
17646,3,0,0.09040025599897535
17647,1,0,0.1437851914772949
17648,4,0,0.22035782670815132
17649,4,1,0.07913393885917958
17650,2,0,0.28445166251631704
17651,1,0,0.13867069683119204
17652,5,0,0.11935689593526652
17653,4,0,0.11623077703769763
17654,1,0,0.15602796479018652
17655,3,0,0.16656243704474763
17656,3,1,0.45332552583847346
17657,1,1,0.06844896115950092
17658,3,1,0.564546431761413
17659,4,1,0.12379674556439445
17660,4,0,0.10716551020879522
17661,1,0,0.0800466369501768
17662,5,0,0.14291592453107782
17663,4,0,0.0626830919611293
17664,2,0,0.5577772198680975
17665,1,0,0.16352396386845575
17666,1,0,0.10911788492856417
17667,1,0,0.24049847078641756
17668,4,0,0.49620055397038076
17669,2,1,0.8291974406195678
17670,2,0,0.16502474207388337
17671,2,0,0.06442637053366129
17672,5,0,0.1368807969087839
17673,4,0,0.3056024322828778
17674,3,0,0.08620005798082533
17675,5,0,0.1744082376462742
17676,5,0,0.13514174136829168
17677,4,0,0.2607373921240339
17678,3,0,0.12256527599576723
17679,1,0,0.11640767176920633
17680,4,0,0.10273864903184043
17681,3,0,0.1484477746534642
17682,2,1,0.34020078978827184
17683,5,1,0.201247876706302
17684,2,0,0.25662466320072463
17685,5,0,0.6007773687238103
17686,1,1,0.1436921706284139
17687,2,0,0.037329009802629716
17688,2,0,0.11418836998273109
17689,2,1,0.3512916240011409
17690,5,0,0.12517080928311627
17691,5,1,0.08572243068715503
17692,4,0,0.12394570075500158
17693,2,0,0.43809394521179723
17694,1,0,0.08082618114428759
17695,2,1,0.4997967650331837
17696,5,0,0.28452804390116304
17697,2,0,0.1888397141905712
17698,1,0,0.7284543096240572
17699,1,0,0.0926380792819811
17700,2,0,0.09701221953641319
17701,2,1,0.4633507612732705
17702,2,0,0.14422481083059951
17703,4,0,0.6737822444256466
17704,5,0,0.12836668119804873
17705,1,1,0.73731304865832
17706,5,1,0.5249245558553344
17707,1,0,0.09567287653960792
17708,1,0,0.13818607774894187
17709,3,0,0.15035133855005428
17710,3,0,0.09724593871231516
17711,2,0,0.12770935433088035
17712,3,0,0.10714448553393859
17713,2,0,0.09871875513206327
17714,2,0,0.10435898730659113
17715,3,0,0.08565495636466944
17716,1,0,0.03266122707356184
17717,2,0,0.20125962896603847
17718,5,0,0.18237774481309707
17719,4,0,0.3069164973540131
17720,2,0,0.10204555565868262
17721,4,0,0.2971768263383891
17722,5,0,0.1510235349300796
17723,1,0,0.10092123822709646
17724,2,0,0.17704352041300084
17725,5,0,0.09929734868425269
17726,1,0,0.12436586878949837
17727,3,0,0.13067221042253516
17728,2,0,0.13482864613591442
17729,5,1,0.3300488170978493
17730,3,1,0.2557891623227744
17731,2,0,0.737448471583374
17732,3,0,0.11927398523389798
17733,4,0,0.7191685114789016
17734,2,0,0.12239310019052495
17735,5,0,0.11681356515600659
17736,3,0,0.15019017463974313
17737,1,0,0.26355645647554904
17738,5,0,0.12660533974528146
17739,3,1,0.33738444616352176
17740,1,0,0.12465509946192237
17741,5,0,0.0790390838961874
17742,2,0,0.11826169240628583
17743,4,0,0.17142442736795585
17744,1,1,0.2426706262763705
17745,1,0,0.48636224546640594
17746,1,1,0.18300698801952936
17747,5,0,0.10759739370376926
17748,3,0,0.06454222817375062
17749,5,0,0.03567310574920167
17750,2,0,0.11452086378168408
17751,1,0,0.11484199510041208
17752,3,1,0.1869474040341477
17753,5,0,0.10355771002741876
17754,1,0,0.16156349156835276
17755,4,0,0.15749864313051248
17756,5,0,0.17504870927086813
17757,4,1,0.12840844156328102
17758,5,0,0.08016429700797711
17759,5,1,0.13817804048953883
17760,3,0,0.14466363081806435
17761,5,0,0.1686419115790719
17762,5,0,0.14107665819132204
17763,5,0,0.07725635464056531
17764,3,0,0.10168326748752407
17765,4,0,0.1054109973003575
17766,4,0,0.1210093011783873
17767,2,1,0.13538195102366693
17768,4,0,0.1629229285482864
17769,1,0,0.11078737536447565
17770,5,1,0.25323071180198914
17771,3,1,0.1368694563176155
17772,5,0,0.07776644698173943
17773,4,0,0.09259959536900049
17774,2,1,0.30965903341115986
17775,3,1,0.14213566478811068
17776,4,0,0.06248479856416953
17777,2,1,0.37701069947013105
17778,3,1,0.5601750075177863
17779,2,0,0.12191821795309431
17780,5,0,0.1462192210779844
17781,5,0,0.30685898101378783
17782,4,0,0.10463795128233866
17783,1,1,0.1727872518610187
17784,4,0,0.20795931667623008
17785,1,0,0.07780814495587358
17786,2,0,0.1505137969618239
17787,1,0,0.5469289450656827
17788,3,0,0.6614947359876399
17789,5,0,0.1313451399149128
17790,4,0,0.10375814737992822
17791,2,0,0.12726941313639872
17792,1,0,0.06751246837719532
17793,3,0,0.12200273345520779
17794,4,1,0.774923346720425
17795,3,1,0.21904896841516006
17796,2,0,0.4817461749212843
17797,1,0,0.10638932078813113
17798,4,0,0.13501686670723534
17799,3,0,0.2886651930265768
17800,1,0,0.7295981274622159
17801,2,1,0.18647414905531406
17802,3,0,0.13669836463371127
17803,2,0,0.041029308457899906
17804,5,0,0.09673073812392688
17805,5,1,0.5118008111632494
17806,5,1,0.3795122131694917
17807,2,1,0.6318468760744116
17808,1,0,0.19589095297889447
17809,3,0,0.11347532862170545
17810,4,1,0.16312638459406065
17811,2,0,0.3892974922766488
17812,5,0,0.05505634647917179
17813,3,0,0.19975931017549794
17814,3,0,0.3222112073787234
17815,4,1,0.8073307265656816
17816,4,1,0.19734960988001674
17817,3,0,0.35789875985539066
17818,2,0,0.23108435243893086
17819,5,0,0.253143558347444
17820,5,0,0.14060752403628454
17821,5,0,0.12325961133788935
17822,4,0,0.703412699127486
17823,1,1,0.8084783860389287
17824,5,0,0.11150210229372429
17825,1,0,0.4218788185504818
17826,2,0,0.048476445278107946
17827,3,0,0.10979236893708179
17828,3,0,0.12552156878588214
17829,1,0,0.10425006890918427
17830,1,0,0.1393600964938457
17831,1,0,0.1350671621544355
17832,2,0,0.1240884358092394
17833,4,1,0.1380443890594754
17834,2,1,0.08864902976994203
17835,1,0,0.14210613449319526
17836,2,0,0.062000645913819145
17837,2,0,0.33082803438189573
17838,5,0,0.07770432662097372
17839,2,0,0.13797959098892398
17840,1,1,0.25868140305662385
17841,5,1,0.5952746806500042
17842,1,0,0.0653670889622353
17843,2,0,0.11441680821030323
17844,4,0,0.3076954202781558
17845,5,0,0.06938568677886182
17846,4,0,0.10401443498629984
17847,2,0,0.08497038943189743
17848,4,1,0.10331544845685546
17849,2,0,0.11830132949922043
17850,5,0,0.14753796989188112
17851,3,0,0.07040796074577234
17852,4,0,0.09562300982527669
17853,2,0,0.3522022470567717
17854,2,0,0.08942964026313642
17855,5,0,0.11034440578837128
17856,1,0,0.11936351256787993
17857,1,0,0.18275947593629624
17858,3,0,0.1794209408552055
17859,1,0,0.16920905751224855
17860,2,1,0.09042279616295884
17861,5,0,0.1301145450115417
17862,4,0,0.13650843984169014
17863,2,0,0.15659886558135327
17864,1,0,0.15790337302246346
17865,2,0,0.1691713083940775
17866,2,0,0.09622978810895641
17867,4,0,0.21395715741555002
17868,3,1,0.6768704425997
17869,3,1,0.18843208801115305
17870,3,0,0.24039511985419526
17871,1,1,0.13384434140108234
17872,5,0,0.3096285375141687
17873,2,0,0.07375709832506867
17874,1,0,0.061509516380008004
17875,5,0,0.17496367786323264
17876,2,0,0.10637629165153228
17877,5,1,0.2209023863523909
17878,1,0,0.053623565106277624
17879,5,0,0.1330812187385486
17880,1,1,0.5949962737166579
17881,2,0,0.10466230845468447
17882,4,0,0.4422392017106108
17883,3,0,0.14531715148083402
17884,1,1,0.7623285672465268
17885,1,1,0.8078590634477854
17886,4,0,0.05353839010737342
17887,2,0,0.1588936653161058
17888,3,1,0.49814864083492955
17889,4,0,0.14402692818914767
17890,1,0,0.1331391218491871
17891,5,0,0.0834916049808394
17892,2,0,0.13248633891704875
17893,2,0,0.11074385566443347
17894,4,0,0.5124707472523665
17895,4,0,0.1741114812627319
17896,2,0,0.10432993783716818
17897,4,0,0.3057964432073356
17898,4,1,0.77152901618666
17899,2,0,0.23829892882449022
17900,2,0,0.08326156988057325
17901,5,1,0.1390116776597007
17902,3,0,0.09673575603793648
17903,3,0,0.4366191227888603
17904,5,0,0.09353896171206293
17905,5,0,0.3920147470826366
17906,2,0,0.2502816223090375
17907,1,0,0.1446730627603273
17908,4,1,0.7257824170581986
17909,3,0,0.12607501793295134
17910,5,0,0.4177877134605042
17911,1,0,0.23215246422554311
17912,5,0,0.09174284156034263
17913,2,0,0.285634475838414
17914,2,0,0.05961044778909552
17915,1,1,0.8371323687566609
17916,3,0,0.1564041252810521
17917,1,0,0.12925873437980245
17918,2,0,0.39759522621061244
17919,5,1,0.13049858334241138
17920,1,0,0.1507807946146062
17921,2,0,0.14107418322657067
17922,2,0,0.03380853320208736
17923,5,0,0.15444354824427628
17924,1,0,0.6828106900215944
17925,5,1,0.1043387469078281
17926,1,1,0.4801320350236244
17927,5,0,0.0816376310246853
17928,5,0,0.14247772812643736
17929,2,0,0.2557886224913528
17930,5,0,0.06836409587391212
17931,5,1,0.13933778591128637
17932,4,0,0.14364216260076532
17933,4,0,0.09511008423757097
17934,1,0,0.37354774573117333
17935,2,0,0.1872898753400778
17936,4,0,0.12170233934038874
17937,1,0,0.06632532850475766
17938,2,0,0.12127750601175266
17939,3,0,0.1479480156842431
17940,4,0,0.1371146262131103
17941,5,1,0.3050814700394829
17942,2,0,0.17525854149731798
17943,4,0,0.07048631267028868
17944,3,0,0.6116579375366823
17945,5,0,0.13427464121443508
17946,2,1,0.1556739229161738
17947,4,0,0.07164200451329363
17948,5,0,0.12721505106657294
17949,2,0,0.14380104889994533
17950,5,0,0.1703187312189335
17951,2,0,0.13341141861154263
17952,5,0,0.21510905196987873
17953,3,0,0.04456550793035901
17954,3,1,0.11965297838990678
17955,1,0,0.12929505439764483
17956,1,0,0.1600966966884822
17957,5,0,0.10647143115192148
17958,4,0,0.09039251355865377
17959,3,1,0.06100803706450082
17960,1,0,0.09856296570309826
17961,1,0,0.108776297016243
17962,1,0,0.16701102834013873
17963,1,0,0.22568588360356087
17964,5,1,0.48323793139537335
17965,5,0,0.12459504419884045
17966,5,0,0.4752015055437361
17967,5,1,0.3349714305038349
17968,5,0,0.060400848833022394
17969,2,1,0.4360738229199081
17970,3,0,0.0768358666142483
17971,2,0,0.12295562989344266
17972,4,0,0.18767906486145397
17973,5,1,0.8160798747557175
17974,3,1,0.7662193076003135
17975,1,1,0.7280760829083582
17976,2,0,0.12005367919610603
17977,4,0,0.12670007177369694
17978,1,0,0.1394123891153342
17979,5,0,0.09240099215153876
17980,4,0,0.1907382766459344
17981,5,1,0.17091742443233948
17982,2,0,0.19380731906438284
17983,4,0,0.6028176154632283
17984,3,0,0.14941190906820823
17985,3,0,0.30741305722895773
17986,1,0,0.11292073819693547
17987,3,1,0.8454729528523892
17988,5,0,0.4182986443193433
17989,5,0,0.1703341528568762
17990,4,0,0.15695631795284007
17991,1,0,0.1448538692903706
17992,2,0,0.38791298847614647
17993,5,0,0.130268386368833
17994,4,1,0.11852382148588325
17995,3,1,0.5515388527716139
17996,2,0,0.15005752258407393
17997,3,1,0.26005088276745203
17998,1,0,0.140144283327055
17999,1,1,0.8199898919624911
18000,1,0,0.09615818516131228
18001,3,0,0.5470014954887212
18002,5,0,0.11880004933137131
18003,4,1,0.10500455663691396
18004,2,0,0.1850099183703865
18005,5,0,0.12843761782013813
18006,2,0,0.12897170987051673
18007,1,0,0.2914697114127994
18008,3,1,0.09706254862422384
18009,2,0,0.19435544706580687
18010,3,0,0.16719701608628412
18011,1,0,0.23925881555220463
18012,4,1,0.2984395537153747
18013,2,0,0.14443615655297906
18014,5,0,0.07411913111817109
18015,2,0,0.15886508573798436
18016,5,0,0.14091684866711623
18017,5,1,0.15187876243241596
18018,1,0,0.113771107296271
18019,3,0,0.1280324121840247
18020,5,0,0.11817050212757221
18021,3,1,0.8079025629236078
18022,2,0,0.09918989777603103
18023,4,1,0.5366348449379474
18024,2,0,0.12845968806695895
18025,3,0,0.12644475853366732
18026,1,0,0.18334336226140016
18027,3,0,0.20371520689082775
18028,2,1,0.05954134672760062
18029,4,0,0.1274549737017424
18030,4,0,0.08465059448695508
18031,5,0,0.1353266374881987
18032,4,0,0.09936781345366716
18033,5,0,0.09068518519737076
18034,4,0,0.11314978561031934
18035,3,0,0.16955801547703409
18036,1,0,0.11250474666440627
18037,2,0,0.5893692150071185
18038,2,0,0.13454874975573353
18039,1,0,0.14578848504441763
18040,1,0,0.1418882015080436
18041,1,1,0.09888911678052054
18042,3,0,0.4213855659197669
18043,3,1,0.7898254803345747
18044,5,1,0.78691370689283
18045,1,0,0.21477699919488283
18046,3,0,0.14655682953539984
18047,4,0,0.11558719777744261
18048,1,0,0.14906447404616088
18049,5,0,0.11341085872633827
18050,2,0,0.21846922731159524
18051,5,0,0.22834805401861047
18052,4,0,0.1275268606276606
18053,3,0,0.07685986700951049
18054,2,0,0.19925365290330943
18055,5,0,0.08195782421198565
18056,3,1,0.6395999746782848
18057,4,0,0.48501013965681405
18058,1,1,0.6478419390528941
18059,3,0,0.06727983562088397
18060,4,0,0.24120111387163956
18061,1,0,0.2262294259095432
18062,5,0,0.07748372429292451
18063,3,1,0.6721547709580493
18064,5,0,0.4655609823435996
18065,3,1,0.7781029814184678
18066,5,0,0.16347694647848557
18067,5,0,0.12763312272955032
18068,4,0,0.20021563934227227
18069,5,0,0.12331139992020772
18070,2,0,0.14448639955932382
18071,2,0,0.14084410813191175
18072,5,0,0.12170928147933814
18073,3,0,0.048353472756470124
18074,2,0,0.14583340187206104
18075,3,0,0.1192391781439464
18076,5,0,0.1444436065698357
18077,3,0,0.10706000673357227
18078,3,0,0.11963281891702668
18079,4,0,0.13292668967878074
18080,1,0,0.0957563307060136
18081,2,0,0.4593772790839991
18082,4,0,0.14438082975629002
18083,2,1,0.1563144056045476
18084,2,0,0.11113204531934152
18085,4,1,0.1804181701222521
18086,1,1,0.20864810290418734
18087,1,0,0.08401119876885921
18088,1,0,0.15889435616656727
18089,4,0,0.194190732980332
18090,4,0,0.1308926909780426
18091,2,0,0.08171388999051317
18092,4,0,0.10599518984140296
18093,4,0,0.10808640975795077
18094,3,0,0.05215683658409136
18095,4,0,0.07949530770441868
18096,4,0,0.12844928514818627
18097,1,0,0.12563991911902836
18098,1,0,0.13066380656665103
18099,5,1,0.39197221456056636
18100,4,0,0.15569228320571174
18101,3,0,0.11670400105586619
18102,4,1,0.7993653569959502
18103,2,0,0.11807868087774383
18104,1,0,0.03860178364383252
18105,1,0,0.2571578410902795
18106,5,0,0.1150446179752301
18107,5,0,0.1078475039560982
18108,3,0,0.0690171223386607
18109,2,0,0.12652957991848107
18110,3,0,0.1261005936702117
18111,2,0,0.06209954015554534
18112,1,0,0.2914880066619788
18113,3,1,0.09913002708640542
18114,2,1,0.30694004828808175
18115,4,1,0.12816548915262316
18116,4,0,0.30265605237386306
18117,2,0,0.12312018794649962
18118,5,0,0.245159329086481
18119,3,0,0.08127853935672773
18120,5,1,0.589658107071185
18121,4,1,0.26455972679439327
18122,5,1,0.1870693169950282
18123,4,0,0.11388618826477548
18124,1,0,0.2225511163835883
18125,1,0,0.2185996745996744
18126,2,1,0.23995208309355598
18127,5,1,0.7375297628634707
18128,2,0,0.30749738687394124
18129,4,1,0.2441580962685559
18130,2,0,0.09223191006709001
18131,5,1,0.157835186723392
18132,3,0,0.11167466843480257
18133,2,0,0.27061324958692046
18134,3,0,0.18120396132309793
18135,3,0,0.09229520087020994
18136,3,0,0.11634320152967932
18137,5,0,0.18978593883820127
18138,1,0,0.14304509620290318
18139,3,0,0.3400007196947448
18140,1,0,0.5474083602684204
18141,4,0,0.04973911365024852
18142,3,0,0.15442844992156732
18143,3,0,0.10478694918304877
18144,1,0,0.40058226301458605
18145,3,1,0.2514560192329948
18146,5,0,0.556341245197036
18147,5,0,0.05746796536599757
18148,4,1,0.46204638939517473
18149,2,0,0.09561367290381785
18150,2,0,0.3095764573180283
18151,4,0,0.11798194256397652
18152,1,1,0.07001302775806169
18153,2,0,0.02453501616392099
18154,5,0,0.1025902760591763
18155,4,0,0.17075134385310903
18156,1,0,0.1305212525036839
18157,2,0,0.5328082698715468
18158,2,0,0.33550607099318264
18159,5,0,0.37988646250932057
18160,4,0,0.12038147718691178
18161,5,1,0.6327544420919499
18162,1,0,0.10362967304030726
18163,4,0,0.741113612446134
18164,3,0,0.12196501430067572
18165,1,1,0.6288838406763395
18166,4,0,0.0712017602505161
18167,2,0,0.0631920694906426
18168,4,1,0.19814962230667948
18169,1,0,0.128614544328702
18170,1,0,0.1886896077650911
18171,2,0,0.3301839775447331
18172,4,0,0.27712927273787763
18173,1,0,0.06182187157071096
18174,2,1,0.11560056582099405
18175,2,0,0.08802820493063669
18176,3,0,0.1359185743128255
18177,2,0,0.6772123811434391
18178,4,0,0.07650449595500342
18179,2,1,0.27452235757686017
18180,4,0,0.19166825493665976
18181,3,0,0.0945336373724554
18182,3,0,0.08379149107995329
18183,2,0,0.11461655578542372
18184,3,1,0.4789739459924546
18185,3,0,0.1500888713272899
18186,4,0,0.1332317209933437
18187,2,1,0.24928816722164526
18188,1,1,0.8147118656350968
18189,2,1,0.16309021275137286
18190,3,0,0.3664173686404425
18191,2,1,0.8507679582368426
18192,1,1,0.8873197754499347
18193,1,0,0.16026970232566112
18194,2,0,0.1499861091699046
18195,2,0,0.1721150352269909
18196,5,0,0.11669183988549783
18197,1,0,0.7895802954500458
18198,4,0,0.11964962067303181
18199,1,0,0.09837408368632349
18200,1,0,0.08280828077962803
18201,5,0,0.09565653279904363
18202,5,1,0.1485047986170595
18203,1,0,0.3058084063297293
18204,5,0,0.058450261309401175
18205,3,0,0.04170622678122162
18206,2,1,0.8710960319013262
18207,5,0,0.14143379333041786
18208,4,0,0.12376490945577058
18209,4,0,0.18144545283996413
18210,3,0,0.10820247474039693
18211,2,0,0.057004457588788866
18212,4,0,0.1369348173426732
18213,4,0,0.1535048716897812
18214,3,0,0.0747168345542667
18215,5,1,0.6219336268820257
18216,4,0,0.15010806390440937
18217,5,1,0.11532554628188128
18218,1,0,0.1684355164276717
18219,5,0,0.41245730154538357
18220,3,1,0.5383893336170313
18221,1,0,0.19629884513355583
18222,5,0,0.08003372513880282
18223,5,1,0.14321866215220555
18224,4,0,0.10586505944878634
18225,5,0,0.12220679993399249
18226,4,0,0.25408474437743966
18227,4,0,0.16161791583286161
18228,5,0,0.10545781106660176
18229,3,0,0.15635127039221167
18230,1,1,0.2321106230546777
18231,5,1,0.3475585035266283
18232,1,0,0.5411784030118413
18233,3,0,0.1429621984530392
18234,3,1,0.6355413447869719
18235,1,0,0.08853126469364407
18236,5,1,0.6515322741944188
18237,2,0,0.14481982693691348
18238,1,0,0.14183011599550302
18239,1,0,0.1250521898123015
18240,3,0,0.09963269922052548
18241,3,0,0.10408654872508069
18242,4,1,0.2392730055048648
18243,5,0,0.5589917582814381
18244,4,0,0.15270248147690724
18245,2,0,0.14251406324908314
18246,4,0,0.17614934039507435
18247,4,0,0.1732820733090695
18248,3,0,0.18075685886312748
18249,4,0,0.12288546192413308
18250,5,1,0.3543417819679433
18251,3,0,0.13731910362253222
18252,1,0,0.3412887410659649
18253,1,0,0.09453757035936095
18254,4,1,0.098920427435705
18255,2,0,0.1344014126921742
18256,1,0,0.19891433074006662
18257,2,0,0.17386056986764586
18258,5,0,0.07135003745386291
18259,2,0,0.28673059927481936
18260,4,0,0.14381186127260748
18261,5,0,0.13899821185621322
18262,2,0,0.40908386363575805
18263,1,0,0.14867950747749836
18264,1,1,0.6659356809248961
18265,4,1,0.19242756797874816
18266,4,1,0.11502724169458006
18267,4,0,0.3154789910754757
18268,1,0,0.2718009141996329
18269,3,0,0.24042995327073052
18270,5,0,0.13085131313043016
18271,3,1,0.20125949914044633
18272,1,0,0.07017878481913066
18273,1,0,0.15697370752268372
18274,2,1,0.7377677396488855
18275,1,1,0.26298456422245575
18276,3,0,0.18966084997787466
18277,2,0,0.7100748203802087
18278,3,0,0.14320947671449955
18279,4,0,0.16085941600020448
18280,1,0,0.13941488489322632
18281,2,0,0.12991035608769527
18282,3,0,0.09224094951055077
18283,5,0,0.23644318667550154
18284,5,0,0.07365504615595653
18285,1,1,0.14930606229631954
18286,3,0,0.09923329642526409
18287,3,1,0.11737048377362455
18288,1,1,0.11853045299021506
18289,5,0,0.6536016171591568
18290,5,0,0.25597558631344247
18291,3,0,0.5528927313001696
18292,3,1,0.8195874754746284
18293,4,0,0.09793445703471579
18294,1,0,0.16471995354546579
18295,2,1,0.8470457982783516
18296,4,0,0.13430509049968167
18297,3,0,0.1774955954938351
18298,4,0,0.09062852473007538
18299,5,1,0.10549902125163588
18300,3,0,0.3398443958784625
18301,1,0,0.06630756290062721
18302,4,0,0.05218422269106196
18303,3,1,0.2149534656626235
18304,2,0,0.11496137114931251
18305,1,0,0.07690555486786303
18306,1,1,0.8733576794941401
18307,5,0,0.09738976865384896
18308,3,0,0.3542417677313899
18309,2,1,0.8388322027860666
18310,2,1,0.6118144936975229
18311,2,1,0.18136707994673837
18312,1,0,0.12988227735263294
18313,2,0,0.12886736423192385
18314,2,0,0.36184647137280196
18315,5,1,0.6276392654710303
18316,5,0,0.17172711401770227
18317,5,0,0.15041503645927634
18318,3,0,0.20923975233067063
18319,3,1,0.1541928601901535
18320,3,0,0.31083098857096964
18321,1,0,0.1336791965346024
18322,3,0,0.13287376051970803
18323,2,0,0.14336410601875677
18324,2,0,0.13742664814968408
18325,5,0,0.6462208391987503
18326,4,0,0.12318194766696784
18327,1,0,0.1096230071070543
18328,1,0,0.07957133251181044
18329,5,0,0.08080662609488069
18330,4,0,0.06265127153877945
18331,3,0,0.17713454192691702
18332,1,0,0.13563563265668216
18333,3,1,0.12310983561248774
18334,5,0,0.078634234247872
18335,3,0,0.09975915336586999
18336,5,0,0.297134057852725
18337,3,0,0.24688480331153287
18338,1,0,0.20401614037663054
18339,5,0,0.10598162414664959
18340,5,1,0.09694918626727939
18341,5,0,0.13804819137283175
18342,5,0,0.13664986383439676
18343,4,1,0.1885075305087292
18344,2,0,0.23229615783994517
18345,3,1,0.1306033537641558
18346,2,0,0.10651244791759235
18347,4,0,0.24201240494374643
18348,2,1,0.12628139794758808
18349,5,0,0.07511069480247946
18350,2,0,0.2119317276181646
18351,1,0,0.1578394378197146
18352,2,0,0.09932562141954002
18353,4,0,0.07594666908878574
18354,2,1,0.805991375009216
18355,1,0,0.10894762971888142
18356,4,0,0.1610357524826623
18357,2,0,0.2503546789497209
18358,2,0,0.09039366274871578
18359,3,0,0.11969036786196484
18360,3,0,0.09312577711840728
18361,3,0,0.13695133058434178
18362,3,0,0.1131688650516349
18363,3,0,0.05605484278109842
18364,5,0,0.11646788586318908
18365,2,1,0.20512052713250217
18366,2,0,0.04760561932623222
18367,2,0,0.15615709803206143
18368,5,0,0.060360454712802505
18369,5,1,0.0904474852468061
18370,3,1,0.7790170165464174
18371,1,0,0.17490141030844872
18372,1,1,0.8223013468122673
18373,3,0,0.0978946711163653
18374,3,1,0.2830893691229049
18375,2,0,0.13836806774854082
18376,3,1,0.10291743542346149
18377,5,0,0.08512094877481757
18378,4,0,0.11572522608919436
18379,2,1,0.5438569898124638
18380,3,0,0.2683032908257093
18381,5,0,0.09110531238168491
18382,3,0,0.19277167948131857
18383,5,1,0.5714112250810921
18384,4,0,0.08661127470114127
18385,1,0,0.12181342430548618
18386,5,1,0.44308617261666283
18387,1,1,0.20363918296542202
18388,2,0,0.10982080977980772
18389,1,0,0.15979627558353074
18390,3,0,0.09780097997760215
18391,2,0,0.11206431975906328
18392,4,0,0.29329180333041416
18393,1,0,0.10467784985560837
18394,1,0,0.2124928801154787
18395,1,0,0.06161043634898562
18396,3,0,0.09076269571016517
18397,4,0,0.8468253353007751
18398,5,0,0.06079918755879142
18399,4,0,0.8720256429741452
18400,5,0,0.11939099992447437
18401,5,0,0.1076370051177204
18402,5,0,0.14031918322586043
18403,2,0,0.11916710246061585
18404,4,0,0.23303826439233166
18405,4,0,0.3489977110956547
18406,5,1,0.17972510484041568
18407,2,0,0.1997945003645264
18408,1,0,0.1351190947856653
18409,2,0,0.0853443740676565
18410,4,1,0.1891783439561512
18411,3,0,0.09646400598059782
18412,5,0,0.4343986182473586
18413,2,0,0.11972596090032632
18414,5,1,0.47978018801142575
18415,4,0,0.28081754027946343
18416,2,0,0.09440993307152723
18417,3,0,0.14106519261858003
18418,5,0,0.14327306996716033
18419,1,0,0.4526992335647387
18420,4,0,0.24804186580556853
18421,5,0,0.0832635470740433
18422,3,0,0.14642628065600075
18423,4,0,0.053384418833521276
18424,2,0,0.37970734983126836
18425,1,1,0.32497985064470963
18426,5,0,0.13435727545871368
18427,2,0,0.4729566139612574
18428,4,0,0.1969361246626354
18429,1,1,0.19165121256462173
18430,3,0,0.10075164277665268
18431,5,0,0.12115676994789201
18432,4,1,0.4943319807750092
18433,3,0,0.12992464256436562
18434,2,0,0.14109497755921685
18435,5,0,0.2749691582967627
18436,4,0,0.0783226139959577
18437,5,0,0.08508440554975412
18438,4,0,0.05510971001181058
18439,5,1,0.8383176145163812
18440,1,0,0.13064534105421816
18441,5,0,0.085565151818449
18442,1,0,0.21689801551481686
18443,4,1,0.2894298347565287
18444,3,0,0.1341455591443787
18445,2,0,0.30347304770776634
18446,3,0,0.11069567881123887
18447,3,0,0.3550336721378448
18448,2,0,0.08270308988507899
18449,2,0,0.15466798438050613
18450,2,1,0.5292673874500478
18451,5,0,0.123815085770667
18452,4,0,0.27656539008929926
18453,1,0,0.14173536527510514
18454,4,1,0.30076353515352583
18455,5,0,0.07930835985114736
18456,4,1,0.33753276205353866
18457,1,0,0.3709842818124029
18458,3,0,0.5261029147505651
18459,1,1,0.6880064890971956
18460,2,0,0.06615759974032576
18461,4,0,0.1312360113319816
18462,5,0,0.15026562224218346
18463,3,0,0.2801051487334814
18464,4,0,0.13548607355404854
18465,1,1,0.10748377767003464
18466,3,1,0.7551591110757745
18467,5,0,0.1677230091589026
18468,3,0,0.3349338292371399
18469,3,1,0.3460932293090076
18470,4,0,0.059557468475173646
18471,4,0,0.09635851449174776
18472,5,0,0.04364221996085579
18473,5,0,0.03372205657310135
18474,3,1,0.1340043014603766
18475,2,0,0.11824534157993202
18476,3,0,0.14022887979493912
18477,2,0,0.1304080075439598
18478,2,1,0.14726643207155235
18479,2,0,0.18055038069032767
18480,3,0,0.14364484835622443
18481,2,0,0.08947158898737059
18482,2,1,0.14840113116027392
18483,4,0,0.11316462792348275
18484,4,0,0.07775198280210895
18485,5,0,0.10798344294270676
18486,4,0,0.09293609793034525
18487,5,0,0.09036569757134118
18488,3,1,0.17798934027641947
18489,3,0,0.603376941487362
18490,2,0,0.14680234401183823
18491,1,0,0.24408448075937128
18492,5,0,0.13459160764441783
18493,4,0,0.13866914854269607
18494,3,1,0.319218872259229
18495,5,0,0.09608682014392306
18496,1,1,0.8595053384626764
18497,2,1,0.07766268355685144
18498,2,0,0.09221474859722677
18499,4,1,0.15900857043422276
18500,2,0,0.1084885895905642
18501,1,0,0.06113348411076276
18502,5,0,0.25702719103923166
18503,4,0,0.09285622695122948
18504,2,0,0.30907836638753466
18505,4,1,0.15365747956976888
18506,1,0,0.07809059270313046
18507,4,0,0.11700041885877535
18508,1,0,0.27396587042455556
18509,4,0,0.21392053287624913
18510,4,0,0.06997338196875837
18511,3,0,0.09662087617935565
18512,1,0,0.10863604595348005
18513,3,0,0.3585321160484318
18514,2,0,0.08676535210905266
18515,3,0,0.7539967078628599
18516,2,1,0.6413997242196183
18517,2,0,0.12148535251769467
18518,5,0,0.06847861301317201
18519,1,0,0.12874271713327481
18520,3,0,0.08033477042379547
18521,3,0,0.08894124816898859
18522,1,1,0.8138914859239544
18523,1,1,0.1497170566136568
18524,5,0,0.12022444255106508
18525,5,0,0.18002919031766695
18526,4,1,0.904820663117254
18527,5,0,0.12191395576149486
18528,1,0,0.12066615396426883
18529,4,0,0.3788017482169215
18530,5,1,0.8626577075782692
18531,1,0,0.11526507951199773
18532,1,0,0.15734239209302492
18533,2,0,0.09689604950836113
18534,5,0,0.22448935178009513
18535,2,0,0.13528806836456772
18536,4,0,0.18298557141257912
18537,3,0,0.15666675252226545
18538,1,0,0.10444930634492589
18539,5,1,0.3839208389222853
18540,4,0,0.12790357817042286
18541,1,0,0.10622885284870662
18542,1,1,0.14990866141936052
18543,2,0,0.097521270998337
18544,4,0,0.13114460248125995
18545,3,0,0.27082809277262143
18546,2,1,0.09599691595713783
18547,4,0,0.18783852261262235
18548,3,0,0.10199994897513437
18549,5,0,0.0918697732319757
18550,4,0,0.08777357954881558
18551,4,0,0.12109336090805817
18552,5,0,0.13434882526989514
18553,4,1,0.4880794734845387
18554,2,0,0.12215098306726428
18555,3,1,0.8388591713665742
18556,2,0,0.09192295140458459
18557,1,1,0.15141634588989755
18558,4,0,0.19938374797660374
18559,3,0,0.07556369330189829
18560,4,0,0.09272794893887
18561,5,0,0.16631088139188566
18562,2,1,0.6454116890918608
18563,3,0,0.14469603103335033
18564,4,0,0.10249431942682065
18565,5,1,0.41166560731625823
18566,1,0,0.08117390245663245
18567,5,0,0.10039033526335082
18568,3,0,0.17753251747132479
18569,5,1,0.1412119279282949
18570,1,0,0.09572878141731483
18571,4,0,0.2299713505259457
18572,5,1,0.5460551698648077
18573,1,0,0.30698832801911874
18574,5,1,0.8288251409571938
18575,1,0,0.07471881099780965
18576,4,0,0.08007225919436252
18577,4,0,0.11161697428013813
18578,2,0,0.15483734351144948
18579,1,0,0.0754926713497309
18580,2,1,0.1901778498614681
18581,4,0,0.12432880592889715
18582,1,0,0.15538872310408444
18583,1,1,0.12336193798007532
18584,1,0,0.19386713643365672
18585,1,0,0.0703540500733777
18586,4,1,0.8614015261183706
18587,4,0,0.1265337803380605
18588,1,0,0.13600216790495712
18589,3,1,0.37003987216639833
18590,1,0,0.34972848336471724
18591,4,1,0.16109044562133198
18592,3,0,0.15322964281556736
18593,2,0,0.14193378235855889
18594,4,0,0.16603680522051786
18595,1,0,0.13253887399735345
18596,5,1,0.6116682448783941
18597,2,1,0.383093291158401
18598,3,0,0.37678404796803044
18599,3,0,0.174424428556571
18600,2,1,0.3399245462331394
18601,4,0,0.20143099141710832
18602,3,0,0.06731522803779667
18603,5,0,0.15174256781923312
18604,1,0,0.1378958830881327
18605,3,0,0.14259111349285505
18606,2,0,0.27323402481813286
18607,1,0,0.05707362819691117
18608,3,0,0.1108456284451151
18609,1,1,0.8662345531016222
18610,5,1,0.11693971971831606
18611,3,0,0.11827232698785528
18612,5,0,0.12063340693371767
18613,2,0,0.08884839734331332
18614,5,0,0.14030770450807134
18615,4,1,0.1482542380341113
18616,4,1,0.10571544242877844
18617,3,0,0.1611848164185817
18618,4,0,0.15228391690142642
18619,4,1,0.11486576371958167
18620,2,0,0.6677283186926432
18621,1,1,0.132584235134878
18622,3,1,0.17940679949249316
18623,4,0,0.131418318530477
18624,5,0,0.1335511971774317
18625,4,0,0.05193946805547356
18626,4,0,0.19423965505849025
18627,3,1,0.11105009903933451
18628,3,0,0.07699740741011518
18629,3,0,0.20266205569417223
18630,1,0,0.0502266518675583
18631,3,1,0.08974769394445166
18632,3,0,0.14585101988315133
18633,3,0,0.1085394288683144
18634,4,0,0.19870681442970786
18635,5,0,0.10207784848752104
18636,5,0,0.40122882448402836
18637,5,0,0.10527850014435779
18638,5,0,0.09097031666128289
18639,3,0,0.31730144151898854
18640,5,1,0.5616581119560088
18641,1,1,0.3449128485954859
18642,1,0,0.1067799852629104
18643,1,0,0.11763319760870755
18644,3,1,0.7970452583562381
18645,3,0,0.14253754437566715
18646,4,1,0.8257330686063686
18647,1,1,0.8217511144659517
18648,2,0,0.07910215636831812
18649,3,1,0.1368263416590068
18650,4,0,0.15692799328003035
18651,5,0,0.09708168487118334
18652,1,0,0.14290255360484078
18653,5,0,0.5037015624483966
18654,5,0,0.1697207244971729
18655,1,0,0.165885982545215
18656,4,0,0.37410895289882196
18657,1,0,0.15451118807732953
18658,5,1,0.5841335804379785
18659,2,0,0.13044911319541205
18660,1,1,0.808086727703806
18661,3,1,0.1490124667143104
18662,3,0,0.19058381776109837
18663,3,0,0.17030625955293957
18664,1,0,0.5054634161513335
18665,3,0,0.07374033886425199
18666,2,0,0.050959924154552035
18667,2,0,0.20856178236354547
18668,5,0,0.1290771893068316
18669,3,0,0.12457177043762636
18670,4,1,0.3456202518929112
18671,3,0,0.1302709357529938
18672,5,0,0.06999798601414664
18673,3,0,0.14498647359336964
18674,2,1,0.44603208672764316
18675,2,0,0.20583546650227558
18676,2,0,0.1608548576647797
18677,1,0,0.09055849961194609
18678,3,0,0.4006607935087768
18679,3,1,0.6707137725241834
18680,1,0,0.18382087189063923
18681,3,1,0.8102318338458931
18682,5,0,0.126572468444204
18683,4,0,0.14151692005753216
18684,1,0,0.17640173238812437
18685,4,1,0.6355759140668984
18686,3,0,0.08497227147092291
18687,1,0,0.0631326042788529
18688,1,0,0.6067276796095642
18689,1,1,0.5854879506296089
18690,1,0,0.5100705049815779
18691,4,0,0.0473073377249931
18692,4,0,0.11078120788819847
18693,3,0,0.14618754710177204
18694,3,0,0.4205233930520554
18695,2,0,0.3106035335137742
18696,2,0,0.09083219881405477
18697,2,1,0.5679673752764541
18698,5,0,0.1444923887994699
18699,5,0,0.4067448956841268
18700,1,1,0.8012919903141297
18701,1,0,0.08758585677935227
18702,5,0,0.21030170183845145
18703,1,0,0.6883496929562881
18704,4,1,0.13199342767454994
18705,1,1,0.8107328747341579
18706,5,0,0.1083088023845243
18707,1,0,0.06883920690221935
18708,4,0,0.09488958605940294
18709,1,0,0.05009360546463402
18710,5,0,0.09931356524876035
18711,1,0,0.07718100489902739
18712,1,0,0.16721927074874382
18713,2,0,0.6517365203795134
18714,1,1,0.8175406647998059
18715,3,0,0.1865867594399848
18716,2,0,0.09564325325374749
18717,3,0,0.5191247605871588
18718,3,0,0.11357826980695634
18719,5,0,0.14559252854399893
18720,2,0,0.07426534221727701
18721,1,0,0.08571322546906593
18722,5,0,0.12520636618197614
18723,2,0,0.1317497022592975
18724,2,0,0.11561174485555445
18725,3,0,0.14742185140279387
18726,4,1,0.4593029365118248
18727,2,0,0.12391786098504838
18728,2,0,0.329832176739016
18729,2,0,0.09437047383793762
18730,4,0,0.09748666589440878
18731,4,0,0.14457501438582734
18732,1,0,0.29723639497959775
18733,3,0,0.191807506998592
18734,3,0,0.11083875318637854
18735,4,0,0.11088878054210467
18736,5,1,0.14411785592515103
18737,3,0,0.10141679132908069
18738,2,1,0.3551655815572762
18739,4,0,0.022234032514613998
18740,4,0,0.09753479432256029
18741,3,0,0.11285315976315642
18742,2,0,0.09719502037842341
18743,3,0,0.12982945086667436
18744,5,0,0.08751674001564162
18745,1,0,0.09040901788270864
18746,1,1,0.4231636560633939
18747,2,0,0.04148962143613779
18748,4,0,0.2570921183937649
18749,4,1,0.5570321597521044
18750,5,1,0.32412428595301956
18751,1,0,0.11416369483778775
18752,4,0,0.0665371220272531
18753,1,0,0.09024709333835756
18754,3,1,0.1301077420822129
18755,3,0,0.10810389400789974
18756,5,0,0.11112546263787339
18757,1,0,0.1750934923977506
18758,5,0,0.06164345049607862
18759,4,0,0.13763704347066327
18760,5,0,0.337934812809521
18761,4,0,0.38630960095078043
18762,1,1,0.26574444041155215
18763,1,1,0.29731533793506165
18764,4,0,0.1138221079745764
18765,2,0,0.10096943720496665
18766,3,1,0.31298262509503505
18767,1,0,0.3824334012525492
18768,3,0,0.15021924676546414
18769,1,0,0.11112743067399562
18770,4,0,0.31269400271368364
18771,5,0,0.10680265439994352
18772,5,1,0.11436557397458637
18773,1,0,0.17812522476775597
18774,1,0,0.13578956013550458
18775,3,1,0.12554288581291317
18776,1,0,0.35658750858521104
18777,2,0,0.19525869930379378
18778,3,0,0.1092301713824164
18779,2,0,0.12799842587252566
18780,3,0,0.15890392869949693
18781,4,0,0.09011094132649797
18782,5,0,0.14019378067878552
18783,2,0,0.2759294620706817
18784,4,0,0.16114007002443573
18785,1,1,0.7070847041290685
18786,1,0,0.0597450875969497
18787,4,1,0.25672056322858944
18788,4,0,0.14125375640140878
18789,4,0,0.24968708396682368
18790,3,0,0.14895063736838612
18791,1,0,0.13003961211079917
18792,1,0,0.14814830033135168
18793,2,0,0.1607430799372032
18794,3,1,0.13943172724444666
18795,2,0,0.09176987592496716
18796,3,1,0.13007574995668264
18797,4,1,0.13571792423919113
18798,1,0,0.5986439641272815
18799,4,0,0.15981776163972575
18800,5,0,0.20711627383814235
18801,4,1,0.1132473200600099
18802,3,1,0.12004166689049503
18803,2,0,0.12383801881296458
18804,5,0,0.08255040295975928
18805,5,0,0.41847126384231487
18806,3,0,0.16536446733527538
18807,2,0,0.27637874967859577
18808,5,1,0.11442467286724806
18809,2,1,0.11255396596321901
18810,1,1,0.12689285445403004
18811,2,0,0.1828431885611135
18812,1,1,0.10634760669867499
18813,5,0,0.13909843741225847
18814,4,1,0.6086078794041727
18815,3,0,0.08431860933458935
18816,3,1,0.770512161075601
18817,3,0,0.7125181263731104
18818,4,1,0.5540841531301564
18819,1,1,0.3781568317841891
18820,1,0,0.08676781702725184
18821,1,0,0.10332554024670444
18822,4,0,0.10508846186945273
18823,3,0,0.14008454540746929
18824,1,0,0.4119642497504386
18825,5,0,0.12936542106895055
18826,1,1,0.6883135236145757
18827,5,0,0.12985808274223448
18828,2,0,0.07594114519092761
18829,4,1,0.6625286346556758
18830,5,1,0.48580004056108433
18831,5,0,0.09720808229418872
18832,5,0,0.17727598034023145
18833,1,0,0.1164346409079251
18834,3,0,0.353949551715088
18835,5,0,0.09830719350274794
18836,4,0,0.09792166668591362
18837,3,1,0.29908713068877374
18838,3,1,0.08434142200884663
18839,1,0,0.2518105736060813
18840,5,0,0.0914806198596152
18841,5,0,0.4171082795304762
18842,3,1,0.8430034387832442
18843,2,0,0.1538198095509541
18844,4,0,0.07794327894204917
18845,4,0,0.1887605587397704
18846,4,1,0.16112303150760696
18847,3,1,0.16281866359478567
18848,4,0,0.16754929854730521
18849,5,0,0.09723237910817324
18850,4,0,0.06386224962787213
18851,4,0,0.1125141105695083
18852,2,0,0.09167154826443158
18853,5,0,0.1193430432009488
18854,5,0,0.1032054748988845
18855,4,0,0.1526024470466725
18856,1,1,0.39753512068750396
18857,5,0,0.14601852609935018
18858,4,0,0.040366337397637994
18859,3,0,0.0482703305946915
18860,1,0,0.10781954419535704
18861,4,0,0.12944601980517068
18862,4,0,0.3106137202245889
18863,1,0,0.1129410611596656
18864,4,0,0.11331242444681043
18865,1,0,0.12241176517726048
18866,2,0,0.1907903960573593
18867,5,0,0.05240862463597073
18868,1,0,0.10389194460491623
18869,4,0,0.08832287398678679
18870,4,0,0.13877171925366355
18871,4,0,0.10048451295039704
18872,4,0,0.17847529860973696
18873,2,1,0.13380868604691096
18874,5,0,0.13205351331448806
18875,5,0,0.1324045308340263
18876,2,0,0.17850775485992934
18877,3,0,0.19315565579352661
18878,2,0,0.2288518968662895
18879,2,0,0.14661670528078877
18880,1,1,0.2978004140501379
18881,3,0,0.12493748231342786
18882,5,0,0.7151408443275761
18883,2,0,0.1336735939414903
18884,4,0,0.11946375648715055
18885,3,0,0.15200086407105132
18886,2,0,0.12418909287629536
18887,4,0,0.1531778460017926
18888,3,1,0.1753828523106316
18889,5,0,0.12091075533484805
18890,5,0,0.14582689135356003
18891,5,0,0.11119366584249217
18892,4,0,0.15462136727275438
18893,4,0,0.14714149795547535
18894,4,0,0.06571748601473484
18895,2,1,0.1218724017405365
18896,2,1,0.14674287516951345
18897,4,0,0.34972515008685645
18898,1,0,0.40589466556585924
18899,4,0,0.0890955720709158
18900,3,0,0.18148589830234732
18901,4,0,0.13358699086010006
18902,4,0,0.13732846496327122
18903,3,0,0.18420833108456128
18904,1,0,0.13651831161614783
18905,3,0,0.3110587914618489
18906,2,0,0.14917322666706187
18907,5,0,0.12325241305431742
18908,5,0,0.10672364383943542
18909,5,0,0.10483608704223453
18910,5,0,0.11937026075295078
18911,3,0,0.15692360274818842
18912,2,1,0.4078113949977534
18913,4,0,0.04205640997008856
18914,2,0,0.13379417881725456
18915,1,0,0.08339692282135425
18916,2,0,0.19172353084078642
18917,2,0,0.1344054419967035
18918,5,0,0.08739073330601808
18919,2,0,0.12184315451219944
18920,2,0,0.08487630976689134
18921,3,0,0.04625261628966086
18922,5,0,0.08241831705691192
18923,3,0,0.11416675543428971
18924,1,1,0.6855475043186416
18925,4,0,0.07605797502629487
18926,2,0,0.22676425345938075
18927,3,0,0.12372198731424278
18928,3,1,0.23683422549876854
18929,4,0,0.468239028522905
18930,1,1,0.8355029539219366
18931,1,0,0.0941201110705332
18932,2,0,0.17224035366620985
18933,5,0,0.12257122704645207
18934,1,1,0.44649995385493063
18935,4,0,0.14768896670097884
18936,2,0,0.28330052704306063
18937,3,0,0.18235488343061385
18938,3,0,0.3829055230408303
18939,5,0,0.12412879408173325
18940,5,1,0.09062087321458624
18941,4,0,0.08706201138856902
18942,3,0,0.11728829794086099
18943,5,1,0.5792263503879903
18944,3,0,0.7261834213756073
18945,2,0,0.22914779062799165
18946,2,0,0.29355582817503956
18947,1,0,0.1781905853076928
18948,2,1,0.7204086502981322
18949,1,0,0.5809750620303566
18950,2,0,0.10454037774232877
18951,1,0,0.0757344555626101
18952,4,1,0.4406362924685958
18953,5,0,0.3784910721054789
18954,1,0,0.13271386044068978
18955,1,0,0.17711855274107713
18956,2,0,0.14422304535633318
18957,2,0,0.07648278854275276
18958,2,0,0.07717221957473723
18959,2,0,0.20563009434457702
18960,2,1,0.5869678736151336
18961,3,0,0.2485425893010658
18962,3,0,0.1402326950411214
18963,1,0,0.1706428107146773
18964,1,0,0.1342059904447084
18965,3,1,0.7827903114248365
18966,1,0,0.10599062063252923
18967,1,0,0.12160656251194994
18968,3,0,0.1602680273790078
18969,3,0,0.1154674198449209
18970,1,0,0.10098524178836317
18971,2,0,0.1297553608797423
18972,1,0,0.1000023051312683
18973,3,0,0.15660112706064644
18974,5,0,0.1647830525981329
18975,2,0,0.08642848130143119
18976,2,0,0.2029825493548728
18977,5,0,0.03724285140660521
18978,4,0,0.1054111554826114
18979,2,1,0.846562285676432
18980,3,1,0.20884657106932822
18981,4,1,0.12461063404968542
18982,2,0,0.22130246099686968
18983,4,1,0.4981474737619364
18984,4,0,0.18407966739122497
18985,3,0,0.356001776024341
18986,5,0,0.2596115734295285
18987,4,1,0.38609537316584913
18988,2,1,0.17380195310070315
18989,4,0,0.2128360619018657
18990,5,0,0.1128293448081133
18991,1,0,0.1437780356823627
18992,3,0,0.11405980521420432
18993,5,0,0.19676801460064755
18994,2,0,0.09561028576378877
18995,2,0,0.1500303554916624
18996,5,0,0.1332514627819983
18997,4,1,0.1679852026060015
18998,5,0,0.09194410265916106
18999,3,0,0.15159722271853665
19000,4,0,0.15710666555271377
19001,3,0,0.15114114249383695
19002,1,0,0.0688696096387104
19003,2,0,0.3917086610546085
19004,1,0,0.0811434820620544
19005,5,1,0.3707998493197487
19006,2,1,0.5523980091340449
19007,1,1,0.10178809366568836
19008,2,0,0.17316312439367745
19009,5,0,0.14201916545961957
19010,2,0,0.12314442967405631
19011,1,0,0.25274261962461697
19012,1,0,0.22901445954288965
19013,4,1,0.8188315330232715
19014,3,0,0.09032335325637944
19015,4,0,0.0780854066229025
19016,5,0,0.03722899383743655
19017,2,1,0.34610430372158796
19018,1,0,0.1751283518936462
19019,4,0,0.05786387238018456
19020,1,0,0.12535752311213436
19021,2,1,0.16188097856388683
19022,1,0,0.11434102469544287
19023,4,0,0.12118940065532016
19024,2,0,0.10695976133418716
19025,1,0,0.10959114110156966
19026,1,0,0.14101153774468725
19027,4,1,0.2013532714063215
19028,3,0,0.22681926857487145
19029,5,0,0.12127575538762729
19030,5,1,0.1225844293917777
19031,3,1,0.12988186742321703
19032,5,1,0.12889326796727688
19033,3,0,0.10811882087470835
19034,1,0,0.10388033223221436
19035,2,0,0.09366048698875452
19036,2,0,0.06346641290348391
19037,2,0,0.1933644741284091
19038,1,0,0.09759726435739893
19039,4,1,0.3774307287637124
19040,4,0,0.13936895927567702
19041,2,0,0.16977667992503992
19042,4,1,0.14960389127556084
19043,4,0,0.2505619083999668
19044,5,0,0.13472019034922886
19045,5,0,0.07943741055355812
19046,2,0,0.08274516906165959
19047,1,0,0.7057876035503213
19048,3,0,0.17251051770061862
19049,3,0,0.09151909610931507
19050,2,0,0.10251151766362393
19051,1,0,0.23915037528411076
19052,5,0,0.1690047908800464
19053,1,0,0.09847276875773828
19054,5,0,0.2573252615760654
19055,2,0,0.1391590953404726
19056,3,0,0.18137603905815886
19057,2,0,0.059038144879968085
19058,3,0,0.17358996255905437
19059,1,0,0.1644135162189914
19060,1,0,0.14619395570525576
19061,1,0,0.11799766330413639
19062,5,0,0.09435296315084774
19063,3,0,0.5870252690072904
19064,2,0,0.030662222009755463
19065,5,0,0.10466136314343465
19066,2,0,0.19742272684187803
19067,3,1,0.5567930402846835
19068,2,1,0.1667846678337852
19069,2,0,0.12293959398062757
19070,1,0,0.211550915998018
19071,5,0,0.1522481117345492
19072,1,0,0.13425979525723006
19073,3,1,0.5244349273201842
19074,1,0,0.22526667733289643
19075,5,1,0.34302693511922744
19076,3,0,0.10195816405881089
19077,3,0,0.08926631527659955
19078,5,0,0.09023136152171532
19079,1,0,0.1859750074995714
19080,1,0,0.14670347373036033
19081,1,0,0.08868343285526575
19082,3,0,0.0736245037937958
19083,1,1,0.5690182538990782
19084,1,0,0.10468074235984427
19085,2,0,0.16379863239958017
19086,5,0,0.17441327937422957
19087,5,1,0.5783754591444721
19088,2,1,0.15519377620536828
19089,2,0,0.320871633009754
19090,5,0,0.17347469599920418
19091,3,1,0.4612113737490468
19092,5,0,0.0807539351880081
19093,1,0,0.10421586475178782
19094,4,0,0.16085937355045646
19095,1,0,0.07376976706276869
19096,1,0,0.10705985257293714
19097,4,0,0.1546648328913725
19098,1,0,0.18743398668609446
19099,1,0,0.12326031004947219
19100,1,0,0.18989717717923793
19101,4,0,0.1704155585703309
19102,5,0,0.1567459777373088
19103,3,1,0.11821916218005829
19104,3,0,0.19411431985828634
19105,5,0,0.7584689911400604
19106,2,0,0.15220468490390882
19107,1,0,0.34567191017251236
19108,4,0,0.14610925001224004
19109,2,0,0.1429313026199819
19110,2,0,0.07585925745797417
19111,2,0,0.122075083454269
19112,2,0,0.5974293892023396
19113,5,0,0.14641658519790335
19114,4,0,0.11481931752345073
19115,3,0,0.12041579773433465
19116,3,1,0.2613281985612578
19117,1,0,0.08625528393781089
19118,4,0,0.15634160543661887
19119,1,0,0.09685868447240822
19120,3,1,0.10630407515904239
19121,3,0,0.13815880965694788
19122,2,0,0.2731353356039656
19123,4,0,0.16421304521671842
19124,5,0,0.12706397903964595
19125,3,0,0.32374772246937517
19126,5,1,0.4942431837060627
19127,3,1,0.7717708796193115
19128,5,1,0.1593051318573494
19129,3,0,0.14599142517081562
19130,2,0,0.08519441904279818
19131,1,0,0.09642594118621009
19132,4,0,0.13583281561659186
19133,2,0,0.06294427754905214
19134,2,0,0.1440816268814941
19135,1,1,0.24987783050800244
19136,4,1,0.7931766092562347
19137,4,0,0.1401798995287126
19138,1,1,0.6696589554956188
19139,1,0,0.26731059326745676
19140,3,0,0.1198994064350085
19141,5,0,0.062010062248930756
19142,5,0,0.18111198944067314
19143,1,1,0.10760890396692273
19144,1,0,0.10362699148195714
19145,1,0,0.1981183565328082
19146,5,0,0.09909154320078441
19147,5,0,0.16593228050326592
19148,4,0,0.07993956103368456
19149,4,0,0.1545621559765966
19150,2,0,0.1365135518125059
19151,4,0,0.2212418772506928
19152,5,0,0.0882806653052798
19153,3,0,0.16114725269392702
19154,4,0,0.2357485937706042
19155,1,1,0.32285243474662945
19156,1,1,0.2949626409250397
19157,5,0,0.1965920226961918
19158,3,0,0.032152467007134575
19159,1,0,0.1537062623398399
19160,5,0,0.14995858619504826
19161,3,0,0.1088089923391735
19162,5,0,0.16523013230313208
19163,2,0,0.12049706551678774
19164,3,0,0.37186092212431
19165,2,1,0.2256735854648254
19166,4,0,0.5635812915214317
19167,4,0,0.12224718452123738
19168,2,1,0.12154987642159946
19169,2,0,0.19538406979639475
19170,3,1,0.7372239274525285
19171,4,0,0.06691733811887537
19172,5,0,0.10385702862204546
19173,4,1,0.8450027276445476
19174,1,1,0.8085425009612863
19175,1,0,0.8741981758625903
19176,2,0,0.4218205721094654
19177,2,0,0.3318198382975774
19178,1,0,0.13782627917485363
19179,4,0,0.6173538078567458
19180,3,0,0.18397672291771144
19181,2,0,0.09776430032446545
19182,4,0,0.16749418438085667
19183,1,0,0.14713451574905378
19184,3,1,0.11587878147393571
19185,4,0,0.07444420943305669
19186,3,1,0.12977438222507615
19187,3,0,0.24360985722061018
19188,5,1,0.8533210719295988
19189,1,0,0.1312809299226226
19190,4,1,0.24766808640843752
19191,5,0,0.10640421287316083
19192,2,0,0.12217518904123971
19193,3,0,0.11322167051359733
19194,3,1,0.17340129265018447
19195,1,0,0.1521473949727569
19196,3,0,0.07305971237994623
19197,4,0,0.05659355038035614
19198,4,0,0.07629321349742522
19199,5,0,0.11198390050466378
19200,1,0,0.28390348832420353
19201,4,0,0.08319558319792586
19202,4,0,0.13195653815976657
19203,3,0,0.30898153086457764
19204,2,0,0.12795852793407486
19205,2,1,0.7305856481215431
19206,5,0,0.05969297037917679
19207,2,0,0.11443847110666777
19208,3,0,0.10642298524455598
19209,2,0,0.37318412204472
19210,2,0,0.1301941493720364
19211,4,0,0.2496234459110313
19212,1,1,0.6192282681940846
19213,1,0,0.1463965950393473
19214,4,0,0.1688333863667935
19215,4,0,0.19590326016083842
19216,2,0,0.09570933228872043
19217,3,0,0.08221249227121794
19218,5,0,0.107005219770461
19219,5,0,0.1902573276244302
19220,2,1,0.7494803402380147
19221,1,0,0.17093495606546547
19222,5,0,0.35919891067665366
19223,1,1,0.46594755055911996
19224,3,1,0.12075418991814266
19225,4,0,0.10003880184456161
19226,3,0,0.10004438975823556
19227,2,0,0.10716298437643011
19228,3,1,0.543221346297536
19229,1,0,0.06712923808538346
19230,2,0,0.08283257534145079
19231,5,1,0.5133317529860454
19232,3,0,0.12402237563113644
19233,2,0,0.11871546363941238
19234,3,0,0.305167141693597
19235,5,0,0.19083788197299079
19236,1,0,0.12690050628966298
19237,4,1,0.10320372419395946
19238,5,0,0.35324838785398127
19239,1,0,0.1492670327237977
19240,5,1,0.2653415686493245
19241,2,0,0.609555204654856
19242,2,0,0.13580901793640388
19243,1,0,0.09820387384399931
19244,5,0,0.16192584740243765
19245,3,0,0.6134053887664527
19246,5,0,0.11080037867719034
19247,1,0,0.18230599871482295
19248,5,1,0.8460644423189683
19249,5,0,0.14897354298907323
19250,1,0,0.20852798629217353
19251,5,0,0.32126119790094126
19252,5,0,0.07733100039981011
19253,5,0,0.8338267166313452
19254,4,0,0.22373905113709994
19255,5,0,0.04814811229262754
19256,1,1,0.1921581341171334
19257,5,1,0.18065750688964743
19258,4,1,0.12340438673144576
19259,4,0,0.15858414481777933
19260,5,0,0.18847683196844478
19261,4,1,0.340986400496652
19262,1,1,0.19479832519741416
19263,4,0,0.09918429386972955
19264,4,0,0.1025713661931024
19265,3,0,0.7138496406232131
19266,1,1,0.13511927634005189
19267,5,0,0.05644258605846252
19268,4,0,0.13719983959324997
19269,5,0,0.06865288815946646
19270,5,0,0.13185667996073186
19271,1,0,0.15382968854686954
19272,4,0,0.1113638470984403
19273,2,0,0.1290889431278698
19274,4,0,0.17740992932285723
19275,4,0,0.06924856951910185
19276,3,0,0.1194251786139774
19277,1,1,0.10188451713447227
19278,5,1,0.5812047988337353
19279,2,1,0.8037545226048074
19280,5,0,0.1694214935273409
19281,5,0,0.41916614605836866
19282,4,0,0.10547026982642313
19283,4,0,0.1354276266178408
19284,4,1,0.6475793413072829
19285,1,1,0.2254735599256433
19286,1,1,0.8084795210600736
19287,3,0,0.10007868417399299
19288,2,0,0.11345600496008475
19289,4,0,0.06487502582422715
19290,2,0,0.07922730185158157
19291,1,0,0.17964321587636026
19292,3,0,0.14333138330493955
19293,1,1,0.1731249687431841
19294,1,0,0.45630610240257535
19295,3,0,0.15068835977700382
19296,3,0,0.21898290278514485
19297,3,0,0.12892601234248088
19298,5,0,0.17131796450291464
19299,3,1,0.804740248304965
19300,2,0,0.11370237357645022
19301,4,0,0.22408481890641813
19302,3,0,0.23559390992531626
19303,4,0,0.16820000301732332
19304,2,0,0.12821229326906522
19305,4,0,0.15471382209615678
19306,5,0,0.05870134097145328
19307,1,1,0.13913925214622405
19308,5,0,0.05527570104576445
19309,4,0,0.08763422859175643
19310,5,0,0.10393941460852535
19311,1,0,0.12500133946601374
19312,1,1,0.44059906890695383
19313,3,0,0.13674047723852772
19314,4,0,0.061656515944801475
19315,3,0,0.11186849621320277
19316,3,0,0.11595549927680675
19317,2,0,0.14723010613301607
19318,5,0,0.11632268022529653
19319,5,0,0.3570670281923655
19320,1,0,0.18839674549279667
19321,5,1,0.1493578809375942
19322,4,0,0.13345737121652618
19323,2,0,0.10915050084648908
19324,4,0,0.13283287963428345
19325,5,0,0.10119078977811481
19326,5,0,0.42425340323940886
19327,3,0,0.15417304248545738
19328,5,0,0.10831831368503742
19329,3,0,0.18839775967972552
19330,1,1,0.10328745222001773
19331,2,0,0.10008707481869442
19332,3,0,0.2950573009990586
19333,1,0,0.08658799853248539
19334,4,0,0.11612822146620265
19335,5,0,0.12871198264104433
19336,3,1,0.1261126212076409
19337,3,0,0.09136007422153763
19338,2,0,0.19949321960194724
19339,5,1,0.16323670551084987
19340,4,0,0.06186804228805687
19341,3,1,0.8056245180067926
19342,5,1,0.5990705468886421
19343,1,1,0.14837434001032573
19344,5,1,0.783455607264474
19345,5,0,0.0632676591789724
19346,2,1,0.8378171037324509
19347,5,0,0.1581965595247705
19348,4,0,0.14965316833102602
19349,4,0,0.1852527365055514
19350,3,0,0.11484551440448747
19351,5,1,0.12887136966199741
19352,4,1,0.6529746597814857
19353,2,1,0.24772890185518906
19354,4,0,0.11708629928239837
19355,1,0,0.13485776954508635
19356,1,0,0.17835053614134921
19357,4,0,0.3722640230125024
19358,1,0,0.20920206071419192
19359,5,0,0.08704399428871025
19360,1,0,0.2604814486887972
19361,5,0,0.2063914171529067
19362,4,1,0.06540798888534782
19363,3,1,0.21833377050961442
19364,2,0,0.6101889843703088
19365,3,0,0.5710501875556002
19366,5,0,0.07502171669118854
19367,2,0,0.37051196279401055
19368,1,0,0.09783870935679617
19369,2,0,0.20902858820560988
19370,2,1,0.08721079133407703
19371,4,1,0.1634725477036842
19372,1,0,0.49196060176927947
19373,4,1,0.16553718473010134
19374,5,1,0.1206210638038258
19375,5,1,0.7203330124998836
19376,5,1,0.15821145286850002
19377,4,0,0.02313159955504792
19378,5,1,0.813739943030581
19379,3,1,0.3447440679379705
19380,1,0,0.10392067117752336
19381,3,0,0.12834481649396232
19382,4,1,0.6518961197718963
19383,5,0,0.3699343217139226
19384,1,0,0.13484030489223275
19385,1,0,0.14179157861147673
19386,5,0,0.10526276001188316
19387,1,1,0.12077897860224157
19388,4,0,0.07217917069273284
19389,2,0,0.11742918727218747
19390,2,0,0.15147597698876655
19391,3,0,0.1027005314067147
19392,5,0,0.061049852430683844
19393,2,0,0.3360006440819219
19394,1,0,0.3494751096478635
19395,4,0,0.11014930152143665
19396,2,0,0.11058449228116662
19397,2,1,0.6386050238601555
19398,3,0,0.11171997384692683
19399,1,0,0.13066533710579456
19400,5,0,0.3524858156036222
19401,1,1,0.13980331160337328
19402,3,0,0.12755409888698924
19403,2,1,0.20583909438338605
19404,2,0,0.13791308117863424
19405,1,0,0.4198854380562463
19406,4,0,0.04510731750639892
19407,1,0,0.12930186292933848
19408,1,0,0.1508427271124933
19409,2,0,0.13031708665785902
19410,3,0,0.29144765050159527
19411,2,0,0.14048477046747446
19412,3,0,0.12346104707080754
19413,4,1,0.09931107920206739
19414,3,0,0.11536176954104682
19415,3,0,0.10653997505848332
19416,2,0,0.08600128352396731
19417,5,0,0.16137626395047686
19418,3,0,0.10125671264886842
19419,1,1,0.11500525150599093
19420,1,0,0.5278882155497172
19421,1,0,0.08297701239975244
19422,1,1,0.14585859823464561
19423,1,1,0.07140765651628338
19424,2,0,0.11391343514977645
19425,4,1,0.09238490141682658
19426,5,0,0.4171053735809793
19427,1,0,0.1260679812640385
19428,5,0,0.11902134555254398
19429,3,0,0.33821850158586436
19430,5,1,0.2023602847291573
19431,3,1,0.15594052329554775
19432,3,0,0.35026330226345115
19433,1,0,0.5314666002785585
19434,2,1,0.3540678542612797
19435,5,0,0.07304088726871645
19436,5,1,0.13568994334826778
19437,1,0,0.08526538639974061
19438,4,1,0.27969441213666746
19439,5,0,0.14698155184362016
19440,5,0,0.13664121358434786
19441,1,0,0.2386825831164162
19442,3,1,0.5911511210007844
19443,2,0,0.06402084253611394
19444,1,1,0.1832399767203275
19445,3,1,0.14033597570075004
19446,4,1,0.13117717838336126
19447,1,0,0.18277610097860508
19448,3,1,0.27720972328888815
19449,4,0,0.15781570361158648
19450,4,0,0.08103138503778168
19451,5,1,0.8219227701832921
19452,3,0,0.10652890407095743
19453,5,0,0.10443138047813491
19454,2,0,0.0794475092241851
19455,3,0,0.17622454007361052
19456,4,0,0.0770426426245433
19457,1,0,0.7507125160924732
19458,4,0,0.0647402242112989
19459,4,0,0.28182100122417303
19460,2,0,0.18090581610279494
19461,3,0,0.11207398532852575
19462,2,0,0.10287566086954383
19463,5,0,0.14120946694505432
19464,4,0,0.0909382024297597
19465,3,0,0.11896115361076588
19466,3,1,0.38698709789129326
19467,2,1,0.3035964244564571
19468,1,0,0.1816043073998671
19469,3,0,0.14745240128186465
19470,3,0,0.4092589862777895
19471,1,0,0.1079121639960946
19472,1,0,0.09971470132235508
19473,5,0,0.07208204800644993
19474,2,0,0.13706129939222006
19475,4,1,0.9227690087131287
19476,5,0,0.041133549199735574
19477,2,0,0.171705965292553
19478,1,0,0.10188583655119231
19479,5,0,0.17231302673447163
19480,2,1,0.6056886860244554
19481,4,0,0.09133546725574775
19482,4,0,0.23655722006031568
19483,1,0,0.18895498036665528
19484,4,0,0.11652139527904849
19485,4,0,0.1432139102670741
19486,1,0,0.05860933135640008
19487,2,1,0.2964313459106743
19488,5,0,0.08707858992521292
19489,5,0,0.25930729206909375
19490,5,0,0.3737098901144804
19491,3,0,0.05313412850999274
19492,4,0,0.1705323152388582
19493,5,0,0.12375789996751367
19494,3,0,0.23713271086344823
19495,5,0,0.09329686674684319
19496,3,0,0.08993632803448233
19497,5,0,0.05453707234514446
19498,5,0,0.10609299341481455
19499,3,1,0.14711662918696874
19500,5,0,0.1424499953492644
19501,5,0,0.12018137487783745
19502,4,0,0.17209506166349123
19503,3,0,0.09233231878723147
19504,5,0,0.14344148765971204
19505,2,0,0.13280789381899263
19506,2,0,0.22481454030053144
19507,3,0,0.11591140517763299
19508,3,0,0.04842340106431797
19509,4,0,0.12709309615095032
19510,1,0,0.16138822656058838
19511,5,0,0.12930655682921596
19512,3,0,0.1743343043101681
19513,4,1,0.7562931991713113
19514,3,0,0.1143047091129681
19515,4,0,0.19703509588158327
19516,5,1,0.19925984433430668
19517,4,1,0.696440305167254
19518,5,1,0.40568095626309447
19519,4,0,0.15344626444169335
19520,5,0,0.0765211697512324
19521,3,0,0.0930541052740224
19522,5,1,0.48072192481369946
19523,4,0,0.09218847648287798
19524,4,0,0.16049628385434397
19525,2,0,0.1308490328066081
19526,3,0,0.15923736002910957
19527,4,0,0.16167662740167757
19528,3,0,0.21190265047300902
19529,4,1,0.07092758949679254
19530,2,0,0.1871460957379468
19531,5,0,0.10450945102181823
19532,3,0,0.1448051126426506
19533,4,1,0.8054254276876854
19534,1,1,0.4825883977255239
19535,4,0,0.2564160451983802
19536,3,0,0.12464993973010505
19537,4,0,0.1131028582268508
19538,1,0,0.12147337167818888
19539,4,0,0.1564336267200343
19540,2,1,0.2843351325275642
19541,5,0,0.4404753096253583
19542,1,0,0.13071629541970378
19543,2,1,0.5809379970547052
19544,2,0,0.05902612464028548
19545,2,0,0.43397890013941304
19546,4,0,0.15098764116427504
19547,1,0,0.4849119443295657
19548,4,0,0.10570480484061502
19549,5,0,0.15989018028561536
19550,5,0,0.1511402777320524
19551,3,1,0.58593450023205
19552,5,0,0.10310637428429002
19553,2,0,0.13091491127261898
19554,2,0,0.14177418053493243
19555,1,0,0.36203581747446084
19556,5,0,0.12251237577158357
19557,3,0,0.08507059358147853
19558,3,0,0.09984439857025758
19559,2,1,0.6261144236695761
19560,4,0,0.0920267943294169
19561,5,0,0.13104148502895865
19562,5,1,0.5709443887041505
19563,2,0,0.11267027950235442
19564,1,0,0.1904950454772169
19565,1,0,0.18393555455981686
19566,4,0,0.06275581164835575
19567,1,1,0.356575635286839
19568,1,1,0.7515385225863406
19569,4,0,0.16434790340081532
19570,5,0,0.7625619982028046
19571,1,1,0.47655702228154617
19572,2,1,0.41008559081475043
19573,3,0,0.8556472091048334
19574,3,0,0.18959575204215398
19575,5,1,0.29584452150369206
19576,1,1,0.176132169803144
19577,5,1,0.13378696752162086
19578,1,0,0.10881721691630783
19579,2,0,0.0497064347392992
19580,1,0,0.1387546472061641
19581,4,0,0.04310458435710983
19582,4,0,0.08242698051332385
19583,2,0,0.09497508940547152
19584,1,1,0.12770853029294
19585,3,0,0.24332947071215769
19586,1,1,0.6557675885275023
19587,3,0,0.11541766807425739
19588,3,0,0.14202190734828776
19589,3,0,0.1400422980421364
19590,1,0,0.18458960272130878
19591,1,1,0.6524926783638888
19592,2,0,0.12917958218863315
19593,4,0,0.10760112366223115
19594,3,0,0.05503478022428669
19595,5,0,0.36053917481207737
19596,2,1,0.18830053114395143
19597,3,0,0.11286347091673034
19598,3,0,0.0996859988847043
19599,3,0,0.10711382597481024
19600,2,1,0.16560194388740349
19601,1,0,0.11495933921625308
19602,4,0,0.13365565297139426
19603,2,0,0.14007305807786194
19604,5,1,0.7930276562776081
19605,1,0,0.12129355781154073
19606,5,1,0.28904981792317014
19607,3,0,0.3603920093464131
19608,4,1,0.23129025863900524
19609,1,0,0.14892122685104608
19610,1,0,0.09769394629221624
19611,2,0,0.1406973392106506
19612,1,1,0.45689205045667713
19613,2,0,0.10104630896592814
19614,4,0,0.045658228859885235
19615,4,0,0.10228080803369409
19616,2,1,0.6306287881924686
19617,2,0,0.1479566280918328
19618,2,0,0.1301999743125205
19619,3,0,0.25791245450346484
19620,2,0,0.15712366271298212
19621,5,0,0.1430235891720868
19622,3,1,0.44393977344850694
19623,4,0,0.039053967652320505
19624,4,0,0.09309420210526416
19625,1,0,0.18010635845779635
19626,5,0,0.2294316110790999
19627,3,0,0.3269941496160763
19628,4,0,0.04928159499347802
19629,3,0,0.11170690384437822
19630,4,0,0.11546078698604206
19631,2,0,0.13646764202471967
19632,3,0,0.13682955337031588
19633,3,1,0.546377280218169
19634,1,0,0.15589436242687224
19635,2,1,0.2212071112142113
19636,2,1,0.8369180172272486
19637,1,0,0.33836478922997154
19638,2,0,0.2620518953306251
19639,4,0,0.21290985583424535
19640,4,0,0.12622732603326672
19641,4,1,0.12779259914489416
19642,4,0,0.1125095549982374
19643,3,0,0.1383535769447474
19644,3,0,0.09424551990251803
19645,3,0,0.06652267589489337
19646,4,0,0.08456717077228058
19647,1,0,0.12094266331289763
19648,3,1,0.31162680393749487
19649,3,0,0.13191545365990298
19650,5,0,0.1419889738276682
19651,5,0,0.11275419976508759
19652,3,0,0.1170438915405867
19653,5,1,0.19866943361882952
19654,3,0,0.10200553307130161
19655,2,0,0.06741789013859664
19656,2,0,0.1371057154272178
19657,2,1,0.21039545812255653
19658,1,1,0.2949830281621572
19659,4,1,0.8683769762975425
19660,1,0,0.7469151854882908
19661,4,1,0.26953584203413355
19662,1,0,0.14012001032284285
19663,4,0,0.09614130889721288
19664,2,0,0.22318656238373874
19665,5,0,0.34038391186203526
19666,1,0,0.14631406537293706
19667,5,0,0.05425275511125843
19668,4,0,0.10950050200413741
19669,3,0,0.1334967681794032
19670,1,1,0.1249150570835173
19671,4,1,0.2709513425031145
19672,4,0,0.13938923979950266
19673,2,1,0.5286562819502385
19674,3,0,0.6361883843223157
19675,4,0,0.09006689223838474
19676,4,0,0.12853497534066854
19677,4,1,0.11143249678205178
19678,4,0,0.10301367150749326
19679,4,0,0.13439843391701545
19680,4,0,0.1440170854841182
19681,5,0,0.13845359932578027
19682,4,0,0.09532621138591411
19683,4,0,0.8637937794408993
19684,5,0,0.28401757651500936
19685,5,0,0.13969001299825007
19686,1,0,0.0822752831791601
19687,2,0,0.1212200265196411
19688,4,1,0.17890551353727777
19689,2,0,0.1256541993621122
19690,2,1,0.11204119797949609
19691,5,0,0.13736623173516466
19692,2,0,0.12480058871879687
19693,1,0,0.11947738113487887
19694,1,0,0.23785531138271018
19695,2,0,0.7186572266228913
19696,2,0,0.0635195320472025
19697,4,0,0.07765507513450526
19698,1,0,0.15514270862395552
19699,2,1,0.8721198738055357
19700,1,1,0.40397359477665523
19701,4,0,0.24957678749289722
19702,2,0,0.061301946432695896
19703,5,0,0.23745681250411468
19704,4,0,0.19932524386997405
19705,1,1,0.15252709734317232
19706,1,0,0.07580199002732269
19707,1,0,0.11439986416398845
19708,2,0,0.3409143624044095
19709,2,0,0.18216310747108055
19710,3,0,0.09316126975062458
19711,4,0,0.7606864813975441
19712,5,0,0.14341948481725614
19713,4,0,0.12147172355393038
19714,2,0,0.12390434489534222
19715,5,1,0.23434982998558507
19716,3,1,0.7987505831778633
19717,4,0,0.40829478874150876
19718,3,1,0.8022117668575527
19719,4,0,0.1340178704427102
19720,3,0,0.11675318465776428
19721,1,0,0.14165148728703272
19722,1,0,0.13162483151073956
19723,2,0,0.11517941078632683
19724,4,0,0.09736928202460321
19725,4,0,0.1381650385287155
19726,2,0,0.13127026354070861
19727,5,0,0.14901529557412482
19728,1,0,0.16275803493637173
19729,4,0,0.10780072055193969
19730,2,1,0.15766883116251515
19731,3,0,0.09130090301221726
19732,5,0,0.1284863005085298
19733,4,0,0.10844358031542953
19734,5,0,0.11853910614422876
19735,1,0,0.24566865400888507
19736,2,0,0.12644501757213447
19737,3,1,0.06539308234278675
19738,2,0,0.308652014173137
19739,4,0,0.1255536010082197
19740,3,0,0.3241925586363509
19741,5,0,0.14577127367881426
19742,1,1,0.22095354153154395
19743,4,1,0.8277755985448706
19744,5,0,0.08538935473283
19745,1,0,0.07376222067788288
19746,3,0,0.15147789077012508
19747,4,0,0.14879277547990927
19748,3,1,0.4195066655694032
19749,2,1,0.16221425430248776
19750,1,1,0.7851789275314826
19751,2,1,0.10228238877690125
19752,4,0,0.06304007318671133
19753,4,0,0.23384806981807169
19754,3,0,0.11876978918275428
19755,2,0,0.05939963706534594
19756,1,0,0.1128513468605409
19757,5,0,0.16847156852439912
19758,5,0,0.13143239697060943
19759,2,1,0.05208418263078152
19760,1,0,0.1494923390115896
19761,1,0,0.12351428946500397
19762,3,0,0.11596353492935128
19763,3,0,0.1439208857940717
19764,1,0,0.10938812110695285
19765,5,0,0.09854181399051734
19766,2,0,0.3860528318421484
19767,2,1,0.37329549934182926
19768,5,0,0.10309545722209655
19769,3,0,0.12295469438176476
19770,2,0,0.33005147663498563
19771,1,0,0.1459290798468686
19772,2,1,0.12575223601889685
19773,4,1,0.1712805625341588
19774,4,1,0.10258570536074696
19775,5,0,0.09939671319099216
19776,5,0,0.11503193125815918
19777,4,0,0.11876981787873639
19778,4,1,0.7827899435597923
19779,4,0,0.07756330241238636
19780,4,0,0.07473915680124875
19781,2,1,0.14034198506620732
19782,1,0,0.11441829570398679
19783,3,0,0.1408356855718477
19784,4,0,0.07855239595059857
19785,3,1,0.604337368756624
19786,2,0,0.10962127969591232
19787,1,0,0.2506719552206761
19788,3,0,0.19876487491694117
19789,2,0,0.1437109493371224
19790,1,1,0.42585311252874863
19791,5,0,0.2694257583861793
19792,5,0,0.537892722619933
19793,4,1,0.2454905345346457
19794,1,0,0.06688554802307964
19795,5,1,0.10222229001836663
19796,4,0,0.12741523052270082
19797,5,0,0.08402907238661182
19798,4,0,0.06741198602636785
19799,4,0,0.15011501476486483
19800,2,1,0.124714626743398
19801,4,1,0.12515601465134069
19802,4,1,0.14918892361564978
19803,3,0,0.174242372238187
19804,2,0,0.24623922451362845
19805,1,1,0.620406506482652
19806,3,1,0.1512971440578707
19807,4,1,0.8661515659734333
19808,1,0,0.12345268628220615
19809,5,0,0.13775456059387575
19810,3,1,0.42807442802992157
19811,4,0,0.13840914393166046
19812,3,1,0.17157295049663224
19813,5,0,0.1502802516625599
19814,1,0,0.06374759695829559
19815,5,0,0.10142132982965243
19816,5,0,0.09660919076517326
19817,4,1,0.17213986254437236
19818,4,0,0.692329752510676
19819,2,0,0.05424979492180055
19820,4,0,0.1788606175586378
19821,4,0,0.07232023951304517
19822,2,0,0.7913453588473214
19823,3,1,0.17866770958713066
19824,3,0,0.10168541432207748
19825,1,0,0.4122753626336455
19826,2,1,0.17812601832790534
19827,1,1,0.7941745630841913
19828,2,0,0.09716902569230783
19829,3,0,0.7448175057730234
19830,1,0,0.44626744743637187
19831,5,1,0.11281670805962897
19832,3,0,0.20893514120874077
19833,3,0,0.11693578479805974
19834,3,0,0.26411262767048743
19835,5,0,0.10957275547158493
19836,1,0,0.1310500844714076
19837,1,0,0.060919367073272085
19838,1,1,0.18144440410751922
19839,5,0,0.10265159128809202
19840,2,0,0.28548010167494203
19841,4,0,0.05550954652560383
19842,2,1,0.6485950354116924
19843,1,0,0.1802735592800255
19844,2,0,0.1440019375341552
19845,4,0,0.6198917429820479
19846,3,1,0.6194923091782676
19847,2,1,0.1258110178752596
19848,5,0,0.09256766439194931
19849,3,0,0.22578552757080023
19850,4,0,0.14930053457838605
19851,3,0,0.34654326871093083
19852,3,0,0.16188552678226872
19853,1,0,0.14168297249827003
19854,5,0,0.07309658605935813
19855,4,1,0.1453819884343571
19856,2,0,0.0811120745033989
19857,2,0,0.12177845679383448
19858,3,0,0.12777636989735483
19859,2,0,0.13437944976857807
19860,2,0,0.08311823885455703
19861,3,0,0.1711113300472596
19862,1,1,0.15547331454045446
19863,2,0,0.3482248865738404
19864,3,0,0.11662521447912755
19865,2,0,0.3734862143748339
19866,3,1,0.1397753186863877
19867,1,0,0.11133732697604433
19868,5,0,0.062349889948809564
19869,2,1,0.8175686769371541
19870,5,1,0.27926379921471944
19871,1,0,0.30604852678813144
19872,2,0,0.06516366210760283
19873,3,0,0.12182103801935523
19874,1,0,0.1377926525369039
19875,5,0,0.163268635443839
19876,5,0,0.10318065825378026
19877,2,0,0.13877083995611256
19878,1,0,0.7876258532693897
19879,1,1,0.4983247268355171
19880,4,0,0.09150105333897379
19881,4,1,0.49887144090612817
19882,3,0,0.12118145823402297
19883,5,0,0.14917781272387526
19884,2,1,0.18207982216795232
19885,4,0,0.64424331245833
19886,5,1,0.1692876691937688
19887,2,0,0.14472306146571964
19888,2,0,0.14917156932514491
19889,4,0,0.11671512341297327
19890,2,0,0.13016653494505329
19891,3,0,0.11778778274683695
19892,2,0,0.1483863939382891
19893,4,0,0.07969521214842111
19894,1,1,0.2905603171454229
19895,4,0,0.05568620770025923
19896,2,0,0.72345574605621
19897,1,0,0.8428152668380737
19898,3,0,0.07049369222077333
19899,1,0,0.09750899300346917
19900,3,0,0.10980603709478401
19901,4,0,0.08211951579842024
19902,4,1,0.760009612553523
19903,5,0,0.14823490617675475
19904,1,0,0.13421168052552154
19905,4,1,0.09350511303323225
19906,1,1,0.8325760430420539
19907,4,0,0.14742397201612734
19908,2,0,0.09206952054651167
19909,5,1,0.7430806843788319
19910,4,0,0.31677989415342933
19911,5,1,0.17681843508464812
19912,2,0,0.07250450639138001
19913,4,0,0.08951009349571043
19914,2,0,0.10795747188669902
19915,5,0,0.0898926062901571
19916,4,0,0.2918023742083127
19917,5,1,0.2987455222772675
19918,3,0,0.1478637273948109
19919,5,0,0.15555050941101173
19920,2,1,0.8708851650843885
19921,5,0,0.09540809305585324
19922,1,0,0.70286522539088
19923,2,0,0.04017239379624988
19924,5,0,0.11937314796640727
19925,5,0,0.25119642670130593
19926,4,0,0.1530196692432277
19927,5,0,0.12587434712621812
19928,2,0,0.11912346110377216
19929,3,0,0.13238616189354893
19930,5,0,0.13405353307935378
19931,1,0,0.11430084010098097
19932,3,0,0.10814308640114442
19933,5,0,0.10031743950880394
19934,3,1,0.027021263836944052
19935,5,1,0.3362469550417004
19936,3,0,0.6896257455385812
19937,2,1,0.3047911542553498
19938,5,0,0.3054311291202382
19939,5,1,0.7862098186721546
19940,4,0,0.10879327734737769
19941,5,1,0.3336328514056726
19942,2,0,0.12065641445891823
19943,2,0,0.16482517298708474
19944,1,1,0.11202196374088784
19945,2,0,0.1117805905499608
19946,4,0,0.37760482800143386
19947,5,0,0.046372126281181036
19948,2,0,0.2678260365794473
19949,1,0,0.030420600024060166
19950,2,0,0.14636346450023377
19951,3,0,0.11642864927876723
19952,3,0,0.1455106417398503
19953,5,0,0.133864123747516
19954,3,1,0.35448491469326654
19955,1,1,0.1707788530042874
19956,5,0,0.6355864597786284
19957,3,0,0.25793564736738994
19958,5,1,0.11427667763592313
19959,5,0,0.14694512253767747
19960,5,0,0.36946886472164786
19961,1,0,0.13285700917187593
19962,2,0,0.1853833412500618
19963,5,0,0.05786929469651285
19964,3,0,0.12797207299715563
19965,5,0,0.0863462495766034
19966,4,0,0.2882221891081341
19967,2,0,0.09751200035040597
19968,5,1,0.11965616234560937
19969,3,0,0.13881481331734014
19970,4,0,0.367014417134593
19971,1,0,0.07264032712312342
19972,1,0,0.10741867312627947
19973,5,0,0.048852441045986586
19974,1,0,0.0669043758528626
19975,2,0,0.10421260483573387
19976,3,0,0.06524331014537603
19977,2,0,0.11164111304240575
19978,4,0,0.1258184780089761
19979,5,0,0.13877031033997467
19980,4,0,0.1382219616131293
19981,2,0,0.1716562160440044
19982,4,0,0.1242508468691822
19983,4,0,0.0673978689258785
19984,2,1,0.6249198476555706
19985,5,0,0.10164150513267066
19986,2,0,0.076976312272525
19987,3,1,0.8673254791124781
19988,4,0,0.12965365365587617
19989,4,1,0.31479043082955227
19990,2,0,0.04973426283115583
19991,2,1,0.6372560581483061
19992,3,1,0.5102268445803734
19993,5,0,0.10851064873627116
19994,1,1,0.8126657633644104
19995,3,0,0.0571149434279507
19996,5,1,0.15785898891322014
19997,4,1,0.8017745822913608
19998,2,0,0.06486841309344797
19999,2,0,0.16208487143512787
20000,2,0,0.12043441867009992
20001,2,0,0.5438587192688731
20002,1,0,0.09437448217219453
20003,5,0,0.2305826351235794
20004,2,0,0.06872914804027942
20005,1,1,0.2380069481731865
20006,1,1,0.13196695814346418
20007,5,0,0.1920175715066904
20008,4,0,0.14050537356136433
20009,5,0,0.14307092087632792
20010,4,0,0.2697901394020378
20011,3,0,0.09743997134188191
20012,5,0,0.12014500533980607
20013,2,0,0.3098759490197374
20014,5,0,0.27656795259349704
20015,2,1,0.12307165606892259
20016,2,1,0.11845954297958561
20017,5,0,0.10019837141805484
20018,4,0,0.09277799501013491
20019,1,0,0.13236351555350173
20020,3,0,0.24523187576377334
20021,3,0,0.08220724333856515
20022,3,1,0.10007603394360927
20023,1,0,0.12382070970110942
20024,2,0,0.16973193358739938
20025,5,0,0.08808984408738421
20026,5,0,0.1369953095525756
20027,2,0,0.11243626680031886
20028,2,0,0.4015395330222785
20029,2,0,0.12420901058919268
20030,2,0,0.10825398914559459
20031,5,1,0.5880165252175966
20032,5,0,0.8068517922022018
20033,3,0,0.09299865121501148
20034,4,0,0.15863135419270996
20035,5,0,0.09804946833843682
20036,5,0,0.12078212482434918
20037,3,0,0.11636419028230778
20038,4,0,0.08869642627347062
20039,4,0,0.09076015024678899
20040,3,0,0.13401146101227215
20041,1,0,0.16817089412482755
20042,1,0,0.22987796990321213
20043,3,1,0.48579463444343
20044,5,1,0.25011825477767036
20045,5,1,0.24908219942750562
20046,1,0,0.1383907791376857
20047,2,1,0.48399155234633207
20048,4,1,0.7705978472758461
20049,2,0,0.16622656355308466
20050,1,1,0.3277527948929672
20051,5,0,0.14836626484483584
20052,5,0,0.08220208167609876
20053,5,0,0.1140294776253371
20054,4,0,0.07604914098230724
20055,1,0,0.09697249843083415
20056,1,1,0.6126037776098306
20057,2,0,0.16369923432127256
20058,1,0,0.07239227610810092
20059,3,1,0.8330375786813038
20060,1,0,0.2943741868613776
20061,3,0,0.1183926042040673
20062,2,0,0.0986956237190674
20063,2,0,0.2381125391306931
20064,2,0,0.5174199418057231
20065,3,0,0.1218390811754523
20066,1,0,0.1120070842988343
20067,3,1,0.044522800635635414
20068,1,0,0.06594901588098333
20069,3,0,0.10650875805461611
20070,5,0,0.10553529976887031
20071,1,0,0.7674886387785518
20072,4,0,0.504354941927396
20073,3,0,0.13957965002091263
20074,3,1,0.19290952889109728
20075,2,1,0.5072880657771442
20076,4,0,0.08351400865962566
20077,5,0,0.17378448642371316
20078,2,1,0.36742291492610746
20079,1,0,0.12476666951766484
20080,4,0,0.11064896873667393
20081,5,1,0.3158967040257218
20082,2,1,0.25961097389754006
20083,2,1,0.16226346047595433
20084,4,1,0.19670411856858994
20085,4,1,0.5715714565502659
20086,2,0,0.12111017342249795
20087,2,0,0.11631258848503813
20088,3,0,0.06414646693190323
20089,3,0,0.13134459129808856
20090,3,0,0.17795226107121728
20091,4,0,0.13448265883822186
20092,3,0,0.046868278827313134
20093,5,0,0.14780809691200958
20094,1,1,0.2435912255284169
20095,3,1,0.38911469991665265
20096,5,0,0.1533460997306548
20097,2,0,0.11352622254565362
20098,5,1,0.45638090467046083
20099,2,0,0.21672204940327242
20100,3,0,0.08274683803503673
20101,1,1,0.2802875809367075
20102,2,0,0.071915427385105
20103,1,0,0.10876225980196776
20104,4,0,0.11077803602698559
20105,1,0,0.11704217026663552
20106,2,0,0.1304005813321247
20107,5,1,0.7805226638014205
20108,2,1,0.20057446990318728
20109,3,0,0.11926157248223364
20110,4,0,0.09290139085667873
20111,5,0,0.05169257380592024
20112,2,1,0.34213260343652874
20113,1,0,0.12029780533691432
20114,5,0,0.15841033308260088
20115,3,0,0.120050141927921
20116,1,1,0.18038787279135454
20117,1,0,0.12150594360257756
20118,1,0,0.16465662088871041
20119,5,0,0.18938134788044816
20120,1,1,0.6683018232332062
20121,1,0,0.10805008422612042
20122,1,1,0.23005770324804597
20123,5,0,0.10854493737044237
20124,3,0,0.10087529113455783
20125,2,0,0.06636315436720773
20126,2,0,0.12489979156616031
20127,2,0,0.22366808950739134
20128,4,0,0.055112305467376325
20129,4,0,0.14686355064507295
20130,1,0,0.13165303058887706
20131,5,0,0.09250011433190967
20132,5,0,0.13433347790400435
20133,4,0,0.10711784874455793
20134,2,1,0.24265666011585313
20135,2,0,0.14724114225765753
20136,3,0,0.11069457147782608
20137,4,0,0.10528358089512617
20138,2,1,0.4008769749023281
20139,5,0,0.13874807078584428
20140,2,0,0.10493895398908296
20141,4,1,0.10423151538591952
20142,1,0,0.20248628541575803
20143,5,1,0.482132515294385
20144,3,0,0.09803127492648221
20145,4,0,0.15260114026329633
20146,3,0,0.20196034302187588
20147,2,0,0.05814401582237332
20148,5,0,0.16017319616267056
20149,1,1,0.7017774133028056
20150,3,0,0.06105706054145596
20151,2,0,0.11339557416180986
20152,3,0,0.09709426162587365
20153,1,0,0.5153432923902858
20154,1,0,0.25530026296984565
20155,1,0,0.1236423491279778
20156,4,0,0.10200459679975192
20157,3,0,0.24727267774323752
20158,3,0,0.1377813431923649
20159,2,1,0.15593633652760655
20160,4,0,0.11013879602460618
20161,4,0,0.5048758042416398
20162,3,1,0.08169648436936859
20163,5,0,0.7106962655059077
20164,1,0,0.0879213803384046
20165,3,0,0.11602192569522365
20166,3,0,0.10307776761936475
20167,4,0,0.6155058031207272
20168,4,0,0.051151019484193885
20169,2,0,0.10338951334830938
20170,4,1,0.4505540233214475
20171,3,0,0.1661136217208166
20172,2,0,0.39143817419300536
20173,3,1,0.30944890453271834
20174,3,0,0.04083893342359027
20175,1,0,0.07193578527178068
20176,1,0,0.1842216825802473
20177,4,0,0.09310883912742084
20178,2,0,0.6791404764568395
20179,1,0,0.1940796284234213
20180,1,0,0.09091166255984438
20181,3,1,0.7309573019163336
20182,1,0,0.11049578764804914
20183,5,0,0.1308851921477993
20184,5,0,0.10292974172774169
20185,2,0,0.12367192239071301
20186,1,0,0.18628035478112712
20187,3,1,0.8559105997399673
20188,1,0,0.12532498753982513
20189,2,0,0.11422225661696973
20190,2,0,0.1984442046790315
20191,2,0,0.03575484793418151
20192,5,0,0.1628392282530714
20193,2,0,0.14220320897760574
20194,4,1,0.7263094317609815
20195,5,0,0.22032668004426262
20196,1,0,0.06866689042993838
20197,2,1,0.36059303553834
20198,1,0,0.13194134072361402
20199,3,0,0.1634196393246621
20200,5,0,0.6578978796961573
20201,2,1,0.12899551774763926
20202,2,1,0.43567207242844774
20203,5,0,0.09130571196283639
20204,3,0,0.1520967073212175
20205,1,1,0.12367464489111189
20206,3,0,0.1327615052954798
20207,1,1,0.11144175391903711
20208,4,0,0.2662726170062434
20209,5,0,0.5058290046713135
20210,1,0,0.1902708660025779
20211,5,0,0.27089443358687865
20212,3,0,0.10397364255040789
20213,4,0,0.10612883027605585
20214,3,1,0.12401994785840773
20215,4,0,0.14009963606389292
20216,1,1,0.47727920689136605
20217,2,0,0.09411641425450751
20218,5,0,0.060766240465831095
20219,3,1,0.2690279236654076
20220,5,0,0.045769879796947216
20221,1,0,0.09659472371772736
20222,3,0,0.1181535082215984
20223,2,0,0.6754579871902656
20224,1,0,0.15944961502217336
20225,1,0,0.105773598891982
20226,5,0,0.17855662565755878
20227,3,0,0.14476773755945122
20228,1,0,0.12628735500327193
20229,5,1,0.8212495334999245
20230,2,1,0.12366068570533681
20231,2,0,0.06396536068289878
20232,1,0,0.11654441036109253
20233,3,0,0.2102654675945825
20234,1,0,0.11296891943345819
20235,4,0,0.07188002935913562
20236,5,0,0.34064197441782207
20237,5,0,0.15654601918963942
20238,5,0,0.16474024155996347
20239,2,0,0.05386809544926677
20240,4,0,0.1340021240230219
20241,5,1,0.35719340046065134
20242,2,0,0.10915249975207134
20243,5,0,0.47306937015158756
20244,2,0,0.12008096356147167
20245,3,1,0.7730768379202925
20246,1,1,0.4841027371183102
20247,4,1,0.9193019033670913
20248,4,0,0.10466959499868066
20249,2,1,0.6411627019897425
20250,1,0,0.1063129650293688
20251,4,1,0.19013039021590397
20252,2,0,0.2397404207586609
20253,2,0,0.1252021350464264
20254,5,0,0.03705944433978058
20255,4,0,0.07607244182197698
20256,4,0,0.1333630434277316
20257,1,0,0.12152414696887803
20258,1,1,0.7038677054489857
20259,5,0,0.10070656024038808
20260,2,1,0.4419462327652946
20261,5,0,0.1335099414493213
20262,4,0,0.08611779844155927
20263,3,1,0.11347097634523415
20264,5,0,0.14704821039852664
20265,4,1,0.17119052433246207
20266,4,0,0.05033017969115032
20267,3,0,0.19216513452051479
20268,3,1,0.39207005059636185
20269,2,0,0.04251069931714705
20270,5,0,0.3038345657288612
20271,3,0,0.16359105666462215
20272,4,0,0.19065731709092396
20273,2,0,0.2029598171153252
20274,4,0,0.115861109992338
20275,1,1,0.16325779200417082
20276,4,0,0.10943730244770306
20277,2,0,0.12400873512458754
20278,2,0,0.15403545848130032
20279,4,1,0.18423646342842115
20280,3,0,0.14653568432242364
20281,4,1,0.6614537023954147
20282,5,0,0.19614359375007637
20283,2,0,0.14902880127459311
20284,3,0,0.31742344863940125
20285,1,0,0.12786997035978132
20286,4,0,0.14171284638909426
20287,4,0,0.164343885042201
20288,1,0,0.1255935919362771
20289,1,0,0.09115850557734556
20290,4,0,0.23065345504936036
20291,1,0,0.13137333889487257
20292,5,0,0.13540161174650353
20293,3,0,0.11376024250789385
20294,5,0,0.19339312763393826
20295,3,0,0.7058453905587483
20296,2,0,0.10896116885352757
20297,4,0,0.06915935321517763
20298,4,0,0.35287894562820293
20299,3,0,0.1233276206172706
20300,1,0,0.2657977685700126
20301,1,0,0.16505383172379692
20302,1,1,0.1314313723458991
20303,1,1,0.8161285517245119
20304,1,0,0.19603548012069
20305,3,0,0.6905750318427909
20306,3,0,0.28396353805067953
20307,3,1,0.5321212891319527
20308,2,1,0.541565440593028
20309,4,0,0.12661856549976164
20310,1,0,0.18817011901942324
20311,1,0,0.06924872858437418
20312,2,1,0.39280346851539644
20313,2,0,0.06443893669702726
20314,5,0,0.07397108405524856
20315,2,1,0.5693230811805496
20316,1,0,0.4139013430256959
20317,3,0,0.15194519125375858
20318,5,0,0.126730280144573
20319,4,1,0.2246402334538436
20320,3,1,0.13684978622789495
20321,1,0,0.22168851213474694
20322,2,1,0.7753622290849995
20323,5,1,0.27388914175215173
20324,3,0,0.14678156626049862
20325,2,1,0.2169610615663333
20326,4,0,0.07331499864142448
20327,1,0,0.1351943285766426
20328,1,0,0.06325207442996449
20329,4,1,0.15082805922924633
20330,3,0,0.10567297518243544
20331,4,0,0.127373956954119
20332,1,0,0.06649078785899758
20333,2,0,0.1179881078448642
20334,4,0,0.1923661793082832
20335,4,0,0.23321391510200098
20336,3,0,0.09604036177477884
20337,1,0,0.11970070564719987
20338,4,1,0.096383732524633
20339,5,0,0.1195169079660551
20340,3,1,0.2441244310968752
20341,3,1,0.1730310965379776
20342,1,1,0.19783608549220563
20343,2,0,0.27618532150154385
20344,1,0,0.11906141172825462
20345,5,0,0.1379875020350579
20346,5,0,0.17198260792538372
20347,4,0,0.1249070929568112
20348,4,0,0.1680475403524074
20349,3,0,0.1127365136552026
20350,5,0,0.06756731152663821
20351,3,0,0.6125624751258095
20352,2,0,0.12368525825638622
20353,2,0,0.140834232890128
20354,3,0,0.11666119007737968
20355,4,1,0.3669302401142915
20356,4,0,0.37897326994366143
20357,1,0,0.1058128395160689
20358,5,0,0.1463164900669377
20359,3,0,0.09202330071563672
20360,5,0,0.6545552945797526
20361,1,0,0.11918287677950203
20362,1,0,0.12357467868210144
20363,3,0,0.2663574192340172
20364,3,0,0.2457558811716115
20365,4,1,0.11601251846139922
20366,4,1,0.4485699369022856
20367,2,1,0.2941876779914523
20368,4,0,0.14815059822808244
20369,1,0,0.11115611279292674
20370,4,1,0.28438856863607054
20371,3,1,0.22874257963148362
20372,2,1,0.6866707393151494
20373,5,1,0.12126395064183308
20374,2,1,0.12963364935934404
20375,3,0,0.123474328110945
20376,5,0,0.16308272000419008
20377,1,1,0.3725894447942024
20378,5,0,0.1017628567531796
20379,2,0,0.09632803535208756
20380,5,1,0.5769797644410769
20381,3,0,0.1855166105606897
20382,3,1,0.43260106122688796
20383,5,0,0.19512250504113296
20384,1,0,0.16301934924259304
20385,3,0,0.3641159774060669
20386,4,0,0.13907221935651598
20387,5,1,0.5911125397451117
20388,5,0,0.08066933510611962
20389,1,0,0.32502761122476304
20390,3,0,0.24634973445728559
20391,2,0,0.08837283423173783
20392,3,1,0.13903848507822514
20393,2,0,0.8941949802691005
20394,3,0,0.7878133692167032
20395,3,0,0.08049024762706544
20396,1,0,0.26377669624855893
20397,1,0,0.08521821669790555
20398,5,0,0.07891733051200416
20399,1,0,0.12573148808378593
20400,4,1,0.35151605559789106
20401,4,0,0.13310863509270915
20402,4,0,0.16139443568780645
20403,3,0,0.09594388425603127
20404,5,0,0.12251651235198471
20405,2,0,0.07014254564857204
20406,3,0,0.10513725603539814
20407,1,0,0.08924152367431055
20408,2,0,0.26069062864513026
20409,5,0,0.1458101087652711
20410,4,0,0.19427421151210977
20411,2,0,0.09295739283522346
20412,4,0,0.12055792856929076
20413,5,1,0.10625160791280042
20414,3,0,0.21293357315168027
20415,1,0,0.16499602542881123
20416,5,0,0.22050256487164713
20417,2,0,0.3176556602582592
20418,1,0,0.3065979592217511
20419,4,0,0.13827741796163182
20420,2,0,0.29646917469342365
20421,4,0,0.67743139241538
20422,2,1,0.8304327456269851
20423,5,0,0.14492739523204434
20424,1,1,0.1244487063576296
20425,3,0,0.8138182666235669
20426,1,1,0.6215831934740923
20427,3,0,0.12358506392085984
20428,5,0,0.1740409238759245
20429,2,0,0.1084619841700265
20430,1,0,0.1846903640145732
20431,1,0,0.1339376767657668
20432,2,0,0.14490729127113486
20433,2,1,0.2145041146668498
20434,2,0,0.1191484136772847
20435,5,1,0.41934318268173165
20436,4,0,0.11399197174332809
20437,2,0,0.3519397308486047
20438,3,1,0.19213540878027144
20439,1,1,0.11689279965305893
20440,1,0,0.09713978959397804
20441,4,1,0.11361661719849482
20442,2,0,0.1995232576294368
20443,4,0,0.09914037751860381
20444,1,0,0.24649828959200965
20445,5,1,0.49529998002182657
20446,3,1,0.7897674871064826
20447,3,0,0.13503078099165747
20448,4,0,0.08432392384565131
20449,3,0,0.1085100524507525
20450,2,0,0.11890766633690039
20451,2,0,0.1001845209248568
20452,4,0,0.6866287275161896
20453,3,0,0.11873898786182828
20454,3,0,0.3184446179210332
20455,3,0,0.08624560572567395
20456,4,1,0.6539557023265421
20457,3,0,0.09510013161098649
20458,2,0,0.2409779604834923
20459,2,0,0.11206248980937582
20460,4,0,0.11246136630462751
20461,3,1,0.14079032371252134
20462,4,1,0.29877319085635323
20463,1,0,0.21439190786580145
20464,1,0,0.4134207353553876
20465,3,0,0.09284347939388174
20466,5,0,0.0703356482746108
20467,5,0,0.6820240758218845
20468,5,1,0.877056010497566
20469,3,0,0.13786809695259908
20470,1,0,0.06947360071809124
20471,2,1,0.7658569619871689
20472,2,0,0.5505279599972751
20473,5,0,0.20932099432636694
20474,1,0,0.2753405787228528
20475,2,1,0.1642091572337807
20476,4,0,0.11319545726957443
20477,5,1,0.7225890491490974
20478,3,1,0.562650111312989
20479,5,0,0.15731559005829263
20480,3,1,0.7617068484655847
20481,4,1,0.129043798636459
20482,4,1,0.3834836279276734
20483,4,0,0.06527884412040118
20484,3,0,0.07574341237513184
20485,1,1,0.09468919855449581
20486,1,0,0.1320428654681477
20487,4,0,0.16595256226229502
20488,1,0,0.11952489142650367
20489,1,1,0.16977693068303232
20490,5,1,0.3655999459063196
20491,5,0,0.45733192982099163
20492,2,0,0.0765638574404273
20493,3,0,0.1062989813977207
20494,1,0,0.18379277614881623
20495,3,0,0.08437923958057615
20496,4,0,0.06371241639182736
20497,4,0,0.18948507135493162
20498,4,0,0.32541629024990615
20499,4,0,0.07472662358848732
20500,4,0,0.3343014332598503
20501,5,0,0.13676910283787486
20502,5,0,0.14792998605595215
20503,1,0,0.13779124390274433
20504,1,0,0.11707810072325858
20505,1,0,0.16623037134699745
20506,4,1,0.519237233100771
20507,3,0,0.24372452401537315
20508,5,0,0.15233588759858105
20509,3,1,0.2977964072297833
20510,5,0,0.12108505203282204
20511,5,0,0.28563183161879635
20512,1,0,0.16459898725619806
20513,4,0,0.13572198540623118
20514,2,0,0.2284186707559536
20515,4,1,0.8638366631691735
20516,3,0,0.12617286830376723
20517,4,1,0.17557680804815343
20518,2,0,0.09412028182314879
20519,5,0,0.10100922712300645
20520,1,0,0.12768241768831493
20521,2,1,0.7033249667673057
20522,3,0,0.1492859599378932
20523,4,1,0.295391040928955
20524,3,0,0.13627690342827825
20525,2,0,0.09820803878548558
20526,1,0,0.08339758743937926
20527,4,0,0.11908861579667782
20528,3,0,0.15449584276598216
20529,1,1,0.2677710934954259
20530,4,1,0.123382583212303
20531,5,0,0.13499565764947535
20532,4,0,0.2596985675296552
20533,2,1,0.3917734758084005
20534,1,0,0.7222841831579101
20535,1,0,0.10190673396301685
20536,5,0,0.12418614145133713
20537,5,0,0.05419998932972759
20538,4,0,0.08097810033263282
20539,4,1,0.8767857343817708
20540,5,0,0.18327000412963104
20541,1,0,0.08856532637088348
20542,1,0,0.1114380412486469
20543,1,0,0.24961561275309077
20544,2,0,0.11190275072970075
20545,1,1,0.10992938142734736
20546,2,0,0.08793097384185873
20547,1,1,0.8227547617345553
20548,1,0,0.075782733457467
20549,5,0,0.10317732386602536
20550,1,0,0.04090868824409269
20551,2,1,0.532311363638734
20552,1,0,0.16044193014659225
20553,5,1,0.747483033703864
20554,4,1,0.13167771213978052
20555,1,0,0.11218402321868798
20556,3,0,0.09517532451815561
20557,4,0,0.2584657927516691
20558,3,1,0.15932424010754279
20559,1,0,0.10720850177374723
20560,5,1,0.7308695295056783
20561,4,0,0.11338737773075971
20562,5,1,0.5406231515415238
20563,4,1,0.46649900782498865
20564,4,0,0.09815068213690158
20565,3,0,0.3228686994126468
20566,2,0,0.10255450338373606
20567,5,0,0.1226173625546336
20568,3,0,0.1464863373427879
20569,1,0,0.2993505308708055
20570,1,0,0.10384729422880869
20571,5,0,0.16822693041328973
20572,5,0,0.12788789828063482
20573,1,1,0.16798859549654935
20574,1,0,0.085897995620043
20575,4,0,0.11261684956539751
20576,3,0,0.10384149215899763
20577,2,1,0.1946891534569819
20578,1,0,0.08614801365851484
20579,2,0,0.1493640819775637
20580,2,0,0.1331439774381463
20581,5,0,0.10436330651480233
20582,5,0,0.09568110242090264
20583,5,1,0.1655885714595932
20584,2,0,0.09883518874272854
20585,1,1,0.2427014997072054
20586,2,0,0.1283923954560847
20587,3,0,0.2582390793592318
20588,4,0,0.8481097740715264
20589,2,0,0.10725399551350441
20590,3,0,0.26744229693457783
20591,2,0,0.053124950619593644
20592,5,0,0.10705228329323548
20593,5,0,0.333106200868847
20594,4,1,0.168689082118911
20595,3,0,0.1560295216454375
20596,4,1,0.12916563716815618
20597,5,0,0.24272888147181917
20598,1,0,0.1650840161060591
20599,1,0,0.1186591307092829
20600,1,0,0.09621192315346022
20601,5,1,0.14143248920378476
20602,4,0,0.2593149470413219
20603,4,0,0.07329314331644368
20604,2,0,0.2837298897147228
20605,3,1,0.13338431863708178
20606,4,0,0.13629733708027333
20607,2,0,0.07600515679298359
20608,2,0,0.18393874521416093
20609,5,0,0.10616750587554337
20610,5,1,0.6420829511525948
20611,4,1,0.655206533835959
20612,2,0,0.11467835974003239
20613,1,0,0.10665325789778494
20614,4,0,0.08254005196331059
20615,2,1,0.3927990657472179
20616,2,1,0.6539113315023873
20617,1,0,0.10120326768705634
20618,4,0,0.09194400128507324
20619,4,0,0.12962048531625125
20620,3,0,0.14916888520265614
20621,5,0,0.12213247856005316
20622,5,0,0.11836287593015128
20623,1,0,0.13410755456264478
20624,4,0,0.10272863221031998
20625,3,0,0.6715946596813969
20626,2,1,0.25313872924721964
20627,3,0,0.15123643648971918
20628,5,0,0.24804150566575817
20629,4,0,0.07703602177914491
20630,2,0,0.09728794150865896
20631,4,0,0.15632019867033822
20632,3,0,0.08187144133275331
20633,4,0,0.13182011153848816
20634,5,0,0.2530031908978161
20635,3,0,0.19375851320479867
20636,1,0,0.1899342756127166
20637,1,0,0.1381722166844596
20638,5,1,0.15396539929855102
20639,1,0,0.06533105277571086
20640,2,0,0.211628588501152
20641,5,1,0.2869327595903628
20642,2,0,0.0774409342181109
20643,2,0,0.1757505511054551
20644,2,0,0.3986519832583164
20645,4,0,0.17199293556500636
20646,4,0,0.0675893168969732
20647,1,0,0.11047181924855651
20648,3,0,0.2480248781697171
20649,5,0,0.08239726077565174
20650,1,0,0.135966964195977
20651,2,0,0.11069878197943324
20652,4,0,0.12327065051022279
20653,5,0,0.08362911858107966
20654,1,0,0.13923451430179878
20655,3,0,0.2561023364052334
20656,1,1,0.3989492227605034
20657,2,1,0.3169344479012882
20658,1,0,0.12879980587038434
20659,5,0,0.7626968740821705
20660,5,0,0.1864105555437248
20661,5,0,0.09242462557682149
20662,1,1,0.5568434718877275
20663,3,0,0.22487731927909582
20664,3,0,0.2583630923159529
20665,2,0,0.18834471650727558
20666,1,0,0.12665275418060112
20667,2,0,0.16284578966338095
20668,5,0,0.09973414642462686
20669,4,0,0.12111691534279784
20670,2,0,0.13842071407052559
20671,1,0,0.10517831303501025
20672,2,0,0.1915316571933228
20673,2,1,0.7740926806119912
20674,2,0,0.06871563684645578
20675,5,0,0.10775297374890065
20676,5,1,0.12377675939338868
20677,2,0,0.5561967160660761
20678,1,0,0.14049635784688363
20679,5,1,0.1446714320046879
20680,5,0,0.07995642366513604
20681,5,1,0.14554920239437083
20682,4,0,0.10770365801374637
20683,3,0,0.2399565761613574
20684,4,1,0.8148883094260074
20685,5,1,0.2591693608946677
20686,4,0,0.3874773307742497
20687,5,0,0.12192859661947845
20688,4,1,0.134349410773381
20689,2,0,0.10179172270052918
20690,5,0,0.06488761903739837
20691,1,0,0.0843586071624236
20692,5,0,0.15913105540272923
20693,2,0,0.15168087490116539
20694,1,1,0.14806996423570437
20695,4,1,0.3590951648397259
20696,5,1,0.36923275649600606
20697,4,0,0.2827114474480861
20698,4,1,0.8468634595923449
20699,4,1,0.6329449491540682
20700,4,0,0.08888888229912116
20701,2,0,0.12172450135293031
20702,1,0,0.11909344395172773
20703,2,1,0.44701334240866425
20704,5,1,0.12314259182304539
20705,5,0,0.057505228004149166
20706,3,1,0.461620155730295
20707,4,1,0.4879465226553642
20708,5,0,0.13069221022795124
20709,5,1,0.11838907759055228
20710,5,0,0.1287019533139179
20711,2,0,0.3831176708443003
20712,4,1,0.10840485679244793
20713,3,0,0.089979597717913
20714,4,0,0.1334942432598422
20715,4,0,0.05629033363030836
20716,2,1,0.18669351409893536
20717,4,0,0.13433082441463798
20718,2,1,0.1363870406317237
20719,3,0,0.09750047925238652
20720,4,0,0.11877005463283583
20721,4,0,0.46917072200030097
20722,4,0,0.14131743433870747
20723,1,0,0.05236132693860918
20724,5,0,0.2556205556428702
20725,2,1,0.7880922940065245
20726,3,0,0.10982513070298351
20727,4,1,0.8869587218840229
20728,1,0,0.3841978259359448
20729,4,1,0.07480687477652226
20730,1,1,0.6413495898750683
20731,2,0,0.11822741748955934
20732,5,0,0.18623626393599899
20733,1,0,0.13481287150952542
20734,5,1,0.12720125363225723
20735,5,0,0.13185275889779038
20736,4,1,0.13952342579539787
20737,4,1,0.33968059578968934
20738,2,0,0.1698370279694453
20739,2,0,0.25967644505338744
20740,2,1,0.7757573779667688
20741,2,0,0.055876577595092465
20742,2,1,0.1993744900774136
20743,3,1,0.3765121941841837
20744,1,0,0.12429533547450287
20745,1,0,0.08041709933271814
20746,4,0,0.29598362440676124
20747,4,1,0.2719988733886669
20748,1,0,0.19599796284854296
20749,3,0,0.12575201203900607
20750,1,0,0.09822794197137054
20751,2,1,0.77533554527981
20752,5,0,0.32810395651911267
20753,5,0,0.0975653385356259
20754,5,1,0.8839126621677067
20755,2,0,0.2543931755291591
20756,4,0,0.14887145167801394
20757,2,0,0.053162145605317276
20758,1,0,0.05768024498753105
20759,5,0,0.2846853852904668
20760,3,0,0.1404813002528306
20761,2,0,0.14705993182679883
20762,5,0,0.10253773060588901
20763,4,0,0.11193282953442964
20764,1,0,0.09710945823509197
20765,1,0,0.13745579255736284
20766,2,0,0.28488421191917584
20767,3,1,0.5781244157361483
20768,1,0,0.2111763629447597
20769,3,1,0.14393931102970894
20770,3,1,0.1376568749238888
20771,4,0,0.1721640996090569
20772,2,0,0.12031919573604348
20773,5,0,0.10532520252419582
20774,2,0,0.16022115769580225
20775,4,0,0.15243279634871973
20776,2,0,0.19448489232754929
20777,1,0,0.06361109485456598
20778,3,0,0.09900492115594582
20779,5,0,0.12662623089213548
20780,1,0,0.06738612818736953
20781,1,1,0.4471132296541878
20782,3,0,0.051364295844464496
20783,4,1,0.13159967875513034
20784,1,1,0.3133480345483883
20785,4,1,0.12182702441700988
20786,1,1,0.147429945774705
20787,5,0,0.0632221085052631
20788,2,0,0.19798936237243897
20789,2,0,0.12346552518940467
20790,2,0,0.1307699714725753
20791,5,0,0.17393668810413304
20792,4,0,0.6079210987690511
20793,2,0,0.06728530960153935
20794,1,0,0.1385433275351
20795,2,1,0.6051432510764418
20796,5,1,0.15646700199134828
20797,2,0,0.13200540229097849
20798,3,1,0.08818399348663339
20799,3,0,0.14020676097678178
20800,4,0,0.19109739547242138
20801,2,1,0.6936477482493781
20802,4,0,0.17163063747911694
20803,2,1,0.16734849822988662
20804,1,0,0.062351880128004425
20805,2,1,0.060603772750258744
20806,3,0,0.24371917971889867
20807,3,0,0.18402007777836116
20808,1,1,0.19250187771839755
20809,3,1,0.5322750278376968
20810,4,0,0.08194942539419336
20811,3,0,0.1378784603405353
20812,4,0,0.8231477181078094
20813,1,0,0.24922548465631855
20814,4,0,0.12896533775198915
20815,3,0,0.12410145100293335
20816,2,0,0.11362405141773362
20817,3,0,0.06569308665126021
20818,4,0,0.11698461853415179
20819,5,0,0.13756177885919804
20820,4,1,0.1469830085470898
20821,2,0,0.20895967145563024
20822,3,0,0.34393673450335505
20823,4,0,0.10596975165092284
20824,2,1,0.17996153774885568
20825,1,0,0.13155201006397896
20826,1,0,0.12164831722716593
20827,2,0,0.1480822439130659
20828,2,0,0.133321057170892
20829,3,0,0.13240384264962865
20830,5,0,0.127138879605029
20831,5,0,0.14993291820048438
20832,4,0,0.1879459366931909
20833,4,1,0.7421214872975959
20834,3,0,0.046427975623586644
20835,1,0,0.09783691800236945
20836,1,0,0.08740856908361137
20837,1,0,0.1054962994201737
20838,1,1,0.5117916496091278
20839,1,0,0.09417704216501761
20840,2,1,0.8224035911378584
20841,4,0,0.11169554901418145
20842,5,0,0.05945464714208434
20843,3,0,0.1299327599803209
20844,2,1,0.08522395714938534
20845,4,0,0.09510669627950367
20846,2,0,0.20380162943322067
20847,1,0,0.1251635433009326
20848,2,1,0.4239003034487726
20849,4,0,0.11706077180415485
20850,3,0,0.3523163352147203
20851,1,0,0.20914361313195506
20852,1,0,0.049049662791783646
20853,5,1,0.30309477448057975
20854,4,0,0.22587042842236452
20855,4,0,0.15023529100677377
20856,2,0,0.17087087109871799
20857,4,0,0.19605885777805296
20858,4,0,0.1420012059947409
20859,5,0,0.11225317904794244
20860,3,0,0.10792948024110513
20861,4,0,0.10601243143368871
20862,4,0,0.05572800535842233
20863,1,0,0.30983203188795577
20864,2,1,0.7319726995963793
20865,3,1,0.21878797122794813
20866,2,0,0.10082684375298614
20867,4,0,0.08187749204465182
20868,3,0,0.37072214024767036
20869,3,1,0.09788418690201292
20870,5,0,0.33287326755324753
20871,3,0,0.5415359095837667
20872,5,0,0.10491472390927388
20873,4,0,0.11337088421959164
20874,2,0,0.11382620879163691
20875,4,0,0.1741510121806851
20876,5,1,0.06415429294099588
20877,2,0,0.1030496975581957
20878,3,0,0.31888366973696597
20879,1,0,0.17385170377239012
20880,5,0,0.1335141276646967
20881,1,0,0.1197576787328148
20882,2,0,0.08587158103863136
20883,2,1,0.15921837999501215
20884,4,0,0.6118059111950206
20885,1,1,0.4859727035480515
20886,4,0,0.07132792195607877
20887,3,0,0.27120750783061626
20888,2,1,0.526685011142177
20889,3,1,0.7034162617942902
20890,1,0,0.3485937791208702
20891,2,0,0.10953338770824576
20892,3,1,0.2875013530034575
20893,3,0,0.24891828820851156
20894,3,0,0.11407412349596349
20895,4,1,0.2703526802235421
20896,5,0,0.21547946878341961
20897,4,0,0.13557502134895583
20898,5,1,0.10027739123983241
20899,1,0,0.15049803377683443
20900,2,0,0.061577907349440256
20901,1,0,0.1290884940950483
20902,2,0,0.1340297525602516
20903,3,0,0.23819541392561824
20904,3,0,0.09199987681330768
20905,4,0,0.06257952468758073
20906,3,0,0.10245354619585716
20907,4,1,0.8532390299077235
20908,4,0,0.08528850870268077
20909,1,0,0.29114183744703637
20910,1,0,0.19313123943330351
20911,4,0,0.18605494893424973
20912,5,1,0.7187250160568238
20913,1,0,0.257695316287161
20914,3,0,0.5071930703333353
20915,3,1,0.8670107559611467
20916,4,0,0.14408751428783523
20917,5,0,0.1386803044024295
20918,1,0,0.1423799620791522
20919,2,0,0.13250485307700685
20920,3,0,0.08172444070820836
20921,3,0,0.13599438034754655
20922,1,1,0.14983676723024045
20923,5,0,0.14934147223825267
20924,5,0,0.1681649410031479
20925,3,0,0.12534464738178439
20926,1,0,0.0481109576068815
20927,4,1,0.5973811034269527
20928,5,0,0.06124904597584634
20929,5,0,0.2929015189168797
20930,2,0,0.23358594572270655
20931,1,0,0.22887553266456576
20932,4,0,0.5378568773889474
20933,4,0,0.2392878636998734
20934,2,0,0.09969750419394739
20935,4,1,0.8256912462720605
20936,5,0,0.17422323770712989
20937,5,0,0.07526741762405433
20938,3,1,0.716154813815134
20939,5,0,0.06580313557418221
20940,4,0,0.06822155245936323
20941,5,1,0.20840103228736928
20942,4,0,0.13217264820343735
20943,5,0,0.11738396216973779
20944,3,0,0.4817070824835005
20945,5,0,0.1138002260394955
20946,1,0,0.10653125361826009
20947,3,0,0.09755239145467465
20948,3,0,0.14424075107362577
20949,5,0,0.15093107750563461
20950,3,1,0.794640673945973
20951,4,0,0.07560504120194393
20952,5,0,0.13564359477706364
20953,4,0,0.5260159923364246
20954,4,0,0.2039402811491671
20955,5,0,0.12598299956433257
20956,4,0,0.10290901939348712
20957,5,0,0.22354452076837533
20958,4,0,0.08341220219884767
20959,2,0,0.07993109234724813
20960,3,0,0.07919922133467114
20961,1,0,0.13664316833401646
20962,1,0,0.1488691981922816
20963,5,1,0.6636479431437123
20964,4,1,0.16085387951711813
20965,3,0,0.10370932764195136
20966,5,0,0.03738525554347926
20967,1,0,0.04688900785684195
20968,4,0,0.21511401616359213
20969,1,0,0.3635275412063912
20970,5,1,0.23497621550943348
20971,1,0,0.23950042115497583
20972,3,0,0.11716177012000384
20973,2,0,0.2814238169591323
20974,2,0,0.06978676999933998
20975,1,0,0.1352597987397162
20976,4,0,0.060097860146832945
20977,5,0,0.13365159891920778
20978,1,1,0.3424009857656651
20979,2,1,0.30140086977116115
20980,4,0,0.0869834730413881
20981,4,0,0.20308760790398397
20982,4,0,0.0945954140622343
20983,3,0,0.13922824749653212
20984,5,0,0.648383131258929
20985,2,0,0.09287076709729436
20986,4,0,0.07419137709079253
20987,5,0,0.10330828559020143
20988,3,0,0.0755537188417632
20989,2,1,0.21884371457625348
20990,5,1,0.10101085464676254
20991,2,0,0.07182650045975478
20992,3,0,0.057352080851543044
20993,3,0,0.08173806017560936
20994,2,0,0.17605022434114878
20995,3,0,0.08866847621162266
20996,1,0,0.11980178151856294
20997,5,0,0.14413840976199194
20998,3,0,0.11664854505007938
20999,2,1,0.45535731745181207
21000,2,0,0.11330540777068983
21001,2,0,0.09255750767059442
21002,3,1,0.6593865880078946
21003,1,0,0.10933360269040981
21004,5,1,0.8488013752040836
21005,3,1,0.7732649512800687
21006,4,1,0.3720019592461392
21007,5,0,0.13963486315825202
21008,5,0,0.12643957413766144
21009,4,0,0.19236834838097214
21010,2,0,0.19043505145965206
21011,4,0,0.13221145964241113
21012,3,1,0.16634415111832043
21013,2,0,0.7995237632067459
21014,2,1,0.43499077717129037
21015,1,0,0.6257918523266646
21016,5,0,0.14742088702166695
21017,3,0,0.29229976964429627
21018,5,0,0.17109019295010633
21019,4,1,0.26364950344117666
21020,5,0,0.06205242230116709
21021,4,0,0.18233296246400318
21022,2,0,0.7121305503937415
21023,2,0,0.10794242975891245
21024,3,1,0.6254291572534936
21025,4,0,0.12266163487435545
21026,4,0,0.8344860221747972
21027,5,0,0.13469007817729026
21028,3,0,0.32568245140590374
21029,2,0,0.3339807547517229
21030,1,0,0.07220241592749205
21031,5,1,0.20451955094198013
21032,2,1,0.06458207948455495
21033,2,1,0.2986470831787525
21034,3,1,0.17766274882362526
21035,1,1,0.6393705874748926
21036,1,0,0.08557884979471728
21037,3,1,0.3077351794561053
21038,3,1,0.7664252669580324
21039,1,0,0.12773230352883228
21040,2,0,0.0673679087379651
21041,5,0,0.06859465226875744
21042,5,0,0.12499164367937575
21043,3,1,0.09366500109514872
21044,2,0,0.10833542522737333
21045,3,0,0.11323558908052204
21046,4,0,0.13641998751492487
21047,2,1,0.18177897162872172
21048,5,1,0.26760980276714597
21049,5,0,0.15983461512341954
21050,4,1,0.12800885185262487
21051,3,1,0.784452426487208
21052,5,0,0.19719481114828205
21053,3,0,0.05048162335625075
21054,4,0,0.17142480089194176
21055,3,0,0.09884091143764852
21056,2,0,0.12229300679857824
21057,2,0,0.14073505548242657
21058,4,0,0.08686983743227837
21059,1,0,0.10718730401025975
21060,4,1,0.8401854732883008
21061,3,0,0.1318618710963891
21062,3,0,0.12909774200263682
21063,2,1,0.747629376686935
21064,2,0,0.25570625270546354
21065,5,0,0.11306513251057566
21066,1,1,0.5917907487055898
21067,2,0,0.1438800388704383
21068,5,0,0.07077510682317079
21069,1,0,0.1475409823706243
21070,1,0,0.11804786171012306
21071,3,0,0.31014753873477885
21072,5,0,0.3236252332658592
21073,2,0,0.10196167135605877
21074,1,0,0.2320120923330169
21075,4,0,0.13572421610707233
21076,3,1,0.2827694515903788
21077,3,0,0.10498242649985544
21078,3,0,0.8691538598029039
21079,2,1,0.7688015534782288
21080,3,0,0.3124099008012544
21081,5,0,0.17151256487340064
21082,2,0,0.12690400764848242
21083,5,0,0.0801004545910248
21084,3,0,0.1482938260208244
21085,4,0,0.12652009317393192
21086,5,1,0.24988424722410268
21087,2,0,0.07939058568892628
21088,1,0,0.1966889459802851
21089,2,0,0.24783243008866343
21090,4,0,0.07503256751443704
21091,2,0,0.2663885472613344
21092,2,1,0.7658810270160907
21093,4,0,0.10537698424063971
21094,3,0,0.11537030019908646
21095,1,0,0.4158513288047921
21096,2,0,0.13666946197337712
21097,3,0,0.11733881629131108
21098,5,0,0.2218546268674797
21099,1,0,0.09965801236311399
21100,3,0,0.1366466049747517
21101,4,0,0.19861080804394324
21102,4,0,0.5708621754393848
21103,5,0,0.0869615236826634
21104,3,0,0.12142633647377159
21105,4,0,0.137585380459396
21106,5,0,0.13432068225582283
21107,1,0,0.10960510719486986
21108,4,0,0.33519647265743113
21109,3,0,0.140045841990928
21110,4,0,0.1272039210904174
21111,5,0,0.11058145226674204
21112,1,0,0.14719071080429424
21113,2,1,0.527649468373782
21114,2,0,0.07772213373852306
21115,3,0,0.09093699612854664
21116,5,0,0.2078826382147521
21117,5,0,0.18084333365453656
21118,5,0,0.05725990025772138
21119,3,0,0.222966057840119
21120,5,1,0.17990796403144665
21121,1,0,0.08940256347306186
21122,5,0,0.46160199016992903
21123,1,0,0.12544764116668367
21124,5,1,0.49540136962919606
21125,5,0,0.09099576202332163
21126,3,0,0.09703973545939605
21127,2,0,0.09922826353274604
21128,4,0,0.1087619606344493
21129,5,0,0.1928325904484159
21130,1,0,0.25697892802124866
21131,2,0,0.10009286070846844
21132,3,0,0.12793953085429888
21133,2,0,0.45982748006403323
21134,1,0,0.16268900944441686
21135,4,0,0.23477723307572282
21136,1,0,0.17414563613894232
21137,3,0,0.24201223742871644
21138,2,0,0.21912033632740596
21139,2,0,0.14630346157840357
21140,1,0,0.14444585406228536
21141,4,1,0.4223203069606616
21142,4,0,0.2067526722091064
21143,1,0,0.131522055291936
21144,1,0,0.09321575543046105
21145,3,0,0.3345860877331566
21146,5,0,0.07500071704744679
21147,2,0,0.13583685394214018
21148,2,1,0.1161700380635854
21149,4,1,0.8044010548665077
21150,4,1,0.11296508699303426
21151,4,0,0.8767050216387496
21152,4,0,0.3681314411028099
21153,2,0,0.12930711906382505
21154,4,0,0.2706101124574328
21155,4,0,0.11501019161137734
21156,2,0,0.1431316586913129
21157,3,1,0.744089793620153
21158,1,0,0.1838591743059633
21159,3,0,0.1457560942047913
21160,2,0,0.10706414699482668
21161,5,0,0.17660972664399904
21162,3,0,0.11816516260878615
21163,1,0,0.09239040833854405
21164,1,1,0.12794982439956434
21165,5,0,0.1451647271530775
21166,2,0,0.21889796271488482
21167,1,0,0.2089768243049398
21168,2,0,0.11267212033362756
21169,4,1,0.3080372897261861
21170,2,0,0.17709448991274787
21171,4,0,0.12075410069440069
21172,5,0,0.0889464535463099
21173,2,1,0.750057202130285
21174,3,0,0.08040598695418388
21175,4,1,0.041584057374826254
21176,3,0,0.8955747962808053
21177,4,0,0.11861431675932302
21178,5,0,0.5730935565594418
21179,5,0,0.06665717174705936
21180,2,0,0.12435082324097167
21181,2,0,0.17142733079102462
21182,5,0,0.06815863564296219
21183,1,0,0.17046153597901553
21184,2,1,0.3072209724890325
21185,4,0,0.11294956177685375
21186,2,1,0.1538394767967513
21187,3,0,0.2779020825501482
21188,2,0,0.06653769902736459
21189,2,0,0.28165772708417797
21190,4,0,0.31987616514912165
21191,3,0,0.1136554548654883
21192,5,1,0.14140416199515143
21193,3,0,0.18891333926574289
21194,5,0,0.14947689656630395
21195,3,0,0.10611610664997846
21196,1,1,0.1738424391542376
21197,2,0,0.32576123274226315
21198,3,0,0.15756372801437685
21199,5,0,0.26577877192331184
21200,1,0,0.20553011601527782
21201,5,0,0.26662669861458616
21202,2,0,0.1551742188477323
21203,3,0,0.13910552823636668
21204,2,0,0.09786398340766547
21205,2,1,0.5019455338335304
21206,4,0,0.16685209226250458
21207,4,0,0.11402183646415943
21208,4,0,0.2425615924163349
21209,1,0,0.33461107646707544
21210,1,0,0.11674681930154752
21211,4,0,0.13585356583835392
21212,4,0,0.07648228516706591
21213,4,0,0.1315417268541946
21214,5,0,0.13364986780844076
21215,1,0,0.09138621279151535
21216,3,0,0.11197302987807115
21217,5,0,0.04758233645803384
21218,1,0,0.14584449916002343
21219,4,0,0.29704738941330694
21220,4,0,0.30771486580182433
21221,5,0,0.14673465059818955
21222,2,0,0.10510296850926934
21223,5,1,0.7443048262639943
21224,3,1,0.4180000147305454
21225,4,1,0.15627977951998365
21226,3,1,0.5561898335034161
21227,3,0,0.13698852321507451
21228,1,0,0.16516985070802995
21229,3,1,0.7223266200515054
21230,3,0,0.0829843222580066
21231,5,0,0.08408511619198539
21232,1,0,0.07152854544221891
21233,5,0,0.11750239853485549
21234,2,1,0.19362097608734716
21235,2,0,0.14313978353871654
21236,2,0,0.06846112988197008
21237,5,0,0.09724697494990465
21238,5,0,0.14338540518356568
21239,5,0,0.3068553189164918
21240,1,0,0.16989323948567828
21241,2,0,0.14726669708485568
21242,4,0,0.11529250947272568
21243,5,0,0.8248733928050684
21244,5,0,0.09617494806105388
21245,4,0,0.182730481346135
21246,5,0,0.0619524609655359
21247,3,0,0.07950079239990507
21248,5,0,0.24104375200063408
21249,1,0,0.13635348807908296
21250,5,0,0.1943701786053108
21251,4,1,0.31449016448406436
21252,3,0,0.14788457909258385
21253,4,1,0.15614020983205557
21254,4,1,0.20880098521613719
21255,5,0,0.18428466884442904
21256,5,0,0.12475042672561397
21257,3,1,0.15157493819795345
21258,4,0,0.09770817112953509
21259,5,0,0.10201733134360581
21260,5,0,0.20294669054089784
21261,5,0,0.20661348623711207
21262,1,0,0.10319337911927755
21263,2,0,0.10307291761409816
21264,3,0,0.1617099582463523
21265,1,0,0.18121386909378495
21266,5,1,0.12810905106533235
21267,4,1,0.20390981092832014
21268,3,1,0.12507971202870669
21269,3,0,0.07974406617079327
21270,3,0,0.11874862120464857
21271,5,1,0.3636461402743954
21272,1,0,0.18963549308685743
21273,3,0,0.29831887873604923
21274,1,0,0.1635835343992191
21275,1,0,0.217205258229948
21276,3,1,0.5274543637668809
21277,2,0,0.2042048672289995
21278,5,1,0.8390519405321101
21279,5,0,0.15973497727027644
21280,3,0,0.1389158186175366
21281,2,0,0.09545450927938477
21282,3,0,0.1159322869412031
21283,1,0,0.24213973338060088
21284,5,0,0.12319303501092854
21285,4,0,0.08268808205621603
21286,4,0,0.14482158523807812
21287,3,1,0.2813325619843477
21288,5,0,0.10314743649434634
21289,3,0,0.08164269527157998
21290,5,1,0.34638303617870386
21291,3,0,0.1046275460362879
21292,2,1,0.7076248497230275
21293,2,0,0.09744478166724879
21294,3,0,0.11155964645663623
21295,4,0,0.10589844823977239
21296,4,0,0.1536870938023012
21297,5,1,0.11998931013968893
21298,3,0,0.12122648523871132
21299,3,0,0.3375342423029001
21300,4,1,0.8045031625146665
21301,1,0,0.5432202402499314
21302,1,0,0.13258032512684537
21303,5,1,0.43417729460546106
21304,5,0,0.17538658198566118
21305,1,1,0.22712893740572654
21306,1,1,0.1276587149100177
21307,5,0,0.13202630729123874
21308,5,0,0.15944823288624455
21309,3,0,0.6317593313641632
21310,5,0,0.10861724594230748
21311,1,0,0.08504896223879364
21312,3,0,0.08262772635271766
21313,5,1,0.5202955099817625
21314,3,0,0.5498993327759645
21315,5,0,0.2002726904692968
21316,2,0,0.12222562776306778
21317,1,0,0.09486212843271598
21318,2,1,0.1473594156331253
21319,2,0,0.29146195641193595
21320,3,0,0.23412960661365578
21321,4,0,0.08918275502599408
21322,4,0,0.09613545488049262
21323,1,0,0.11019525480967829
21324,3,0,0.11002181340327565
21325,3,0,0.07751057115181562
21326,2,1,0.12235279036073102
21327,1,0,0.10422161536492497
21328,4,0,0.1241867692928659
21329,4,0,0.12904432062069007
21330,4,1,0.22332237838016678
21331,5,0,0.09937437809929539
21332,1,0,0.09024854910720219
21333,1,0,0.033247763822825425
21334,4,1,0.2166989730949552
21335,4,0,0.2562314576035627
21336,4,0,0.8575773241311436
21337,3,0,0.16486998702215735
21338,1,0,0.057657233983472354
21339,5,0,0.12092543802184959
21340,5,1,0.6875969697952724
21341,5,1,0.6384781697967735
21342,5,0,0.12110445762299257
21343,3,0,0.4260657437111073
21344,1,0,0.09421703406509987
21345,1,0,0.19750262161912865
21346,1,0,0.13050029998417373
21347,3,1,0.1607067741948005
21348,1,1,0.7076301737810274
21349,3,0,0.060955092456302276
21350,2,0,0.09408552402403905
21351,5,1,0.1280581318985418
21352,2,0,0.15290562863268603
21353,5,0,0.15525650323380946
21354,3,0,0.15252341292511382
21355,5,0,0.16255972920815703
21356,3,0,0.1037403488653349
21357,5,1,0.15282842879050465
21358,5,0,0.10043494655601032
21359,2,0,0.13231499012014156
21360,2,1,0.48559397522864717
21361,2,1,0.2293995768747643
21362,1,0,0.3285214346810703
21363,3,0,0.11651411781926518
21364,4,0,0.15635506525565449
21365,5,0,0.19328636044892292
21366,1,0,0.033596274123233634
21367,5,1,0.14974440889715984
21368,4,0,0.1821373732956669
21369,3,0,0.1995466140224546
21370,1,1,0.13417851229749175
21371,1,1,0.13409479768871568
21372,4,0,0.15597217159667376
21373,5,0,0.042792674267214004
21374,5,0,0.1563535871113852
21375,3,0,0.19002271182551292
21376,3,0,0.5462357621469919
21377,2,0,0.14848728951575466
21378,5,1,0.8028877259909075
21379,2,0,0.09932247882645699
21380,3,1,0.18485087606487918
21381,5,0,0.6502757972531573
21382,5,0,0.14960190413779945
21383,1,0,0.28440508209892174
21384,5,0,0.44748877904295403
21385,1,0,0.10677305324492012
21386,3,1,0.6370570813989024
21387,2,1,0.269955570239726
21388,3,0,0.1549049239618238
21389,5,0,0.09399937806240721
21390,2,0,0.08719842196375067
21391,1,0,0.09181011211470996
21392,2,0,0.15357680973776686
21393,4,0,0.09751117503228197
21394,1,0,0.1628376634262623
21395,4,0,0.21946472759364957
21396,5,0,0.21457300327710485
21397,3,0,0.11538412325655502
21398,2,1,0.2978842240600965
21399,1,1,0.44514993980469447
21400,5,1,0.19550592521769486
21401,5,0,0.32124535070184906
21402,5,0,0.2447680989641608
21403,1,0,0.16003184041548685
21404,4,0,0.11831742354198636
21405,3,0,0.10552853908214269
21406,2,0,0.12370455348855587
21407,3,0,0.05258150200416533
21408,1,0,0.07373720539680571
21409,4,0,0.12542749394428798
21410,2,0,0.19024743350844936
21411,2,1,0.19575679894453682
21412,1,0,0.060537819464348885
21413,5,0,0.28909049260736763
21414,5,0,0.7910515195322878
21415,3,0,0.17621415950956776
21416,4,1,0.11591317107326081
21417,4,0,0.10936437533746578
21418,5,0,0.7292196176636032
21419,4,1,0.2197376751160384
21420,5,0,0.08308358819961185
21421,3,0,0.13458595680598923
21422,4,0,0.6378727863856634
21423,2,0,0.2642955517283268
21424,5,1,0.11551046003668979
21425,1,0,0.24295638069485512
21426,4,0,0.24147706672971062
21427,4,0,0.06058380557965685
21428,4,0,0.04750344979323961
21429,2,1,0.5801855216591731
21430,2,0,0.615059139344229
21431,2,0,0.28454251175633966
21432,1,0,0.1242739596923
21433,5,1,0.48264827720054243
21434,1,0,0.12224290625301071
21435,1,1,0.13811209748112765
21436,5,1,0.7492355800495206
21437,1,0,0.14176123344635602
21438,4,0,0.11997728633554564
21439,3,0,0.08611234373786834
21440,5,0,0.12020559289645258
21441,2,0,0.07217882039457572
21442,1,0,0.12311229911131807
21443,3,0,0.3538040645247985
21444,5,1,0.5161329670037528
21445,5,0,0.13539736180250608
21446,3,0,0.165355867697062
21447,2,0,0.10793839075424398
21448,2,0,0.11367457669815575
21449,5,0,0.11998701668579868
21450,3,0,0.40113105744812666
21451,3,0,0.3172879493791229
21452,1,0,0.1681764649003512
21453,1,0,0.1441167786462836
21454,2,0,0.11846995697309463
21455,3,0,0.12571935449221505
21456,5,0,0.13405003795804896
21457,2,0,0.07753953792504101
21458,4,1,0.7632490383223245
21459,4,0,0.28723133615927515
21460,1,1,0.14690195287643648
21461,5,0,0.13236783490258566
21462,4,0,0.09445286714482325
21463,1,1,0.800014835549086
21464,4,0,0.06787053529306807
21465,5,0,0.08676734347278513
21466,3,0,0.16331480109882923
21467,3,0,0.14814304330761163
21468,4,0,0.08124208905457185
21469,5,0,0.1457729871686949
21470,4,0,0.09809925129795728
21471,5,0,0.16611995184362352
21472,2,0,0.2698106655461901
21473,4,1,0.2463198890835031
21474,5,0,0.15684489480308303
21475,3,0,0.09715353018913793
21476,2,0,0.19824978811507937
21477,3,0,0.12748895147981845
21478,5,0,0.2337338893225862
21479,5,0,0.12915193440829364
21480,4,0,0.10259231840653958
21481,3,1,0.7385328153078481
21482,1,0,0.08881724055897555
21483,4,0,0.10094090416134581
21484,5,0,0.20791285432838624
21485,4,0,0.10299868144221624
21486,1,0,0.16065290121296605
21487,4,0,0.35063304745754176
21488,4,0,0.02877189644263178
21489,2,0,0.15442881136029088
21490,5,0,0.17124046975278348
21491,2,0,0.08287910159585225
21492,2,1,0.13567259207667576
21493,2,0,0.13507651219682332
21494,2,1,0.5319188060039752
21495,4,0,0.15531206180340426
21496,5,1,0.8366044027127499
21497,4,0,0.11746029497419826
21498,5,0,0.20095618602406226
21499,2,0,0.1169336122567786
21500,4,0,0.0943468132497302
21501,2,0,0.824571626162101
21502,1,1,0.8390340066040111
21503,3,0,0.129451134704426
21504,1,0,0.14830254218467812
21505,3,1,0.5839941498289755
21506,2,0,0.11637995621213865
21507,1,0,0.23612773422339606
21508,4,0,0.16888532101994436
21509,5,0,0.2878165968028766
21510,5,0,0.10351832604309533
21511,3,0,0.1581378535090257
21512,2,0,0.08231986757502174
21513,4,0,0.12590575551344585
21514,1,0,0.06498820019616813
21515,4,0,0.131940104810567
21516,1,1,0.31578025737935644
21517,2,0,0.15585997690205178
21518,4,0,0.07793022692629607
21519,5,0,0.07524570074611658
21520,1,1,0.7627016655355142
21521,4,0,0.06149453186206739
21522,2,0,0.1915532302564808
21523,3,0,0.10318979670892953
21524,2,0,0.1512905192740867
21525,3,0,0.13345095693348483
21526,2,0,0.3401289348639874
21527,2,0,0.4839815759364383
21528,5,0,0.18605759630845548
21529,2,0,0.10635697883022725
21530,3,0,0.22709771103382456
21531,5,0,0.08762807327507538
21532,4,1,0.39732488279189193
21533,5,0,0.11304819166636094
21534,2,1,0.6772631521131586
21535,2,1,0.34674134103102994
21536,3,0,0.3515966465789497
21537,4,0,0.18206272257113323
21538,5,0,0.08301599286664557
21539,2,1,0.10452287195226814
21540,4,0,0.0792085036420051
21541,5,0,0.11947574422478789
21542,3,0,0.08708501090725705
21543,1,0,0.18386905896136607
21544,3,1,0.7615864200931171
21545,2,0,0.11721956731936684
21546,3,0,0.16578344205855824
21547,5,0,0.10832324677613782
21548,4,0,0.1346082360583201
21549,2,0,0.08077237912919791
21550,3,1,0.7549258312957955
21551,1,1,0.16585530109630645
21552,1,1,0.5326070095654372
21553,3,0,0.23221376463410512
21554,3,1,0.1396925059069828
21555,5,0,0.04744558270362772
21556,5,0,0.10883501856886801
21557,1,1,0.6409556607983818
21558,3,0,0.08197886336192434
21559,2,0,0.16205786395949423
21560,1,0,0.14696839433995462
21561,2,0,0.3675801423909422
21562,3,1,0.4399316103878971
21563,1,0,0.1266431728362877
21564,1,0,0.07008725103615177
21565,1,0,0.14858950454582495
21566,5,0,0.13336982584866536
21567,5,0,0.09521350157087995
21568,2,0,0.2511429098221019
21569,2,1,0.838452969887837
21570,1,0,0.16549068687355617
21571,2,0,0.13329607561961826
21572,1,1,0.7790090814649816
21573,2,0,0.15841640481369657
21574,3,0,0.1658791580180839
21575,2,0,0.15174665642594118
21576,3,0,0.07140629418105739
21577,1,1,0.23104920535135567
21578,2,0,0.13760229677592908
21579,4,0,0.07052471285645244
21580,3,0,0.15802749406271085
21581,1,0,0.1330195814492519
21582,1,0,0.04323928455926598
21583,1,1,0.7506712451230394
21584,4,0,0.14942901333162248
21585,5,0,0.08909931402832427
21586,3,1,0.44888130489282246
21587,5,0,0.13984817696662039
21588,4,0,0.11458493778714532
21589,2,0,0.12814415638279386
21590,2,1,0.04343432276681272
21591,3,0,0.21590838331037981
21592,1,1,0.542453728202241
21593,4,1,0.1451321311364915
21594,3,0,0.1062159382025243
21595,3,0,0.06652175519651903
21596,2,0,0.33839040008529225
21597,2,0,0.2365577251910752
21598,2,0,0.0985906043499693
21599,1,0,0.14176580588892693
21600,3,0,0.14390548637342868
21601,2,0,0.14586809456118918
21602,3,0,0.13678764820730097
21603,1,0,0.14990024686228004
21604,4,0,0.14999882477636517
21605,1,0,0.12729379266976618
21606,2,0,0.1226816096786431
21607,3,0,0.07700558536727724
21608,2,1,0.18201329313661818
21609,5,1,0.6083998573795985
21610,1,1,0.9051729131613295
21611,5,0,0.15892337749170118
21612,5,1,0.2435019904532751
21613,2,0,0.2142168443095275
21614,4,0,0.05224765690308301
21615,5,0,0.15065408570994765
21616,5,0,0.2722773062668515
21617,1,0,0.27169305476757816
21618,3,0,0.21513233319359887
21619,1,0,0.13627051886394514
21620,5,1,0.09635529333411604
21621,3,1,0.5969130241256565
21622,1,0,0.09369772907240337
21623,3,0,0.12271759220521705
21624,1,1,0.1440391143209567
21625,1,0,0.20013794661835313
21626,4,0,0.10856360636750138
21627,3,0,0.0734451420311086
21628,2,0,0.048186143322553276
21629,3,0,0.37607539042516075
21630,2,0,0.1766587307638213
21631,4,0,0.5293735733551524
21632,1,1,0.3563821752031114
21633,2,0,0.1969987718944268
21634,4,1,0.3834836279276734
21635,4,0,0.08805025444939472
21636,3,1,0.8476383662712207
21637,5,1,0.18053580882577033
21638,3,1,0.8545204556622693
21639,2,0,0.06349633085118637
21640,2,0,0.19681682664579375
21641,3,0,0.07814738887586609
21642,1,1,0.3538690678206505
21643,1,1,0.33482610483088615
21644,3,1,0.18877395129647564
21645,4,0,0.10592905461567594
21646,2,0,0.12969421824731325
21647,1,1,0.29131595491157514
21648,5,0,0.07565217730627409
21649,1,1,0.18213869013858314
21650,2,0,0.15826398100531705
21651,2,0,0.09793394808924565
21652,4,0,0.27599193966554353
21653,5,1,0.29296750605589333
21654,5,0,0.21208342085341111
21655,1,0,0.0720222804964155
21656,1,0,0.0996415255270093
21657,1,1,0.5078328321431473
21658,3,0,0.16722295622769304
21659,4,0,0.06494221856313485
21660,4,0,0.19817205966893972
21661,4,0,0.05837199408967682
21662,3,1,0.183059689148036
21663,3,0,0.3425167509217098
21664,4,1,0.7242092532391001
21665,2,0,0.1857881565329747
21666,4,0,0.15408146675257317
21667,2,0,0.11487268266210098
21668,1,0,0.1326263294691097
21669,5,0,0.18947802384692686
21670,5,0,0.14167469445363243
21671,2,0,0.11920738907699019
21672,1,0,0.12732226006709996
21673,3,0,0.21068872109852527
21674,5,0,0.131128873584433
21675,4,0,0.15827785409942166
21676,5,1,0.19525034236712183
21677,3,1,0.6398905891308834
21678,3,0,0.16899782951333972
21679,2,0,0.39027050550113734
21680,2,0,0.10910325671693637
21681,3,0,0.06977630954884612
21682,3,1,0.18996701818788927
21683,5,0,0.14333379183560108
21684,2,0,0.1328284341319494
21685,1,1,0.7793796206499605
21686,5,0,0.32111121337235804
21687,2,0,0.1052712684138774
21688,2,0,0.06788849441534088
21689,2,0,0.08026738345724646
21690,5,0,0.11504669412401926
21691,4,0,0.10554783731925818
21692,3,0,0.23244825409468217
21693,5,1,0.1385799014710568
21694,3,0,0.1530281873707347
21695,3,0,0.2136912392581082
21696,5,0,0.13830115338944615
21697,4,0,0.07933720066326432
21698,2,1,0.47827228523917403
21699,4,0,0.09801968692521287
21700,1,0,0.05314266751519279
21701,4,0,0.15539871828588978
21702,1,0,0.26517190516727357
21703,2,0,0.1309315017400076
21704,2,0,0.21824008972972556
21705,2,0,0.04226772458741574
21706,3,0,0.1411442695438255
21707,4,1,0.0643755586582052
21708,2,1,0.578440705864554
21709,4,1,0.4375260768280094
21710,2,0,0.13471116407043116
21711,5,0,0.3825226827900045
21712,3,0,0.2538097061673374
21713,5,0,0.14767640570168455
21714,1,1,0.9059093858890082
21715,5,0,0.11268605088577263
21716,1,0,0.15910253890049067
21717,5,0,0.8173297570727237
21718,1,1,0.6671416684652095
21719,2,0,0.16273470775117926
21720,5,0,0.07578456244506485
21721,3,0,0.134058311880845
21722,3,0,0.07772882569145775
21723,5,0,0.24585370878281326
21724,2,0,0.16482765495686175
21725,5,0,0.12598501349336466
21726,1,0,0.12214577240262933
21727,5,0,0.09169483452469407
21728,3,0,0.1490403497583433
21729,5,0,0.06783827354245262
21730,2,0,0.04181816707841367
21731,2,0,0.17303666437453277
21732,1,0,0.1310484336978126
21733,4,1,0.232474316546449
21734,4,1,0.15490810628151244
21735,5,0,0.32431900843360306
21736,5,0,0.13717873575552048
21737,3,0,0.19882528020504034
21738,1,1,0.10735321840439148
21739,2,0,0.1152085413102288
21740,3,0,0.0721095021882552
21741,4,0,0.12188266688116073
21742,3,1,0.16970036193849417
21743,1,0,0.16647207378734344
21744,1,0,0.14380069085076008
21745,1,0,0.10524491248586541
21746,5,0,0.07784291728094554
21747,5,0,0.7832507775530315
21748,2,1,0.26086200796311276
21749,3,0,0.25519777030386626
21750,5,0,0.07286385041005622
21751,3,1,0.49447984011523194
21752,3,0,0.1772302929769376
21753,4,0,0.3044518094386943
21754,1,1,0.6532074933847231
21755,4,0,0.2070637190889586
21756,5,0,0.8426707313612296
21757,4,0,0.0704584952361888
21758,3,0,0.12471081478256972
21759,3,1,0.029234137535008243
21760,2,0,0.12116820878718752
21761,3,0,0.18910212852766897
21762,2,0,0.11114542140051112
21763,4,0,0.10107668250678274
21764,5,0,0.06542718439895678
21765,3,0,0.1363742614047255
21766,5,0,0.33473222710740674
21767,1,0,0.12558053049891438
21768,4,0,0.08205589831138536
21769,2,0,0.0974024139173443
21770,3,1,0.12005640723163336
21771,5,0,0.18859382811929426
21772,3,1,0.2084641392019687
21773,1,0,0.14187372434325574
21774,3,0,0.12324927252044716
21775,5,0,0.1427325175659077
21776,5,1,0.1432213912129182
21777,1,0,0.3541429394985799
21778,2,0,0.13277831155385925
21779,5,0,0.14213630280269623
21780,2,0,0.2444047130970071
21781,5,0,0.12796884429459385
21782,5,1,0.5432001171505587
21783,5,0,0.1051111551140201
21784,2,1,0.21365743682240007
21785,4,0,0.12011208203175998
21786,3,0,0.04969298094370304
21787,4,0,0.05789688372766337
21788,4,0,0.1340651520591715
21789,4,0,0.5788541596010403
21790,5,0,0.13722285077277055
21791,4,1,0.7894764940195353
21792,2,0,0.10718773486393081
21793,3,0,0.14401246480099453
21794,1,0,0.08429161455383338
21795,5,0,0.1247820415642337
21796,2,1,0.2888527554303862
21797,4,0,0.10637182120654103
21798,2,0,0.14452119877034247
21799,1,1,0.1770810160873581
21800,4,0,0.1466860851426333
21801,5,0,0.16071128006714097
21802,2,0,0.18017252872037015
21803,2,0,0.35219200042358234
21804,2,1,0.052744438256310484
21805,3,0,0.12117461082393183
21806,3,0,0.1552234491852584
21807,1,0,0.14290869558680247
21808,5,1,0.10336338313687761
21809,5,0,0.07235534839576932
21810,1,0,0.1550597256457035
21811,4,0,0.15975621351479635
21812,3,0,0.10951557415268276
21813,5,0,0.1485293333686662
21814,2,1,0.2766784199047644
21815,5,0,0.13001752837367736
21816,5,0,0.1295915216190848
21817,3,0,0.07956195068228696
21818,1,0,0.11519297187794089
21819,5,0,0.15379548493305542
21820,2,0,0.1169777676254954
21821,5,0,0.12975798789144175
21822,1,0,0.10889080820883093
21823,2,0,0.0994030960447383
21824,1,0,0.16710068451113036
21825,2,0,0.09653931535997973
21826,4,0,0.1565548413634603
21827,1,0,0.15228490963451374
21828,1,0,0.7770704002303345
21829,5,0,0.6427817407469443
21830,3,0,0.3419299076751898
21831,2,1,0.2656523445287601
21832,2,0,0.10566670790208249
21833,3,0,0.11650399553991807
21834,2,1,0.8210648815166998
21835,4,1,0.2712601099640791
21836,5,0,0.13362795115218995
21837,2,0,0.16872327801855355
21838,3,1,0.1849884407695443
21839,5,0,0.18065187815654216
21840,1,0,0.11463880300947651
21841,5,0,0.16627805912151442
21842,5,0,0.16052215586554447
21843,4,1,0.4445932199758062
21844,4,0,0.5437605782102738
21845,3,0,0.11528452161015594
21846,2,0,0.12333422563753256
21847,3,0,0.06915084402578035
21848,1,0,0.13127792390420068
21849,1,1,0.5884117702973561
21850,4,0,0.14334062045241155
21851,3,1,0.8463298362473973
21852,3,0,0.1300307885004395
21853,2,0,0.09212638857392279
21854,3,0,0.0931959738525008
21855,5,0,0.18155916794331078
21856,1,0,0.12341525157101423
21857,2,0,0.1552294079497594
21858,5,0,0.12713233224467874
21859,4,0,0.7080800579130792
21860,5,0,0.13240663437730518
21861,1,0,0.11393268219024456
21862,1,0,0.3417074892457041
21863,4,1,0.22131990524005615
21864,3,0,0.08075205355307061
21865,4,0,0.23984089058425073
21866,4,0,0.18063770513158894
21867,1,1,0.2319884856823932
21868,3,0,0.6082350107313368
21869,5,0,0.11216745780742955
21870,4,0,0.20161764272068214
21871,2,0,0.07369989554559521
21872,3,0,0.1265434009014997
21873,1,0,0.12716975225672683
21874,2,1,0.24847849284905812
21875,2,0,0.4385964889405285
21876,2,0,0.1271138328318273
21877,4,0,0.14828727000649647
21878,4,0,0.465120853236976
21879,2,0,0.12183407511000811
21880,5,0,0.1895582459192228
21881,4,0,0.26465897091538676
21882,4,0,0.25787309904759054
21883,5,1,0.4792823797378593
21884,4,0,0.1224749708477631
21885,2,0,0.10098314900362307
21886,3,0,0.15412792315815207
21887,2,0,0.05387941351454947
21888,2,0,0.11969106017748142
21889,5,0,0.6321177336570624
21890,1,0,0.11805439312079852
21891,5,0,0.1433685674265977
21892,4,0,0.18183057491782598
21893,5,0,0.1706537235189479
21894,3,0,0.09307420649051124
21895,3,0,0.09069295857635064
21896,4,1,0.6018222985737127
21897,4,0,0.12555635881760097
21898,4,0,0.3613760559822633
21899,4,0,0.12486685523947105
21900,5,0,0.1379448569792606
21901,2,1,0.10618003274417478
21902,1,0,0.15125479153117805
21903,2,0,0.0650288508361463
21904,1,0,0.1982164156566891
21905,3,0,0.12775086804139293
21906,1,0,0.1386327963012145
21907,2,1,0.6626268206240119
21908,2,1,0.12464826153782092
21909,2,0,0.22017663186115116
21910,3,0,0.09679702553109334
21911,4,0,0.16552091648351558
21912,3,1,0.2901038182086881
21913,1,0,0.16045827250703484
21914,3,0,0.5472983919290086
21915,2,0,0.12607524585444446
21916,2,1,0.42804773730197865
21917,3,1,0.6135844618804289
21918,3,1,0.16231144983367585
21919,4,0,0.0984324281720399
21920,4,0,0.0897026398459231
21921,3,0,0.08906461715286346
21922,4,0,0.15395707751177232
21923,5,0,0.044554940306785557
21924,1,0,0.16130333894662188
21925,3,1,0.33761497783588174
21926,3,1,0.28872200632176337
21927,4,0,0.2630447276023959
21928,3,0,0.10967838969393565
21929,5,1,0.09257249898064888
21930,1,0,0.1354594992513141
21931,4,1,0.1731532903962153
21932,5,0,0.2108669252806595
21933,1,0,0.20284833670113184
21934,5,0,0.11888243717596307
21935,3,0,0.12108720171607563
21936,1,1,0.48034153042459804
21937,3,0,0.06789403342203046
21938,2,1,0.12627231626253355
21939,1,0,0.04936575608818478
21940,1,0,0.11005125479538747
21941,2,0,0.18648650052456006
21942,5,0,0.2541990335237661
21943,1,0,0.19722060227416968
21944,3,0,0.09828486164410329
21945,1,0,0.11906338563303313
21946,2,0,0.11912630807494343
21947,1,0,0.10000898712447605
21948,3,1,0.3921004819233493
21949,1,0,0.09679385790554375
21950,2,1,0.17905016006674127
21951,5,0,0.1786784118078732
21952,2,1,0.15759688348885806
21953,5,0,0.08769980793073587
21954,1,0,0.13252204022352562
21955,5,0,0.18050936299609185
21956,3,1,0.8236389931768321
21957,4,0,0.07650052745587299
21958,3,0,0.1580116479702663
21959,2,0,0.11004593983362256
21960,2,1,0.14793022249163568
21961,5,0,0.08080885107179002
21962,3,0,0.10345373164158002
21963,5,0,0.10692766322461654
21964,2,0,0.03226421181180414
21965,5,0,0.11339480484936583
21966,1,0,0.14380160789398033
21967,2,1,0.17998231900034284
21968,3,0,0.05952835358399276
21969,4,0,0.38595982079808816
21970,4,1,0.157974130648252
21971,3,1,0.1813100029916
21972,4,0,0.5747247909273304
21973,2,1,0.3004326003507869
21974,3,0,0.09635432498143337
21975,4,0,0.06517067996743955
21976,4,0,0.10919433603711981
21977,4,0,0.14163148781370496
21978,5,0,0.16295861664728686
21979,2,1,0.7904437790230984
21980,5,1,0.10211762774415122
21981,2,0,0.10401797627090452
21982,3,0,0.16183241039907548
21983,5,0,0.18611154739275942
21984,5,0,0.1689291627635277
21985,3,1,0.8434091774119314
21986,5,0,0.08078504186853785
21987,5,1,0.2778116180810641
21988,5,0,0.17704065157470936
21989,5,0,0.06622337304732512
21990,2,0,0.1095710134140213
21991,4,0,0.3707193595316726
21992,5,0,0.14851447752255692
21993,4,0,0.17110107543718228
21994,5,0,0.31703189406294124
21995,4,0,0.08839658484652245
21996,3,0,0.7143012544180123
21997,1,1,0.3520171769294906
21998,3,0,0.16808027481366913
21999,3,0,0.2100417713886125
22000,4,1,0.20416363850410085
22001,3,0,0.035185729311961886
22002,3,0,0.053432083228614924
22003,2,0,0.12404697472383852
22004,3,0,0.12829581521458422
22005,1,0,0.0871615764680107
22006,4,0,0.10404472773745448
22007,2,0,0.10913234484733564
22008,2,0,0.11824924192588447
22009,4,0,0.08759671562153107
22010,4,0,0.1444192004958316
22011,3,0,0.10957592440656419
22012,3,0,0.14577851296850922
22013,4,1,0.45721157770172133
22014,1,0,0.2294393948133688
22015,3,1,0.3029055546419566
22016,2,0,0.2865380712089552
22017,2,0,0.1562717644279503
22018,5,1,0.13899496883597037
22019,2,1,0.6120908505714018
22020,5,0,0.34511648475148937
22021,4,0,0.20474287559725823
22022,1,1,0.17901439726506976
22023,3,1,0.5113055036151944
22024,5,1,0.2917395241401521
22025,1,0,0.6447483830026521
22026,5,0,0.09360203107540696
22027,2,0,0.12858842465289974
22028,3,1,0.06676257047149647
22029,1,0,0.11479979708553531
22030,1,0,0.15775808591034324
22031,3,0,0.15001451136194724
22032,1,0,0.10916368505782013
22033,3,0,0.061857038465424494
22034,2,0,0.12675752552493358
22035,2,0,0.09748578730369802
22036,3,0,0.45569698411314097
22037,1,0,0.18567428624961613
22038,3,1,0.14064889630312946
22039,2,0,0.500063966976533
22040,5,0,0.1824427160441637
22041,2,1,0.6961005450083573
22042,1,0,0.1312335473572141
22043,1,1,0.1464183206146782
22044,5,1,0.08509728250590784
22045,4,0,0.09771184840817233
22046,4,1,0.6682732233585205
22047,1,0,0.0442000390225036
22048,5,0,0.08673813532531881
22049,5,1,0.06851319163025969
22050,1,1,0.1523276865350258
22051,1,0,0.1311978130451569
22052,3,1,0.14235056642584137
22053,1,0,0.16332252832637276
22054,4,1,0.6966388266671547
22055,1,1,0.6810616444096664
22056,1,0,0.3180219513074066
22057,4,0,0.2994384835649297
22058,5,1,0.7904665189833573
22059,3,0,0.16855244731791694
22060,1,0,0.09519530906174944
22061,1,1,0.16470766779109908
22062,5,0,0.11799410561416356
22063,2,0,0.09969047791413228
22064,1,0,0.46597728836399044
22065,3,0,0.0937822717319273
22066,2,0,0.2840974033319358
22067,5,0,0.0884569102820847
22068,1,1,0.1869753886969993
22069,3,0,0.2058229747138856
22070,2,1,0.2098459519758007
22071,4,0,0.1268672613227839
22072,5,0,0.1233969574675709
22073,5,0,0.1379659510333475
22074,2,0,0.10053363093980087
22075,3,0,0.11424704667571035
22076,3,1,0.5576397715175999
22077,4,0,0.1319367418397676
22078,4,1,0.24226758956367345
22079,3,0,0.1463919422096346
22080,2,0,0.302921696787935
22081,3,0,0.13107876155291914
22082,5,0,0.08533765184235534
22083,5,1,0.17479665515801163
22084,1,0,0.11600873932804685
22085,1,1,0.7553762294967827
22086,4,0,0.10181716868772518
22087,3,1,0.437529096878391
22088,2,0,0.15834357278459268
22089,1,0,0.11810371753435495
22090,4,0,0.07504244260331992
22091,4,0,0.0719016867373312
22092,3,0,0.1663622999646757
22093,1,0,0.04415553339903999
22094,1,0,0.09672959880097312
22095,4,0,0.09576514459154029
22096,2,0,0.12263396879589988
22097,3,0,0.0587815386622008
22098,3,1,0.18113797134161305
22099,1,0,0.11574447300936008
22100,3,1,0.20779800718519936
22101,4,0,0.6583790667650171
22102,1,0,0.09679601202963235
22103,2,0,0.10737451737810534
22104,1,0,0.12019042004182794
22105,1,0,0.052527510384733196
22106,1,0,0.22154482797136774
22107,2,0,0.09677073327882528
22108,4,0,0.12935941711823123
22109,1,0,0.1045863623682988
22110,5,0,0.0964197658845191
22111,1,0,0.15031216061969443
22112,3,1,0.3056303697752178
22113,3,0,0.13267427927316428
22114,4,0,0.07280745719618867
22115,4,1,0.6892013604192996
22116,4,0,0.1821196921490666
22117,4,0,0.17550728108899222
22118,1,0,0.292706262805553
22119,5,0,0.6090799001181381
22120,4,1,0.37498197401098204
22121,2,1,0.17472554645313204
22122,2,1,0.20200980630223073
22123,3,0,0.28934523583504523
22124,5,1,0.11447747125710807
22125,4,0,0.12351199832142674
22126,4,1,0.8444357299966473
22127,4,0,0.3866711211713078
22128,2,1,0.23804972945552896
22129,4,0,0.3526608454980095
22130,3,0,0.11378601759971076
22131,5,0,0.2277956769737652
22132,4,0,0.1600808744198214
22133,2,0,0.1234628618439107
22134,2,0,0.09226044239367133
22135,5,0,0.03364653199873512
22136,3,1,0.7635925632491071
22137,5,1,0.13306946915744036
22138,5,0,0.24084667610598473
22139,5,0,0.09360892339859364
22140,1,0,0.15061407458008813
22141,2,0,0.11510214889061025
22142,1,0,0.11943559764531014
22143,2,1,0.7615715459352883
22144,4,1,0.14878155651632965
22145,4,0,0.15479949743838933
22146,5,1,0.7981274252497997
22147,5,0,0.2940736048063654
22148,3,0,0.2066422648773835
22149,5,1,0.4354479918806899
22150,1,0,0.4066283325161659
22151,1,0,0.07519895762875353
22152,5,0,0.2420721958878576
22153,4,0,0.11259742259410974
22154,2,0,0.08915388002451043
22155,1,0,0.6002297625748776
22156,4,0,0.44716525469950164
22157,5,0,0.15594353175342768
22158,2,0,0.06584787841515166
22159,4,0,0.08528029466419018
22160,3,0,0.11505910571171696
22161,4,0,0.1233795589965217
22162,5,0,0.07695200767422378
22163,1,0,0.06354931624006564
22164,5,0,0.1290991974618834
22165,2,0,0.09430143115548835
22166,1,0,0.13949224575907318
22167,5,0,0.18526642046280992
22168,2,0,0.13063258793344137
22169,3,0,0.13142581101335998
22170,5,0,0.15252779036582442
22171,2,0,0.08277736334414179
22172,1,0,0.28604937741743036
22173,4,0,0.11387151025647567
22174,5,0,0.0990618046529994
22175,4,0,0.15435600358842433
22176,3,1,0.8069704092485953
22177,1,0,0.0722791513905398
22178,4,0,0.1514239797285575
22179,5,1,0.14124197441864125
22180,3,0,0.12860860751826686
22181,2,0,0.23664511149258646
22182,5,0,0.11009820425635991
22183,5,0,0.12086180597429448
22184,4,1,0.4022040058335101
22185,5,1,0.24234083259838288
22186,4,1,0.6633776942554455
22187,4,0,0.119944637260435
22188,2,0,0.12824811820970178
22189,1,0,0.16044100274939946
22190,2,1,0.11902161419433059
22191,1,0,0.16862088741520462
22192,3,0,0.09357902743552914
22193,5,0,0.4612938175232075
22194,5,0,0.14484882453503417
22195,1,0,0.1349239452934525
22196,1,0,0.14934418317341003
22197,5,0,0.14199230384534967
22198,1,0,0.051305192392776935
22199,1,0,0.1615466819714155
22200,4,0,0.1839244352582353
22201,1,0,0.08938731650248632
22202,2,0,0.09010378883516504
22203,1,0,0.14627515190970783
22204,2,0,0.20973240319544312
22205,1,0,0.13690670172919256
22206,5,0,0.6786750840519227
22207,2,0,0.15998755965788464
22208,5,0,0.07014518817206086
22209,1,1,0.6723746164289153
22210,5,0,0.25913928425736044
22211,1,0,0.11711175946010621
22212,1,0,0.18918263186676537
22213,5,1,0.13573472057575633
22214,5,1,0.5160724290471836
22215,5,0,0.10760205417806976
22216,3,0,0.12273443960627754
22217,1,0,0.35811329322721464
22218,5,0,0.08317988920768185
22219,3,0,0.12400666055178498
22220,5,0,0.09599184709036168
22221,3,1,0.17406381822193662
22222,4,0,0.07014181962666974
22223,2,1,0.7394893245667805
22224,4,0,0.2704541654951081
22225,4,0,0.14267913124286175
22226,3,1,0.4220345968030948
22227,2,0,0.17210997879660653
22228,5,0,0.12465576275257638
22229,1,1,0.8370828690236806
22230,2,1,0.7224423968740858
22231,3,0,0.027255262645735617
22232,3,0,0.14518076984328923
22233,5,1,0.08864565912188548
22234,1,0,0.7703686606050161
22235,5,0,0.10877310686747402
22236,5,1,0.8023188232553413
22237,4,0,0.13619207791780696
22238,4,1,0.08012935050663629
22239,3,0,0.16751234174236948
22240,5,0,0.06333987848913611
22241,5,0,0.13509219470536155
22242,5,0,0.1183808759727621
22243,3,0,0.0957959241853519
22244,3,0,0.07238462903158999
22245,4,0,0.08101131399534742
22246,2,0,0.052916457185901614
22247,1,0,0.15512712333072856
22248,5,0,0.11013818111114959
22249,3,0,0.10016719350090905
22250,2,0,0.3185781638541132
22251,3,0,0.17570488894928327
22252,2,0,0.10743199878036265
22253,5,0,0.12175187914562262
22254,4,1,0.11761332825592681
22255,3,1,0.10659115408464216
22256,3,1,0.4065360046139907
22257,1,1,0.8806755039989321
22258,5,0,0.21285635487978957
22259,5,0,0.1488767251695534
22260,2,0,0.150561698588634
22261,5,0,0.1620156155256819
22262,5,0,0.6551196518293858
22263,3,0,0.11480337723861979
22264,1,0,0.08319239412582319
22265,4,0,0.11315131968972866
22266,3,1,0.14247922740049435
22267,4,0,0.2747668776846921
22268,5,0,0.33017254457735945
22269,1,0,0.1002175169170905
22270,1,1,0.6079760816242948
22271,1,0,0.12484499343809616
22272,5,0,0.07148368969164305
22273,4,0,0.2074357078391769
22274,2,0,0.1534482688695152
22275,3,0,0.17543978447064443
22276,2,0,0.10075062893641877
22277,5,0,0.2126694872274337
22278,2,0,0.5657947554352947
22279,4,0,0.16763056565516626
22280,3,0,0.07281855212511443
22281,3,0,0.8395716148136892
22282,1,0,0.21175357219494415
22283,1,0,0.09016349370833945
22284,2,0,0.11804335589778106
22285,3,1,0.1354444053504605
22286,5,1,0.3430376697621577
22287,2,0,0.08757621157254221
22288,1,0,0.10174254721572713
22289,5,0,0.09268196097049282
22290,2,1,0.4500445073569188
22291,1,1,0.13707934274887457
22292,1,1,0.5734960400197466
22293,5,0,0.1323338330006285
22294,5,0,0.09162517926960308
22295,3,0,0.21368783188416782
22296,5,0,0.10976322985301408
22297,1,0,0.08995392158774282
22298,4,0,0.11045023635894628
22299,1,1,0.18672510531392872
22300,5,0,0.10449209090195591
22301,4,0,0.11568061634027205
22302,4,0,0.15209321462686992
22303,2,0,0.06775236933226293
22304,2,0,0.06298105889426925
22305,1,0,0.21627974176396617
22306,5,0,0.047872410785136724
22307,5,0,0.7483107698448741
22308,3,1,0.2587068619721308
22309,1,1,0.16584690662413965
22310,1,1,0.17709814985092318
22311,2,0,0.6811580789736752
22312,1,0,0.1295360813368742
22313,5,0,0.18036482238349413
22314,4,0,0.24505817447349657
22315,3,1,0.6307206448457008
22316,4,0,0.0757379691885322
22317,1,0,0.3090135023375859
22318,4,0,0.17639512417883643
22319,4,0,0.1038858309254614
22320,3,0,0.08775350430569334
22321,1,0,0.07529663655150023
22322,3,0,0.09865417784694074
22323,4,1,0.1297767789513468
22324,1,0,0.14602155747172946
22325,5,0,0.10771047115160357
22326,2,0,0.04498844334945133
22327,4,0,0.43551210199912294
22328,1,0,0.17441001162316422
22329,4,0,0.20869557488763546
22330,4,0,0.13661976448543045
22331,4,1,0.22239329952407383
22332,4,0,0.15727814177807647
22333,1,1,0.09592279447652813
22334,4,0,0.13084981043827304
22335,3,0,0.35820658910582803
22336,5,0,0.14593217423644766
22337,1,0,0.10706470416904412
22338,4,0,0.11442356650622547
22339,5,0,0.1465515420569684
22340,2,0,0.049936355763109994
22341,1,0,0.13425735021675758
22342,5,0,0.1335999056990646
22343,4,0,0.09825108164979496
22344,3,0,0.08305703272709494
22345,3,0,0.1340588084163221
22346,4,0,0.8646538932550196
22347,5,0,0.2572875741181847
22348,3,0,0.19519055739865465
22349,5,1,0.15836201018063206
22350,4,0,0.12145293068056799
22351,2,0,0.186914095640302
22352,4,0,0.15818412706434765
22353,5,0,0.06690022522888765
22354,2,0,0.2370050258821211
22355,1,0,0.1152205718858556
22356,1,1,0.12093828487100033
22357,1,0,0.14549251061434476
22358,1,1,0.08749831337368302
22359,1,0,0.08740224904867419
22360,4,0,0.1700113102338733
22361,3,0,0.06193057078105402
22362,4,0,0.13890669849756296
22363,4,0,0.19024331000095895
22364,3,0,0.13216770552548693
22365,1,1,0.15206344386427853
22366,2,0,0.06168928562043157
22367,1,0,0.8169410205005061
22368,2,0,0.07642004030363747
22369,4,0,0.21275938563258723
22370,2,0,0.1105690262427981
22371,2,1,0.5208488695434632
22372,1,0,0.17794554885940608
22373,1,0,0.09874610243552268
22374,1,1,0.29226115611060893
22375,3,0,0.6914271794662363
22376,1,1,0.19591554211641976
22377,3,0,0.111325738523004
22378,1,0,0.0964831711781222
22379,5,0,0.14383260950644502
22380,2,0,0.07621853958764896
22381,3,0,0.1499550073132073
22382,2,0,0.13443889890457142
22383,4,1,0.1321492477934003
22384,5,1,0.8000202669561332
22385,4,0,0.07509503873082023
22386,1,0,0.06602178439025622
22387,5,0,0.7256483985816934
22388,4,0,0.11826074655566161
22389,3,1,0.1534376578771083
22390,4,0,0.15255947755400417
22391,5,0,0.13615262596201635
22392,1,0,0.24878087128593004
22393,3,0,0.05017093872247941
22394,5,1,0.6459305379434871
22395,5,0,0.10293708258784531
22396,5,0,0.1437136991202378
22397,1,0,0.16003983625079876
22398,1,0,0.10196703168279474
22399,4,0,0.1101937732703483
22400,1,0,0.07381875660048873
22401,3,1,0.4356991492560941
22402,2,0,0.21207101291751557
22403,4,0,0.21563478925891968
22404,1,0,0.12493175505689548
22405,2,0,0.2400302330769622
22406,1,0,0.08125944901826364
22407,2,0,0.09062684456525048
22408,4,0,0.30735327402423546
22409,1,0,0.13544781069503625
22410,1,0,0.08452308013094706
22411,5,0,0.048774566956335
22412,4,0,0.12378432625173146
22413,3,0,0.1343335776025382
22414,2,0,0.08539911025395823
22415,5,0,0.08140066568590819
22416,3,0,0.11613548271811971
22417,4,1,0.5343711219586523
22418,3,1,0.09280539893965754
22419,2,1,0.3929677521802767
22420,1,0,0.1556755289849974
22421,3,0,0.047216813837821586
22422,3,0,0.17260563228651216
22423,3,0,0.20980302073528181
22424,4,0,0.16688472614529942
22425,2,0,0.15581449106367043
22426,4,1,0.6247941626418959
22427,2,0,0.10760134343534705
22428,4,0,0.11003806246813949
22429,2,0,0.07478498664280472
22430,4,1,0.7973335761170307
22431,1,0,0.06525821399377471
22432,4,1,0.2382935630741985
22433,5,1,0.5377294896004042
22434,2,0,0.28800769456858655
22435,5,0,0.13898704048647212
22436,5,0,0.11115666847589985
22437,3,0,0.15514405078677024
22438,4,0,0.10857701757883656
22439,2,0,0.08624133700093628
22440,3,0,0.10552128611894326
22441,1,1,0.0946284726044079
22442,4,0,0.20247946973713524
22443,4,0,0.20634230178354776
22444,5,1,0.5855482486234775
22445,1,0,0.1578775826868707
22446,2,0,0.18637351773937516
22447,3,0,0.11708751065888058
22448,1,0,0.111879627643399
22449,2,0,0.36843986115735683
22450,4,1,0.23859997497627042
22451,2,1,0.6454162680128102
22452,3,0,0.11163464206928417
22453,4,0,0.23598399989459437
22454,3,0,0.13759127509567995
22455,1,1,0.6096876413363858
22456,3,0,0.06474168020669743
22457,4,0,0.09562060550296593
22458,4,0,0.13755904361207405
22459,1,0,0.7440413346854544
22460,2,0,0.11718882460449967
22461,3,0,0.10292040256420457
22462,4,1,0.7919323566511046
22463,5,0,0.13595519882953155
22464,4,0,0.12765631289239046
22465,3,0,0.13780114201641136
22466,5,0,0.11806371329156402
22467,5,0,0.1019459166329995
22468,4,1,0.08087778414240877
22469,2,0,0.15877195989755108
22470,4,0,0.1970677547315848
22471,1,0,0.09445144743855119
22472,1,0,0.16610434658984086
22473,3,0,0.17491649335679565
22474,2,0,0.15355163851572362
22475,5,0,0.2120676988882333
22476,5,0,0.13947310863756537
22477,4,0,0.23301835232895082
22478,2,1,0.13068054795316258
22479,5,0,0.18846219570822614
22480,4,0,0.08069064892557819
22481,5,1,0.07232499520318071
22482,4,1,0.78802746600974
22483,1,0,0.17508744362911605
22484,3,0,0.08424206194503768
22485,1,0,0.08393350250739737
22486,2,0,0.0793517429937658
22487,5,0,0.16824119390852518
22488,4,0,0.11744037521420696
22489,5,0,0.08334328367146025
22490,5,0,0.13499634479648445
22491,3,0,0.3355555023448054
22492,1,1,0.3500128239687381
22493,1,1,0.0678142219253597
22494,3,0,0.09882619660044485
22495,5,0,0.17563508095667973
22496,1,1,0.8353091997111851
22497,2,0,0.08729866469079682
22498,1,0,0.17499017166487324
22499,1,1,0.1410039987959953
22500,4,0,0.08792731068963752
22501,3,0,0.18842965125928257
22502,4,0,0.2650294031552145
22503,1,0,0.1280252991213406
22504,1,0,0.06771627343331979
22505,1,0,0.11182030033435102
22506,4,0,0.2151011620634005
22507,2,1,0.6128977627441
22508,1,0,0.14499336431628976
22509,5,1,0.389319852231128
22510,3,0,0.09477975871144402
22511,4,0,0.12345967916817072
22512,1,0,0.07109384610666011
22513,5,0,0.06971677056748614
22514,1,1,0.6930684049085946
22515,2,0,0.1349515047090384
22516,2,0,0.11212026665757426
22517,2,1,0.8191863471777604
22518,3,0,0.19862830712000445
22519,1,0,0.07405400297198825
22520,1,1,0.5870818259440206
22521,1,1,0.15019342292570675
22522,3,1,0.1214301929420322
22523,5,1,0.7368328913826885
22524,4,0,0.1363264630975853
22525,5,1,0.1688715934825038
22526,3,0,0.1299842523953104
22527,4,0,0.20712349739267838
22528,5,0,0.1331761166908996
22529,3,0,0.22577721951156868
22530,5,0,0.34465966045645
22531,2,0,0.14215769427586605
22532,4,0,0.2739565544461065
22533,5,0,0.30771922850825384
22534,3,0,0.12339827896992722
22535,4,1,0.7095937917471083
22536,2,0,0.09013793872736327
22537,1,0,0.8498799842251106
22538,3,0,0.0329919335272366
22539,4,0,0.29574508358583207
22540,5,1,0.24792635496855683
22541,5,0,0.1792928726026521
22542,3,0,0.11864820140888716
22543,4,1,0.9005017213930828
22544,4,0,0.14403739740591748
22545,5,0,0.3443514564028335
22546,3,0,0.4357442171716215
22547,5,0,0.12667856016923162
22548,5,0,0.10571509684427778
22549,4,0,0.07674168061084578
22550,2,0,0.10000287380253521
22551,3,0,0.11331784097875632
22552,4,0,0.10135391467259791
22553,1,0,0.049301780744737844
22554,5,0,0.3732708317335396
22555,4,0,0.1219363277944803
22556,1,0,0.14569428152967664
22557,5,1,0.5785417956742501
22558,3,0,0.09457261150100085
22559,1,0,0.060276896997331124
22560,2,0,0.08400215751991956
22561,1,0,0.12864249851092685
22562,2,0,0.10616395123873211
22563,1,0,0.6935877430792736
22564,3,0,0.13676974431261552
22565,3,1,0.13128141582835365
22566,5,0,0.1248678633736711
22567,5,0,0.1228610352855322
22568,3,0,0.10833286195026105
22569,2,0,0.15873163657077968
22570,3,0,0.09589207871844284
22571,2,0,0.13014191634427325
22572,4,0,0.7871488816588085
22573,5,0,0.09380493043588058
22574,4,0,0.1518886534561513
22575,3,0,0.09121895743808385
22576,2,0,0.6145416329561555
22577,5,0,0.08209291712249393
22578,4,0,0.0981944436722605
22579,4,0,0.05976199060586542
22580,5,0,0.09035014041449795
22581,3,1,0.26407407690600904
22582,2,0,0.3907001921107134
22583,2,0,0.09228925511077327
22584,1,0,0.04857226057882512
22585,5,1,0.6744714917544807
22586,1,0,0.1310461501730666
22587,4,0,0.1221692023996857
22588,1,1,0.24851155278918757
22589,4,0,0.11198876574727779
22590,5,0,0.09493398974971991
22591,1,0,0.607247761589082
22592,4,0,0.20469376723103483
22593,3,1,0.49066283306741637
22594,1,0,0.2230990925735208
22595,1,0,0.17437174765963687
22596,5,0,0.0787878860170468
22597,1,0,0.731542546174367
22598,2,0,0.18054420151430373
22599,1,1,0.2823485161414619
22600,2,1,0.12384998850220069
22601,2,0,0.3058462253523311
22602,5,0,0.1035658062936809
22603,3,0,0.1857615513457338
22604,3,0,0.08925559255238558
22605,5,0,0.04032469438763559
22606,4,0,0.7931008770742988
22607,4,0,0.18025962909535234
22608,1,1,0.08361054417600405
22609,5,0,0.3655115279144443
22610,3,0,0.16705661297031763
22611,1,1,0.1902760428904678
22612,1,0,0.12434704464823734
22613,1,1,0.37008143462476745
22614,1,0,0.14280440989740772
22615,5,1,0.48740816593875536
22616,2,0,0.17656367302503648
22617,1,0,0.11921420023620216
22618,1,1,0.6581154278544951
22619,5,0,0.0588671637464426
22620,4,1,0.804096618793642
22621,1,0,0.06777052059160578
22622,3,1,0.16267492087353327
22623,1,0,0.15770315283882128
22624,3,0,0.11337229402528369
22625,1,0,0.06303771212624842
22626,4,0,0.12882218088158925
22627,1,0,0.129762421889062
22628,4,1,0.2140445891886871
22629,2,1,0.864258700909538
22630,3,1,0.12293432460421688
22631,1,1,0.49905513131044643
22632,3,1,0.04761031888689035
22633,2,0,0.6981243411487194
22634,4,0,0.10953807314670651
22635,4,0,0.06298342771374255
22636,1,1,0.8422679511637909
22637,5,0,0.07606307251862157
22638,1,0,0.0999974587759418
22639,5,0,0.16262104647731296
22640,5,0,0.12876287919228518
22641,3,1,0.33988904556000304
22642,1,1,0.1687325622624121
22643,3,0,0.6713109016582788
22644,2,1,0.12096870201229351
22645,3,0,0.13576939811350472
22646,2,0,0.09680889700340829
22647,1,0,0.4018569224763511
22648,3,0,0.10103780883043827
22649,2,0,0.12348124065566787
22650,2,1,0.4242431937530537
22651,4,0,0.23582953601013826
22652,4,0,0.597421048570236
22653,2,0,0.32746357598234815
22654,1,0,0.35555893019495927
22655,3,1,0.10789820733080434
22656,3,1,0.16021794772097178
22657,1,0,0.23283220087435672
22658,1,0,0.07356615400448278
22659,4,1,0.6062533690138593
22660,1,0,0.16888106492455746
22661,4,0,0.11325807827513598
22662,3,0,0.16144124509793237
22663,3,1,0.5721796865892564
22664,5,0,0.07727467205345617
22665,3,1,0.2415659496193629
22666,4,1,0.6914323201931541
22667,1,1,0.6966242506632389
22668,5,0,0.04584214942371024
22669,2,0,0.11613641757337673
22670,5,0,0.27506114445892743
22671,5,0,0.11161759113845919
22672,3,0,0.13088998813075192
22673,5,0,0.05152350897145687
22674,3,0,0.18580313424229733
22675,5,0,0.09201844306857568
22676,5,1,0.1397210984416148
22677,1,0,0.12899818179501776
22678,2,1,0.2730836814323901
22679,4,0,0.12041388888136606
22680,2,0,0.09207667684504602
22681,2,0,0.10402099676833719
22682,5,0,0.0710161436563207
22683,4,1,0.5595949614887623
22684,3,0,0.11973725092156241
22685,4,0,0.197482623261161
22686,3,0,0.06360674881889632
22687,1,0,0.12550374545148574
22688,3,0,0.0791569284274874
22689,3,1,0.9244978426749179
22690,2,0,0.3450575266596757
22691,1,0,0.09206867549672255
22692,4,0,0.10590213594163982
22693,1,0,0.08720021399885101
22694,1,0,0.12031958575636287
22695,2,0,0.3052004011939403
22696,5,0,0.732074480294754
22697,1,0,0.14226692149229062
22698,5,0,0.35531724721621843
22699,3,1,0.11571152380870853
22700,4,0,0.100336014786502
22701,5,0,0.3904116286818094
22702,2,0,0.10881319694092788
22703,4,0,0.11681430195669441
22704,1,0,0.11072965404144071
22705,4,0,0.06805804558125356
22706,1,0,0.11145194262689766
22707,4,0,0.17245138591097395
22708,4,0,0.1771593262573316
22709,2,0,0.12044321969960979
22710,5,0,0.24718866952548493
22711,5,0,0.08742935627768932
22712,2,0,0.10172754479398556
22713,3,0,0.134665470928234
22714,3,0,0.1489236272796917
22715,4,0,0.10117801769137853
22716,3,0,0.12856783338267191
22717,3,1,0.1354556466512041
22718,1,0,0.21961960919335122
22719,2,1,0.33261606434383284
22720,1,0,0.17093457161140205
22721,4,1,0.8024495998484827
22722,1,1,0.1567891085078232
22723,5,0,0.07293808952431106
22724,2,0,0.12030562147721628
22725,2,0,0.10574558306877736
22726,4,0,0.09980554327876469
22727,1,1,0.11394569674831789
22728,5,0,0.1200640348083399
22729,1,0,0.11950278274673845
22730,5,0,0.27622105602402586
22731,5,1,0.12441942773588
22732,3,0,0.16760618327343035
22733,4,0,0.08878401661958046
22734,5,0,0.25021465695010964
22735,3,0,0.07970821809391943
22736,5,0,0.09937716909811208
22737,3,1,0.34411062320058744
22738,5,0,0.30259612721076856
22739,4,0,0.3667243935869306
22740,1,0,0.12067935025935583
22741,2,0,0.13259258343997588
22742,1,1,0.17948678901254592
22743,2,0,0.15397179067667446
22744,1,0,0.04019596577651217
22745,3,0,0.15002218059044353
22746,5,0,0.18311154588872042
22747,1,1,0.17058487228133243
22748,3,0,0.10252958182936164
22749,1,1,0.7357940628919588
22750,5,1,0.2031204374073868
22751,4,1,0.701027958970622
22752,4,0,0.21406224853812053
22753,3,0,0.13837867806549514
22754,4,0,0.7132790709630363
22755,5,0,0.45864285343917893
22756,4,0,0.1099532518095377
22757,5,0,0.13812230690857263
22758,3,0,0.11185109141598444
22759,5,1,0.12482765655906843
22760,3,1,0.753365499114334
22761,5,0,0.08041363229649098
22762,4,0,0.24077263247288616
22763,3,0,0.11251307265700973
22764,1,0,0.1861604101552351
22765,2,0,0.06409302840697642
22766,4,0,0.06466023344898147
22767,5,0,0.07844531450651218
22768,3,0,0.3650180640560147
22769,4,0,0.1574125189292881
22770,2,0,0.11868855928418555
22771,2,1,0.19764652576148825
22772,4,0,0.09276983945851183
22773,5,1,0.10249490272022935
22774,3,1,0.2274155747605398
22775,2,0,0.35556861836295417
22776,1,1,0.12622328136944125
22777,2,0,0.0928583344331106
22778,5,0,0.053413514226376864
22779,2,1,0.24222169757384662
22780,2,0,0.043061511247519266
22781,1,0,0.13122584045231012
22782,2,0,0.22530302795104767
22783,5,0,0.1077271068054431
22784,1,0,0.17642285861811063
22785,1,0,0.11470383174958497
22786,1,0,0.1001121892852652
22787,1,0,0.14160728562216315
22788,3,0,0.1554517836916058
22789,1,0,0.13262053273626428
22790,3,0,0.10933695575156124
22791,3,0,0.09404024312980822
22792,2,1,0.8837919027109876
22793,2,0,0.11266851695378188
22794,4,1,0.20054300133251077
22795,1,1,0.1019847288854212
22796,5,0,0.17532954984370697
22797,4,0,0.13423383180247594
22798,3,1,0.46762043237159967
22799,2,0,0.13258620538408125
22800,5,0,0.042114840793256045
22801,2,1,0.2456862973154751
22802,2,0,0.23240041379213364
22803,5,0,0.24054740740493472
22804,5,1,0.41740720144994753
22805,2,1,0.5917659235660764
22806,3,0,0.10574958240234235
22807,2,0,0.11382494903470385
22808,2,0,0.08154409433630201
22809,4,0,0.06912137036326127
22810,4,1,0.31317620205751706
22811,4,0,0.024565414698085764
22812,1,1,0.8073123027321697
22813,2,0,0.17483163798607862
22814,1,0,0.11419736786341848
22815,4,0,0.7907788701792422
22816,4,0,0.09803655755411833
22817,5,0,0.1512524648840301
22818,4,0,0.10465159541792365
22819,2,0,0.19242175944861353
22820,5,0,0.12252686939552865
22821,1,1,0.6682380195741484
22822,5,1,0.8684318502877313
22823,4,0,0.13053550608958744
22824,2,0,0.08038785693260896
22825,1,0,0.14119790429361215
22826,3,1,0.21836899562941006
22827,5,0,0.11423230228696656
22828,4,1,0.6694847285981781
22829,1,1,0.13366473027090917
22830,1,1,0.862577109431924
22831,3,0,0.09151635686652347
22832,3,0,0.09933637555636836
22833,3,0,0.10283233895604703
22834,2,1,0.14719974409598485
22835,3,0,0.11214949698877853
22836,1,1,0.13013433615386727
22837,1,0,0.07394410255746588
22838,5,0,0.07275750739364716
22839,3,0,0.13894398823364115
22840,4,0,0.09325114799030586
22841,2,0,0.1820162965127194
22842,2,0,0.07794877009555386
22843,3,0,0.1186667449383706
22844,4,0,0.289315515005171
22845,1,0,0.07223860414505326
22846,2,0,0.1657899790882143
22847,2,1,0.6245335929494146
22848,2,0,0.12226035832144777
22849,2,1,0.8138669119714919
22850,1,0,0.10685531956727497
22851,1,0,0.12265171086724869
22852,4,0,0.22921371710642657
22853,1,0,0.12556783058848472
22854,1,0,0.17405008020126062
22855,1,0,0.14381093244474036
22856,3,0,0.11280720164828648
22857,1,0,0.15251407850422144
22858,4,0,0.21767278386935185
22859,5,0,0.10129544004413292
22860,4,1,0.07268819924292864
22861,1,1,0.5115251808038731
22862,2,0,0.11946597161445374
22863,1,0,0.05715287046820811
22864,4,0,0.11760042619396964
22865,2,0,0.1672549603736713
22866,4,0,0.06590050124488567
22867,3,0,0.1295019780239966
22868,1,0,0.09304339199645396
22869,2,0,0.11762454883417939
22870,4,0,0.1234054688852056
22871,3,1,0.6059127418368575
22872,5,0,0.07237783300465142
22873,2,0,0.1073662800036004
22874,2,1,0.31207064639154397
22875,2,0,0.09449048442809486
22876,3,1,0.08537999635475611
22877,1,0,0.10763461700675082
22878,5,0,0.06753021327534957
22879,5,0,0.12207750132098627
22880,2,1,0.37926475926285447
22881,4,0,0.8693183820774645
22882,3,0,0.10111838475289693
22883,5,1,0.2401133426932217
22884,3,0,0.1167097759316758
22885,5,0,0.09500922467848458
22886,1,1,0.38133336862906353
22887,1,0,0.07324596963686753
22888,2,1,0.43393189779076613
22889,3,0,0.12806166123841525
22890,5,0,0.12763685325568308
22891,1,0,0.1573628111743826
22892,4,0,0.12020882223340865
22893,4,0,0.08078141278858024
22894,5,0,0.15548974650518557
22895,3,1,0.662487062543685
22896,5,0,0.18295621105816795
22897,2,1,0.15600037759719518
22898,2,1,0.4808980805697506
22899,4,0,0.4125949755722108
22900,4,0,0.11643828940420865
22901,2,0,0.08505898755385985
22902,1,0,0.1468260985131208
22903,1,0,0.14655901047474443
22904,3,0,0.11593410348535574
22905,2,0,0.2725861688648865
22906,1,0,0.09270370577247672
22907,5,0,0.0849349769075431
22908,5,0,0.10948790590335684
22909,2,0,0.10628395118598816
22910,1,0,0.1085455523750445
22911,4,0,0.6775393397574572
22912,1,0,0.14286025877283462
22913,3,0,0.1416897154178246
22914,2,0,0.32871292437780647
22915,5,0,0.09208432755967193
22916,4,0,0.19602354235370426
22917,3,0,0.06012817605415127
22918,4,0,0.3720243110684778
22919,2,0,0.11982960876683843
22920,1,0,0.4053908694475365
22921,2,0,0.11884862922237663
22922,1,0,0.13677009675843785
22923,4,1,0.48437482384076447
22924,5,0,0.2595239230176003
22925,2,1,0.43304727014087946
22926,4,0,0.24772594892375946
22927,1,0,0.18292823420686244
22928,5,1,0.18684905893045342
22929,3,0,0.23909214865396206
22930,1,0,0.16029821693781476
22931,1,0,0.0576601426237609
22932,3,0,0.12950206754984359
22933,3,1,0.07924885975335448
22934,2,0,0.15426642069141808
22935,2,0,0.09627116571977745
22936,5,0,0.06836474913075859
22937,4,1,0.2625549340449598
22938,5,0,0.09144142268212971
22939,3,0,0.08934519873536377
22940,1,0,0.3358563975502817
22941,2,1,0.8274831215538004
22942,4,0,0.08542015652258114
22943,2,0,0.11302535688424792
22944,1,0,0.13708080875798886
22945,4,0,0.14271792991793403
22946,4,0,0.088399974163615
22947,1,0,0.13780180819186827
22948,1,0,0.15682204683774928
22949,3,0,0.28563566372052046
22950,4,1,0.5207325901757246
22951,2,0,0.134463057795002
22952,2,0,0.17498048723445886
22953,2,1,0.6738854523085047
22954,2,0,0.10333964726012151
22955,1,1,0.20563239959487178
22956,3,0,0.08138685638212448
22957,4,0,0.17523752896094968
22958,3,1,0.3211026662436607
22959,2,0,0.23053246122672416
22960,3,0,0.37905807296801497
22961,3,0,0.26097963390538836
22962,5,0,0.09503560721343944
22963,3,1,0.15620588700536508
22964,4,0,0.11075120438695964
22965,1,1,0.40286514484931707
22966,5,0,0.09479302013757135
22967,3,0,0.3459307802479544
22968,5,1,0.21990121668073354
22969,1,0,0.10834020606361905
22970,3,1,0.11707788284070071
22971,2,1,0.08107923290852811
22972,5,0,0.08397849384744656
22973,3,0,0.12009923868223916
22974,3,0,0.30824554150261957
22975,2,0,0.09260131685739502
22976,3,0,0.32778312908028356
22977,3,1,0.11217667091341026
22978,1,0,0.09435348298866611
22979,2,0,0.3503394730686242
22980,3,0,0.5974340024312147
22981,2,0,0.12453348849619887
22982,1,0,0.10853468129086952
22983,3,0,0.5704643566366493
22984,1,0,0.19833132103410048
22985,5,0,0.06523961308306749
22986,5,1,0.14135812954247987
22987,1,0,0.07056529839977221
22988,4,0,0.12637515305075653
22989,3,0,0.10472776015251299
22990,5,1,0.47956512949027424
22991,4,1,0.06746281556827749
22992,3,0,0.15785221638372246
22993,1,0,0.19631531358987422
22994,5,1,0.7861598918073965
22995,4,0,0.15494927925218813
22996,3,0,0.3398263113372289
22997,1,0,0.1455787088251918
22998,3,0,0.07022761327921673
22999,1,1,0.12910195181270506
23000,1,0,0.10806444138532278
23001,2,0,0.07747945444735455
23002,2,0,0.030262597789158872
23003,1,0,0.20251671309353408
23004,3,0,0.0960373798926607
23005,5,0,0.14118947151996192
23006,5,0,0.23132334006008215
23007,4,0,0.11317066875459102
23008,4,0,0.13349512094563085
23009,2,0,0.23533837914524933
23010,5,1,0.6617110214034988
23011,1,0,0.1605337164575296
23012,1,0,0.1976410369517928
23013,3,0,0.16030542812401585
23014,4,1,0.40223122332800454
23015,4,0,0.23928480167566651
23016,4,0,0.09155871295235181
23017,2,0,0.12362101770341082
23018,5,0,0.08246217266394452
23019,2,0,0.12682344979413554
23020,2,0,0.07461274358569196
23021,3,1,0.15248274495099856
23022,4,0,0.17795839045401524
23023,5,0,0.1419555667041364
23024,3,0,0.0948536056404484
23025,2,0,0.12424763200130745
23026,4,0,0.39835118122839114
23027,5,0,0.21228921614991755
23028,4,0,0.05315393573488399
23029,3,0,0.06621828800283815
23030,1,0,0.180963414431028
23031,2,0,0.2378550240733234
23032,1,1,0.8520708004134074
23033,4,0,0.09132391820558731
23034,4,0,0.12620066049823453
23035,4,0,0.13361549229800573
23036,1,0,0.1601377701163745
23037,3,0,0.10547104080660501
23038,4,0,0.06915755435871226
23039,3,0,0.11501553086336519
23040,5,0,0.08807096922123209
23041,2,0,0.0843181006458693
23042,3,0,0.14794729374930435
23043,3,0,0.07768318444014857
23044,2,0,0.1349381132703922
23045,1,1,0.06730762507423367
23046,1,1,0.6666596217486899
23047,5,0,0.13440539114507002
23048,1,0,0.19212528211232704
23049,4,0,0.17022222805987652
23050,4,0,0.11978070334287201
23051,3,0,0.41187071724529234
23052,1,1,0.24860930351471888
23053,4,0,0.12300366243079897
23054,2,0,0.11899954057759483
23055,1,1,0.7488689863675981
23056,2,0,0.09136673022314892
23057,1,0,0.27725937509872034
23058,5,0,0.15790515813570566
23059,2,0,0.7852941577530866
23060,4,0,0.12439246457337463
23061,5,0,0.12351316197584977
23062,3,0,0.1901124739939273
23063,2,1,0.6693321758594969
23064,3,0,0.1532150915486142
23065,1,0,0.25755016179315604
23066,5,0,0.3947784071556825
23067,1,0,0.18078328005652944
23068,5,0,0.10594047480054763
23069,2,1,0.27148122769904304
23070,1,1,0.42122416000338303
23071,2,0,0.15634395423905803
23072,5,0,0.11014700446044186
23073,4,0,0.35202474011757323
23074,3,0,0.10007728444329879
23075,4,0,0.13981558397125818
23076,4,0,0.17524618566846967
23077,2,0,0.1398632813881865
23078,5,0,0.4288217986847972
23079,3,0,0.18459790075451948
23080,1,1,0.6393662862535519
23081,4,1,0.15915820281166626
23082,2,1,0.825392852370432
23083,3,0,0.09431535737646718
23084,3,0,0.09112272017124108
23085,4,1,0.8475392460590165
23086,2,1,0.1975897391491427
23087,2,0,0.12379263700920799
23088,4,0,0.14035650509756292
23089,3,1,0.1301702358709719
23090,1,0,0.1500937182756852
23091,2,0,0.24908384390015495
23092,2,0,0.14534933112921236
23093,5,0,0.1785437486930132
23094,5,0,0.25876594992941854
23095,2,0,0.19536245114010425
23096,5,0,0.08717299489550322
23097,5,0,0.11909674821686596
23098,3,0,0.16925665373781767
23099,4,0,0.5743080661400819
23100,2,0,0.16973507064147095
23101,3,0,0.05097820036358674
23102,2,1,0.7985105306274247
23103,4,0,0.14592379264928795
23104,1,0,0.0916304844667107
23105,1,1,0.14536810217120005
23106,4,1,0.24444461006532658
23107,1,0,0.09709729122265938
23108,2,0,0.16167167692632367
23109,5,1,0.034819363726152894
23110,2,1,0.1320302640834452
23111,3,0,0.014870803822628162
23112,3,0,0.14796208943822367
23113,5,0,0.1430525371608716
23114,2,0,0.12002362912619888
23115,5,0,0.10982862333479289
23116,2,0,0.12804369799202844
23117,4,1,0.14131751317188465
23118,2,0,0.21685058149744874
23119,4,0,0.1045855508132688
23120,3,1,0.6883287603013121
23121,1,1,0.12750090590709529
23122,5,0,0.11931033405619634
23123,5,1,0.5048605467662431
23124,5,1,0.2586596079682531
23125,4,1,0.2582798429373644
23126,2,0,0.13912398476894264
23127,2,1,0.24661007314813888
23128,2,0,0.0862308233637805
23129,5,0,0.16888196900723054
23130,5,0,0.10610646519001996
23131,4,0,0.11423354921687745
23132,1,0,0.1962150764841298
23133,3,0,0.08831497006857204
23134,3,0,0.2937924488836782
23135,4,0,0.11706771603667988
23136,1,0,0.06864243597185232
23137,4,1,0.7042540856630374
23138,5,0,0.12930506401027855
23139,1,0,0.30782840772007
23140,5,0,0.12572190287668003
23141,4,0,0.1459429365135753
23142,4,0,0.25401340517151744
23143,2,0,0.09039360685524661
23144,4,0,0.20831091382625047
23145,5,1,0.8207801911349787
23146,3,0,0.17711446243442047
23147,1,1,0.06954738907060218
23148,3,0,0.0659034067095301
23149,3,1,0.14574978510263625
23150,5,1,0.5522508720611423
23151,2,0,0.15323793450823742
23152,3,0,0.0694883056545598
23153,5,1,0.1642008021050957
23154,5,0,0.11687443640835525
23155,5,1,0.18342764310768073
23156,4,0,0.371339178217391
23157,3,0,0.10676651593565589
23158,5,0,0.3589956615744798
23159,3,1,0.3265500161251458
23160,2,0,0.2751014410880053
23161,4,1,0.10913471604065032
23162,2,0,0.8891701511106532
23163,4,1,0.13813140436231675
23164,4,0,0.6904636389924392
23165,2,0,0.06958480601354843
23166,5,0,0.3411678224284576
23167,4,0,0.12856062842586402
23168,4,0,0.6185916222308276
23169,3,0,0.11787162805112295
23170,5,1,0.8382221025901149
23171,5,0,0.04583295943754769
23172,2,0,0.15510182695344815
23173,1,0,0.10171747316037229
23174,1,0,0.11994313623524919
23175,3,0,0.2785056568211646
23176,3,0,0.09216983540499807
23177,1,1,0.18052063837365262
23178,2,1,0.13677188624033287
23179,4,0,0.11183981714142285
23180,4,0,0.13250931476345576
23181,2,0,0.36899201400697595
23182,5,1,0.1141863909018997
23183,2,0,0.1347784432022547
23184,5,0,0.0806969283993064
23185,2,0,0.09987492372132478
23186,5,0,0.09257240515424565
23187,2,0,0.09368365403572447
23188,4,0,0.07278081199225524
23189,4,0,0.26183443345511065
23190,5,1,0.4441856312244336
23191,2,0,0.16346473746072931
23192,2,0,0.07134964202050591
23193,2,0,0.071228335901192
23194,2,0,0.13559047145414022
23195,4,0,0.19424415189911332
23196,3,0,0.06811129770981054
23197,2,0,0.13128295439575774
23198,5,0,0.08426548071306757
23199,2,0,0.3508093694321658
23200,2,0,0.048237804425653896
23201,2,1,0.8309186966753134
23202,3,1,0.1645026989518928
23203,3,0,0.13709856138994683
23204,4,1,0.7034842890215315
23205,2,0,0.1998420022736786
23206,2,0,0.5313586806662981
23207,3,0,0.09926030836330561
23208,5,1,0.1971440139766389
23209,3,1,0.753691455852122
23210,5,0,0.07878811760469868
23211,3,1,0.13025813139345443
23212,3,0,0.10896179566336583
23213,2,0,0.7762379140394219
23214,3,0,0.0699838235111874
23215,2,1,0.43031618224421553
23216,3,0,0.17501104588112856
23217,3,1,0.5446178976499929
23218,2,0,0.12126760419067628
23219,2,0,0.19550449009453397
23220,4,0,0.1835244355388027
23221,5,0,0.16356737838630314
23222,2,0,0.1438692166012915
23223,4,0,0.13140100598608528
23224,2,0,0.07744425338163327
23225,1,0,0.056955792529562004
23226,4,0,0.1496273969985115
23227,5,0,0.11039609127225687
23228,3,0,0.1333735525637915
23229,2,0,0.1362459665426378
23230,5,1,0.38233075419439694
23231,3,0,0.08427791698199517
23232,3,0,0.11290613561448098
23233,5,0,0.06494764852598056
23234,3,0,0.10590180576663323
23235,2,0,0.025345389480505767
23236,4,1,0.3422123717318776
23237,5,0,0.12892291976634584
23238,3,0,0.19465612906312463
23239,5,0,0.20693463146664595
23240,4,0,0.039476639057121864
23241,2,0,0.13997001181680488
23242,4,0,0.0897667637521878
23243,1,0,0.23659407377113872
23244,4,1,0.8121751396589643
23245,3,0,0.0820754201645814
23246,5,1,0.04300130610952173
23247,5,0,0.13114565442349857
23248,2,0,0.16014572115454806
23249,2,0,0.13960891437411457
23250,5,0,0.12293557062893622
23251,4,0,0.11245528691096902
23252,1,0,0.1676536623398736
23253,2,0,0.1338037382842586
23254,5,0,0.13374613096147467
23255,4,0,0.3083972276789866
23256,2,0,0.1806227162366585
23257,3,0,0.2412514172096982
23258,2,1,0.37173748831402753
23259,1,0,0.11259125352427335
23260,5,0,0.08100941496052357
23261,3,1,0.10116902575404345
23262,5,0,0.08715891088638064
23263,2,0,0.06294668350804451
23264,2,1,0.15745811556174777
23265,3,0,0.3062607447799765
23266,1,1,0.7538548821741466
23267,4,0,0.2108868581736691
23268,5,0,0.11879289792695123
23269,3,0,0.14363208579695616
23270,5,1,0.12410898589713625
23271,1,0,0.2024613723601199
23272,1,0,0.18802724009785146
23273,3,0,0.7591457452988096
23274,2,0,0.17067028122608444
23275,3,0,0.1016289560840887
23276,5,0,0.08006479361177851
23277,4,0,0.10997765160456445
23278,3,1,0.5201708670156517
23279,3,1,0.8784729340108031
23280,2,0,0.1753509620616459
23281,4,1,0.8044169844533557
23282,2,0,0.12046127512320297
23283,2,0,0.04182407588193133
23284,5,0,0.6062831689312121
23285,4,0,0.11270599624987482
23286,3,0,0.21032871626349436
23287,1,0,0.4610782584836036
23288,1,0,0.2613088921059657
23289,3,1,0.816562500234873
23290,2,0,0.07918670375747407
23291,1,1,0.44669244296684385
23292,1,0,0.643515303184346
23293,3,0,0.07772571730754711
23294,2,0,0.2013317380732741
23295,5,0,0.09846685241263858
23296,2,0,0.18060749704559043
23297,4,0,0.12113875226068511
23298,1,0,0.5823574952186912
23299,5,0,0.09565605148509555
23300,1,0,0.14792540329521103
23301,4,0,0.11253158975306202
23302,2,0,0.06912128746067653
23303,2,0,0.13265048515489458
23304,4,0,0.1013187171231657
23305,1,1,0.8629575265796015
23306,2,0,0.2720777004870455
23307,4,1,0.19899961181044662
23308,2,0,0.1136395595049677
23309,3,1,0.5282493782861929
23310,2,0,0.319641854985301
23311,1,0,0.14723510625261457
23312,3,0,0.20999739835231118
23313,1,0,0.22671616318507468
23314,4,0,0.09531016300033943
23315,3,0,0.11792384018910788
23316,1,0,0.13290572291098385
23317,3,0,0.14994542432583882
23318,3,0,0.034254178007805065
23319,1,0,0.12145544874704037
23320,4,0,0.07352933701878654
23321,2,0,0.10409644503770095
23322,3,0,0.13878035112980389
23323,1,0,0.06517987200785337
23324,3,0,0.13406384238589666
23325,4,0,0.22297144786089243
23326,3,0,0.08735288201064617
23327,2,0,0.14394718338216186
23328,1,1,0.7597226954566447
23329,5,0,0.3274604883699473
23330,2,0,0.13088335766588716
23331,5,0,0.1491681659856442
23332,4,0,0.19153876383544188
23333,4,0,0.1331325270064275
23334,3,1,0.6578991793992536
23335,3,0,0.0812697466171727
23336,2,0,0.1488360237852639
23337,1,0,0.09858625884246118
23338,1,1,0.34488096499147725
23339,4,0,0.10942276985115248
23340,5,0,0.15990923254744127
23341,1,0,0.1166680491032936
23342,5,0,0.1499994999942977
23343,4,0,0.10772967933634775
23344,2,0,0.2981407854324671
23345,5,0,0.10602923685189644
23346,1,0,0.1344361000261457
23347,1,0,0.15057599840744662
23348,1,0,0.10244980388307018
23349,1,0,0.3469444580535368
23350,4,0,0.12402867950885861
23351,3,0,0.1366391925196868
23352,2,0,0.18013423486908037
23353,3,0,0.096888372882335
23354,3,0,0.13797123486556498
23355,4,0,0.1576757731311003
23356,1,0,0.11133347335772865
23357,5,0,0.10402265593933806
23358,2,0,0.12619147952546927
23359,4,0,0.15748654068832557
23360,5,0,0.10918799209535142
23361,2,0,0.1655103096334201
23362,1,1,0.22257148751871536
23363,4,1,0.7569265580364879
23364,2,1,0.17261729880794227
23365,2,0,0.06460893340001025
23366,1,1,0.14521315339452248
23367,1,0,0.06347754993552694
23368,1,0,0.04355296365442622
23369,1,0,0.582629959793195
23370,2,0,0.1445983755139012
23371,3,0,0.10449032758886312
23372,3,0,0.07124057258343716
23373,5,0,0.21123232936719033
23374,5,1,0.16856711651429776
23375,1,1,0.31091392898642206
23376,3,1,0.1815659347456809
23377,3,0,0.19742505985160652
23378,4,0,0.06625376254050232
23379,5,0,0.13323299830854562
23380,2,0,0.2289099759647551
23381,1,1,0.8773948748264533
23382,3,1,0.33406362863782957
23383,5,0,0.07860414671409857
23384,3,1,0.04406624416327287
23385,4,0,0.09827934281370669
23386,1,0,0.11207720621205199
23387,4,0,0.18837524108074447
23388,5,1,0.08587416932846412
23389,4,0,0.49969424943767515
23390,3,1,0.4591412173340021
23391,2,0,0.11404970390332347
23392,1,0,0.10635782852150864
23393,5,0,0.11054253636027997
23394,5,0,0.11643433808526146
23395,2,0,0.18252731559511345
23396,2,0,0.13798814374518045
23397,2,0,0.2678112117494136
23398,2,0,0.05278316712658483
23399,3,0,0.052119064288758114
23400,5,1,0.5677301097333238
23401,2,0,0.13800356911778164
23402,3,0,0.12848722642450303
23403,2,0,0.08993205645123545
23404,3,0,0.08914904325791348
23405,5,1,0.5196614482722101
23406,1,0,0.13568352101738376
23407,1,0,0.22860300289100127
23408,2,1,0.24277306350052125
23409,3,0,0.07985036706915873
23410,3,0,0.1358748799341112
23411,2,1,0.14486963822039045
23412,2,0,0.07460636713686679
23413,3,0,0.09295050867786263
23414,2,0,0.18875893822050538
23415,5,0,0.37754770509770536
23416,1,0,0.07644199525384625
23417,2,0,0.1530325679612618
23418,3,1,0.14138141078174146
23419,2,0,0.21781533939855802
23420,5,0,0.10394257339661409
23421,5,0,0.10811396338789608
23422,4,0,0.143441322854632
23423,4,0,0.11842824043089653
23424,2,0,0.11953378674744428
23425,2,1,0.14504209514917155
23426,1,0,0.12517623721273002
23427,5,1,0.2952324456560192
23428,5,0,0.10362475673474686
23429,5,0,0.12759009629876022
23430,5,1,0.7859454237328145
23431,4,0,0.16847465933359543
23432,3,0,0.18781028524279433
23433,4,0,0.16956695064732527
23434,4,0,0.17872689904576985
23435,4,0,0.1442879262006712
23436,1,0,0.17796851515220147
23437,4,0,0.11023241458416683
23438,3,0,0.33694089639000974
23439,2,0,0.14552992131460016
23440,5,1,0.391743823240442
23441,1,0,0.0905265673593233
23442,4,0,0.09734063499650844
23443,2,0,0.10215171021008582
23444,1,0,0.11898134383552297
23445,2,0,0.5941565264717353
23446,2,0,0.06622136078110884
23447,5,0,0.3425795733111014
23448,5,0,0.13520423624365027
23449,5,0,0.1962375005978207
23450,4,0,0.14557301316841048
23451,1,0,0.09597093809910966
23452,1,1,0.5220734830317397
23453,2,0,0.4391542831099649
23454,4,0,0.18573728245016272
23455,2,1,0.13611011659272299
23456,1,0,0.18573165906810926
23457,3,0,0.18888377113720162
23458,2,1,0.3316507297624883
23459,3,0,0.1267894636183612
23460,3,1,0.508506467989576
23461,1,0,0.2566015590637915
23462,4,0,0.17970982323778426
23463,2,0,0.061420164426346506
23464,5,0,0.1184905758885203
23465,4,1,0.09292640971954791
23466,1,0,0.12740927536314683
23467,3,0,0.12082317470004585
23468,1,0,0.12969465048080012
23469,5,1,0.34602074557662116
23470,4,0,0.09685997434718444
23471,3,0,0.1074673230172436
23472,3,1,0.07135254373454661
23473,5,0,0.11598402976091156
23474,5,0,0.1261657173788551
23475,1,0,0.12630670209499256
23476,4,0,0.2437738703833645
23477,3,1,0.779945264599867
23478,1,0,0.290104074843996
23479,2,0,0.2092152471354886
23480,3,0,0.1255526452322093
23481,5,0,0.14758550847911323
23482,1,1,0.7744436226069872
23483,3,1,0.2876391071476793
23484,2,0,0.17906282735357335
23485,5,1,0.5998504763426268
23486,2,1,0.2807624685423464
23487,5,1,0.3017144540097335
23488,4,0,0.09445998030171378
23489,2,0,0.17684913859489357
23490,3,0,0.20090727633311198
23491,3,1,0.7422033187028028
23492,2,0,0.30320118677852476
23493,4,1,0.11884753091802594
23494,1,0,0.25283500310212637
23495,4,1,0.822896925467443
23496,2,1,0.6921162780645124
23497,4,1,0.7122373853882359
23498,1,1,0.24583189612483775
23499,2,1,0.11630940102462657
23500,2,0,0.24071588588284173
23501,2,0,0.14394895769557525
23502,1,0,0.18916615479302962
23503,4,0,0.060965460171864605
23504,2,0,0.05194784095806802
23505,5,1,0.2234358648262086
23506,5,0,0.11595694895020033
23507,2,1,0.5111895716755408
23508,1,0,0.09787780582351498
23509,1,1,0.5100813022881652
23510,5,0,0.5661938614329373
23511,2,0,0.06502471901769713
23512,3,1,0.28994720457772805
23513,2,0,0.06286074336265937
23514,5,0,0.10772753149368279
23515,3,0,0.12086311316340945
23516,1,1,0.5825771921516208
23517,3,0,0.06826313331380973
23518,3,0,0.653225934047533
23519,1,0,0.23695408989342398
23520,4,0,0.08171277625700195
23521,2,0,0.45603100096770605
23522,1,0,0.1301406237772379
23523,4,0,0.11702096615470332
23524,2,0,0.14472494774799305
23525,2,0,0.17308153073993976
23526,1,0,0.11950301764363912
23527,3,0,0.19840828512883624
23528,3,0,0.341057934451794
23529,4,0,0.14807809454091783
23530,4,0,0.2187549531243606
23531,4,0,0.11132864664789896
23532,3,0,0.11956403977270802
23533,5,1,0.17447613799882486
23534,3,1,0.45092803072526433
23535,3,1,0.19353914209057096
23536,2,0,0.23564328275254223
23537,4,0,0.11944840485193937
23538,1,0,0.16935881588763102
23539,2,1,0.6307398840655911
23540,1,0,0.2568784081450169
23541,3,0,0.1287801294182458
23542,2,1,0.43366167562577784
23543,5,0,0.10133280053482167
23544,5,0,0.13857265383541606
23545,3,0,0.17096160274833744
23546,4,0,0.061618280313480316
23547,1,0,0.26396502563789953
23548,4,0,0.14495292975923155
23549,5,0,0.1371838650322639
23550,4,0,0.1627094435286015
23551,2,1,0.10931767470005954
23552,5,0,0.1190284132046641
23553,2,0,0.1275518564617593
23554,3,0,0.07385590576856829
23555,4,0,0.060571045356480495
23556,5,0,0.10464494775919198
23557,1,0,0.14224903983340823
23558,5,0,0.14583819721166894
23559,3,0,0.102631591000786
23560,1,0,0.12093985279077893
23561,1,0,0.16477622123240546
23562,2,0,0.21923268984465233
23563,3,0,0.1397779236178499
23564,4,0,0.14065084901662783
23565,2,0,0.09518522460844867
23566,4,0,0.11343788629720268
23567,5,0,0.32820300743366676
23568,3,0,0.06799560820808614
23569,4,1,0.10579034943866554
23570,5,0,0.09380514611320398
23571,5,0,0.34776630022035865
23572,5,0,0.07970624821089854
23573,2,0,0.10388189533016436
23574,3,1,0.4375121443511079
23575,5,1,0.1646350242212727
23576,5,1,0.559468920799302
23577,2,0,0.2508112583513507
23578,4,1,0.5662787235360379
23579,3,0,0.17080214957279194
23580,2,0,0.13776717137762004
23581,2,0,0.11848006384317716
23582,5,0,0.09776748948603321
23583,2,0,0.1500435937598831
23584,1,1,0.1771970991142671
23585,1,0,0.3426524960513651
23586,5,0,0.12132769475656187
23587,1,1,0.14986985383285706
23588,5,0,0.1896932764137636
23589,1,0,0.10134657720150866
23590,4,0,0.12775532951906335
23591,4,1,0.8725280991175083
23592,5,0,0.1392976149804941
23593,1,0,0.08274853189335597
23594,5,1,0.17989034153000485
23595,5,0,0.1926508166915542
23596,5,1,0.2927433363600425
23597,1,1,0.21007813526986718
23598,2,0,0.08746979064486182
23599,3,0,0.06738701445466487
23600,5,0,0.1821099964572436
23601,5,0,0.3381844511035716
23602,1,0,0.232802401435576
23603,3,0,0.2855870830655947
23604,4,0,0.11991051299780016
23605,4,0,0.19742933423929718
23606,1,1,0.4072262256150326
23607,3,0,0.12773553523226872
23608,2,0,0.11799312052432766
23609,3,0,0.08902636810857231
23610,2,1,0.8087343153645079
23611,2,0,0.1787141549746773
23612,4,0,0.40449009886610476
23613,1,0,0.06394512040020706
23614,2,0,0.111237149535367
23615,4,0,0.09362828334665563
23616,3,0,0.2045755966899448
23617,3,0,0.0891892343892204
23618,2,1,0.1400771333775659
23619,5,0,0.12130716414413215
23620,2,0,0.09573399101415818
23621,5,0,0.23796125920993705
23622,2,0,0.5170765645459358
23623,5,1,0.30220095968250743
23624,2,0,0.09306295192219134
23625,2,0,0.3314119472125037
23626,4,0,0.13328024777470204
23627,2,1,0.7556780297892893
23628,3,0,0.3615278973545378
23629,3,0,0.08297334739301208
23630,1,0,0.3590135258656527
23631,4,0,0.0833494669337201
23632,1,0,0.13307631077202317
23633,3,0,0.2016867468492607
23634,5,0,0.26895180646761463
23635,1,0,0.3856492219684248
23636,5,0,0.06065737281500283
23637,2,1,0.11848894844971988
23638,3,0,0.04362697643340087
23639,2,0,0.17087885356082738
23640,2,0,0.13286815648207764
23641,5,1,0.5157229211582833
23642,4,0,0.6327249986044311
23643,2,0,0.1783580541370959
23644,1,0,0.10779719215835797
23645,2,0,0.11048273996988392
23646,2,1,0.08754369275507211
23647,1,0,0.07695258636706158
23648,1,0,0.040075286777105854
23649,5,0,0.11449700101103422
23650,1,1,0.1409896580911174
23651,2,0,0.2709133463042098
23652,1,0,0.09373241972274807
23653,5,0,0.21874655028194126
23654,3,0,0.11372391798962272
23655,1,0,0.10224121078246218
23656,1,0,0.16466822041912393
23657,2,1,0.19483250457392506
23658,5,0,0.08714369459417398
23659,5,1,0.1123884070954072
23660,4,0,0.12757794419708493
23661,1,0,0.09710066647543632
23662,1,0,0.12133824700484752
23663,1,0,0.16454046854955795
23664,4,0,0.15071467520268528
23665,3,0,0.42245233737893845
23666,5,1,0.46019288890663124
23667,1,0,0.17751198653723235
23668,5,1,0.07406558826198774
23669,1,1,0.30963369379671146
23670,5,0,0.20697020020047277
23671,3,0,0.19624403925243092
23672,3,0,0.06838346604726912
23673,3,0,0.14187650070072846
23674,4,0,0.12996219225854674
23675,2,0,0.21331189650005258
23676,4,0,0.09685216565015317
23677,3,0,0.05867865429497125
23678,2,1,0.2768727127807781
23679,2,1,0.8119420474461393
23680,3,0,0.10819578889446906
23681,2,0,0.06959139856624467
23682,2,1,0.15958637108354914
23683,3,0,0.06978973094067417
23684,2,0,0.036900850658773195
23685,5,0,0.6111532189548183
23686,5,1,0.572552914433591
23687,5,0,0.3624742672514335
23688,2,0,0.29381261199045994
23689,3,0,0.20142641993477048
23690,3,0,0.09534921982217763
23691,1,0,0.12800901873733841
23692,4,0,0.13415487174025503
23693,4,0,0.1331898299345331
23694,3,1,0.08728864908732842
23695,5,0,0.09721006672940714
23696,5,1,0.12311704487711432
23697,2,0,0.47490498195347464
23698,5,0,0.14893605196513962
23699,3,1,0.3373216086638361
23700,4,0,0.278736522461516
23701,4,1,0.1409292953955541
23702,2,1,0.23336604434251054
23703,3,0,0.22349004868644826
23704,3,0,0.22306395913509963
23705,2,0,0.11024647534386407
23706,4,1,0.7936454532560969
23707,4,0,0.08612744852991172
23708,5,1,0.808237875736559
23709,2,0,0.048159232007951976
23710,1,0,0.10669190098734549
23711,4,0,0.0879330150603079
23712,2,0,0.05755817652193064
23713,2,0,0.10656848942825867
23714,4,0,0.10090569291297839
23715,5,0,0.05406131530083292
23716,1,0,0.08162836821105195
23717,4,0,0.23089101478618673
23718,4,0,0.6086570163615401
23719,1,0,0.19122997267058572
23720,4,0,0.10427043602437153
23721,1,1,0.12331545050485213
23722,1,0,0.14419531255770246
23723,5,0,0.07977689948745378
23724,2,0,0.12493048937636121
23725,1,0,0.11402007749124236
23726,5,0,0.0984477859026606
23727,3,0,0.09788356234949665
23728,5,1,0.16830875678711835
23729,5,1,0.15872350725453963
23730,2,0,0.10437952961967198
23731,1,1,0.6862628160548057
23732,5,0,0.06384570667312496
23733,4,1,0.6884127411596696
23734,4,0,0.10936690147482572
23735,4,0,0.1017751753805676
23736,2,0,0.07666777714625594
23737,5,1,0.4824028981335702
23738,2,0,0.12873900227261653
23739,1,1,0.29739869497050375
23740,1,0,0.05656946400198742
23741,5,0,0.10704147012077488
23742,3,0,0.10466519554989695
23743,2,0,0.18209113020577122
23744,3,1,0.09797652575090482
23745,3,0,0.08847589538080912
23746,2,0,0.10112233620792975
23747,2,1,0.108314637727548
23748,3,1,0.10411763193734659
23749,4,0,0.3225560943824113
23750,2,0,0.4210341277142508
23751,1,0,0.09264378037703083
23752,4,0,0.12382018248529802
23753,4,0,0.06619056410110684
23754,5,0,0.17870696274214457
23755,3,0,0.1535897295236583
23756,4,0,0.15252367410768608
23757,4,1,0.1967648624786628
23758,4,1,0.13521327746332884
23759,5,0,0.14010640258982285
23760,4,0,0.14595620012633168
23761,2,1,0.8262586348417553
23762,4,0,0.21462096483868306
23763,2,0,0.22863204751139407
23764,3,0,0.5340217824764303
23765,5,1,0.12249599499699888
23766,3,0,0.10334903615915923
23767,1,0,0.28988851393447246
23768,2,0,0.186889145370047
23769,3,0,0.2513794910328663
23770,1,0,0.09716616285596942
23771,2,0,0.08194373621174883
23772,5,0,0.1325349287498011
23773,3,0,0.06305824103100928
23774,5,0,0.11701033123948966
23775,1,0,0.11137647580396809
23776,1,0,0.19891380904916042
23777,4,0,0.9001182895160256
23778,3,0,0.21793878060346208
23779,1,0,0.1330530661390716
23780,2,0,0.10751765668179304
23781,4,0,0.19283371072193484
23782,1,0,0.17672736721425866
23783,5,0,0.25882240146998287
23784,5,0,0.09663585320064373
23785,4,0,0.08744983798969036
23786,2,1,0.23405314873807576
23787,3,1,0.12846509362906103
23788,3,1,0.7745841433860978
23789,5,1,0.09226476909754588
23790,1,1,0.3850060740289765
23791,3,0,0.21142957199017437
23792,5,0,0.10176238892610281
23793,4,0,0.16129098794217403
23794,1,0,0.783758180732898
23795,4,1,0.30248963523784134
23796,1,0,0.18949353583410555
23797,3,0,0.1578806503755903
23798,3,0,0.09435838952828927
23799,1,0,0.16545579985027817
23800,2,0,0.3654973611263042
23801,4,0,0.07624099732118741
23802,5,1,0.5489228632569518
23803,3,1,0.18006280712599285
23804,4,0,0.1701005568657384
23805,1,0,0.15598743641440238
23806,2,0,0.7074641179584943
23807,2,0,0.10733168346723124
23808,5,0,0.11299172725676954
23809,4,0,0.10536616326558221
23810,2,0,0.11844361480339605
23811,2,0,0.06245203670741003
23812,1,0,0.11846240181493833
23813,2,1,0.09544408242459693
23814,4,0,0.12956098885627793
23815,4,0,0.0649245222256475
23816,2,0,0.09945341108619739
23817,5,1,0.3138153964226416
23818,5,0,0.1709938291146084
23819,1,0,0.27249898715060306
23820,4,0,0.11301615465732472
23821,5,0,0.13226524522315108
23822,2,1,0.1076715807409565
23823,2,0,0.3530746666528537
23824,4,0,0.12833451516101782
23825,1,1,0.6541947851793138
23826,5,0,0.16743621427030178
23827,1,0,0.25993606197206304
23828,5,0,0.09184685023295294
23829,3,0,0.1000397371139191
23830,1,0,0.10839801554984099
23831,1,0,0.09928601504905443
23832,4,0,0.24384309359773537
23833,2,1,0.11115158267005962
23834,2,0,0.19395443113841326
23835,2,0,0.1494060572064195
23836,3,0,0.45665661250620315
23837,3,0,0.07650836832889557
23838,2,0,0.08331361091532595
23839,2,1,0.1943985758712851
23840,4,1,0.21753656624349177
23841,2,1,0.1735177531730639
23842,1,0,0.12788296877896746
23843,4,0,0.1085060811546138
23844,5,0,0.14062181840494895
23845,3,0,0.15436107305159186
23846,5,0,0.06813164382070988
23847,3,0,0.018616248477255626
23848,5,0,0.11912494780675827
23849,1,0,0.1348873720993918
23850,4,0,0.16254888435582893
23851,1,0,0.38250454922619476
23852,4,0,0.15605252679474185
23853,5,0,0.07962083329438394
23854,3,0,0.09990553957168216
23855,3,0,0.1282504025799524
23856,3,0,0.11008887210459306
23857,4,1,0.5813144121149982
23858,1,1,0.8691951863583748
23859,3,0,0.25296368924509494
23860,5,0,0.18993335886647403
23861,1,0,0.24710017624501274
23862,1,0,0.09386411818157189
23863,2,0,0.22663422414849044
23864,3,0,0.3964394916745369
23865,1,1,0.5120187958957448
23866,4,0,0.3660829810528293
23867,4,1,0.7763606913023263
23868,5,0,0.1370474518113212
23869,4,0,0.1331800185629731
23870,3,0,0.138455155818196
23871,5,0,0.18153950638116187
23872,5,0,0.21942987521751045
23873,5,0,0.14036717059523343
23874,4,1,0.831906946483955
23875,1,0,0.2291140662695241
23876,4,0,0.11096099504448469
23877,2,0,0.09511004554387933
23878,1,0,0.6498047681783357
23879,5,0,0.21501573468151872
23880,4,0,0.0562302254620439
23881,3,0,0.09093421022696221
23882,2,1,0.255887188175937
23883,4,0,0.14392300531421426
23884,1,1,0.7834257935731231
23885,2,0,0.3038409033540127
23886,3,0,0.12551350751755533
23887,5,1,0.7764654276663315
23888,3,0,0.09341202328508547
23889,4,0,0.4992520688115966
23890,4,0,0.08721283610570219
23891,1,0,0.047031786833499976
23892,5,1,0.7610523765547258
23893,3,1,0.12336743897652765
23894,5,0,0.27768484783119685
23895,2,1,0.20604256931828516
23896,4,0,0.17264871506088408
23897,3,0,0.1062789701291807
23898,3,1,0.6675320867342337
23899,2,0,0.5842124727077302
23900,1,0,0.09587597896092442
23901,2,0,0.07939765647720039
23902,4,0,0.13094445395142826
23903,4,0,0.24776316389630262
23904,1,0,0.13186458308496887
23905,2,0,0.25079399434953825
23906,2,0,0.11993968842689848
23907,5,0,0.06787136272266689
23908,1,1,0.19552205512805787
23909,1,0,0.1442626015896671
23910,1,0,0.18793149812513057
23911,1,0,0.7472926613138676
23912,3,0,0.15579716151016632
23913,5,0,0.12522468354836233
23914,5,0,0.08726155105119304
23915,5,0,0.11293059040192718
23916,2,0,0.038394982629408596
23917,2,0,0.10565950776247365
23918,3,0,0.22044860731490812
23919,2,0,0.33165171713670266
23920,4,0,0.1346371359967607
23921,3,0,0.1161963002065456
23922,5,0,0.14576970645605555
23923,3,0,0.15881059301681044
23924,1,0,0.2962069790086722
23925,3,0,0.07718958367209633
23926,2,1,0.23526629167510582
23927,4,0,0.11580071239844247
23928,1,0,0.12779621083327505
23929,2,0,0.1211506643439479
23930,1,0,0.1283349327777118
23931,2,0,0.1810532610969149
23932,2,0,0.6911228139982314
23933,4,0,0.2893735440010436
23934,4,1,0.19335231038592196
23935,3,0,0.08423748060000362
23936,3,0,0.05263858618853523
23937,4,0,0.10198352763031364
23938,3,0,0.11672955779936077
23939,4,0,0.15399801883388914
23940,1,0,0.19126680265943088
23941,2,0,0.1352715331747611
23942,1,0,0.13049179667297772
23943,1,0,0.05750055726708202
23944,4,0,0.13878776725269257
23945,3,0,0.4438451197676863
23946,4,0,0.16747982379495244
23947,5,0,0.1561988637120115
23948,5,0,0.1416384252519696
23949,1,0,0.14267007357654682
23950,3,0,0.11030624259047066
23951,3,0,0.13278699092676186
23952,3,0,0.1182378140197636
23953,3,0,0.0670462611282053
23954,3,0,0.12255798918455711
23955,3,0,0.1754199562385381
23956,5,1,0.40404691575093205
23957,3,0,0.1757379346037255
23958,4,0,0.7708827364692857
23959,3,0,0.1713840244433451
23960,3,1,0.46353873461249334
23961,2,0,0.15888239340444293
23962,1,0,0.3533063370506191
23963,2,1,0.13384920422454727
23964,2,1,0.11847460764121183
23965,4,0,0.11887759534853232
23966,5,0,0.10096829406754934
23967,1,0,0.07782762110696997
23968,1,0,0.49588415229143984
23969,1,0,0.18932321137371927
23970,1,0,0.06507947500125424
23971,1,0,0.10297585166832005
23972,5,0,0.027572045715564732
23973,3,1,0.13248446092570995
23974,3,0,0.1103634433507252
23975,2,0,0.09741498548402941
23976,5,0,0.1548451080358474
23977,2,0,0.18628807598287964
23978,2,0,0.23666273566101811
23979,2,0,0.2483363708166326
23980,1,0,0.0918731367939896
23981,2,1,0.09624596270090761
23982,1,0,0.060950241299616764
23983,2,1,0.781760157218832
23984,1,0,0.13485683014439073
23985,3,0,0.11840917690536175
23986,5,0,0.1466098991240274
23987,4,0,0.2703079786400432
23988,4,0,0.09548721986616282
23989,2,0,0.1330584605818007
23990,4,1,0.18782209785806248
23991,5,0,0.0567210235817819
23992,4,1,0.1071418897853822
23993,2,0,0.10012090571674025
23994,4,0,0.23697492208645324
23995,1,1,0.11634058329959719
23996,4,0,0.1617128562318575
23997,2,0,0.11085947324075252
23998,1,0,0.2578836450365044
23999,5,0,0.16260140147027544
