row_index,fold,y_true,y_score
0,4,0,0.7197309417040358
1,1,0,0.2579210672595887
2,3,0,0.3774703557312253
3,5,1,0.10624706434945984
4,3,0,0.27732558139534885
5,5,1,0.17265193370165746
6,5,0,0.5300668151447662
7,2,1,0.6916956737941323
8,4,0,0.10846181427034779
9,1,0,0.09750492449113592
10,1,0,0.4164420485175202
11,4,1,0.10846181427034779
12,5,1,0.2745320476460579
13,3,0,0.1743920972644377
14,4,0,0.36443148688046645
15,3,0,0.10848338260324286
16,2,1,0.6916956737941323
17,4,0,0.10846181427034779
18,5,0,0.2745320476460579
19,5,0,0.17265193370165746
20,4,0,0.10846181427034779
21,4,0,0.10846181427034779
22,4,0,0.10846181427034779
23,5,0,0.6489626556016598
24,3,0,0.10848338260324286
25,1,0,0.4164420485175202
26,4,1,0.10846181427034779
27,1,0,0.1750291715285881
28,1,1,0.2579210672595887
29,4,0,0.17377182298010557
30,4,1,0.7197309417040358
31,3,0,0.10848338260324286
32,3,0,0.10848338260324286
33,1,0,0.09750492449113592
34,1,0,0.2624521072796935
35,3,0,0.10848338260324286
36,5,0,0.17265193370165746
37,3,0,0.7204419889502762
38,1,1,0.2579210672595887
39,4,0,0.7197309417040358
40,5,0,0.17265193370165746
41,3,1,0.3774703557312253
42,2,0,0.1051693404634581
43,5,1,0.6489626556016598
44,1,0,0.2624521072796935
45,5,0,0.10624706434945984
46,2,0,0.2131979695431472
47,3,0,0.10848338260324286
48,1,0,0.1750291715285881
49,4,0,0.10846181427034779
50,5,0,0.10624706434945984
51,5,1,0.6489626556016598
52,4,1,0.7197309417040358
53,5,0,0.2745320476460579
54,1,0,0.2664359861591695
55,4,1,0.10846181427034779
56,1,0,0.1750291715285881
57,5,0,0.2745320476460579
58,3,0,0.27732558139534885
59,5,0,0.10624706434945984
60,4,0,0.31981981981981983
61,1,0,0.1750291715285881
62,1,0,0.09750492449113592
63,3,0,0.10848338260324286
64,3,0,0.10848338260324286
65,2,0,0.17620376831821355
66,5,0,0.10624706434945984
67,3,0,0.10848338260324286
68,3,0,0.10848338260324286
69,5,0,0.10624706434945984
70,2,1,0.6916956737941323
71,3,1,0.10848338260324286
72,4,1,0.53
73,3,0,0.10848338260324286
74,5,0,0.17265193370165746
75,1,0,0.1750291715285881
76,2,0,0.1051693404634581
77,2,0,0.1051693404634581
78,4,0,0.5256124721603563
79,1,0,0.09750492449113592
80,5,1,0.10624706434945984
81,4,1,0.7197309417040358
82,3,0,0.10848338260324286
83,4,1,0.10846181427034779
84,3,0,0.1743920972644377
85,3,0,0.10848338260324286
86,3,0,0.1743920972644377
87,2,0,0.1051693404634581
88,1,0,0.09750492449113592
89,4,0,0.10846181427034779
90,3,0,0.10848338260324286
91,5,0,0.17265193370165746
92,2,0,0.27938671209540034
93,3,0,0.10848338260324286
94,4,0,0.10846181427034779
95,3,0,0.1743920972644377
96,2,0,0.27938671209540034
97,3,1,0.10848338260324286
98,4,1,0.10846181427034779
99,5,1,0.6489626556016598
100,5,0,0.2745320476460579
101,3,0,0.27732558139534885
102,3,0,0.10848338260324286
103,2,0,0.1051693404634581
104,3,1,0.27732558139534885
105,5,1,0.17265193370165746
106,2,0,0.1051693404634581
107,4,0,0.10846181427034779
108,5,0,0.10624706434945984
109,2,1,0.6916956737941323
110,3,0,0.10848338260324286
111,1,0,0.09750492449113592
112,3,0,0.10848338260324286
113,5,0,0.10624706434945984
114,3,0,0.10848338260324286
115,4,0,0.10846181427034779
116,2,0,0.1051693404634581
117,4,0,0.17377182298010557
118,1,1,0.1750291715285881
119,2,0,0.1051693404634581
120,1,1,0.2624521072796935
121,2,1,0.1051693404634581
122,3,0,0.1743920972644377
123,4,0,0.17377182298010557
124,3,0,0.1743920972644377
125,5,1,0.4191852825229961
126,1,1,0.1750291715285881
127,4,0,0.10846181427034779
128,1,0,0.5276497695852534
129,3,0,0.10848338260324286
130,4,0,0.17377182298010557
131,5,1,0.10624706434945984
132,1,0,0.1750291715285881
133,2,0,0.3931203931203931
134,2,0,0.3167420814479638
135,2,0,0.1051693404634581
136,3,0,0.10848338260324286
137,4,0,0.10846181427034779
138,1,0,0.09750492449113592
139,5,0,0.10624706434945984
140,1,0,0.09750492449113592
141,2,0,0.1051693404634581
142,1,0,0.1750291715285881
143,2,0,0.1051693404634581
144,5,0,0.4191852825229961
145,2,0,0.17620376831821355
146,5,0,0.5300668151447662
147,2,0,0.1051693404634581
148,5,0,0.10624706434945984
149,1,0,0.2579210672595887
150,5,0,0.10624706434945984
151,1,1,0.09750492449113592
152,5,0,0.2745320476460579
153,3,0,0.10848338260324286
154,5,0,0.6489626556016598
155,2,0,0.1051693404634581
156,4,0,0.10846181427034779
157,5,0,0.17265193370165746
158,2,0,0.1051693404634581
159,2,0,0.27938671209540034
160,5,0,0.10624706434945984
161,2,1,0.3931203931203931
162,1,0,0.09750492449113592
163,2,0,0.1051693404634581
164,4,0,0.17377182298010557
165,3,0,0.10848338260324286
166,3,0,0.10848338260324286
167,2,0,0.1051693404634581
168,1,1,0.1750291715285881
169,5,0,0.10624706434945984
170,1,0,0.09750492449113592
171,3,1,0.10848338260324286
172,1,0,0.09750492449113592
173,1,0,0.09750492449113592
174,5,0,0.17265193370165746
175,5,1,0.10624706434945984
176,1,1,0.2624521072796935
177,3,1,0.1743920972644377
178,4,1,0.5256124721603563
179,5,0,0.10624706434945984
180,3,0,0.10848338260324286
181,1,0,0.1750291715285881
182,2,0,0.1051693404634581
183,2,0,0.1051693404634581
184,1,0,0.1750291715285881
185,1,0,0.09750492449113592
186,5,0,0.10624706434945984
187,1,0,0.1750291715285881
188,5,0,0.10624706434945984
189,2,1,0.2131979695431472
190,2,0,0.6916956737941323
191,4,1,0.17377182298010557
192,5,0,0.17265193370165746
193,2,0,0.17620376831821355
194,5,0,0.22580645161290322
195,4,0,0.2782089552238806
196,3,1,0.10848338260324286
197,4,1,0.10846181427034779
198,1,0,0.09750492449113592
199,2,0,0.17620376831821355
200,4,0,0.10846181427034779
201,1,0,0.09750492449113592
202,4,0,0.17377182298010557
203,3,0,0.10848338260324286
204,1,0,0.09750492449113592
205,3,0,0.3774703557312253
206,3,0,0.10848338260324286
207,4,0,0.31981981981981983
208,5,0,0.10624706434945984
209,3,1,0.27732558139534885
210,2,0,0.1051693404634581
211,1,0,0.1750291715285881
212,3,0,0.10848338260324286
213,2,1,0.27938671209540034
214,2,0,0.1051693404634581
215,1,1,0.7188195991091314
216,5,0,0.17265193370165746
217,5,0,0.10624706434945984
218,2,0,0.17620376831821355
219,5,0,0.10624706434945984
220,5,0,0.10624706434945984
221,2,1,0.6916956737941323
222,2,1,0.6916956737941323
223,1,0,0.09750492449113592
224,4,0,0.17377182298010557
225,1,0,0.1750291715285881
226,5,0,0.17265193370165746
227,3,0,0.10848338260324286
228,3,0,0.10848338260324286
229,5,0,0.10624706434945984
230,5,0,0.10624706434945984
231,3,0,0.10848338260324286
232,2,0,0.3931203931203931
233,2,0,0.17620376831821355
234,3,0,0.10848338260324286
235,2,0,0.1051693404634581
236,2,0,0.27938671209540034
237,3,0,0.10848338260324286
238,4,0,0.10846181427034779
239,1,0,0.1750291715285881
240,3,0,0.10848338260324286
241,4,1,0.10846181427034779
242,3,0,0.1743920972644377
243,2,0,0.17620376831821355
244,5,1,0.5300668151447662
245,4,0,0.10846181427034779
246,1,0,0.2579210672595887
247,4,0,0.7197309417040358
248,4,0,0.31981981981981983
249,3,1,0.1743920972644377
250,4,0,0.17377182298010557
251,2,0,0.1051693404634581
252,5,0,0.10624706434945984
253,4,0,0.31981981981981983
254,2,0,0.6916956737941323
255,1,0,0.1750291715285881
256,1,0,0.1750291715285881
257,2,0,0.1051693404634581
258,4,0,0.10846181427034779
259,2,0,0.27938671209540034
260,5,0,0.2745320476460579
261,2,0,0.17620376831821355
262,1,0,0.2579210672595887
263,3,0,0.10848338260324286
264,3,1,0.538961038961039
265,3,0,0.10848338260324286
266,1,0,0.09750492449113592
267,4,0,0.10846181427034779
268,2,0,0.17620376831821355
269,1,1,0.2579210672595887
270,5,0,0.10624706434945984
271,3,0,0.10848338260324286
272,4,0,0.10846181427034779
273,5,0,0.10624706434945984
274,5,0,0.10624706434945984
275,3,0,0.7204419889502762
276,1,0,0.09750492449113592
277,1,0,0.09750492449113592
278,5,0,0.10624706434945984
279,3,1,0.7204419889502762
280,2,0,0.17620376831821355
281,2,0,0.27938671209540034
282,1,1,0.4164420485175202
283,2,0,0.1051693404634581
284,4,0,0.10846181427034779
285,4,1,0.7197309417040358
286,5,0,0.2745320476460579
287,3,1,0.27732558139534885
288,1,0,0.5276497695852534
289,4,0,0.10846181427034779
290,5,0,0.10624706434945984
291,4,0,0.10846181427034779
292,4,0,0.10846181427034779
293,4,1,0.5256124721603563
294,3,0,0.1743920972644377
295,3,0,0.1743920972644377
296,4,0,0.10846181427034779
297,3,0,0.10848338260324286
298,4,0,0.10846181427034779
299,2,0,0.1051693404634581
300,3,0,0.1743920972644377
301,1,1,0.09750492449113592
302,1,0,0.09750492449113592
303,3,0,0.10848338260324286
304,2,1,0.1051693404634581
305,3,0,0.10848338260324286
306,3,1,0.27732558139534885
307,2,0,0.1051693404634581
308,4,0,0.10846181427034779
309,1,1,0.5128205128205128
310,3,1,0.7204419889502762
311,2,0,0.1051693404634581
312,1,1,0.09750492449113592
313,3,0,0.10848338260324286
314,5,0,0.10624706434945984
315,4,0,0.10846181427034779
316,4,0,0.31981981981981983
317,5,0,0.17265193370165746
318,3,0,0.10848338260324286
319,5,0,0.10624706434945984
320,5,0,0.5300668151447662
321,5,0,0.10624706434945984
322,5,0,0.10624706434945984
323,4,0,0.10846181427034779
324,3,0,0.10848338260324286
325,3,1,0.10848338260324286
326,2,1,0.3931203931203931
327,4,1,0.10846181427034779
328,5,1,0.7639751552795031
329,5,0,0.2745320476460579
330,1,0,0.2579210672595887
331,1,1,0.2579210672595887
332,4,0,0.2782089552238806
333,4,0,0.10846181427034779
334,3,0,0.27732558139534885
335,5,0,0.10624706434945984
336,1,1,0.1750291715285881
337,3,1,0.7204419889502762
338,3,0,0.3774703557312253
339,2,0,0.17620376831821355
340,2,0,0.3931203931203931
341,2,1,0.3167420814479638
342,4,0,0.17377182298010557
343,3,1,0.1743920972644377
344,3,0,0.10848338260324286
345,2,0,0.27938671209540034
346,2,0,0.3931203931203931
347,2,0,0.1051693404634581
348,2,0,0.27938671209540034
349,4,0,0.10846181427034779
350,5,0,0.10624706434945984
351,2,0,0.17620376831821355
352,4,0,0.10846181427034779
353,4,0,0.10846181427034779
354,4,0,0.7197309417040358
355,1,0,0.1750291715285881
356,3,0,0.10848338260324286
357,5,0,0.4191852825229961
358,3,0,0.10848338260324286
359,4,0,0.10846181427034779
360,5,0,0.10624706434945984
361,3,0,0.10848338260324286
362,5,0,0.10624706434945984
363,2,1,0.27938671209540034
364,5,0,0.10624706434945984
365,5,0,0.10624706434945984
366,3,0,0.1743920972644377
367,4,0,0.10846181427034779
368,2,1,0.1051693404634581
369,3,0,0.10848338260324286
370,1,0,0.7188195991091314
371,4,0,0.17377182298010557
372,2,0,0.1051693404634581
373,1,0,0.09750492449113592
374,4,0,0.10846181427034779
375,2,0,0.1051693404634581
376,3,0,0.1743920972644377
377,3,0,0.1743920972644377
378,4,0,0.10846181427034779
379,3,0,0.3774703557312253
380,4,0,0.10846181427034779
381,3,1,0.3722943722943723
382,5,0,0.10624706434945984
383,2,1,0.5244444444444445
384,5,1,0.7639751552795031
385,4,0,0.10846181427034779
386,1,0,0.09750492449113592
387,3,0,0.10848338260324286
388,3,0,0.10848338260324286
389,4,1,0.10846181427034779
390,2,1,0.1051693404634581
391,3,0,0.10848338260324286
392,3,1,0.10848338260324286
393,1,0,0.09750492449113592
394,3,0,0.1743920972644377
395,5,0,0.17265193370165746
396,5,0,0.2850467289719626
397,4,0,0.10846181427034779
398,4,0,0.10846181427034779
399,2,0,0.1051693404634581
400,5,0,0.10624706434945984
401,2,0,0.1051693404634581
402,3,1,0.27732558139534885
403,5,0,0.10624706434945984
404,1,0,0.09750492449113592
405,4,0,0.10846181427034779
406,4,0,0.10846181427034779
407,1,0,0.09750492449113592
408,1,0,0.7188195991091314
409,5,0,0.2850467289719626
410,1,0,0.7188195991091314
411,4,0,0.10846181427034779
412,3,0,0.3774703557312253
413,3,0,0.10848338260324286
414,5,0,0.10624706434945984
415,5,0,0.10624706434945984
416,1,1,0.1750291715285881
417,1,0,0.09750492449113592
418,5,0,0.10624706434945984
419,4,0,0.36443148688046645
420,3,1,0.10848338260324286
421,5,0,0.10624706434945984
422,5,0,0.2745320476460579
423,1,0,0.09750492449113592
424,4,0,0.10846181427034779
425,3,0,0.10848338260324286
426,2,0,0.1051693404634581
427,5,0,0.10624706434945984
428,3,0,0.10848338260324286
429,3,0,0.27732558139534885
430,1,1,0.1750291715285881
431,2,0,0.3167420814479638
432,2,0,0.1051693404634581
433,3,0,0.10848338260324286
434,2,1,0.1051693404634581
435,5,0,0.10624706434945984
436,2,0,0.1051693404634581
437,4,0,0.10846181427034779
438,1,0,0.1750291715285881
439,3,0,0.10848338260324286
440,3,0,0.1743920972644377
441,3,0,0.10848338260324286
442,5,0,0.17265193370165746
443,4,0,0.7197309417040358
444,5,0,0.10624706434945984
445,3,0,0.10848338260324286
446,4,0,0.10846181427034779
447,4,1,0.7197309417040358
448,4,0,0.36443148688046645
449,4,0,0.17377182298010557
450,3,0,0.10848338260324286
451,4,0,0.10846181427034779
452,4,0,0.10846181427034779
453,5,0,0.6489626556016598
454,2,0,0.17620376831821355
455,1,0,0.09750492449113592
456,3,0,0.10848338260324286
457,5,0,0.10624706434945984
458,3,1,0.10848338260324286
459,2,0,0.17620376831821355
460,4,0,0.17377182298010557
461,2,0,0.1051693404634581
462,4,0,0.2782089552238806
463,4,0,0.10846181427034779
464,4,1,0.10846181427034779
465,2,0,0.1051693404634581
466,4,1,0.36443148688046645
467,4,0,0.17377182298010557
468,3,0,0.27732558139534885
469,5,0,0.10624706434945984
470,5,0,0.10624706434945984
471,1,1,0.2579210672595887
472,3,0,0.1743920972644377
473,2,0,0.17620376831821355
474,4,0,0.2782089552238806
475,1,1,0.7188195991091314
476,3,0,0.10848338260324286
477,5,0,0.17265193370165746
478,1,0,0.1750291715285881
479,1,0,0.09750492449113592
480,3,0,0.10848338260324286
481,3,0,0.10848338260324286
482,3,0,0.10848338260324286
483,5,0,0.10624706434945984
484,2,0,0.1051693404634581
485,2,0,0.27938671209540034
486,5,0,0.10624706434945984
487,4,0,0.36443148688046645
488,5,1,0.2745320476460579
489,3,0,0.10848338260324286
490,3,0,0.27732558139534885
491,3,0,0.10848338260324286
492,2,0,0.1051693404634581
493,2,1,0.6916956737941323
494,5,0,0.10624706434945984
495,1,1,0.09750492449113592
496,3,0,0.10848338260324286
497,5,1,0.10624706434945984
498,1,1,0.7188195991091314
499,2,0,0.1051693404634581
500,4,0,0.10846181427034779
501,5,1,0.7639751552795031
502,3,0,0.10848338260324286
503,2,0,0.1051693404634581
504,1,0,0.09750492449113592
505,3,0,0.7204419889502762
506,4,0,0.10846181427034779
507,3,0,0.10848338260324286
508,4,0,0.10846181427034779
509,5,0,0.10624706434945984
510,5,1,0.4191852825229961
511,2,1,0.6916956737941323
512,1,0,0.1750291715285881
513,2,0,0.1051693404634581
514,4,0,0.5256124721603563
515,3,0,0.10848338260324286
516,5,0,0.17265193370165746
517,5,0,0.10624706434945984
518,5,0,0.10624706434945984
519,1,1,0.4164420485175202
520,5,0,0.10624706434945984
521,3,0,0.10848338260324286
522,2,0,0.3167420814479638
523,5,0,0.10624706434945984
524,3,1,0.7204419889502762
525,5,0,0.10624706434945984
526,5,0,0.10624706434945984
527,2,1,0.27938671209540034
528,5,1,0.6489626556016598
529,3,0,0.10848338260324286
530,3,0,0.10848338260324286
531,4,0,0.10846181427034779
532,2,0,0.27938671209540034
533,5,0,0.10624706434945984
534,1,0,0.09750492449113592
535,1,0,0.5276497695852534
536,3,0,0.10848338260324286
537,1,1,0.2579210672595887
538,2,1,0.6916956737941323
539,1,0,0.09750492449113592
540,4,0,0.10846181427034779
541,3,0,0.10848338260324286
542,1,1,0.1750291715285881
543,2,0,0.17620376831821355
544,4,0,0.2782089552238806
545,4,0,0.36443148688046645
546,1,0,0.2664359861591695
547,4,0,0.10846181427034779
548,1,1,0.2664359861591695
549,3,0,0.10848338260324286
550,5,0,0.10624706434945984
551,4,0,0.10846181427034779
552,1,0,0.2579210672595887
553,2,0,0.27938671209540034
554,2,1,0.27938671209540034
555,3,0,0.10848338260324286
556,4,0,0.17377182298010557
557,5,0,0.17265193370165746
558,3,0,0.10848338260324286
559,5,0,0.17265193370165746
560,1,0,0.7188195991091314
561,1,0,0.7188195991091314
562,5,0,0.2745320476460579
563,4,0,0.10846181427034779
564,3,0,0.10848338260324286
565,2,0,0.17620376831821355
566,4,0,0.10846181427034779
567,2,1,0.27938671209540034
568,2,0,0.1051693404634581
569,4,0,0.10846181427034779
570,5,1,0.10624706434945984
571,5,0,0.10624706434945984
572,2,0,0.17620376831821355
573,5,1,0.10624706434945984
574,1,0,0.09750492449113592
575,5,0,0.2745320476460579
576,2,0,0.1051693404634581
577,2,0,0.27938671209540034
578,4,0,0.17377182298010557
579,4,0,0.10846181427034779
580,3,0,0.10848338260324286
581,2,1,0.3931203931203931
582,5,0,0.10624706434945984
583,1,0,0.09750492449113592
584,2,0,0.1051693404634581
585,1,0,0.09750492449113592
586,3,0,0.27732558139534885
587,2,0,0.1051693404634581
588,1,0,0.09750492449113592
589,4,1,0.2782089552238806
590,5,0,0.17265193370165746
591,2,0,0.1051693404634581
592,2,0,0.1051693404634581
593,5,1,0.2745320476460579
594,1,0,0.09750492449113592
595,4,0,0.17377182298010557
596,1,0,0.2579210672595887
597,5,1,0.10624706434945984
598,1,1,0.7188195991091314
599,3,0,0.10848338260324286
600,5,0,0.10624706434945984
601,5,0,0.10624706434945984
602,4,0,0.10846181427034779
603,4,0,0.10846181427034779
604,5,0,0.10624706434945984
605,2,0,0.1051693404634581
606,4,0,0.2782089552238806
607,4,1,0.10846181427034779
608,4,0,0.2782089552238806
609,3,1,0.7204419889502762
610,1,1,0.5276497695852534
611,3,0,0.1743920972644377
612,4,0,0.10846181427034779
613,3,0,0.10848338260324286
614,2,0,0.17620376831821355
615,4,0,0.10846181427034779
616,2,0,0.6916956737941323
617,3,0,0.10848338260324286
618,1,0,0.2624521072796935
619,5,0,0.10624706434945984
620,3,0,0.10848338260324286
621,3,1,0.7204419889502762
622,3,1,0.27732558139534885
623,1,0,0.09750492449113592
624,4,1,0.7197309417040358
625,1,1,0.2579210672595887
626,4,0,0.10846181427034779
627,3,1,0.7204419889502762
628,4,1,0.10846181427034779
629,2,0,0.1051693404634581
630,4,0,0.10846181427034779
631,3,1,0.10848338260324286
632,2,0,0.3931203931203931
633,2,0,0.1051693404634581
634,1,0,0.09750492449113592
635,5,0,0.10624706434945984
636,2,1,0.6916956737941323
637,4,0,0.10846181427034779
638,3,1,0.27732558139534885
639,5,0,0.10624706434945984
640,2,1,0.27938671209540034
641,1,1,0.7188195991091314
642,4,0,0.17377182298010557
643,2,0,0.1051693404634581
644,2,0,0.1051693404634581
645,3,0,0.1743920972644377
646,4,1,0.2782089552238806
647,5,0,0.10624706434945984
648,2,0,0.1051693404634581
649,2,1,0.1051693404634581
650,3,0,0.7204419889502762
651,1,0,0.2579210672595887
652,2,0,0.17620376831821355
653,2,0,0.27938671209540034
654,4,0,0.7197309417040358
655,2,0,0.1051693404634581
656,5,0,0.4191852825229961
657,1,1,0.2579210672595887
658,1,1,0.2624521072796935
659,1,0,0.09750492449113592
660,4,1,0.17377182298010557
661,3,0,0.10848338260324286
662,4,1,0.7197309417040358
663,4,0,0.7197309417040358
664,1,0,0.09750492449113592
665,3,0,0.10848338260324286
666,1,0,0.09750492449113592
667,3,0,0.10848338260324286
668,5,0,0.10624706434945984
669,5,0,0.10624706434945984
670,5,0,0.10624706434945984
671,2,0,0.1051693404634581
672,4,0,0.10846181427034779
673,3,1,0.3774703557312253
674,4,0,0.7197309417040358
675,3,0,0.10848338260324286
676,4,0,0.10846181427034779
677,5,1,0.22580645161290322
678,2,0,0.1051693404634581
679,3,1,0.538961038961039
680,3,0,0.10848338260324286
681,3,0,0.3774703557312253
682,4,0,0.2782089552238806
683,1,0,0.2579210672595887
684,1,0,0.09750492449113592
685,5,0,0.10624706434945984
686,2,0,0.1051693404634581
687,3,0,0.27732558139534885
688,1,1,0.7188195991091314
689,4,0,0.10846181427034779
690,5,0,0.17265193370165746
691,1,0,0.09750492449113592
692,5,0,0.6489626556016598
693,4,0,0.10846181427034779
694,2,0,0.1051693404634581
695,1,0,0.09750492449113592
696,5,0,0.2745320476460579
697,1,1,0.7188195991091314
698,4,0,0.10846181427034779
699,2,0,0.1051693404634581
700,5,1,0.10624706434945984
701,1,0,0.09750492449113592
702,3,0,0.10848338260324286
703,4,0,0.10846181427034779
704,2,0,0.1051693404634581
705,2,1,0.6916956737941323
706,1,1,0.09750492449113592
707,3,1,0.7204419889502762
708,2,0,0.17620376831821355
709,5,1,0.10624706434945984
710,2,1,0.1051693404634581
711,4,1,0.2782089552238806
712,2,1,0.6916956737941323
713,1,1,0.2664359861591695
714,5,1,0.2745320476460579
715,1,0,0.09750492449113592
716,4,1,0.10846181427034779
717,2,0,0.1051693404634581
718,3,1,0.27732558139534885
719,5,0,0.17265193370165746
720,3,0,0.10848338260324286
721,5,0,0.10624706434945984
722,2,0,0.17620376831821355
723,3,0,0.10848338260324286
724,1,0,0.09750492449113592
725,4,0,0.36443148688046645
726,5,0,0.10624706434945984
727,2,1,0.6916956737941323
728,1,0,0.1750291715285881
729,2,0,0.1051693404634581
730,2,0,0.1051693404634581
731,4,0,0.36443148688046645
732,5,0,0.2745320476460579
733,5,0,0.6489626556016598
734,5,1,0.7639751552795031
735,1,0,0.7188195991091314
736,3,1,0.7204419889502762
737,2,0,0.1051693404634581
738,2,0,0.6916956737941323
739,4,1,0.17377182298010557
740,2,0,0.1051693404634581
741,1,0,0.09750492449113592
742,5,1,0.10624706434945984
743,1,0,0.09750492449113592
744,3,0,0.7204419889502762
745,4,1,0.10846181427034779
746,4,1,0.10846181427034779
747,2,0,0.27938671209540034
748,3,0,0.7204419889502762
749,1,0,0.09750492449113592
750,4,1,0.2782089552238806
751,2,0,0.1051693404634581
752,1,0,0.09750492449113592
753,4,0,0.10846181427034779
754,5,0,0.2745320476460579
755,1,0,0.09750492449113592
756,4,1,0.10846181427034779
757,3,0,0.10848338260324286
758,5,1,0.10624706434945984
759,5,0,0.2850467289719626
760,3,0,0.10848338260324286
761,4,0,0.10846181427034779
762,5,0,0.17265193370165746
763,1,0,0.7188195991091314
764,3,0,0.10848338260324286
765,1,0,0.2579210672595887
766,2,0,0.6916956737941323
767,2,0,0.27938671209540034
768,4,0,0.10846181427034779
769,2,0,0.1051693404634581
770,3,1,0.10848338260324286
771,3,0,0.10848338260324286
772,5,0,0.10624706434945984
773,1,0,0.09750492449113592
774,3,0,0.10848338260324286
775,2,0,0.1051693404634581
776,5,1,0.10624706434945984
777,1,0,0.09750492449113592
778,1,1,0.09750492449113592
779,4,0,0.36443148688046645
780,3,1,0.7204419889502762
781,4,0,0.10846181427034779
782,4,1,0.17377182298010557
783,5,1,0.10624706434945984
784,4,0,0.10846181427034779
785,1,0,0.09750492449113592
786,1,0,0.09750492449113592
787,3,0,0.10848338260324286
788,1,0,0.1750291715285881
789,1,0,0.09750492449113592
790,3,0,0.10848338260324286
791,1,0,0.09750492449113592
792,5,0,0.10624706434945984
793,1,0,0.7188195991091314
794,5,0,0.17265193370165746
795,1,0,0.09750492449113592
796,3,0,0.10848338260324286
797,4,0,0.10846181427034779
798,4,0,0.10846181427034779
799,3,1,0.7204419889502762
800,1,1,0.09750492449113592
801,1,0,0.1750291715285881
802,2,0,0.1051693404634581
803,2,0,0.1051693404634581
804,5,0,0.17265193370165746
805,3,0,0.1743920972644377
806,1,1,0.09750492449113592
807,5,1,0.6489626556016598
808,2,0,0.1051693404634581
809,1,0,0.09750492449113592
810,1,0,0.09750492449113592
811,2,0,0.1051693404634581
812,2,0,0.1051693404634581
813,3,0,0.10848338260324286
814,5,0,0.10624706434945984
815,3,0,0.1743920972644377
816,2,1,0.1051693404634581
817,1,0,0.7188195991091314
818,2,0,0.1051693404634581
819,5,0,0.10624706434945984
820,4,0,0.17377182298010557
821,5,1,0.2745320476460579
822,2,1,0.1051693404634581
823,4,1,0.7197309417040358
824,2,0,0.17620376831821355
825,2,0,0.1051693404634581
826,5,0,0.10624706434945984
827,2,0,0.1051693404634581
828,5,0,0.6489626556016598
829,5,0,0.10624706434945984
830,4,0,0.10846181427034779
831,5,0,0.2745320476460579
832,1,0,0.2579210672595887
833,2,0,0.27938671209540034
834,2,0,0.2131979695431472
835,4,0,0.10846181427034779
836,5,1,0.10624706434945984
837,2,0,0.1051693404634581
838,3,0,0.10848338260324286
839,2,0,0.27938671209540034
840,2,0,0.17620376831821355
841,2,0,0.1051693404634581
842,3,0,0.10848338260324286
843,4,0,0.7197309417040358
844,2,0,0.1051693404634581
845,5,0,0.10624706434945984
846,3,0,0.27732558139534885
847,4,0,0.17377182298010557
848,4,0,0.10846181427034779
849,2,1,0.1051693404634581
850,1,0,0.1750291715285881
851,1,0,0.1750291715285881
852,1,0,0.1750291715285881
853,3,0,0.10848338260324286
854,3,0,0.10848338260324286
855,3,0,0.10848338260324286
856,2,0,0.17620376831821355
857,2,0,0.1051693404634581
858,5,0,0.10624706434945984
859,4,1,0.10846181427034779
860,5,1,0.4191852825229961
861,2,0,0.1051693404634581
862,3,1,0.27732558139534885
863,2,0,0.17620376831821355
864,3,0,0.10848338260324286
865,1,1,0.7188195991091314
866,2,0,0.27938671209540034
867,3,0,0.10848338260324286
868,4,0,0.36443148688046645
869,1,0,0.09750492449113592
870,3,0,0.1743920972644377
871,2,1,0.3931203931203931
872,1,0,0.09750492449113592
873,2,0,0.6916956737941323
874,5,0,0.10624706434945984
875,1,0,0.09750492449113592
876,1,0,0.1750291715285881
877,2,0,0.1051693404634581
878,3,0,0.10848338260324286
879,2,0,0.1051693404634581
880,2,0,0.1051693404634581
881,5,0,0.10624706434945984
882,2,1,0.1051693404634581
883,5,0,0.10624706434945984
884,2,1,0.6916956737941323
885,4,0,0.10846181427034779
886,4,0,0.31981981981981983
887,2,1,0.1051693404634581
888,2,1,0.1051693404634581
889,2,0,0.1051693404634581
890,5,0,0.10624706434945984
891,5,0,0.10624706434945984
892,2,0,0.1051693404634581
893,4,1,0.2782089552238806
894,5,0,0.2745320476460579
895,3,0,0.1743920972644377
896,2,0,0.17620376831821355
897,5,1,0.17265193370165746
898,3,1,0.1743920972644377
899,3,1,0.27732558139534885
900,5,1,0.17265193370165746
901,2,0,0.1051693404634581
902,1,0,0.09750492449113592
903,1,0,0.1750291715285881
904,3,0,0.27732558139534885
905,4,0,0.10846181427034779
906,2,1,0.1051693404634581
907,3,0,0.10848338260324286
908,2,0,0.1051693404634581
909,5,1,0.17265193370165746
910,1,0,0.1750291715285881
911,5,0,0.17265193370165746
912,5,0,0.17265193370165746
913,4,0,0.10846181427034779
914,5,0,0.10624706434945984
915,2,0,0.1051693404634581
916,1,1,0.4164420485175202
917,3,1,0.10848338260324286
918,5,0,0.10624706434945984
919,1,0,0.09750492449113592
920,2,0,0.1051693404634581
921,5,1,0.4191852825229961
922,2,0,0.1051693404634581
923,4,0,0.10846181427034779
924,2,0,0.1051693404634581
925,1,1,0.7188195991091314
926,1,0,0.09750492449113592
927,3,0,0.1743920972644377
928,2,0,0.1051693404634581
929,3,1,0.7204419889502762
930,4,0,0.10846181427034779
931,1,0,0.09750492449113592
932,3,1,0.3774703557312253
933,1,0,0.1750291715285881
934,2,0,0.27938671209540034
935,3,0,0.10848338260324286
936,3,1,0.7204419889502762
937,1,1,0.4164420485175202
938,5,0,0.10624706434945984
939,3,0,0.10848338260324286
940,3,1,0.538961038961039
941,1,1,0.2624521072796935
942,5,0,0.10624706434945984
943,3,0,0.10848338260324286
944,2,0,0.27938671209540034
945,5,1,0.10624706434945984
946,5,1,0.6489626556016598
947,4,0,0.10846181427034779
948,2,1,0.3931203931203931
949,5,1,0.6489626556016598
950,3,0,0.7204419889502762
951,3,0,0.1743920972644377
952,5,1,0.2745320476460579
953,4,1,0.7197309417040358
954,2,0,0.6916956737941323
955,5,0,0.10624706434945984
956,5,1,0.5300668151447662
957,2,0,0.1051693404634581
958,5,0,0.10624706434945984
959,2,0,0.1051693404634581
960,4,0,0.10846181427034779
961,1,0,0.1750291715285881
962,4,0,0.10846181427034779
963,2,1,0.1051693404634581
964,4,0,0.36443148688046645
965,4,0,0.10846181427034779
966,3,0,0.10848338260324286
967,1,0,0.7188195991091314
968,4,1,0.5256124721603563
969,4,0,0.10846181427034779
970,2,0,0.1051693404634581
971,2,0,0.17620376831821355
972,4,0,0.10846181427034779
973,4,0,0.10846181427034779
974,3,1,0.7204419889502762
975,4,1,0.17377182298010557
976,2,0,0.1051693404634581
977,3,0,0.10848338260324286
978,1,0,0.2579210672595887
979,4,0,0.31981981981981983
980,2,1,0.27938671209540034
981,1,0,0.1750291715285881
982,3,0,0.27732558139534885
983,4,1,0.7197309417040358
984,4,0,0.10846181427034779
985,5,0,0.2850467289719626
986,2,0,0.6916956737941323
987,1,0,0.09750492449113592
988,5,0,0.10624706434945984
989,2,1,0.6916956737941323
990,3,0,0.3722943722943723
991,4,0,0.10846181427034779
992,1,1,0.7188195991091314
993,2,0,0.1051693404634581
994,4,0,0.5256124721603563
995,3,1,0.7204419889502762
996,4,0,0.10846181427034779
997,3,0,0.10848338260324286
998,5,0,0.10624706434945984
999,3,1,0.27732558139534885
1000,5,0,0.10624706434945984
1001,3,0,0.538961038961039
1002,2,0,0.1051693404634581
1003,2,0,0.1051693404634581
1004,3,1,0.7204419889502762
1005,5,1,0.6489626556016598
1006,1,0,0.09750492449113592
1007,3,0,0.1743920972644377
1008,1,0,0.09750492449113592
1009,4,0,0.10846181427034779
1010,4,0,0.10846181427034779
1011,2,0,0.1051693404634581
1012,3,0,0.10848338260324286
1013,1,1,0.2579210672595887
1014,5,0,0.10624706434945984
1015,4,0,0.2782089552238806
1016,1,0,0.1750291715285881
1017,5,0,0.10624706434945984
1018,3,0,0.10848338260324286
1019,4,1,0.7197309417040358
1020,2,1,0.1051693404634581
1021,4,0,0.10846181427034779
1022,3,0,0.10848338260324286
1023,4,0,0.10846181427034779
1024,4,0,0.10846181427034779
1025,1,0,0.4164420485175202
1026,2,0,0.3167420814479638
1027,5,0,0.10624706434945984
1028,1,0,0.09750492449113592
1029,5,0,0.17265193370165746
1030,4,1,0.7197309417040358
1031,5,1,0.2745320476460579
1032,2,0,0.17620376831821355
1033,3,1,0.7204419889502762
1034,2,1,0.27938671209540034
1035,2,0,0.1051693404634581
1036,4,0,0.10846181427034779
1037,4,0,0.10846181427034779
1038,2,1,0.6916956737941323
1039,2,0,0.3167420814479638
1040,5,1,0.10624706434945984
1041,4,1,0.7197309417040358
1042,3,1,0.1743920972644377
1043,4,0,0.10846181427034779
1044,4,0,0.17377182298010557
1045,1,0,0.09750492449113592
1046,4,1,0.7197309417040358
1047,2,0,0.27938671209540034
1048,3,0,0.10848338260324286
1049,1,1,0.09750492449113592
1050,1,0,0.1750291715285881
1051,2,0,0.1051693404634581
1052,4,1,0.7197309417040358
1053,4,0,0.10846181427034779
1054,2,0,0.27938671209540034
1055,3,0,0.3774703557312253
1056,2,0,0.1051693404634581
1057,2,0,0.1051693404634581
1058,1,0,0.4164420485175202
1059,5,0,0.10624706434945984
1060,2,0,0.17620376831821355
1061,5,0,0.2745320476460579
1062,1,1,0.4164420485175202
1063,5,0,0.17265193370165746
1064,5,0,0.10624706434945984
1065,4,0,0.10846181427034779
1066,1,1,0.2579210672595887
1067,4,0,0.10846181427034779
1068,3,0,0.10848338260324286
1069,2,0,0.1051693404634581
1070,1,1,0.09750492449113592
1071,2,0,0.1051693404634581
1072,2,1,0.17620376831821355
1073,3,0,0.10848338260324286
1074,2,1,0.1051693404634581
1075,3,0,0.10848338260324286
1076,2,1,0.17620376831821355
1077,5,1,0.7639751552795031
1078,2,1,0.17620376831821355
1079,1,0,0.09750492449113592
1080,2,0,0.1051693404634581
1081,1,0,0.1750291715285881
1082,3,0,0.1743920972644377
1083,2,0,0.1051693404634581
1084,2,0,0.1051693404634581
1085,1,0,0.2579210672595887
1086,1,0,0.1750291715285881
1087,2,0,0.17620376831821355
1088,3,0,0.10848338260324286
1089,1,0,0.4164420485175202
1090,5,0,0.10624706434945984
1091,3,0,0.10848338260324286
1092,4,0,0.10846181427034779
1093,1,0,0.1750291715285881
1094,2,0,0.3931203931203931
1095,2,0,0.1051693404634581
1096,5,0,0.4191852825229961
1097,4,1,0.7197309417040358
1098,2,0,0.1051693404634581
1099,4,0,0.10846181427034779
1100,2,1,0.27938671209540034
1101,5,0,0.10624706434945984
1102,1,1,0.2579210672595887
1103,2,1,0.6916956737941323
1104,3,0,0.7204419889502762
1105,2,1,0.17620376831821355
1106,2,0,0.1051693404634581
1107,1,0,0.1750291715285881
1108,5,0,0.6489626556016598
1109,1,0,0.09750492449113592
1110,1,0,0.09750492449113592
1111,1,0,0.09750492449113592
1112,3,0,0.10848338260324286
1113,1,1,0.1750291715285881
1114,5,1,0.2850467289719626
1115,2,1,0.6916956737941323
1116,4,0,0.36443148688046645
1117,5,1,0.17265193370165746
1118,3,0,0.10848338260324286
1119,2,0,0.17620376831821355
1120,1,0,0.1750291715285881
1121,2,0,0.1051693404634581
1122,3,0,0.7204419889502762
1123,2,0,0.1051693404634581
1124,1,0,0.09750492449113592
1125,2,0,0.27938671209540034
1126,4,1,0.7197309417040358
1127,3,0,0.10848338260324286
1128,4,0,0.10846181427034779
1129,5,0,0.10624706434945984
1130,2,0,0.1051693404634581
1131,3,0,0.10848338260324286
1132,2,1,0.6916956737941323
1133,4,0,0.10846181427034779
1134,3,1,0.7204419889502762
1135,3,1,0.10848338260324286
1136,1,1,0.2624521072796935
1137,5,0,0.10624706434945984
1138,2,1,0.6916956737941323
1139,3,0,0.1743920972644377
1140,4,0,0.10846181427034779
1141,2,0,0.1051693404634581
1142,1,0,0.2624521072796935
1143,5,0,0.6489626556016598
1144,5,0,0.10624706434945984
1145,2,0,0.1051693404634581
1146,5,0,0.5300668151447662
1147,4,0,0.10846181427034779
1148,3,1,0.3722943722943723
1149,1,1,0.2624521072796935
1150,2,1,0.3931203931203931
1151,2,0,0.1051693404634581
1152,4,1,0.17377182298010557
1153,5,0,0.17265193370165746
1154,4,1,0.2782089552238806
1155,2,1,0.1051693404634581
1156,2,0,0.1051693404634581
1157,5,0,0.10624706434945984
1158,4,0,0.10846181427034779
1159,3,0,0.10848338260324286
1160,2,0,0.1051693404634581
1161,3,0,0.1743920972644377
1162,4,0,0.10846181427034779
1163,4,0,0.10846181427034779
1164,5,0,0.2745320476460579
1165,2,0,0.5244444444444445
1166,5,0,0.10624706434945984
1167,3,1,0.4647058823529412
1168,2,1,0.17620376831821355
1169,1,0,0.1750291715285881
1170,3,0,0.10848338260324286
1171,4,1,0.10846181427034779
1172,5,1,0.6489626556016598
1173,5,0,0.10624706434945984
1174,3,0,0.10848338260324286
1175,4,0,0.7197309417040358
1176,5,0,0.10624706434945984
1177,3,0,0.3774703557312253
1178,5,0,0.10624706434945984
1179,3,0,0.10848338260324286
1180,5,0,0.10624706434945984
1181,2,0,0.17620376831821355
1182,1,0,0.2579210672595887
1183,1,0,0.09750492449113592
1184,1,0,0.09750492449113592
1185,4,0,0.17377182298010557
1186,3,0,0.10848338260324286
1187,1,0,0.09750492449113592
1188,5,0,0.10624706434945984
1189,1,0,0.09750492449113592
1190,5,1,0.7639751552795031
1191,5,0,0.10624706434945984
1192,1,1,0.7188195991091314
1193,1,0,0.2579210672595887
1194,4,0,0.17377182298010557
1195,4,0,0.17377182298010557
1196,5,0,0.17265193370165746
1197,1,0,0.09750492449113592
1198,4,0,0.17377182298010557
1199,2,0,0.1051693404634581
1200,5,0,0.10624706434945984
1201,3,1,0.7204419889502762
1202,1,0,0.7188195991091314
1203,2,0,0.6916956737941323
1204,2,1,0.1051693404634581
1205,1,0,0.09750492449113592
1206,2,0,0.1051693404634581
1207,2,0,0.1051693404634581
1208,2,0,0.1051693404634581
1209,3,1,0.7204419889502762
1210,1,1,0.1750291715285881
1211,4,1,0.10846181427034779
1212,2,0,0.1051693404634581
1213,5,0,0.10624706434945984
1214,1,0,0.2579210672595887
1215,3,0,0.10848338260324286
1216,5,0,0.10624706434945984
1217,2,0,0.1051693404634581
1218,3,0,0.10848338260324286
1219,4,0,0.2782089552238806
1220,2,1,0.17620376831821355
1221,2,1,0.6916956737941323
1222,1,1,0.09750492449113592
1223,5,0,0.17265193370165746
1224,5,0,0.10624706434945984
1225,1,0,0.2579210672595887
1226,2,0,0.1051693404634581
1227,1,1,0.7188195991091314
1228,3,0,0.7204419889502762
1229,3,0,0.10848338260324286
1230,3,1,0.27732558139534885
1231,5,0,0.10624706434945984
1232,5,0,0.10624706434945984
1233,1,0,0.09750492449113592
1234,4,0,0.10846181427034779
1235,5,0,0.10624706434945984
1236,5,0,0.17265193370165746
1237,3,0,0.1743920972644377
1238,3,0,0.10848338260324286
1239,2,0,0.1051693404634581
1240,4,0,0.7197309417040358
1241,1,0,0.09750492449113592
1242,1,0,0.09750492449113592
1243,4,1,0.10846181427034779
1244,5,1,0.6489626556016598
1245,4,1,0.2782089552238806
1246,5,0,0.2745320476460579
1247,3,0,0.10848338260324286
1248,5,0,0.10624706434945984
1249,1,0,0.09750492449113592
1250,3,0,0.10848338260324286
1251,3,0,0.10848338260324286
1252,2,0,0.1051693404634581
1253,3,0,0.10848338260324286
1254,5,0,0.10624706434945984
1255,1,0,0.09750492449113592
1256,2,0,0.1051693404634581
1257,4,1,0.36443148688046645
1258,3,0,0.10848338260324286
1259,2,1,0.1051693404634581
1260,5,0,0.17265193370165746
1261,3,0,0.3774703557312253
1262,5,0,0.17265193370165746
1263,4,0,0.10846181427034779
1264,5,1,0.6489626556016598
1265,2,0,0.1051693404634581
1266,4,0,0.36443148688046645
1267,4,0,0.10846181427034779
1268,4,1,0.10846181427034779
1269,1,1,0.5276497695852534
1270,4,0,0.10846181427034779
1271,1,1,0.2624521072796935
1272,3,0,0.10848338260324286
1273,4,0,0.10846181427034779
1274,2,0,0.3931203931203931
1275,5,1,0.6489626556016598
1276,4,0,0.10846181427034779
1277,1,0,0.2579210672595887
1278,3,1,0.1743920972644377
1279,3,0,0.10848338260324286
1280,5,0,0.17265193370165746
1281,2,1,0.1051693404634581
1282,5,1,0.4191852825229961
1283,5,0,0.10624706434945984
1284,4,1,0.10846181427034779
1285,2,0,0.1051693404634581
1286,3,0,0.10848338260324286
1287,5,0,0.10624706434945984
1288,1,0,0.5276497695852534
1289,1,0,0.2664359861591695
1290,4,0,0.10846181427034779
1291,1,0,0.09750492449113592
1292,3,1,0.1743920972644377
1293,5,0,0.10624706434945984
1294,5,0,0.10624706434945984
1295,5,1,0.2850467289719626
1296,4,0,0.31981981981981983
1297,1,0,0.09750492449113592
1298,5,0,0.10624706434945984
1299,4,0,0.31981981981981983
1300,5,0,0.10624706434945984
1301,5,0,0.2745320476460579
1302,3,1,0.10848338260324286
1303,3,0,0.10848338260324286
1304,1,1,0.1750291715285881
1305,5,0,0.2745320476460579
1306,4,1,0.10846181427034779
1307,2,0,0.1051693404634581
1308,3,1,0.10848338260324286
1309,3,1,0.7204419889502762
1310,3,0,0.10848338260324286
1311,4,1,0.7197309417040358
1312,2,0,0.1051693404634581
1313,1,0,0.09750492449113592
1314,5,1,0.6489626556016598
1315,4,0,0.10846181427034779
1316,4,0,0.36443148688046645
1317,4,0,0.10846181427034779
1318,5,0,0.10624706434945984
1319,4,0,0.10846181427034779
1320,5,0,0.10624706434945984
1321,3,0,0.10848338260324286
1322,2,0,0.17620376831821355
1323,5,0,0.10624706434945984
1324,1,0,0.1750291715285881
1325,1,0,0.1750291715285881
1326,5,0,0.10624706434945984
1327,4,0,0.10846181427034779
1328,5,0,0.17265193370165746
1329,3,0,0.27732558139534885
1330,4,1,0.7197309417040358
1331,2,1,0.27938671209540034
1332,1,0,0.1750291715285881
1333,4,0,0.10846181427034779
1334,2,1,0.3167420814479638
1335,4,0,0.10846181427034779
1336,1,1,0.2579210672595887
1337,1,0,0.09750492449113592
1338,2,0,0.1051693404634581
1339,2,1,0.2131979695431472
1340,3,0,0.1743920972644377
1341,4,0,0.10846181427034779
1342,4,0,0.10846181427034779
1343,5,0,0.10624706434945984
1344,4,0,0.10846181427034779
1345,3,0,0.10848338260324286
1346,1,0,0.09750492449113592
1347,1,0,0.09750492449113592
1348,1,1,0.09750492449113592
1349,1,0,0.09750492449113592
1350,5,0,0.10624706434945984
1351,1,0,0.1750291715285881
1352,5,0,0.10624706434945984
1353,3,0,0.3774703557312253
1354,5,1,0.17265193370165746
1355,2,0,0.1051693404634581
1356,1,1,0.7188195991091314
1357,1,0,0.1750291715285881
1358,4,0,0.10846181427034779
1359,5,0,0.4191852825229961
1360,1,0,0.09750492449113592
1361,1,1,0.4164420485175202
1362,2,1,0.6916956737941323
1363,4,1,0.7197309417040358
1364,4,1,0.10846181427034779
1365,4,1,0.5256124721603563
1366,2,0,0.1051693404634581
1367,2,0,0.27938671209540034
1368,5,0,0.17265193370165746
1369,1,1,0.2624521072796935
1370,1,0,0.1750291715285881
1371,1,0,0.1750291715285881
1372,4,0,0.10846181427034779
1373,3,1,0.10848338260324286
1374,1,0,0.09750492449113592
1375,4,0,0.17377182298010557
1376,3,0,0.1743920972644377
1377,4,1,0.53
1378,4,0,0.17377182298010557
1379,1,0,0.09750492449113592
1380,5,0,0.10624706434945984
1381,3,0,0.1743920972644377
1382,4,1,0.7197309417040358
1383,5,0,0.10624706434945984
1384,2,0,0.1051693404634581
1385,2,0,0.1051693404634581
1386,3,0,0.10848338260324286
1387,5,0,0.17265193370165746
1388,5,0,0.10624706434945984
1389,4,0,0.10846181427034779
1390,5,1,0.2850467289719626
1391,4,0,0.10846181427034779
1392,1,0,0.1750291715285881
1393,3,1,0.27732558139534885
1394,5,0,0.2850467289719626
1395,1,0,0.1750291715285881
1396,2,0,0.1051693404634581
1397,4,0,0.10846181427034779
1398,2,0,0.1051693404634581
1399,3,0,0.10848338260324286
1400,3,1,0.10848338260324286
1401,2,0,0.1051693404634581
1402,4,0,0.17377182298010557
1403,2,0,0.17620376831821355
1404,2,0,0.3931203931203931
1405,2,0,0.17620376831821355
1406,5,0,0.10624706434945984
1407,2,1,0.6916956737941323
1408,1,0,0.09750492449113592
1409,5,0,0.10624706434945984
1410,2,0,0.1051693404634581
1411,2,0,0.27938671209540034
1412,1,0,0.09750492449113592
1413,1,0,0.09750492449113592
1414,2,0,0.1051693404634581
1415,5,0,0.2745320476460579
1416,2,0,0.27938671209540034
1417,3,0,0.10848338260324286
1418,5,0,0.10624706434945984
1419,3,0,0.538961038961039
1420,5,0,0.10624706434945984
1421,1,0,0.5276497695852534
1422,2,0,0.1051693404634581
1423,1,1,0.1750291715285881
1424,1,0,0.2579210672595887
1425,5,0,0.10624706434945984
1426,5,0,0.10624706434945984
1427,3,0,0.1743920972644377
1428,4,1,0.5256124721603563
1429,2,1,0.6916956737941323
1430,4,0,0.10846181427034779
1431,3,0,0.27732558139534885
1432,5,0,0.10624706434945984
1433,4,1,0.7197309417040358
1434,2,0,0.1051693404634581
1435,4,0,0.36443148688046645
1436,4,0,0.10846181427034779
1437,5,1,0.6489626556016598
1438,2,0,0.1051693404634581
1439,1,0,0.09750492449113592
1440,3,0,0.10848338260324286
1441,5,0,0.10624706434945984
1442,3,0,0.27732558139534885
1443,1,0,0.09750492449113592
1444,4,0,0.10846181427034779
1445,4,0,0.10846181427034779
1446,1,0,0.2624521072796935
1447,3,0,0.1743920972644377
1448,3,0,0.27732558139534885
1449,5,0,0.10624706434945984
1450,3,0,0.10848338260324286
1451,5,0,0.2850467289719626
1452,1,0,0.1750291715285881
1453,5,1,0.7639751552795031
1454,3,0,0.10848338260324286
1455,1,0,0.09750492449113592
1456,3,0,0.10848338260324286
1457,2,0,0.17620376831821355
1458,5,0,0.10624706434945984
1459,2,1,0.6916956737941323
1460,2,0,0.1051693404634581
1461,5,0,0.10624706434945984
1462,2,1,0.6916956737941323
1463,4,0,0.31981981981981983
1464,2,0,0.5244444444444445
1465,4,0,0.10846181427034779
1466,2,0,0.17620376831821355
1467,1,1,0.09750492449113592
1468,4,0,0.31981981981981983
1469,4,0,0.17377182298010557
1470,2,1,0.6916956737941323
1471,2,1,0.6916956737941323
1472,4,0,0.10846181427034779
1473,1,0,0.09750492449113592
1474,5,0,0.10624706434945984
1475,4,0,0.10846181427034779
1476,5,0,0.10624706434945984
1477,4,1,0.7197309417040358
1478,3,0,0.10848338260324286
1479,2,1,0.1051693404634581
1480,5,1,0.10624706434945984
1481,3,0,0.1743920972644377
1482,2,0,0.1051693404634581
1483,1,0,0.09750492449113592
1484,2,1,0.2131979695431472
1485,2,0,0.1051693404634581
1486,2,0,0.17620376831821355
1487,2,0,0.1051693404634581
1488,5,1,0.22580645161290322
1489,4,0,0.10846181427034779
1490,4,0,0.10846181427034779
1491,3,0,0.27732558139534885
1492,5,0,0.10624706434945984
1493,2,0,0.1051693404634581
1494,1,1,0.1750291715285881
1495,3,0,0.10848338260324286
1496,1,0,0.09750492449113592
1497,1,0,0.09750492449113592
1498,3,0,0.10848338260324286
1499,5,1,0.2745320476460579
1500,3,1,0.3774703557312253
1501,4,1,0.7197309417040358
1502,4,0,0.10846181427034779
1503,2,0,0.17620376831821355
1504,3,0,0.10848338260324286
1505,5,0,0.10624706434945984
1506,2,0,0.1051693404634581
1507,2,0,0.1051693404634581
1508,2,0,0.17620376831821355
1509,2,0,0.1051693404634581
1510,2,1,0.1051693404634581
1511,3,0,0.27732558139534885
1512,2,0,0.1051693404634581
1513,5,0,0.17265193370165746
1514,3,0,0.27732558139534885
1515,3,1,0.10848338260324286
1516,5,0,0.10624706434945984
1517,3,0,0.7204419889502762
1518,4,0,0.31981981981981983
1519,3,0,0.10848338260324286
1520,1,0,0.1750291715285881
1521,4,0,0.17377182298010557
1522,3,0,0.1743920972644377
1523,2,0,0.3167420814479638
1524,3,0,0.3774703557312253
1525,5,0,0.10624706434945984
1526,3,1,0.10848338260324286
1527,2,0,0.17620376831821355
1528,1,0,0.2579210672595887
1529,4,1,0.31981981981981983
1530,3,0,0.10848338260324286
1531,5,1,0.10624706434945984
1532,3,1,0.10848338260324286
1533,3,0,0.10848338260324286
1534,4,0,0.10846181427034779
1535,5,0,0.17265193370165746
1536,2,0,0.1051693404634581
1537,5,1,0.7639751552795031
1538,3,0,0.10848338260324286
1539,2,1,0.6916956737941323
1540,5,1,0.5300668151447662
1541,3,0,0.10848338260324286
1542,2,0,0.27938671209540034
1543,3,0,0.10848338260324286
1544,4,0,0.10846181427034779
1545,3,0,0.10848338260324286
1546,2,0,0.6916956737941323
1547,3,0,0.10848338260324286
1548,1,0,0.4164420485175202
1549,3,0,0.10848338260324286
1550,3,0,0.10848338260324286
1551,2,0,0.17620376831821355
1552,2,0,0.6916956737941323
1553,4,0,0.10846181427034779
1554,4,0,0.2782089552238806
1555,1,0,0.4164420485175202
1556,5,0,0.10624706434945984
1557,4,1,0.17377182298010557
1558,1,0,0.4164420485175202
1559,4,0,0.5256124721603563
1560,3,1,0.10848338260324286
1561,5,0,0.17265193370165746
1562,5,1,0.10624706434945984
1563,1,0,0.09750492449113592
1564,1,0,0.09750492449113592
1565,1,0,0.09750492449113592
1566,2,0,0.1051693404634581
1567,5,1,0.6489626556016598
1568,3,0,0.10848338260324286
1569,1,0,0.09750492449113592
1570,2,0,0.17620376831821355
1571,5,0,0.10624706434945984
1572,5,0,0.2850467289719626
1573,3,0,0.10848338260324286
1574,3,0,0.10848338260324286
1575,5,0,0.17265193370165746
1576,1,0,0.09750492449113592
1577,4,1,0.10846181427034779
1578,5,0,0.2745320476460579
1579,2,0,0.1051693404634581
1580,1,1,0.1750291715285881
1581,4,1,0.2782089552238806
1582,4,0,0.10846181427034779
1583,2,0,0.5244444444444445
1584,2,0,0.1051693404634581
1585,5,0,0.5300668151447662
1586,3,0,0.10848338260324286
1587,1,0,0.1750291715285881
1588,3,0,0.10848338260324286
1589,3,0,0.10848338260324286
1590,4,0,0.10846181427034779
1591,4,0,0.10846181427034779
1592,3,0,0.1743920972644377
1593,2,0,0.1051693404634581
1594,5,1,0.10624706434945984
1595,5,0,0.10624706434945984
1596,4,0,0.10846181427034779
1597,4,0,0.10846181427034779
1598,5,0,0.10624706434945984
1599,2,0,0.17620376831821355
1600,2,1,0.3167420814479638
1601,4,0,0.10846181427034779
1602,1,1,0.09750492449113592
1603,3,0,0.1743920972644377
1604,1,0,0.7188195991091314
1605,3,1,0.10848338260324286
1606,3,0,0.3774703557312253
1607,4,0,0.31981981981981983
1608,3,0,0.10848338260324286
1609,4,0,0.17377182298010557
1610,5,1,0.17265193370165746
1611,5,0,0.10624706434945984
1612,4,0,0.10846181427034779
1613,5,0,0.22580645161290322
1614,3,0,0.10848338260324286
1615,2,0,0.1051693404634581
1616,2,1,0.1051693404634581
1617,3,0,0.10848338260324286
1618,3,0,0.10848338260324286
1619,1,0,0.09750492449113592
1620,2,0,0.1051693404634581
1621,1,1,0.5276497695852534
1622,3,1,0.10848338260324286
1623,3,0,0.10848338260324286
1624,4,0,0.36443148688046645
1625,1,0,0.1750291715285881
1626,5,0,0.10624706434945984
1627,2,1,0.6916956737941323
1628,1,0,0.09750492449113592
1629,5,0,0.17265193370165746
1630,1,0,0.09750492449113592
1631,1,1,0.4164420485175202
1632,3,0,0.10848338260324286
1633,5,0,0.10624706434945984
1634,3,0,0.10848338260324286
1635,1,0,0.09750492449113592
1636,2,0,0.17620376831821355
1637,2,0,0.1051693404634581
1638,1,0,0.1750291715285881
1639,5,0,0.17265193370165746
1640,5,0,0.10624706434945984
1641,3,0,0.10848338260324286
1642,4,0,0.10846181427034779
1643,2,1,0.6916956737941323
1644,1,0,0.09750492449113592
1645,5,0,0.10624706434945984
1646,4,0,0.10846181427034779
1647,3,0,0.4647058823529412
1648,1,0,0.09750492449113592
1649,3,0,0.10848338260324286
1650,2,0,0.3931203931203931
1651,1,0,0.1750291715285881
1652,1,0,0.09750492449113592
1653,3,0,0.538961038961039
1654,4,0,0.10846181427034779
1655,5,0,0.17265193370165746
1656,5,0,0.10624706434945984
1657,3,0,0.1743920972644377
1658,1,0,0.09750492449113592
1659,1,0,0.1750291715285881
1660,5,0,0.6489626556016598
1661,5,0,0.17265193370165746
1662,5,0,0.10624706434945984
1663,2,0,0.17620376831821355
1664,2,1,0.1051693404634581
1665,3,0,0.10848338260324286
1666,4,0,0.10846181427034779
1667,4,0,0.10846181427034779
1668,4,1,0.2782089552238806
1669,1,0,0.2579210672595887
1670,2,0,0.1051693404634581
1671,3,0,0.10848338260324286
1672,4,0,0.10846181427034779
1673,2,0,0.1051693404634581
1674,4,0,0.7197309417040358
1675,3,0,0.10848338260324286
1676,1,1,0.7188195991091314
1677,5,0,0.2745320476460579
1678,5,1,0.10624706434945984
1679,3,0,0.10848338260324286
1680,1,0,0.09750492449113592
1681,5,1,0.7639751552795031
1682,5,1,0.2745320476460579
1683,1,0,0.09750492449113592
1684,2,0,0.1051693404634581
1685,3,0,0.10848338260324286
1686,3,0,0.10848338260324286
1687,1,0,0.09750492449113592
1688,4,0,0.10846181427034779
1689,4,0,0.10846181427034779
1690,5,0,0.2745320476460579
1691,3,1,0.538961038961039
1692,3,0,0.10848338260324286
1693,2,0,0.1051693404634581
1694,3,1,0.3774703557312253
1695,1,1,0.2579210672595887
1696,1,1,0.09750492449113592
1697,5,0,0.17265193370165746
1698,5,1,0.10624706434945984
1699,4,0,0.10846181427034779
1700,4,0,0.10846181427034779
1701,3,0,0.10848338260324286
1702,4,0,0.10846181427034779
1703,3,0,0.1743920972644377
1704,4,0,0.10846181427034779
1705,5,0,0.10624706434945984
1706,4,0,0.10846181427034779
1707,3,0,0.10848338260324286
1708,3,0,0.10848338260324286
1709,2,0,0.1051693404634581
1710,4,0,0.2782089552238806
1711,1,0,0.1750291715285881
1712,2,1,0.27938671209540034
1713,2,0,0.27938671209540034
1714,1,0,0.09750492449113592
1715,2,0,0.1051693404634581
1716,2,0,0.27938671209540034
1717,3,0,0.27732558139534885
1718,2,0,0.3167420814479638
1719,3,0,0.27732558139534885
1720,5,0,0.10624706434945984
1721,1,0,0.4164420485175202
1722,3,0,0.10848338260324286
1723,5,0,0.10624706434945984
1724,5,0,0.10624706434945984
1725,5,1,0.5300668151447662
1726,5,1,0.4191852825229961
1727,2,0,0.1051693404634581
1728,1,0,0.1750291715285881
1729,2,0,0.1051693404634581
1730,2,0,0.1051693404634581
1731,2,1,0.6916956737941323
1732,4,0,0.10846181427034779
1733,2,1,0.17620376831821355
1734,2,1,0.1051693404634581
1735,2,0,0.1051693404634581
1736,2,0,0.3167420814479638
1737,2,0,0.17620376831821355
1738,2,0,0.27938671209540034
1739,5,1,0.2745320476460579
1740,2,0,0.3931203931203931
1741,4,0,0.10846181427034779
1742,1,1,0.09750492449113592
1743,2,0,0.1051693404634581
1744,1,0,0.5128205128205128
1745,1,0,0.1750291715285881
1746,3,0,0.10848338260324286
1747,1,0,0.09750492449113592
1748,4,0,0.2782089552238806
1749,3,0,0.10848338260324286
1750,1,0,0.09750492449113592
1751,1,0,0.09750492449113592
1752,2,0,0.1051693404634581
1753,5,1,0.2745320476460579
1754,3,0,0.10848338260324286
1755,5,1,0.6489626556016598
1756,3,0,0.10848338260324286
1757,4,0,0.10846181427034779
1758,2,1,0.17620376831821355
1759,5,0,0.10624706434945984
1760,1,0,0.2624521072796935
1761,2,0,0.3931203931203931
1762,5,0,0.10624706434945984
1763,2,1,0.3931203931203931
1764,4,0,0.17377182298010557
1765,5,0,0.2745320476460579
1766,3,1,0.7204419889502762
1767,4,0,0.10846181427034779
1768,1,0,0.1750291715285881
1769,4,0,0.10846181427034779
1770,1,0,0.09750492449113592
1771,4,0,0.17377182298010557
1772,4,1,0.5256124721603563
1773,4,0,0.10846181427034779
1774,3,1,0.7204419889502762
1775,1,0,0.09750492449113592
1776,3,1,0.10848338260324286
1777,3,0,0.27732558139534885
1778,4,0,0.17377182298010557
1779,3,0,0.1743920972644377
1780,2,0,0.1051693404634581
1781,5,0,0.17265193370165746
1782,4,0,0.10846181427034779
1783,2,0,0.1051693404634581
1784,3,0,0.10848338260324286
1785,4,0,0.10846181427034779
1786,3,0,0.10848338260324286
1787,3,1,0.1743920972644377
1788,1,0,0.7188195991091314
1789,1,0,0.1750291715285881
1790,5,1,0.22580645161290322
1791,4,0,0.10846181427034779
1792,1,0,0.09750492449113592
1793,4,0,0.10846181427034779
1794,5,0,0.10624706434945984
1795,2,0,0.17620376831821355
1796,3,0,0.10848338260324286
1797,2,0,0.1051693404634581
1798,3,1,0.27732558139534885
1799,2,0,0.1051693404634581
1800,4,0,0.10846181427034779
1801,3,1,0.10848338260324286
1802,4,0,0.10846181427034779
1803,2,1,0.3931203931203931
1804,3,0,0.10848338260324286
1805,1,0,0.09750492449113592
1806,5,0,0.2850467289719626
1807,1,0,0.09750492449113592
1808,1,0,0.09750492449113592
1809,3,0,0.10848338260324286
1810,5,0,0.4191852825229961
1811,1,0,0.09750492449113592
1812,4,0,0.10846181427034779
1813,5,0,0.10624706434945984
1814,4,0,0.31981981981981983
1815,3,0,0.1743920972644377
1816,2,0,0.5244444444444445
1817,1,0,0.09750492449113592
1818,4,1,0.7197309417040358
1819,3,0,0.10848338260324286
1820,1,0,0.1750291715285881
1821,5,1,0.6489626556016598
1822,1,0,0.09750492449113592
1823,4,0,0.36443148688046645
1824,2,0,0.1051693404634581
1825,4,0,0.2782089552238806
1826,5,1,0.6489626556016598
1827,3,0,0.10848338260324286
1828,4,0,0.17377182298010557
1829,2,0,0.1051693404634581
1830,2,0,0.1051693404634581
1831,1,0,0.09750492449113592
1832,4,0,0.17377182298010557
1833,1,1,0.7188195991091314
1834,1,0,0.09750492449113592
1835,3,0,0.10848338260324286
1836,2,1,0.3931203931203931
1837,2,0,0.17620376831821355
1838,1,1,0.7188195991091314
1839,4,0,0.10846181427034779
1840,4,0,0.10846181427034779
1841,4,0,0.10846181427034779
1842,2,0,0.6916956737941323
1843,5,1,0.17265193370165746
1844,5,0,0.17265193370165746
1845,1,0,0.1750291715285881
1846,1,1,0.09750492449113592
1847,1,0,0.09750492449113592
1848,4,0,0.10846181427034779
1849,5,1,0.6489626556016598
1850,4,0,0.17377182298010557
1851,3,0,0.10848338260324286
1852,2,0,0.17620376831821355
1853,3,0,0.10848338260324286
1854,1,0,0.09750492449113592
1855,4,0,0.10846181427034779
1856,5,0,0.10624706434945984
1857,2,1,0.6916956737941323
1858,1,0,0.1750291715285881
1859,1,0,0.09750492449113592
1860,2,0,0.1051693404634581
1861,1,0,0.09750492449113592
1862,3,0,0.27732558139534885
1863,4,0,0.10846181427034779
1864,3,1,0.7204419889502762
1865,2,0,0.1051693404634581
1866,3,1,0.3774703557312253
1867,5,0,0.10624706434945984
1868,4,1,0.7197309417040358
1869,1,0,0.1750291715285881
1870,2,0,0.1051693404634581
1871,1,0,0.09750492449113592
1872,3,0,0.10848338260324286
1873,5,0,0.10624706434945984
1874,3,0,0.10848338260324286
1875,5,0,0.10624706434945984
1876,1,0,0.1750291715285881
1877,4,0,0.10846181427034779
1878,1,0,0.09750492449113592
1879,5,0,0.10624706434945984
1880,4,0,0.7197309417040358
1881,5,1,0.10624706434945984
1882,1,0,0.09750492449113592
1883,4,0,0.36443148688046645
1884,4,0,0.10846181427034779
1885,5,0,0.17265193370165746
1886,1,1,0.7188195991091314
1887,3,0,0.10848338260324286
1888,4,0,0.10846181427034779
1889,5,0,0.17265193370165746
1890,2,0,0.27938671209540034
1891,2,0,0.1051693404634581
1892,4,0,0.7197309417040358
1893,5,0,0.10624706434945984
1894,4,1,0.7197309417040358
1895,3,0,0.7204419889502762
1896,3,0,0.27732558139534885
1897,5,0,0.22580645161290322
1898,4,0,0.10846181427034779
1899,3,0,0.27732558139534885
1900,1,1,0.7188195991091314
1901,1,1,0.1750291715285881
1902,5,0,0.10624706434945984
1903,5,0,0.10624706434945984
1904,5,1,0.2745320476460579
1905,1,0,0.1750291715285881
1906,4,0,0.36443148688046645
1907,1,0,0.09750492449113592
1908,1,0,0.09750492449113592
1909,1,0,0.09750492449113592
1910,5,0,0.10624706434945984
1911,1,0,0.09750492449113592
1912,4,0,0.2782089552238806
1913,2,1,0.17620376831821355
1914,1,0,0.2579210672595887
1915,5,0,0.10624706434945984
1916,2,0,0.17620376831821355
1917,3,1,0.3722943722943723
1918,4,0,0.10846181427034779
1919,1,0,0.1750291715285881
1920,1,0,0.09750492449113592
1921,5,0,0.7639751552795031
1922,4,0,0.17377182298010557
1923,1,1,0.4164420485175202
1924,2,0,0.1051693404634581
1925,5,1,0.10624706434945984
1926,5,0,0.10624706434945984
1927,5,0,0.10624706434945984
1928,3,1,0.1743920972644377
1929,3,0,0.27732558139534885
1930,2,0,0.6916956737941323
1931,4,0,0.36443148688046645
1932,3,1,0.10848338260324286
1933,2,0,0.27938671209540034
1934,5,0,0.17265193370165746
1935,1,0,0.5128205128205128
1936,1,0,0.2664359861591695
1937,4,0,0.10846181427034779
1938,3,0,0.10848338260324286
1939,5,1,0.17265193370165746
1940,5,0,0.10624706434945984
1941,1,0,0.09750492449113592
1942,3,0,0.27732558139534885
1943,1,0,0.2664359861591695
1944,2,1,0.6916956737941323
1945,5,0,0.10624706434945984
1946,3,0,0.1743920972644377
1947,1,0,0.1750291715285881
1948,3,0,0.10848338260324286
1949,2,0,0.1051693404634581
1950,5,0,0.10624706434945984
1951,2,0,0.1051693404634581
1952,4,0,0.2782089552238806
1953,3,1,0.1743920972644377
1954,4,0,0.10846181427034779
1955,2,0,0.17620376831821355
1956,3,0,0.10848338260324286
1957,5,1,0.10624706434945984
1958,2,1,0.6916956737941323
1959,4,0,0.10846181427034779
1960,2,0,0.1051693404634581
1961,2,1,0.6916956737941323
1962,2,0,0.1051693404634581
1963,5,0,0.2850467289719626
1964,5,0,0.10624706434945984
1965,1,0,0.09750492449113592
1966,3,0,0.3722943722943723
1967,5,0,0.10624706434945984
1968,4,0,0.2782089552238806
1969,2,0,0.1051693404634581
1970,3,0,0.1743920972644377
1971,4,0,0.10846181427034779
1972,4,1,0.10846181427034779
1973,4,1,0.2782089552238806
1974,1,0,0.1750291715285881
1975,5,0,0.10624706434945984
1976,1,0,0.09750492449113592
1977,1,0,0.09750492449113592
1978,1,0,0.09750492449113592
1979,4,1,0.17377182298010557
1980,5,0,0.2745320476460579
1981,3,0,0.10848338260324286
1982,2,0,0.5244444444444445
1983,1,0,0.09750492449113592
1984,3,1,0.10848338260324286
1985,3,0,0.10848338260324286
1986,1,0,0.09750492449113592
1987,3,0,0.1743920972644377
1988,3,0,0.10848338260324286
1989,4,1,0.5256124721603563
1990,3,1,0.7204419889502762
1991,5,0,0.17265193370165746
1992,3,0,0.10848338260324286
1993,1,0,0.1750291715285881
1994,1,1,0.7188195991091314
1995,5,0,0.10624706434945984
1996,1,0,0.1750291715285881
1997,1,1,0.5276497695852534
1998,2,0,0.1051693404634581
1999,2,0,0.1051693404634581
2000,5,1,0.17265193370165746
2001,5,0,0.17265193370165746
2002,3,0,0.10848338260324286
2003,2,0,0.17620376831821355
2004,3,0,0.10848338260324286
2005,3,0,0.27732558139534885
2006,2,0,0.1051693404634581
2007,5,0,0.7639751552795031
2008,5,1,0.7639751552795031
2009,3,0,0.10848338260324286
2010,4,0,0.17377182298010557
2011,2,1,0.17620376831821355
2012,5,0,0.17265193370165746
2013,2,0,0.17620376831821355
2014,4,0,0.10846181427034779
2015,4,0,0.10846181427034779
2016,1,1,0.1750291715285881
2017,5,0,0.17265193370165746
2018,5,0,0.10624706434945984
2019,3,0,0.27732558139534885
2020,4,0,0.10846181427034779
2021,1,0,0.2624521072796935
2022,1,1,0.09750492449113592
2023,5,0,0.17265193370165746
2024,3,1,0.4647058823529412
2025,1,0,0.2579210672595887
2026,2,0,0.1051693404634581
2027,1,1,0.5276497695852534
2028,5,0,0.2745320476460579
2029,5,0,0.2745320476460579
2030,3,0,0.7204419889502762
2031,2,0,0.1051693404634581
2032,4,0,0.10846181427034779
2033,3,0,0.10848338260324286
2034,2,0,0.1051693404634581
2035,4,0,0.10846181427034779
2036,1,0,0.1750291715285881
2037,2,1,0.6916956737941323
2038,5,0,0.17265193370165746
2039,2,0,0.1051693404634581
2040,1,0,0.09750492449113592
2041,3,0,0.7204419889502762
2042,1,1,0.7188195991091314
2043,1,0,0.09750492449113592
2044,4,0,0.10846181427034779
2045,4,0,0.10846181427034779
2046,1,0,0.09750492449113592
2047,3,0,0.10848338260324286
2048,5,0,0.22580645161290322
2049,2,0,0.1051693404634581
2050,3,0,0.10848338260324286
2051,4,0,0.2782089552238806
2052,4,1,0.5256124721603563
2053,4,0,0.10846181427034779
2054,2,0,0.3167420814479638
2055,1,0,0.09750492449113592
2056,1,0,0.1750291715285881
2057,1,0,0.09750492449113592
2058,1,1,0.7188195991091314
2059,3,0,0.10848338260324286
2060,4,0,0.53
2061,3,0,0.7204419889502762
2062,5,0,0.17265193370165746
2063,3,0,0.10848338260324286
2064,3,1,0.10848338260324286
2065,4,1,0.7197309417040358
2066,4,0,0.10846181427034779
2067,4,0,0.10846181427034779
2068,2,0,0.1051693404634581
2069,1,1,0.4164420485175202
2070,5,1,0.2745320476460579
2071,2,1,0.1051693404634581
2072,5,1,0.7639751552795031
2073,4,0,0.10846181427034779
2074,4,0,0.17377182298010557
2075,4,0,0.10846181427034779
2076,2,0,0.6916956737941323
2077,5,0,0.10624706434945984
2078,4,0,0.10846181427034779
2079,4,1,0.5256124721603563
2080,5,0,0.17265193370165746
2081,2,0,0.1051693404634581
2082,3,1,0.10848338260324286
2083,1,0,0.09750492449113592
2084,3,1,0.1743920972644377
2085,4,0,0.10846181427034779
2086,1,0,0.09750492449113592
2087,3,0,0.10848338260324286
2088,1,0,0.1750291715285881
2089,4,0,0.10846181427034779
2090,2,0,0.1051693404634581
2091,4,1,0.17377182298010557
2092,5,1,0.2745320476460579
2093,2,0,0.17620376831821355
2094,4,0,0.17377182298010557
2095,4,0,0.10846181427034779
2096,5,1,0.4191852825229961
2097,1,0,0.1750291715285881
2098,5,1,0.10624706434945984
2099,1,0,0.2579210672595887
2100,3,0,0.10848338260324286
2101,1,0,0.2579210672595887
2102,4,0,0.2782089552238806
2103,1,0,0.2579210672595887
2104,5,0,0.10624706434945984
2105,1,0,0.09750492449113592
2106,2,1,0.6916956737941323
2107,3,0,0.10848338260324286
2108,4,0,0.10846181427034779
2109,4,0,0.31981981981981983
2110,5,0,0.10624706434945984
2111,3,1,0.3774703557312253
2112,5,0,0.10624706434945984
2113,3,0,0.10848338260324286
2114,4,0,0.10846181427034779
2115,3,1,0.1743920972644377
2116,3,0,0.1743920972644377
2117,3,1,0.7204419889502762
2118,5,1,0.6489626556016598
2119,4,0,0.10846181427034779
2120,5,1,0.10624706434945984
2121,3,1,0.27732558139534885
2122,3,0,0.10848338260324286
2123,3,0,0.10848338260324286
2124,4,0,0.31981981981981983
2125,1,0,0.09750492449113592
2126,5,0,0.10624706434945984
2127,5,0,0.10624706434945984
2128,5,0,0.4191852825229961
2129,5,0,0.17265193370165746
2130,3,0,0.1743920972644377
2131,2,0,0.1051693404634581
2132,4,1,0.10846181427034779
2133,1,0,0.1750291715285881
2134,3,0,0.1743920972644377
2135,2,0,0.1051693404634581
2136,1,0,0.5128205128205128
2137,4,0,0.2782089552238806
2138,1,1,0.5128205128205128
2139,3,0,0.3774703557312253
2140,2,1,0.1051693404634581
2141,3,1,0.27732558139534885
2142,5,0,0.10624706434945984
2143,2,0,0.1051693404634581
2144,3,0,0.10848338260324286
2145,5,0,0.17265193370165746
2146,3,0,0.10848338260324286
2147,2,0,0.5244444444444445
2148,3,0,0.10848338260324286
2149,2,0,0.1051693404634581
2150,1,0,0.09750492449113592
2151,3,0,0.10848338260324286
2152,3,0,0.27732558139534885
2153,2,0,0.1051693404634581
2154,1,1,0.2579210672595887
2155,3,0,0.1743920972644377
2156,5,0,0.10624706434945984
2157,3,0,0.10848338260324286
2158,3,0,0.1743920972644377
2159,4,0,0.10846181427034779
2160,5,0,0.10624706434945984
2161,1,0,0.09750492449113592
2162,5,0,0.10624706434945984
2163,1,0,0.09750492449113592
2164,3,0,0.7204419889502762
2165,2,0,0.6916956737941323
2166,4,0,0.10846181427034779
2167,3,0,0.1743920972644377
2168,4,0,0.36443148688046645
2169,3,0,0.7204419889502762
2170,2,1,0.1051693404634581
2171,3,0,0.1743920972644377
2172,3,0,0.10848338260324286
2173,3,0,0.10848338260324286
2174,2,0,0.17620376831821355
2175,5,0,0.10624706434945984
2176,1,0,0.09750492449113592
2177,1,0,0.1750291715285881
2178,5,1,0.10624706434945984
2179,5,0,0.10624706434945984
2180,1,0,0.5276497695852534
2181,5,0,0.10624706434945984
2182,1,0,0.09750492449113592
2183,2,0,0.1051693404634581
2184,4,0,0.17377182298010557
2185,2,0,0.1051693404634581
2186,1,1,0.09750492449113592
2187,2,0,0.1051693404634581
2188,3,0,0.10848338260324286
2189,4,0,0.5256124721603563
2190,3,0,0.1743920972644377
2191,1,0,0.09750492449113592
2192,3,0,0.10848338260324286
2193,3,0,0.10848338260324286
2194,3,0,0.27732558139534885
2195,1,1,0.4164420485175202
2196,3,0,0.10848338260324286
2197,3,1,0.538961038961039
2198,4,0,0.17377182298010557
2199,3,1,0.1743920972644377
2200,4,0,0.10846181427034779
2201,3,0,0.10848338260324286
2202,4,1,0.31981981981981983
2203,2,0,0.1051693404634581
2204,3,0,0.10848338260324286
2205,5,0,0.17265193370165746
2206,1,0,0.1750291715285881
2207,2,1,0.5244444444444445
2208,3,0,0.10848338260324286
2209,1,0,0.09750492449113592
2210,3,0,0.10848338260324286
2211,5,0,0.17265193370165746
2212,3,0,0.1743920972644377
2213,4,1,0.10846181427034779
2214,2,0,0.1051693404634581
2215,4,0,0.2782089552238806
2216,1,0,0.09750492449113592
2217,3,0,0.1743920972644377
2218,3,1,0.7204419889502762
2219,3,0,0.10848338260324286
2220,4,0,0.10846181427034779
2221,4,0,0.10846181427034779
2222,2,1,0.1051693404634581
2223,2,0,0.1051693404634581
2224,3,0,0.10848338260324286
2225,4,0,0.10846181427034779
2226,3,1,0.7204419889502762
2227,5,0,0.10624706434945984
2228,5,0,0.10624706434945984
2229,2,0,0.17620376831821355
2230,5,1,0.7639751552795031
2231,2,0,0.17620376831821355
2232,5,1,0.10624706434945984
2233,5,0,0.10624706434945984
2234,2,0,0.1051693404634581
2235,2,1,0.6916956737941323
2236,5,0,0.17265193370165746
2237,3,0,0.10848338260324286
2238,1,0,0.1750291715285881
2239,5,1,0.10624706434945984
2240,4,0,0.10846181427034779
2241,2,0,0.1051693404634581
2242,3,0,0.10848338260324286
2243,4,0,0.2782089552238806
2244,4,0,0.10846181427034779
2245,5,1,0.17265193370165746
2246,4,0,0.10846181427034779
2247,4,0,0.2782089552238806
2248,3,0,0.10848338260324286
2249,5,0,0.2745320476460579
2250,4,0,0.10846181427034779
2251,2,0,0.6916956737941323
2252,3,0,0.10848338260324286
2253,1,0,0.1750291715285881
2254,2,0,0.1051693404634581
2255,1,1,0.7188195991091314
2256,2,0,0.17620376831821355
2257,4,0,0.17377182298010557
2258,1,0,0.7188195991091314
2259,4,0,0.10846181427034779
2260,3,0,0.10848338260324286
2261,2,0,0.1051693404634581
2262,2,0,0.3931203931203931
2263,5,0,0.10624706434945984
2264,3,0,0.27732558139534885
2265,5,0,0.10624706434945984
2266,1,0,0.09750492449113592
2267,2,1,0.1051693404634581
2268,5,1,0.10624706434945984
2269,5,0,0.2745320476460579
2270,4,0,0.17377182298010557
2271,5,0,0.10624706434945984
2272,1,0,0.09750492449113592
2273,4,1,0.10846181427034779
2274,2,0,0.27938671209540034
2275,5,1,0.10624706434945984
2276,4,0,0.17377182298010557
2277,3,0,0.10848338260324286
2278,3,0,0.10848338260324286
2279,4,0,0.10846181427034779
2280,2,0,0.1051693404634581
2281,3,0,0.10848338260324286
2282,2,0,0.1051693404634581
2283,4,0,0.10846181427034779
2284,4,1,0.10846181427034779
2285,2,1,0.27938671209540034
2286,5,1,0.2850467289719626
2287,1,0,0.09750492449113592
2288,4,1,0.10846181427034779
2289,2,1,0.17620376831821355
2290,4,0,0.10846181427034779
2291,5,0,0.2745320476460579
2292,4,0,0.2782089552238806
2293,3,0,0.10848338260324286
2294,5,0,0.10624706434945984
2295,3,0,0.10848338260324286
2296,4,0,0.10846181427034779
2297,5,0,0.10624706434945984
2298,5,0,0.10624706434945984
2299,4,0,0.10846181427034779
2300,5,1,0.10624706434945984
2301,5,1,0.6489626556016598
2302,2,0,0.1051693404634581
2303,1,0,0.09750492449113592
2304,5,0,0.17265193370165746
2305,4,0,0.10846181427034779
2306,1,0,0.09750492449113592
2307,4,0,0.10846181427034779
2308,1,1,0.7188195991091314
2309,1,0,0.1750291715285881
2310,1,0,0.1750291715285881
2311,3,0,0.10848338260324286
2312,3,0,0.7204419889502762
2313,3,1,0.7204419889502762
2314,1,1,0.09750492449113592
2315,3,0,0.10848338260324286
2316,2,0,0.1051693404634581
2317,1,0,0.09750492449113592
2318,5,0,0.17265193370165746
2319,3,1,0.3774703557312253
2320,4,0,0.36443148688046645
2321,2,0,0.1051693404634581
2322,3,1,0.7204419889502762
2323,4,0,0.10846181427034779
2324,4,0,0.36443148688046645
2325,2,0,0.1051693404634581
2326,2,0,0.1051693404634581
2327,3,1,0.10848338260324286
2328,2,1,0.3931203931203931
2329,2,0,0.27938671209540034
2330,3,0,0.10848338260324286
2331,1,0,0.2664359861591695
2332,1,0,0.7188195991091314
2333,5,0,0.10624706434945984
2334,5,0,0.10624706434945984
2335,5,0,0.10624706434945984
2336,4,0,0.36443148688046645
2337,1,0,0.09750492449113592
2338,1,1,0.2579210672595887
2339,2,0,0.1051693404634581
2340,5,0,0.10624706434945984
2341,2,0,0.1051693404634581
2342,1,0,0.1750291715285881
2343,5,0,0.17265193370165746
2344,2,0,0.1051693404634581
2345,4,0,0.2782089552238806
2346,4,0,0.10846181427034779
2347,4,0,0.17377182298010557
2348,1,0,0.09750492449113592
2349,4,1,0.7197309417040358
2350,4,0,0.10846181427034779
2351,2,0,0.27938671209540034
2352,2,1,0.3167420814479638
2353,2,1,0.6916956737941323
2354,3,0,0.1743920972644377
2355,4,0,0.10846181427034779
2356,4,0,0.2782089552238806
2357,5,1,0.5300668151447662
2358,4,0,0.10846181427034779
2359,3,0,0.1743920972644377
2360,1,0,0.1750291715285881
2361,4,0,0.10846181427034779
2362,4,0,0.10846181427034779
2363,1,0,0.1750291715285881
2364,5,0,0.4191852825229961
2365,2,0,0.1051693404634581
2366,5,0,0.7639751552795031
2367,2,0,0.1051693404634581
2368,5,0,0.10624706434945984
2369,3,1,0.10848338260324286
2370,1,0,0.1750291715285881
2371,3,1,0.3774703557312253
2372,1,1,0.7188195991091314
2373,5,0,0.10624706434945984
2374,5,0,0.10624706434945984
2375,5,0,0.10624706434945984
2376,4,0,0.10846181427034779
2377,1,0,0.1750291715285881
2378,5,0,0.17265193370165746
2379,4,0,0.17377182298010557
2380,2,1,0.1051693404634581
2381,1,0,0.1750291715285881
2382,3,0,0.27732558139534885
2383,4,1,0.7197309417040358
2384,4,0,0.31981981981981983
2385,2,0,0.17620376831821355
2386,2,1,0.3931203931203931
2387,4,0,0.10846181427034779
2388,4,0,0.17377182298010557
2389,3,1,0.10848338260324286
2390,2,0,0.17620376831821355
2391,2,1,0.6916956737941323
2392,5,0,0.17265193370165746
2393,4,0,0.10846181427034779
2394,2,0,0.1051693404634581
2395,4,0,0.10846181427034779
2396,3,0,0.7204419889502762
2397,1,0,0.2664359861591695
2398,2,0,0.1051693404634581
2399,1,1,0.09750492449113592
2400,3,0,0.10848338260324286
2401,2,0,0.1051693404634581
2402,2,0,0.1051693404634581
2403,5,1,0.10624706434945984
2404,3,0,0.10848338260324286
2405,3,0,0.10848338260324286
2406,5,0,0.10624706434945984
2407,4,0,0.10846181427034779
2408,1,0,0.4164420485175202
2409,5,0,0.10624706434945984
2410,3,0,0.27732558139534885
2411,2,0,0.1051693404634581
2412,4,1,0.2782089552238806
2413,1,0,0.09750492449113592
2414,2,0,0.1051693404634581
2415,5,0,0.10624706434945984
2416,1,1,0.4164420485175202
2417,2,0,0.1051693404634581
2418,1,1,0.5276497695852534
2419,1,0,0.09750492449113592
2420,1,0,0.5276497695852534
2421,2,0,0.6916956737941323
2422,2,0,0.1051693404634581
2423,2,1,0.27938671209540034
2424,3,0,0.10848338260324286
2425,2,0,0.17620376831821355
2426,3,0,0.10848338260324286
2427,4,0,0.10846181427034779
2428,3,0,0.10848338260324286
2429,2,1,0.1051693404634581
2430,1,0,0.7188195991091314
2431,4,0,0.2782089552238806
2432,2,0,0.1051693404634581
2433,5,0,0.2745320476460579
2434,4,1,0.10846181427034779
2435,2,1,0.3931203931203931
2436,5,0,0.17265193370165746
2437,3,0,0.10848338260324286
2438,5,1,0.17265193370165746
2439,1,0,0.2579210672595887
2440,3,0,0.10848338260324286
2441,5,1,0.6489626556016598
2442,2,1,0.6916956737941323
2443,2,0,0.1051693404634581
2444,2,0,0.1051693404634581
2445,4,0,0.10846181427034779
2446,1,0,0.1750291715285881
2447,4,0,0.10846181427034779
2448,3,1,0.27732558139534885
2449,3,0,0.10848338260324286
2450,5,0,0.10624706434945984
2451,2,0,0.1051693404634581
2452,2,0,0.1051693404634581
2453,1,1,0.5276497695852534
2454,4,0,0.10846181427034779
2455,2,0,0.2131979695431472
2456,1,1,0.7188195991091314
2457,2,0,0.1051693404634581
2458,5,1,0.17265193370165746
2459,1,0,0.4164420485175202
2460,2,0,0.17620376831821355
2461,4,0,0.17377182298010557
2462,4,0,0.17377182298010557
2463,3,0,0.7204419889502762
2464,1,1,0.09750492449113592
2465,1,0,0.09750492449113592
2466,4,1,0.2782089552238806
2467,4,0,0.10846181427034779
2468,5,0,0.10624706434945984
2469,2,0,0.1051693404634581
2470,2,0,0.1051693404634581
2471,3,0,0.27732558139534885
2472,5,0,0.4191852825229961
2473,4,0,0.10846181427034779
2474,5,0,0.17265193370165746
2475,3,0,0.3774703557312253
2476,2,1,0.6916956737941323
2477,3,0,0.1743920972644377
2478,4,1,0.7197309417040358
2479,4,0,0.10846181427034779
2480,2,1,0.1051693404634581
2481,2,0,0.3167420814479638
2482,3,0,0.10848338260324286
2483,3,1,0.3774703557312253
2484,1,1,0.09750492449113592
2485,5,0,0.10624706434945984
2486,5,0,0.17265193370165746
2487,3,1,0.10848338260324286
2488,2,0,0.1051693404634581
2489,3,0,0.10848338260324286
2490,1,0,0.09750492449113592
2491,4,0,0.10846181427034779
2492,3,0,0.538961038961039
2493,5,0,0.10624706434945984
2494,5,0,0.2745320476460579
2495,5,0,0.2850467289719626
2496,3,0,0.10848338260324286
2497,1,0,0.1750291715285881
2498,4,0,0.10846181427034779
2499,3,0,0.7204419889502762
2500,3,0,0.10848338260324286
2501,4,0,0.36443148688046645
2502,4,0,0.17377182298010557
2503,3,0,0.1743920972644377
2504,1,0,0.2579210672595887
2505,1,0,0.09750492449113592
2506,4,1,0.10846181427034779
2507,2,0,0.3167420814479638
2508,1,0,0.09750492449113592
2509,2,0,0.3931203931203931
2510,1,0,0.09750492449113592
2511,4,0,0.10846181427034779
2512,1,1,0.5128205128205128
2513,1,0,0.09750492449113592
2514,2,0,0.1051693404634581
2515,4,0,0.10846181427034779
2516,5,0,0.10624706434945984
2517,1,1,0.7188195991091314
2518,5,1,0.2745320476460579
2519,3,0,0.1743920972644377
2520,5,0,0.17265193370165746
2521,4,0,0.10846181427034779
2522,5,0,0.17265193370165746
2523,1,1,0.09750492449113592
2524,2,0,0.1051693404634581
2525,5,1,0.6489626556016598
2526,1,0,0.09750492449113592
2527,3,0,0.10848338260324286
2528,4,0,0.10846181427034779
2529,5,1,0.6489626556016598
2530,2,0,0.3931203931203931
2531,3,1,0.7204419889502762
2532,5,0,0.10624706434945984
2533,4,0,0.10846181427034779
2534,4,1,0.7197309417040358
2535,4,0,0.10846181427034779
2536,2,0,0.1051693404634581
2537,4,1,0.17377182298010557
2538,4,0,0.10846181427034779
2539,4,1,0.17377182298010557
2540,4,0,0.17377182298010557
2541,3,0,0.1743920972644377
2542,5,0,0.10624706434945984
2543,4,1,0.7197309417040358
2544,4,0,0.10846181427034779
2545,5,0,0.17265193370165746
2546,1,0,0.1750291715285881
2547,3,0,0.10848338260324286
2548,5,0,0.6489626556016598
2549,1,1,0.5276497695852534
2550,4,1,0.5256124721603563
2551,5,0,0.10624706434945984
2552,5,0,0.17265193370165746
2553,2,0,0.1051693404634581
2554,3,0,0.7204419889502762
2555,1,0,0.1750291715285881
2556,4,1,0.10846181427034779
2557,1,0,0.09750492449113592
2558,4,0,0.10846181427034779
2559,3,1,0.10848338260324286
2560,1,0,0.09750492449113592
2561,2,0,0.1051693404634581
2562,3,0,0.1743920972644377
2563,4,0,0.10846181427034779
2564,3,0,0.10848338260324286
2565,3,0,0.10848338260324286
2566,1,1,0.5276497695852534
2567,2,1,0.1051693404634581
2568,3,1,0.7204419889502762
2569,5,0,0.10624706434945984
2570,3,0,0.10848338260324286
2571,5,0,0.2745320476460579
2572,3,0,0.10848338260324286
2573,5,0,0.10624706434945984
2574,1,0,0.09750492449113592
2575,5,0,0.10624706434945984
2576,5,0,0.2745320476460579
2577,3,0,0.10848338260324286
2578,1,0,0.1750291715285881
2579,2,0,0.1051693404634581
2580,1,0,0.09750492449113592
2581,1,1,0.2579210672595887
2582,1,1,0.4164420485175202
2583,1,1,0.09750492449113592
2584,2,0,0.6916956737941323
2585,2,0,0.1051693404634581
2586,4,0,0.10846181427034779
2587,4,0,0.10846181427034779
2588,3,0,0.10848338260324286
2589,4,0,0.10846181427034779
2590,2,1,0.6916956737941323
2591,4,0,0.10846181427034779
2592,1,0,0.09750492449113592
2593,5,1,0.4191852825229961
2594,4,0,0.17377182298010557
2595,3,0,0.10848338260324286
2596,3,0,0.27732558139534885
2597,4,1,0.10846181427034779
2598,5,1,0.17265193370165746
2599,4,0,0.10846181427034779
2600,5,0,0.10624706434945984
2601,5,0,0.10624706434945984
2602,2,0,0.1051693404634581
2603,5,0,0.10624706434945984
2604,1,1,0.4164420485175202
2605,1,0,0.5276497695852534
2606,5,0,0.2745320476460579
2607,2,0,0.6916956737941323
2608,1,0,0.09750492449113592
2609,2,0,0.6916956737941323
2610,2,0,0.1051693404634581
2611,5,0,0.5300668151447662
2612,2,0,0.1051693404634581
2613,4,0,0.17377182298010557
2614,2,0,0.1051693404634581
2615,1,0,0.09750492449113592
2616,5,0,0.10624706434945984
2617,1,0,0.09750492449113592
2618,1,1,0.09750492449113592
2619,4,0,0.10846181427034779
2620,2,0,0.1051693404634581
2621,5,0,0.10624706434945984
2622,2,0,0.1051693404634581
2623,1,0,0.09750492449113592
2624,3,1,0.7204419889502762
2625,4,0,0.10846181427034779
2626,2,0,0.17620376831821355
2627,1,0,0.2624521072796935
2628,4,1,0.7197309417040358
2629,5,0,0.10624706434945984
2630,4,0,0.10846181427034779
2631,2,0,0.1051693404634581
2632,1,1,0.7188195991091314
2633,2,0,0.5244444444444445
2634,5,0,0.2850467289719626
2635,3,0,0.10848338260324286
2636,1,0,0.1750291715285881
2637,4,0,0.10846181427034779
2638,3,0,0.27732558139534885
2639,3,0,0.10848338260324286
2640,2,0,0.1051693404634581
2641,4,0,0.10846181427034779
2642,5,0,0.10624706434945984
2643,3,0,0.10848338260324286
2644,2,0,0.17620376831821355
2645,4,0,0.2782089552238806
2646,1,0,0.09750492449113592
2647,1,0,0.1750291715285881
2648,5,1,0.10624706434945984
2649,5,0,0.17265193370165746
2650,4,0,0.10846181427034779
2651,1,0,0.09750492449113592
2652,2,1,0.6916956737941323
2653,1,1,0.7188195991091314
2654,3,0,0.10848338260324286
2655,3,0,0.3774703557312253
2656,4,0,0.36443148688046645
2657,1,0,0.2624521072796935
2658,2,0,0.1051693404634581
2659,2,0,0.1051693404634581
2660,1,0,0.09750492449113592
2661,4,1,0.7197309417040358
2662,2,0,0.1051693404634581
2663,1,0,0.2579210672595887
2664,1,0,0.09750492449113592
2665,2,0,0.1051693404634581
2666,2,0,0.1051693404634581
2667,4,0,0.10846181427034779
2668,1,0,0.09750492449113592
2669,4,0,0.10846181427034779
2670,1,1,0.4164420485175202
2671,2,0,0.17620376831821355
2672,4,0,0.10846181427034779
2673,1,1,0.4164420485175202
2674,3,0,0.7204419889502762
2675,3,1,0.10848338260324286
2676,1,0,0.09750492449113592
2677,4,0,0.10846181427034779
2678,1,0,0.2579210672595887
2679,3,0,0.10848338260324286
2680,3,0,0.10848338260324286
2681,4,0,0.10846181427034779
2682,4,1,0.7197309417040358
2683,4,1,0.10846181427034779
2684,2,0,0.17620376831821355
2685,4,1,0.2782089552238806
2686,4,0,0.17377182298010557
2687,5,1,0.10624706434945984
2688,1,0,0.1750291715285881
2689,1,1,0.1750291715285881
2690,1,0,0.1750291715285881
2691,2,0,0.1051693404634581
2692,4,0,0.17377182298010557
2693,3,1,0.10848338260324286
2694,2,0,0.1051693404634581
2695,1,0,0.2664359861591695
2696,3,0,0.10848338260324286
2697,3,0,0.27732558139534885
2698,1,1,0.7188195991091314
2699,5,0,0.2745320476460579
2700,3,0,0.10848338260324286
2701,3,0,0.10848338260324286
2702,5,0,0.2850467289719626
2703,4,0,0.10846181427034779
2704,2,0,0.1051693404634581
2705,1,0,0.1750291715285881
2706,3,0,0.1743920972644377
2707,4,1,0.2782089552238806
2708,3,0,0.1743920972644377
2709,1,0,0.4164420485175202
2710,3,0,0.10848338260324286
2711,2,0,0.1051693404634581
2712,5,0,0.10624706434945984
2713,4,0,0.10846181427034779
2714,2,0,0.1051693404634581
2715,5,0,0.2745320476460579
2716,1,0,0.1750291715285881
2717,2,0,0.27938671209540034
2718,3,0,0.10848338260324286
2719,5,0,0.10624706434945984
2720,5,0,0.2745320476460579
2721,2,0,0.3167420814479638
2722,2,0,0.6916956737941323
2723,3,0,0.10848338260324286
2724,1,0,0.2579210672595887
2725,2,1,0.6916956737941323
2726,1,0,0.1750291715285881
2727,3,0,0.10848338260324286
2728,4,0,0.10846181427034779
2729,1,0,0.09750492449113592
2730,1,0,0.1750291715285881
2731,5,0,0.10624706434945984
2732,5,0,0.10624706434945984
2733,2,0,0.17620376831821355
2734,3,0,0.10848338260324286
2735,5,0,0.4191852825229961
2736,1,0,0.5276497695852534
2737,2,0,0.1051693404634581
2738,3,0,0.10848338260324286
2739,1,0,0.09750492449113592
2740,5,1,0.4191852825229961
2741,1,0,0.09750492449113592
2742,5,1,0.6489626556016598
2743,1,0,0.7188195991091314
2744,2,0,0.1051693404634581
2745,1,0,0.09750492449113592
2746,1,0,0.09750492449113592
2747,2,0,0.17620376831821355
2748,2,0,0.1051693404634581
2749,3,0,0.10848338260324286
2750,4,1,0.10846181427034779
2751,2,0,0.1051693404634581
2752,5,0,0.2745320476460579
2753,1,0,0.09750492449113592
2754,5,0,0.10624706434945984
2755,5,0,0.10624706434945984
2756,4,1,0.17377182298010557
2757,5,1,0.7639751552795031
2758,1,0,0.09750492449113592
2759,1,0,0.09750492449113592
2760,5,1,0.7639751552795031
2761,5,0,0.2745320476460579
2762,5,0,0.10624706434945984
2763,4,0,0.7197309417040358
2764,3,1,0.7204419889502762
2765,5,0,0.2850467289719626
2766,5,1,0.2745320476460579
2767,2,0,0.1051693404634581
2768,2,0,0.1051693404634581
2769,5,0,0.2745320476460579
2770,1,0,0.09750492449113592
2771,3,0,0.10848338260324286
2772,1,0,0.1750291715285881
2773,5,0,0.17265193370165746
2774,4,1,0.7197309417040358
2775,5,0,0.4191852825229961
2776,5,1,0.6489626556016598
2777,4,0,0.10846181427034779
2778,2,0,0.17620376831821355
2779,4,0,0.10846181427034779
2780,1,0,0.2624521072796935
2781,5,0,0.10624706434945984
2782,1,0,0.09750492449113592
2783,2,1,0.3931203931203931
2784,1,0,0.09750492449113592
2785,4,0,0.10846181427034779
2786,1,0,0.1750291715285881
2787,3,0,0.10848338260324286
2788,1,0,0.7188195991091314
2789,2,1,0.1051693404634581
2790,4,1,0.2782089552238806
2791,5,1,0.10624706434945984
2792,5,0,0.10624706434945984
2793,5,0,0.10624706434945984
2794,4,0,0.10846181427034779
2795,4,0,0.10846181427034779
2796,3,0,0.10848338260324286
2797,4,1,0.7197309417040358
2798,1,1,0.7188195991091314
2799,4,0,0.17377182298010557
2800,3,0,0.1743920972644377
2801,3,0,0.1743920972644377
2802,3,1,0.10848338260324286
2803,2,0,0.1051693404634581
2804,3,1,0.7204419889502762
2805,4,0,0.10846181427034779
2806,5,1,0.17265193370165746
2807,3,1,0.27732558139534885
2808,4,1,0.36443148688046645
2809,5,0,0.10624706434945984
2810,2,0,0.17620376831821355
2811,4,0,0.2782089552238806
2812,5,0,0.17265193370165746
2813,1,1,0.4164420485175202
2814,3,0,0.10848338260324286
2815,4,0,0.36443148688046645
2816,3,0,0.10848338260324286
2817,3,0,0.3774703557312253
2818,3,0,0.10848338260324286
2819,1,0,0.09750492449113592
2820,4,0,0.10846181427034779
2821,1,0,0.09750492449113592
2822,3,0,0.10848338260324286
2823,5,0,0.17265193370165746
2824,1,0,0.09750492449113592
2825,3,0,0.1743920972644377
2826,4,1,0.7197309417040358
2827,2,1,0.6916956737941323
2828,3,0,0.1743920972644377
2829,5,0,0.10624706434945984
2830,3,0,0.10848338260324286
2831,4,0,0.17377182298010557
2832,4,0,0.2782089552238806
2833,2,1,0.17620376831821355
2834,4,0,0.10846181427034779
2835,3,0,0.10848338260324286
2836,4,0,0.31981981981981983
2837,4,0,0.17377182298010557
2838,1,0,0.1750291715285881
2839,3,0,0.10848338260324286
2840,4,1,0.5256124721603563
2841,5,0,0.10624706434945984
2842,1,0,0.2579210672595887
2843,1,0,0.2579210672595887
2844,5,0,0.10624706434945984
2845,4,1,0.7197309417040358
2846,1,0,0.09750492449113592
2847,1,0,0.09750492449113592
2848,4,0,0.10846181427034779
2849,3,1,0.10848338260324286
2850,5,0,0.17265193370165746
2851,3,0,0.1743920972644377
2852,4,0,0.10846181427034779
2853,1,0,0.1750291715285881
2854,1,0,0.09750492449113592
2855,1,0,0.1750291715285881
2856,4,0,0.10846181427034779
2857,1,1,0.2624521072796935
2858,4,0,0.17377182298010557
2859,3,0,0.10848338260324286
2860,1,1,0.2579210672595887
2861,5,1,0.10624706434945984
2862,2,0,0.1051693404634581
2863,3,0,0.10848338260324286
2864,4,0,0.2782089552238806
2865,3,1,0.7204419889502762
2866,2,0,0.17620376831821355
2867,1,0,0.09750492449113592
2868,2,1,0.1051693404634581
2869,4,0,0.10846181427034779
2870,5,0,0.10624706434945984
2871,3,0,0.10848338260324286
2872,1,0,0.09750492449113592
2873,1,1,0.7188195991091314
2874,1,0,0.09750492449113592
2875,5,0,0.17265193370165746
2876,3,1,0.27732558139534885
2877,5,0,0.17265193370165746
2878,3,0,0.1743920972644377
2879,1,0,0.09750492449113592
2880,1,1,0.5276497695852534
2881,5,0,0.10624706434945984
2882,3,0,0.1743920972644377
2883,2,1,0.17620376831821355
2884,2,0,0.27938671209540034
2885,3,0,0.10848338260324286
2886,4,0,0.17377182298010557
2887,1,0,0.1750291715285881
2888,5,0,0.10624706434945984
2889,4,1,0.53
2890,3,1,0.7204419889502762
2891,1,0,0.09750492449113592
2892,5,0,0.10624706434945984
2893,3,0,0.10848338260324286
2894,3,0,0.1743920972644377
2895,2,0,0.1051693404634581
2896,3,0,0.10848338260324286
2897,5,0,0.10624706434945984
2898,3,1,0.3722943722943723
2899,5,1,0.5300668151447662
2900,2,0,0.1051693404634581
2901,5,1,0.17265193370165746
2902,3,0,0.10848338260324286
2903,2,0,0.1051693404634581
2904,1,0,0.4164420485175202
2905,1,0,0.09750492449113592
2906,1,0,0.2579210672595887
2907,3,0,0.27732558139534885
2908,3,0,0.10848338260324286
2909,2,0,0.1051693404634581
2910,1,0,0.1750291715285881
2911,4,0,0.10846181427034779
2912,3,0,0.10848338260324286
2913,4,1,0.17377182298010557
2914,4,0,0.10846181427034779
2915,4,0,0.10846181427034779
2916,4,0,0.10846181427034779
2917,5,1,0.6489626556016598
2918,2,0,0.1051693404634581
2919,3,0,0.10848338260324286
2920,4,1,0.7197309417040358
2921,4,1,0.7197309417040358
2922,3,0,0.10848338260324286
2923,2,0,0.3931203931203931
2924,4,0,0.10846181427034779
2925,3,0,0.1743920972644377
2926,1,0,0.09750492449113592
2927,2,0,0.1051693404634581
2928,4,0,0.2782089552238806
2929,2,1,0.6916956737941323
2930,2,0,0.1051693404634581
2931,2,0,0.17620376831821355
2932,2,0,0.1051693404634581
2933,1,1,0.2624521072796935
2934,4,0,0.10846181427034779
2935,3,0,0.10848338260324286
2936,3,0,0.10848338260324286
2937,5,0,0.17265193370165746
2938,2,0,0.1051693404634581
2939,4,0,0.10846181427034779
2940,5,1,0.5300668151447662
2941,1,0,0.2579210672595887
2942,4,0,0.10846181427034779
2943,4,0,0.17377182298010557
2944,3,0,0.10848338260324286
2945,3,1,0.10848338260324286
2946,2,0,0.1051693404634581
2947,3,0,0.10848338260324286
2948,1,0,0.09750492449113592
2949,5,0,0.10624706434945984
2950,2,0,0.1051693404634581
2951,4,1,0.10846181427034779
2952,1,0,0.09750492449113592
2953,4,0,0.17377182298010557
2954,3,1,0.7204419889502762
2955,1,1,0.5128205128205128
2956,2,1,0.6916956737941323
2957,1,0,0.2579210672595887
2958,4,1,0.10846181427034779
2959,2,0,0.17620376831821355
2960,1,0,0.09750492449113592
2961,3,0,0.10848338260324286
2962,3,0,0.10848338260324286
2963,1,0,0.09750492449113592
2964,2,0,0.27938671209540034
2965,5,0,0.10624706434945984
2966,3,0,0.10848338260324286
2967,1,1,0.2579210672595887
2968,1,0,0.1750291715285881
2969,1,1,0.2664359861591695
2970,2,0,0.1051693404634581
2971,3,0,0.10848338260324286
2972,2,0,0.3931203931203931
2973,1,0,0.1750291715285881
2974,2,1,0.1051693404634581
2975,4,0,0.2782089552238806
2976,1,0,0.1750291715285881
2977,4,0,0.2782089552238806
2978,1,1,0.09750492449113592
2979,1,0,0.7188195991091314
2980,3,0,0.10848338260324286
2981,5,0,0.10624706434945984
2982,3,1,0.7204419889502762
2983,3,0,0.10848338260324286
2984,1,0,0.09750492449113592
2985,2,0,0.1051693404634581
2986,4,0,0.10846181427034779
2987,1,0,0.09750492449113592
2988,1,0,0.2579210672595887
2989,2,0,0.1051693404634581
2990,3,0,0.27732558139534885
2991,5,0,0.10624706434945984
2992,5,0,0.10624706434945984
2993,5,0,0.10624706434945984
2994,4,0,0.10846181427034779
2995,3,0,0.10848338260324286
2996,1,0,0.1750291715285881
2997,5,0,0.10624706434945984
2998,1,0,0.2579210672595887
2999,3,1,0.3774703557312253
3000,1,0,0.09750492449113592
3001,5,0,0.10624706434945984
3002,4,1,0.10846181427034779
3003,3,0,0.10848338260324286
3004,4,0,0.17377182298010557
3005,5,0,0.10624706434945984
3006,5,0,0.10624706434945984
3007,4,0,0.10846181427034779
3008,5,0,0.10624706434945984
3009,1,0,0.09750492449113592
3010,1,0,0.09750492449113592
3011,2,0,0.17620376831821355
3012,3,0,0.10848338260324286
3013,3,0,0.10848338260324286
3014,3,0,0.10848338260324286
3015,4,0,0.31981981981981983
3016,1,0,0.09750492449113592
3017,1,0,0.1750291715285881
3018,5,0,0.10624706434945984
3019,1,0,0.5276497695852534
3020,3,0,0.10848338260324286
3021,4,0,0.10846181427034779
3022,3,1,0.538961038961039
3023,2,0,0.17620376831821355
3024,2,0,0.1051693404634581
3025,5,0,0.17265193370165746
3026,1,0,0.09750492449113592
3027,2,1,0.6916956737941323
3028,4,0,0.10846181427034779
3029,5,0,0.17265193370165746
3030,4,1,0.10846181427034779
3031,4,0,0.10846181427034779
3032,3,0,0.10848338260324286
3033,5,0,0.10624706434945984
3034,3,0,0.10848338260324286
3035,1,0,0.2579210672595887
3036,4,0,0.10846181427034779
3037,2,0,0.17620376831821355
3038,1,0,0.4164420485175202
3039,4,1,0.17377182298010557
3040,3,0,0.4647058823529412
3041,2,0,0.1051693404634581
3042,5,0,0.22580645161290322
3043,4,1,0.10846181427034779
3044,4,1,0.10846181427034779
3045,3,1,0.3774703557312253
3046,2,0,0.27938671209540034
3047,2,0,0.1051693404634581
3048,1,0,0.09750492449113592
3049,2,0,0.17620376831821355
3050,3,0,0.10848338260324286
3051,5,1,0.22580645161290322
3052,3,1,0.1743920972644377
3053,2,0,0.17620376831821355
3054,1,1,0.1750291715285881
3055,5,0,0.5300668151447662
3056,4,1,0.7197309417040358
3057,4,0,0.31981981981981983
3058,2,0,0.27938671209540034
3059,3,1,0.10848338260324286
3060,4,0,0.10846181427034779
3061,3,1,0.7204419889502762
3062,2,0,0.1051693404634581
3063,5,0,0.10624706434945984
3064,2,0,0.1051693404634581
3065,2,1,0.1051693404634581
3066,3,0,0.27732558139534885
3067,5,0,0.10624706434945984
3068,3,0,0.10848338260324286
3069,1,0,0.1750291715285881
3070,3,0,0.1743920972644377
3071,5,0,0.2745320476460579
3072,1,0,0.09750492449113592
3073,3,0,0.10848338260324286
3074,1,0,0.09750492449113592
3075,4,0,0.7197309417040358
3076,1,1,0.09750492449113592
3077,2,0,0.1051693404634581
3078,3,0,0.7204419889502762
3079,5,0,0.10624706434945984
3080,2,0,0.1051693404634581
3081,2,1,0.5244444444444445
3082,1,0,0.1750291715285881
3083,2,0,0.17620376831821355
3084,4,1,0.10846181427034779
3085,5,1,0.7639751552795031
3086,4,0,0.10846181427034779
3087,3,0,0.10848338260324286
3088,2,0,0.27938671209540034
3089,3,0,0.27732558139534885
3090,2,0,0.1051693404634581
3091,5,0,0.5300668151447662
3092,3,1,0.1743920972644377
3093,3,0,0.10848338260324286
3094,1,1,0.5128205128205128
3095,2,0,0.27938671209540034
3096,5,0,0.22580645161290322
3097,4,0,0.10846181427034779
3098,4,0,0.17377182298010557
3099,3,0,0.7204419889502762
3100,1,0,0.09750492449113592
3101,2,0,0.1051693404634581
3102,2,0,0.1051693404634581
3103,4,0,0.10846181427034779
3104,5,0,0.10624706434945984
3105,2,0,0.1051693404634581
3106,3,0,0.27732558139534885
3107,3,0,0.10848338260324286
3108,3,0,0.27732558139534885
3109,2,1,0.1051693404634581
3110,4,0,0.17377182298010557
3111,1,0,0.09750492449113592
3112,4,1,0.10846181427034779
3113,3,0,0.10848338260324286
3114,4,0,0.36443148688046645
3115,4,1,0.2782089552238806
3116,3,0,0.10848338260324286
3117,2,0,0.1051693404634581
3118,2,0,0.17620376831821355
3119,5,1,0.6489626556016598
3120,5,0,0.10624706434945984
3121,1,0,0.09750492449113592
3122,1,1,0.1750291715285881
3123,1,1,0.1750291715285881
3124,5,0,0.10624706434945984
3125,4,0,0.10846181427034779
3126,4,1,0.36443148688046645
3127,3,1,0.7204419889502762
3128,1,0,0.1750291715285881
3129,1,0,0.2579210672595887
3130,5,1,0.7639751552795031
3131,3,0,0.10848338260324286
3132,5,0,0.10624706434945984
3133,2,0,0.27938671209540034
3134,2,0,0.17620376831821355
3135,1,0,0.2579210672595887
3136,1,0,0.09750492449113592
3137,2,0,0.17620376831821355
3138,3,0,0.10848338260324286
3139,1,0,0.09750492449113592
3140,2,1,0.27938671209540034
3141,4,0,0.10846181427034779
3142,1,0,0.4164420485175202
3143,1,0,0.1750291715285881
3144,5,0,0.10624706434945984
3145,4,0,0.7197309417040358
3146,5,0,0.10624706434945984
3147,4,0,0.10846181427034779
3148,2,1,0.27938671209540034
3149,4,1,0.17377182298010557
3150,5,0,0.17265193370165746
3151,5,0,0.2745320476460579
3152,2,1,0.27938671209540034
3153,4,0,0.10846181427034779
3154,5,1,0.2745320476460579
3155,4,0,0.17377182298010557
3156,2,0,0.1051693404634581
3157,1,0,0.09750492449113592
3158,5,1,0.10624706434945984
3159,1,1,0.5276497695852534
3160,1,0,0.09750492449113592
3161,5,0,0.17265193370165746
3162,5,1,0.10624706434945984
3163,5,0,0.10624706434945984
3164,5,0,0.10624706434945984
3165,1,0,0.09750492449113592
3166,4,0,0.10846181427034779
3167,2,1,0.5244444444444445
3168,2,0,0.27938671209540034
3169,5,0,0.17265193370165746
3170,1,1,0.2624521072796935
3171,1,0,0.7188195991091314
3172,1,1,0.1750291715285881
3173,4,1,0.36443148688046645
3174,2,0,0.1051693404634581
3175,2,0,0.1051693404634581
3176,2,0,0.17620376831821355
3177,3,1,0.10848338260324286
3178,3,0,0.27732558139534885
3179,3,0,0.10848338260324286
3180,4,0,0.10846181427034779
3181,2,0,0.1051693404634581
3182,4,0,0.10846181427034779
3183,4,0,0.10846181427034779
3184,1,0,0.09750492449113592
3185,3,0,0.10848338260324286
3186,2,0,0.6916956737941323
3187,4,1,0.7197309417040358
3188,5,0,0.10624706434945984
3189,3,0,0.10848338260324286
3190,2,0,0.1051693404634581
3191,1,1,0.1750291715285881
3192,1,0,0.7188195991091314
3193,5,0,0.10624706434945984
3194,2,0,0.1051693404634581
3195,5,0,0.10624706434945984
3196,3,0,0.27732558139534885
3197,5,0,0.10624706434945984
3198,3,0,0.10848338260324286
3199,1,0,0.1750291715285881
3200,2,0,0.3167420814479638
3201,5,0,0.10624706434945984
3202,4,0,0.10846181427034779
3203,1,0,0.1750291715285881
3204,1,0,0.09750492449113592
3205,1,1,0.2624521072796935
3206,3,1,0.7204419889502762
3207,3,0,0.10848338260324286
3208,2,0,0.17620376831821355
3209,2,0,0.1051693404634581
3210,4,1,0.7197309417040358
3211,4,0,0.10846181427034779
3212,4,0,0.10846181427034779
3213,2,0,0.1051693404634581
3214,1,0,0.09750492449113592
3215,2,0,0.1051693404634581
3216,1,0,0.2579210672595887
3217,5,0,0.10624706434945984
3218,3,0,0.27732558139534885
3219,3,0,0.1743920972644377
3220,3,1,0.538961038961039
3221,4,0,0.10846181427034779
3222,1,0,0.09750492449113592
3223,2,0,0.1051693404634581
3224,4,1,0.2782089552238806
3225,2,1,0.5244444444444445
3226,5,0,0.10624706434945984
3227,3,1,0.4647058823529412
3228,3,1,0.7204419889502762
3229,3,0,0.10848338260324286
3230,2,0,0.2131979695431472
3231,2,0,0.27938671209540034
3232,4,1,0.7197309417040358
3233,1,0,0.09750492449113592
3234,5,0,0.10624706434945984
3235,2,0,0.1051693404634581
3236,3,0,0.7204419889502762
3237,5,0,0.10624706434945984
3238,2,0,0.1051693404634581
3239,2,0,0.1051693404634581
3240,2,0,0.1051693404634581
3241,5,0,0.10624706434945984
3242,1,0,0.09750492449113592
3243,3,0,0.1743920972644377
3244,5,0,0.10624706434945984
3245,3,0,0.10848338260324286
3246,4,0,0.2782089552238806
3247,1,0,0.09750492449113592
3248,1,0,0.4164420485175202
3249,4,0,0.5256124721603563
3250,2,0,0.1051693404634581
3251,1,0,0.09750492449113592
3252,3,0,0.1743920972644377
3253,1,1,0.7188195991091314
3254,5,1,0.5300668151447662
3255,3,1,0.7204419889502762
3256,4,0,0.10846181427034779
3257,3,1,0.27732558139534885
3258,4,0,0.10846181427034779
3259,4,0,0.10846181427034779
3260,5,0,0.17265193370165746
3261,2,1,0.1051693404634581
3262,1,0,0.09750492449113592
3263,4,0,0.10846181427034779
3264,3,0,0.10848338260324286
3265,3,0,0.10848338260324286
3266,4,0,0.31981981981981983
3267,3,1,0.27732558139534885
3268,1,0,0.09750492449113592
3269,3,1,0.10848338260324286
3270,1,0,0.09750492449113592
3271,1,0,0.2624521072796935
3272,3,0,0.10848338260324286
3273,2,0,0.1051693404634581
3274,5,0,0.10624706434945984
3275,2,1,0.6916956737941323
3276,4,0,0.10846181427034779
3277,2,0,0.1051693404634581
3278,4,0,0.31981981981981983
3279,4,0,0.31981981981981983
3280,3,0,0.10848338260324286
3281,3,0,0.10848338260324286
3282,4,1,0.36443148688046645
3283,1,1,0.7188195991091314
3284,5,0,0.2745320476460579
3285,3,0,0.10848338260324286
3286,5,0,0.2745320476460579
3287,4,0,0.10846181427034779
3288,3,0,0.27732558139534885
3289,3,0,0.10848338260324286
3290,3,0,0.10848338260324286
3291,3,0,0.1743920972644377
3292,5,0,0.4191852825229961
3293,2,0,0.1051693404634581
3294,2,0,0.1051693404634581
3295,2,1,0.6916956737941323
3296,4,0,0.17377182298010557
3297,3,0,0.10848338260324286
3298,5,0,0.2850467289719626
3299,1,1,0.7188195991091314
3300,1,0,0.09750492449113592
3301,5,0,0.10624706434945984
3302,1,1,0.1750291715285881
3303,1,0,0.09750492449113592
3304,4,0,0.36443148688046645
3305,1,0,0.09750492449113592
3306,2,0,0.1051693404634581
3307,3,0,0.1743920972644377
3308,1,0,0.09750492449113592
3309,1,0,0.09750492449113592
3310,3,0,0.10848338260324286
3311,5,0,0.2745320476460579
3312,2,0,0.17620376831821355
3313,5,0,0.10624706434945984
3314,5,0,0.6489626556016598
3315,3,0,0.10848338260324286
3316,1,0,0.09750492449113592
3317,5,0,0.2850467289719626
3318,1,1,0.2579210672595887
3319,4,0,0.10846181427034779
3320,3,0,0.27732558139534885
3321,4,0,0.10846181427034779
3322,4,0,0.10846181427034779
3323,3,1,0.7204419889502762
3324,2,1,0.3167420814479638
3325,1,0,0.09750492449113592
3326,2,0,0.3931203931203931
3327,1,0,0.7188195991091314
3328,5,0,0.17265193370165746
3329,4,0,0.10846181427034779
3330,5,0,0.10624706434945984
3331,1,0,0.09750492449113592
3332,2,0,0.2131979695431472
3333,3,0,0.1743920972644377
3334,3,0,0.27732558139534885
3335,2,0,0.1051693404634581
3336,4,0,0.17377182298010557
3337,3,0,0.1743920972644377
3338,2,0,0.1051693404634581
3339,4,0,0.10846181427034779
3340,1,1,0.2579210672595887
3341,1,0,0.09750492449113592
3342,5,1,0.6489626556016598
3343,2,0,0.1051693404634581
3344,2,0,0.1051693404634581
3345,3,0,0.10848338260324286
3346,2,0,0.1051693404634581
3347,2,0,0.1051693404634581
3348,4,0,0.10846181427034779
3349,3,0,0.10848338260324286
3350,2,1,0.1051693404634581
3351,3,0,0.10848338260324286
3352,4,1,0.7197309417040358
3353,1,0,0.1750291715285881
3354,3,1,0.3774703557312253
3355,2,0,0.1051693404634581
3356,5,0,0.10624706434945984
3357,1,0,0.2579210672595887
3358,1,0,0.09750492449113592
3359,3,1,0.27732558139534885
3360,3,0,0.10848338260324286
3361,3,0,0.27732558139534885
3362,3,1,0.1743920972644377
3363,4,0,0.10846181427034779
3364,4,0,0.10846181427034779
3365,2,0,0.1051693404634581
3366,4,0,0.17377182298010557
3367,3,0,0.10848338260324286
3368,5,1,0.10624706434945984
3369,2,1,0.1051693404634581
3370,4,0,0.5256124721603563
3371,3,0,0.27732558139534885
3372,2,0,0.17620376831821355
3373,1,0,0.2579210672595887
3374,3,0,0.1743920972644377
3375,2,1,0.6916956737941323
3376,5,0,0.17265193370165746
3377,4,0,0.2782089552238806
3378,1,0,0.7188195991091314
3379,5,0,0.10624706434945984
3380,1,0,0.1750291715285881
3381,1,0,0.09750492449113592
3382,1,0,0.4164420485175202
3383,1,0,0.09750492449113592
3384,3,1,0.538961038961039
3385,2,0,0.17620376831821355
3386,4,0,0.36443148688046645
3387,2,0,0.1051693404634581
3388,5,0,0.10624706434945984
3389,2,0,0.17620376831821355
3390,3,1,0.10848338260324286
3391,3,1,0.27732558139534885
3392,3,0,0.1743920972644377
3393,1,1,0.1750291715285881
3394,5,0,0.10624706434945984
3395,4,0,0.10846181427034779
3396,4,0,0.10846181427034779
3397,3,0,0.1743920972644377
3398,2,0,0.17620376831821355
3399,4,0,0.2782089552238806
3400,2,1,0.6916956737941323
3401,1,0,0.1750291715285881
3402,3,0,0.10848338260324286
3403,5,0,0.10624706434945984
3404,3,0,0.10848338260324286
3405,5,1,0.10624706434945984
3406,4,1,0.53
3407,1,0,0.1750291715285881
3408,3,0,0.7204419889502762
3409,4,0,0.10846181427034779
3410,1,0,0.2579210672595887
3411,2,1,0.3931203931203931
3412,2,0,0.3931203931203931
3413,4,1,0.17377182298010557
3414,2,1,0.1051693404634581
3415,5,0,0.10624706434945984
3416,3,0,0.10848338260324286
3417,4,1,0.7197309417040358
3418,2,0,0.1051693404634581
3419,2,1,0.6916956737941323
3420,1,0,0.1750291715285881
3421,3,0,0.10848338260324286
3422,2,0,0.1051693404634581
3423,4,0,0.10846181427034779
3424,3,0,0.10848338260324286
3425,3,0,0.10848338260324286
3426,1,1,0.1750291715285881
3427,4,0,0.10846181427034779
3428,2,1,0.6916956737941323
3429,3,1,0.27732558139534885
3430,5,0,0.17265193370165746
3431,1,1,0.1750291715285881
3432,1,0,0.1750291715285881
3433,4,0,0.7197309417040358
3434,3,0,0.10848338260324286
3435,4,0,0.10846181427034779
3436,2,0,0.1051693404634581
3437,5,0,0.6489626556016598
3438,3,1,0.10848338260324286
3439,5,1,0.6489626556016598
3440,3,0,0.3774703557312253
3441,1,0,0.1750291715285881
3442,2,0,0.17620376831821355
3443,5,0,0.10624706434945984
3444,3,0,0.3774703557312253
3445,5,0,0.10624706434945984
3446,5,1,0.7639751552795031
3447,4,0,0.5256124721603563
3448,4,0,0.10846181427034779
3449,2,0,0.1051693404634581
3450,2,0,0.1051693404634581
3451,4,0,0.36443148688046645
3452,3,0,0.10848338260324286
3453,5,0,0.6489626556016598
3454,1,0,0.09750492449113592
3455,3,1,0.10848338260324286
3456,1,1,0.7188195991091314
3457,4,0,0.10846181427034779
3458,4,0,0.17377182298010557
3459,2,0,0.6916956737941323
3460,2,0,0.27938671209540034
3461,5,1,0.6489626556016598
3462,4,0,0.10846181427034779
3463,2,0,0.1051693404634581
3464,1,0,0.09750492449113592
3465,5,1,0.6489626556016598
3466,4,0,0.10846181427034779
3467,4,1,0.10846181427034779
3468,2,0,0.1051693404634581
3469,1,0,0.09750492449113592
3470,1,0,0.09750492449113592
3471,5,0,0.10624706434945984
3472,1,0,0.1750291715285881
3473,4,0,0.10846181427034779
3474,5,0,0.10624706434945984
3475,5,1,0.7639751552795031
3476,5,0,0.10624706434945984
3477,1,0,0.09750492449113592
3478,2,0,0.6916956737941323
3479,3,0,0.10848338260324286
3480,5,0,0.10624706434945984
3481,2,0,0.1051693404634581
3482,1,1,0.5128205128205128
3483,4,0,0.2782089552238806
3484,5,0,0.2745320476460579
3485,3,0,0.10848338260324286
3486,1,0,0.2579210672595887
3487,1,0,0.1750291715285881
3488,2,0,0.1051693404634581
3489,1,0,0.1750291715285881
3490,2,1,0.27938671209540034
3491,3,0,0.10848338260324286
3492,1,1,0.2664359861591695
3493,1,0,0.09750492449113592
3494,1,0,0.09750492449113592
3495,1,0,0.1750291715285881
3496,3,0,0.10848338260324286
3497,2,0,0.17620376831821355
3498,3,0,0.10848338260324286
3499,1,0,0.1750291715285881
3500,4,0,0.10846181427034779
3501,3,1,0.10848338260324286
3502,4,0,0.10846181427034779
3503,4,0,0.10846181427034779
3504,4,0,0.17377182298010557
3505,3,1,0.7204419889502762
3506,3,0,0.10848338260324286
3507,2,0,0.1051693404634581
3508,3,0,0.1743920972644377
3509,2,1,0.17620376831821355
3510,3,0,0.10848338260324286
3511,4,1,0.36443148688046645
3512,3,0,0.27732558139534885
3513,2,0,0.1051693404634581
3514,2,0,0.1051693404634581
3515,2,0,0.1051693404634581
3516,4,0,0.10846181427034779
3517,4,0,0.2782089552238806
3518,4,1,0.7197309417040358
3519,2,0,0.5244444444444445
3520,4,0,0.17377182298010557
3521,2,0,0.1051693404634581
3522,4,0,0.17377182298010557
3523,5,0,0.10624706434945984
3524,3,1,0.10848338260324286
3525,4,0,0.36443148688046645
3526,3,0,0.10848338260324286
3527,1,0,0.09750492449113592
3528,3,0,0.10848338260324286
3529,2,0,0.6916956737941323
3530,5,1,0.6489626556016598
3531,1,0,0.1750291715285881
3532,5,0,0.17265193370165746
3533,4,0,0.2782089552238806
3534,5,0,0.10624706434945984
3535,1,1,0.09750492449113592
3536,2,0,0.1051693404634581
3537,1,0,0.09750492449113592
3538,2,0,0.1051693404634581
3539,2,0,0.3167420814479638
3540,2,0,0.1051693404634581
3541,2,0,0.27938671209540034
3542,4,1,0.7197309417040358
3543,1,0,0.1750291715285881
3544,5,0,0.17265193370165746
3545,3,0,0.10848338260324286
3546,5,0,0.10624706434945984
3547,2,0,0.1051693404634581
3548,1,0,0.7188195991091314
3549,3,0,0.10848338260324286
3550,5,1,0.6489626556016598
3551,3,0,0.10848338260324286
3552,3,0,0.1743920972644377
3553,5,0,0.2745320476460579
3554,5,0,0.10624706434945984
3555,1,0,0.09750492449113592
3556,1,0,0.09750492449113592
3557,2,0,0.1051693404634581
3558,4,1,0.7197309417040358
3559,5,0,0.2745320476460579
3560,1,0,0.1750291715285881
3561,5,0,0.10624706434945984
3562,4,0,0.2782089552238806
3563,3,0,0.3774703557312253
3564,2,0,0.1051693404634581
3565,4,0,0.36443148688046645
3566,1,1,0.7188195991091314
3567,3,0,0.1743920972644377
3568,5,1,0.17265193370165746
3569,1,0,0.1750291715285881
3570,3,0,0.10848338260324286
3571,3,0,0.10848338260324286
3572,2,0,0.1051693404634581
3573,1,0,0.09750492449113592
3574,4,0,0.10846181427034779
3575,5,1,0.7639751552795031
3576,3,0,0.3774703557312253
3577,2,0,0.1051693404634581
3578,5,1,0.17265193370165746
3579,2,0,0.6916956737941323
3580,3,0,0.7204419889502762
3581,3,0,0.538961038961039
3582,3,0,0.10848338260324286
3583,3,0,0.10848338260324286
3584,3,0,0.10848338260324286
3585,4,0,0.10846181427034779
3586,4,0,0.10846181427034779
3587,3,0,0.1743920972644377
3588,4,0,0.10846181427034779
3589,3,0,0.1743920972644377
3590,4,0,0.10846181427034779
3591,1,0,0.2624521072796935
3592,4,0,0.10846181427034779
3593,1,0,0.09750492449113592
3594,5,0,0.10624706434945984
3595,4,1,0.10846181427034779
3596,2,0,0.1051693404634581
3597,4,0,0.10846181427034779
3598,2,0,0.1051693404634581
3599,3,0,0.7204419889502762
3600,5,1,0.6489626556016598
3601,5,0,0.2745320476460579
3602,4,0,0.17377182298010557
3603,2,0,0.17620376831821355
3604,1,0,0.1750291715285881
3605,1,1,0.2579210672595887
3606,3,0,0.10848338260324286
3607,1,1,0.7188195991091314
3608,5,0,0.2745320476460579
3609,1,1,0.09750492449113592
3610,4,0,0.10846181427034779
3611,5,0,0.7639751552795031
3612,1,1,0.7188195991091314
3613,3,0,0.10848338260324286
3614,5,0,0.10624706434945984
3615,5,1,0.10624706434945984
3616,1,0,0.09750492449113592
3617,4,0,0.10846181427034779
3618,2,0,0.17620376831821355
3619,4,0,0.36443148688046645
3620,4,0,0.10846181427034779
3621,4,0,0.17377182298010557
3622,3,0,0.10848338260324286
3623,3,1,0.3774703557312253
3624,1,0,0.2579210672595887
3625,4,0,0.31981981981981983
3626,3,0,0.1743920972644377
3627,2,1,0.6916956737941323
3628,3,0,0.10848338260324286
3629,5,0,0.10624706434945984
3630,1,0,0.1750291715285881
3631,5,1,0.6489626556016598
3632,2,1,0.1051693404634581
3633,3,0,0.10848338260324286
3634,3,0,0.27732558139534885
3635,3,0,0.10848338260324286
3636,3,0,0.10848338260324286
3637,4,0,0.10846181427034779
3638,1,0,0.09750492449113592
3639,5,1,0.5300668151447662
3640,1,0,0.2579210672595887
3641,2,0,0.1051693404634581
3642,3,0,0.1743920972644377
3643,2,0,0.1051693404634581
3644,4,1,0.10846181427034779
3645,4,1,0.7197309417040358
3646,4,0,0.17377182298010557
3647,2,1,0.6916956737941323
3648,2,1,0.6916956737941323
3649,2,1,0.6916956737941323
3650,5,0,0.10624706434945984
3651,4,0,0.10846181427034779
3652,5,1,0.17265193370165746
3653,2,0,0.1051693404634581
3654,4,0,0.10846181427034779
3655,5,0,0.6489626556016598
3656,4,1,0.53
3657,4,1,0.10846181427034779
3658,3,0,0.10848338260324286
3659,4,0,0.10846181427034779
3660,1,0,0.09750492449113592
3661,5,0,0.10624706434945984
3662,3,1,0.7204419889502762
3663,3,0,0.10848338260324286
3664,2,0,0.1051693404634581
3665,4,0,0.2782089552238806
3666,5,1,0.6489626556016598
3667,3,0,0.27732558139534885
3668,1,0,0.09750492449113592
3669,3,1,0.10848338260324286
3670,4,0,0.10846181427034779
3671,5,0,0.4191852825229961
3672,4,0,0.10846181427034779
3673,3,0,0.10848338260324286
3674,3,0,0.10848338260324286
3675,1,0,0.09750492449113592
3676,3,0,0.3774703557312253
3677,2,1,0.6916956737941323
3678,3,0,0.10848338260324286
3679,3,0,0.10848338260324286
3680,1,0,0.09750492449113592
3681,3,0,0.7204419889502762
3682,3,0,0.10848338260324286
3683,2,1,0.3931203931203931
3684,2,0,0.1051693404634581
3685,5,0,0.10624706434945984
3686,5,1,0.10624706434945984
3687,2,0,0.1051693404634581
3688,2,0,0.1051693404634581
3689,4,0,0.7197309417040358
3690,1,1,0.7188195991091314
3691,2,0,0.6916956737941323
3692,1,0,0.1750291715285881
3693,1,0,0.09750492449113592
3694,2,0,0.1051693404634581
3695,1,0,0.09750492449113592
3696,4,0,0.31981981981981983
3697,3,0,0.10848338260324286
3698,2,1,0.1051693404634581
3699,2,0,0.1051693404634581
3700,3,0,0.27732558139534885
3701,5,0,0.17265193370165746
3702,4,0,0.36443148688046645
3703,3,0,0.1743920972644377
3704,1,0,0.1750291715285881
3705,5,0,0.10624706434945984
3706,3,1,0.3722943722943723
3707,1,0,0.09750492449113592
3708,1,1,0.09750492449113592
3709,3,0,0.27732558139534885
3710,4,1,0.17377182298010557
3711,5,0,0.17265193370165746
3712,2,0,0.1051693404634581
3713,1,1,0.1750291715285881
3714,2,0,0.17620376831821355
3715,2,0,0.1051693404634581
3716,4,1,0.17377182298010557
3717,3,0,0.10848338260324286
3718,5,0,0.10624706434945984
3719,3,0,0.10848338260324286
3720,3,0,0.10848338260324286
3721,1,1,0.2624521072796935
3722,2,0,0.1051693404634581
3723,5,0,0.7639751552795031
3724,1,0,0.1750291715285881
3725,3,0,0.27732558139534885
3726,2,1,0.1051693404634581
3727,3,0,0.3722943722943723
3728,3,0,0.10848338260324286
3729,2,0,0.1051693404634581
3730,1,0,0.5276497695852534
3731,3,0,0.1743920972644377
3732,2,0,0.17620376831821355
3733,1,0,0.09750492449113592
3734,4,0,0.10846181427034779
3735,5,0,0.10624706434945984
3736,4,0,0.5256124721603563
3737,3,0,0.10848338260324286
3738,2,0,0.1051693404634581
3739,1,0,0.09750492449113592
3740,5,0,0.10624706434945984
3741,2,0,0.27938671209540034
3742,3,0,0.10848338260324286
3743,4,0,0.10846181427034779
3744,1,0,0.4164420485175202
3745,4,1,0.10846181427034779
3746,1,0,0.1750291715285881
3747,4,0,0.10846181427034779
3748,3,0,0.10848338260324286
3749,5,0,0.10624706434945984
3750,3,1,0.7204419889502762
3751,5,0,0.17265193370165746
3752,4,0,0.10846181427034779
3753,3,0,0.10848338260324286
3754,5,0,0.10624706434945984
3755,3,1,0.27732558139534885
3756,4,1,0.5256124721603563
3757,1,0,0.09750492449113592
3758,5,1,0.17265193370165746
3759,2,0,0.1051693404634581
3760,1,0,0.1750291715285881
3761,3,1,0.10848338260324286
3762,2,0,0.1051693404634581
3763,5,1,0.6489626556016598
3764,1,0,0.09750492449113592
3765,2,0,0.1051693404634581
3766,3,0,0.10848338260324286
3767,1,1,0.7188195991091314
3768,2,0,0.1051693404634581
3769,5,1,0.6489626556016598
3770,5,0,0.7639751552795031
3771,1,0,0.09750492449113592
3772,2,1,0.6916956737941323
3773,2,0,0.1051693404634581
3774,2,0,0.1051693404634581
3775,2,0,0.1051693404634581
3776,5,0,0.10624706434945984
3777,3,0,0.10848338260324286
3778,3,0,0.10848338260324286
3779,2,0,0.1051693404634581
3780,1,0,0.1750291715285881
3781,2,0,0.1051693404634581
3782,1,1,0.7188195991091314
3783,3,0,0.10848338260324286
3784,3,1,0.10848338260324286
3785,4,0,0.7197309417040358
3786,4,0,0.17377182298010557
3787,4,0,0.17377182298010557
3788,3,1,0.3774703557312253
3789,5,0,0.2745320476460579
3790,3,0,0.10848338260324286
3791,3,0,0.10848338260324286
3792,3,1,0.10848338260324286
3793,3,0,0.10848338260324286
3794,4,0,0.10846181427034779
3795,2,0,0.1051693404634581
3796,3,0,0.27732558139534885
3797,3,0,0.3774703557312253
3798,4,1,0.7197309417040358
3799,2,0,0.1051693404634581
3800,2,1,0.27938671209540034
3801,4,0,0.10846181427034779
3802,5,0,0.10624706434945984
3803,1,0,0.2664359861591695
3804,4,1,0.36443148688046645
3805,1,0,0.09750492449113592
3806,5,1,0.10624706434945984
3807,2,0,0.1051693404634581
3808,1,0,0.09750492449113592
3809,1,0,0.4164420485175202
3810,1,0,0.5276497695852534
3811,3,0,0.10848338260324286
3812,3,0,0.10848338260324286
3813,1,0,0.09750492449113592
3814,2,0,0.27938671209540034
3815,5,0,0.10624706434945984
3816,4,0,0.10846181427034779
3817,4,1,0.17377182298010557
3818,3,0,0.10848338260324286
3819,2,1,0.17620376831821355
3820,3,0,0.10848338260324286
3821,1,1,0.1750291715285881
3822,3,0,0.10848338260324286
3823,2,0,0.1051693404634581
3824,2,0,0.3931203931203931
3825,3,0,0.27732558139534885
3826,2,0,0.1051693404634581
3827,4,0,0.10846181427034779
3828,4,1,0.10846181427034779
3829,3,0,0.10848338260324286
3830,3,0,0.10848338260324286
3831,4,0,0.10846181427034779
3832,2,1,0.6916956737941323
3833,2,1,0.6916956737941323
3834,3,0,0.10848338260324286
3835,2,0,0.1051693404634581
3836,1,0,0.1750291715285881
3837,5,0,0.2850467289719626
3838,5,1,0.10624706434945984
3839,2,0,0.17620376831821355
3840,5,0,0.17265193370165746
3841,4,1,0.7197309417040358
3842,1,0,0.09750492449113592
3843,3,0,0.10848338260324286
3844,5,0,0.10624706434945984
3845,3,0,0.1743920972644377
3846,4,0,0.10846181427034779
3847,4,0,0.10846181427034779
3848,5,0,0.10624706434945984
3849,2,0,0.1051693404634581
3850,2,0,0.3931203931203931
3851,3,0,0.1743920972644377
3852,2,0,0.3931203931203931
3853,5,0,0.6489626556016598
3854,4,0,0.17377182298010557
3855,4,0,0.2782089552238806
3856,2,0,0.1051693404634581
3857,2,0,0.1051693404634581
3858,5,0,0.10624706434945984
3859,2,0,0.1051693404634581
3860,1,0,0.09750492449113592
3861,2,0,0.1051693404634581
3862,3,0,0.3774703557312253
3863,1,0,0.09750492449113592
3864,1,0,0.09750492449113592
3865,5,1,0.2745320476460579
3866,2,0,0.1051693404634581
3867,5,0,0.2745320476460579
3868,2,0,0.1051693404634581
3869,1,0,0.09750492449113592
3870,4,1,0.10846181427034779
3871,2,1,0.17620376831821355
3872,4,1,0.7197309417040358
3873,5,0,0.10624706434945984
3874,5,0,0.17265193370165746
3875,4,0,0.10846181427034779
3876,1,1,0.7188195991091314
3877,1,0,0.2579210672595887
3878,2,0,0.3931203931203931
3879,4,1,0.10846181427034779
3880,4,0,0.10846181427034779
3881,4,1,0.7197309417040358
3882,4,1,0.10846181427034779
3883,3,1,0.10848338260324286
3884,2,0,0.17620376831821355
3885,2,0,0.1051693404634581
3886,1,0,0.1750291715285881
3887,2,0,0.17620376831821355
3888,1,0,0.2579210672595887
3889,2,0,0.1051693404634581
3890,4,0,0.17377182298010557
3891,3,1,0.10848338260324286
3892,4,0,0.36443148688046645
3893,2,0,0.1051693404634581
3894,1,1,0.09750492449113592
3895,4,0,0.10846181427034779
3896,2,0,0.1051693404634581
3897,4,0,0.10846181427034779
3898,4,1,0.36443148688046645
3899,3,0,0.10848338260324286
3900,1,0,0.1750291715285881
3901,5,0,0.10624706434945984
3902,4,1,0.7197309417040358
3903,3,0,0.10848338260324286
3904,2,0,0.1051693404634581
3905,4,0,0.10846181427034779
3906,4,0,0.10846181427034779
3907,2,0,0.1051693404634581
3908,4,0,0.17377182298010557
3909,2,0,0.17620376831821355
3910,5,1,0.2850467289719626
3911,2,0,0.1051693404634581
3912,3,1,0.1743920972644377
3913,1,0,0.1750291715285881
3914,4,0,0.10846181427034779
3915,4,1,0.36443148688046645
3916,3,0,0.3774703557312253
3917,3,0,0.3774703557312253
3918,3,0,0.10848338260324286
3919,5,1,0.2850467289719626
3920,2,0,0.1051693404634581
3921,1,0,0.09750492449113592
3922,4,0,0.36443148688046645
3923,1,0,0.09750492449113592
3924,2,0,0.1051693404634581
3925,4,1,0.7197309417040358
3926,4,1,0.10846181427034779
3927,1,0,0.09750492449113592
3928,4,1,0.7197309417040358
3929,4,1,0.10846181427034779
3930,1,1,0.1750291715285881
3931,2,0,0.17620376831821355
3932,5,0,0.17265193370165746
3933,5,0,0.2745320476460579
3934,3,0,0.10848338260324286
3935,5,0,0.10624706434945984
3936,3,0,0.10848338260324286
3937,3,0,0.1743920972644377
3938,2,1,0.1051693404634581
3939,4,0,0.10846181427034779
3940,4,0,0.2782089552238806
3941,5,1,0.7639751552795031
3942,3,1,0.1743920972644377
3943,1,0,0.1750291715285881
3944,2,1,0.1051693404634581
3945,2,1,0.6916956737941323
3946,5,0,0.10624706434945984
3947,4,0,0.10846181427034779
3948,3,0,0.27732558139534885
3949,4,0,0.10846181427034779
3950,4,0,0.7197309417040358
3951,4,1,0.10846181427034779
3952,1,0,0.09750492449113592
3953,1,0,0.2624521072796935
3954,1,0,0.09750492449113592
3955,2,1,0.6916956737941323
3956,4,1,0.2782089552238806
3957,4,0,0.7197309417040358
3958,1,0,0.09750492449113592
3959,4,0,0.2782089552238806
3960,2,0,0.1051693404634581
3961,1,1,0.7188195991091314
3962,4,1,0.36443148688046645
3963,4,0,0.5256124721603563
3964,4,1,0.7197309417040358
3965,1,0,0.09750492449113592
3966,1,0,0.2624521072796935
3967,3,0,0.10848338260324286
3968,3,0,0.1743920972644377
3969,5,0,0.10624706434945984
3970,2,0,0.6916956737941323
3971,3,0,0.1743920972644377
3972,5,0,0.10624706434945984
3973,2,0,0.1051693404634581
3974,3,0,0.10848338260324286
3975,1,0,0.09750492449113592
3976,2,1,0.17620376831821355
3977,4,1,0.10846181427034779
3978,4,0,0.5256124721603563
3979,4,0,0.10846181427034779
3980,2,1,0.1051693404634581
3981,5,1,0.10624706434945984
3982,3,0,0.10848338260324286
3983,2,0,0.3931203931203931
3984,1,0,0.1750291715285881
3985,5,1,0.7639751552795031
3986,5,0,0.10624706434945984
3987,5,0,0.17265193370165746
3988,3,0,0.10848338260324286
3989,1,0,0.09750492449113592
3990,4,0,0.10846181427034779
3991,5,0,0.10624706434945984
3992,5,0,0.10624706434945984
3993,5,0,0.2745320476460579
3994,3,0,0.10848338260324286
3995,2,0,0.1051693404634581
3996,1,0,0.09750492449113592
3997,3,0,0.10848338260324286
3998,1,0,0.1750291715285881
3999,3,1,0.27732558139534885
4000,3,0,0.10848338260324286
4001,5,1,0.22580645161290322
4002,4,0,0.10846181427034779
4003,1,0,0.09750492449113592
4004,4,0,0.10846181427034779
4005,4,1,0.7197309417040358
4006,5,0,0.6489626556016598
4007,4,0,0.10846181427034779
4008,3,1,0.10848338260324286
4009,5,1,0.6489626556016598
4010,5,0,0.10624706434945984
4011,2,0,0.1051693404634581
4012,1,0,0.09750492449113592
4013,2,0,0.17620376831821355
4014,2,0,0.17620376831821355
4015,4,0,0.10846181427034779
4016,5,0,0.10624706434945984
4017,3,1,0.10848338260324286
4018,2,1,0.27938671209540034
4019,2,0,0.17620376831821355
4020,3,1,0.7204419889502762
4021,1,0,0.09750492449113592
4022,2,0,0.1051693404634581
4023,5,1,0.2745320476460579
4024,1,0,0.4164420485175202
4025,3,0,0.1743920972644377
4026,3,0,0.538961038961039
4027,3,0,0.10848338260324286
4028,3,0,0.1743920972644377
4029,5,1,0.7639751552795031
4030,4,0,0.10846181427034779
4031,3,0,0.1743920972644377
4032,2,0,0.1051693404634581
4033,5,0,0.10624706434945984
4034,4,0,0.10846181427034779
4035,2,0,0.1051693404634581
4036,5,0,0.17265193370165746
4037,3,1,0.7204419889502762
4038,1,0,0.09750492449113592
4039,2,0,0.1051693404634581
4040,4,0,0.10846181427034779
4041,1,0,0.1750291715285881
4042,3,0,0.10848338260324286
4043,1,1,0.4164420485175202
4044,2,1,0.3167420814479638
4045,1,0,0.09750492449113592
4046,4,0,0.17377182298010557
4047,1,1,0.7188195991091314
4048,5,1,0.22580645161290322
4049,2,0,0.1051693404634581
4050,2,0,0.1051693404634581
4051,5,0,0.10624706434945984
4052,4,0,0.10846181427034779
4053,2,0,0.1051693404634581
4054,3,0,0.10848338260324286
4055,5,0,0.10624706434945984
4056,3,0,0.1743920972644377
4057,5,0,0.10624706434945984
4058,3,0,0.1743920972644377
4059,5,0,0.6489626556016598
4060,5,0,0.10624706434945984
4061,2,0,0.1051693404634581
4062,2,0,0.1051693404634581
4063,3,0,0.10848338260324286
4064,2,0,0.1051693404634581
4065,2,0,0.27938671209540034
4066,3,1,0.7204419889502762
4067,5,0,0.10624706434945984
4068,1,0,0.09750492449113592
4069,3,0,0.7204419889502762
4070,1,0,0.09750492449113592
4071,3,1,0.10848338260324286
4072,4,1,0.36443148688046645
4073,2,0,0.1051693404634581
4074,1,0,0.1750291715285881
4075,1,0,0.09750492449113592
4076,3,0,0.10848338260324286
4077,1,1,0.1750291715285881
4078,5,0,0.10624706434945984
4079,2,1,0.6916956737941323
4080,3,0,0.10848338260324286
4081,5,0,0.17265193370165746
4082,4,0,0.10846181427034779
4083,2,0,0.1051693404634581
4084,1,0,0.1750291715285881
4085,3,1,0.7204419889502762
4086,5,0,0.10624706434945984
4087,3,0,0.10848338260324286
4088,4,1,0.7197309417040358
4089,5,0,0.10624706434945984
4090,5,0,0.2745320476460579
4091,2,1,0.6916956737941323
4092,4,0,0.10846181427034779
4093,1,1,0.09750492449113592
4094,1,0,0.1750291715285881
4095,4,0,0.10846181427034779
4096,2,0,0.1051693404634581
4097,5,0,0.10624706434945984
4098,4,1,0.2782089552238806
4099,4,1,0.7197309417040358
4100,5,0,0.2745320476460579
4101,4,0,0.10846181427034779
4102,1,0,0.2579210672595887
4103,4,0,0.7197309417040358
4104,1,0,0.1750291715285881
4105,2,0,0.1051693404634581
4106,2,0,0.1051693404634581
4107,4,0,0.10846181427034779
4108,4,0,0.10846181427034779
4109,3,0,0.27732558139534885
4110,5,0,0.17265193370165746
4111,4,0,0.10846181427034779
4112,1,0,0.2579210672595887
4113,5,1,0.10624706434945984
4114,3,0,0.10848338260324286
4115,1,0,0.4164420485175202
4116,1,1,0.09750492449113592
4117,3,0,0.7204419889502762
4118,2,0,0.1051693404634581
4119,1,0,0.09750492449113592
4120,1,0,0.1750291715285881
4121,1,1,0.2579210672595887
4122,5,0,0.10624706434945984
4123,5,0,0.10624706434945984
4124,3,0,0.10848338260324286
4125,2,0,0.17620376831821355
4126,1,0,0.1750291715285881
4127,3,0,0.3774703557312253
4128,2,0,0.3167420814479638
4129,5,0,0.5300668151447662
4130,3,0,0.10848338260324286
4131,3,0,0.10848338260324286
4132,1,0,0.09750492449113592
4133,3,0,0.10848338260324286
4134,2,1,0.1051693404634581
4135,4,0,0.10846181427034779
4136,4,0,0.7197309417040358
4137,2,0,0.1051693404634581
4138,4,0,0.2782089552238806
4139,2,0,0.1051693404634581
4140,4,0,0.10846181427034779
4141,1,0,0.1750291715285881
4142,5,0,0.10624706434945984
4143,5,1,0.10624706434945984
4144,4,0,0.10846181427034779
4145,4,0,0.36443148688046645
4146,4,0,0.10846181427034779
4147,1,0,0.09750492449113592
4148,2,0,0.3931203931203931
4149,5,0,0.10624706434945984
4150,3,1,0.1743920972644377
4151,4,0,0.10846181427034779
4152,2,0,0.1051693404634581
4153,2,0,0.1051693404634581
4154,1,0,0.1750291715285881
4155,1,0,0.4164420485175202
4156,1,1,0.2579210672595887
4157,2,0,0.1051693404634581
4158,2,0,0.1051693404634581
4159,2,0,0.1051693404634581
4160,3,0,0.27732558139534885
4161,4,0,0.10846181427034779
4162,1,0,0.2579210672595887
4163,4,0,0.36443148688046645
4164,4,0,0.10846181427034779
4165,4,1,0.7197309417040358
4166,1,1,0.09750492449113592
4167,4,0,0.10846181427034779
4168,3,0,0.10848338260324286
4169,3,0,0.1743920972644377
4170,4,1,0.17377182298010557
4171,5,0,0.6489626556016598
4172,1,0,0.4164420485175202
4173,5,0,0.10624706434945984
4174,3,1,0.10848338260324286
4175,3,0,0.10848338260324286
4176,5,0,0.10624706434945984
4177,5,0,0.17265193370165746
4178,1,0,0.09750492449113592
4179,4,0,0.10846181427034779
4180,4,0,0.10846181427034779
4181,5,0,0.10624706434945984
4182,3,0,0.10848338260324286
4183,4,0,0.10846181427034779
4184,4,0,0.17377182298010557
4185,1,0,0.1750291715285881
4186,4,1,0.2782089552238806
4187,2,1,0.2131979695431472
4188,4,1,0.5256124721603563
4189,1,0,0.09750492449113592
4190,2,0,0.1051693404634581
4191,5,0,0.10624706434945984
4192,5,0,0.10624706434945984
4193,5,0,0.10624706434945984
4194,1,0,0.09750492449113592
4195,2,0,0.1051693404634581
4196,1,0,0.09750492449113592
4197,1,0,0.09750492449113592
4198,4,0,0.10846181427034779
4199,1,0,0.4164420485175202
4200,4,0,0.10846181427034779
4201,5,1,0.7639751552795031
4202,1,0,0.2579210672595887
4203,3,0,0.10848338260324286
4204,3,0,0.538961038961039
4205,5,0,0.10624706434945984
4206,4,0,0.53
4207,5,0,0.17265193370165746
4208,3,0,0.1743920972644377
4209,1,0,0.4164420485175202
4210,2,0,0.1051693404634581
4211,2,1,0.1051693404634581
4212,1,0,0.09750492449113592
4213,2,1,0.5244444444444445
4214,4,0,0.10846181427034779
4215,3,0,0.10848338260324286
4216,5,0,0.10624706434945984
4217,3,0,0.10848338260324286
4218,4,1,0.10846181427034779
4219,1,0,0.2624521072796935
4220,2,0,0.1051693404634581
4221,3,0,0.1743920972644377
4222,2,0,0.1051693404634581
4223,2,0,0.3931203931203931
4224,2,1,0.1051693404634581
4225,4,0,0.10846181427034779
4226,5,1,0.4191852825229961
4227,1,0,0.09750492449113592
4228,3,0,0.1743920972644377
4229,2,0,0.1051693404634581
4230,3,0,0.3774703557312253
4231,2,0,0.1051693404634581
4232,2,1,0.17620376831821355
4233,2,0,0.1051693404634581
4234,2,0,0.27938671209540034
4235,2,0,0.17620376831821355
4236,5,0,0.17265193370165746
4237,2,0,0.27938671209540034
4238,2,0,0.1051693404634581
4239,5,0,0.5300668151447662
4240,1,0,0.09750492449113592
4241,3,0,0.7204419889502762
4242,4,1,0.7197309417040358
4243,3,0,0.10848338260324286
4244,4,0,0.17377182298010557
4245,5,0,0.17265193370165746
4246,1,0,0.09750492449113592
4247,4,1,0.5256124721603563
4248,2,0,0.1051693404634581
4249,2,1,0.27938671209540034
4250,4,0,0.10846181427034779
4251,2,1,0.6916956737941323
4252,5,1,0.7639751552795031
4253,2,0,0.1051693404634581
4254,4,0,0.17377182298010557
4255,4,0,0.2782089552238806
4256,2,0,0.27938671209540034
4257,3,0,0.10848338260324286
4258,5,0,0.2745320476460579
4259,5,0,0.10624706434945984
4260,1,0,0.09750492449113592
4261,4,0,0.10846181427034779
4262,2,1,0.1051693404634581
4263,2,0,0.27938671209540034
4264,2,1,0.6916956737941323
4265,5,0,0.7639751552795031
4266,5,0,0.10624706434945984
4267,2,1,0.3931203931203931
4268,1,0,0.09750492449113592
4269,4,0,0.10846181427034779
4270,3,0,0.10848338260324286
4271,4,0,0.10846181427034779
4272,1,1,0.1750291715285881
4273,1,0,0.09750492449113592
4274,4,0,0.36443148688046645
4275,1,0,0.1750291715285881
4276,5,0,0.17265193370165746
4277,3,0,0.27732558139534885
4278,3,1,0.10848338260324286
4279,1,0,0.09750492449113592
4280,4,0,0.10846181427034779
4281,4,1,0.7197309417040358
4282,5,0,0.2745320476460579
4283,1,0,0.7188195991091314
4284,4,1,0.36443148688046645
4285,3,0,0.10848338260324286
4286,3,0,0.10848338260324286
4287,2,1,0.1051693404634581
4288,5,1,0.10624706434945984
4289,1,0,0.1750291715285881
4290,2,0,0.1051693404634581
4291,5,0,0.10624706434945984
4292,5,0,0.10624706434945984
4293,4,1,0.17377182298010557
4294,4,0,0.10846181427034779
4295,4,0,0.2782089552238806
4296,5,1,0.17265193370165746
4297,3,1,0.1743920972644377
4298,4,0,0.10846181427034779
4299,4,0,0.10846181427034779
4300,3,0,0.10848338260324286
4301,5,0,0.10624706434945984
4302,1,0,0.1750291715285881
4303,5,0,0.6489626556016598
4304,5,0,0.6489626556016598
4305,5,0,0.17265193370165746
4306,3,0,0.10848338260324286
4307,5,0,0.2745320476460579
4308,2,0,0.17620376831821355
4309,1,1,0.1750291715285881
4310,2,0,0.5244444444444445
4311,3,0,0.10848338260324286
4312,2,0,0.1051693404634581
4313,3,0,0.10848338260324286
4314,2,1,0.17620376831821355
4315,1,0,0.1750291715285881
4316,2,1,0.6916956737941323
4317,1,1,0.2579210672595887
4318,1,0,0.09750492449113592
4319,1,0,0.09750492449113592
4320,3,0,0.538961038961039
4321,5,0,0.10624706434945984
4322,5,0,0.10624706434945984
4323,3,1,0.3774703557312253
4324,4,0,0.10846181427034779
4325,2,0,0.1051693404634581
4326,1,0,0.1750291715285881
4327,3,0,0.1743920972644377
4328,5,0,0.10624706434945984
4329,2,0,0.3931203931203931
4330,1,0,0.1750291715285881
4331,5,1,0.7639751552795031
4332,5,0,0.10624706434945984
4333,5,0,0.10624706434945984
4334,2,1,0.6916956737941323
4335,4,1,0.7197309417040358
4336,5,0,0.17265193370165746
4337,4,1,0.10846181427034779
4338,3,0,0.10848338260324286
4339,1,0,0.09750492449113592
4340,5,1,0.7639751552795031
4341,3,0,0.10848338260324286
4342,1,0,0.09750492449113592
4343,3,0,0.10848338260324286
4344,1,0,0.1750291715285881
4345,2,0,0.1051693404634581
4346,3,0,0.10848338260324286
4347,2,0,0.17620376831821355
4348,4,0,0.10846181427034779
4349,2,0,0.27938671209540034
4350,5,0,0.17265193370165746
4351,4,1,0.17377182298010557
4352,1,0,0.2664359861591695
4353,2,0,0.1051693404634581
4354,5,0,0.10624706434945984
4355,4,0,0.7197309417040358
4356,4,1,0.7197309417040358
4357,4,0,0.2782089552238806
4358,4,0,0.10846181427034779
4359,3,0,0.10848338260324286
4360,1,0,0.09750492449113592
4361,3,1,0.1743920972644377
4362,4,0,0.10846181427034779
4363,4,0,0.10846181427034779
4364,3,0,0.10848338260324286
4365,1,0,0.09750492449113592
4366,4,0,0.10846181427034779
4367,1,0,0.09750492449113592
4368,3,0,0.10848338260324286
4369,1,1,0.09750492449113592
4370,5,0,0.4191852825229961
4371,5,1,0.2745320476460579
4372,3,0,0.27732558139534885
4373,3,0,0.10848338260324286
4374,4,0,0.2782089552238806
4375,3,0,0.10848338260324286
4376,3,0,0.10848338260324286
4377,4,0,0.5256124721603563
4378,5,0,0.10624706434945984
4379,3,0,0.10848338260324286
4380,5,0,0.10624706434945984
4381,2,1,0.27938671209540034
4382,5,1,0.10624706434945984
4383,5,0,0.10624706434945984
4384,4,0,0.10846181427034779
4385,5,1,0.7639751552795031
4386,3,0,0.10848338260324286
4387,2,0,0.17620376831821355
4388,4,0,0.10846181427034779
4389,3,0,0.10848338260324286
4390,5,0,0.10624706434945984
4391,1,0,0.2579210672595887
4392,4,0,0.10846181427034779
4393,1,0,0.2579210672595887
4394,2,0,0.1051693404634581
4395,4,0,0.10846181427034779
4396,2,0,0.27938671209540034
4397,5,0,0.17265193370165746
4398,5,0,0.10624706434945984
4399,1,1,0.09750492449113592
4400,2,0,0.1051693404634581
4401,2,0,0.17620376831821355
4402,3,1,0.7204419889502762
4403,3,0,0.10848338260324286
4404,4,1,0.7197309417040358
4405,5,1,0.7639751552795031
4406,1,1,0.1750291715285881
4407,2,0,0.1051693404634581
4408,5,0,0.10624706434945984
4409,1,0,0.1750291715285881
4410,3,0,0.1743920972644377
4411,2,0,0.17620376831821355
4412,2,0,0.6916956737941323
4413,5,0,0.10624706434945984
4414,5,0,0.10624706434945984
4415,2,0,0.17620376831821355
4416,5,0,0.17265193370165746
4417,4,0,0.7197309417040358
4418,5,0,0.10624706434945984
4419,4,0,0.10846181427034779
4420,3,0,0.10848338260324286
4421,1,0,0.1750291715285881
4422,4,1,0.7197309417040358
4423,3,1,0.7204419889502762
4424,4,1,0.7197309417040358
4425,4,0,0.17377182298010557
4426,1,1,0.7188195991091314
4427,4,0,0.10846181427034779
4428,2,0,0.1051693404634581
4429,5,0,0.2745320476460579
4430,5,1,0.6489626556016598
4431,3,0,0.10848338260324286
4432,4,0,0.10846181427034779
4433,1,0,0.1750291715285881
4434,2,0,0.17620376831821355
4435,4,1,0.7197309417040358
4436,1,0,0.09750492449113592
4437,5,1,0.10624706434945984
4438,2,0,0.1051693404634581
4439,3,0,0.10848338260324286
4440,1,0,0.2579210672595887
4441,3,0,0.1743920972644377
4442,4,0,0.5256124721603563
4443,2,1,0.6916956737941323
4444,3,0,0.3774703557312253
4445,3,1,0.7204419889502762
4446,5,0,0.10624706434945984
4447,3,0,0.3774703557312253
4448,1,0,0.1750291715285881
4449,1,0,0.09750492449113592
4450,2,0,0.1051693404634581
4451,1,0,0.09750492449113592
4452,5,0,0.10624706434945984
4453,2,0,0.1051693404634581
4454,4,0,0.5256124721603563
4455,4,1,0.5256124721603563
4456,1,0,0.1750291715285881
4457,4,1,0.36443148688046645
4458,4,0,0.10846181427034779
4459,3,0,0.10848338260324286
4460,1,0,0.09750492449113592
4461,1,0,0.2579210672595887
4462,1,1,0.2579210672595887
4463,2,0,0.1051693404634581
4464,5,0,0.10624706434945984
4465,2,0,0.1051693404634581
4466,1,0,0.09750492449113592
4467,3,0,0.10848338260324286
4468,2,1,0.1051693404634581
4469,5,0,0.10624706434945984
4470,5,0,0.17265193370165746
4471,3,0,0.1743920972644377
4472,2,1,0.17620376831821355
4473,4,0,0.10846181427034779
4474,1,0,0.2579210672595887
4475,5,0,0.10624706434945984
4476,2,0,0.17620376831821355
4477,1,0,0.7188195991091314
4478,2,0,0.1051693404634581
4479,1,0,0.09750492449113592
4480,5,0,0.10624706434945984
4481,3,0,0.538961038961039
4482,4,0,0.10846181427034779
4483,4,0,0.10846181427034779
4484,4,0,0.2782089552238806
4485,4,0,0.10846181427034779
4486,5,0,0.6489626556016598
4487,3,1,0.27732558139534885
4488,2,0,0.1051693404634581
4489,3,0,0.7204419889502762
4490,2,0,0.1051693404634581
4491,1,0,0.09750492449113592
4492,2,0,0.1051693404634581
4493,2,1,0.6916956737941323
4494,1,0,0.1750291715285881
4495,5,0,0.10624706434945984
4496,2,0,0.17620376831821355
4497,3,0,0.10848338260324286
4498,2,0,0.27938671209540034
4499,5,0,0.10624706434945984
4500,3,0,0.10848338260324286
4501,2,0,0.1051693404634581
4502,3,0,0.10848338260324286
4503,2,0,0.1051693404634581
4504,4,0,0.36443148688046645
4505,5,0,0.10624706434945984
4506,1,0,0.09750492449113592
4507,5,0,0.2745320476460579
4508,2,0,0.1051693404634581
4509,4,1,0.10846181427034779
4510,3,0,0.10848338260324286
4511,5,0,0.10624706434945984
4512,4,0,0.10846181427034779
4513,4,0,0.10846181427034779
4514,4,0,0.53
4515,1,1,0.4164420485175202
4516,4,0,0.10846181427034779
4517,4,0,0.10846181427034779
4518,4,1,0.7197309417040358
4519,4,0,0.10846181427034779
4520,2,0,0.1051693404634581
4521,3,0,0.7204419889502762
4522,1,0,0.09750492449113592
4523,3,0,0.10848338260324286
4524,1,0,0.09750492449113592
4525,3,0,0.10848338260324286
4526,1,0,0.2579210672595887
4527,1,0,0.09750492449113592
4528,4,1,0.7197309417040358
4529,5,0,0.10624706434945984
4530,5,1,0.2745320476460579
4531,5,0,0.17265193370165746
4532,3,0,0.1743920972644377
4533,2,0,0.17620376831821355
4534,3,0,0.10848338260324286
4535,1,0,0.7188195991091314
4536,3,0,0.7204419889502762
4537,5,0,0.10624706434945984
4538,1,0,0.2579210672595887
4539,1,0,0.09750492449113592
4540,1,0,0.2579210672595887
4541,2,1,0.3167420814479638
4542,1,0,0.1750291715285881
4543,1,0,0.09750492449113592
4544,5,0,0.17265193370165746
4545,1,0,0.5276497695852534
4546,1,1,0.5128205128205128
4547,3,1,0.7204419889502762
4548,5,0,0.10624706434945984
4549,3,0,0.10848338260324286
4550,5,0,0.17265193370165746
4551,2,0,0.1051693404634581
4552,1,0,0.09750492449113592
4553,1,0,0.09750492449113592
4554,2,0,0.1051693404634581
4555,3,0,0.10848338260324286
4556,2,1,0.3167420814479638
4557,5,1,0.17265193370165746
4558,5,0,0.4191852825229961
4559,3,0,0.10848338260324286
4560,5,1,0.6489626556016598
4561,4,0,0.17377182298010557
4562,1,0,0.09750492449113592
4563,5,0,0.10624706434945984
4564,3,0,0.7204419889502762
4565,5,0,0.10624706434945984
4566,1,0,0.09750492449113592
4567,3,0,0.10848338260324286
4568,5,1,0.10624706434945984
4569,4,0,0.10846181427034779
4570,4,0,0.2782089552238806
4571,4,0,0.36443148688046645
4572,2,0,0.1051693404634581
4573,5,0,0.10624706434945984
4574,2,0,0.1051693404634581
4575,4,0,0.10846181427034779
4576,1,0,0.09750492449113592
4577,1,1,0.1750291715285881
4578,5,0,0.10624706434945984
4579,2,0,0.17620376831821355
4580,3,0,0.10848338260324286
4581,5,0,0.17265193370165746
4582,5,0,0.7639751552795031
4583,1,0,0.09750492449113592
4584,4,1,0.5256124721603563
4585,1,1,0.09750492449113592
4586,1,0,0.09750492449113592
4587,4,0,0.10846181427034779
4588,4,0,0.53
4589,1,0,0.09750492449113592
4590,1,0,0.09750492449113592
4591,3,0,0.1743920972644377
4592,5,1,0.5300668151447662
4593,2,1,0.5244444444444445
4594,2,0,0.17620376831821355
4595,2,0,0.1051693404634581
4596,2,1,0.1051693404634581
4597,5,0,0.2745320476460579
4598,1,0,0.09750492449113592
4599,3,0,0.10848338260324286
4600,5,0,0.2745320476460579
4601,1,1,0.5128205128205128
4602,5,0,0.10624706434945984
4603,1,0,0.4164420485175202
4604,4,0,0.10846181427034779
4605,5,0,0.10624706434945984
4606,5,0,0.17265193370165746
4607,5,1,0.6489626556016598
4608,2,0,0.1051693404634581
4609,1,1,0.7188195991091314
4610,1,0,0.09750492449113592
4611,5,0,0.10624706434945984
4612,4,1,0.7197309417040358
4613,2,0,0.3167420814479638
4614,4,0,0.10846181427034779
4615,5,0,0.17265193370165746
4616,2,0,0.5244444444444445
4617,4,0,0.31981981981981983
4618,4,0,0.10846181427034779
4619,4,0,0.36443148688046645
4620,4,0,0.10846181427034779
4621,2,0,0.1051693404634581
4622,2,0,0.17620376831821355
4623,4,0,0.36443148688046645
4624,2,0,0.17620376831821355
4625,1,1,0.7188195991091314
4626,5,0,0.2745320476460579
4627,4,0,0.10846181427034779
4628,1,1,0.09750492449113592
4629,3,0,0.10848338260324286
4630,5,1,0.7639751552795031
4631,1,0,0.09750492449113592
4632,4,1,0.17377182298010557
4633,2,0,0.17620376831821355
4634,5,0,0.10624706434945984
4635,4,0,0.2782089552238806
4636,3,0,0.10848338260324286
4637,3,0,0.3774703557312253
4638,1,0,0.09750492449113592
4639,5,0,0.10624706434945984
4640,2,0,0.1051693404634581
4641,1,0,0.1750291715285881
4642,2,0,0.1051693404634581
4643,4,0,0.10846181427034779
4644,2,0,0.1051693404634581
4645,4,0,0.10846181427034779
4646,4,0,0.10846181427034779
4647,4,0,0.10846181427034779
4648,2,0,0.17620376831821355
4649,4,1,0.2782089552238806
4650,1,0,0.09750492449113592
4651,2,0,0.1051693404634581
4652,1,0,0.09750492449113592
4653,4,0,0.10846181427034779
4654,2,0,0.1051693404634581
4655,5,1,0.6489626556016598
4656,4,0,0.7197309417040358
4657,4,1,0.7197309417040358
4658,3,0,0.10848338260324286
4659,1,0,0.1750291715285881
4660,2,0,0.27938671209540034
4661,5,1,0.6489626556016598
4662,4,0,0.10846181427034779
4663,5,0,0.10624706434945984
4664,3,0,0.10848338260324286
4665,3,1,0.7204419889502762
4666,4,0,0.17377182298010557
4667,2,0,0.1051693404634581
4668,5,0,0.10624706434945984
4669,5,0,0.17265193370165746
4670,2,0,0.27938671209540034
4671,1,1,0.09750492449113592
4672,3,0,0.10848338260324286
4673,1,0,0.2579210672595887
4674,5,0,0.10624706434945984
4675,3,0,0.10848338260324286
4676,3,0,0.3774703557312253
4677,2,0,0.1051693404634581
4678,5,0,0.17265193370165746
4679,1,0,0.09750492449113592
4680,5,0,0.10624706434945984
4681,5,1,0.2745320476460579
4682,5,0,0.10624706434945984
4683,2,0,0.1051693404634581
4684,5,0,0.10624706434945984
4685,2,0,0.1051693404634581
4686,5,0,0.2850467289719626
4687,2,0,0.27938671209540034
4688,2,0,0.27938671209540034
4689,1,1,0.5276497695852534
4690,2,0,0.17620376831821355
4691,2,1,0.1051693404634581
4692,1,0,0.1750291715285881
4693,3,0,0.10848338260324286
4694,5,0,0.10624706434945984
4695,5,0,0.10624706434945984
4696,5,1,0.10624706434945984
4697,3,0,0.10848338260324286
4698,4,0,0.2782089552238806
4699,5,1,0.5300668151447662
4700,5,0,0.2745320476460579
4701,1,0,0.09750492449113592
4702,4,0,0.10846181427034779
4703,1,0,0.09750492449113592
4704,4,0,0.10846181427034779
4705,5,1,0.10624706434945984
4706,4,0,0.10846181427034779
4707,3,0,0.4647058823529412
4708,1,0,0.7188195991091314
4709,4,0,0.10846181427034779
4710,4,0,0.17377182298010557
4711,3,0,0.10848338260324286
4712,4,0,0.10846181427034779
4713,2,0,0.1051693404634581
4714,3,0,0.3774703557312253
4715,2,0,0.1051693404634581
4716,2,0,0.27938671209540034
4717,1,1,0.7188195991091314
4718,5,0,0.10624706434945984
4719,3,0,0.10848338260324286
4720,1,0,0.09750492449113592
4721,3,1,0.3774703557312253
4722,1,0,0.09750492449113592
4723,1,0,0.1750291715285881
4724,2,1,0.1051693404634581
4725,1,0,0.7188195991091314
4726,5,0,0.10624706434945984
4727,3,0,0.1743920972644377
4728,2,0,0.17620376831821355
4729,4,0,0.10846181427034779
4730,2,1,0.5244444444444445
4731,2,0,0.1051693404634581
4732,2,1,0.27938671209540034
4733,2,1,0.1051693404634581
4734,4,1,0.5256124721603563
4735,3,1,0.10848338260324286
4736,5,1,0.6489626556016598
4737,2,0,0.1051693404634581
4738,3,0,0.10848338260324286
4739,3,0,0.27732558139534885
4740,3,0,0.10848338260324286
4741,4,1,0.7197309417040358
4742,4,0,0.10846181427034779
4743,5,0,0.17265193370165746
4744,1,0,0.1750291715285881
4745,5,0,0.10624706434945984
4746,3,0,0.10848338260324286
4747,5,0,0.10624706434945984
4748,3,1,0.1743920972644377
4749,1,0,0.09750492449113592
4750,3,0,0.10848338260324286
4751,1,1,0.1750291715285881
4752,4,0,0.10846181427034779
4753,3,0,0.10848338260324286
4754,1,0,0.09750492449113592
4755,3,0,0.10848338260324286
4756,4,0,0.10846181427034779
4757,4,0,0.10846181427034779
4758,4,0,0.17377182298010557
4759,4,0,0.10846181427034779
4760,2,1,0.6916956737941323
4761,3,1,0.27732558139534885
4762,3,0,0.1743920972644377
4763,3,0,0.3774703557312253
4764,4,0,0.17377182298010557
4765,3,0,0.10848338260324286
4766,4,0,0.31981981981981983
4767,2,0,0.17620376831821355
4768,1,0,0.09750492449113592
4769,3,0,0.10848338260324286
4770,2,1,0.6916956737941323
4771,2,0,0.1051693404634581
4772,3,0,0.3774703557312253
4773,5,0,0.10624706434945984
4774,4,0,0.10846181427034779
4775,1,0,0.09750492449113592
4776,3,0,0.10848338260324286
4777,3,0,0.10848338260324286
4778,3,0,0.10848338260324286
4779,4,0,0.10846181427034779
4780,3,0,0.10848338260324286
4781,4,0,0.2782089552238806
4782,5,0,0.10624706434945984
4783,3,0,0.10848338260324286
4784,4,0,0.10846181427034779
4785,4,0,0.10846181427034779
4786,1,0,0.09750492449113592
4787,3,0,0.10848338260324286
4788,2,0,0.1051693404634581
4789,1,0,0.5276497695852534
4790,1,0,0.09750492449113592
4791,3,0,0.10848338260324286
4792,3,0,0.10848338260324286
4793,3,0,0.10848338260324286
4794,5,0,0.7639751552795031
4795,2,0,0.1051693404634581
4796,1,1,0.09750492449113592
4797,1,0,0.1750291715285881
4798,5,1,0.6489626556016598
4799,1,0,0.09750492449113592
4800,3,0,0.10848338260324286
4801,2,0,0.1051693404634581
4802,5,0,0.4191852825229961
4803,5,1,0.10624706434945984
4804,4,0,0.10846181427034779
4805,1,0,0.09750492449113592
4806,5,0,0.10624706434945984
4807,5,0,0.17265193370165746
4808,5,0,0.2850467289719626
4809,3,0,0.10848338260324286
4810,4,0,0.10846181427034779
4811,5,0,0.5300668151447662
4812,4,0,0.10846181427034779
4813,3,1,0.7204419889502762
4814,3,0,0.10848338260324286
4815,1,0,0.09750492449113592
4816,1,0,0.09750492449113592
4817,3,0,0.7204419889502762
4818,1,1,0.5276497695852534
4819,1,1,0.09750492449113592
4820,2,0,0.17620376831821355
4821,3,0,0.10848338260324286
4822,2,0,0.1051693404634581
4823,5,1,0.7639751552795031
4824,4,0,0.10846181427034779
4825,3,0,0.10848338260324286
4826,2,0,0.6916956737941323
4827,2,0,0.1051693404634581
4828,1,1,0.1750291715285881
4829,1,0,0.5276497695852534
4830,1,1,0.1750291715285881
4831,2,0,0.17620376831821355
4832,5,0,0.10624706434945984
4833,5,0,0.10624706434945984
4834,2,1,0.27938671209540034
4835,1,1,0.2579210672595887
4836,2,0,0.1051693404634581
4837,5,0,0.10624706434945984
4838,3,0,0.10848338260324286
4839,1,0,0.09750492449113592
4840,5,0,0.10624706434945984
4841,3,0,0.10848338260324286
4842,5,0,0.17265193370165746
4843,1,0,0.09750492449113592
4844,3,0,0.10848338260324286
4845,5,0,0.4191852825229961
4846,1,0,0.1750291715285881
4847,5,0,0.10624706434945984
4848,5,0,0.10624706434945984
4849,1,0,0.09750492449113592
4850,5,0,0.2745320476460579
4851,1,0,0.1750291715285881
4852,1,0,0.5128205128205128
4853,5,0,0.10624706434945984
4854,5,0,0.10624706434945984
4855,1,0,0.1750291715285881
4856,2,0,0.1051693404634581
4857,5,1,0.17265193370165746
4858,4,0,0.17377182298010557
4859,3,0,0.27732558139534885
4860,1,1,0.09750492449113592
4861,4,0,0.10846181427034779
4862,3,0,0.27732558139534885
4863,2,0,0.3931203931203931
4864,4,0,0.10846181427034779
4865,3,1,0.7204419889502762
4866,1,0,0.1750291715285881
4867,1,0,0.09750492449113592
4868,2,1,0.1051693404634581
4869,4,0,0.10846181427034779
4870,5,1,0.17265193370165746
4871,4,0,0.10846181427034779
4872,4,0,0.10846181427034779
4873,2,0,0.1051693404634581
4874,1,0,0.09750492449113592
4875,4,0,0.10846181427034779
4876,5,1,0.7639751552795031
4877,2,0,0.1051693404634581
4878,5,1,0.10624706434945984
4879,1,0,0.09750492449113592
4880,5,0,0.10624706434945984
4881,5,1,0.5300668151447662
4882,5,0,0.10624706434945984
4883,2,0,0.1051693404634581
4884,5,0,0.17265193370165746
4885,5,1,0.7639751552795031
4886,5,0,0.10624706434945984
4887,1,0,0.09750492449113592
4888,3,0,0.10848338260324286
4889,5,0,0.17265193370165746
4890,3,0,0.1743920972644377
4891,2,0,0.3167420814479638
4892,2,0,0.1051693404634581
4893,3,0,0.10848338260324286
4894,2,0,0.1051693404634581
4895,5,0,0.10624706434945984
4896,4,0,0.31981981981981983
4897,5,0,0.10624706434945984
4898,1,0,0.09750492449113592
4899,3,0,0.1743920972644377
4900,5,0,0.17265193370165746
4901,2,0,0.17620376831821355
4902,4,0,0.10846181427034779
4903,3,0,0.10848338260324286
4904,4,0,0.10846181427034779
4905,2,0,0.1051693404634581
4906,3,0,0.10848338260324286
4907,1,0,0.1750291715285881
4908,1,0,0.09750492449113592
4909,4,0,0.10846181427034779
4910,5,0,0.10624706434945984
4911,1,0,0.09750492449113592
4912,1,0,0.09750492449113592
4913,4,0,0.10846181427034779
4914,5,0,0.10624706434945984
4915,1,1,0.1750291715285881
4916,3,0,0.10848338260324286
4917,1,0,0.09750492449113592
4918,5,0,0.10624706434945984
4919,2,0,0.1051693404634581
4920,5,0,0.4191852825229961
4921,1,0,0.09750492449113592
4922,5,0,0.2850467289719626
4923,1,1,0.4164420485175202
4924,5,0,0.10624706434945984
4925,3,0,0.10848338260324286
4926,1,0,0.7188195991091314
4927,2,0,0.1051693404634581
4928,1,1,0.1750291715285881
4929,5,0,0.4191852825229961
4930,4,0,0.10846181427034779
4931,3,0,0.10848338260324286
4932,2,1,0.3167420814479638
4933,2,1,0.1051693404634581
4934,1,0,0.09750492449113592
4935,3,0,0.10848338260324286
4936,5,1,0.17265193370165746
4937,3,0,0.10848338260324286
4938,5,0,0.6489626556016598
4939,4,1,0.10846181427034779
4940,3,1,0.1743920972644377
4941,5,0,0.10624706434945984
4942,2,0,0.6916956737941323
4943,3,0,0.10848338260324286
4944,1,0,0.1750291715285881
4945,4,0,0.31981981981981983
4946,1,0,0.2664359861591695
4947,5,0,0.10624706434945984
4948,5,1,0.6489626556016598
4949,4,0,0.10846181427034779
4950,4,0,0.10846181427034779
4951,3,0,0.3774703557312253
4952,2,0,0.6916956737941323
4953,5,1,0.6489626556016598
4954,3,0,0.10848338260324286
4955,4,0,0.10846181427034779
4956,4,1,0.7197309417040358
4957,3,0,0.10848338260324286
4958,1,0,0.4164420485175202
4959,2,1,0.6916956737941323
4960,1,0,0.09750492449113592
4961,1,1,0.4164420485175202
4962,2,1,0.3167420814479638
4963,2,0,0.17620376831821355
4964,3,0,0.10848338260324286
4965,5,0,0.17265193370165746
4966,2,0,0.1051693404634581
4967,3,0,0.7204419889502762
4968,5,0,0.10624706434945984
4969,3,0,0.1743920972644377
4970,1,0,0.09750492449113592
4971,2,0,0.1051693404634581
4972,2,0,0.6916956737941323
4973,2,0,0.1051693404634581
4974,2,0,0.27938671209540034
4975,4,1,0.5256124721603563
4976,1,1,0.09750492449113592
4977,2,0,0.27938671209540034
4978,5,0,0.17265193370165746
4979,5,0,0.10624706434945984
4980,5,0,0.10624706434945984
4981,3,0,0.1743920972644377
4982,4,1,0.36443148688046645
4983,1,1,0.1750291715285881
4984,2,0,0.1051693404634581
4985,5,0,0.10624706434945984
4986,1,0,0.09750492449113592
4987,1,0,0.09750492449113592
4988,2,0,0.1051693404634581
4989,5,0,0.10624706434945984
4990,3,0,0.10848338260324286
4991,5,0,0.10624706434945984
4992,3,0,0.10848338260324286
4993,4,0,0.10846181427034779
4994,2,0,0.1051693404634581
4995,2,1,0.6916956737941323
4996,3,0,0.1743920972644377
4997,2,0,0.1051693404634581
4998,5,1,0.6489626556016598
4999,3,0,0.10848338260324286
5000,4,0,0.5256124721603563
5001,1,0,0.09750492449113592
5002,4,0,0.10846181427034779
5003,3,1,0.7204419889502762
5004,2,1,0.1051693404634581
5005,5,0,0.17265193370165746
5006,3,0,0.27732558139534885
5007,4,0,0.10846181427034779
5008,5,0,0.10624706434945984
5009,3,0,0.10848338260324286
5010,1,1,0.09750492449113592
5011,5,0,0.10624706434945984
5012,5,0,0.10624706434945984
5013,3,0,0.10848338260324286
5014,5,0,0.10624706434945984
5015,5,1,0.5300668151447662
5016,3,0,0.3774703557312253
5017,1,1,0.1750291715285881
5018,1,0,0.09750492449113592
5019,1,0,0.09750492449113592
5020,2,0,0.17620376831821355
5021,2,0,0.6916956737941323
5022,4,0,0.17377182298010557
5023,2,0,0.6916956737941323
5024,2,0,0.27938671209540034
5025,5,0,0.10624706434945984
5026,5,0,0.10624706434945984
5027,3,0,0.10848338260324286
5028,4,1,0.7197309417040358
5029,4,0,0.10846181427034779
5030,2,0,0.17620376831821355
5031,3,1,0.7204419889502762
5032,3,1,0.10848338260324286
5033,5,0,0.10624706434945984
5034,3,0,0.10848338260324286
5035,4,0,0.10846181427034779
5036,1,0,0.1750291715285881
5037,5,0,0.10624706434945984
5038,4,0,0.7197309417040358
5039,5,0,0.10624706434945984
5040,2,0,0.17620376831821355
5041,5,1,0.6489626556016598
5042,5,0,0.10624706434945984
5043,2,0,0.1051693404634581
5044,5,0,0.10624706434945984
5045,1,0,0.1750291715285881
5046,3,0,0.10848338260324286
5047,3,0,0.1743920972644377
5048,4,0,0.36443148688046645
5049,2,0,0.1051693404634581
5050,1,0,0.7188195991091314
5051,1,1,0.2579210672595887
5052,5,1,0.17265193370165746
5053,3,0,0.1743920972644377
5054,1,0,0.09750492449113592
5055,2,0,0.1051693404634581
5056,3,0,0.3774703557312253
5057,4,1,0.5256124721603563
5058,1,0,0.09750492449113592
5059,3,0,0.10848338260324286
5060,4,0,0.10846181427034779
5061,5,1,0.10624706434945984
5062,4,0,0.10846181427034779
5063,4,0,0.10846181427034779
5064,5,0,0.10624706434945984
5065,4,0,0.10846181427034779
5066,1,1,0.7188195991091314
5067,2,0,0.1051693404634581
5068,4,0,0.53
5069,5,0,0.5300668151447662
5070,3,1,0.7204419889502762
5071,1,0,0.09750492449113592
5072,3,0,0.1743920972644377
5073,3,0,0.3774703557312253
5074,2,0,0.17620376831821355
5075,4,1,0.17377182298010557
5076,4,0,0.10846181427034779
5077,5,1,0.10624706434945984
5078,4,0,0.10846181427034779
5079,3,1,0.7204419889502762
5080,5,0,0.10624706434945984
5081,2,0,0.5244444444444445
5082,5,0,0.10624706434945984
5083,1,0,0.09750492449113592
5084,4,1,0.5256124721603563
5085,4,1,0.10846181427034779
5086,5,0,0.5300668151447662
5087,3,1,0.3774703557312253
5088,1,0,0.09750492449113592
5089,3,0,0.10848338260324286
5090,3,0,0.27732558139534885
5091,3,1,0.7204419889502762
5092,2,1,0.17620376831821355
5093,4,0,0.10846181427034779
5094,3,1,0.10848338260324286
5095,4,1,0.2782089552238806
5096,4,0,0.10846181427034779
5097,3,1,0.7204419889502762
5098,3,1,0.3774703557312253
5099,3,0,0.538961038961039
5100,4,0,0.36443148688046645
5101,4,0,0.10846181427034779
5102,2,0,0.1051693404634581
5103,3,0,0.1743920972644377
5104,3,0,0.3774703557312253
5105,3,0,0.3774703557312253
5106,5,0,0.4191852825229961
5107,3,1,0.4647058823529412
5108,1,1,0.7188195991091314
5109,4,0,0.10846181427034779
5110,3,0,0.3722943722943723
5111,4,0,0.36443148688046645
5112,4,0,0.7197309417040358
5113,5,0,0.10624706434945984
5114,3,0,0.10848338260324286
5115,1,0,0.4164420485175202
5116,1,0,0.09750492449113592
5117,1,1,0.7188195991091314
5118,2,0,0.1051693404634581
5119,4,0,0.10846181427034779
5120,3,0,0.10848338260324286
5121,2,0,0.1051693404634581
5122,4,0,0.2782089552238806
5123,2,1,0.6916956737941323
5124,5,0,0.17265193370165746
5125,1,1,0.1750291715285881
5126,3,0,0.7204419889502762
5127,3,0,0.10848338260324286
5128,3,0,0.10848338260324286
5129,2,1,0.27938671209540034
5130,1,0,0.1750291715285881
5131,4,0,0.10846181427034779
5132,1,0,0.09750492449113592
5133,3,0,0.10848338260324286
5134,3,0,0.10848338260324286
5135,1,0,0.1750291715285881
5136,5,0,0.17265193370165746
5137,1,0,0.09750492449113592
5138,2,0,0.1051693404634581
5139,3,0,0.10848338260324286
5140,4,0,0.10846181427034779
5141,5,0,0.17265193370165746
5142,5,1,0.17265193370165746
5143,4,0,0.10846181427034779
5144,3,0,0.10848338260324286
5145,5,0,0.10624706434945984
5146,3,1,0.4647058823529412
5147,1,0,0.1750291715285881
5148,3,0,0.3774703557312253
5149,5,0,0.17265193370165746
5150,2,0,0.1051693404634581
5151,3,0,0.10848338260324286
5152,2,0,0.17620376831821355
5153,2,0,0.1051693404634581
5154,2,1,0.17620376831821355
5155,1,0,0.09750492449113592
5156,1,1,0.09750492449113592
5157,5,0,0.10624706434945984
5158,2,1,0.5244444444444445
5159,5,0,0.10624706434945984
5160,1,1,0.09750492449113592
5161,3,1,0.3774703557312253
5162,1,0,0.1750291715285881
5163,3,1,0.10848338260324286
5164,4,0,0.10846181427034779
5165,3,0,0.10848338260324286
5166,2,1,0.6916956737941323
5167,4,0,0.10846181427034779
5168,3,0,0.10848338260324286
5169,5,0,0.17265193370165746
5170,1,0,0.09750492449113592
5171,1,0,0.5276497695852534
5172,4,0,0.2782089552238806
5173,3,0,0.10848338260324286
5174,2,1,0.3931203931203931
5175,4,0,0.17377182298010557
5176,1,1,0.09750492449113592
5177,5,0,0.4191852825229961
5178,2,0,0.1051693404634581
5179,4,0,0.7197309417040358
5180,4,0,0.10846181427034779
5181,4,0,0.10846181427034779
5182,3,1,0.1743920972644377
5183,3,0,0.10848338260324286
5184,3,0,0.3774703557312253
5185,3,0,0.1743920972644377
5186,3,0,0.10848338260324286
5187,5,1,0.2850467289719626
5188,1,0,0.1750291715285881
5189,4,1,0.17377182298010557
5190,2,1,0.17620376831821355
5191,4,1,0.2782089552238806
5192,5,0,0.10624706434945984
5193,1,0,0.09750492449113592
5194,1,0,0.09750492449113592
5195,3,0,0.1743920972644377
5196,4,0,0.10846181427034779
5197,2,0,0.1051693404634581
5198,4,0,0.10846181427034779
5199,5,0,0.2850467289719626
5200,5,1,0.6489626556016598
5201,4,0,0.10846181427034779
5202,3,0,0.10848338260324286
5203,1,0,0.1750291715285881
5204,1,1,0.1750291715285881
5205,1,0,0.09750492449113592
5206,3,0,0.10848338260324286
5207,1,0,0.09750492449113592
5208,1,0,0.1750291715285881
5209,5,0,0.10624706434945984
5210,4,1,0.10846181427034779
5211,4,1,0.2782089552238806
5212,3,0,0.10848338260324286
5213,5,1,0.10624706434945984
5214,4,1,0.7197309417040358
5215,5,0,0.10624706434945984
5216,4,0,0.7197309417040358
5217,3,1,0.7204419889502762
5218,4,0,0.17377182298010557
5219,1,0,0.2579210672595887
5220,2,0,0.17620376831821355
5221,3,0,0.10848338260324286
5222,4,0,0.2782089552238806
5223,5,1,0.17265193370165746
5224,2,0,0.1051693404634581
5225,5,0,0.4191852825229961
5226,5,0,0.17265193370165746
5227,4,0,0.36443148688046645
5228,4,0,0.17377182298010557
5229,2,0,0.17620376831821355
5230,5,1,0.6489626556016598
5231,2,0,0.27938671209540034
5232,1,0,0.1750291715285881
5233,1,0,0.09750492449113592
5234,5,0,0.10624706434945984
5235,1,0,0.2664359861591695
5236,4,0,0.10846181427034779
5237,5,0,0.10624706434945984
5238,2,0,0.17620376831821355
5239,4,0,0.10846181427034779
5240,1,1,0.7188195991091314
5241,1,0,0.2579210672595887
5242,4,0,0.10846181427034779
5243,1,1,0.2664359861591695
5244,1,0,0.09750492449113592
5245,1,0,0.09750492449113592
5246,3,0,0.10848338260324286
5247,1,0,0.09750492449113592
5248,3,0,0.10848338260324286
5249,4,1,0.10846181427034779
5250,2,0,0.1051693404634581
5251,2,0,0.27938671209540034
5252,5,0,0.10624706434945984
5253,3,0,0.10848338260324286
5254,3,0,0.3774703557312253
5255,5,0,0.10624706434945984
5256,4,0,0.36443148688046645
5257,5,1,0.10624706434945984
5258,3,0,0.10848338260324286
5259,4,0,0.10846181427034779
5260,2,0,0.1051693404634581
5261,1,0,0.09750492449113592
5262,3,0,0.27732558139534885
5263,5,0,0.2745320476460579
5264,2,0,0.1051693404634581
5265,3,1,0.4647058823529412
5266,5,0,0.10624706434945984
5267,1,1,0.2579210672595887
5268,5,0,0.10624706434945984
5269,5,1,0.2745320476460579
5270,1,0,0.4164420485175202
5271,1,0,0.09750492449113592
5272,1,0,0.2579210672595887
5273,4,0,0.10846181427034779
5274,1,1,0.7188195991091314
5275,4,0,0.10846181427034779
5276,2,1,0.6916956737941323
5277,2,0,0.1051693404634581
5278,4,0,0.10846181427034779
5279,4,0,0.10846181427034779
5280,5,0,0.10624706434945984
5281,4,0,0.10846181427034779
5282,5,0,0.10624706434945984
5283,2,0,0.17620376831821355
5284,2,0,0.27938671209540034
5285,3,0,0.10848338260324286
5286,3,0,0.10848338260324286
5287,5,1,0.17265193370165746
5288,2,1,0.1051693404634581
5289,4,1,0.7197309417040358
5290,4,0,0.10846181427034779
5291,3,0,0.27732558139534885
5292,4,0,0.10846181427034779
5293,2,0,0.17620376831821355
5294,5,0,0.10624706434945984
5295,4,0,0.10846181427034779
5296,3,1,0.10848338260324286
5297,2,1,0.17620376831821355
5298,4,0,0.10846181427034779
5299,1,0,0.1750291715285881
5300,2,0,0.17620376831821355
5301,4,0,0.10846181427034779
5302,3,0,0.10848338260324286
5303,2,0,0.1051693404634581
5304,2,0,0.1051693404634581
5305,3,1,0.10848338260324286
5306,1,0,0.4164420485175202
5307,4,0,0.17377182298010557
5308,5,1,0.17265193370165746
5309,3,0,0.10848338260324286
5310,1,0,0.1750291715285881
5311,5,0,0.17265193370165746
5312,5,0,0.2745320476460579
5313,1,0,0.09750492449113592
5314,2,0,0.1051693404634581
5315,5,0,0.10624706434945984
5316,3,0,0.10848338260324286
5317,5,1,0.10624706434945984
5318,5,0,0.10624706434945984
5319,3,0,0.10848338260324286
5320,1,0,0.09750492449113592
5321,1,0,0.09750492449113592
5322,4,0,0.10846181427034779
5323,3,0,0.1743920972644377
5324,3,0,0.10848338260324286
5325,2,1,0.1051693404634581
5326,5,0,0.17265193370165746
5327,2,1,0.5244444444444445
5328,4,0,0.10846181427034779
5329,2,0,0.1051693404634581
5330,5,0,0.10624706434945984
5331,3,1,0.27732558139534885
5332,4,0,0.17377182298010557
5333,4,1,0.7197309417040358
5334,1,1,0.7188195991091314
5335,5,1,0.6489626556016598
5336,4,0,0.10846181427034779
5337,3,0,0.10848338260324286
5338,4,0,0.10846181427034779
5339,2,0,0.27938671209540034
5340,2,0,0.1051693404634581
5341,4,0,0.2782089552238806
5342,4,0,0.17377182298010557
5343,5,0,0.10624706434945984
5344,5,0,0.10624706434945984
5345,1,1,0.4164420485175202
5346,1,0,0.2664359861591695
5347,3,1,0.1743920972644377
5348,5,0,0.10624706434945984
5349,4,1,0.7197309417040358
5350,5,0,0.10624706434945984
5351,5,0,0.2850467289719626
5352,1,1,0.09750492449113592
5353,1,1,0.09750492449113592
5354,2,0,0.17620376831821355
5355,4,1,0.10846181427034779
5356,1,0,0.1750291715285881
5357,3,1,0.4647058823529412
5358,5,0,0.10624706434945984
5359,2,1,0.1051693404634581
5360,4,1,0.31981981981981983
5361,5,0,0.10624706434945984
5362,4,1,0.2782089552238806
5363,1,0,0.1750291715285881
5364,5,0,0.10624706434945984
5365,3,0,0.10848338260324286
5366,3,0,0.10848338260324286
5367,1,1,0.7188195991091314
5368,5,0,0.17265193370165746
5369,4,0,0.17377182298010557
5370,3,0,0.10848338260324286
5371,1,1,0.7188195991091314
5372,2,0,0.1051693404634581
5373,4,0,0.10846181427034779
5374,4,0,0.10846181427034779
5375,3,0,0.10848338260324286
5376,4,1,0.7197309417040358
5377,1,0,0.1750291715285881
5378,1,0,0.1750291715285881
5379,4,0,0.10846181427034779
5380,1,0,0.09750492449113592
5381,5,0,0.2745320476460579
5382,3,0,0.10848338260324286
5383,5,0,0.10624706434945984
5384,4,1,0.10846181427034779
5385,4,1,0.36443148688046645
5386,3,1,0.7204419889502762
5387,2,1,0.3167420814479638
5388,5,1,0.4191852825229961
5389,2,0,0.27938671209540034
5390,3,0,0.10848338260324286
5391,3,0,0.10848338260324286
5392,3,0,0.10848338260324286
5393,1,0,0.1750291715285881
5394,3,0,0.10848338260324286
5395,3,1,0.7204419889502762
5396,2,1,0.3931203931203931
5397,3,0,0.1743920972644377
5398,1,0,0.09750492449113592
5399,5,0,0.10624706434945984
5400,5,1,0.17265193370165746
5401,1,0,0.1750291715285881
5402,4,0,0.10846181427034779
5403,4,1,0.31981981981981983
5404,2,1,0.5244444444444445
5405,3,0,0.10848338260324286
5406,3,1,0.7204419889502762
5407,3,1,0.10848338260324286
5408,2,0,0.1051693404634581
5409,3,1,0.27732558139534885
5410,2,0,0.1051693404634581
5411,3,0,0.10848338260324286
5412,5,1,0.6489626556016598
5413,4,0,0.10846181427034779
5414,5,1,0.10624706434945984
5415,1,0,0.09750492449113592
5416,3,0,0.3774703557312253
5417,5,1,0.6489626556016598
5418,1,0,0.4164420485175202
5419,2,0,0.1051693404634581
5420,2,0,0.1051693404634581
5421,2,0,0.1051693404634581
5422,1,0,0.1750291715285881
5423,1,0,0.1750291715285881
5424,2,0,0.1051693404634581
5425,2,1,0.6916956737941323
5426,1,1,0.1750291715285881
5427,4,0,0.17377182298010557
5428,2,0,0.1051693404634581
5429,5,0,0.10624706434945984
5430,5,0,0.10624706434945984
5431,3,0,0.1743920972644377
5432,4,1,0.10846181427034779
5433,5,1,0.2850467289719626
5434,2,1,0.1051693404634581
5435,3,0,0.10848338260324286
5436,5,0,0.17265193370165746
5437,4,0,0.10846181427034779
5438,5,0,0.17265193370165746
5439,1,0,0.5276497695852534
5440,5,0,0.10624706434945984
5441,3,1,0.4647058823529412
5442,2,0,0.1051693404634581
5443,5,0,0.2745320476460579
5444,3,0,0.7204419889502762
5445,2,0,0.27938671209540034
5446,1,0,0.09750492449113592
5447,3,0,0.10848338260324286
5448,5,0,0.10624706434945984
5449,3,0,0.7204419889502762
5450,5,0,0.17265193370165746
5451,1,0,0.1750291715285881
5452,2,0,0.3167420814479638
5453,2,1,0.6916956737941323
5454,1,0,0.09750492449113592
5455,1,0,0.09750492449113592
5456,4,1,0.17377182298010557
5457,1,0,0.2579210672595887
5458,3,0,0.10848338260324286
5459,4,1,0.5256124721603563
5460,4,0,0.17377182298010557
5461,4,0,0.53
5462,1,0,0.09750492449113592
5463,5,1,0.7639751552795031
5464,3,0,0.10848338260324286
5465,3,0,0.1743920972644377
5466,3,0,0.10848338260324286
5467,3,0,0.10848338260324286
5468,3,1,0.538961038961039
5469,5,0,0.17265193370165746
5470,3,0,0.10848338260324286
5471,2,0,0.17620376831821355
5472,4,1,0.36443148688046645
5473,2,0,0.1051693404634581
5474,1,1,0.4164420485175202
5475,3,0,0.1743920972644377
5476,1,0,0.09750492449113592
5477,4,1,0.10846181427034779
5478,4,0,0.17377182298010557
5479,1,0,0.1750291715285881
5480,3,0,0.1743920972644377
5481,3,0,0.10848338260324286
5482,1,0,0.09750492449113592
5483,3,0,0.1743920972644377
5484,4,1,0.10846181427034779
5485,3,0,0.1743920972644377
5486,5,1,0.10624706434945984
5487,1,0,0.2579210672595887
5488,4,0,0.17377182298010557
5489,2,0,0.1051693404634581
5490,1,0,0.09750492449113592
5491,2,0,0.1051693404634581
5492,1,0,0.09750492449113592
5493,3,0,0.10848338260324286
5494,1,0,0.4164420485175202
5495,5,0,0.10624706434945984
5496,4,1,0.7197309417040358
5497,4,1,0.17377182298010557
5498,5,0,0.17265193370165746
5499,3,0,0.7204419889502762
5500,5,0,0.5300668151447662
5501,2,0,0.1051693404634581
5502,4,0,0.10846181427034779
5503,5,0,0.17265193370165746
5504,1,0,0.2624521072796935
5505,1,0,0.1750291715285881
5506,2,0,0.17620376831821355
5507,3,0,0.10848338260324286
5508,5,0,0.10624706434945984
5509,4,1,0.2782089552238806
5510,4,0,0.10846181427034779
5511,5,0,0.2745320476460579
5512,4,1,0.10846181427034779
5513,1,0,0.09750492449113592
5514,3,1,0.10848338260324286
5515,1,0,0.09750492449113592
5516,4,1,0.7197309417040358
5517,1,0,0.1750291715285881
5518,2,0,0.27938671209540034
5519,4,0,0.10846181427034779
5520,5,0,0.10624706434945984
5521,5,0,0.10624706434945984
5522,2,0,0.1051693404634581
5523,5,0,0.10624706434945984
5524,5,0,0.10624706434945984
5525,4,0,0.10846181427034779
5526,3,0,0.10848338260324286
5527,4,0,0.10846181427034779
5528,4,1,0.5256124721603563
5529,4,0,0.10846181427034779
5530,4,0,0.5256124721603563
5531,3,1,0.7204419889502762
5532,3,0,0.10848338260324286
5533,4,0,0.10846181427034779
5534,1,0,0.09750492449113592
5535,1,1,0.7188195991091314
5536,4,0,0.10846181427034779
5537,5,0,0.10624706434945984
5538,2,0,0.17620376831821355
5539,2,0,0.1051693404634581
5540,1,0,0.1750291715285881
5541,4,0,0.10846181427034779
5542,2,0,0.1051693404634581
5543,3,0,0.1743920972644377
5544,1,0,0.09750492449113592
5545,4,0,0.10846181427034779
5546,4,0,0.10846181427034779
5547,1,0,0.09750492449113592
5548,1,0,0.09750492449113592
5549,3,0,0.10848338260324286
5550,4,0,0.10846181427034779
5551,3,0,0.10848338260324286
5552,4,0,0.17377182298010557
5553,5,0,0.10624706434945984
5554,1,1,0.4164420485175202
5555,1,0,0.5276497695852534
5556,3,0,0.10848338260324286
5557,5,0,0.10624706434945984
5558,1,0,0.7188195991091314
5559,5,0,0.17265193370165746
5560,5,0,0.10624706434945984
5561,1,0,0.1750291715285881
5562,3,0,0.10848338260324286
5563,3,1,0.7204419889502762
5564,5,0,0.17265193370165746
5565,2,0,0.1051693404634581
5566,2,0,0.27938671209540034
5567,1,0,0.4164420485175202
5568,5,0,0.10624706434945984
5569,5,1,0.4191852825229961
5570,4,0,0.10846181427034779
5571,3,1,0.1743920972644377
5572,5,1,0.4191852825229961
5573,5,0,0.17265193370165746
5574,2,0,0.1051693404634581
5575,3,0,0.10848338260324286
5576,4,0,0.10846181427034779
5577,5,0,0.10624706434945984
5578,5,0,0.10624706434945984
5579,1,0,0.09750492449113592
5580,1,0,0.09750492449113592
5581,2,1,0.1051693404634581
5582,4,0,0.10846181427034779
5583,5,0,0.10624706434945984
5584,4,0,0.2782089552238806
5585,5,0,0.10624706434945984
5586,4,0,0.10846181427034779
5587,3,1,0.7204419889502762
5588,3,0,0.10848338260324286
5589,5,1,0.7639751552795031
5590,1,0,0.2579210672595887
5591,5,1,0.7639751552795031
5592,4,0,0.17377182298010557
5593,1,0,0.1750291715285881
5594,2,1,0.27938671209540034
5595,4,1,0.36443148688046645
5596,5,0,0.10624706434945984
5597,3,0,0.7204419889502762
5598,4,1,0.7197309417040358
5599,5,0,0.2745320476460579
5600,2,0,0.1051693404634581
5601,1,0,0.09750492449113592
5602,3,0,0.10848338260324286
5603,5,0,0.10624706434945984
5604,1,0,0.09750492449113592
5605,1,0,0.1750291715285881
5606,2,0,0.1051693404634581
5607,5,0,0.10624706434945984
5608,1,0,0.1750291715285881
5609,1,0,0.09750492449113592
5610,3,0,0.27732558139534885
5611,2,0,0.1051693404634581
5612,2,1,0.27938671209540034
5613,4,1,0.53
5614,3,0,0.10848338260324286
5615,3,1,0.1743920972644377
5616,5,0,0.10624706434945984
5617,5,0,0.10624706434945984
5618,5,0,0.10624706434945984
5619,4,0,0.10846181427034779
5620,4,0,0.10846181427034779
5621,3,1,0.27732558139534885
5622,3,0,0.10848338260324286
5623,1,1,0.09750492449113592
5624,3,0,0.10848338260324286
5625,3,1,0.7204419889502762
5626,2,0,0.1051693404634581
5627,3,1,0.7204419889502762
5628,2,0,0.1051693404634581
5629,1,0,0.1750291715285881
5630,5,1,0.4191852825229961
5631,1,0,0.09750492449113592
5632,5,1,0.7639751552795031
5633,2,1,0.27938671209540034
5634,2,0,0.1051693404634581
5635,2,0,0.1051693404634581
5636,1,0,0.09750492449113592
5637,5,0,0.10624706434945984
5638,3,1,0.10848338260324286
5639,1,0,0.09750492449113592
5640,2,0,0.3167420814479638
5641,4,0,0.2782089552238806
5642,5,0,0.10624706434945984
5643,3,0,0.10848338260324286
5644,5,0,0.22580645161290322
5645,4,0,0.2782089552238806
5646,4,0,0.2782089552238806
5647,1,0,0.09750492449113592
5648,2,0,0.2131979695431472
5649,1,0,0.09750492449113592
5650,4,0,0.10846181427034779
5651,5,0,0.10624706434945984
5652,3,0,0.10848338260324286
5653,2,1,0.5244444444444445
5654,4,0,0.17377182298010557
5655,4,0,0.17377182298010557
5656,2,0,0.1051693404634581
5657,3,0,0.10848338260324286
5658,1,1,0.1750291715285881
5659,5,0,0.10624706434945984
5660,5,0,0.10624706434945984
5661,1,0,0.4164420485175202
5662,2,0,0.27938671209540034
5663,1,0,0.09750492449113592
5664,3,0,0.10848338260324286
5665,2,0,0.6916956737941323
5666,2,0,0.1051693404634581
5667,2,0,0.1051693404634581
5668,4,1,0.7197309417040358
5669,4,1,0.36443148688046645
5670,4,0,0.7197309417040358
5671,3,0,0.10848338260324286
5672,3,0,0.10848338260324286
5673,1,0,0.09750492449113592
5674,3,1,0.3774703557312253
5675,1,0,0.09750492449113592
5676,5,0,0.10624706434945984
5677,3,0,0.27732558139534885
5678,2,0,0.1051693404634581
5679,1,0,0.7188195991091314
5680,2,0,0.27938671209540034
5681,4,0,0.10846181427034779
5682,4,0,0.10846181427034779
5683,3,0,0.10848338260324286
5684,3,0,0.10848338260324286
5685,5,0,0.10624706434945984
5686,5,0,0.10624706434945984
5687,3,0,0.10848338260324286
5688,3,1,0.538961038961039
5689,1,0,0.09750492449113592
5690,2,0,0.1051693404634581
5691,3,0,0.27732558139534885
5692,2,0,0.1051693404634581
5693,4,0,0.10846181427034779
5694,5,0,0.10624706434945984
5695,3,0,0.10848338260324286
5696,4,0,0.10846181427034779
5697,3,0,0.27732558139534885
5698,1,0,0.09750492449113592
5699,3,0,0.1743920972644377
5700,5,0,0.10624706434945984
5701,5,1,0.10624706434945984
5702,1,0,0.7188195991091314
5703,1,0,0.09750492449113592
5704,5,0,0.2745320476460579
5705,3,1,0.1743920972644377
5706,1,1,0.4164420485175202
5707,5,0,0.17265193370165746
5708,4,0,0.17377182298010557
5709,2,0,0.1051693404634581
5710,5,0,0.10624706434945984
5711,3,0,0.10848338260324286
5712,2,0,0.1051693404634581
5713,4,0,0.17377182298010557
5714,2,0,0.17620376831821355
5715,3,0,0.10848338260324286
5716,4,0,0.10846181427034779
5717,3,1,0.7204419889502762
5718,1,0,0.09750492449113592
5719,3,0,0.10848338260324286
5720,3,1,0.7204419889502762
5721,4,0,0.10846181427034779
5722,5,1,0.4191852825229961
5723,5,0,0.2850467289719626
5724,5,0,0.10624706434945984
5725,5,0,0.10624706434945984
5726,5,0,0.10624706434945984
5727,2,0,0.1051693404634581
5728,1,0,0.09750492449113592
5729,3,1,0.10848338260324286
5730,1,0,0.09750492449113592
5731,1,0,0.1750291715285881
5732,3,0,0.7204419889502762
5733,1,0,0.1750291715285881
5734,3,1,0.3774703557312253
5735,2,1,0.6916956737941323
5736,1,0,0.09750492449113592
5737,5,0,0.4191852825229961
5738,4,0,0.10846181427034779
5739,5,1,0.7639751552795031
5740,4,0,0.7197309417040358
5741,1,1,0.2579210672595887
5742,2,0,0.1051693404634581
5743,1,0,0.1750291715285881
5744,3,1,0.7204419889502762
5745,2,0,0.1051693404634581
5746,2,0,0.1051693404634581
5747,3,0,0.10848338260324286
5748,1,0,0.09750492449113592
5749,4,0,0.2782089552238806
5750,4,0,0.10846181427034779
5751,5,0,0.4191852825229961
5752,3,0,0.10848338260324286
5753,5,0,0.2745320476460579
5754,5,0,0.2745320476460579
5755,5,0,0.10624706434945984
5756,2,0,0.1051693404634581
5757,3,0,0.10848338260324286
5758,2,0,0.1051693404634581
5759,3,0,0.10848338260324286
5760,1,0,0.09750492449113592
5761,1,0,0.2624521072796935
5762,2,0,0.1051693404634581
5763,2,0,0.1051693404634581
5764,1,0,0.09750492449113592
5765,1,1,0.2579210672595887
5766,3,0,0.27732558139534885
5767,4,0,0.10846181427034779
5768,2,0,0.1051693404634581
5769,5,1,0.6489626556016598
5770,4,0,0.10846181427034779
5771,3,0,0.27732558139534885
5772,3,0,0.10848338260324286
5773,4,0,0.10846181427034779
5774,2,1,0.6916956737941323
5775,1,0,0.1750291715285881
5776,3,1,0.7204419889502762
5777,1,0,0.09750492449113592
5778,4,0,0.10846181427034779
5779,1,0,0.2579210672595887
5780,1,1,0.7188195991091314
5781,3,1,0.7204419889502762
5782,2,0,0.1051693404634581
5783,3,0,0.10848338260324286
5784,5,1,0.7639751552795031
5785,1,0,0.09750492449113592
5786,4,0,0.17377182298010557
5787,4,0,0.10846181427034779
5788,5,0,0.10624706434945984
5789,3,0,0.1743920972644377
5790,5,0,0.10624706434945984
5791,4,0,0.10846181427034779
5792,5,0,0.10624706434945984
5793,2,0,0.1051693404634581
5794,2,1,0.1051693404634581
5795,2,0,0.1051693404634581
5796,5,1,0.5300668151447662
5797,3,0,0.10848338260324286
5798,4,1,0.10846181427034779
5799,4,0,0.10846181427034779
5800,5,0,0.10624706434945984
5801,2,0,0.1051693404634581
5802,2,0,0.27938671209540034
5803,4,0,0.10846181427034779
5804,2,0,0.1051693404634581
5805,5,1,0.2745320476460579
5806,1,1,0.1750291715285881
5807,4,0,0.10846181427034779
5808,1,0,0.1750291715285881
5809,3,1,0.7204419889502762
5810,3,1,0.1743920972644377
5811,4,1,0.7197309417040358
5812,2,0,0.1051693404634581
5813,3,0,0.10848338260324286
5814,4,0,0.10846181427034779
5815,2,1,0.1051693404634581
5816,2,0,0.1051693404634581
5817,1,0,0.09750492449113592
5818,1,1,0.7188195991091314
5819,2,0,0.1051693404634581
5820,4,0,0.10846181427034779
5821,3,0,0.10848338260324286
5822,4,0,0.10846181427034779
5823,1,1,0.5276497695852534
5824,2,0,0.1051693404634581
5825,2,1,0.6916956737941323
5826,2,0,0.17620376831821355
5827,1,0,0.1750291715285881
5828,5,1,0.17265193370165746
5829,5,0,0.10624706434945984
5830,2,0,0.1051693404634581
5831,1,1,0.09750492449113592
5832,1,1,0.2579210672595887
5833,2,0,0.1051693404634581
5834,5,1,0.2745320476460579
5835,1,0,0.7188195991091314
5836,5,0,0.10624706434945984
5837,5,1,0.2745320476460579
5838,2,1,0.1051693404634581
5839,1,0,0.1750291715285881
5840,5,0,0.10624706434945984
5841,3,0,0.3722943722943723
5842,5,1,0.2745320476460579
5843,3,0,0.10848338260324286
5844,2,0,0.1051693404634581
5845,4,1,0.7197309417040358
5846,4,0,0.10846181427034779
5847,5,0,0.10624706434945984
5848,5,0,0.10624706434945984
5849,5,0,0.2850467289719626
5850,5,0,0.10624706434945984
5851,5,1,0.4191852825229961
5852,5,0,0.10624706434945984
5853,3,1,0.7204419889502762
5854,5,0,0.17265193370165746
5855,1,0,0.09750492449113592
5856,4,0,0.10846181427034779
5857,1,0,0.09750492449113592
5858,1,0,0.1750291715285881
5859,2,0,0.17620376831821355
5860,2,0,0.3931203931203931
5861,3,1,0.7204419889502762
5862,3,0,0.10848338260324286
5863,4,0,0.17377182298010557
5864,4,0,0.10846181427034779
5865,5,0,0.10624706434945984
5866,3,0,0.10848338260324286
5867,5,1,0.10624706434945984
5868,4,0,0.2782089552238806
5869,5,0,0.10624706434945984
5870,3,0,0.10848338260324286
5871,2,0,0.17620376831821355
5872,2,1,0.6916956737941323
5873,4,0,0.17377182298010557
5874,1,0,0.1750291715285881
5875,1,0,0.1750291715285881
5876,1,1,0.5128205128205128
5877,3,0,0.1743920972644377
5878,5,0,0.17265193370165746
5879,3,0,0.1743920972644377
5880,1,0,0.09750492449113592
5881,2,0,0.1051693404634581
5882,1,0,0.4164420485175202
5883,5,0,0.6489626556016598
5884,5,0,0.6489626556016598
5885,2,1,0.2131979695431472
5886,3,0,0.10848338260324286
5887,4,1,0.17377182298010557
5888,2,0,0.1051693404634581
5889,4,0,0.17377182298010557
5890,3,0,0.10848338260324286
5891,2,0,0.6916956737941323
5892,1,1,0.2579210672595887
5893,1,0,0.7188195991091314
5894,1,0,0.1750291715285881
5895,3,0,0.10848338260324286
5896,4,0,0.17377182298010557
5897,2,0,0.1051693404634581
5898,5,1,0.6489626556016598
5899,5,1,0.2745320476460579
5900,5,0,0.2850467289719626
5901,4,0,0.10846181427034779
5902,2,1,0.6916956737941323
5903,5,0,0.10624706434945984
5904,4,0,0.17377182298010557
5905,5,0,0.10624706434945984
5906,4,0,0.10846181427034779
5907,4,0,0.10846181427034779
5908,1,0,0.1750291715285881
5909,3,0,0.10848338260324286
5910,3,0,0.10848338260324286
5911,3,0,0.10848338260324286
5912,1,0,0.09750492449113592
5913,2,0,0.27938671209540034
5914,1,0,0.09750492449113592
5915,4,1,0.2782089552238806
5916,2,0,0.27938671209540034
5917,4,1,0.7197309417040358
5918,4,1,0.7197309417040358
5919,1,0,0.09750492449113592
5920,4,0,0.10846181427034779
5921,2,1,0.2131979695431472
5922,2,0,0.3931203931203931
5923,3,1,0.7204419889502762
5924,4,0,0.10846181427034779
5925,5,0,0.10624706434945984
5926,4,1,0.2782089552238806
5927,5,0,0.2745320476460579
5928,3,0,0.3774703557312253
5929,1,0,0.09750492449113592
5930,1,0,0.1750291715285881
5931,4,0,0.2782089552238806
5932,1,1,0.1750291715285881
5933,5,0,0.17265193370165746
5934,3,0,0.10848338260324286
5935,1,0,0.1750291715285881
5936,2,1,0.3931203931203931
5937,5,0,0.17265193370165746
5938,5,0,0.10624706434945984
5939,2,0,0.1051693404634581
5940,4,0,0.31981981981981983
5941,3,0,0.10848338260324286
5942,5,0,0.10624706434945984
5943,4,0,0.10846181427034779
5944,5,0,0.2745320476460579
5945,3,0,0.10848338260324286
5946,5,0,0.10624706434945984
5947,4,0,0.2782089552238806
5948,2,0,0.1051693404634581
5949,4,1,0.10846181427034779
5950,3,0,0.10848338260324286
5951,1,0,0.2579210672595887
5952,1,0,0.7188195991091314
5953,2,0,0.1051693404634581
5954,4,0,0.10846181427034779
5955,2,0,0.17620376831821355
5956,1,0,0.09750492449113592
5957,3,1,0.7204419889502762
5958,4,1,0.10846181427034779
5959,5,0,0.17265193370165746
5960,5,0,0.10624706434945984
5961,2,0,0.1051693404634581
5962,4,1,0.36443148688046645
5963,4,1,0.7197309417040358
5964,3,1,0.7204419889502762
5965,3,0,0.1743920972644377
5966,5,1,0.2850467289719626
5967,2,0,0.1051693404634581
5968,2,0,0.17620376831821355
5969,1,0,0.2579210672595887
5970,5,0,0.10624706434945984
5971,1,0,0.09750492449113592
5972,3,1,0.7204419889502762
5973,4,0,0.17377182298010557
5974,3,0,0.10848338260324286
5975,2,1,0.1051693404634581
5976,3,0,0.10848338260324286
5977,4,0,0.10846181427034779
5978,2,1,0.3931203931203931
5979,3,0,0.10848338260324286
5980,4,0,0.10846181427034779
5981,2,0,0.1051693404634581
5982,2,1,0.6916956737941323
5983,1,0,0.09750492449113592
5984,1,0,0.09750492449113592
5985,4,0,0.10846181427034779
5986,3,0,0.1743920972644377
5987,4,0,0.10846181427034779
5988,4,0,0.2782089552238806
5989,4,0,0.17377182298010557
5990,1,0,0.4164420485175202
5991,4,0,0.10846181427034779
5992,2,0,0.3931203931203931
5993,2,0,0.17620376831821355
5994,5,1,0.2745320476460579
5995,4,0,0.10846181427034779
5996,4,1,0.10846181427034779
5997,4,0,0.10846181427034779
5998,3,1,0.538961038961039
5999,3,0,0.27732558139534885
6000,1,0,0.2579210672595887
6001,4,0,0.17377182298010557
6002,3,0,0.1743920972644377
6003,5,0,0.10624706434945984
6004,2,0,0.1051693404634581
6005,4,0,0.10846181427034779
6006,4,0,0.10846181427034779
6007,3,1,0.10848338260324286
6008,1,0,0.09750492449113592
6009,3,0,0.10848338260324286
6010,4,0,0.10846181427034779
6011,3,1,0.3774703557312253
6012,5,0,0.2850467289719626
6013,2,0,0.1051693404634581
6014,5,1,0.10624706434945984
6015,5,1,0.5300668151447662
6016,3,0,0.1743920972644377
6017,2,0,0.6916956737941323
6018,5,0,0.4191852825229961
6019,4,0,0.10846181427034779
6020,2,1,0.17620376831821355
6021,3,0,0.10848338260324286
6022,5,0,0.10624706434945984
6023,3,0,0.10848338260324286
6024,5,0,0.10624706434945984
6025,1,1,0.2664359861591695
6026,3,0,0.1743920972644377
6027,2,1,0.1051693404634581
6028,4,0,0.10846181427034779
6029,4,0,0.10846181427034779
6030,5,0,0.10624706434945984
6031,1,1,0.5128205128205128
6032,1,1,0.5128205128205128
6033,4,0,0.36443148688046645
6034,2,0,0.1051693404634581
6035,2,0,0.17620376831821355
6036,3,1,0.10848338260324286
6037,5,0,0.10624706434945984
6038,2,1,0.6916956737941323
6039,5,0,0.17265193370165746
6040,2,0,0.27938671209540034
6041,4,0,0.10846181427034779
6042,2,0,0.1051693404634581
6043,5,0,0.10624706434945984
6044,5,0,0.10624706434945984
6045,4,0,0.17377182298010557
6046,2,1,0.1051693404634581
6047,5,0,0.10624706434945984
6048,4,0,0.17377182298010557
6049,3,1,0.27732558139534885
6050,1,1,0.2624521072796935
6051,4,0,0.10846181427034779
6052,1,0,0.1750291715285881
6053,1,1,0.2579210672595887
6054,4,0,0.36443148688046645
6055,4,0,0.10846181427034779
6056,2,0,0.1051693404634581
6057,4,0,0.36443148688046645
6058,5,0,0.10624706434945984
6059,1,0,0.5128205128205128
6060,4,0,0.10846181427034779
6061,4,0,0.36443148688046645
6062,1,1,0.4164420485175202
6063,4,0,0.10846181427034779
6064,3,1,0.7204419889502762
6065,4,1,0.17377182298010557
6066,1,0,0.09750492449113592
6067,4,1,0.10846181427034779
6068,2,1,0.1051693404634581
6069,3,0,0.10848338260324286
6070,5,0,0.10624706434945984
6071,5,0,0.10624706434945984
6072,4,0,0.10846181427034779
6073,2,0,0.17620376831821355
6074,5,0,0.2745320476460579
6075,1,0,0.2664359861591695
6076,2,0,0.3167420814479638
6077,5,0,0.10624706434945984
6078,1,0,0.09750492449113592
6079,5,0,0.10624706434945984
6080,5,0,0.10624706434945984
6081,5,0,0.10624706434945984
6082,4,1,0.36443148688046645
6083,1,1,0.7188195991091314
6084,4,0,0.17377182298010557
6085,5,0,0.10624706434945984
6086,5,1,0.6489626556016598
6087,1,0,0.09750492449113592
6088,4,0,0.17377182298010557
6089,1,0,0.1750291715285881
6090,4,1,0.7197309417040358
6091,3,0,0.10848338260324286
6092,1,0,0.09750492449113592
6093,4,0,0.10846181427034779
6094,2,1,0.5244444444444445
6095,5,0,0.2745320476460579
6096,5,0,0.2745320476460579
6097,4,0,0.10846181427034779
6098,4,1,0.7197309417040358
6099,4,0,0.10846181427034779
6100,2,0,0.1051693404634581
6101,5,0,0.10624706434945984
6102,1,0,0.09750492449113592
6103,5,1,0.10624706434945984
6104,2,1,0.6916956737941323
6105,3,0,0.10848338260324286
6106,3,0,0.10848338260324286
6107,5,0,0.10624706434945984
6108,1,0,0.09750492449113592
6109,4,0,0.10846181427034779
6110,5,0,0.10624706434945984
6111,5,0,0.10624706434945984
6112,4,1,0.10846181427034779
6113,2,0,0.1051693404634581
6114,3,0,0.10848338260324286
6115,4,0,0.2782089552238806
6116,2,0,0.3931203931203931
6117,1,1,0.7188195991091314
6118,4,0,0.10846181427034779
6119,3,1,0.538961038961039
6120,4,0,0.10846181427034779
6121,5,1,0.2745320476460579
6122,5,1,0.6489626556016598
6123,2,1,0.17620376831821355
6124,4,0,0.10846181427034779
6125,1,1,0.7188195991091314
6126,4,0,0.10846181427034779
6127,1,0,0.09750492449113592
6128,2,0,0.1051693404634581
6129,3,1,0.10848338260324286
6130,3,0,0.10848338260324286
6131,1,0,0.4164420485175202
6132,2,0,0.27938671209540034
6133,1,0,0.5276497695852534
6134,4,0,0.2782089552238806
6135,4,0,0.17377182298010557
6136,2,0,0.17620376831821355
6137,1,0,0.09750492449113592
6138,2,0,0.17620376831821355
6139,5,0,0.10624706434945984
6140,1,0,0.2579210672595887
6141,2,0,0.1051693404634581
6142,4,0,0.10846181427034779
6143,3,1,0.3774703557312253
6144,3,0,0.1743920972644377
6145,3,1,0.7204419889502762
6146,1,0,0.09750492449113592
6147,1,1,0.09750492449113592
6148,5,1,0.2745320476460579
6149,2,0,0.17620376831821355
6150,1,0,0.1750291715285881
6151,4,0,0.10846181427034779
6152,3,0,0.10848338260324286
6153,5,0,0.17265193370165746
6154,3,0,0.3774703557312253
6155,3,0,0.1743920972644377
6156,1,0,0.09750492449113592
6157,3,0,0.10848338260324286
6158,4,0,0.10846181427034779
6159,3,0,0.1743920972644377
6160,1,0,0.09750492449113592
6161,4,0,0.5256124721603563
6162,5,0,0.10624706434945984
6163,3,0,0.10848338260324286
6164,3,0,0.10848338260324286
6165,3,0,0.1743920972644377
6166,5,0,0.10624706434945984
6167,5,0,0.17265193370165746
6168,4,0,0.10846181427034779
6169,5,0,0.10624706434945984
6170,3,0,0.3774703557312253
6171,2,1,0.6916956737941323
6172,3,1,0.3774703557312253
6173,3,0,0.10848338260324286
6174,4,0,0.10846181427034779
6175,2,1,0.6916956737941323
6176,4,0,0.10846181427034779
6177,4,0,0.10846181427034779
6178,2,0,0.1051693404634581
6179,3,0,0.10848338260324286
6180,2,0,0.17620376831821355
6181,2,0,0.1051693404634581
6182,3,0,0.10848338260324286
6183,5,1,0.7639751552795031
6184,3,0,0.10848338260324286
6185,1,1,0.1750291715285881
6186,4,0,0.2782089552238806
6187,2,0,0.6916956737941323
6188,1,0,0.09750492449113592
6189,1,1,0.09750492449113592
6190,2,1,0.27938671209540034
6191,2,0,0.1051693404634581
6192,5,0,0.10624706434945984
6193,1,0,0.7188195991091314
6194,5,0,0.10624706434945984
6195,1,1,0.4164420485175202
6196,4,0,0.10846181427034779
6197,3,0,0.10848338260324286
6198,1,0,0.1750291715285881
6199,3,1,0.7204419889502762
6200,1,0,0.09750492449113592
6201,3,0,0.10848338260324286
6202,3,0,0.10848338260324286
6203,2,0,0.17620376831821355
6204,1,0,0.09750492449113592
6205,5,0,0.10624706434945984
6206,3,0,0.27732558139534885
6207,4,0,0.17377182298010557
6208,2,0,0.3931203931203931
6209,2,0,0.3931203931203931
6210,5,0,0.10624706434945984
6211,4,0,0.10846181427034779
6212,1,0,0.09750492449113592
6213,5,0,0.10624706434945984
6214,5,0,0.10624706434945984
6215,1,0,0.09750492449113592
6216,4,0,0.10846181427034779
6217,5,0,0.2850467289719626
6218,2,0,0.1051693404634581
6219,5,0,0.10624706434945984
6220,2,0,0.1051693404634581
6221,5,0,0.17265193370165746
6222,2,0,0.1051693404634581
6223,3,1,0.27732558139534885
6224,1,1,0.7188195991091314
6225,4,0,0.10846181427034779
6226,1,1,0.7188195991091314
6227,3,0,0.10848338260324286
6228,4,0,0.10846181427034779
6229,2,0,0.27938671209540034
6230,2,1,0.5244444444444445
6231,5,0,0.10624706434945984
6232,4,0,0.10846181427034779
6233,2,1,0.6916956737941323
6234,5,0,0.2745320476460579
6235,5,1,0.2745320476460579
6236,1,0,0.1750291715285881
6237,4,0,0.17377182298010557
6238,4,0,0.17377182298010557
6239,4,0,0.10846181427034779
6240,5,0,0.10624706434945984
6241,1,1,0.1750291715285881
6242,1,0,0.09750492449113592
6243,1,1,0.09750492449113592
6244,1,0,0.09750492449113592
6245,4,0,0.10846181427034779
6246,2,0,0.1051693404634581
6247,4,1,0.7197309417040358
6248,1,0,0.1750291715285881
6249,4,0,0.10846181427034779
6250,3,0,0.10848338260324286
6251,1,0,0.09750492449113592
6252,2,0,0.1051693404634581
6253,5,0,0.10624706434945984
6254,1,0,0.2579210672595887
6255,5,0,0.17265193370165746
6256,5,0,0.10624706434945984
6257,5,1,0.6489626556016598
6258,1,0,0.09750492449113592
6259,2,0,0.1051693404634581
6260,4,0,0.10846181427034779
6261,3,1,0.10848338260324286
6262,3,0,0.10848338260324286
6263,4,1,0.36443148688046645
6264,4,0,0.10846181427034779
6265,4,1,0.7197309417040358
6266,1,1,0.2664359861591695
6267,5,0,0.10624706434945984
6268,4,0,0.10846181427034779
6269,2,0,0.6916956737941323
6270,5,0,0.10624706434945984
6271,5,0,0.10624706434945984
6272,5,0,0.10624706434945984
6273,2,0,0.1051693404634581
6274,1,0,0.1750291715285881
6275,1,0,0.5276497695852534
6276,1,0,0.1750291715285881
6277,5,0,0.2850467289719626
6278,4,1,0.7197309417040358
6279,5,0,0.10624706434945984
6280,4,0,0.10846181427034779
6281,3,0,0.10848338260324286
6282,4,0,0.10846181427034779
6283,1,1,0.7188195991091314
6284,5,0,0.17265193370165746
6285,1,0,0.09750492449113592
6286,4,0,0.10846181427034779
6287,5,1,0.22580645161290322
6288,3,1,0.3774703557312253
6289,3,0,0.10848338260324286
6290,5,0,0.2745320476460579
6291,2,0,0.1051693404634581
6292,1,0,0.09750492449113592
6293,2,0,0.1051693404634581
6294,3,1,0.538961038961039
6295,3,0,0.10848338260324286
6296,2,0,0.17620376831821355
6297,4,0,0.10846181427034779
6298,1,0,0.2624521072796935
6299,2,0,0.1051693404634581
6300,3,0,0.10848338260324286
6301,4,0,0.10846181427034779
6302,5,1,0.2850467289719626
6303,1,0,0.1750291715285881
6304,3,0,0.10848338260324286
6305,3,0,0.10848338260324286
6306,3,0,0.10848338260324286
6307,5,0,0.4191852825229961
6308,1,1,0.7188195991091314
6309,3,1,0.7204419889502762
6310,2,0,0.1051693404634581
6311,5,0,0.10624706434945984
6312,4,0,0.10846181427034779
6313,5,0,0.4191852825229961
6314,5,1,0.17265193370165746
6315,5,1,0.4191852825229961
6316,5,0,0.10624706434945984
6317,2,0,0.17620376831821355
6318,4,0,0.7197309417040358
6319,4,1,0.10846181427034779
6320,5,1,0.7639751552795031
6321,4,0,0.17377182298010557
6322,5,0,0.10624706434945984
6323,3,0,0.10848338260324286
6324,4,1,0.2782089552238806
6325,2,0,0.1051693404634581
6326,1,1,0.7188195991091314
6327,2,0,0.17620376831821355
6328,2,1,0.1051693404634581
6329,3,0,0.7204419889502762
6330,3,1,0.7204419889502762
6331,3,0,0.10848338260324286
6332,2,0,0.3931203931203931
6333,5,0,0.10624706434945984
6334,1,0,0.09750492449113592
6335,2,0,0.1051693404634581
6336,3,0,0.10848338260324286
6337,2,0,0.27938671209540034
6338,5,0,0.10624706434945984
6339,2,1,0.5244444444444445
6340,4,1,0.5256124721603563
6341,2,0,0.17620376831821355
6342,3,0,0.10848338260324286
6343,4,0,0.10846181427034779
6344,4,0,0.10846181427034779
6345,4,0,0.10846181427034779
6346,2,1,0.1051693404634581
6347,1,0,0.09750492449113592
6348,5,0,0.10624706434945984
6349,3,0,0.10848338260324286
6350,5,0,0.10624706434945984
6351,1,0,0.09750492449113592
6352,2,1,0.1051693404634581
6353,5,0,0.10624706434945984
6354,5,0,0.17265193370165746
6355,2,0,0.1051693404634581
6356,2,1,0.6916956737941323
6357,1,0,0.09750492449113592
6358,3,1,0.3774703557312253
6359,2,1,0.6916956737941323
6360,2,0,0.17620376831821355
6361,4,0,0.10846181427034779
6362,1,1,0.09750492449113592
6363,3,1,0.3774703557312253
6364,2,0,0.17620376831821355
6365,5,0,0.10624706434945984
6366,1,0,0.1750291715285881
6367,4,0,0.10846181427034779
6368,3,0,0.10848338260324286
6369,5,1,0.2745320476460579
6370,5,0,0.17265193370165746
6371,4,0,0.2782089552238806
6372,1,0,0.09750492449113592
6373,3,0,0.10848338260324286
6374,4,0,0.10846181427034779
6375,5,0,0.10624706434945984
6376,4,0,0.2782089552238806
6377,2,0,0.1051693404634581
6378,5,0,0.10624706434945984
6379,1,0,0.09750492449113592
6380,3,0,0.10848338260324286
6381,3,0,0.1743920972644377
6382,4,0,0.2782089552238806
6383,1,1,0.1750291715285881
6384,1,0,0.09750492449113592
6385,5,0,0.10624706434945984
6386,1,0,0.09750492449113592
6387,4,1,0.2782089552238806
6388,2,0,0.1051693404634581
6389,5,0,0.10624706434945984
6390,3,0,0.1743920972644377
6391,2,0,0.1051693404634581
6392,3,0,0.10848338260324286
6393,5,0,0.17265193370165746
6394,3,1,0.1743920972644377
6395,3,0,0.538961038961039
6396,3,0,0.10848338260324286
6397,1,0,0.1750291715285881
6398,5,0,0.10624706434945984
6399,3,0,0.10848338260324286
6400,5,0,0.10624706434945984
6401,1,0,0.09750492449113592
6402,5,1,0.4191852825229961
6403,1,0,0.4164420485175202
6404,5,0,0.10624706434945984
6405,2,0,0.3167420814479638
6406,4,0,0.10846181427034779
6407,2,0,0.1051693404634581
6408,4,0,0.10846181427034779
6409,5,0,0.4191852825229961
6410,5,0,0.10624706434945984
6411,4,0,0.2782089552238806
6412,5,1,0.6489626556016598
6413,2,1,0.1051693404634581
6414,3,1,0.7204419889502762
6415,4,0,0.10846181427034779
6416,4,1,0.36443148688046645
6417,3,0,0.10848338260324286
6418,1,1,0.5128205128205128
6419,3,0,0.10848338260324286
6420,5,0,0.10624706434945984
6421,3,0,0.10848338260324286
6422,2,0,0.1051693404634581
6423,5,0,0.10624706434945984
6424,2,1,0.17620376831821355
6425,2,0,0.1051693404634581
6426,4,0,0.10846181427034779
6427,4,1,0.36443148688046645
6428,1,1,0.1750291715285881
6429,1,0,0.1750291715285881
6430,3,0,0.1743920972644377
6431,4,0,0.53
6432,5,0,0.10624706434945984
6433,1,1,0.2579210672595887
6434,1,0,0.09750492449113592
6435,4,0,0.17377182298010557
6436,1,0,0.1750291715285881
6437,2,0,0.1051693404634581
6438,5,0,0.10624706434945984
6439,4,0,0.10846181427034779
6440,1,0,0.2579210672595887
6441,2,0,0.1051693404634581
6442,1,0,0.09750492449113592
6443,1,0,0.2579210672595887
6444,4,0,0.10846181427034779
6445,2,0,0.17620376831821355
6446,3,1,0.10848338260324286
6447,2,0,0.27938671209540034
6448,4,0,0.10846181427034779
6449,3,0,0.3774703557312253
6450,2,0,0.5244444444444445
6451,1,1,0.09750492449113592
6452,2,0,0.1051693404634581
6453,2,0,0.17620376831821355
6454,1,0,0.1750291715285881
6455,4,0,0.10846181427034779
6456,5,0,0.17265193370165746
6457,2,0,0.1051693404634581
6458,1,0,0.09750492449113592
6459,2,1,0.1051693404634581
6460,4,0,0.31981981981981983
6461,5,0,0.10624706434945984
6462,2,0,0.1051693404634581
6463,2,1,0.6916956737941323
6464,2,1,0.6916956737941323
6465,4,0,0.17377182298010557
6466,4,0,0.10846181427034779
6467,4,0,0.10846181427034779
6468,5,0,0.17265193370165746
6469,4,1,0.5256124721603563
6470,5,1,0.6489626556016598
6471,4,0,0.2782089552238806
6472,4,0,0.10846181427034779
6473,5,0,0.17265193370165746
6474,2,0,0.17620376831821355
6475,3,1,0.27732558139534885
6476,5,0,0.2745320476460579
6477,2,0,0.27938671209540034
6478,5,0,0.10624706434945984
6479,4,0,0.10846181427034779
6480,4,0,0.10846181427034779
6481,5,0,0.10624706434945984
6482,5,1,0.10624706434945984
6483,5,0,0.10624706434945984
6484,1,0,0.09750492449113592
6485,4,0,0.10846181427034779
6486,5,0,0.17265193370165746
6487,2,0,0.17620376831821355
6488,1,0,0.09750492449113592
6489,5,0,0.10624706434945984
6490,1,0,0.2579210672595887
6491,3,0,0.10848338260324286
6492,5,0,0.10624706434945984
6493,3,0,0.10848338260324286
6494,2,0,0.1051693404634581
6495,2,0,0.1051693404634581
6496,2,1,0.1051693404634581
6497,4,0,0.10846181427034779
6498,4,0,0.10846181427034779
6499,4,0,0.10846181427034779
6500,4,0,0.10846181427034779
6501,3,0,0.3774703557312253
6502,5,0,0.10624706434945984
6503,4,0,0.10846181427034779
6504,2,0,0.1051693404634581
6505,3,0,0.10848338260324286
6506,3,0,0.27732558139534885
6507,1,0,0.09750492449113592
6508,4,0,0.5256124721603563
6509,5,1,0.22580645161290322
6510,3,1,0.7204419889502762
6511,3,1,0.3774703557312253
6512,4,0,0.17377182298010557
6513,4,0,0.2782089552238806
6514,3,0,0.3774703557312253
6515,3,1,0.10848338260324286
6516,3,0,0.27732558139534885
6517,1,0,0.1750291715285881
6518,3,0,0.10848338260324286
6519,3,0,0.3774703557312253
6520,3,0,0.1743920972644377
6521,5,0,0.10624706434945984
6522,5,1,0.2850467289719626
6523,4,0,0.10846181427034779
6524,4,0,0.10846181427034779
6525,2,0,0.2131979695431472
6526,4,0,0.10846181427034779
6527,3,0,0.10848338260324286
6528,5,1,0.10624706434945984
6529,1,1,0.2579210672595887
6530,4,0,0.10846181427034779
6531,5,0,0.2745320476460579
6532,4,0,0.17377182298010557
6533,3,0,0.27732558139534885
6534,1,1,0.09750492449113592
6535,1,1,0.7188195991091314
6536,2,0,0.17620376831821355
6537,1,0,0.09750492449113592
6538,2,0,0.3167420814479638
6539,5,0,0.10624706434945984
6540,4,0,0.2782089552238806
6541,5,0,0.4191852825229961
6542,4,0,0.10846181427034779
6543,5,0,0.10624706434945984
6544,2,0,0.6916956737941323
6545,2,1,0.3931203931203931
6546,2,1,0.6916956737941323
6547,3,0,0.10848338260324286
6548,1,1,0.7188195991091314
6549,4,0,0.10846181427034779
6550,1,0,0.09750492449113592
6551,5,1,0.10624706434945984
6552,5,0,0.2745320476460579
6553,2,0,0.1051693404634581
6554,4,1,0.5256124721603563
6555,1,1,0.7188195991091314
6556,2,0,0.3931203931203931
6557,3,0,0.10848338260324286
6558,4,0,0.17377182298010557
6559,3,0,0.10848338260324286
6560,3,0,0.10848338260324286
6561,2,0,0.1051693404634581
6562,1,0,0.1750291715285881
6563,4,1,0.7197309417040358
6564,4,1,0.10846181427034779
6565,3,0,0.27732558139534885
6566,5,1,0.5300668151447662
6567,2,0,0.17620376831821355
6568,3,0,0.10848338260324286
6569,1,1,0.1750291715285881
6570,3,0,0.1743920972644377
6571,1,1,0.09750492449113592
6572,1,0,0.09750492449113592
6573,3,0,0.1743920972644377
6574,3,0,0.10848338260324286
6575,4,0,0.10846181427034779
6576,3,0,0.3774703557312253
6577,1,0,0.1750291715285881
6578,4,0,0.10846181427034779
6579,1,1,0.09750492449113592
6580,5,0,0.17265193370165746
6581,4,0,0.10846181427034779
6582,5,1,0.7639751552795031
6583,4,0,0.10846181427034779
6584,2,0,0.17620376831821355
6585,3,0,0.10848338260324286
6586,2,1,0.5244444444444445
6587,3,0,0.7204419889502762
6588,3,0,0.10848338260324286
6589,5,0,0.10624706434945984
6590,5,1,0.10624706434945984
6591,5,0,0.10624706434945984
6592,5,0,0.10624706434945984
6593,4,0,0.10846181427034779
6594,5,1,0.17265193370165746
6595,5,0,0.17265193370165746
6596,4,1,0.10846181427034779
6597,4,0,0.10846181427034779
6598,1,0,0.1750291715285881
6599,4,0,0.10846181427034779
6600,5,0,0.10624706434945984
6601,4,0,0.17377182298010557
6602,5,0,0.2745320476460579
6603,3,0,0.10848338260324286
6604,1,1,0.09750492449113592
6605,5,0,0.10624706434945984
6606,3,0,0.10848338260324286
6607,3,1,0.3774703557312253
6608,1,0,0.09750492449113592
6609,2,0,0.1051693404634581
6610,1,1,0.5276497695852534
6611,3,0,0.10848338260324286
6612,3,0,0.10848338260324286
6613,2,0,0.1051693404634581
6614,2,0,0.17620376831821355
6615,4,0,0.10846181427034779
6616,5,0,0.10624706434945984
6617,5,0,0.10624706434945984
6618,1,0,0.2579210672595887
6619,4,0,0.10846181427034779
6620,3,0,0.10848338260324286
6621,2,0,0.17620376831821355
6622,2,0,0.1051693404634581
6623,1,0,0.2579210672595887
6624,5,0,0.10624706434945984
6625,3,0,0.10848338260324286
6626,1,0,0.1750291715285881
6627,3,0,0.10848338260324286
6628,4,0,0.10846181427034779
6629,5,0,0.2850467289719626
6630,4,0,0.10846181427034779
6631,1,1,0.09750492449113592
6632,1,1,0.09750492449113592
6633,4,0,0.2782089552238806
6634,2,0,0.17620376831821355
6635,3,1,0.7204419889502762
6636,4,0,0.10846181427034779
6637,4,1,0.5256124721603563
6638,1,0,0.09750492449113592
6639,5,0,0.4191852825229961
6640,1,0,0.1750291715285881
6641,5,0,0.10624706434945984
6642,3,1,0.7204419889502762
6643,3,0,0.10848338260324286
6644,1,0,0.1750291715285881
6645,3,1,0.7204419889502762
6646,2,0,0.17620376831821355
6647,2,0,0.1051693404634581
6648,3,1,0.7204419889502762
6649,1,0,0.09750492449113592
6650,5,0,0.2745320476460579
6651,1,0,0.09750492449113592
6652,3,0,0.3722943722943723
6653,2,0,0.1051693404634581
6654,2,0,0.27938671209540034
6655,2,0,0.1051693404634581
6656,5,0,0.10624706434945984
6657,5,0,0.17265193370165746
6658,1,1,0.7188195991091314
6659,4,0,0.7197309417040358
6660,3,0,0.10848338260324286
6661,2,1,0.1051693404634581
6662,5,0,0.2745320476460579
6663,5,0,0.2745320476460579
6664,1,0,0.09750492449113592
6665,4,0,0.10846181427034779
6666,2,1,0.1051693404634581
6667,5,0,0.10624706434945984
6668,1,0,0.09750492449113592
6669,3,0,0.10848338260324286
6670,3,0,0.1743920972644377
6671,2,0,0.1051693404634581
6672,4,1,0.7197309417040358
6673,5,0,0.10624706434945984
6674,3,0,0.4647058823529412
6675,2,0,0.17620376831821355
6676,2,0,0.1051693404634581
6677,4,0,0.10846181427034779
6678,1,0,0.09750492449113592
6679,4,1,0.7197309417040358
6680,1,0,0.09750492449113592
6681,4,0,0.17377182298010557
6682,5,0,0.17265193370165746
6683,3,0,0.10848338260324286
6684,4,0,0.10846181427034779
6685,5,1,0.6489626556016598
6686,2,0,0.1051693404634581
6687,3,0,0.10848338260324286
6688,2,0,0.1051693404634581
6689,3,0,0.10848338260324286
6690,3,0,0.27732558139534885
6691,5,0,0.10624706434945984
6692,5,0,0.4191852825229961
6693,1,1,0.2579210672595887
6694,1,0,0.2624521072796935
6695,2,0,0.1051693404634581
6696,2,0,0.1051693404634581
6697,2,0,0.1051693404634581
6698,5,1,0.10624706434945984
6699,3,0,0.10848338260324286
6700,3,0,0.10848338260324286
6701,1,0,0.5276497695852534
6702,2,0,0.1051693404634581
6703,4,0,0.10846181427034779
6704,5,1,0.6489626556016598
6705,5,0,0.10624706434945984
6706,1,0,0.09750492449113592
6707,1,0,0.09750492449113592
6708,5,0,0.10624706434945984
6709,1,0,0.09750492449113592
6710,3,0,0.10848338260324286
6711,4,0,0.10846181427034779
6712,1,0,0.2664359861591695
6713,3,0,0.10848338260324286
6714,4,1,0.7197309417040358
6715,4,0,0.10846181427034779
6716,3,0,0.3774703557312253
6717,5,1,0.4191852825229961
6718,3,0,0.27732558139534885
6719,1,0,0.09750492449113592
6720,4,0,0.10846181427034779
6721,4,1,0.10846181427034779
6722,4,0,0.36443148688046645
6723,4,0,0.10846181427034779
6724,1,1,0.7188195991091314
6725,5,0,0.10624706434945984
6726,3,0,0.3722943722943723
6727,1,0,0.2579210672595887
6728,2,0,0.1051693404634581
6729,1,0,0.09750492449113592
6730,5,1,0.17265193370165746
6731,2,0,0.1051693404634581
6732,3,0,0.1743920972644377
6733,5,1,0.2745320476460579
6734,1,0,0.09750492449113592
6735,5,0,0.10624706434945984
6736,5,0,0.2745320476460579
6737,3,0,0.10848338260324286
6738,5,1,0.17265193370165746
6739,3,0,0.10848338260324286
6740,4,0,0.10846181427034779
6741,1,0,0.1750291715285881
6742,5,0,0.17265193370165746
6743,3,0,0.10848338260324286
6744,1,1,0.09750492449113592
6745,5,1,0.7639751552795031
6746,2,0,0.17620376831821355
6747,5,0,0.17265193370165746
6748,5,1,0.7639751552795031
6749,5,0,0.2745320476460579
6750,2,1,0.27938671209540034
6751,1,1,0.7188195991091314
6752,4,0,0.10846181427034779
6753,2,0,0.1051693404634581
6754,2,0,0.3931203931203931
6755,3,0,0.1743920972644377
6756,4,0,0.10846181427034779
6757,5,1,0.6489626556016598
6758,5,0,0.10624706434945984
6759,2,0,0.1051693404634581
6760,5,0,0.10624706434945984
6761,5,0,0.10624706434945984
6762,4,1,0.7197309417040358
6763,1,0,0.1750291715285881
6764,2,0,0.1051693404634581
6765,4,0,0.10846181427034779
6766,3,0,0.10848338260324286
6767,1,0,0.09750492449113592
6768,3,0,0.10848338260324286
6769,3,1,0.1743920972644377
6770,4,1,0.7197309417040358
6771,4,1,0.36443148688046645
6772,2,1,0.27938671209540034
6773,5,1,0.10624706434945984
6774,1,0,0.09750492449113592
6775,4,0,0.10846181427034779
6776,1,0,0.09750492449113592
6777,5,0,0.17265193370165746
6778,1,0,0.09750492449113592
6779,4,1,0.10846181427034779
6780,1,1,0.09750492449113592
6781,4,0,0.10846181427034779
6782,5,0,0.4191852825229961
6783,5,1,0.10624706434945984
6784,1,1,0.09750492449113592
6785,5,0,0.10624706434945984
6786,3,0,0.10848338260324286
6787,2,0,0.1051693404634581
6788,1,0,0.09750492449113592
6789,3,0,0.10848338260324286
6790,3,0,0.10848338260324286
6791,4,0,0.10846181427034779
6792,1,1,0.5128205128205128
6793,5,1,0.7639751552795031
6794,5,0,0.2745320476460579
6795,3,0,0.10848338260324286
6796,3,0,0.10848338260324286
6797,5,0,0.10624706434945984
6798,3,0,0.10848338260324286
6799,4,0,0.10846181427034779
6800,2,0,0.1051693404634581
6801,4,0,0.17377182298010557
6802,4,0,0.10846181427034779
6803,1,0,0.09750492449113592
6804,3,0,0.10848338260324286
6805,5,0,0.10624706434945984
6806,5,0,0.10624706434945984
6807,4,0,0.36443148688046645
6808,4,1,0.17377182298010557
6809,4,0,0.10846181427034779
6810,3,0,0.10848338260324286
6811,1,0,0.09750492449113592
6812,5,0,0.17265193370165746
6813,2,0,0.1051693404634581
6814,1,0,0.2624521072796935
6815,2,0,0.5244444444444445
6816,3,1,0.10848338260324286
6817,2,0,0.1051693404634581
6818,1,0,0.09750492449113592
6819,3,0,0.3774703557312253
6820,5,0,0.2745320476460579
6821,2,0,0.1051693404634581
6822,4,0,0.10846181427034779
6823,3,0,0.3774703557312253
6824,1,0,0.1750291715285881
6825,3,1,0.1743920972644377
6826,1,0,0.09750492449113592
6827,2,1,0.6916956737941323
6828,5,0,0.10624706434945984
6829,5,0,0.10624706434945984
6830,1,0,0.09750492449113592
6831,3,0,0.10848338260324286
6832,4,0,0.10846181427034779
6833,4,0,0.10846181427034779
6834,5,0,0.10624706434945984
6835,5,1,0.4191852825229961
6836,4,0,0.10846181427034779
6837,1,1,0.2579210672595887
6838,1,0,0.09750492449113592
6839,2,0,0.27938671209540034
6840,5,0,0.10624706434945984
6841,2,0,0.1051693404634581
6842,2,0,0.1051693404634581
6843,5,0,0.17265193370165746
6844,2,0,0.1051693404634581
6845,4,0,0.5256124721603563
6846,5,1,0.7639751552795031
6847,5,1,0.7639751552795031
6848,5,0,0.10624706434945984
6849,2,0,0.17620376831821355
6850,2,0,0.1051693404634581
6851,3,0,0.10848338260324286
6852,2,0,0.1051693404634581
6853,2,0,0.1051693404634581
6854,1,0,0.09750492449113592
6855,5,0,0.2745320476460579
6856,5,0,0.10624706434945984
6857,2,0,0.1051693404634581
6858,1,1,0.2579210672595887
6859,2,0,0.3931203931203931
6860,1,0,0.2579210672595887
6861,1,0,0.2579210672595887
6862,1,1,0.7188195991091314
6863,5,0,0.17265193370165746
6864,5,0,0.2745320476460579
6865,1,0,0.09750492449113592
6866,2,0,0.1051693404634581
6867,2,1,0.6916956737941323
6868,1,0,0.09750492449113592
6869,1,0,0.09750492449113592
6870,2,0,0.1051693404634581
6871,4,1,0.36443148688046645
6872,4,0,0.10846181427034779
6873,3,0,0.10848338260324286
6874,4,1,0.2782089552238806
6875,4,1,0.7197309417040358
6876,5,1,0.10624706434945984
6877,3,0,0.1743920972644377
6878,4,0,0.36443148688046645
6879,4,0,0.2782089552238806
6880,2,0,0.5244444444444445
6881,4,1,0.7197309417040358
6882,4,1,0.17377182298010557
6883,4,0,0.5256124721603563
6884,1,0,0.09750492449113592
6885,4,0,0.10846181427034779
6886,1,0,0.2579210672595887
6887,5,0,0.10624706434945984
6888,5,0,0.17265193370165746
6889,5,0,0.10624706434945984
6890,5,0,0.10624706434945984
6891,3,0,0.10848338260324286
6892,5,1,0.17265193370165746
6893,5,0,0.10624706434945984
6894,2,1,0.2131979695431472
6895,5,1,0.10624706434945984
6896,2,1,0.27938671209540034
6897,3,0,0.10848338260324286
6898,5,0,0.10624706434945984
6899,1,0,0.09750492449113592
6900,1,0,0.09750492449113592
6901,2,0,0.17620376831821355
6902,5,0,0.17265193370165746
6903,2,1,0.17620376831821355
6904,4,0,0.10846181427034779
6905,3,1,0.4647058823529412
6906,3,1,0.3774703557312253
6907,1,0,0.2579210672595887
6908,1,0,0.2624521072796935
6909,4,1,0.7197309417040358
6910,4,0,0.2782089552238806
6911,3,1,0.10848338260324286
6912,1,0,0.09750492449113592
6913,5,0,0.2745320476460579
6914,5,0,0.10624706434945984
6915,1,0,0.1750291715285881
6916,4,0,0.36443148688046645
6917,3,1,0.1743920972644377
6918,1,0,0.09750492449113592
6919,3,0,0.10848338260324286
6920,1,0,0.09750492449113592
6921,2,1,0.17620376831821355
6922,5,0,0.17265193370165746
6923,4,1,0.17377182298010557
6924,1,0,0.09750492449113592
6925,2,1,0.6916956737941323
6926,2,1,0.1051693404634581
6927,3,1,0.10848338260324286
6928,2,0,0.17620376831821355
6929,1,0,0.1750291715285881
6930,4,0,0.17377182298010557
6931,3,0,0.10848338260324286
6932,3,0,0.10848338260324286
6933,2,0,0.27938671209540034
6934,3,1,0.7204419889502762
6935,4,1,0.10846181427034779
6936,5,1,0.5300668151447662
6937,5,1,0.10624706434945984
6938,3,0,0.1743920972644377
6939,2,0,0.1051693404634581
6940,5,0,0.10624706434945984
6941,5,0,0.10624706434945984
6942,1,0,0.09750492449113592
6943,3,0,0.3774703557312253
6944,3,0,0.10848338260324286
6945,2,0,0.1051693404634581
6946,2,0,0.1051693404634581
6947,4,1,0.17377182298010557
6948,4,1,0.10846181427034779
6949,1,0,0.2624521072796935
6950,1,0,0.2579210672595887
6951,5,0,0.4191852825229961
6952,5,0,0.2745320476460579
6953,5,0,0.10624706434945984
6954,5,0,0.10624706434945984
6955,3,0,0.27732558139534885
6956,3,0,0.10848338260324286
6957,4,0,0.10846181427034779
6958,2,0,0.17620376831821355
6959,3,1,0.7204419889502762
6960,2,0,0.1051693404634581
6961,2,0,0.1051693404634581
6962,4,0,0.10846181427034779
6963,3,0,0.10848338260324286
6964,2,0,0.1051693404634581
6965,5,0,0.10624706434945984
6966,2,0,0.1051693404634581
6967,1,0,0.09750492449113592
6968,4,0,0.10846181427034779
6969,3,0,0.3722943722943723
6970,3,0,0.10848338260324286
6971,5,0,0.10624706434945984
6972,1,1,0.09750492449113592
6973,5,0,0.4191852825229961
6974,4,0,0.7197309417040358
6975,3,0,0.10848338260324286
6976,5,0,0.10624706434945984
6977,1,0,0.2579210672595887
6978,3,1,0.27732558139534885
6979,2,1,0.1051693404634581
6980,2,0,0.17620376831821355
6981,2,0,0.17620376831821355
6982,5,0,0.10624706434945984
6983,3,1,0.7204419889502762
6984,3,0,0.10848338260324286
6985,3,0,0.10848338260324286
6986,3,1,0.10848338260324286
6987,5,0,0.17265193370165746
6988,5,0,0.10624706434945984
6989,5,0,0.10624706434945984
6990,2,0,0.1051693404634581
6991,1,0,0.1750291715285881
6992,3,0,0.10848338260324286
6993,3,0,0.10848338260324286
6994,4,0,0.10846181427034779
6995,2,0,0.17620376831821355
6996,2,0,0.17620376831821355
6997,5,0,0.17265193370165746
6998,1,1,0.7188195991091314
6999,4,0,0.10846181427034779
7000,4,0,0.17377182298010557
7001,1,0,0.09750492449113592
7002,4,0,0.10846181427034779
7003,2,0,0.1051693404634581
7004,1,0,0.09750492449113592
7005,4,1,0.10846181427034779
7006,1,0,0.2579210672595887
7007,1,0,0.1750291715285881
7008,2,0,0.1051693404634581
7009,5,0,0.10624706434945984
7010,4,0,0.10846181427034779
7011,5,0,0.17265193370165746
7012,1,0,0.1750291715285881
7013,5,0,0.2745320476460579
7014,3,1,0.538961038961039
7015,3,0,0.10848338260324286
7016,5,0,0.2745320476460579
7017,1,1,0.7188195991091314
7018,3,1,0.10848338260324286
7019,3,0,0.10848338260324286
7020,5,1,0.22580645161290322
7021,5,0,0.17265193370165746
7022,3,1,0.7204419889502762
7023,2,0,0.1051693404634581
7024,3,0,0.1743920972644377
7025,3,0,0.10848338260324286
7026,4,0,0.10846181427034779
7027,2,1,0.27938671209540034
7028,1,0,0.1750291715285881
7029,2,0,0.1051693404634581
7030,3,0,0.10848338260324286
7031,3,1,0.7204419889502762
7032,3,0,0.27732558139534885
7033,2,0,0.1051693404634581
7034,4,0,0.7197309417040358
7035,3,0,0.27732558139534885
7036,1,0,0.2579210672595887
7037,2,0,0.17620376831821355
7038,5,0,0.10624706434945984
7039,1,1,0.5128205128205128
7040,1,0,0.1750291715285881
7041,4,0,0.10846181427034779
7042,4,0,0.7197309417040358
7043,3,0,0.1743920972644377
7044,3,0,0.10848338260324286
7045,4,1,0.31981981981981983
7046,4,1,0.7197309417040358
7047,5,0,0.17265193370165746
7048,3,1,0.27732558139534885
7049,2,1,0.5244444444444445
7050,5,0,0.17265193370165746
7051,2,0,0.1051693404634581
7052,3,1,0.10848338260324286
7053,3,1,0.27732558139534885
7054,4,0,0.10846181427034779
7055,2,0,0.1051693404634581
7056,5,1,0.5300668151447662
7057,2,0,0.17620376831821355
7058,5,0,0.10624706434945984
7059,4,0,0.10846181427034779
7060,5,0,0.17265193370165746
7061,2,0,0.1051693404634581
7062,4,1,0.31981981981981983
7063,2,0,0.1051693404634581
7064,1,0,0.1750291715285881
7065,4,0,0.17377182298010557
7066,3,0,0.10848338260324286
7067,2,1,0.6916956737941323
7068,3,1,0.7204419889502762
7069,1,0,0.09750492449113592
7070,5,0,0.10624706434945984
7071,1,0,0.09750492449113592
7072,2,0,0.1051693404634581
7073,3,1,0.1743920972644377
7074,5,0,0.10624706434945984
7075,2,1,0.1051693404634581
7076,3,0,0.10848338260324286
7077,5,1,0.6489626556016598
7078,1,0,0.2624521072796935
7079,1,1,0.5276497695852534
7080,5,0,0.10624706434945984
7081,4,0,0.10846181427034779
7082,4,0,0.10846181427034779
7083,5,0,0.10624706434945984
7084,3,0,0.538961038961039
7085,4,0,0.10846181427034779
7086,2,0,0.1051693404634581
7087,3,1,0.7204419889502762
7088,1,0,0.5276497695852534
7089,1,0,0.09750492449113592
7090,1,0,0.09750492449113592
7091,5,0,0.10624706434945984
7092,1,1,0.7188195991091314
7093,4,0,0.10846181427034779
7094,2,1,0.1051693404634581
7095,5,0,0.10624706434945984
7096,4,1,0.10846181427034779
7097,3,1,0.27732558139534885
7098,1,1,0.7188195991091314
7099,1,0,0.2624521072796935
7100,5,0,0.10624706434945984
7101,2,0,0.3931203931203931
7102,2,0,0.27938671209540034
7103,3,0,0.1743920972644377
7104,2,1,0.6916956737941323
7105,5,0,0.10624706434945984
7106,4,1,0.36443148688046645
7107,1,1,0.2624521072796935
7108,4,0,0.10846181427034779
7109,5,0,0.2745320476460579
7110,4,0,0.2782089552238806
7111,4,1,0.7197309417040358
7112,5,0,0.10624706434945984
7113,5,0,0.10624706434945984
7114,2,0,0.1051693404634581
7115,3,0,0.1743920972644377
7116,5,0,0.10624706434945984
7117,3,1,0.7204419889502762
7118,1,0,0.09750492449113592
7119,2,0,0.1051693404634581
7120,3,0,0.10848338260324286
7121,5,0,0.10624706434945984
7122,1,1,0.09750492449113592
7123,3,0,0.27732558139534885
7124,3,0,0.1743920972644377
7125,3,1,0.27732558139534885
7126,4,0,0.2782089552238806
7127,2,0,0.6916956737941323
7128,3,0,0.10848338260324286
7129,4,0,0.10846181427034779
7130,5,0,0.10624706434945984
7131,5,1,0.10624706434945984
7132,1,0,0.1750291715285881
7133,1,0,0.09750492449113592
7134,3,0,0.1743920972644377
7135,1,0,0.09750492449113592
7136,3,1,0.7204419889502762
7137,2,0,0.1051693404634581
7138,4,0,0.10846181427034779
7139,5,1,0.6489626556016598
7140,5,1,0.6489626556016598
7141,2,0,0.1051693404634581
7142,1,0,0.09750492449113592
7143,4,0,0.5256124721603563
7144,4,0,0.10846181427034779
7145,3,0,0.10848338260324286
7146,2,0,0.17620376831821355
7147,2,0,0.17620376831821355
7148,4,0,0.10846181427034779
7149,2,0,0.1051693404634581
7150,1,1,0.5128205128205128
7151,3,0,0.10848338260324286
7152,3,0,0.10848338260324286
7153,2,0,0.17620376831821355
7154,3,0,0.10848338260324286
7155,4,0,0.10846181427034779
7156,1,0,0.09750492449113592
7157,1,0,0.09750492449113592
7158,1,0,0.2664359861591695
7159,1,1,0.2579210672595887
7160,4,0,0.2782089552238806
7161,4,0,0.17377182298010557
7162,5,1,0.6489626556016598
7163,3,0,0.10848338260324286
7164,4,0,0.53
7165,2,0,0.1051693404634581
7166,3,1,0.538961038961039
7167,1,0,0.09750492449113592
7168,1,0,0.7188195991091314
7169,5,0,0.10624706434945984
7170,1,0,0.09750492449113592
7171,1,1,0.09750492449113592
7172,5,1,0.7639751552795031
7173,4,0,0.17377182298010557
7174,5,0,0.10624706434945984
7175,1,0,0.09750492449113592
7176,4,0,0.2782089552238806
7177,5,0,0.6489626556016598
7178,1,0,0.1750291715285881
7179,1,0,0.1750291715285881
7180,4,0,0.17377182298010557
7181,4,0,0.10846181427034779
7182,3,0,0.10848338260324286
7183,2,1,0.3931203931203931
7184,1,0,0.09750492449113592
7185,2,0,0.1051693404634581
7186,5,1,0.6489626556016598
7187,4,0,0.10846181427034779
7188,1,0,0.09750492449113592
7189,2,0,0.17620376831821355
7190,1,0,0.09750492449113592
7191,1,0,0.1750291715285881
7192,4,1,0.17377182298010557
7193,5,0,0.10624706434945984
7194,5,0,0.10624706434945984
7195,1,0,0.1750291715285881
7196,2,0,0.6916956737941323
7197,1,0,0.2579210672595887
7198,4,0,0.10846181427034779
7199,3,0,0.1743920972644377
7200,4,0,0.10846181427034779
7201,1,0,0.09750492449113592
7202,1,0,0.09750492449113592
7203,1,0,0.1750291715285881
7204,2,0,0.1051693404634581
7205,5,0,0.17265193370165746
7206,2,0,0.1051693404634581
7207,5,0,0.22580645161290322
7208,3,0,0.10848338260324286
7209,2,1,0.6916956737941323
7210,1,0,0.09750492449113592
7211,1,1,0.2579210672595887
7212,5,0,0.6489626556016598
7213,3,1,0.3774703557312253
7214,1,0,0.09750492449113592
7215,2,0,0.1051693404634581
7216,1,0,0.09750492449113592
7217,1,0,0.09750492449113592
7218,1,1,0.1750291715285881
7219,1,0,0.5276497695852534
7220,2,0,0.1051693404634581
7221,4,1,0.17377182298010557
7222,4,1,0.2782089552238806
7223,1,0,0.09750492449113592
7224,2,1,0.1051693404634581
7225,5,0,0.17265193370165746
7226,1,0,0.1750291715285881
7227,5,0,0.5300668151447662
7228,3,0,0.10848338260324286
7229,1,0,0.09750492449113592
7230,2,0,0.1051693404634581
7231,5,0,0.10624706434945984
7232,2,0,0.17620376831821355
7233,3,0,0.10848338260324286
7234,1,1,0.5276497695852534
7235,3,1,0.27732558139534885
7236,5,0,0.17265193370165746
7237,1,0,0.2579210672595887
7238,3,0,0.1743920972644377
7239,1,0,0.09750492449113592
7240,2,1,0.6916956737941323
7241,3,0,0.10848338260324286
7242,5,0,0.17265193370165746
7243,4,1,0.36443148688046645
7244,5,0,0.10624706434945984
7245,1,0,0.09750492449113592
7246,2,0,0.3931203931203931
7247,1,0,0.2624521072796935
7248,3,1,0.3774703557312253
7249,4,0,0.10846181427034779
7250,5,0,0.10624706434945984
7251,4,0,0.10846181427034779
7252,5,1,0.7639751552795031
7253,5,1,0.4191852825229961
7254,2,1,0.27938671209540034
7255,5,0,0.10624706434945984
7256,4,0,0.10846181427034779
7257,1,1,0.09750492449113592
7258,4,0,0.10846181427034779
7259,1,0,0.2579210672595887
7260,5,0,0.10624706434945984
7261,4,0,0.17377182298010557
7262,2,0,0.1051693404634581
7263,5,0,0.10624706434945984
7264,1,0,0.09750492449113592
7265,5,0,0.5300668151447662
7266,4,0,0.17377182298010557
7267,1,0,0.2579210672595887
7268,5,0,0.10624706434945984
7269,1,0,0.09750492449113592
7270,3,0,0.10848338260324286
7271,2,1,0.6916956737941323
7272,1,1,0.2579210672595887
7273,5,1,0.7639751552795031
7274,1,0,0.09750492449113592
7275,5,1,0.4191852825229961
7276,5,0,0.10624706434945984
7277,3,0,0.10848338260324286
7278,5,0,0.17265193370165746
7279,2,0,0.1051693404634581
7280,1,0,0.09750492449113592
7281,3,0,0.10848338260324286
7282,4,1,0.17377182298010557
7283,4,0,0.2782089552238806
7284,2,1,0.1051693404634581
7285,1,1,0.09750492449113592
7286,4,0,0.7197309417040358
7287,5,0,0.10624706434945984
7288,5,0,0.10624706434945984
7289,2,0,0.1051693404634581
7290,4,0,0.10846181427034779
7291,1,0,0.09750492449113592
7292,5,1,0.10624706434945984
7293,5,0,0.7639751552795031
7294,5,1,0.4191852825229961
7295,3,0,0.538961038961039
7296,2,0,0.1051693404634581
7297,1,0,0.1750291715285881
7298,5,0,0.10624706434945984
7299,3,0,0.27732558139534885
7300,4,0,0.31981981981981983
7301,2,1,0.1051693404634581
7302,5,0,0.2745320476460579
7303,1,0,0.09750492449113592
7304,4,0,0.10846181427034779
7305,2,0,0.1051693404634581
7306,3,0,0.10848338260324286
7307,3,0,0.7204419889502762
7308,1,1,0.5276497695852534
7309,2,0,0.1051693404634581
7310,5,0,0.10624706434945984
7311,3,0,0.10848338260324286
7312,4,0,0.10846181427034779
7313,5,0,0.6489626556016598
7314,1,0,0.09750492449113592
7315,1,0,0.1750291715285881
7316,3,1,0.7204419889502762
7317,2,1,0.6916956737941323
7318,1,0,0.09750492449113592
7319,4,0,0.10846181427034779
7320,3,0,0.10848338260324286
7321,5,0,0.17265193370165746
7322,3,0,0.10848338260324286
7323,5,0,0.10624706434945984
7324,4,0,0.10846181427034779
7325,1,0,0.09750492449113592
7326,2,0,0.27938671209540034
7327,5,1,0.10624706434945984
7328,4,0,0.10846181427034779
7329,4,0,0.10846181427034779
7330,2,1,0.5244444444444445
7331,2,1,0.27938671209540034
7332,5,0,0.10624706434945984
7333,3,0,0.10848338260324286
7334,2,0,0.17620376831821355
7335,2,0,0.1051693404634581
7336,3,0,0.10848338260324286
7337,3,0,0.10848338260324286
7338,2,0,0.1051693404634581
7339,4,0,0.5256124721603563
7340,3,0,0.10848338260324286
7341,4,0,0.10846181427034779
7342,1,0,0.7188195991091314
7343,2,0,0.2131979695431472
7344,2,1,0.1051693404634581
7345,5,0,0.10624706434945984
7346,2,0,0.1051693404634581
7347,1,0,0.09750492449113592
7348,3,0,0.10848338260324286
7349,2,0,0.17620376831821355
7350,5,0,0.10624706434945984
7351,5,0,0.10624706434945984
7352,4,1,0.2782089552238806
7353,1,0,0.1750291715285881
7354,5,1,0.17265193370165746
7355,2,0,0.1051693404634581
7356,2,0,0.1051693404634581
7357,3,0,0.10848338260324286
7358,5,1,0.6489626556016598
7359,2,0,0.1051693404634581
7360,5,0,0.10624706434945984
7361,4,1,0.2782089552238806
7362,4,0,0.10846181427034779
7363,2,0,0.1051693404634581
7364,5,1,0.10624706434945984
7365,1,1,0.7188195991091314
7366,2,0,0.1051693404634581
7367,4,0,0.10846181427034779
7368,2,0,0.1051693404634581
7369,3,0,0.10848338260324286
7370,3,0,0.10848338260324286
7371,1,0,0.1750291715285881
7372,5,0,0.10624706434945984
7373,2,1,0.6916956737941323
7374,2,0,0.1051693404634581
7375,5,0,0.17265193370165746
7376,4,0,0.10846181427034779
7377,1,0,0.1750291715285881
7378,2,0,0.1051693404634581
7379,2,1,0.27938671209540034
7380,3,0,0.27732558139534885
7381,4,0,0.10846181427034779
7382,3,0,0.3722943722943723
7383,2,1,0.27938671209540034
7384,3,0,0.10848338260324286
7385,5,0,0.10624706434945984
7386,3,0,0.1743920972644377
7387,2,0,0.1051693404634581
7388,5,0,0.10624706434945984
7389,2,0,0.27938671209540034
7390,2,0,0.1051693404634581
7391,2,1,0.3931203931203931
7392,1,1,0.7188195991091314
7393,1,0,0.2579210672595887
7394,4,1,0.10846181427034779
7395,4,0,0.10846181427034779
7396,2,0,0.1051693404634581
7397,3,1,0.10848338260324286
7398,4,0,0.10846181427034779
7399,5,1,0.5300668151447662
7400,3,0,0.10848338260324286
7401,5,1,0.4191852825229961
7402,3,0,0.1743920972644377
7403,4,0,0.10846181427034779
7404,4,1,0.10846181427034779
7405,5,0,0.10624706434945984
7406,1,0,0.09750492449113592
7407,2,0,0.1051693404634581
7408,1,0,0.09750492449113592
7409,2,0,0.1051693404634581
7410,2,0,0.17620376831821355
7411,2,0,0.1051693404634581
7412,2,0,0.1051693404634581
7413,4,0,0.10846181427034779
7414,5,0,0.2745320476460579
7415,5,0,0.10624706434945984
7416,4,1,0.31981981981981983
7417,5,1,0.4191852825229961
7418,3,0,0.10848338260324286
7419,3,0,0.10848338260324286
7420,1,0,0.1750291715285881
7421,5,0,0.10624706434945984
7422,2,0,0.1051693404634581
7423,2,0,0.1051693404634581
7424,3,0,0.1743920972644377
7425,1,1,0.1750291715285881
7426,5,1,0.17265193370165746
7427,4,0,0.10846181427034779
7428,3,0,0.10848338260324286
7429,1,0,0.4164420485175202
7430,2,0,0.1051693404634581
7431,5,0,0.7639751552795031
7432,2,1,0.6916956737941323
7433,2,0,0.1051693404634581
7434,5,0,0.10624706434945984
7435,3,0,0.10848338260324286
7436,2,1,0.17620376831821355
7437,4,0,0.10846181427034779
7438,2,0,0.1051693404634581
7439,4,0,0.10846181427034779
7440,3,1,0.3774703557312253
7441,2,0,0.1051693404634581
7442,2,0,0.6916956737941323
7443,1,0,0.1750291715285881
7444,2,0,0.17620376831821355
7445,5,1,0.7639751552795031
7446,5,0,0.7639751552795031
7447,5,0,0.10624706434945984
7448,5,0,0.10624706434945984
7449,1,0,0.2579210672595887
7450,5,0,0.10624706434945984
7451,3,0,0.3774703557312253
7452,3,0,0.10848338260324286
7453,2,0,0.1051693404634581
7454,4,0,0.36443148688046645
7455,2,0,0.5244444444444445
7456,5,0,0.4191852825229961
7457,4,0,0.10846181427034779
7458,5,0,0.4191852825229961
7459,2,0,0.1051693404634581
7460,4,0,0.7197309417040358
7461,2,0,0.17620376831821355
7462,5,0,0.2850467289719626
7463,2,1,0.1051693404634581
7464,1,1,0.1750291715285881
7465,1,0,0.2664359861591695
7466,5,1,0.6489626556016598
7467,2,0,0.17620376831821355
7468,3,0,0.1743920972644377
7469,5,0,0.10624706434945984
7470,3,0,0.10848338260324286
7471,3,0,0.10848338260324286
7472,5,0,0.10624706434945984
7473,2,0,0.1051693404634581
7474,4,0,0.17377182298010557
7475,1,0,0.2579210672595887
7476,1,0,0.09750492449113592
7477,1,0,0.1750291715285881
7478,5,0,0.10624706434945984
7479,1,0,0.4164420485175202
7480,1,0,0.09750492449113592
7481,1,0,0.1750291715285881
7482,5,0,0.10624706434945984
7483,4,0,0.10846181427034779
7484,2,0,0.1051693404634581
7485,4,0,0.10846181427034779
7486,1,0,0.1750291715285881
7487,3,0,0.10848338260324286
7488,2,0,0.17620376831821355
7489,2,0,0.1051693404634581
7490,5,0,0.10624706434945984
7491,1,0,0.09750492449113592
7492,3,0,0.10848338260324286
7493,2,0,0.1051693404634581
7494,4,0,0.31981981981981983
7495,1,0,0.09750492449113592
7496,4,1,0.2782089552238806
7497,3,1,0.10848338260324286
7498,3,0,0.538961038961039
7499,4,1,0.7197309417040358
7500,3,0,0.10848338260324286
7501,2,0,0.6916956737941323
7502,3,0,0.27732558139534885
7503,2,0,0.1051693404634581
7504,1,0,0.1750291715285881
7505,3,0,0.1743920972644377
7506,4,0,0.10846181427034779
7507,3,1,0.27732558139534885
7508,2,0,0.1051693404634581
7509,4,0,0.10846181427034779
7510,2,0,0.6916956737941323
7511,3,0,0.3722943722943723
7512,1,0,0.1750291715285881
7513,5,0,0.10624706434945984
7514,4,0,0.10846181427034779
7515,2,1,0.6916956737941323
7516,1,0,0.09750492449113592
7517,4,0,0.17377182298010557
7518,1,0,0.09750492449113592
7519,4,0,0.10846181427034779
7520,2,0,0.3931203931203931
7521,4,0,0.10846181427034779
7522,1,0,0.09750492449113592
7523,3,1,0.7204419889502762
7524,4,0,0.10846181427034779
7525,2,0,0.1051693404634581
7526,3,1,0.10848338260324286
7527,2,0,0.1051693404634581
7528,3,0,0.7204419889502762
7529,4,0,0.10846181427034779
7530,3,0,0.1743920972644377
7531,2,1,0.6916956737941323
7532,4,0,0.2782089552238806
7533,5,1,0.6489626556016598
7534,4,0,0.10846181427034779
7535,1,0,0.09750492449113592
7536,1,0,0.1750291715285881
7537,4,0,0.10846181427034779
7538,4,0,0.7197309417040358
7539,5,0,0.10624706434945984
7540,3,0,0.3774703557312253
7541,1,0,0.7188195991091314
7542,4,0,0.17377182298010557
7543,4,0,0.10846181427034779
7544,4,0,0.10846181427034779
7545,2,1,0.1051693404634581
7546,3,1,0.10848338260324286
7547,2,0,0.1051693404634581
7548,3,0,0.10848338260324286
7549,2,0,0.1051693404634581
7550,4,1,0.10846181427034779
7551,5,0,0.10624706434945984
7552,1,0,0.09750492449113592
7553,4,1,0.10846181427034779
7554,3,0,0.10848338260324286
7555,5,0,0.17265193370165746
7556,4,0,0.10846181427034779
7557,2,0,0.27938671209540034
7558,5,0,0.10624706434945984
7559,5,0,0.17265193370165746
7560,1,0,0.09750492449113592
7561,1,0,0.09750492449113592
7562,2,0,0.27938671209540034
7563,5,0,0.10624706434945984
7564,5,0,0.10624706434945984
7565,3,0,0.10848338260324286
7566,5,0,0.10624706434945984
7567,5,0,0.10624706434945984
7568,2,0,0.3931203931203931
7569,4,0,0.17377182298010557
7570,5,1,0.2850467289719626
7571,5,1,0.10624706434945984
7572,5,0,0.10624706434945984
7573,5,0,0.10624706434945984
7574,4,0,0.10846181427034779
7575,1,0,0.1750291715285881
7576,5,0,0.10624706434945984
7577,2,0,0.17620376831821355
7578,4,0,0.10846181427034779
7579,4,1,0.7197309417040358
7580,4,0,0.10846181427034779
7581,1,0,0.4164420485175202
7582,3,0,0.1743920972644377
7583,3,0,0.10848338260324286
7584,2,0,0.1051693404634581
7585,4,1,0.10846181427034779
7586,2,0,0.1051693404634581
7587,5,1,0.5300668151447662
7588,3,0,0.3774703557312253
7589,2,0,0.3931203931203931
7590,4,0,0.10846181427034779
7591,1,0,0.1750291715285881
7592,4,0,0.2782089552238806
7593,2,0,0.1051693404634581
7594,5,0,0.10624706434945984
7595,3,0,0.10848338260324286
7596,3,0,0.1743920972644377
7597,2,0,0.27938671209540034
7598,3,0,0.10848338260324286
7599,1,0,0.09750492449113592
7600,3,1,0.10848338260324286
7601,3,1,0.7204419889502762
7602,5,0,0.2745320476460579
7603,3,0,0.10848338260324286
7604,3,0,0.1743920972644377
7605,3,1,0.3774703557312253
7606,2,1,0.1051693404634581
7607,4,1,0.36443148688046645
7608,3,0,0.10848338260324286
7609,1,0,0.5276497695852534
7610,4,0,0.10846181427034779
7611,2,0,0.1051693404634581
7612,3,1,0.27732558139534885
7613,2,0,0.1051693404634581
7614,1,0,0.09750492449113592
7615,4,0,0.10846181427034779
7616,1,0,0.09750492449113592
7617,2,0,0.1051693404634581
7618,3,0,0.10848338260324286
7619,1,0,0.09750492449113592
7620,4,1,0.10846181427034779
7621,1,0,0.2579210672595887
7622,5,1,0.10624706434945984
7623,1,1,0.5276497695852534
7624,5,0,0.2745320476460579
7625,2,0,0.3931203931203931
7626,2,1,0.1051693404634581
7627,5,0,0.17265193370165746
7628,2,0,0.1051693404634581
7629,5,0,0.10624706434945984
7630,1,0,0.2579210672595887
7631,5,0,0.10624706434945984
7632,3,0,0.1743920972644377
7633,3,1,0.10848338260324286
7634,5,0,0.10624706434945984
7635,4,0,0.10846181427034779
7636,4,0,0.10846181427034779
7637,4,0,0.7197309417040358
7638,4,1,0.10846181427034779
7639,5,0,0.10624706434945984
7640,1,0,0.09750492449113592
7641,5,1,0.10624706434945984
7642,1,0,0.09750492449113592
7643,3,0,0.27732558139534885
7644,5,1,0.2850467289719626
7645,5,1,0.6489626556016598
7646,4,0,0.2782089552238806
7647,5,0,0.4191852825229961
7648,5,1,0.5300668151447662
7649,3,0,0.10848338260324286
7650,4,0,0.36443148688046645
7651,1,0,0.09750492449113592
7652,3,0,0.1743920972644377
7653,3,1,0.27732558139534885
7654,2,0,0.1051693404634581
7655,3,0,0.1743920972644377
7656,1,0,0.09750492449113592
7657,4,1,0.7197309417040358
7658,5,1,0.2850467289719626
7659,4,0,0.7197309417040358
7660,2,0,0.1051693404634581
7661,1,0,0.09750492449113592
7662,4,0,0.10846181427034779
7663,1,0,0.09750492449113592
7664,5,0,0.6489626556016598
7665,1,1,0.09750492449113592
7666,1,0,0.1750291715285881
7667,5,0,0.10624706434945984
7668,3,1,0.27732558139534885
7669,5,0,0.10624706434945984
7670,2,0,0.17620376831821355
7671,4,0,0.10846181427034779
7672,1,0,0.09750492449113592
7673,5,0,0.10624706434945984
7674,2,0,0.1051693404634581
7675,4,0,0.10846181427034779
7676,1,0,0.09750492449113592
7677,2,0,0.17620376831821355
7678,5,0,0.10624706434945984
7679,1,0,0.1750291715285881
7680,1,0,0.09750492449113592
7681,3,0,0.10848338260324286
7682,3,0,0.10848338260324286
7683,4,0,0.10846181427034779
7684,3,0,0.10848338260324286
7685,3,0,0.10848338260324286
7686,5,0,0.10624706434945984
7687,4,0,0.7197309417040358
7688,3,0,0.10848338260324286
7689,3,0,0.10848338260324286
7690,5,1,0.10624706434945984
7691,5,0,0.2745320476460579
7692,4,1,0.10846181427034779
7693,1,1,0.2579210672595887
7694,1,1,0.7188195991091314
7695,3,0,0.10848338260324286
7696,1,0,0.09750492449113592
7697,5,0,0.4191852825229961
7698,5,0,0.10624706434945984
7699,5,0,0.10624706434945984
7700,5,0,0.10624706434945984
7701,3,0,0.10848338260324286
7702,2,0,0.1051693404634581
7703,3,0,0.10848338260324286
7704,4,0,0.2782089552238806
7705,2,0,0.1051693404634581
7706,1,1,0.7188195991091314
7707,2,0,0.1051693404634581
7708,3,0,0.10848338260324286
7709,2,0,0.1051693404634581
7710,3,1,0.7204419889502762
7711,1,0,0.7188195991091314
7712,2,0,0.5244444444444445
7713,3,0,0.10848338260324286
7714,4,0,0.7197309417040358
7715,5,0,0.10624706434945984
7716,4,0,0.2782089552238806
7717,3,1,0.7204419889502762
7718,4,0,0.17377182298010557
7719,2,1,0.17620376831821355
7720,3,0,0.10848338260324286
7721,4,0,0.10846181427034779
7722,1,0,0.09750492449113592
7723,1,0,0.09750492449113592
7724,1,0,0.09750492449113592
7725,1,1,0.1750291715285881
7726,5,0,0.10624706434945984
7727,5,1,0.4191852825229961
7728,5,0,0.10624706434945984
7729,4,0,0.10846181427034779
7730,5,0,0.10624706434945984
7731,5,0,0.10624706434945984
7732,2,0,0.27938671209540034
7733,1,0,0.09750492449113592
7734,4,1,0.31981981981981983
7735,2,0,0.1051693404634581
7736,2,0,0.1051693404634581
7737,3,0,0.10848338260324286
7738,2,0,0.1051693404634581
7739,3,0,0.10848338260324286
7740,4,0,0.10846181427034779
7741,5,0,0.6489626556016598
7742,1,1,0.09750492449113592
7743,2,0,0.1051693404634581
7744,1,0,0.09750492449113592
7745,1,0,0.2579210672595887
7746,2,0,0.1051693404634581
7747,5,0,0.10624706434945984
7748,4,0,0.10846181427034779
7749,3,0,0.3722943722943723
7750,3,0,0.10848338260324286
7751,1,0,0.09750492449113592
7752,4,1,0.5256124721603563
7753,4,0,0.10846181427034779
7754,3,0,0.10848338260324286
7755,1,0,0.09750492449113592
7756,1,1,0.7188195991091314
7757,4,0,0.10846181427034779
7758,2,1,0.1051693404634581
7759,3,1,0.10848338260324286
7760,1,1,0.5128205128205128
7761,4,1,0.10846181427034779
7762,1,0,0.09750492449113592
7763,2,0,0.1051693404634581
7764,1,0,0.09750492449113592
7765,3,0,0.10848338260324286
7766,5,0,0.7639751552795031
7767,5,0,0.10624706434945984
7768,1,0,0.09750492449113592
7769,1,0,0.09750492449113592
7770,2,1,0.1051693404634581
7771,5,0,0.10624706434945984
7772,1,0,0.09750492449113592
7773,1,0,0.09750492449113592
7774,2,0,0.1051693404634581
7775,1,0,0.1750291715285881
7776,1,1,0.09750492449113592
7777,2,0,0.3931203931203931
7778,5,1,0.17265193370165746
7779,2,0,0.17620376831821355
7780,2,0,0.1051693404634581
7781,3,0,0.1743920972644377
7782,5,0,0.17265193370165746
7783,2,0,0.17620376831821355
7784,4,0,0.36443148688046645
7785,3,0,0.10848338260324286
7786,3,0,0.10848338260324286
7787,3,0,0.10848338260324286
7788,1,0,0.09750492449113592
7789,5,0,0.10624706434945984
7790,3,0,0.1743920972644377
7791,3,0,0.10848338260324286
7792,4,0,0.10846181427034779
7793,1,0,0.09750492449113592
7794,1,0,0.1750291715285881
7795,1,1,0.7188195991091314
7796,3,0,0.10848338260324286
7797,2,0,0.27938671209540034
7798,1,0,0.09750492449113592
7799,5,0,0.10624706434945984
7800,3,0,0.3774703557312253
7801,4,1,0.10846181427034779
7802,1,1,0.5276497695852534
7803,5,0,0.10624706434945984
7804,5,0,0.4191852825229961
7805,2,0,0.1051693404634581
7806,5,0,0.10624706434945984
7807,5,1,0.7639751552795031
7808,4,0,0.10846181427034779
7809,3,0,0.10848338260324286
7810,2,0,0.27938671209540034
7811,1,1,0.7188195991091314
7812,2,0,0.17620376831821355
7813,1,0,0.1750291715285881
7814,5,0,0.10624706434945984
7815,4,0,0.31981981981981983
7816,5,1,0.7639751552795031
7817,2,0,0.1051693404634581
7818,3,0,0.10848338260324286
7819,2,0,0.1051693404634581
7820,4,0,0.10846181427034779
7821,5,0,0.17265193370165746
7822,1,0,0.09750492449113592
7823,3,0,0.10848338260324286
7824,5,0,0.17265193370165746
7825,5,1,0.10624706434945984
7826,4,0,0.10846181427034779
7827,3,0,0.10848338260324286
7828,3,1,0.7204419889502762
7829,1,0,0.1750291715285881
7830,4,0,0.10846181427034779
7831,5,1,0.2745320476460579
7832,1,0,0.09750492449113592
7833,3,1,0.7204419889502762
7834,3,0,0.10848338260324286
7835,3,0,0.10848338260324286
7836,3,1,0.10848338260324286
7837,2,0,0.1051693404634581
7838,4,0,0.36443148688046645
7839,4,0,0.10846181427034779
7840,2,1,0.1051693404634581
7841,2,0,0.1051693404634581
7842,1,0,0.7188195991091314
7843,5,0,0.10624706434945984
7844,3,0,0.10848338260324286
7845,4,1,0.2782089552238806
7846,5,0,0.10624706434945984
7847,4,0,0.17377182298010557
7848,3,0,0.10848338260324286
7849,1,1,0.7188195991091314
7850,5,0,0.10624706434945984
7851,4,0,0.10846181427034779
7852,4,0,0.10846181427034779
7853,3,0,0.7204419889502762
7854,1,1,0.1750291715285881
7855,4,1,0.2782089552238806
7856,5,0,0.17265193370165746
7857,3,0,0.10848338260324286
7858,2,1,0.1051693404634581
7859,5,0,0.10624706434945984
7860,5,0,0.10624706434945984
7861,4,0,0.10846181427034779
7862,1,0,0.09750492449113592
7863,3,0,0.1743920972644377
7864,2,1,0.3167420814479638
7865,4,0,0.10846181427034779
7866,1,0,0.7188195991091314
7867,3,0,0.10848338260324286
7868,1,1,0.1750291715285881
7869,1,0,0.09750492449113592
7870,2,0,0.6916956737941323
7871,5,1,0.7639751552795031
7872,1,0,0.09750492449113592
7873,5,0,0.10624706434945984
7874,4,0,0.10846181427034779
7875,4,1,0.10846181427034779
7876,2,0,0.1051693404634581
7877,3,0,0.10848338260324286
7878,1,0,0.2579210672595887
7879,5,1,0.17265193370165746
7880,5,0,0.10624706434945984
7881,1,0,0.09750492449113592
7882,2,1,0.3931203931203931
7883,5,0,0.10624706434945984
7884,2,1,0.1051693404634581
7885,1,0,0.09750492449113592
7886,5,1,0.17265193370165746
7887,2,0,0.17620376831821355
7888,2,0,0.1051693404634581
7889,3,0,0.10848338260324286
7890,3,0,0.10848338260324286
7891,4,1,0.17377182298010557
7892,1,0,0.09750492449113592
7893,2,0,0.1051693404634581
7894,3,0,0.10848338260324286
7895,3,0,0.10848338260324286
7896,4,0,0.7197309417040358
7897,3,0,0.3774703557312253
7898,3,0,0.10848338260324286
7899,3,0,0.10848338260324286
7900,2,0,0.17620376831821355
7901,5,0,0.22580645161290322
7902,2,1,0.17620376831821355
7903,3,0,0.10848338260324286
7904,4,1,0.7197309417040358
7905,5,0,0.10624706434945984
7906,3,0,0.10848338260324286
7907,2,0,0.6916956737941323
7908,1,0,0.1750291715285881
7909,4,0,0.7197309417040358
7910,3,0,0.10848338260324286
7911,5,0,0.17265193370165746
7912,4,0,0.10846181427034779
7913,1,1,0.1750291715285881
7914,3,0,0.7204419889502762
7915,5,1,0.10624706434945984
7916,3,0,0.10848338260324286
7917,3,0,0.10848338260324286
7918,1,0,0.1750291715285881
7919,2,1,0.6916956737941323
7920,4,0,0.10846181427034779
7921,3,0,0.10848338260324286
7922,3,0,0.10848338260324286
7923,2,0,0.1051693404634581
7924,5,0,0.10624706434945984
7925,4,1,0.10846181427034779
7926,5,0,0.10624706434945984
7927,1,0,0.1750291715285881
7928,5,0,0.10624706434945984
7929,5,0,0.17265193370165746
7930,4,0,0.10846181427034779
7931,4,0,0.10846181427034779
7932,3,0,0.10848338260324286
7933,4,0,0.17377182298010557
7934,4,0,0.36443148688046645
7935,4,0,0.10846181427034779
7936,1,0,0.1750291715285881
7937,3,0,0.10848338260324286
7938,5,1,0.6489626556016598
7939,4,0,0.10846181427034779
7940,4,1,0.7197309417040358
7941,3,0,0.1743920972644377
7942,2,1,0.3931203931203931
7943,4,0,0.10846181427034779
7944,5,1,0.6489626556016598
7945,2,1,0.17620376831821355
7946,3,0,0.10848338260324286
7947,2,1,0.6916956737941323
7948,2,1,0.27938671209540034
7949,3,0,0.3722943722943723
7950,4,1,0.53
7951,2,0,0.27938671209540034
7952,5,0,0.10624706434945984
7953,2,0,0.3167420814479638
7954,1,0,0.1750291715285881
7955,1,1,0.4164420485175202
7956,2,0,0.1051693404634581
7957,3,1,0.3774703557312253
7958,4,0,0.10846181427034779
7959,1,1,0.7188195991091314
7960,5,1,0.10624706434945984
7961,3,0,0.10848338260324286
7962,4,0,0.5256124721603563
7963,2,0,0.1051693404634581
7964,4,0,0.2782089552238806
7965,5,0,0.4191852825229961
7966,1,0,0.09750492449113592
7967,4,0,0.17377182298010557
7968,3,0,0.1743920972644377
7969,2,0,0.1051693404634581
7970,2,1,0.1051693404634581
7971,2,0,0.1051693404634581
7972,5,1,0.10624706434945984
7973,4,0,0.17377182298010557
7974,5,0,0.17265193370165746
7975,2,0,0.1051693404634581
7976,2,0,0.1051693404634581
7977,4,1,0.53
7978,1,1,0.09750492449113592
7979,2,0,0.1051693404634581
7980,4,0,0.2782089552238806
7981,3,1,0.10848338260324286
7982,4,0,0.17377182298010557
7983,4,0,0.10846181427034779
7984,3,1,0.27732558139534885
7985,5,0,0.10624706434945984
7986,2,0,0.1051693404634581
7987,2,0,0.17620376831821355
7988,4,0,0.10846181427034779
7989,4,0,0.10846181427034779
7990,3,0,0.10848338260324286
7991,5,0,0.10624706434945984
7992,2,0,0.1051693404634581
7993,2,0,0.1051693404634581
7994,4,0,0.17377182298010557
7995,4,0,0.36443148688046645
7996,1,0,0.09750492449113592
7997,3,1,0.10848338260324286
7998,1,0,0.1750291715285881
7999,3,0,0.10848338260324286
8000,2,1,0.27938671209540034
8001,2,1,0.17620376831821355
8002,4,1,0.7197309417040358
8003,1,0,0.1750291715285881
8004,3,1,0.4647058823529412
8005,3,0,0.10848338260324286
8006,2,1,0.1051693404634581
8007,5,0,0.10624706434945984
8008,3,1,0.1743920972644377
8009,4,0,0.10846181427034779
8010,5,0,0.4191852825229961
8011,2,0,0.6916956737941323
8012,3,0,0.10848338260324286
8013,4,0,0.2782089552238806
8014,5,0,0.10624706434945984
8015,4,1,0.17377182298010557
8016,1,0,0.09750492449113592
8017,3,0,0.7204419889502762
8018,1,0,0.09750492449113592
8019,1,0,0.1750291715285881
8020,1,0,0.09750492449113592
8021,3,0,0.3722943722943723
8022,5,0,0.17265193370165746
8023,2,0,0.1051693404634581
8024,5,0,0.17265193370165746
8025,5,0,0.4191852825229961
8026,4,0,0.10846181427034779
8027,1,0,0.09750492449113592
8028,1,0,0.09750492449113592
8029,4,0,0.10846181427034779
8030,4,0,0.36443148688046645
8031,2,0,0.6916956737941323
8032,2,0,0.17620376831821355
8033,1,0,0.09750492449113592
8034,3,1,0.10848338260324286
8035,5,1,0.6489626556016598
8036,1,0,0.1750291715285881
8037,2,0,0.1051693404634581
8038,5,0,0.7639751552795031
8039,2,0,0.6916956737941323
8040,3,0,0.10848338260324286
8041,2,0,0.1051693404634581
8042,3,0,0.10848338260324286
8043,5,0,0.10624706434945984
8044,3,1,0.7204419889502762
8045,2,1,0.5244444444444445
8046,4,0,0.10846181427034779
8047,4,0,0.10846181427034779
8048,5,0,0.10624706434945984
8049,5,0,0.10624706434945984
8050,3,0,0.10848338260324286
8051,1,1,0.7188195991091314
8052,3,0,0.27732558139534885
8053,1,0,0.09750492449113592
8054,1,0,0.1750291715285881
8055,4,0,0.10846181427034779
8056,5,1,0.10624706434945984
8057,5,0,0.10624706434945984
8058,4,0,0.10846181427034779
8059,5,0,0.10624706434945984
8060,2,1,0.6916956737941323
8061,3,1,0.10848338260324286
8062,3,0,0.10848338260324286
8063,1,0,0.09750492449113592
8064,3,0,0.27732558139534885
8065,4,0,0.10846181427034779
8066,3,0,0.27732558139534885
8067,5,0,0.10624706434945984
8068,5,0,0.4191852825229961
8069,1,0,0.09750492449113592
8070,1,1,0.2579210672595887
8071,3,0,0.10848338260324286
8072,2,0,0.3931203931203931
8073,2,0,0.17620376831821355
8074,4,0,0.10846181427034779
8075,2,0,0.17620376831821355
8076,2,0,0.17620376831821355
8077,1,0,0.1750291715285881
8078,1,0,0.09750492449113592
8079,1,0,0.2579210672595887
8080,5,1,0.6489626556016598
8081,4,0,0.17377182298010557
8082,1,1,0.1750291715285881
8083,4,0,0.10846181427034779
8084,3,0,0.1743920972644377
8085,4,0,0.10846181427034779
8086,3,0,0.10848338260324286
8087,3,0,0.10848338260324286
8088,5,0,0.10624706434945984
8089,1,0,0.09750492449113592
8090,2,0,0.1051693404634581
8091,5,0,0.10624706434945984
8092,5,1,0.2745320476460579
8093,1,0,0.1750291715285881
8094,5,0,0.10624706434945984
8095,5,0,0.4191852825229961
8096,2,0,0.1051693404634581
8097,4,0,0.10846181427034779
8098,1,0,0.2664359861591695
8099,3,0,0.10848338260324286
8100,1,0,0.2579210672595887
8101,5,0,0.4191852825229961
8102,3,1,0.1743920972644377
8103,3,0,0.3774703557312253
8104,5,0,0.10624706434945984
8105,1,0,0.09750492449113592
8106,2,0,0.1051693404634581
8107,3,0,0.10848338260324286
8108,5,0,0.10624706434945984
8109,4,0,0.10846181427034779
8110,4,0,0.10846181427034779
8111,1,0,0.09750492449113592
8112,4,0,0.31981981981981983
8113,4,0,0.17377182298010557
8114,3,1,0.10848338260324286
8115,1,0,0.09750492449113592
8116,1,0,0.2579210672595887
8117,4,1,0.10846181427034779
8118,1,0,0.2579210672595887
8119,1,0,0.09750492449113592
8120,5,0,0.10624706434945984
8121,4,0,0.17377182298010557
8122,3,0,0.10848338260324286
8123,4,0,0.10846181427034779
8124,3,0,0.10848338260324286
8125,1,0,0.09750492449113592
8126,4,0,0.10846181427034779
8127,4,0,0.5256124721603563
8128,4,0,0.10846181427034779
8129,5,1,0.6489626556016598
8130,1,0,0.2579210672595887
8131,4,0,0.10846181427034779
8132,1,0,0.09750492449113592
8133,5,0,0.10624706434945984
8134,3,0,0.10848338260324286
8135,3,1,0.7204419889502762
8136,3,0,0.10848338260324286
8137,1,0,0.09750492449113592
8138,4,1,0.7197309417040358
8139,5,0,0.10624706434945984
8140,2,0,0.1051693404634581
8141,5,1,0.10624706434945984
8142,4,1,0.10846181427034779
8143,3,0,0.10848338260324286
8144,1,1,0.09750492449113592
8145,1,0,0.09750492449113592
8146,2,0,0.1051693404634581
8147,5,1,0.5300668151447662
8148,4,0,0.10846181427034779
8149,4,0,0.10846181427034779
8150,4,1,0.31981981981981983
8151,5,1,0.10624706434945984
8152,3,1,0.7204419889502762
8153,1,0,0.09750492449113592
8154,2,0,0.17620376831821355
8155,1,0,0.1750291715285881
8156,5,0,0.10624706434945984
8157,5,0,0.10624706434945984
8158,2,0,0.1051693404634581
8159,2,0,0.1051693404634581
8160,2,0,0.1051693404634581
8161,5,1,0.10624706434945984
8162,5,0,0.10624706434945984
8163,3,0,0.10848338260324286
8164,1,0,0.1750291715285881
8165,1,0,0.5276497695852534
8166,5,1,0.10624706434945984
8167,2,0,0.1051693404634581
8168,5,0,0.10624706434945984
8169,4,0,0.17377182298010557
8170,5,0,0.17265193370165746
8171,4,0,0.10846181427034779
8172,5,0,0.10624706434945984
8173,1,0,0.2624521072796935
8174,4,0,0.10846181427034779
8175,5,0,0.2745320476460579
8176,5,0,0.10624706434945984
8177,5,1,0.10624706434945984
8178,2,0,0.17620376831821355
8179,3,0,0.10848338260324286
8180,5,1,0.4191852825229961
8181,2,0,0.27938671209540034
8182,1,1,0.5276497695852534
8183,2,0,0.1051693404634581
8184,2,0,0.17620376831821355
8185,2,0,0.1051693404634581
8186,3,0,0.10848338260324286
8187,4,0,0.10846181427034779
8188,2,0,0.1051693404634581
8189,2,0,0.1051693404634581
8190,3,0,0.1743920972644377
8191,4,0,0.10846181427034779
8192,1,0,0.2664359861591695
8193,1,0,0.1750291715285881
8194,2,0,0.1051693404634581
8195,4,0,0.17377182298010557
8196,4,0,0.10846181427034779
8197,1,0,0.09750492449113592
8198,5,1,0.7639751552795031
8199,3,1,0.538961038961039
8200,4,0,0.10846181427034779
8201,5,0,0.4191852825229961
8202,2,0,0.1051693404634581
8203,2,0,0.3167420814479638
8204,1,1,0.09750492449113592
8205,1,1,0.2579210672595887
8206,1,0,0.09750492449113592
8207,2,0,0.6916956737941323
8208,4,0,0.2782089552238806
8209,5,0,0.10624706434945984
8210,5,0,0.10624706434945984
8211,1,0,0.09750492449113592
8212,1,0,0.09750492449113592
8213,3,0,0.1743920972644377
8214,4,1,0.17377182298010557
8215,5,0,0.10624706434945984
8216,1,0,0.09750492449113592
8217,1,0,0.09750492449113592
8218,5,0,0.2745320476460579
8219,5,0,0.10624706434945984
8220,1,0,0.1750291715285881
8221,5,0,0.17265193370165746
8222,3,0,0.10848338260324286
8223,5,0,0.2745320476460579
8224,1,0,0.09750492449113592
8225,5,0,0.10624706434945984
8226,2,0,0.17620376831821355
8227,3,0,0.10848338260324286
8228,5,0,0.10624706434945984
8229,3,0,0.10848338260324286
8230,2,1,0.5244444444444445
8231,1,0,0.09750492449113592
8232,4,0,0.7197309417040358
8233,5,0,0.10624706434945984
8234,2,0,0.1051693404634581
8235,2,1,0.1051693404634581
8236,5,0,0.17265193370165746
8237,3,1,0.7204419889502762
8238,4,0,0.10846181427034779
8239,4,0,0.10846181427034779
8240,1,0,0.09750492449113592
8241,5,0,0.10624706434945984
8242,5,0,0.10624706434945984
8243,4,1,0.17377182298010557
8244,2,0,0.1051693404634581
8245,1,0,0.5276497695852534
8246,2,0,0.1051693404634581
8247,2,0,0.17620376831821355
8248,5,1,0.4191852825229961
8249,3,0,0.10848338260324286
8250,5,0,0.10624706434945984
8251,1,0,0.1750291715285881
8252,5,0,0.5300668151447662
8253,2,1,0.6916956737941323
8254,5,0,0.10624706434945984
8255,4,0,0.10846181427034779
8256,5,0,0.10624706434945984
8257,1,1,0.7188195991091314
8258,2,1,0.1051693404634581
8259,3,0,0.538961038961039
8260,5,1,0.2745320476460579
8261,4,0,0.2782089552238806
8262,2,0,0.17620376831821355
8263,3,1,0.10848338260324286
8264,3,0,0.3722943722943723
8265,1,0,0.2664359861591695
8266,3,0,0.27732558139534885
8267,5,0,0.10624706434945984
8268,5,0,0.2745320476460579
8269,1,0,0.09750492449113592
8270,2,0,0.17620376831821355
8271,3,1,0.27732558139534885
8272,5,0,0.17265193370165746
8273,5,1,0.2745320476460579
8274,1,0,0.09750492449113592
8275,3,0,0.538961038961039
8276,2,1,0.1051693404634581
8277,3,0,0.27732558139534885
8278,2,0,0.1051693404634581
8279,1,1,0.7188195991091314
8280,1,1,0.7188195991091314
8281,2,0,0.1051693404634581
8282,1,0,0.2579210672595887
8283,3,0,0.10848338260324286
8284,2,0,0.6916956737941323
8285,5,0,0.2745320476460579
8286,1,1,0.7188195991091314
8287,2,0,0.1051693404634581
8288,5,0,0.10624706434945984
8289,1,0,0.2624521072796935
8290,5,0,0.10624706434945984
8291,3,0,0.10848338260324286
8292,4,0,0.10846181427034779
8293,3,0,0.10848338260324286
8294,5,0,0.10624706434945984
8295,3,0,0.27732558139534885
8296,4,0,0.10846181427034779
8297,4,0,0.10846181427034779
8298,3,0,0.27732558139534885
8299,2,1,0.1051693404634581
8300,4,0,0.10846181427034779
8301,5,0,0.10624706434945984
8302,4,0,0.36443148688046645
8303,2,0,0.1051693404634581
8304,4,0,0.10846181427034779
8305,3,1,0.7204419889502762
8306,3,0,0.10848338260324286
8307,1,0,0.09750492449113592
8308,5,1,0.2850467289719626
8309,3,1,0.10848338260324286
8310,4,1,0.36443148688046645
8311,3,0,0.10848338260324286
8312,2,0,0.17620376831821355
8313,5,0,0.10624706434945984
8314,4,0,0.10846181427034779
8315,5,0,0.2745320476460579
8316,2,1,0.6916956737941323
8317,5,0,0.6489626556016598
8318,4,0,0.10846181427034779
8319,5,1,0.7639751552795031
8320,5,0,0.10624706434945984
8321,4,1,0.7197309417040358
8322,3,0,0.10848338260324286
8323,4,0,0.10846181427034779
8324,2,0,0.1051693404634581
8325,1,0,0.1750291715285881
8326,1,0,0.09750492449113592
8327,4,1,0.10846181427034779
8328,3,0,0.3774703557312253
8329,5,0,0.2745320476460579
8330,2,0,0.1051693404634581
8331,4,0,0.10846181427034779
8332,3,0,0.10848338260324286
8333,4,0,0.2782089552238806
8334,4,0,0.17377182298010557
8335,5,1,0.6489626556016598
8336,1,0,0.2664359861591695
8337,5,0,0.2745320476460579
8338,5,0,0.5300668151447662
8339,5,0,0.22580645161290322
8340,3,0,0.27732558139534885
8341,1,0,0.1750291715285881
8342,5,1,0.22580645161290322
8343,2,0,0.1051693404634581
8344,5,0,0.10624706434945984
8345,4,0,0.17377182298010557
8346,4,0,0.10846181427034779
8347,5,0,0.10624706434945984
8348,3,0,0.10848338260324286
8349,4,0,0.2782089552238806
8350,3,0,0.1743920972644377
8351,5,0,0.17265193370165746
8352,5,0,0.17265193370165746
8353,1,0,0.09750492449113592
8354,2,0,0.3931203931203931
8355,4,1,0.17377182298010557
8356,5,0,0.10624706434945984
8357,3,0,0.10848338260324286
8358,5,0,0.17265193370165746
8359,2,0,0.1051693404634581
8360,2,0,0.1051693404634581
8361,2,1,0.1051693404634581
8362,1,1,0.2579210672595887
8363,4,0,0.10846181427034779
8364,2,0,0.1051693404634581
8365,1,0,0.1750291715285881
8366,1,1,0.1750291715285881
8367,3,0,0.10848338260324286
8368,2,0,0.1051693404634581
8369,3,1,0.7204419889502762
8370,2,0,0.1051693404634581
8371,2,0,0.1051693404634581
8372,1,0,0.5276497695852534
8373,5,1,0.17265193370165746
8374,5,0,0.10624706434945984
8375,3,0,0.10848338260324286
8376,4,0,0.10846181427034779
8377,4,0,0.10846181427034779
8378,5,0,0.10624706434945984
8379,1,0,0.4164420485175202
8380,5,1,0.6489626556016598
8381,1,0,0.1750291715285881
8382,3,0,0.27732558139534885
8383,1,0,0.1750291715285881
8384,1,0,0.09750492449113592
8385,1,1,0.09750492449113592
8386,5,0,0.10624706434945984
8387,2,0,0.27938671209540034
8388,3,0,0.10848338260324286
8389,4,0,0.10846181427034779
8390,5,1,0.6489626556016598
8391,2,0,0.1051693404634581
8392,1,0,0.09750492449113592
8393,2,1,0.17620376831821355
8394,4,0,0.10846181427034779
8395,2,0,0.1051693404634581
8396,4,0,0.10846181427034779
8397,3,0,0.10848338260324286
8398,5,0,0.6489626556016598
8399,1,0,0.09750492449113592
8400,5,0,0.2850467289719626
8401,3,0,0.10848338260324286
8402,2,0,0.17620376831821355
8403,4,1,0.10846181427034779
8404,4,0,0.7197309417040358
8405,3,0,0.27732558139534885
8406,1,0,0.09750492449113592
8407,1,0,0.2624521072796935
8408,5,1,0.6489626556016598
8409,1,0,0.1750291715285881
8410,1,0,0.09750492449113592
8411,3,0,0.1743920972644377
8412,4,1,0.7197309417040358
8413,2,0,0.1051693404634581
8414,5,1,0.17265193370165746
8415,2,1,0.1051693404634581
8416,5,0,0.10624706434945984
8417,1,0,0.09750492449113592
8418,3,0,0.10848338260324286
8419,1,1,0.5276497695852534
8420,1,1,0.1750291715285881
8421,3,1,0.10848338260324286
8422,5,0,0.10624706434945984
8423,1,0,0.09750492449113592
8424,5,0,0.10624706434945984
8425,3,1,0.7204419889502762
8426,5,0,0.10624706434945984
8427,1,0,0.7188195991091314
8428,3,0,0.10848338260324286
8429,2,0,0.1051693404634581
8430,1,0,0.1750291715285881
8431,3,1,0.1743920972644377
8432,4,0,0.10846181427034779
8433,1,1,0.09750492449113592
8434,5,0,0.10624706434945984
8435,1,0,0.4164420485175202
8436,3,0,0.10848338260324286
8437,1,0,0.1750291715285881
8438,1,0,0.7188195991091314
8439,1,0,0.1750291715285881
8440,2,0,0.1051693404634581
8441,4,0,0.10846181427034779
8442,3,0,0.10848338260324286
8443,3,0,0.10848338260324286
8444,3,0,0.1743920972644377
8445,5,0,0.4191852825229961
8446,3,0,0.10848338260324286
8447,2,0,0.1051693404634581
8448,1,0,0.7188195991091314
8449,5,0,0.10624706434945984
8450,1,0,0.09750492449113592
8451,2,1,0.17620376831821355
8452,1,0,0.09750492449113592
8453,1,0,0.09750492449113592
8454,5,1,0.10624706434945984
8455,4,1,0.7197309417040358
8456,5,0,0.10624706434945984
8457,3,0,0.3722943722943723
8458,1,1,0.5276497695852534
8459,1,0,0.2579210672595887
8460,2,1,0.1051693404634581
8461,3,0,0.10848338260324286
8462,2,0,0.5244444444444445
8463,3,0,0.10848338260324286
8464,5,0,0.2745320476460579
8465,4,0,0.10846181427034779
8466,4,0,0.17377182298010557
8467,2,0,0.1051693404634581
8468,4,0,0.17377182298010557
8469,3,0,0.7204419889502762
8470,1,0,0.1750291715285881
8471,4,0,0.7197309417040358
8472,2,0,0.27938671209540034
8473,5,1,0.4191852825229961
8474,3,0,0.10848338260324286
8475,2,0,0.1051693404634581
8476,1,0,0.09750492449113592
8477,3,0,0.10848338260324286
8478,4,0,0.10846181427034779
8479,5,1,0.7639751552795031
8480,3,0,0.1743920972644377
8481,5,0,0.17265193370165746
8482,5,0,0.2745320476460579
8483,4,0,0.10846181427034779
8484,4,0,0.10846181427034779
8485,2,0,0.1051693404634581
8486,3,0,0.7204419889502762
8487,2,0,0.1051693404634581
8488,1,1,0.2579210672595887
8489,5,0,0.10624706434945984
8490,1,0,0.09750492449113592
8491,4,0,0.10846181427034779
8492,5,0,0.10624706434945984
8493,2,0,0.1051693404634581
8494,5,0,0.10624706434945984
8495,4,0,0.10846181427034779
8496,2,0,0.17620376831821355
8497,3,0,0.10848338260324286
8498,1,0,0.1750291715285881
8499,4,1,0.17377182298010557
8500,4,0,0.10846181427034779
8501,2,1,0.27938671209540034
8502,4,0,0.10846181427034779
8503,5,1,0.6489626556016598
8504,2,0,0.1051693404634581
8505,5,0,0.10624706434945984
8506,5,1,0.4191852825229961
8507,1,0,0.09750492449113592
8508,2,0,0.1051693404634581
8509,5,0,0.17265193370165746
8510,4,0,0.10846181427034779
8511,5,0,0.10624706434945984
8512,3,1,0.7204419889502762
8513,5,0,0.17265193370165746
8514,2,1,0.3931203931203931
8515,1,0,0.2664359861591695
8516,1,0,0.2579210672595887
8517,1,0,0.1750291715285881
8518,4,0,0.17377182298010557
8519,5,0,0.17265193370165746
8520,4,0,0.10846181427034779
8521,1,0,0.1750291715285881
8522,4,1,0.31981981981981983
8523,1,0,0.09750492449113592
8524,4,1,0.7197309417040358
8525,2,0,0.1051693404634581
8526,3,0,0.10848338260324286
8527,2,0,0.1051693404634581
8528,1,0,0.09750492449113592
8529,5,0,0.4191852825229961
8530,5,0,0.10624706434945984
8531,1,0,0.09750492449113592
8532,2,0,0.1051693404634581
8533,1,0,0.1750291715285881
8534,2,0,0.5244444444444445
8535,4,0,0.17377182298010557
8536,4,1,0.36443148688046645
8537,1,0,0.2579210672595887
8538,5,0,0.10624706434945984
8539,3,0,0.10848338260324286
8540,3,0,0.10848338260324286
8541,1,0,0.2579210672595887
8542,2,0,0.27938671209540034
8543,2,0,0.1051693404634581
8544,4,1,0.2782089552238806
8545,4,0,0.36443148688046645
8546,5,0,0.10624706434945984
8547,4,0,0.10846181427034779
8548,2,0,0.27938671209540034
8549,5,0,0.22580645161290322
8550,3,0,0.10848338260324286
8551,4,0,0.10846181427034779
8552,4,0,0.10846181427034779
8553,1,0,0.09750492449113592
8554,4,0,0.10846181427034779
8555,3,0,0.10848338260324286
8556,3,1,0.10848338260324286
8557,4,0,0.17377182298010557
8558,5,0,0.10624706434945984
8559,5,0,0.10624706434945984
8560,2,0,0.1051693404634581
8561,1,1,0.09750492449113592
8562,4,0,0.36443148688046645
8563,4,0,0.7197309417040358
8564,2,0,0.6916956737941323
8565,2,0,0.3167420814479638
8566,3,0,0.1743920972644377
8567,5,1,0.10624706434945984
8568,4,1,0.2782089552238806
8569,2,0,0.3167420814479638
8570,3,0,0.10848338260324286
8571,2,0,0.1051693404634581
8572,2,0,0.1051693404634581
8573,1,0,0.1750291715285881
8574,4,0,0.2782089552238806
8575,5,0,0.10624706434945984
8576,2,0,0.1051693404634581
8577,1,0,0.09750492449113592
8578,3,1,0.7204419889502762
8579,4,0,0.10846181427034779
8580,2,0,0.1051693404634581
8581,4,0,0.7197309417040358
8582,2,0,0.1051693404634581
8583,4,0,0.10846181427034779
8584,4,1,0.17377182298010557
8585,4,0,0.10846181427034779
8586,3,0,0.538961038961039
8587,1,0,0.1750291715285881
8588,2,0,0.3931203931203931
8589,1,1,0.7188195991091314
8590,4,1,0.7197309417040358
8591,1,0,0.09750492449113592
8592,5,0,0.2745320476460579
8593,3,0,0.10848338260324286
8594,2,0,0.1051693404634581
8595,1,0,0.2579210672595887
8596,3,0,0.10848338260324286
8597,5,0,0.10624706434945984
8598,2,0,0.1051693404634581
8599,3,0,0.10848338260324286
8600,2,0,0.1051693404634581
8601,4,0,0.31981981981981983
8602,1,1,0.09750492449113592
8603,2,0,0.1051693404634581
8604,4,1,0.53
8605,1,0,0.2624521072796935
8606,5,1,0.7639751552795031
8607,2,0,0.27938671209540034
8608,3,0,0.10848338260324286
8609,1,0,0.09750492449113592
8610,3,0,0.7204419889502762
8611,2,0,0.1051693404634581
8612,5,0,0.10624706434945984
8613,4,0,0.10846181427034779
8614,4,0,0.10846181427034779
8615,5,0,0.17265193370165746
8616,3,0,0.27732558139534885
8617,4,0,0.10846181427034779
8618,5,0,0.10624706434945984
8619,5,0,0.2745320476460579
8620,1,0,0.1750291715285881
8621,4,0,0.10846181427034779
8622,1,0,0.09750492449113592
8623,1,0,0.09750492449113592
8624,5,0,0.10624706434945984
8625,4,0,0.31981981981981983
8626,3,1,0.7204419889502762
8627,4,1,0.10846181427034779
8628,3,0,0.3774703557312253
8629,1,0,0.2579210672595887
8630,5,0,0.10624706434945984
8631,2,0,0.1051693404634581
8632,3,0,0.4647058823529412
8633,2,0,0.17620376831821355
8634,5,0,0.10624706434945984
8635,3,0,0.10848338260324286
8636,5,0,0.5300668151447662
8637,2,0,0.1051693404634581
8638,3,0,0.4647058823529412
8639,5,0,0.10624706434945984
8640,5,1,0.2745320476460579
8641,5,0,0.10624706434945984
8642,1,0,0.1750291715285881
8643,3,1,0.27732558139534885
8644,2,0,0.1051693404634581
8645,2,0,0.17620376831821355
8646,5,0,0.10624706434945984
8647,4,1,0.7197309417040358
8648,3,0,0.10848338260324286
8649,3,1,0.7204419889502762
8650,3,1,0.10848338260324286
8651,5,1,0.17265193370165746
8652,3,0,0.10848338260324286
8653,3,0,0.10848338260324286
8654,1,0,0.1750291715285881
8655,5,0,0.10624706434945984
8656,5,1,0.5300668151447662
8657,2,0,0.1051693404634581
8658,3,1,0.1743920972644377
8659,1,0,0.09750492449113592
8660,5,0,0.10624706434945984
8661,1,0,0.09750492449113592
8662,5,0,0.10624706434945984
8663,1,1,0.2579210672595887
8664,1,0,0.09750492449113592
8665,2,0,0.3931203931203931
8666,5,0,0.10624706434945984
8667,5,0,0.10624706434945984
8668,5,0,0.2745320476460579
8669,1,0,0.2579210672595887
8670,3,0,0.10848338260324286
8671,1,0,0.09750492449113592
8672,3,0,0.27732558139534885
8673,1,0,0.1750291715285881
8674,2,0,0.1051693404634581
8675,1,0,0.2579210672595887
8676,2,0,0.3931203931203931
8677,5,0,0.17265193370165746
8678,3,0,0.3774703557312253
8679,4,0,0.10846181427034779
8680,4,1,0.36443148688046645
8681,5,0,0.17265193370165746
8682,3,0,0.10848338260324286
8683,1,1,0.7188195991091314
8684,3,1,0.7204419889502762
8685,1,0,0.09750492449113592
8686,2,0,0.17620376831821355
8687,2,0,0.1051693404634581
8688,4,0,0.17377182298010557
8689,4,0,0.10846181427034779
8690,4,0,0.10846181427034779
8691,3,0,0.10848338260324286
8692,2,0,0.1051693404634581
8693,1,1,0.5276497695852534
8694,4,0,0.10846181427034779
8695,5,0,0.10624706434945984
8696,5,0,0.2745320476460579
8697,1,0,0.7188195991091314
8698,5,0,0.4191852825229961
8699,3,0,0.27732558139534885
8700,1,0,0.5276497695852534
8701,1,0,0.09750492449113592
8702,3,1,0.7204419889502762
8703,2,0,0.1051693404634581
8704,2,0,0.27938671209540034
8705,2,0,0.1051693404634581
8706,4,1,0.36443148688046645
8707,2,0,0.1051693404634581
8708,2,0,0.1051693404634581
8709,2,0,0.17620376831821355
8710,5,0,0.10624706434945984
8711,4,0,0.10846181427034779
8712,4,1,0.10846181427034779
8713,4,0,0.10846181427034779
8714,1,0,0.1750291715285881
8715,1,0,0.09750492449113592
8716,1,0,0.7188195991091314
8717,1,0,0.1750291715285881
8718,5,1,0.6489626556016598
8719,1,0,0.09750492449113592
8720,4,0,0.17377182298010557
8721,1,0,0.09750492449113592
8722,1,0,0.09750492449113592
8723,1,0,0.1750291715285881
8724,3,0,0.10848338260324286
8725,3,0,0.10848338260324286
8726,3,0,0.10848338260324286
8727,2,0,0.1051693404634581
8728,5,0,0.10624706434945984
8729,5,0,0.17265193370165746
8730,4,0,0.10846181427034779
8731,4,0,0.10846181427034779
8732,3,0,0.10848338260324286
8733,4,0,0.10846181427034779
8734,3,0,0.1743920972644377
8735,3,0,0.10848338260324286
8736,3,1,0.7204419889502762
8737,5,0,0.10624706434945984
8738,4,0,0.10846181427034779
8739,3,1,0.4647058823529412
8740,2,0,0.17620376831821355
8741,3,0,0.10848338260324286
8742,4,0,0.10846181427034779
8743,4,0,0.17377182298010557
8744,4,1,0.7197309417040358
8745,1,0,0.09750492449113592
8746,3,0,0.27732558139534885
8747,3,0,0.3722943722943723
8748,2,0,0.1051693404634581
8749,3,0,0.1743920972644377
8750,5,0,0.10624706434945984
8751,2,0,0.1051693404634581
8752,2,0,0.1051693404634581
8753,2,0,0.1051693404634581
8754,1,1,0.09750492449113592
8755,1,0,0.09750492449113592
8756,1,0,0.1750291715285881
8757,5,0,0.17265193370165746
8758,3,0,0.27732558139534885
8759,3,0,0.10848338260324286
8760,5,0,0.10624706434945984
8761,4,0,0.10846181427034779
8762,5,0,0.17265193370165746
8763,4,1,0.17377182298010557
8764,1,0,0.09750492449113592
8765,1,0,0.2579210672595887
8766,4,0,0.10846181427034779
8767,3,1,0.7204419889502762
8768,2,0,0.1051693404634581
8769,2,0,0.1051693404634581
8770,4,0,0.10846181427034779
8771,2,0,0.27938671209540034
8772,3,0,0.10848338260324286
8773,3,0,0.10848338260324286
8774,3,0,0.10848338260324286
8775,3,0,0.10848338260324286
8776,4,1,0.5256124721603563
8777,3,0,0.1743920972644377
8778,1,0,0.1750291715285881
8779,4,1,0.10846181427034779
8780,2,1,0.6916956737941323
8781,4,0,0.10846181427034779
8782,1,0,0.2624521072796935
8783,1,0,0.2579210672595887
8784,5,0,0.17265193370165746
8785,5,0,0.7639751552795031
8786,1,0,0.09750492449113592
8787,4,0,0.2782089552238806
8788,2,0,0.17620376831821355
8789,5,0,0.2745320476460579
8790,4,0,0.17377182298010557
8791,4,0,0.7197309417040358
8792,1,0,0.09750492449113592
8793,3,0,0.10848338260324286
8794,1,1,0.7188195991091314
8795,4,0,0.10846181427034779
8796,1,1,0.7188195991091314
8797,5,0,0.2745320476460579
8798,4,0,0.10846181427034779
8799,4,0,0.53
8800,5,0,0.2745320476460579
8801,4,0,0.17377182298010557
8802,4,1,0.2782089552238806
8803,1,0,0.09750492449113592
8804,2,0,0.1051693404634581
8805,1,0,0.09750492449113592
8806,3,0,0.10848338260324286
8807,5,0,0.10624706434945984
8808,3,0,0.10848338260324286
8809,2,0,0.3167420814479638
8810,3,1,0.10848338260324286
8811,3,0,0.10848338260324286
8812,2,0,0.6916956737941323
8813,1,0,0.09750492449113592
8814,2,0,0.1051693404634581
8815,3,0,0.10848338260324286
8816,5,0,0.17265193370165746
8817,5,1,0.2745320476460579
8818,5,0,0.2745320476460579
8819,1,0,0.1750291715285881
8820,4,1,0.7197309417040358
8821,4,0,0.17377182298010557
8822,1,0,0.09750492449113592
8823,3,0,0.10848338260324286
8824,3,1,0.10848338260324286
8825,5,0,0.2745320476460579
8826,5,0,0.10624706434945984
8827,2,0,0.17620376831821355
8828,2,1,0.1051693404634581
8829,2,1,0.1051693404634581
8830,3,0,0.10848338260324286
8831,3,0,0.10848338260324286
8832,2,0,0.1051693404634581
8833,4,0,0.17377182298010557
8834,2,0,0.1051693404634581
8835,5,0,0.10624706434945984
8836,2,0,0.17620376831821355
8837,5,0,0.10624706434945984
8838,1,0,0.09750492449113592
8839,2,0,0.1051693404634581
8840,5,1,0.6489626556016598
8841,1,1,0.7188195991091314
8842,2,1,0.27938671209540034
8843,5,0,0.7639751552795031
8844,5,1,0.2745320476460579
8845,5,1,0.10624706434945984
8846,2,0,0.17620376831821355
8847,1,0,0.2579210672595887
8848,4,0,0.7197309417040358
8849,2,0,0.1051693404634581
8850,4,1,0.31981981981981983
8851,2,0,0.17620376831821355
8852,5,0,0.10624706434945984
8853,2,1,0.17620376831821355
8854,3,0,0.10848338260324286
8855,4,0,0.17377182298010557
8856,3,0,0.10848338260324286
8857,1,0,0.2579210672595887
8858,5,0,0.2745320476460579
8859,4,0,0.10846181427034779
8860,5,0,0.7639751552795031
8861,1,0,0.09750492449113592
8862,5,0,0.10624706434945984
8863,2,1,0.5244444444444445
8864,1,0,0.2579210672595887
8865,1,0,0.7188195991091314
8866,5,0,0.17265193370165746
8867,1,1,0.7188195991091314
8868,2,0,0.1051693404634581
8869,5,1,0.6489626556016598
8870,3,0,0.1743920972644377
8871,5,0,0.10624706434945984
8872,3,1,0.10848338260324286
8873,5,0,0.10624706434945984
8874,3,0,0.3774703557312253
8875,4,1,0.10846181427034779
8876,2,0,0.17620376831821355
8877,2,0,0.1051693404634581
8878,2,0,0.27938671209540034
8879,5,1,0.2745320476460579
8880,5,0,0.4191852825229961
8881,1,0,0.1750291715285881
8882,3,0,0.10848338260324286
8883,5,0,0.10624706434945984
8884,1,1,0.4164420485175202
8885,4,0,0.10846181427034779
8886,5,0,0.10624706434945984
8887,1,1,0.7188195991091314
8888,4,0,0.10846181427034779
8889,1,1,0.7188195991091314
8890,4,1,0.5256124721603563
8891,1,1,0.7188195991091314
8892,3,0,0.1743920972644377
8893,3,1,0.1743920972644377
8894,1,0,0.1750291715285881
8895,2,1,0.6916956737941323
8896,3,0,0.10848338260324286
8897,2,0,0.1051693404634581
8898,2,0,0.27938671209540034
8899,4,0,0.10846181427034779
8900,5,0,0.10624706434945984
8901,4,0,0.10846181427034779
8902,4,0,0.10846181427034779
8903,4,0,0.10846181427034779
8904,4,0,0.10846181427034779
8905,1,1,0.2579210672595887
8906,4,1,0.10846181427034779
8907,5,0,0.10624706434945984
8908,2,0,0.17620376831821355
8909,1,0,0.09750492449113592
8910,5,0,0.10624706434945984
8911,4,0,0.10846181427034779
8912,4,1,0.7197309417040358
8913,2,1,0.5244444444444445
8914,2,0,0.1051693404634581
8915,5,0,0.10624706434945984
8916,5,1,0.7639751552795031
8917,4,1,0.7197309417040358
8918,3,0,0.10848338260324286
8919,3,1,0.27732558139534885
8920,5,0,0.10624706434945984
8921,2,1,0.1051693404634581
8922,3,1,0.3774703557312253
8923,2,0,0.17620376831821355
8924,5,0,0.17265193370165746
8925,5,0,0.10624706434945984
8926,1,1,0.1750291715285881
8927,5,1,0.6489626556016598
8928,1,0,0.1750291715285881
8929,4,0,0.10846181427034779
8930,4,0,0.10846181427034779
8931,4,0,0.10846181427034779
8932,1,1,0.2579210672595887
8933,3,0,0.1743920972644377
8934,2,0,0.1051693404634581
8935,5,1,0.7639751552795031
8936,4,0,0.10846181427034779
8937,2,1,0.27938671209540034
8938,3,0,0.27732558139534885
8939,3,0,0.10848338260324286
8940,3,0,0.1743920972644377
8941,3,0,0.10848338260324286
8942,4,0,0.10846181427034779
8943,3,1,0.7204419889502762
8944,4,1,0.5256124721603563
8945,3,0,0.10848338260324286
8946,1,0,0.09750492449113592
8947,5,0,0.17265193370165746
8948,4,0,0.2782089552238806
8949,4,0,0.10846181427034779
8950,3,0,0.10848338260324286
8951,3,1,0.10848338260324286
8952,3,0,0.10848338260324286
8953,5,0,0.10624706434945984
8954,3,0,0.27732558139534885
8955,5,1,0.6489626556016598
8956,4,0,0.10846181427034779
8957,2,0,0.1051693404634581
8958,1,0,0.1750291715285881
8959,5,0,0.10624706434945984
8960,4,0,0.31981981981981983
8961,3,0,0.10848338260324286
8962,2,1,0.6916956737941323
8963,2,0,0.1051693404634581
8964,3,0,0.1743920972644377
8965,4,0,0.36443148688046645
8966,4,1,0.5256124721603563
8967,4,0,0.31981981981981983
8968,1,0,0.2579210672595887
8969,1,1,0.7188195991091314
8970,1,0,0.09750492449113592
8971,2,0,0.17620376831821355
8972,1,1,0.5276497695852534
8973,4,0,0.10846181427034779
8974,5,1,0.6489626556016598
8975,4,0,0.10846181427034779
8976,2,0,0.1051693404634581
8977,5,0,0.4191852825229961
8978,2,0,0.3931203931203931
8979,4,0,0.10846181427034779
8980,3,0,0.10848338260324286
8981,2,0,0.1051693404634581
8982,1,0,0.1750291715285881
8983,2,0,0.3931203931203931
8984,3,0,0.10848338260324286
8985,5,0,0.17265193370165746
8986,1,0,0.4164420485175202
8987,1,0,0.09750492449113592
8988,2,0,0.1051693404634581
8989,3,0,0.27732558139534885
8990,2,0,0.17620376831821355
8991,5,1,0.10624706434945984
8992,1,0,0.7188195991091314
8993,2,0,0.2131979695431472
8994,4,0,0.10846181427034779
8995,4,0,0.10846181427034779
8996,1,0,0.4164420485175202
8997,2,0,0.17620376831821355
8998,1,1,0.1750291715285881
8999,3,0,0.10848338260324286
9000,2,1,0.3931203931203931
9001,3,1,0.27732558139534885
9002,2,0,0.1051693404634581
9003,3,0,0.1743920972644377
9004,5,0,0.10624706434945984
9005,1,0,0.09750492449113592
9006,4,0,0.10846181427034779
9007,5,0,0.10624706434945984
9008,1,0,0.7188195991091314
9009,5,1,0.2850467289719626
9010,1,1,0.7188195991091314
9011,1,0,0.2579210672595887
9012,3,0,0.10848338260324286
9013,2,0,0.6916956737941323
9014,3,0,0.538961038961039
9015,1,1,0.09750492449113592
9016,1,0,0.4164420485175202
9017,3,0,0.10848338260324286
9018,5,0,0.10624706434945984
9019,5,1,0.6489626556016598
9020,3,1,0.3774703557312253
9021,5,0,0.2745320476460579
9022,3,1,0.3774703557312253
9023,3,0,0.27732558139534885
9024,4,0,0.10846181427034779
9025,2,0,0.1051693404634581
9026,3,0,0.10848338260324286
9027,3,0,0.3774703557312253
9028,1,0,0.09750492449113592
9029,3,0,0.10848338260324286
9030,2,0,0.1051693404634581
9031,1,1,0.09750492449113592
9032,4,0,0.10846181427034779
9033,4,0,0.7197309417040358
9034,4,0,0.10846181427034779
9035,3,0,0.10848338260324286
9036,2,0,0.1051693404634581
9037,5,1,0.6489626556016598
9038,3,0,0.10848338260324286
9039,2,0,0.3167420814479638
9040,3,0,0.10848338260324286
9041,2,0,0.1051693404634581
9042,5,0,0.10624706434945984
9043,3,1,0.1743920972644377
9044,4,0,0.17377182298010557
9045,1,0,0.09750492449113592
9046,4,0,0.7197309417040358
9047,4,0,0.10846181427034779
9048,5,0,0.4191852825229961
9049,2,0,0.1051693404634581
9050,2,0,0.17620376831821355
9051,4,0,0.10846181427034779
9052,2,0,0.1051693404634581
9053,5,0,0.10624706434945984
9054,4,0,0.10846181427034779
9055,3,0,0.10848338260324286
9056,3,0,0.10848338260324286
9057,2,0,0.1051693404634581
9058,5,0,0.10624706434945984
9059,4,0,0.10846181427034779
9060,5,0,0.17265193370165746
9061,5,1,0.10624706434945984
9062,3,1,0.7204419889502762
9063,5,0,0.17265193370165746
9064,1,0,0.1750291715285881
9065,1,0,0.4164420485175202
9066,4,1,0.10846181427034779
9067,2,0,0.1051693404634581
9068,4,1,0.10846181427034779
9069,5,0,0.10624706434945984
9070,2,0,0.1051693404634581
9071,2,0,0.17620376831821355
9072,3,1,0.10848338260324286
9073,5,0,0.10624706434945984
9074,1,0,0.09750492449113592
9075,2,0,0.1051693404634581
9076,5,0,0.10624706434945984
9077,4,0,0.17377182298010557
9078,2,0,0.1051693404634581
9079,4,0,0.17377182298010557
9080,2,1,0.1051693404634581
9081,4,0,0.10846181427034779
9082,4,0,0.10846181427034779
9083,2,1,0.6916956737941323
9084,5,0,0.17265193370165746
9085,4,0,0.36443148688046645
9086,3,0,0.3774703557312253
9087,5,1,0.10624706434945984
9088,1,1,0.7188195991091314
9089,4,0,0.7197309417040358
9090,5,0,0.10624706434945984
9091,4,0,0.10846181427034779
9092,4,1,0.7197309417040358
9093,3,0,0.7204419889502762
9094,3,0,0.10848338260324286
9095,4,1,0.2782089552238806
9096,5,0,0.10624706434945984
9097,4,0,0.17377182298010557
9098,1,0,0.09750492449113592
9099,2,1,0.1051693404634581
9100,1,0,0.09750492449113592
9101,1,0,0.1750291715285881
9102,5,1,0.6489626556016598
9103,1,0,0.09750492449113592
9104,1,0,0.4164420485175202
9105,4,0,0.17377182298010557
9106,1,0,0.2579210672595887
9107,2,0,0.27938671209540034
9108,2,0,0.1051693404634581
9109,3,0,0.27732558139534885
9110,2,0,0.17620376831821355
9111,5,0,0.4191852825229961
9112,1,0,0.1750291715285881
9113,1,1,0.7188195991091314
9114,3,0,0.10848338260324286
9115,5,0,0.7639751552795031
9116,5,0,0.2745320476460579
9117,5,0,0.2745320476460579
9118,2,0,0.27938671209540034
9119,4,0,0.2782089552238806
9120,4,0,0.2782089552238806
9121,5,0,0.10624706434945984
9122,4,0,0.17377182298010557
9123,1,1,0.09750492449113592
9124,1,0,0.09750492449113592
9125,1,0,0.1750291715285881
9126,1,0,0.1750291715285881
9127,2,0,0.1051693404634581
9128,2,0,0.1051693404634581
9129,1,0,0.09750492449113592
9130,2,1,0.6916956737941323
9131,5,1,0.10624706434945984
9132,3,0,0.10848338260324286
9133,5,0,0.10624706434945984
9134,5,0,0.10624706434945984
9135,4,0,0.10846181427034779
9136,2,1,0.27938671209540034
9137,1,1,0.7188195991091314
9138,5,0,0.10624706434945984
9139,2,0,0.27938671209540034
9140,5,0,0.10624706434945984
9141,2,0,0.1051693404634581
9142,5,1,0.10624706434945984
9143,1,0,0.09750492449113592
9144,2,0,0.1051693404634581
9145,2,1,0.3931203931203931
9146,5,0,0.10624706434945984
9147,3,1,0.10848338260324286
9148,1,0,0.09750492449113592
9149,3,0,0.3722943722943723
9150,2,0,0.1051693404634581
9151,3,0,0.27732558139534885
9152,2,0,0.1051693404634581
9153,4,1,0.7197309417040358
9154,3,0,0.10848338260324286
9155,3,0,0.10848338260324286
9156,1,0,0.09750492449113592
9157,3,0,0.10848338260324286
9158,3,1,0.10848338260324286
9159,1,1,0.09750492449113592
9160,4,0,0.10846181427034779
9161,2,0,0.1051693404634581
9162,1,0,0.09750492449113592
9163,2,1,0.6916956737941323
9164,4,1,0.10846181427034779
9165,1,0,0.1750291715285881
9166,4,1,0.17377182298010557
9167,4,1,0.10846181427034779
9168,5,0,0.10624706434945984
9169,2,0,0.1051693404634581
9170,3,0,0.10848338260324286
9171,2,0,0.17620376831821355
9172,2,0,0.5244444444444445
9173,4,0,0.10846181427034779
9174,2,0,0.17620376831821355
9175,5,0,0.10624706434945984
9176,5,0,0.10624706434945984
9177,5,0,0.17265193370165746
9178,5,1,0.17265193370165746
9179,2,1,0.6916956737941323
9180,1,0,0.09750492449113592
9181,3,0,0.10848338260324286
9182,3,1,0.1743920972644377
9183,2,1,0.1051693404634581
9184,3,1,0.10848338260324286
9185,1,0,0.09750492449113592
9186,5,0,0.10624706434945984
9187,2,1,0.17620376831821355
9188,3,0,0.3774703557312253
9189,2,1,0.6916956737941323
9190,5,0,0.17265193370165746
9191,3,0,0.10848338260324286
9192,1,0,0.09750492449113592
9193,1,0,0.5276497695852534
9194,3,0,0.10848338260324286
9195,3,0,0.3774703557312253
9196,1,0,0.09750492449113592
9197,1,0,0.1750291715285881
9198,5,0,0.10624706434945984
9199,2,0,0.1051693404634581
9200,2,0,0.1051693404634581
9201,2,0,0.1051693404634581
9202,3,1,0.10848338260324286
9203,3,0,0.10848338260324286
9204,1,0,0.09750492449113592
9205,4,1,0.7197309417040358
9206,3,1,0.3774703557312253
9207,2,0,0.1051693404634581
9208,3,0,0.10848338260324286
9209,1,0,0.09750492449113592
9210,2,1,0.6916956737941323
9211,4,0,0.31981981981981983
9212,1,0,0.09750492449113592
9213,3,0,0.1743920972644377
9214,4,1,0.36443148688046645
9215,4,0,0.17377182298010557
9216,5,0,0.4191852825229961
9217,5,0,0.2745320476460579
9218,2,1,0.27938671209540034
9219,2,1,0.6916956737941323
9220,1,0,0.09750492449113592
9221,4,0,0.10846181427034779
9222,1,0,0.09750492449113592
9223,4,0,0.17377182298010557
9224,2,0,0.1051693404634581
9225,5,0,0.10624706434945984
9226,1,0,0.1750291715285881
9227,3,1,0.3774703557312253
9228,2,0,0.1051693404634581
9229,1,0,0.09750492449113592
9230,1,0,0.09750492449113592
9231,4,1,0.10846181427034779
9232,2,1,0.1051693404634581
9233,3,1,0.7204419889502762
9234,3,1,0.10848338260324286
9235,4,0,0.17377182298010557
9236,3,1,0.7204419889502762
9237,2,0,0.1051693404634581
9238,4,1,0.17377182298010557
9239,3,0,0.10848338260324286
9240,2,0,0.3167420814479638
9241,5,0,0.4191852825229961
9242,4,0,0.10846181427034779
9243,4,1,0.36443148688046645
9244,2,0,0.1051693404634581
9245,5,0,0.17265193370165746
9246,2,0,0.17620376831821355
9247,4,1,0.53
9248,2,0,0.1051693404634581
9249,4,0,0.2782089552238806
9250,1,0,0.09750492449113592
9251,3,1,0.7204419889502762
9252,2,0,0.17620376831821355
9253,1,0,0.09750492449113592
9254,3,0,0.7204419889502762
9255,4,1,0.10846181427034779
9256,5,0,0.10624706434945984
9257,2,1,0.1051693404634581
9258,4,0,0.10846181427034779
9259,3,0,0.3722943722943723
9260,4,0,0.10846181427034779
9261,1,0,0.09750492449113592
9262,4,1,0.2782089552238806
9263,2,0,0.1051693404634581
9264,5,0,0.7639751552795031
9265,4,0,0.10846181427034779
9266,4,0,0.17377182298010557
9267,3,0,0.10848338260324286
9268,2,0,0.17620376831821355
9269,4,0,0.10846181427034779
9270,1,0,0.09750492449113592
9271,1,0,0.09750492449113592
9272,4,1,0.36443148688046645
9273,1,0,0.1750291715285881
9274,2,0,0.5244444444444445
9275,2,0,0.27938671209540034
9276,3,0,0.10848338260324286
9277,1,0,0.09750492449113592
9278,1,1,0.5128205128205128
9279,3,1,0.27732558139534885
9280,5,0,0.2745320476460579
9281,4,0,0.10846181427034779
9282,1,1,0.7188195991091314
9283,4,0,0.10846181427034779
9284,3,0,0.10848338260324286
9285,2,0,0.17620376831821355
9286,3,0,0.10848338260324286
9287,3,0,0.10848338260324286
9288,1,0,0.09750492449113592
9289,3,0,0.1743920972644377
9290,2,0,0.1051693404634581
9291,5,1,0.4191852825229961
9292,4,0,0.10846181427034779
9293,2,0,0.1051693404634581
9294,5,0,0.10624706434945984
9295,2,0,0.1051693404634581
9296,2,1,0.1051693404634581
9297,5,0,0.6489626556016598
9298,5,0,0.10624706434945984
9299,2,0,0.1051693404634581
9300,1,1,0.09750492449113592
9301,4,0,0.10846181427034779
9302,4,0,0.17377182298010557
9303,4,1,0.10846181427034779
9304,5,0,0.2745320476460579
9305,2,0,0.17620376831821355
9306,4,1,0.7197309417040358
9307,3,0,0.10848338260324286
9308,4,1,0.10846181427034779
9309,5,0,0.10624706434945984
9310,3,1,0.3774703557312253
9311,1,0,0.09750492449113592
9312,1,1,0.7188195991091314
9313,1,0,0.1750291715285881
9314,5,0,0.10624706434945984
9315,1,0,0.1750291715285881
9316,5,1,0.2745320476460579
9317,3,1,0.27732558139534885
9318,2,0,0.1051693404634581
9319,4,0,0.10846181427034779
9320,3,0,0.10848338260324286
9321,3,0,0.10848338260324286
9322,1,1,0.1750291715285881
9323,1,0,0.09750492449113592
9324,1,0,0.1750291715285881
9325,3,0,0.10848338260324286
9326,2,1,0.6916956737941323
9327,5,0,0.2745320476460579
9328,1,0,0.09750492449113592
9329,3,1,0.7204419889502762
9330,3,1,0.27732558139534885
9331,1,0,0.1750291715285881
9332,3,0,0.10848338260324286
9333,2,1,0.6916956737941323
9334,3,0,0.10848338260324286
9335,2,0,0.6916956737941323
9336,1,1,0.2579210672595887
9337,2,1,0.1051693404634581
9338,3,0,0.10848338260324286
9339,1,0,0.5128205128205128
9340,3,0,0.27732558139534885
9341,5,1,0.17265193370165746
9342,1,0,0.1750291715285881
9343,5,1,0.6489626556016598
9344,2,0,0.1051693404634581
9345,3,0,0.10848338260324286
9346,3,1,0.10848338260324286
9347,4,0,0.10846181427034779
9348,4,0,0.17377182298010557
9349,2,1,0.6916956737941323
9350,5,0,0.10624706434945984
9351,2,0,0.1051693404634581
9352,2,0,0.27938671209540034
9353,3,0,0.10848338260324286
9354,1,0,0.1750291715285881
9355,2,0,0.17620376831821355
9356,5,0,0.10624706434945984
9357,4,0,0.10846181427034779
9358,3,0,0.10848338260324286
9359,5,1,0.17265193370165746
9360,2,0,0.1051693404634581
9361,5,0,0.10624706434945984
9362,3,0,0.10848338260324286
9363,1,0,0.1750291715285881
9364,5,0,0.17265193370165746
9365,5,1,0.2745320476460579
9366,1,0,0.09750492449113592
9367,2,1,0.3931203931203931
9368,1,1,0.7188195991091314
9369,1,1,0.2579210672595887
9370,5,0,0.10624706434945984
9371,2,0,0.27938671209540034
9372,2,1,0.2131979695431472
9373,1,0,0.09750492449113592
9374,5,0,0.10624706434945984
9375,2,0,0.1051693404634581
9376,5,0,0.10624706434945984
9377,4,1,0.10846181427034779
9378,3,1,0.7204419889502762
9379,3,0,0.10848338260324286
9380,5,0,0.17265193370165746
9381,4,1,0.7197309417040358
9382,5,1,0.2745320476460579
9383,1,0,0.09750492449113592
9384,2,0,0.6916956737941323
9385,2,0,0.3167420814479638
9386,5,0,0.10624706434945984
9387,2,0,0.17620376831821355
9388,5,1,0.10624706434945984
9389,2,1,0.1051693404634581
9390,4,0,0.10846181427034779
9391,3,0,0.3774703557312253
9392,2,0,0.1051693404634581
9393,3,0,0.3774703557312253
9394,2,0,0.1051693404634581
9395,4,1,0.7197309417040358
9396,1,0,0.09750492449113592
9397,5,0,0.17265193370165746
9398,5,0,0.10624706434945984
9399,1,0,0.09750492449113592
9400,2,0,0.1051693404634581
9401,1,0,0.7188195991091314
9402,4,0,0.10846181427034779
9403,3,1,0.10848338260324286
9404,2,0,0.1051693404634581
9405,1,0,0.1750291715285881
9406,3,1,0.7204419889502762
9407,1,0,0.09750492449113592
9408,1,0,0.09750492449113592
9409,1,0,0.1750291715285881
9410,2,1,0.1051693404634581
9411,2,0,0.17620376831821355
9412,2,0,0.1051693404634581
9413,2,0,0.17620376831821355
9414,4,0,0.10846181427034779
9415,3,0,0.10848338260324286
9416,4,0,0.10846181427034779
9417,1,0,0.7188195991091314
9418,3,0,0.10848338260324286
9419,3,0,0.10848338260324286
9420,4,0,0.10846181427034779
9421,5,0,0.10624706434945984
9422,4,1,0.36443148688046645
9423,2,0,0.1051693404634581
9424,3,0,0.10848338260324286
9425,2,0,0.17620376831821355
9426,4,0,0.17377182298010557
9427,5,0,0.10624706434945984
9428,2,0,0.27938671209540034
9429,3,0,0.10848338260324286
9430,2,0,0.1051693404634581
9431,4,0,0.10846181427034779
9432,5,0,0.2745320476460579
9433,4,0,0.10846181427034779
9434,5,0,0.10624706434945984
9435,3,1,0.3722943722943723
9436,3,1,0.10848338260324286
9437,1,0,0.2624521072796935
9438,3,0,0.10848338260324286
9439,3,0,0.10848338260324286
9440,4,1,0.53
9441,3,1,0.7204419889502762
9442,4,1,0.2782089552238806
9443,5,0,0.10624706434945984
9444,4,1,0.7197309417040358
9445,5,0,0.5300668151447662
9446,4,0,0.10846181427034779
9447,3,0,0.27732558139534885
9448,5,1,0.10624706434945984
9449,1,0,0.1750291715285881
9450,2,0,0.6916956737941323
9451,2,0,0.1051693404634581
9452,1,0,0.09750492449113592
9453,1,0,0.09750492449113592
9454,5,0,0.10624706434945984
9455,2,0,0.27938671209540034
9456,2,0,0.1051693404634581
9457,1,0,0.1750291715285881
9458,1,0,0.09750492449113592
9459,1,1,0.2624521072796935
9460,3,1,0.10848338260324286
9461,3,0,0.10848338260324286
9462,1,0,0.2579210672595887
9463,4,0,0.10846181427034779
9464,2,0,0.27938671209540034
9465,5,0,0.17265193370165746
9466,4,1,0.10846181427034779
9467,1,1,0.1750291715285881
9468,1,0,0.09750492449113592
9469,5,0,0.10624706434945984
9470,5,0,0.6489626556016598
9471,5,0,0.10624706434945984
9472,2,0,0.1051693404634581
9473,3,0,0.27732558139534885
9474,4,0,0.10846181427034779
9475,5,0,0.10624706434945984
9476,1,1,0.7188195991091314
9477,3,0,0.1743920972644377
9478,5,0,0.2745320476460579
9479,4,0,0.10846181427034779
9480,3,0,0.10848338260324286
9481,1,0,0.09750492449113592
9482,1,0,0.09750492449113592
9483,1,0,0.1750291715285881
9484,1,1,0.09750492449113592
9485,5,1,0.2850467289719626
9486,2,0,0.1051693404634581
9487,1,1,0.09750492449113592
9488,4,0,0.2782089552238806
9489,3,0,0.10848338260324286
9490,5,0,0.10624706434945984
9491,4,0,0.10846181427034779
9492,2,0,0.27938671209540034
9493,2,0,0.1051693404634581
9494,2,1,0.27938671209540034
9495,5,0,0.10624706434945984
9496,5,0,0.2745320476460579
9497,5,0,0.10624706434945984
9498,1,1,0.4164420485175202
9499,3,0,0.10848338260324286
9500,1,0,0.09750492449113592
9501,2,1,0.27938671209540034
9502,4,0,0.2782089552238806
9503,1,0,0.2579210672595887
9504,2,0,0.1051693404634581
9505,5,0,0.10624706434945984
9506,2,1,0.1051693404634581
9507,4,0,0.10846181427034779
9508,2,0,0.1051693404634581
9509,4,0,0.10846181427034779
9510,4,0,0.10846181427034779
9511,2,0,0.1051693404634581
9512,3,0,0.10848338260324286
9513,1,0,0.09750492449113592
9514,4,0,0.10846181427034779
9515,2,0,0.1051693404634581
9516,3,0,0.10848338260324286
9517,1,0,0.09750492449113592
9518,1,0,0.09750492449113592
9519,2,0,0.1051693404634581
9520,3,0,0.10848338260324286
9521,5,1,0.17265193370165746
9522,4,0,0.2782089552238806
9523,5,0,0.10624706434945984
9524,5,0,0.10624706434945984
9525,5,1,0.10624706434945984
9526,2,0,0.1051693404634581
9527,5,0,0.6489626556016598
9528,4,0,0.10846181427034779
9529,3,0,0.27732558139534885
9530,2,1,0.6916956737941323
9531,4,0,0.10846181427034779
9532,2,0,0.1051693404634581
9533,1,0,0.2579210672595887
9534,5,1,0.7639751552795031
9535,1,0,0.09750492449113592
9536,4,1,0.10846181427034779
9537,2,0,0.5244444444444445
9538,4,0,0.10846181427034779
9539,4,0,0.10846181427034779
9540,2,0,0.3931203931203931
9541,3,0,0.10848338260324286
9542,1,0,0.09750492449113592
9543,3,0,0.10848338260324286
9544,4,0,0.2782089552238806
9545,5,0,0.17265193370165746
9546,5,0,0.2745320476460579
9547,4,0,0.10846181427034779
9548,5,0,0.2745320476460579
9549,4,1,0.5256124721603563
9550,1,1,0.1750291715285881
9551,4,1,0.10846181427034779
9552,5,0,0.10624706434945984
9553,5,0,0.4191852825229961
9554,2,1,0.1051693404634581
9555,4,1,0.2782089552238806
9556,5,0,0.5300668151447662
9557,3,1,0.10848338260324286
9558,1,0,0.2579210672595887
9559,4,0,0.10846181427034779
9560,5,0,0.10624706434945984
9561,3,1,0.3774703557312253
9562,4,0,0.10846181427034779
9563,2,0,0.3167420814479638
9564,4,0,0.10846181427034779
9565,1,0,0.1750291715285881
9566,4,1,0.7197309417040358
9567,1,0,0.09750492449113592
9568,5,0,0.10624706434945984
9569,4,1,0.7197309417040358
9570,2,0,0.1051693404634581
9571,4,0,0.10846181427034779
9572,1,0,0.1750291715285881
9573,3,0,0.10848338260324286
9574,1,0,0.1750291715285881
9575,5,0,0.4191852825229961
9576,1,0,0.2624521072796935
9577,4,0,0.10846181427034779
9578,5,1,0.6489626556016598
9579,4,0,0.10846181427034779
9580,3,0,0.27732558139534885
9581,3,0,0.10848338260324286
9582,1,0,0.09750492449113592
9583,3,0,0.538961038961039
9584,1,1,0.5276497695852534
9585,4,0,0.17377182298010557
9586,2,0,0.1051693404634581
9587,1,0,0.09750492449113592
9588,3,1,0.10848338260324286
9589,2,1,0.1051693404634581
9590,2,0,0.1051693404634581
9591,5,1,0.2745320476460579
9592,2,1,0.17620376831821355
9593,1,0,0.09750492449113592
9594,3,1,0.10848338260324286
9595,1,1,0.7188195991091314
9596,4,1,0.10846181427034779
9597,3,0,0.4647058823529412
9598,4,0,0.10846181427034779
9599,3,0,0.3774703557312253
9600,3,1,0.7204419889502762
9601,1,0,0.09750492449113592
9602,1,0,0.2579210672595887
9603,1,0,0.2624521072796935
9604,1,0,0.09750492449113592
9605,4,0,0.17377182298010557
9606,3,0,0.7204419889502762
9607,1,0,0.09750492449113592
9608,1,0,0.1750291715285881
9609,3,0,0.27732558139534885
9610,3,0,0.10848338260324286
9611,1,0,0.4164420485175202
9612,1,0,0.1750291715285881
9613,3,0,0.1743920972644377
9614,3,0,0.10848338260324286
9615,5,0,0.7639751552795031
9616,5,0,0.10624706434945984
9617,4,1,0.17377182298010557
9618,1,0,0.1750291715285881
9619,1,1,0.1750291715285881
9620,1,1,0.09750492449113592
9621,5,0,0.2745320476460579
9622,2,0,0.1051693404634581
9623,2,0,0.1051693404634581
9624,1,0,0.1750291715285881
9625,2,0,0.5244444444444445
9626,5,0,0.10624706434945984
9627,3,0,0.10848338260324286
9628,3,1,0.10848338260324286
9629,5,0,0.10624706434945984
9630,3,1,0.7204419889502762
9631,2,0,0.1051693404634581
9632,2,1,0.1051693404634581
9633,3,0,0.1743920972644377
9634,5,0,0.10624706434945984
9635,5,0,0.10624706434945984
9636,2,0,0.1051693404634581
9637,3,1,0.7204419889502762
9638,1,0,0.1750291715285881
9639,3,1,0.7204419889502762
9640,5,0,0.17265193370165746
9641,3,0,0.10848338260324286
9642,1,1,0.09750492449113592
9643,5,0,0.10624706434945984
9644,3,0,0.10848338260324286
9645,1,1,0.7188195991091314
9646,2,0,0.1051693404634581
9647,5,0,0.17265193370165746
9648,4,0,0.17377182298010557
9649,5,0,0.10624706434945984
9650,3,0,0.27732558139534885
9651,1,1,0.4164420485175202
9652,1,0,0.09750492449113592
9653,5,0,0.10624706434945984
9654,3,0,0.1743920972644377
9655,1,0,0.09750492449113592
9656,1,0,0.2579210672595887
9657,2,0,0.1051693404634581
9658,3,0,0.27732558139534885
9659,5,0,0.10624706434945984
9660,3,0,0.27732558139534885
9661,4,1,0.10846181427034779
9662,3,1,0.10848338260324286
9663,4,0,0.2782089552238806
9664,3,0,0.10848338260324286
9665,5,0,0.10624706434945984
9666,3,0,0.10848338260324286
9667,5,0,0.10624706434945984
9668,4,0,0.10846181427034779
9669,4,0,0.10846181427034779
9670,4,0,0.2782089552238806
9671,1,1,0.1750291715285881
9672,1,0,0.09750492449113592
9673,5,1,0.10624706434945984
9674,5,0,0.17265193370165746
9675,1,1,0.2579210672595887
9676,4,1,0.10846181427034779
9677,1,0,0.7188195991091314
9678,2,1,0.6916956737941323
9679,3,0,0.10848338260324286
9680,2,1,0.5244444444444445
9681,5,1,0.10624706434945984
9682,2,1,0.6916956737941323
9683,2,0,0.3167420814479638
9684,5,0,0.10624706434945984
9685,5,1,0.10624706434945984
9686,4,0,0.17377182298010557
9687,1,0,0.2579210672595887
9688,5,1,0.7639751552795031
9689,5,0,0.10624706434945984
9690,2,1,0.6916956737941323
9691,2,0,0.17620376831821355
9692,1,0,0.1750291715285881
9693,2,0,0.1051693404634581
9694,5,1,0.10624706434945984
9695,1,0,0.09750492449113592
9696,4,0,0.10846181427034779
9697,5,0,0.17265193370165746
9698,5,1,0.6489626556016598
9699,3,1,0.1743920972644377
9700,4,1,0.10846181427034779
9701,5,0,0.10624706434945984
9702,5,1,0.7639751552795031
9703,3,1,0.10848338260324286
9704,3,0,0.1743920972644377
9705,5,0,0.2745320476460579
9706,2,1,0.5244444444444445
9707,3,0,0.10848338260324286
9708,1,0,0.4164420485175202
9709,5,0,0.6489626556016598
9710,4,0,0.10846181427034779
9711,2,0,0.1051693404634581
9712,3,0,0.1743920972644377
9713,4,0,0.10846181427034779
9714,5,1,0.2850467289719626
9715,2,0,0.1051693404634581
9716,3,0,0.10848338260324286
9717,3,0,0.10848338260324286
9718,4,1,0.10846181427034779
9719,1,0,0.09750492449113592
9720,2,1,0.2131979695431472
9721,1,1,0.1750291715285881
9722,1,0,0.2579210672595887
9723,3,0,0.3774703557312253
9724,5,0,0.10624706434945984
9725,5,0,0.10624706434945984
9726,3,0,0.10848338260324286
9727,5,0,0.10624706434945984
9728,1,0,0.1750291715285881
9729,5,1,0.6489626556016598
9730,3,0,0.10848338260324286
9731,1,0,0.09750492449113592
9732,4,1,0.2782089552238806
9733,2,1,0.17620376831821355
9734,3,1,0.7204419889502762
9735,3,0,0.10848338260324286
9736,1,0,0.2579210672595887
9737,3,0,0.1743920972644377
9738,4,0,0.10846181427034779
9739,2,0,0.1051693404634581
9740,1,0,0.09750492449113592
9741,3,0,0.10848338260324286
9742,5,0,0.10624706434945984
9743,5,0,0.10624706434945984
9744,5,0,0.10624706434945984
9745,3,1,0.7204419889502762
9746,2,1,0.6916956737941323
9747,1,0,0.09750492449113592
9748,3,0,0.10848338260324286
9749,4,0,0.2782089552238806
9750,4,1,0.2782089552238806
9751,1,0,0.5276497695852534
9752,1,0,0.09750492449113592
9753,5,1,0.10624706434945984
9754,4,0,0.10846181427034779
9755,5,0,0.2745320476460579
9756,2,0,0.1051693404634581
9757,1,1,0.7188195991091314
9758,3,0,0.10848338260324286
9759,4,0,0.10846181427034779
9760,2,0,0.1051693404634581
9761,2,1,0.1051693404634581
9762,2,0,0.1051693404634581
9763,3,0,0.10848338260324286
9764,5,1,0.17265193370165746
9765,2,0,0.3167420814479638
9766,5,0,0.10624706434945984
9767,3,0,0.10848338260324286
9768,5,1,0.7639751552795031
9769,2,0,0.1051693404634581
9770,3,1,0.10848338260324286
9771,1,0,0.09750492449113592
9772,5,1,0.17265193370165746
9773,1,1,0.5128205128205128
9774,4,1,0.7197309417040358
9775,1,0,0.09750492449113592
9776,3,0,0.10848338260324286
9777,2,0,0.17620376831821355
9778,3,0,0.10848338260324286
9779,4,0,0.17377182298010557
9780,2,0,0.1051693404634581
9781,2,0,0.17620376831821355
9782,1,0,0.2579210672595887
9783,5,0,0.10624706434945984
9784,4,0,0.10846181427034779
9785,5,0,0.10624706434945984
9786,4,0,0.10846181427034779
9787,3,0,0.10848338260324286
9788,1,1,0.7188195991091314
9789,2,0,0.1051693404634581
9790,3,0,0.10848338260324286
9791,2,1,0.6916956737941323
9792,1,0,0.2579210672595887
9793,4,0,0.10846181427034779
9794,5,0,0.4191852825229961
9795,5,1,0.10624706434945984
9796,5,0,0.10624706434945984
9797,4,0,0.10846181427034779
9798,3,1,0.27732558139534885
9799,3,1,0.10848338260324286
9800,5,0,0.2745320476460579
9801,4,0,0.10846181427034779
9802,2,0,0.1051693404634581
9803,3,0,0.10848338260324286
9804,2,0,0.1051693404634581
9805,1,0,0.09750492449113592
9806,5,0,0.10624706434945984
9807,2,0,0.1051693404634581
9808,5,1,0.4191852825229961
9809,5,0,0.10624706434945984
9810,1,0,0.09750492449113592
9811,4,1,0.36443148688046645
9812,4,0,0.10846181427034779
9813,5,1,0.10624706434945984
9814,1,0,0.09750492449113592
9815,5,1,0.7639751552795031
9816,1,0,0.09750492449113592
9817,4,1,0.7197309417040358
9818,4,0,0.10846181427034779
9819,4,0,0.10846181427034779
9820,4,0,0.17377182298010557
9821,2,1,0.5244444444444445
9822,2,0,0.3167420814479638
9823,5,0,0.10624706434945984
9824,5,0,0.17265193370165746
9825,5,1,0.6489626556016598
9826,3,1,0.7204419889502762
9827,2,0,0.1051693404634581
9828,5,0,0.10624706434945984
9829,2,1,0.6916956737941323
9830,1,0,0.09750492449113592
9831,4,1,0.10846181427034779
9832,2,0,0.27938671209540034
9833,4,1,0.7197309417040358
9834,2,0,0.17620376831821355
9835,2,0,0.1051693404634581
9836,2,1,0.1051693404634581
9837,4,0,0.7197309417040358
9838,2,1,0.1051693404634581
9839,4,0,0.10846181427034779
9840,4,1,0.7197309417040358
9841,5,1,0.7639751552795031
9842,2,0,0.1051693404634581
9843,5,0,0.2745320476460579
9844,4,0,0.7197309417040358
9845,1,0,0.09750492449113592
9846,5,0,0.10624706434945984
9847,3,1,0.10848338260324286
9848,4,0,0.10846181427034779
9849,5,0,0.10624706434945984
9850,5,0,0.17265193370165746
9851,4,0,0.17377182298010557
9852,1,1,0.09750492449113592
9853,4,1,0.10846181427034779
9854,3,0,0.10848338260324286
9855,3,0,0.1743920972644377
9856,2,0,0.1051693404634581
9857,4,1,0.2782089552238806
9858,4,0,0.2782089552238806
9859,4,0,0.2782089552238806
9860,1,0,0.1750291715285881
9861,2,0,0.1051693404634581
9862,5,0,0.2745320476460579
9863,3,0,0.10848338260324286
9864,3,0,0.10848338260324286
9865,2,0,0.1051693404634581
9866,2,1,0.1051693404634581
9867,4,0,0.10846181427034779
9868,3,0,0.10848338260324286
9869,4,1,0.7197309417040358
9870,2,0,0.1051693404634581
9871,3,1,0.7204419889502762
9872,3,0,0.10848338260324286
9873,1,0,0.1750291715285881
9874,3,0,0.3774703557312253
9875,2,0,0.27938671209540034
9876,4,0,0.10846181427034779
9877,1,1,0.7188195991091314
9878,3,0,0.10848338260324286
9879,3,1,0.4647058823529412
9880,1,0,0.09750492449113592
9881,5,1,0.17265193370165746
9882,3,0,0.10848338260324286
9883,2,0,0.6916956737941323
9884,5,0,0.10624706434945984
9885,1,0,0.09750492449113592
9886,2,0,0.1051693404634581
9887,2,1,0.27938671209540034
9888,2,0,0.1051693404634581
9889,1,0,0.09750492449113592
9890,5,0,0.10624706434945984
9891,1,0,0.2579210672595887
9892,5,0,0.6489626556016598
9893,3,0,0.10848338260324286
9894,4,0,0.2782089552238806
9895,5,0,0.5300668151447662
9896,2,0,0.27938671209540034
9897,1,0,0.2579210672595887
9898,5,0,0.10624706434945984
9899,2,0,0.1051693404634581
9900,3,0,0.1743920972644377
9901,1,0,0.1750291715285881
9902,5,0,0.2745320476460579
9903,5,1,0.17265193370165746
9904,1,0,0.09750492449113592
9905,5,0,0.17265193370165746
9906,1,0,0.2579210672595887
9907,1,0,0.09750492449113592
9908,4,0,0.2782089552238806
9909,4,1,0.10846181427034779
9910,3,1,0.10848338260324286
9911,5,0,0.10624706434945984
9912,2,0,0.1051693404634581
9913,3,0,0.10848338260324286
9914,5,0,0.10624706434945984
9915,3,0,0.1743920972644377
9916,4,0,0.10846181427034779
9917,4,1,0.53
9918,2,0,0.1051693404634581
9919,2,0,0.1051693404634581
9920,5,0,0.10624706434945984
9921,1,0,0.1750291715285881
9922,4,0,0.17377182298010557
9923,3,0,0.10848338260324286
9924,4,0,0.17377182298010557
9925,5,1,0.2745320476460579
9926,5,0,0.17265193370165746
9927,5,0,0.10624706434945984
9928,2,0,0.1051693404634581
9929,1,0,0.09750492449113592
9930,2,0,0.17620376831821355
9931,5,0,0.17265193370165746
9932,2,0,0.27938671209540034
9933,2,0,0.1051693404634581
9934,3,1,0.3774703557312253
9935,3,1,0.3774703557312253
9936,5,0,0.10624706434945984
9937,3,0,0.10848338260324286
9938,1,1,0.4164420485175202
9939,3,0,0.10848338260324286
9940,1,0,0.7188195991091314
9941,2,0,0.27938671209540034
9942,5,0,0.10624706434945984
9943,3,1,0.10848338260324286
9944,4,0,0.17377182298010557
9945,5,0,0.10624706434945984
9946,4,0,0.10846181427034779
9947,1,0,0.09750492449113592
9948,1,0,0.09750492449113592
9949,1,0,0.1750291715285881
9950,4,1,0.7197309417040358
9951,2,0,0.17620376831821355
9952,3,1,0.7204419889502762
9953,5,0,0.10624706434945984
9954,3,0,0.10848338260324286
9955,1,0,0.2579210672595887
9956,2,1,0.27938671209540034
9957,5,0,0.10624706434945984
9958,2,0,0.1051693404634581
9959,3,1,0.7204419889502762
9960,4,1,0.17377182298010557
9961,4,0,0.10846181427034779
9962,1,0,0.5276497695852534
9963,4,0,0.10846181427034779
9964,2,0,0.1051693404634581
9965,2,0,0.1051693404634581
9966,4,0,0.17377182298010557
9967,4,0,0.10846181427034779
9968,4,0,0.10846181427034779
9969,4,0,0.10846181427034779
9970,2,0,0.1051693404634581
9971,5,0,0.10624706434945984
9972,3,0,0.10848338260324286
9973,1,0,0.09750492449113592
9974,4,0,0.10846181427034779
9975,2,0,0.27938671209540034
9976,5,0,0.17265193370165746
9977,1,0,0.09750492449113592
9978,3,0,0.10848338260324286
9979,2,0,0.1051693404634581
9980,5,0,0.10624706434945984
9981,5,0,0.10624706434945984
9982,5,1,0.6489626556016598
9983,4,0,0.10846181427034779
9984,4,1,0.10846181427034779
9985,1,1,0.09750492449113592
9986,5,1,0.10624706434945984
9987,3,0,0.10848338260324286
9988,3,0,0.3774703557312253
9989,3,0,0.3774703557312253
9990,2,1,0.6916956737941323
9991,3,0,0.3774703557312253
9992,1,0,0.09750492449113592
9993,2,1,0.17620376831821355
9994,2,0,0.27938671209540034
9995,2,1,0.5244444444444445
9996,3,0,0.10848338260324286
9997,1,0,0.09750492449113592
9998,4,0,0.10846181427034779
9999,4,1,0.7197309417040358
10000,1,0,0.1750291715285881
10001,3,0,0.10848338260324286
10002,3,0,0.10848338260324286
10003,5,1,0.7639751552795031
10004,5,0,0.17265193370165746
10005,2,0,0.1051693404634581
10006,5,0,0.10624706434945984
10007,5,1,0.2745320476460579
10008,2,0,0.17620376831821355
10009,5,0,0.10624706434945984
10010,5,0,0.10624706434945984
10011,4,0,0.36443148688046645
10012,4,0,0.10846181427034779
10013,3,0,0.10848338260324286
10014,4,1,0.36443148688046645
10015,3,0,0.10848338260324286
10016,4,0,0.10846181427034779
10017,5,0,0.6489626556016598
10018,4,0,0.36443148688046645
10019,4,1,0.2782089552238806
10020,3,0,0.7204419889502762
10021,2,0,0.1051693404634581
10022,5,0,0.10624706434945984
10023,2,0,0.1051693404634581
10024,4,0,0.10846181427034779
10025,2,1,0.1051693404634581
10026,3,0,0.1743920972644377
10027,5,0,0.17265193370165746
10028,2,0,0.1051693404634581
10029,4,0,0.5256124721603563
10030,5,1,0.6489626556016598
10031,1,0,0.09750492449113592
10032,2,0,0.1051693404634581
10033,4,0,0.10846181427034779
10034,1,0,0.1750291715285881
10035,1,0,0.09750492449113592
10036,1,0,0.1750291715285881
10037,5,0,0.10624706434945984
10038,3,0,0.10848338260324286
10039,1,0,0.09750492449113592
10040,2,0,0.1051693404634581
10041,5,0,0.10624706434945984
10042,5,0,0.10624706434945984
10043,4,0,0.10846181427034779
10044,2,0,0.1051693404634581
10045,5,1,0.5300668151447662
10046,5,0,0.10624706434945984
10047,5,0,0.10624706434945984
10048,4,1,0.36443148688046645
10049,5,0,0.10624706434945984
10050,4,1,0.7197309417040358
10051,1,0,0.09750492449113592
10052,4,1,0.17377182298010557
10053,3,0,0.1743920972644377
10054,4,0,0.2782089552238806
10055,2,0,0.1051693404634581
10056,2,0,0.1051693404634581
10057,4,0,0.2782089552238806
10058,5,0,0.10624706434945984
10059,3,0,0.10848338260324286
10060,4,0,0.10846181427034779
10061,3,0,0.1743920972644377
10062,4,0,0.31981981981981983
10063,3,0,0.3774703557312253
10064,2,0,0.3167420814479638
10065,2,0,0.1051693404634581
10066,4,0,0.10846181427034779
10067,2,0,0.1051693404634581
10068,4,0,0.10846181427034779
10069,5,0,0.10624706434945984
10070,4,0,0.10846181427034779
10071,5,0,0.10624706434945984
10072,3,0,0.10848338260324286
10073,3,0,0.3774703557312253
10074,3,0,0.10848338260324286
10075,4,0,0.10846181427034779
10076,3,1,0.7204419889502762
10077,5,0,0.10624706434945984
10078,3,0,0.10848338260324286
10079,4,1,0.36443148688046645
10080,3,0,0.3774703557312253
10081,5,1,0.17265193370165746
10082,1,0,0.2624521072796935
10083,1,0,0.09750492449113592
10084,2,0,0.1051693404634581
10085,2,0,0.5244444444444445
10086,2,0,0.1051693404634581
10087,5,0,0.17265193370165746
10088,4,0,0.10846181427034779
10089,2,0,0.1051693404634581
10090,4,0,0.10846181427034779
10091,2,0,0.1051693404634581
10092,2,0,0.17620376831821355
10093,4,0,0.10846181427034779
10094,3,0,0.538961038961039
10095,5,1,0.10624706434945984
10096,5,0,0.10624706434945984
10097,2,0,0.1051693404634581
10098,1,0,0.09750492449113592
10099,2,0,0.1051693404634581
10100,3,0,0.1743920972644377
10101,4,0,0.10846181427034779
10102,5,0,0.10624706434945984
10103,2,0,0.1051693404634581
10104,1,1,0.7188195991091314
10105,4,1,0.17377182298010557
10106,1,0,0.09750492449113592
10107,1,0,0.2624521072796935
10108,5,1,0.7639751552795031
10109,2,0,0.17620376831821355
10110,4,0,0.10846181427034779
10111,2,0,0.3931203931203931
10112,2,1,0.6916956737941323
10113,5,1,0.4191852825229961
10114,2,0,0.1051693404634581
10115,3,1,0.27732558139534885
10116,3,1,0.10848338260324286
10117,2,0,0.1051693404634581
10118,5,0,0.17265193370165746
10119,5,0,0.4191852825229961
10120,1,0,0.09750492449113592
10121,4,0,0.17377182298010557
10122,4,0,0.5256124721603563
10123,1,0,0.09750492449113592
10124,5,1,0.7639751552795031
10125,4,0,0.10846181427034779
10126,2,0,0.1051693404634581
10127,1,0,0.09750492449113592
10128,2,0,0.1051693404634581
10129,1,0,0.7188195991091314
10130,5,0,0.10624706434945984
10131,3,0,0.1743920972644377
10132,4,1,0.5256124721603563
10133,2,1,0.1051693404634581
10134,3,1,0.10848338260324286
10135,3,0,0.3722943722943723
10136,5,1,0.6489626556016598
10137,1,1,0.4164420485175202
10138,1,1,0.1750291715285881
10139,5,0,0.10624706434945984
10140,1,0,0.09750492449113592
10141,1,1,0.7188195991091314
10142,5,0,0.2745320476460579
10143,4,1,0.17377182298010557
10144,2,1,0.6916956737941323
10145,1,0,0.2579210672595887
10146,2,0,0.27938671209540034
10147,4,0,0.10846181427034779
10148,3,0,0.10848338260324286
10149,4,0,0.10846181427034779
10150,2,0,0.27938671209540034
10151,4,1,0.36443148688046645
10152,1,0,0.2579210672595887
10153,1,0,0.2579210672595887
10154,5,0,0.10624706434945984
10155,3,0,0.27732558139534885
10156,4,0,0.10846181427034779
10157,1,0,0.09750492449113592
10158,4,0,0.17377182298010557
10159,2,0,0.3931203931203931
10160,3,1,0.7204419889502762
10161,1,0,0.09750492449113592
10162,5,0,0.10624706434945984
10163,2,0,0.17620376831821355
10164,3,0,0.10848338260324286
10165,3,0,0.10848338260324286
10166,3,0,0.538961038961039
10167,1,0,0.4164420485175202
10168,5,0,0.17265193370165746
10169,1,0,0.09750492449113592
10170,3,0,0.1743920972644377
10171,1,0,0.2579210672595887
10172,3,1,0.10848338260324286
10173,4,0,0.10846181427034779
10174,5,0,0.17265193370165746
10175,3,0,0.10848338260324286
10176,3,0,0.10848338260324286
10177,1,0,0.1750291715285881
10178,3,0,0.10848338260324286
10179,5,0,0.22580645161290322
10180,5,0,0.6489626556016598
10181,5,0,0.10624706434945984
10182,4,1,0.5256124721603563
10183,3,1,0.7204419889502762
10184,2,0,0.17620376831821355
10185,4,0,0.10846181427034779
10186,3,0,0.27732558139534885
10187,5,0,0.10624706434945984
10188,3,0,0.10848338260324286
10189,3,0,0.10848338260324286
10190,4,0,0.10846181427034779
10191,4,0,0.10846181427034779
10192,2,0,0.27938671209540034
10193,1,1,0.2624521072796935
10194,3,0,0.10848338260324286
10195,5,0,0.10624706434945984
10196,5,0,0.10624706434945984
10197,1,0,0.1750291715285881
10198,4,0,0.10846181427034779
10199,5,0,0.2745320476460579
10200,5,0,0.17265193370165746
10201,3,0,0.10848338260324286
10202,5,0,0.17265193370165746
10203,5,0,0.10624706434945984
10204,2,0,0.17620376831821355
10205,4,0,0.2782089552238806
10206,3,1,0.10848338260324286
10207,3,0,0.1743920972644377
10208,5,0,0.10624706434945984
10209,1,0,0.7188195991091314
10210,2,0,0.1051693404634581
10211,1,0,0.2579210672595887
10212,4,0,0.10846181427034779
10213,5,1,0.7639751552795031
10214,3,0,0.10848338260324286
10215,2,0,0.1051693404634581
10216,5,0,0.2745320476460579
10217,5,0,0.2745320476460579
10218,4,0,0.10846181427034779
10219,4,0,0.7197309417040358
10220,1,0,0.2579210672595887
10221,1,0,0.1750291715285881
10222,5,1,0.17265193370165746
10223,2,0,0.1051693404634581
10224,4,0,0.10846181427034779
10225,5,0,0.2745320476460579
10226,2,0,0.1051693404634581
10227,4,0,0.10846181427034779
10228,5,0,0.5300668151447662
10229,1,0,0.1750291715285881
10230,4,1,0.10846181427034779
10231,1,0,0.09750492449113592
10232,5,0,0.2745320476460579
10233,2,0,0.17620376831821355
10234,5,1,0.7639751552795031
10235,3,0,0.10848338260324286
10236,3,1,0.7204419889502762
10237,1,0,0.09750492449113592
10238,4,0,0.10846181427034779
10239,2,1,0.1051693404634581
10240,2,0,0.1051693404634581
10241,5,0,0.10624706434945984
10242,3,1,0.3774703557312253
10243,1,1,0.2579210672595887
10244,4,0,0.10846181427034779
10245,1,0,0.1750291715285881
10246,5,0,0.4191852825229961
10247,4,1,0.2782089552238806
10248,4,0,0.2782089552238806
10249,4,0,0.2782089552238806
10250,4,1,0.10846181427034779
10251,4,0,0.10846181427034779
10252,4,0,0.10846181427034779
10253,1,1,0.1750291715285881
10254,4,1,0.36443148688046645
10255,5,0,0.10624706434945984
10256,4,1,0.31981981981981983
10257,4,0,0.10846181427034779
10258,1,0,0.09750492449113592
10259,5,0,0.10624706434945984
10260,3,0,0.10848338260324286
10261,4,0,0.36443148688046645
10262,5,1,0.10624706434945984
10263,5,0,0.17265193370165746
10264,1,0,0.09750492449113592
10265,1,0,0.1750291715285881
10266,3,0,0.10848338260324286
10267,2,0,0.1051693404634581
10268,3,1,0.10848338260324286
10269,3,0,0.3774703557312253
10270,2,0,0.1051693404634581
10271,1,0,0.09750492449113592
10272,1,0,0.1750291715285881
10273,2,1,0.3167420814479638
10274,4,0,0.10846181427034779
10275,1,1,0.09750492449113592
10276,5,1,0.2745320476460579
10277,4,0,0.10846181427034779
10278,3,0,0.10848338260324286
10279,2,0,0.6916956737941323
10280,1,0,0.09750492449113592
10281,3,1,0.10848338260324286
10282,5,0,0.10624706434945984
10283,5,0,0.10624706434945984
10284,2,0,0.1051693404634581
10285,2,1,0.17620376831821355
10286,4,1,0.10846181427034779
10287,1,0,0.1750291715285881
10288,3,1,0.1743920972644377
10289,4,0,0.10846181427034779
10290,2,0,0.1051693404634581
10291,5,0,0.17265193370165746
10292,1,0,0.09750492449113592
10293,3,0,0.3774703557312253
10294,3,0,0.10848338260324286
10295,1,0,0.09750492449113592
10296,2,0,0.17620376831821355
10297,4,0,0.10846181427034779
10298,4,0,0.10846181427034779
10299,5,0,0.10624706434945984
10300,2,0,0.1051693404634581
10301,1,0,0.2624521072796935
10302,3,0,0.10848338260324286
10303,2,0,0.27938671209540034
10304,1,0,0.09750492449113592
10305,2,1,0.1051693404634581
10306,3,0,0.3774703557312253
10307,4,0,0.36443148688046645
10308,4,0,0.10846181427034779
10309,5,0,0.17265193370165746
10310,2,1,0.1051693404634581
10311,5,0,0.10624706434945984
10312,5,0,0.10624706434945984
10313,4,1,0.10846181427034779
10314,5,0,0.10624706434945984
10315,2,0,0.17620376831821355
10316,5,1,0.10624706434945984
10317,4,0,0.10846181427034779
10318,1,0,0.2579210672595887
10319,3,0,0.10848338260324286
10320,4,0,0.36443148688046645
10321,2,0,0.1051693404634581
10322,3,0,0.10848338260324286
10323,4,1,0.7197309417040358
10324,5,0,0.10624706434945984
10325,1,0,0.4164420485175202
10326,5,0,0.10624706434945984
10327,3,0,0.10848338260324286
10328,5,0,0.10624706434945984
10329,1,0,0.2579210672595887
10330,4,0,0.2782089552238806
10331,5,0,0.10624706434945984
10332,5,0,0.10624706434945984
10333,3,0,0.10848338260324286
10334,5,0,0.10624706434945984
10335,3,0,0.7204419889502762
10336,3,0,0.10848338260324286
10337,4,0,0.10846181427034779
10338,1,0,0.4164420485175202
10339,3,0,0.10848338260324286
10340,1,1,0.4164420485175202
10341,3,0,0.10848338260324286
10342,5,0,0.10624706434945984
10343,4,0,0.2782089552238806
10344,1,0,0.09750492449113592
10345,2,0,0.1051693404634581
10346,1,0,0.09750492449113592
10347,1,0,0.09750492449113592
10348,4,1,0.36443148688046645
10349,1,1,0.5276497695852534
10350,1,0,0.1750291715285881
10351,1,0,0.09750492449113592
10352,1,0,0.2579210672595887
10353,3,0,0.10848338260324286
10354,1,1,0.09750492449113592
10355,2,0,0.1051693404634581
10356,2,0,0.1051693404634581
10357,2,0,0.1051693404634581
10358,2,0,0.6916956737941323
10359,3,1,0.7204419889502762
10360,3,0,0.10848338260324286
10361,1,0,0.1750291715285881
10362,1,0,0.09750492449113592
10363,5,0,0.17265193370165746
10364,5,0,0.10624706434945984
10365,5,0,0.2850467289719626
10366,2,0,0.1051693404634581
10367,2,1,0.3931203931203931
10368,4,0,0.10846181427034779
10369,5,0,0.10624706434945984
10370,1,1,0.4164420485175202
10371,2,0,0.3931203931203931
10372,2,1,0.27938671209540034
10373,3,0,0.10848338260324286
10374,5,0,0.17265193370165746
10375,5,0,0.10624706434945984
10376,4,0,0.10846181427034779
10377,2,0,0.17620376831821355
10378,3,0,0.10848338260324286
10379,2,0,0.1051693404634581
10380,3,0,0.10848338260324286
10381,2,0,0.1051693404634581
10382,1,1,0.09750492449113592
10383,5,0,0.10624706434945984
10384,3,0,0.10848338260324286
10385,1,1,0.7188195991091314
10386,3,0,0.10848338260324286
10387,4,0,0.7197309417040358
10388,1,0,0.1750291715285881
10389,1,0,0.1750291715285881
10390,4,1,0.7197309417040358
10391,1,0,0.7188195991091314
10392,2,1,0.17620376831821355
10393,3,0,0.10848338260324286
10394,5,0,0.10624706434945984
10395,5,1,0.10624706434945984
10396,5,0,0.10624706434945984
10397,5,1,0.4191852825229961
10398,1,0,0.1750291715285881
10399,5,0,0.10624706434945984
10400,5,0,0.2850467289719626
10401,5,0,0.17265193370165746
10402,5,1,0.17265193370165746
10403,2,1,0.1051693404634581
10404,1,0,0.09750492449113592
10405,2,0,0.17620376831821355
10406,4,1,0.53
10407,3,0,0.10848338260324286
10408,4,0,0.7197309417040358
10409,1,1,0.1750291715285881
10410,2,0,0.1051693404634581
10411,3,0,0.1743920972644377
10412,5,0,0.17265193370165746
10413,2,0,0.1051693404634581
10414,3,0,0.10848338260324286
10415,4,0,0.2782089552238806
10416,5,0,0.10624706434945984
10417,2,0,0.3167420814479638
10418,3,1,0.7204419889502762
10419,4,0,0.10846181427034779
10420,2,0,0.27938671209540034
10421,3,1,0.7204419889502762
10422,2,0,0.1051693404634581
10423,4,1,0.36443148688046645
10424,3,1,0.7204419889502762
10425,3,0,0.3774703557312253
10426,4,0,0.17377182298010557
10427,3,0,0.4647058823529412
10428,5,0,0.10624706434945984
10429,5,1,0.10624706434945984
10430,3,1,0.1743920972644377
10431,4,1,0.5256124721603563
10432,3,0,0.10848338260324286
10433,3,0,0.10848338260324286
10434,5,0,0.10624706434945984
10435,2,0,0.6916956737941323
10436,2,0,0.1051693404634581
10437,1,0,0.09750492449113592
10438,3,0,0.27732558139534885
10439,4,0,0.10846181427034779
10440,4,0,0.7197309417040358
10441,4,0,0.10846181427034779
10442,2,0,0.5244444444444445
10443,5,0,0.4191852825229961
10444,4,0,0.10846181427034779
10445,1,0,0.09750492449113592
10446,4,0,0.2782089552238806
10447,3,0,0.27732558139534885
10448,2,0,0.1051693404634581
10449,5,1,0.10624706434945984
10450,1,0,0.2579210672595887
10451,5,0,0.2745320476460579
10452,5,1,0.10624706434945984
10453,3,0,0.1743920972644377
10454,3,0,0.10848338260324286
10455,2,0,0.3931203931203931
10456,3,0,0.3774703557312253
10457,2,1,0.6916956737941323
10458,3,1,0.10848338260324286
10459,3,0,0.10848338260324286
10460,2,1,0.5244444444444445
10461,5,0,0.17265193370165746
10462,5,0,0.10624706434945984
10463,1,0,0.1750291715285881
10464,2,0,0.1051693404634581
10465,1,0,0.2624521072796935
10466,5,1,0.10624706434945984
10467,5,0,0.10624706434945984
10468,3,0,0.10848338260324286
10469,5,0,0.10624706434945984
10470,5,1,0.2745320476460579
10471,3,0,0.3722943722943723
10472,2,0,0.1051693404634581
10473,1,0,0.09750492449113592
10474,3,0,0.10848338260324286
10475,3,0,0.1743920972644377
10476,4,0,0.10846181427034779
10477,1,0,0.09750492449113592
10478,3,1,0.7204419889502762
10479,4,0,0.10846181427034779
10480,1,0,0.1750291715285881
10481,5,0,0.2745320476460579
10482,5,0,0.2745320476460579
10483,1,1,0.09750492449113592
10484,1,0,0.5128205128205128
10485,2,0,0.17620376831821355
10486,2,1,0.3931203931203931
10487,4,1,0.10846181427034779
10488,2,1,0.27938671209540034
10489,3,0,0.10848338260324286
10490,2,0,0.17620376831821355
10491,5,0,0.2850467289719626
10492,4,0,0.10846181427034779
10493,4,1,0.10846181427034779
10494,3,0,0.10848338260324286
10495,1,1,0.7188195991091314
10496,2,0,0.17620376831821355
10497,5,1,0.17265193370165746
10498,4,0,0.10846181427034779
10499,5,0,0.2745320476460579
10500,5,1,0.17265193370165746
10501,5,0,0.10624706434945984
10502,3,0,0.1743920972644377
10503,3,0,0.10848338260324286
10504,4,0,0.10846181427034779
10505,3,0,0.10848338260324286
10506,5,1,0.2745320476460579
10507,2,0,0.17620376831821355
10508,3,1,0.1743920972644377
10509,3,1,0.7204419889502762
10510,2,0,0.1051693404634581
10511,5,0,0.10624706434945984
10512,2,0,0.1051693404634581
10513,2,0,0.1051693404634581
10514,4,0,0.10846181427034779
10515,3,1,0.7204419889502762
10516,4,0,0.10846181427034779
10517,5,1,0.10624706434945984
10518,3,0,0.10848338260324286
10519,4,0,0.10846181427034779
10520,4,0,0.17377182298010557
10521,3,0,0.10848338260324286
10522,3,1,0.7204419889502762
10523,3,1,0.3722943722943723
10524,5,0,0.10624706434945984
10525,1,0,0.09750492449113592
10526,2,0,0.1051693404634581
10527,2,0,0.17620376831821355
10528,2,0,0.1051693404634581
10529,2,0,0.1051693404634581
10530,5,0,0.10624706434945984
10531,3,0,0.10848338260324286
10532,3,1,0.1743920972644377
10533,4,1,0.10846181427034779
10534,3,0,0.7204419889502762
10535,2,0,0.6916956737941323
10536,3,0,0.10848338260324286
10537,2,0,0.1051693404634581
10538,1,0,0.09750492449113592
10539,1,0,0.09750492449113592
10540,2,0,0.1051693404634581
10541,5,0,0.2850467289719626
10542,3,0,0.10848338260324286
10543,5,0,0.10624706434945984
10544,4,0,0.10846181427034779
10545,3,0,0.10848338260324286
10546,1,1,0.1750291715285881
10547,1,0,0.1750291715285881
10548,4,0,0.10846181427034779
10549,5,1,0.6489626556016598
10550,4,0,0.31981981981981983
10551,3,0,0.10848338260324286
10552,5,0,0.10624706434945984
10553,2,0,0.27938671209540034
10554,2,0,0.1051693404634581
10555,4,0,0.10846181427034779
10556,3,0,0.10848338260324286
10557,1,0,0.09750492449113592
10558,2,0,0.1051693404634581
10559,2,1,0.6916956737941323
10560,1,0,0.2624521072796935
10561,3,0,0.1743920972644377
10562,2,1,0.27938671209540034
10563,4,0,0.10846181427034779
10564,1,0,0.5128205128205128
10565,3,0,0.3774703557312253
10566,1,0,0.09750492449113592
10567,3,0,0.10848338260324286
10568,4,0,0.2782089552238806
10569,2,0,0.17620376831821355
10570,2,0,0.1051693404634581
10571,3,0,0.10848338260324286
10572,1,1,0.7188195991091314
10573,1,0,0.1750291715285881
10574,2,0,0.1051693404634581
10575,4,0,0.10846181427034779
10576,4,0,0.10846181427034779
10577,2,0,0.1051693404634581
10578,5,0,0.10624706434945984
10579,1,0,0.09750492449113592
10580,5,1,0.4191852825229961
10581,4,0,0.10846181427034779
10582,4,1,0.7197309417040358
10583,1,0,0.09750492449113592
10584,2,0,0.1051693404634581
10585,4,0,0.10846181427034779
10586,3,0,0.1743920972644377
10587,4,0,0.10846181427034779
10588,1,0,0.09750492449113592
10589,2,0,0.1051693404634581
10590,4,0,0.10846181427034779
10591,3,0,0.10848338260324286
10592,1,0,0.09750492449113592
10593,1,0,0.4164420485175202
10594,2,1,0.6916956737941323
10595,3,0,0.3722943722943723
10596,1,0,0.1750291715285881
10597,2,1,0.27938671209540034
10598,4,1,0.10846181427034779
10599,2,1,0.1051693404634581
10600,1,1,0.2579210672595887
10601,1,0,0.09750492449113592
10602,2,1,0.6916956737941323
10603,3,0,0.10848338260324286
10604,1,0,0.09750492449113592
10605,2,0,0.1051693404634581
10606,1,0,0.09750492449113592
10607,2,0,0.3167420814479638
10608,3,0,0.10848338260324286
10609,2,0,0.1051693404634581
10610,2,0,0.6916956737941323
10611,3,0,0.7204419889502762
10612,2,0,0.1051693404634581
10613,5,0,0.5300668151447662
10614,4,0,0.10846181427034779
10615,2,1,0.27938671209540034
10616,2,0,0.1051693404634581
10617,4,0,0.10846181427034779
10618,2,0,0.17620376831821355
10619,2,0,0.6916956737941323
10620,1,0,0.2579210672595887
10621,5,0,0.10624706434945984
10622,1,0,0.2664359861591695
10623,1,0,0.2579210672595887
10624,3,1,0.3722943722943723
10625,3,0,0.3774703557312253
10626,5,0,0.10624706434945984
10627,1,0,0.2579210672595887
10628,4,0,0.10846181427034779
10629,5,0,0.10624706434945984
10630,2,0,0.3931203931203931
10631,4,0,0.10846181427034779
10632,5,0,0.10624706434945984
10633,4,0,0.10846181427034779
10634,4,1,0.7197309417040358
10635,5,0,0.6489626556016598
10636,2,0,0.1051693404634581
10637,4,0,0.10846181427034779
10638,5,0,0.6489626556016598
10639,5,0,0.5300668151447662
10640,4,0,0.10846181427034779
10641,5,1,0.2745320476460579
10642,5,0,0.10624706434945984
10643,1,0,0.2624521072796935
10644,5,0,0.10624706434945984
10645,3,0,0.10848338260324286
10646,5,0,0.6489626556016598
10647,3,0,0.27732558139534885
10648,2,0,0.27938671209540034
10649,4,1,0.7197309417040358
10650,4,1,0.31981981981981983
10651,1,0,0.09750492449113592
10652,4,1,0.10846181427034779
10653,4,0,0.10846181427034779
10654,1,0,0.09750492449113592
10655,5,0,0.10624706434945984
10656,2,1,0.1051693404634581
10657,2,0,0.1051693404634581
10658,1,0,0.1750291715285881
10659,5,1,0.10624706434945984
10660,2,0,0.1051693404634581
10661,4,0,0.10846181427034779
10662,4,0,0.7197309417040358
10663,3,0,0.10848338260324286
10664,5,1,0.6489626556016598
10665,1,0,0.7188195991091314
10666,1,0,0.09750492449113592
10667,1,0,0.09750492449113592
10668,5,0,0.10624706434945984
10669,4,0,0.10846181427034779
10670,4,0,0.17377182298010557
10671,4,0,0.2782089552238806
10672,3,1,0.7204419889502762
10673,4,0,0.10846181427034779
10674,5,0,0.2745320476460579
10675,1,1,0.5276497695852534
10676,3,1,0.7204419889502762
10677,1,0,0.1750291715285881
10678,3,0,0.10848338260324286
10679,2,0,0.1051693404634581
10680,2,0,0.6916956737941323
10681,2,1,0.1051693404634581
10682,2,0,0.1051693404634581
10683,2,0,0.17620376831821355
10684,3,0,0.10848338260324286
10685,1,0,0.2624521072796935
10686,1,0,0.09750492449113592
10687,3,0,0.10848338260324286
10688,5,0,0.10624706434945984
10689,5,0,0.10624706434945984
10690,5,1,0.17265193370165746
10691,1,0,0.2624521072796935
10692,1,1,0.4164420485175202
10693,1,0,0.09750492449113592
10694,2,0,0.1051693404634581
10695,3,0,0.10848338260324286
10696,4,0,0.10846181427034779
10697,5,0,0.6489626556016598
10698,5,0,0.10624706434945984
10699,3,0,0.27732558139534885
10700,3,0,0.3774703557312253
10701,3,1,0.10848338260324286
10702,1,0,0.09750492449113592
10703,1,0,0.09750492449113592
10704,4,0,0.10846181427034779
10705,4,0,0.17377182298010557
10706,4,0,0.10846181427034779
10707,5,0,0.10624706434945984
10708,2,1,0.3167420814479638
10709,2,0,0.2131979695431472
10710,5,1,0.17265193370165746
10711,2,0,0.1051693404634581
10712,2,0,0.2131979695431472
10713,3,0,0.3774703557312253
10714,4,1,0.5256124721603563
10715,2,0,0.17620376831821355
10716,3,0,0.1743920972644377
10717,4,0,0.10846181427034779
10718,4,0,0.10846181427034779
10719,3,0,0.10848338260324286
10720,3,0,0.10848338260324286
10721,1,0,0.09750492449113592
10722,1,1,0.1750291715285881
10723,4,1,0.2782089552238806
10724,3,0,0.10848338260324286
10725,3,0,0.3722943722943723
10726,4,0,0.10846181427034779
10727,4,1,0.10846181427034779
10728,5,1,0.4191852825229961
10729,5,0,0.10624706434945984
10730,1,0,0.09750492449113592
10731,3,0,0.10848338260324286
10732,4,1,0.10846181427034779
10733,1,1,0.09750492449113592
10734,4,1,0.36443148688046645
10735,3,0,0.10848338260324286
10736,3,0,0.10848338260324286
10737,1,0,0.1750291715285881
10738,3,1,0.4647058823529412
10739,5,0,0.17265193370165746
10740,1,0,0.2664359861591695
10741,4,0,0.36443148688046645
10742,5,0,0.10624706434945984
10743,4,1,0.7197309417040358
10744,3,0,0.10848338260324286
10745,1,0,0.1750291715285881
10746,1,0,0.4164420485175202
10747,4,0,0.10846181427034779
10748,2,1,0.3167420814479638
10749,2,1,0.1051693404634581
10750,4,0,0.17377182298010557
10751,4,0,0.10846181427034779
10752,1,0,0.1750291715285881
10753,2,0,0.17620376831821355
10754,1,0,0.1750291715285881
10755,4,0,0.17377182298010557
10756,3,0,0.3722943722943723
10757,4,0,0.10846181427034779
10758,4,0,0.10846181427034779
10759,5,0,0.2745320476460579
10760,5,1,0.7639751552795031
10761,2,0,0.3167420814479638
10762,4,0,0.10846181427034779
10763,4,0,0.2782089552238806
10764,1,0,0.09750492449113592
10765,3,0,0.10848338260324286
10766,1,0,0.09750492449113592
10767,4,0,0.17377182298010557
10768,5,0,0.17265193370165746
10769,1,0,0.2579210672595887
10770,2,0,0.1051693404634581
10771,2,0,0.1051693404634581
10772,3,0,0.10848338260324286
10773,1,0,0.2579210672595887
10774,1,0,0.09750492449113592
10775,4,0,0.10846181427034779
10776,3,0,0.10848338260324286
10777,4,0,0.17377182298010557
10778,1,1,0.4164420485175202
10779,1,0,0.09750492449113592
10780,5,0,0.10624706434945984
10781,5,1,0.2745320476460579
10782,3,0,0.7204419889502762
10783,3,0,0.10848338260324286
10784,3,0,0.10848338260324286
10785,1,0,0.09750492449113592
10786,2,0,0.17620376831821355
10787,5,0,0.10624706434945984
10788,5,0,0.10624706434945984
10789,5,0,0.10624706434945984
10790,5,0,0.22580645161290322
10791,5,0,0.10624706434945984
10792,5,0,0.5300668151447662
10793,3,0,0.538961038961039
10794,1,0,0.1750291715285881
10795,4,0,0.10846181427034779
10796,3,1,0.7204419889502762
10797,2,0,0.17620376831821355
10798,1,0,0.1750291715285881
10799,4,0,0.10846181427034779
10800,1,0,0.09750492449113592
10801,4,1,0.7197309417040358
10802,4,0,0.10846181427034779
10803,2,1,0.1051693404634581
10804,1,1,0.1750291715285881
10805,1,0,0.1750291715285881
10806,1,1,0.09750492449113592
10807,5,0,0.10624706434945984
10808,4,1,0.17377182298010557
10809,4,1,0.7197309417040358
10810,2,0,0.17620376831821355
10811,4,0,0.10846181427034779
10812,2,0,0.1051693404634581
10813,3,0,0.10848338260324286
10814,1,0,0.09750492449113592
10815,3,0,0.10848338260324286
10816,3,0,0.3774703557312253
10817,2,0,0.17620376831821355
10818,3,0,0.10848338260324286
10819,2,0,0.1051693404634581
10820,3,0,0.10848338260324286
10821,3,0,0.10848338260324286
10822,1,0,0.2624521072796935
10823,4,1,0.53
10824,2,0,0.1051693404634581
10825,4,1,0.10846181427034779
10826,1,1,0.7188195991091314
10827,3,0,0.10848338260324286
10828,5,0,0.10624706434945984
10829,1,1,0.2579210672595887
10830,3,0,0.10848338260324286
10831,4,0,0.17377182298010557
10832,4,0,0.10846181427034779
10833,1,1,0.7188195991091314
10834,1,0,0.1750291715285881
10835,5,0,0.10624706434945984
10836,1,0,0.1750291715285881
10837,2,0,0.1051693404634581
10838,2,0,0.17620376831821355
10839,5,1,0.2850467289719626
10840,2,1,0.27938671209540034
10841,5,0,0.10624706434945984
10842,1,0,0.7188195991091314
10843,4,1,0.7197309417040358
10844,5,0,0.10624706434945984
10845,2,0,0.3931203931203931
10846,5,0,0.10624706434945984
10847,3,1,0.7204419889502762
10848,2,0,0.1051693404634581
10849,4,0,0.17377182298010557
10850,3,1,0.10848338260324286
10851,1,0,0.4164420485175202
10852,2,0,0.1051693404634581
10853,4,0,0.5256124721603563
10854,3,0,0.10848338260324286
10855,4,0,0.10846181427034779
10856,5,0,0.2745320476460579
10857,5,1,0.10624706434945984
10858,3,0,0.10848338260324286
10859,3,0,0.10848338260324286
10860,4,0,0.10846181427034779
10861,5,1,0.10624706434945984
10862,3,0,0.10848338260324286
10863,4,0,0.10846181427034779
10864,2,0,0.1051693404634581
10865,4,1,0.2782089552238806
10866,1,1,0.1750291715285881
10867,1,0,0.09750492449113592
10868,1,0,0.09750492449113592
10869,4,0,0.10846181427034779
10870,5,0,0.4191852825229961
10871,4,1,0.7197309417040358
10872,3,1,0.10848338260324286
10873,4,0,0.10846181427034779
10874,2,0,0.1051693404634581
10875,1,0,0.09750492449113592
10876,3,0,0.1743920972644377
10877,2,0,0.17620376831821355
10878,5,0,0.10624706434945984
10879,2,0,0.1051693404634581
10880,1,0,0.09750492449113592
10881,1,0,0.09750492449113592
10882,3,0,0.3774703557312253
10883,2,0,0.1051693404634581
10884,2,0,0.17620376831821355
10885,1,0,0.09750492449113592
10886,2,0,0.17620376831821355
10887,1,0,0.1750291715285881
10888,4,0,0.10846181427034779
10889,4,0,0.10846181427034779
10890,2,0,0.27938671209540034
10891,4,0,0.7197309417040358
10892,1,0,0.09750492449113592
10893,3,0,0.10848338260324286
10894,4,1,0.2782089552238806
10895,4,0,0.10846181427034779
10896,1,0,0.1750291715285881
10897,4,0,0.10846181427034779
10898,3,0,0.10848338260324286
10899,2,0,0.1051693404634581
10900,1,0,0.09750492449113592
10901,1,0,0.2624521072796935
10902,2,0,0.1051693404634581
10903,2,0,0.1051693404634581
10904,5,0,0.4191852825229961
10905,4,0,0.10846181427034779
10906,1,1,0.7188195991091314
10907,3,0,0.3774703557312253
10908,2,0,0.1051693404634581
10909,4,0,0.10846181427034779
10910,2,1,0.6916956737941323
10911,5,0,0.10624706434945984
10912,1,0,0.2579210672595887
10913,1,1,0.1750291715285881
10914,2,0,0.17620376831821355
10915,1,0,0.09750492449113592
10916,1,0,0.09750492449113592
10917,4,0,0.17377182298010557
10918,1,1,0.5128205128205128
10919,2,0,0.1051693404634581
10920,3,1,0.10848338260324286
10921,4,0,0.17377182298010557
10922,5,0,0.5300668151447662
10923,4,0,0.10846181427034779
10924,5,1,0.2745320476460579
10925,5,1,0.10624706434945984
10926,4,0,0.10846181427034779
10927,4,0,0.10846181427034779
10928,3,1,0.10848338260324286
10929,5,1,0.10624706434945984
10930,1,1,0.7188195991091314
10931,3,1,0.27732558139534885
10932,5,0,0.10624706434945984
10933,2,0,0.1051693404634581
10934,1,0,0.1750291715285881
10935,2,0,0.1051693404634581
10936,5,0,0.6489626556016598
10937,1,0,0.1750291715285881
10938,5,0,0.10624706434945984
10939,2,0,0.1051693404634581
10940,3,0,0.4647058823529412
10941,2,0,0.17620376831821355
10942,2,0,0.1051693404634581
10943,3,0,0.10848338260324286
10944,1,0,0.1750291715285881
10945,1,0,0.09750492449113592
10946,5,0,0.10624706434945984
10947,2,1,0.6916956737941323
10948,2,1,0.1051693404634581
10949,1,1,0.7188195991091314
10950,2,0,0.17620376831821355
10951,4,0,0.36443148688046645
10952,5,0,0.10624706434945984
10953,1,0,0.09750492449113592
10954,4,0,0.10846181427034779
10955,3,1,0.10848338260324286
10956,2,0,0.1051693404634581
10957,3,0,0.7204419889502762
10958,2,0,0.6916956737941323
10959,4,0,0.10846181427034779
10960,1,0,0.09750492449113592
10961,5,0,0.10624706434945984
10962,4,0,0.10846181427034779
10963,2,1,0.6916956737941323
10964,1,0,0.1750291715285881
10965,5,0,0.17265193370165746
10966,3,0,0.10848338260324286
10967,2,0,0.1051693404634581
10968,2,0,0.1051693404634581
10969,1,0,0.1750291715285881
10970,1,0,0.2579210672595887
10971,1,0,0.09750492449113592
10972,3,0,0.3774703557312253
10973,5,1,0.2745320476460579
10974,4,1,0.36443148688046645
10975,1,1,0.5128205128205128
10976,1,0,0.09750492449113592
10977,1,0,0.1750291715285881
10978,4,0,0.10846181427034779
10979,3,0,0.1743920972644377
10980,4,0,0.10846181427034779
10981,5,0,0.7639751552795031
10982,5,0,0.10624706434945984
10983,3,0,0.27732558139534885
10984,4,0,0.10846181427034779
10985,5,0,0.10624706434945984
10986,2,0,0.1051693404634581
10987,3,0,0.10848338260324286
10988,2,1,0.6916956737941323
10989,1,0,0.1750291715285881
10990,4,1,0.36443148688046645
10991,4,1,0.7197309417040358
10992,5,0,0.17265193370165746
10993,5,0,0.22580645161290322
10994,5,0,0.17265193370165746
10995,2,0,0.27938671209540034
10996,1,0,0.09750492449113592
10997,3,0,0.7204419889502762
10998,1,0,0.09750492449113592
10999,5,0,0.2745320476460579
11000,5,1,0.4191852825229961
11001,4,0,0.10846181427034779
11002,5,1,0.10624706434945984
11003,2,1,0.1051693404634581
11004,2,1,0.6916956737941323
11005,5,1,0.6489626556016598
11006,3,0,0.10848338260324286
11007,1,0,0.1750291715285881
11008,3,0,0.10848338260324286
11009,3,0,0.10848338260324286
11010,5,0,0.10624706434945984
11011,3,1,0.7204419889502762
11012,4,0,0.10846181427034779
11013,3,0,0.10848338260324286
11014,5,0,0.17265193370165746
11015,1,0,0.09750492449113592
11016,1,1,0.5276497695852534
11017,2,0,0.6916956737941323
11018,3,0,0.10848338260324286
11019,2,0,0.1051693404634581
11020,2,0,0.6916956737941323
11021,3,0,0.3722943722943723
11022,5,0,0.10624706434945984
11023,5,1,0.6489626556016598
11024,4,1,0.36443148688046645
11025,2,0,0.1051693404634581
11026,3,0,0.27732558139534885
11027,5,0,0.5300668151447662
11028,4,1,0.36443148688046645
11029,5,0,0.4191852825229961
11030,4,0,0.10846181427034779
11031,3,0,0.10848338260324286
11032,2,0,0.1051693404634581
11033,4,0,0.10846181427034779
11034,2,0,0.27938671209540034
11035,3,0,0.10848338260324286
11036,4,1,0.10846181427034779
11037,1,0,0.09750492449113592
11038,3,0,0.27732558139534885
11039,4,0,0.10846181427034779
11040,4,0,0.10846181427034779
11041,1,1,0.1750291715285881
11042,2,0,0.1051693404634581
11043,2,0,0.17620376831821355
11044,2,0,0.17620376831821355
11045,1,0,0.2624521072796935
11046,5,0,0.10624706434945984
11047,2,0,0.1051693404634581
11048,1,1,0.7188195991091314
11049,1,0,0.09750492449113592
11050,1,0,0.09750492449113592
11051,2,0,0.27938671209540034
11052,2,0,0.1051693404634581
11053,3,0,0.10848338260324286
11054,1,0,0.09750492449113592
11055,2,0,0.5244444444444445
11056,4,0,0.10846181427034779
11057,2,1,0.3931203931203931
11058,4,0,0.10846181427034779
11059,4,1,0.5256124721603563
11060,5,0,0.10624706434945984
11061,1,1,0.1750291715285881
11062,3,0,0.10848338260324286
11063,5,1,0.5300668151447662
11064,3,0,0.3774703557312253
11065,2,0,0.3167420814479638
11066,5,0,0.10624706434945984
11067,5,0,0.10624706434945984
11068,1,0,0.2579210672595887
11069,5,0,0.17265193370165746
11070,5,0,0.10624706434945984
11071,4,0,0.10846181427034779
11072,2,0,0.1051693404634581
11073,3,0,0.10848338260324286
11074,3,0,0.10848338260324286
11075,5,0,0.10624706434945984
11076,3,0,0.10848338260324286
11077,2,0,0.1051693404634581
11078,2,0,0.1051693404634581
11079,3,0,0.10848338260324286
11080,1,1,0.5276497695852534
11081,1,0,0.09750492449113592
11082,3,0,0.10848338260324286
11083,3,1,0.7204419889502762
11084,4,0,0.36443148688046645
11085,1,0,0.1750291715285881
11086,4,0,0.10846181427034779
11087,3,0,0.538961038961039
11088,5,0,0.10624706434945984
11089,5,0,0.10624706434945984
11090,1,0,0.1750291715285881
11091,5,0,0.10624706434945984
11092,2,1,0.6916956737941323
11093,5,1,0.17265193370165746
11094,4,1,0.36443148688046645
11095,1,1,0.7188195991091314
11096,5,0,0.2745320476460579
11097,4,0,0.10846181427034779
11098,1,0,0.2579210672595887
11099,3,0,0.10848338260324286
11100,5,1,0.4191852825229961
11101,4,0,0.10846181427034779
11102,2,0,0.6916956737941323
11103,5,0,0.10624706434945984
11104,5,1,0.7639751552795031
11105,4,1,0.2782089552238806
11106,3,0,0.10848338260324286
11107,1,1,0.1750291715285881
11108,3,0,0.10848338260324286
11109,5,1,0.2745320476460579
11110,4,0,0.7197309417040358
11111,3,1,0.10848338260324286
11112,3,0,0.10848338260324286
11113,2,0,0.27938671209540034
11114,1,0,0.09750492449113592
11115,5,1,0.2745320476460579
11116,5,0,0.10624706434945984
11117,3,0,0.10848338260324286
11118,2,0,0.1051693404634581
11119,3,0,0.10848338260324286
11120,2,0,0.1051693404634581
11121,1,0,0.09750492449113592
11122,4,1,0.17377182298010557
11123,2,0,0.27938671209540034
11124,1,1,0.7188195991091314
11125,2,0,0.27938671209540034
11126,1,0,0.09750492449113592
11127,2,0,0.1051693404634581
11128,4,1,0.10846181427034779
11129,1,1,0.09750492449113592
11130,4,0,0.36443148688046645
11131,2,1,0.1051693404634581
11132,3,0,0.1743920972644377
11133,1,1,0.7188195991091314
11134,4,0,0.10846181427034779
11135,3,0,0.10848338260324286
11136,1,0,0.09750492449113592
11137,2,0,0.17620376831821355
11138,3,1,0.10848338260324286
11139,1,0,0.09750492449113592
11140,1,0,0.2579210672595887
11141,4,0,0.10846181427034779
11142,2,0,0.3931203931203931
11143,4,0,0.10846181427034779
11144,5,0,0.10624706434945984
11145,3,0,0.27732558139534885
11146,2,0,0.17620376831821355
11147,4,0,0.10846181427034779
11148,1,0,0.09750492449113592
11149,4,0,0.7197309417040358
11150,5,0,0.17265193370165746
11151,5,0,0.10624706434945984
11152,2,0,0.1051693404634581
11153,1,0,0.1750291715285881
11154,4,0,0.36443148688046645
11155,2,0,0.27938671209540034
11156,3,1,0.10848338260324286
11157,5,1,0.10624706434945984
11158,1,0,0.09750492449113592
11159,5,0,0.10624706434945984
11160,2,0,0.1051693404634581
11161,1,0,0.09750492449113592
11162,4,1,0.10846181427034779
11163,4,0,0.10846181427034779
11164,2,0,0.1051693404634581
11165,1,0,0.09750492449113592
11166,3,1,0.1743920972644377
11167,5,0,0.10624706434945984
11168,4,0,0.10846181427034779
11169,3,0,0.7204419889502762
11170,3,1,0.1743920972644377
11171,1,0,0.09750492449113592
11172,3,0,0.7204419889502762
11173,5,1,0.10624706434945984
11174,2,1,0.3931203931203931
11175,1,1,0.09750492449113592
11176,5,1,0.22580645161290322
11177,3,1,0.10848338260324286
11178,4,0,0.17377182298010557
11179,3,0,0.10848338260324286
11180,5,0,0.10624706434945984
11181,4,0,0.10846181427034779
11182,1,0,0.09750492449113592
11183,1,0,0.09750492449113592
11184,5,0,0.10624706434945984
11185,3,0,0.10848338260324286
11186,1,1,0.7188195991091314
11187,1,0,0.09750492449113592
11188,3,0,0.4647058823529412
11189,3,0,0.1743920972644377
11190,1,0,0.09750492449113592
11191,1,0,0.09750492449113592
11192,2,0,0.1051693404634581
11193,2,0,0.27938671209540034
11194,5,0,0.2745320476460579
11195,5,0,0.2745320476460579
11196,5,0,0.2745320476460579
11197,5,0,0.10624706434945984
11198,1,0,0.09750492449113592
11199,3,0,0.10848338260324286
11200,1,0,0.1750291715285881
11201,1,0,0.1750291715285881
11202,1,0,0.09750492449113592
11203,2,1,0.1051693404634581
11204,4,1,0.2782089552238806
11205,3,0,0.7204419889502762
11206,4,1,0.7197309417040358
11207,1,0,0.09750492449113592
11208,5,0,0.17265193370165746
11209,5,0,0.2745320476460579
11210,2,0,0.1051693404634581
11211,4,0,0.7197309417040358
11212,1,0,0.09750492449113592
11213,3,0,0.10848338260324286
11214,2,0,0.1051693404634581
11215,5,0,0.2850467289719626
11216,3,0,0.3774703557312253
11217,5,0,0.10624706434945984
11218,4,1,0.10846181427034779
11219,4,0,0.2782089552238806
11220,2,0,0.17620376831821355
11221,3,0,0.10848338260324286
11222,1,0,0.09750492449113592
11223,1,0,0.2579210672595887
11224,3,0,0.10848338260324286
11225,4,0,0.10846181427034779
11226,2,0,0.1051693404634581
11227,2,0,0.1051693404634581
11228,5,0,0.10624706434945984
11229,4,0,0.10846181427034779
11230,4,1,0.7197309417040358
11231,1,1,0.7188195991091314
11232,2,0,0.27938671209540034
11233,5,0,0.10624706434945984
11234,4,0,0.10846181427034779
11235,1,0,0.09750492449113592
11236,1,0,0.1750291715285881
11237,4,0,0.17377182298010557
11238,5,1,0.22580645161290322
11239,2,0,0.27938671209540034
11240,4,0,0.10846181427034779
11241,3,0,0.10848338260324286
11242,5,1,0.10624706434945984
11243,1,0,0.5128205128205128
11244,1,0,0.09750492449113592
11245,4,0,0.10846181427034779
11246,5,1,0.6489626556016598
11247,1,0,0.1750291715285881
11248,4,0,0.2782089552238806
11249,2,0,0.1051693404634581
11250,5,1,0.10624706434945984
11251,5,1,0.4191852825229961
11252,1,1,0.7188195991091314
11253,5,0,0.10624706434945984
11254,1,0,0.09750492449113592
11255,2,0,0.1051693404634581
11256,4,0,0.5256124721603563
11257,3,0,0.10848338260324286
11258,2,0,0.1051693404634581
11259,5,0,0.4191852825229961
11260,5,1,0.10624706434945984
11261,1,0,0.1750291715285881
11262,2,0,0.17620376831821355
11263,4,0,0.10846181427034779
11264,5,0,0.2745320476460579
11265,5,0,0.7639751552795031
11266,3,0,0.1743920972644377
11267,2,0,0.3931203931203931
11268,5,0,0.2745320476460579
11269,5,0,0.17265193370165746
11270,3,0,0.10848338260324286
11271,4,0,0.10846181427034779
11272,3,0,0.10848338260324286
11273,4,0,0.7197309417040358
11274,5,0,0.10624706434945984
11275,4,0,0.17377182298010557
11276,3,0,0.10848338260324286
11277,1,0,0.09750492449113592
11278,4,0,0.17377182298010557
11279,3,0,0.10848338260324286
11280,1,0,0.09750492449113592
11281,3,0,0.10848338260324286
11282,1,0,0.1750291715285881
11283,3,0,0.1743920972644377
11284,3,0,0.10848338260324286
11285,4,1,0.10846181427034779
11286,2,0,0.1051693404634581
11287,2,0,0.1051693404634581
11288,4,0,0.10846181427034779
11289,1,0,0.09750492449113592
11290,1,0,0.2579210672595887
11291,4,0,0.10846181427034779
11292,4,0,0.17377182298010557
11293,1,0,0.09750492449113592
11294,3,0,0.10848338260324286
11295,3,0,0.10848338260324286
11296,2,1,0.5244444444444445
11297,3,0,0.4647058823529412
11298,3,0,0.27732558139534885
11299,5,0,0.10624706434945984
11300,4,0,0.36443148688046645
11301,4,0,0.10846181427034779
11302,3,0,0.1743920972644377
11303,5,0,0.10624706434945984
11304,4,1,0.7197309417040358
11305,4,0,0.10846181427034779
11306,3,0,0.10848338260324286
11307,2,1,0.17620376831821355
11308,4,0,0.10846181427034779
11309,5,0,0.10624706434945984
11310,1,0,0.09750492449113592
11311,4,0,0.10846181427034779
11312,2,0,0.1051693404634581
11313,5,0,0.10624706434945984
11314,4,0,0.36443148688046645
11315,2,0,0.3931203931203931
11316,5,0,0.6489626556016598
11317,2,0,0.17620376831821355
11318,1,0,0.1750291715285881
11319,2,1,0.1051693404634581
11320,3,1,0.27732558139534885
11321,3,0,0.10848338260324286
11322,3,0,0.10848338260324286
11323,4,0,0.10846181427034779
11324,1,0,0.09750492449113592
11325,3,0,0.10848338260324286
11326,1,1,0.7188195991091314
11327,2,0,0.6916956737941323
11328,1,0,0.4164420485175202
11329,3,1,0.7204419889502762
11330,4,1,0.2782089552238806
11331,3,0,0.10848338260324286
11332,3,0,0.10848338260324286
11333,2,1,0.17620376831821355
11334,4,1,0.10846181427034779
11335,4,0,0.10846181427034779
11336,1,0,0.09750492449113592
11337,4,0,0.10846181427034779
11338,4,0,0.36443148688046645
11339,4,0,0.36443148688046645
11340,5,0,0.10624706434945984
11341,5,0,0.10624706434945984
11342,3,1,0.10848338260324286
11343,4,0,0.17377182298010557
11344,5,0,0.17265193370165746
11345,3,0,0.27732558139534885
11346,1,0,0.1750291715285881
11347,4,0,0.10846181427034779
11348,2,1,0.1051693404634581
11349,3,0,0.27732558139534885
11350,4,0,0.31981981981981983
11351,1,0,0.09750492449113592
11352,1,1,0.09750492449113592
11353,5,0,0.10624706434945984
11354,1,0,0.1750291715285881
11355,1,0,0.1750291715285881
11356,1,0,0.1750291715285881
11357,4,0,0.10846181427034779
11358,5,0,0.10624706434945984
11359,3,0,0.1743920972644377
11360,5,0,0.4191852825229961
11361,4,1,0.10846181427034779
11362,3,0,0.3722943722943723
11363,4,0,0.10846181427034779
11364,1,0,0.09750492449113592
11365,5,1,0.6489626556016598
11366,3,0,0.10848338260324286
11367,1,0,0.09750492449113592
11368,2,0,0.27938671209540034
11369,4,0,0.2782089552238806
11370,2,0,0.1051693404634581
11371,2,0,0.2131979695431472
11372,5,0,0.17265193370165746
11373,3,0,0.27732558139534885
11374,4,0,0.2782089552238806
11375,2,1,0.3931203931203931
11376,2,0,0.1051693404634581
11377,2,0,0.1051693404634581
11378,3,0,0.3774703557312253
11379,5,1,0.7639751552795031
11380,4,1,0.5256124721603563
11381,4,0,0.10846181427034779
11382,5,0,0.4191852825229961
11383,5,0,0.10624706434945984
11384,1,0,0.1750291715285881
11385,3,0,0.27732558139534885
11386,2,0,0.1051693404634581
11387,4,0,0.10846181427034779
11388,4,0,0.10846181427034779
11389,2,0,0.1051693404634581
11390,1,0,0.1750291715285881
11391,1,0,0.09750492449113592
11392,2,0,0.1051693404634581
11393,1,0,0.1750291715285881
11394,1,0,0.1750291715285881
11395,5,0,0.17265193370165746
11396,1,0,0.09750492449113592
11397,3,1,0.10848338260324286
11398,2,0,0.1051693404634581
11399,1,1,0.7188195991091314
11400,4,1,0.7197309417040358
11401,4,0,0.10846181427034779
11402,2,0,0.1051693404634581
11403,4,0,0.10846181427034779
11404,2,0,0.3931203931203931
11405,5,0,0.10624706434945984
11406,4,0,0.17377182298010557
11407,3,0,0.10848338260324286
11408,4,0,0.10846181427034779
11409,3,0,0.10848338260324286
11410,4,0,0.10846181427034779
11411,2,0,0.1051693404634581
11412,4,0,0.10846181427034779
11413,1,0,0.2579210672595887
11414,4,1,0.10846181427034779
11415,2,0,0.1051693404634581
11416,3,1,0.1743920972644377
11417,3,0,0.1743920972644377
11418,4,1,0.7197309417040358
11419,5,0,0.10624706434945984
11420,1,0,0.1750291715285881
11421,3,0,0.1743920972644377
11422,5,0,0.10624706434945984
11423,2,0,0.1051693404634581
11424,1,0,0.09750492449113592
11425,2,0,0.1051693404634581
11426,4,0,0.10846181427034779
11427,5,1,0.2745320476460579
11428,2,0,0.1051693404634581
11429,1,0,0.09750492449113592
11430,3,0,0.27732558139534885
11431,3,0,0.10848338260324286
11432,3,0,0.10848338260324286
11433,2,0,0.1051693404634581
11434,3,0,0.10848338260324286
11435,5,0,0.10624706434945984
11436,5,0,0.10624706434945984
11437,1,1,0.7188195991091314
11438,4,1,0.5256124721603563
11439,2,0,0.1051693404634581
11440,3,0,0.1743920972644377
11441,2,0,0.1051693404634581
11442,2,1,0.27938671209540034
11443,1,1,0.09750492449113592
11444,2,0,0.1051693404634581
11445,4,0,0.10846181427034779
11446,3,1,0.7204419889502762
11447,5,0,0.10624706434945984
11448,2,1,0.6916956737941323
11449,4,0,0.10846181427034779
11450,4,0,0.10846181427034779
11451,3,1,0.27732558139534885
11452,4,0,0.10846181427034779
11453,2,0,0.1051693404634581
11454,3,1,0.3774703557312253
11455,2,1,0.1051693404634581
11456,2,0,0.17620376831821355
11457,1,0,0.09750492449113592
11458,5,0,0.6489626556016598
11459,5,1,0.6489626556016598
11460,4,1,0.10846181427034779
11461,2,0,0.1051693404634581
11462,2,0,0.5244444444444445
11463,2,0,0.1051693404634581
11464,5,0,0.10624706434945984
11465,4,1,0.36443148688046645
11466,4,0,0.10846181427034779
11467,4,1,0.36443148688046645
11468,2,1,0.1051693404634581
11469,5,0,0.10624706434945984
11470,4,0,0.10846181427034779
11471,5,1,0.4191852825229961
11472,4,0,0.2782089552238806
11473,3,0,0.10848338260324286
11474,5,0,0.10624706434945984
11475,1,0,0.1750291715285881
11476,2,1,0.6916956737941323
11477,5,0,0.10624706434945984
11478,1,0,0.09750492449113592
11479,5,0,0.10624706434945984
11480,5,1,0.7639751552795031
11481,3,0,0.10848338260324286
11482,4,0,0.10846181427034779
11483,2,1,0.27938671209540034
11484,5,0,0.2745320476460579
11485,3,1,0.10848338260324286
11486,1,0,0.09750492449113592
11487,4,0,0.10846181427034779
11488,2,0,0.3167420814479638
11489,2,0,0.6916956737941323
11490,2,0,0.1051693404634581
11491,1,0,0.1750291715285881
11492,3,1,0.10848338260324286
11493,1,0,0.09750492449113592
11494,4,0,0.17377182298010557
11495,5,0,0.2850467289719626
11496,5,0,0.10624706434945984
11497,3,0,0.10848338260324286
11498,5,0,0.10624706434945984
11499,2,0,0.5244444444444445
11500,4,0,0.10846181427034779
11501,2,0,0.1051693404634581
11502,2,0,0.1051693404634581
11503,5,0,0.10624706434945984
11504,4,0,0.10846181427034779
11505,5,0,0.10624706434945984
11506,5,1,0.22580645161290322
11507,4,0,0.10846181427034779
11508,5,1,0.10624706434945984
11509,1,1,0.09750492449113592
11510,2,0,0.1051693404634581
11511,4,0,0.10846181427034779
11512,3,0,0.10848338260324286
11513,4,0,0.17377182298010557
11514,4,0,0.2782089552238806
11515,3,0,0.10848338260324286
11516,2,0,0.1051693404634581
11517,3,0,0.10848338260324286
11518,5,0,0.2745320476460579
11519,1,1,0.4164420485175202
11520,3,0,0.1743920972644377
11521,1,0,0.7188195991091314
11522,2,0,0.1051693404634581
11523,1,0,0.09750492449113592
11524,2,1,0.1051693404634581
11525,2,0,0.1051693404634581
11526,2,0,0.1051693404634581
11527,3,0,0.10848338260324286
11528,2,0,0.17620376831821355
11529,2,1,0.27938671209540034
11530,4,1,0.10846181427034779
11531,1,0,0.5276497695852534
11532,3,0,0.10848338260324286
11533,1,0,0.1750291715285881
11534,3,0,0.1743920972644377
11535,2,0,0.17620376831821355
11536,4,0,0.2782089552238806
11537,2,0,0.1051693404634581
11538,3,1,0.27732558139534885
11539,1,0,0.09750492449113592
11540,2,0,0.1051693404634581
11541,1,0,0.1750291715285881
11542,2,0,0.1051693404634581
11543,3,0,0.10848338260324286
11544,1,0,0.1750291715285881
11545,5,0,0.17265193370165746
11546,5,0,0.10624706434945984
11547,5,1,0.6489626556016598
11548,5,0,0.7639751552795031
11549,2,0,0.27938671209540034
11550,5,0,0.17265193370165746
11551,2,1,0.27938671209540034
11552,5,0,0.17265193370165746
11553,1,0,0.2664359861591695
11554,3,1,0.1743920972644377
11555,4,0,0.10846181427034779
11556,5,0,0.10624706434945984
11557,5,1,0.17265193370165746
11558,3,0,0.10848338260324286
11559,1,0,0.1750291715285881
11560,3,1,0.7204419889502762
11561,5,0,0.10624706434945984
11562,1,0,0.09750492449113592
11563,1,0,0.09750492449113592
11564,1,0,0.09750492449113592
11565,1,0,0.2579210672595887
11566,5,1,0.6489626556016598
11567,4,0,0.31981981981981983
11568,4,0,0.10846181427034779
11569,2,0,0.1051693404634581
11570,3,0,0.27732558139534885
11571,1,0,0.09750492449113592
11572,2,0,0.1051693404634581
11573,4,0,0.36443148688046645
11574,1,0,0.1750291715285881
11575,1,1,0.5128205128205128
11576,5,0,0.10624706434945984
11577,2,0,0.1051693404634581
11578,1,0,0.09750492449113592
11579,5,1,0.10624706434945984
11580,3,1,0.538961038961039
11581,4,0,0.10846181427034779
11582,1,1,0.1750291715285881
11583,1,0,0.1750291715285881
11584,3,0,0.10848338260324286
11585,4,0,0.17377182298010557
11586,3,0,0.1743920972644377
11587,4,1,0.7197309417040358
11588,2,0,0.1051693404634581
11589,1,1,0.09750492449113592
11590,3,0,0.7204419889502762
11591,3,0,0.10848338260324286
11592,5,0,0.17265193370165746
11593,4,0,0.10846181427034779
11594,2,1,0.6916956737941323
11595,5,1,0.22580645161290322
11596,5,0,0.10624706434945984
11597,2,1,0.6916956737941323
11598,3,0,0.10848338260324286
11599,4,1,0.2782089552238806
11600,1,0,0.09750492449113592
11601,4,0,0.10846181427034779
11602,4,0,0.17377182298010557
11603,3,0,0.10848338260324286
11604,4,0,0.10846181427034779
11605,5,0,0.10624706434945984
11606,5,0,0.10624706434945984
11607,5,1,0.17265193370165746
11608,2,0,0.1051693404634581
11609,2,0,0.1051693404634581
11610,3,0,0.1743920972644377
11611,5,0,0.4191852825229961
11612,2,0,0.1051693404634581
11613,2,1,0.6916956737941323
11614,3,0,0.10848338260324286
11615,3,0,0.10848338260324286
11616,3,0,0.10848338260324286
11617,3,0,0.7204419889502762
11618,2,1,0.1051693404634581
11619,3,1,0.3774703557312253
11620,2,0,0.1051693404634581
11621,4,0,0.17377182298010557
11622,1,0,0.7188195991091314
11623,3,0,0.10848338260324286
11624,1,0,0.2664359861591695
11625,2,1,0.3931203931203931
11626,4,0,0.2782089552238806
11627,2,0,0.27938671209540034
11628,4,0,0.10846181427034779
11629,5,0,0.10624706434945984
11630,2,0,0.1051693404634581
11631,3,0,0.10848338260324286
11632,1,1,0.1750291715285881
11633,2,0,0.2131979695431472
11634,1,0,0.09750492449113592
11635,5,0,0.10624706434945984
11636,1,1,0.7188195991091314
11637,3,0,0.10848338260324286
11638,5,0,0.2745320476460579
11639,4,0,0.10846181427034779
11640,2,0,0.1051693404634581
11641,2,0,0.1051693404634581
11642,3,1,0.4647058823529412
11643,5,0,0.10624706434945984
11644,5,1,0.4191852825229961
11645,1,1,0.7188195991091314
11646,3,0,0.3774703557312253
11647,5,0,0.10624706434945984
11648,2,0,0.1051693404634581
11649,3,0,0.10848338260324286
11650,5,0,0.10624706434945984
11651,5,0,0.10624706434945984
11652,4,0,0.17377182298010557
11653,4,0,0.10846181427034779
11654,3,0,0.10848338260324286
11655,1,1,0.1750291715285881
11656,1,0,0.09750492449113592
11657,4,0,0.7197309417040358
11658,1,0,0.09750492449113592
11659,3,0,0.1743920972644377
11660,5,0,0.10624706434945984
11661,4,0,0.10846181427034779
11662,1,0,0.09750492449113592
11663,2,0,0.1051693404634581
11664,1,0,0.09750492449113592
11665,1,1,0.4164420485175202
11666,2,0,0.17620376831821355
11667,4,0,0.10846181427034779
11668,5,0,0.10624706434945984
11669,1,1,0.7188195991091314
11670,3,0,0.10848338260324286
11671,5,0,0.10624706434945984
11672,4,0,0.10846181427034779
11673,5,1,0.2850467289719626
11674,2,0,0.3167420814479638
11675,1,0,0.4164420485175202
11676,2,0,0.27938671209540034
11677,3,0,0.1743920972644377
11678,5,0,0.10624706434945984
11679,4,0,0.2782089552238806
11680,1,0,0.09750492449113592
11681,4,0,0.53
11682,1,0,0.2624521072796935
11683,1,0,0.1750291715285881
11684,4,0,0.10846181427034779
11685,2,0,0.3931203931203931
11686,5,1,0.17265193370165746
11687,1,0,0.09750492449113592
11688,2,0,0.17620376831821355
11689,5,0,0.10624706434945984
11690,5,1,0.6489626556016598
11691,3,1,0.10848338260324286
11692,4,1,0.53
11693,4,0,0.10846181427034779
11694,2,0,0.1051693404634581
11695,1,0,0.09750492449113592
11696,1,0,0.09750492449113592
11697,5,0,0.7639751552795031
11698,1,1,0.7188195991091314
11699,2,0,0.1051693404634581
11700,4,0,0.10846181427034779
11701,3,0,0.10848338260324286
11702,1,0,0.09750492449113592
11703,2,0,0.27938671209540034
11704,4,1,0.5256124721603563
11705,5,0,0.2745320476460579
11706,2,0,0.1051693404634581
11707,1,0,0.2579210672595887
11708,3,1,0.10848338260324286
11709,2,0,0.1051693404634581
11710,1,0,0.09750492449113592
11711,4,0,0.7197309417040358
11712,1,1,0.7188195991091314
11713,3,0,0.10848338260324286
11714,2,0,0.1051693404634581
11715,1,0,0.09750492449113592
11716,4,0,0.10846181427034779
11717,2,0,0.1051693404634581
11718,5,0,0.10624706434945984
11719,2,1,0.17620376831821355
11720,2,0,0.1051693404634581
11721,1,0,0.2579210672595887
11722,1,1,0.1750291715285881
11723,3,1,0.27732558139534885
11724,3,1,0.7204419889502762
11725,1,0,0.7188195991091314
11726,5,0,0.17265193370165746
11727,3,1,0.3774703557312253
11728,2,0,0.1051693404634581
11729,3,0,0.10848338260324286
11730,3,0,0.1743920972644377
11731,5,0,0.10624706434945984
11732,5,0,0.10624706434945984
11733,3,0,0.10848338260324286
11734,4,0,0.10846181427034779
11735,3,0,0.3774703557312253
11736,5,0,0.17265193370165746
11737,3,0,0.10848338260324286
11738,4,0,0.2782089552238806
11739,5,1,0.2850467289719626
11740,1,0,0.09750492449113592
11741,4,1,0.5256124721603563
11742,2,0,0.17620376831821355
11743,4,1,0.10846181427034779
11744,1,0,0.1750291715285881
11745,2,0,0.1051693404634581
11746,2,0,0.1051693404634581
11747,2,0,0.1051693404634581
11748,5,0,0.10624706434945984
11749,5,0,0.10624706434945984
11750,3,1,0.7204419889502762
11751,4,0,0.17377182298010557
11752,4,0,0.7197309417040358
11753,2,1,0.27938671209540034
11754,1,0,0.2579210672595887
11755,4,0,0.10846181427034779
11756,1,0,0.1750291715285881
11757,4,0,0.10846181427034779
11758,4,0,0.10846181427034779
11759,1,0,0.2579210672595887
11760,3,0,0.10848338260324286
11761,3,0,0.10848338260324286
11762,4,0,0.10846181427034779
11763,5,0,0.10624706434945984
11764,5,0,0.10624706434945984
11765,1,1,0.09750492449113592
11766,2,1,0.1051693404634581
11767,1,0,0.2579210672595887
11768,5,0,0.10624706434945984
11769,4,0,0.10846181427034779
11770,4,0,0.17377182298010557
11771,3,0,0.10848338260324286
11772,5,0,0.2850467289719626
11773,2,0,0.17620376831821355
11774,2,0,0.27938671209540034
11775,2,1,0.1051693404634581
11776,5,0,0.17265193370165746
11777,3,1,0.10848338260324286
11778,5,1,0.10624706434945984
11779,4,0,0.10846181427034779
11780,1,0,0.7188195991091314
11781,2,1,0.3931203931203931
11782,4,0,0.2782089552238806
11783,4,0,0.10846181427034779
11784,1,0,0.1750291715285881
11785,2,0,0.1051693404634581
11786,2,0,0.1051693404634581
11787,3,0,0.10848338260324286
11788,2,0,0.17620376831821355
11789,3,0,0.10848338260324286
11790,1,0,0.1750291715285881
11791,4,0,0.10846181427034779
11792,3,1,0.10848338260324286
11793,3,0,0.10848338260324286
11794,2,1,0.1051693404634581
11795,4,0,0.10846181427034779
11796,1,0,0.09750492449113592
11797,3,0,0.10848338260324286
11798,2,0,0.6916956737941323
11799,2,0,0.1051693404634581
11800,3,0,0.1743920972644377
11801,3,0,0.10848338260324286
11802,5,1,0.17265193370165746
11803,5,0,0.10624706434945984
11804,4,0,0.7197309417040358
11805,3,0,0.10848338260324286
11806,4,0,0.10846181427034779
11807,4,1,0.17377182298010557
11808,1,0,0.09750492449113592
11809,5,0,0.10624706434945984
11810,3,0,0.10848338260324286
11811,3,0,0.10848338260324286
11812,5,0,0.10624706434945984
11813,1,0,0.1750291715285881
11814,4,0,0.2782089552238806
11815,2,0,0.1051693404634581
11816,2,0,0.27938671209540034
11817,4,0,0.10846181427034779
11818,3,0,0.3774703557312253
11819,3,0,0.1743920972644377
11820,3,0,0.10848338260324286
11821,5,0,0.2745320476460579
11822,1,0,0.09750492449113592
11823,1,0,0.1750291715285881
11824,4,0,0.10846181427034779
11825,1,0,0.5276497695852534
11826,2,0,0.1051693404634581
11827,1,0,0.1750291715285881
11828,3,0,0.10848338260324286
11829,1,0,0.09750492449113592
11830,3,0,0.10848338260324286
11831,3,1,0.10848338260324286
11832,5,0,0.10624706434945984
11833,5,0,0.2745320476460579
11834,2,0,0.17620376831821355
11835,1,0,0.2579210672595887
11836,5,0,0.10624706434945984
11837,4,0,0.10846181427034779
11838,2,0,0.1051693404634581
11839,4,0,0.10846181427034779
11840,4,0,0.7197309417040358
11841,1,0,0.2579210672595887
11842,4,1,0.10846181427034779
11843,1,0,0.2579210672595887
11844,5,1,0.6489626556016598
11845,5,0,0.2745320476460579
11846,4,0,0.31981981981981983
11847,3,0,0.10848338260324286
11848,2,1,0.1051693404634581
11849,5,0,0.10624706434945984
11850,1,0,0.09750492449113592
11851,3,0,0.27732558139534885
11852,2,0,0.1051693404634581
11853,5,0,0.10624706434945984
11854,5,1,0.17265193370165746
11855,3,0,0.3774703557312253
11856,4,0,0.2782089552238806
11857,3,0,0.10848338260324286
11858,2,0,0.17620376831821355
11859,5,0,0.10624706434945984
11860,2,0,0.1051693404634581
11861,5,1,0.10624706434945984
11862,3,0,0.1743920972644377
11863,5,0,0.10624706434945984
11864,4,0,0.10846181427034779
11865,4,0,0.17377182298010557
11866,4,0,0.10846181427034779
11867,3,0,0.10848338260324286
11868,4,1,0.36443148688046645
11869,2,0,0.1051693404634581
11870,4,0,0.10846181427034779
11871,5,0,0.17265193370165746
11872,2,0,0.1051693404634581
11873,1,0,0.09750492449113592
11874,2,0,0.1051693404634581
11875,2,0,0.1051693404634581
11876,1,0,0.09750492449113592
11877,3,0,0.10848338260324286
11878,1,1,0.5128205128205128
11879,2,0,0.17620376831821355
11880,2,0,0.1051693404634581
11881,3,1,0.10848338260324286
11882,3,0,0.10848338260324286
11883,1,0,0.09750492449113592
11884,1,1,0.09750492449113592
11885,4,1,0.17377182298010557
11886,2,0,0.1051693404634581
11887,1,0,0.2579210672595887
11888,5,0,0.17265193370165746
11889,1,0,0.5276497695852534
11890,1,0,0.09750492449113592
11891,3,0,0.1743920972644377
11892,5,0,0.10624706434945984
11893,3,0,0.1743920972644377
11894,3,0,0.27732558139534885
11895,2,1,0.17620376831821355
11896,3,0,0.27732558139534885
11897,5,0,0.17265193370165746
11898,2,0,0.17620376831821355
11899,3,0,0.10848338260324286
11900,5,1,0.10624706434945984
11901,5,0,0.17265193370165746
11902,1,0,0.1750291715285881
11903,2,1,0.5244444444444445
11904,1,0,0.1750291715285881
11905,1,0,0.09750492449113592
11906,3,0,0.10848338260324286
11907,3,0,0.1743920972644377
11908,1,0,0.1750291715285881
11909,5,0,0.10624706434945984
11910,3,1,0.10848338260324286
11911,1,0,0.09750492449113592
11912,1,0,0.09750492449113592
11913,4,0,0.2782089552238806
11914,3,0,0.10848338260324286
11915,5,0,0.10624706434945984
11916,5,0,0.10624706434945984
11917,2,0,0.3167420814479638
11918,3,0,0.10848338260324286
11919,5,1,0.4191852825229961
11920,4,0,0.10846181427034779
11921,4,0,0.17377182298010557
11922,3,0,0.10848338260324286
11923,1,0,0.09750492449113592
11924,4,0,0.10846181427034779
11925,3,0,0.10848338260324286
11926,4,1,0.17377182298010557
11927,2,0,0.17620376831821355
11928,1,0,0.2579210672595887
11929,2,0,0.1051693404634581
11930,5,1,0.10624706434945984
11931,5,0,0.10624706434945984
11932,1,0,0.09750492449113592
11933,4,1,0.17377182298010557
11934,2,0,0.17620376831821355
11935,3,0,0.1743920972644377
11936,4,0,0.10846181427034779
11937,4,0,0.17377182298010557
11938,3,1,0.3774703557312253
11939,2,0,0.1051693404634581
11940,4,0,0.10846181427034779
11941,3,0,0.10848338260324286
11942,4,0,0.10846181427034779
11943,4,0,0.10846181427034779
11944,5,0,0.10624706434945984
11945,3,0,0.10848338260324286
11946,2,1,0.6916956737941323
11947,1,0,0.09750492449113592
11948,3,0,0.1743920972644377
11949,4,0,0.10846181427034779
11950,3,0,0.10848338260324286
11951,5,0,0.10624706434945984
11952,1,1,0.4164420485175202
11953,4,0,0.10846181427034779
11954,2,0,0.1051693404634581
11955,2,0,0.6916956737941323
11956,3,1,0.7204419889502762
11957,2,0,0.1051693404634581
11958,1,1,0.4164420485175202
11959,3,0,0.10848338260324286
11960,5,1,0.6489626556016598
11961,1,0,0.1750291715285881
11962,3,0,0.27732558139534885
11963,5,1,0.6489626556016598
11964,2,0,0.5244444444444445
11965,3,0,0.10848338260324286
11966,3,1,0.3774703557312253
11967,5,0,0.5300668151447662
11968,2,0,0.1051693404634581
11969,3,0,0.10848338260324286
11970,1,0,0.09750492449113592
11971,3,0,0.10848338260324286
11972,3,0,0.10848338260324286
11973,3,0,0.10848338260324286
11974,4,0,0.10846181427034779
11975,2,1,0.1051693404634581
11976,5,0,0.6489626556016598
11977,1,0,0.09750492449113592
11978,3,0,0.10848338260324286
11979,5,0,0.10624706434945984
11980,1,0,0.2579210672595887
11981,3,1,0.27732558139534885
11982,1,1,0.09750492449113592
11983,3,1,0.1743920972644377
11984,4,0,0.10846181427034779
11985,5,0,0.10624706434945984
11986,4,1,0.17377182298010557
11987,4,0,0.10846181427034779
11988,5,0,0.10624706434945984
11989,2,0,0.1051693404634581
11990,2,0,0.1051693404634581
11991,3,1,0.7204419889502762
11992,4,0,0.2782089552238806
11993,1,0,0.09750492449113592
11994,4,0,0.10846181427034779
11995,1,0,0.09750492449113592
11996,4,0,0.10846181427034779
11997,2,0,0.1051693404634581
11998,2,0,0.1051693404634581
11999,4,0,0.17377182298010557
12000,5,0,0.17265193370165746
12001,3,1,0.7204419889502762
12002,2,1,0.3931203931203931
12003,1,0,0.09750492449113592
12004,3,0,0.10848338260324286
12005,1,0,0.09750492449113592
12006,5,0,0.2745320476460579
12007,5,0,0.22580645161290322
12008,3,0,0.10848338260324286
12009,1,0,0.09750492449113592
12010,5,0,0.10624706434945984
12011,1,0,0.7188195991091314
12012,3,0,0.10848338260324286
12013,4,0,0.10846181427034779
12014,1,0,0.09750492449113592
12015,4,0,0.10846181427034779
12016,1,0,0.09750492449113592
12017,1,0,0.09750492449113592
12018,1,1,0.5128205128205128
12019,1,1,0.7188195991091314
12020,2,0,0.17620376831821355
12021,3,0,0.10848338260324286
12022,3,0,0.10848338260324286
12023,4,0,0.17377182298010557
12024,4,0,0.36443148688046645
12025,1,0,0.2664359861591695
12026,5,0,0.17265193370165746
12027,3,0,0.10848338260324286
12028,5,0,0.10624706434945984
12029,3,0,0.27732558139534885
12030,4,0,0.17377182298010557
12031,2,1,0.1051693404634581
12032,5,0,0.2745320476460579
12033,3,0,0.10848338260324286
12034,3,1,0.7204419889502762
12035,3,0,0.10848338260324286
12036,2,1,0.1051693404634581
12037,5,0,0.2745320476460579
12038,1,0,0.5276497695852534
12039,4,0,0.17377182298010557
12040,1,0,0.09750492449113592
12041,4,1,0.7197309417040358
12042,1,1,0.7188195991091314
12043,4,1,0.7197309417040358
12044,5,0,0.10624706434945984
12045,5,0,0.10624706434945984
12046,1,0,0.09750492449113592
12047,2,0,0.1051693404634581
12048,4,0,0.10846181427034779
12049,5,0,0.17265193370165746
12050,4,0,0.17377182298010557
12051,1,0,0.09750492449113592
12052,4,0,0.10846181427034779
12053,1,0,0.2579210672595887
12054,5,0,0.17265193370165746
12055,1,1,0.09750492449113592
12056,1,0,0.09750492449113592
12057,1,0,0.1750291715285881
12058,5,0,0.10624706434945984
12059,4,0,0.10846181427034779
12060,1,0,0.09750492449113592
12061,1,1,0.4164420485175202
12062,1,1,0.7188195991091314
12063,2,0,0.1051693404634581
12064,2,0,0.1051693404634581
12065,2,0,0.1051693404634581
12066,3,1,0.1743920972644377
12067,1,0,0.09750492449113592
12068,1,0,0.7188195991091314
12069,2,1,0.17620376831821355
12070,1,0,0.09750492449113592
12071,4,0,0.36443148688046645
12072,3,0,0.10848338260324286
12073,3,0,0.10848338260324286
12074,1,0,0.09750492449113592
12075,3,0,0.10848338260324286
12076,5,0,0.10624706434945984
12077,4,0,0.10846181427034779
12078,1,0,0.2579210672595887
12079,5,0,0.17265193370165746
12080,5,1,0.2745320476460579
12081,2,0,0.27938671209540034
12082,4,0,0.10846181427034779
12083,5,0,0.10624706434945984
12084,3,0,0.10848338260324286
12085,4,0,0.31981981981981983
12086,5,0,0.10624706434945984
12087,2,0,0.17620376831821355
12088,4,0,0.10846181427034779
12089,5,0,0.7639751552795031
12090,3,0,0.27732558139534885
12091,2,0,0.1051693404634581
12092,4,0,0.10846181427034779
12093,3,0,0.10848338260324286
12094,5,0,0.17265193370165746
12095,5,0,0.10624706434945984
12096,2,0,0.27938671209540034
12097,2,1,0.17620376831821355
12098,3,0,0.10848338260324286
12099,1,0,0.1750291715285881
12100,3,0,0.10848338260324286
12101,4,0,0.10846181427034779
12102,4,0,0.10846181427034779
12103,5,0,0.17265193370165746
12104,5,0,0.2745320476460579
12105,3,0,0.10848338260324286
12106,5,1,0.4191852825229961
12107,3,0,0.10848338260324286
12108,4,0,0.36443148688046645
12109,4,1,0.7197309417040358
12110,5,0,0.2745320476460579
12111,1,0,0.09750492449113592
12112,3,0,0.27732558139534885
12113,5,0,0.10624706434945984
12114,1,1,0.09750492449113592
12115,2,0,0.1051693404634581
12116,1,1,0.7188195991091314
12117,4,0,0.10846181427034779
12118,1,0,0.2579210672595887
12119,1,0,0.09750492449113592
12120,1,0,0.1750291715285881
12121,5,0,0.2745320476460579
12122,1,1,0.09750492449113592
12123,5,0,0.10624706434945984
12124,3,0,0.10848338260324286
12125,1,0,0.09750492449113592
12126,4,0,0.10846181427034779
12127,1,0,0.09750492449113592
12128,4,1,0.7197309417040358
12129,5,1,0.7639751552795031
12130,4,0,0.10846181427034779
12131,3,1,0.27732558139534885
12132,5,1,0.6489626556016598
12133,4,0,0.5256124721603563
12134,5,0,0.10624706434945984
12135,5,0,0.10624706434945984
12136,3,1,0.7204419889502762
12137,4,0,0.17377182298010557
12138,3,0,0.27732558139534885
12139,2,0,0.1051693404634581
12140,4,1,0.31981981981981983
12141,4,0,0.10846181427034779
12142,3,0,0.10848338260324286
12143,3,0,0.10848338260324286
12144,3,0,0.10848338260324286
12145,5,1,0.10624706434945984
12146,2,0,0.1051693404634581
12147,2,0,0.1051693404634581
12148,4,0,0.10846181427034779
12149,2,0,0.1051693404634581
12150,3,0,0.10848338260324286
12151,3,0,0.10848338260324286
12152,3,0,0.1743920972644377
12153,4,0,0.10846181427034779
12154,1,0,0.1750291715285881
12155,5,0,0.17265193370165746
12156,2,0,0.1051693404634581
12157,5,0,0.17265193370165746
12158,3,0,0.10848338260324286
12159,2,1,0.6916956737941323
12160,2,0,0.1051693404634581
12161,1,0,0.5128205128205128
12162,2,1,0.27938671209540034
12163,5,0,0.10624706434945984
12164,2,0,0.1051693404634581
12165,4,0,0.2782089552238806
12166,2,0,0.17620376831821355
12167,4,0,0.17377182298010557
12168,2,0,0.6916956737941323
12169,5,0,0.10624706434945984
12170,3,1,0.1743920972644377
12171,1,0,0.09750492449113592
12172,4,0,0.17377182298010557
12173,1,0,0.09750492449113592
12174,4,0,0.2782089552238806
12175,4,0,0.17377182298010557
12176,4,0,0.17377182298010557
12177,3,0,0.10848338260324286
12178,5,0,0.17265193370165746
12179,1,0,0.1750291715285881
12180,3,0,0.10848338260324286
12181,3,1,0.3722943722943723
12182,2,0,0.27938671209540034
12183,3,0,0.10848338260324286
12184,1,0,0.1750291715285881
12185,2,0,0.1051693404634581
12186,4,1,0.10846181427034779
12187,1,1,0.09750492449113592
12188,2,0,0.17620376831821355
12189,1,0,0.09750492449113592
12190,5,0,0.10624706434945984
12191,4,0,0.36443148688046645
12192,2,1,0.1051693404634581
12193,5,0,0.10624706434945984
12194,2,0,0.17620376831821355
12195,2,1,0.6916956737941323
12196,2,1,0.1051693404634581
12197,5,0,0.10624706434945984
12198,5,0,0.2745320476460579
12199,3,0,0.10848338260324286
12200,4,0,0.10846181427034779
12201,1,0,0.2579210672595887
12202,1,0,0.1750291715285881
12203,5,0,0.10624706434945984
12204,2,0,0.1051693404634581
12205,4,1,0.10846181427034779
12206,3,0,0.10848338260324286
12207,3,0,0.10848338260324286
12208,2,0,0.17620376831821355
12209,5,0,0.2745320476460579
12210,4,0,0.10846181427034779
12211,5,1,0.10624706434945984
12212,4,0,0.10846181427034779
12213,5,0,0.10624706434945984
12214,5,1,0.7639751552795031
12215,3,0,0.1743920972644377
12216,2,1,0.6916956737941323
12217,3,1,0.538961038961039
12218,4,0,0.10846181427034779
12219,1,0,0.09750492449113592
12220,3,1,0.10848338260324286
12221,1,0,0.09750492449113592
12222,1,1,0.7188195991091314
12223,4,1,0.7197309417040358
12224,1,0,0.09750492449113592
12225,1,0,0.09750492449113592
12226,1,0,0.1750291715285881
12227,2,0,0.1051693404634581
12228,5,0,0.17265193370165746
12229,3,0,0.10848338260324286
12230,2,1,0.1051693404634581
12231,4,0,0.10846181427034779
12232,4,0,0.2782089552238806
12233,2,0,0.1051693404634581
12234,3,0,0.1743920972644377
12235,2,0,0.27938671209540034
12236,4,0,0.17377182298010557
12237,5,1,0.2745320476460579
12238,2,0,0.1051693404634581
12239,5,0,0.17265193370165746
12240,5,0,0.17265193370165746
12241,5,0,0.10624706434945984
12242,2,0,0.27938671209540034
12243,3,0,0.7204419889502762
12244,5,1,0.2745320476460579
12245,1,0,0.09750492449113592
12246,1,0,0.1750291715285881
12247,4,1,0.7197309417040358
12248,2,0,0.1051693404634581
12249,4,0,0.10846181427034779
12250,3,1,0.7204419889502762
12251,4,0,0.17377182298010557
12252,2,0,0.17620376831821355
12253,1,0,0.09750492449113592
12254,3,0,0.10848338260324286
12255,3,0,0.10848338260324286
12256,4,1,0.36443148688046645
12257,3,1,0.10848338260324286
12258,5,0,0.10624706434945984
12259,2,0,0.1051693404634581
12260,4,0,0.10846181427034779
12261,3,1,0.10848338260324286
12262,1,0,0.5276497695852534
12263,4,1,0.7197309417040358
12264,4,0,0.10846181427034779
12265,1,0,0.09750492449113592
12266,4,0,0.10846181427034779
12267,4,0,0.7197309417040358
12268,1,0,0.1750291715285881
12269,2,1,0.6916956737941323
12270,1,0,0.1750291715285881
12271,4,0,0.2782089552238806
12272,5,0,0.10624706434945984
12273,2,0,0.17620376831821355
12274,1,1,0.09750492449113592
12275,5,0,0.10624706434945984
12276,2,0,0.17620376831821355
12277,5,0,0.10624706434945984
12278,2,0,0.1051693404634581
12279,2,0,0.1051693404634581
12280,4,0,0.10846181427034779
12281,5,0,0.10624706434945984
12282,3,0,0.1743920972644377
12283,2,0,0.1051693404634581
12284,3,0,0.10848338260324286
12285,3,0,0.10848338260324286
12286,1,1,0.2579210672595887
12287,5,0,0.17265193370165746
12288,2,1,0.17620376831821355
12289,3,0,0.27732558139534885
12290,2,0,0.1051693404634581
12291,3,0,0.10848338260324286
12292,4,0,0.10846181427034779
12293,1,0,0.09750492449113592
12294,1,0,0.1750291715285881
12295,3,0,0.1743920972644377
12296,3,0,0.3774703557312253
12297,3,0,0.27732558139534885
12298,3,1,0.10848338260324286
12299,5,1,0.17265193370165746
12300,2,1,0.3931203931203931
12301,5,0,0.17265193370165746
12302,5,0,0.10624706434945984
12303,1,1,0.09750492449113592
12304,2,0,0.17620376831821355
12305,3,1,0.10848338260324286
12306,2,1,0.6916956737941323
12307,4,1,0.5256124721603563
12308,2,0,0.17620376831821355
12309,4,1,0.36443148688046645
12310,5,0,0.10624706434945984
12311,1,0,0.09750492449113592
12312,3,0,0.10848338260324286
12313,3,0,0.10848338260324286
12314,2,0,0.1051693404634581
12315,5,0,0.2745320476460579
12316,2,1,0.6916956737941323
12317,5,1,0.10624706434945984
12318,5,1,0.17265193370165746
12319,5,0,0.4191852825229961
12320,4,0,0.31981981981981983
12321,2,0,0.17620376831821355
12322,5,0,0.10624706434945984
12323,3,0,0.1743920972644377
12324,5,0,0.17265193370165746
12325,1,0,0.1750291715285881
12326,1,0,0.2624521072796935
12327,1,1,0.5276497695852534
12328,3,1,0.538961038961039
12329,2,0,0.1051693404634581
12330,2,0,0.1051693404634581
12331,4,0,0.36443148688046645
12332,3,0,0.10848338260324286
12333,2,0,0.1051693404634581
12334,1,0,0.1750291715285881
12335,4,0,0.10846181427034779
12336,2,0,0.1051693404634581
12337,3,0,0.27732558139534885
12338,3,0,0.1743920972644377
12339,3,0,0.10848338260324286
12340,3,0,0.7204419889502762
12341,5,0,0.10624706434945984
12342,4,1,0.17377182298010557
12343,3,0,0.1743920972644377
12344,2,0,0.1051693404634581
12345,3,0,0.10848338260324286
12346,1,0,0.5276497695852534
12347,3,1,0.1743920972644377
12348,5,0,0.2745320476460579
12349,3,1,0.10848338260324286
12350,5,0,0.2745320476460579
12351,3,0,0.3774703557312253
12352,3,0,0.10848338260324286
12353,1,1,0.2579210672595887
12354,1,0,0.1750291715285881
12355,5,0,0.10624706434945984
12356,5,0,0.10624706434945984
12357,2,1,0.17620376831821355
12358,4,0,0.10846181427034779
12359,4,0,0.17377182298010557
12360,1,1,0.1750291715285881
12361,1,0,0.1750291715285881
12362,5,1,0.6489626556016598
12363,1,0,0.1750291715285881
12364,5,0,0.10624706434945984
12365,5,0,0.2745320476460579
12366,1,0,0.1750291715285881
12367,2,0,0.17620376831821355
12368,3,1,0.7204419889502762
12369,4,0,0.10846181427034779
12370,5,1,0.7639751552795031
12371,5,1,0.22580645161290322
12372,1,0,0.1750291715285881
12373,4,0,0.10846181427034779
12374,5,0,0.10624706434945984
12375,2,1,0.3931203931203931
12376,4,1,0.36443148688046645
12377,3,0,0.10848338260324286
12378,3,0,0.3774703557312253
12379,1,0,0.09750492449113592
12380,1,0,0.09750492449113592
12381,3,0,0.1743920972644377
12382,3,0,0.10848338260324286
12383,2,1,0.6916956737941323
12384,4,0,0.10846181427034779
12385,1,0,0.09750492449113592
12386,1,0,0.09750492449113592
12387,4,0,0.10846181427034779
12388,4,0,0.10846181427034779
12389,5,0,0.2745320476460579
12390,3,1,0.3774703557312253
12391,5,1,0.2745320476460579
12392,3,1,0.7204419889502762
12393,4,0,0.10846181427034779
12394,5,0,0.2850467289719626
12395,2,0,0.17620376831821355
12396,5,1,0.10624706434945984
12397,5,0,0.2745320476460579
12398,5,0,0.10624706434945984
12399,5,0,0.10624706434945984
12400,4,1,0.2782089552238806
12401,2,0,0.1051693404634581
12402,4,0,0.2782089552238806
12403,3,0,0.538961038961039
12404,1,0,0.1750291715285881
12405,1,0,0.2579210672595887
12406,2,0,0.3931203931203931
12407,1,1,0.1750291715285881
12408,1,0,0.09750492449113592
12409,2,0,0.1051693404634581
12410,5,0,0.2745320476460579
12411,3,0,0.10848338260324286
12412,3,1,0.10848338260324286
12413,4,0,0.10846181427034779
12414,1,0,0.1750291715285881
12415,5,0,0.17265193370165746
12416,5,0,0.10624706434945984
12417,1,1,0.09750492449113592
12418,5,1,0.6489626556016598
12419,3,1,0.7204419889502762
12420,1,0,0.09750492449113592
12421,4,0,0.10846181427034779
12422,1,0,0.09750492449113592
12423,4,0,0.10846181427034779
12424,3,0,0.10848338260324286
12425,4,1,0.2782089552238806
12426,4,0,0.17377182298010557
12427,2,0,0.1051693404634581
12428,4,0,0.10846181427034779
12429,3,0,0.10848338260324286
12430,5,1,0.7639751552795031
12431,3,0,0.10848338260324286
12432,2,0,0.1051693404634581
12433,3,0,0.1743920972644377
12434,2,0,0.1051693404634581
12435,2,0,0.17620376831821355
12436,2,0,0.17620376831821355
12437,1,0,0.09750492449113592
12438,1,0,0.09750492449113592
12439,1,0,0.09750492449113592
12440,3,0,0.10848338260324286
12441,2,1,0.17620376831821355
12442,4,1,0.17377182298010557
12443,1,0,0.1750291715285881
12444,3,0,0.1743920972644377
12445,5,0,0.10624706434945984
12446,5,0,0.17265193370165746
12447,5,0,0.10624706434945984
12448,3,0,0.1743920972644377
12449,4,0,0.10846181427034779
12450,5,0,0.10624706434945984
12451,3,0,0.10848338260324286
12452,1,0,0.09750492449113592
12453,2,0,0.17620376831821355
12454,5,0,0.10624706434945984
12455,4,0,0.10846181427034779
12456,1,0,0.09750492449113592
12457,2,0,0.1051693404634581
12458,5,0,0.2745320476460579
12459,4,0,0.10846181427034779
12460,1,0,0.09750492449113592
12461,1,0,0.5276497695852534
12462,1,1,0.5128205128205128
12463,2,1,0.1051693404634581
12464,2,1,0.6916956737941323
12465,2,1,0.6916956737941323
12466,5,0,0.2745320476460579
12467,3,0,0.1743920972644377
12468,4,0,0.31981981981981983
12469,2,0,0.1051693404634581
12470,1,0,0.09750492449113592
12471,1,1,0.5276497695852534
12472,2,0,0.1051693404634581
12473,3,0,0.3774703557312253
12474,2,1,0.6916956737941323
12475,1,1,0.5128205128205128
12476,4,0,0.10846181427034779
12477,2,0,0.1051693404634581
12478,4,0,0.36443148688046645
12479,3,0,0.10848338260324286
12480,2,0,0.1051693404634581
12481,4,1,0.36443148688046645
12482,4,1,0.7197309417040358
12483,5,0,0.10624706434945984
12484,3,1,0.7204419889502762
12485,4,0,0.10846181427034779
12486,2,1,0.27938671209540034
12487,3,0,0.10848338260324286
12488,1,0,0.09750492449113592
12489,2,0,0.1051693404634581
12490,5,0,0.10624706434945984
12491,2,1,0.1051693404634581
12492,2,0,0.1051693404634581
12493,2,0,0.1051693404634581
12494,4,0,0.10846181427034779
12495,1,1,0.7188195991091314
12496,5,1,0.6489626556016598
12497,4,0,0.10846181427034779
12498,3,0,0.27732558139534885
12499,5,0,0.10624706434945984
12500,1,1,0.2579210672595887
12501,3,0,0.3774703557312253
12502,1,1,0.2624521072796935
12503,5,0,0.17265193370165746
12504,4,0,0.10846181427034779
12505,2,0,0.1051693404634581
12506,3,0,0.10848338260324286
12507,1,0,0.09750492449113592
12508,3,1,0.7204419889502762
12509,1,0,0.09750492449113592
12510,2,0,0.17620376831821355
12511,3,1,0.3774703557312253
12512,4,1,0.17377182298010557
12513,2,0,0.1051693404634581
12514,1,1,0.7188195991091314
12515,4,0,0.36443148688046645
12516,2,1,0.6916956737941323
12517,1,0,0.09750492449113592
12518,2,0,0.17620376831821355
12519,3,0,0.10848338260324286
12520,5,1,0.7639751552795031
12521,1,0,0.09750492449113592
12522,4,1,0.7197309417040358
12523,4,0,0.36443148688046645
12524,2,0,0.3931203931203931
12525,4,0,0.17377182298010557
12526,4,0,0.10846181427034779
12527,1,0,0.09750492449113592
12528,4,0,0.36443148688046645
12529,4,0,0.10846181427034779
12530,5,0,0.10624706434945984
12531,3,0,0.10848338260324286
12532,4,0,0.17377182298010557
12533,2,1,0.1051693404634581
12534,5,0,0.10624706434945984
12535,5,0,0.10624706434945984
12536,5,0,0.5300668151447662
12537,3,1,0.7204419889502762
12538,2,1,0.1051693404634581
12539,2,0,0.27938671209540034
12540,2,0,0.1051693404634581
12541,3,0,0.10848338260324286
12542,1,0,0.5276497695852534
12543,5,0,0.4191852825229961
12544,2,1,0.6916956737941323
12545,1,0,0.2579210672595887
12546,2,1,0.6916956737941323
12547,5,0,0.17265193370165746
12548,5,0,0.10624706434945984
12549,3,0,0.27732558139534885
12550,1,0,0.1750291715285881
12551,2,1,0.17620376831821355
12552,1,0,0.2579210672595887
12553,3,1,0.7204419889502762
12554,5,0,0.10624706434945984
12555,1,0,0.1750291715285881
12556,5,1,0.2850467289719626
12557,5,1,0.10624706434945984
12558,4,0,0.2782089552238806
12559,5,0,0.10624706434945984
12560,5,1,0.10624706434945984
12561,4,0,0.17377182298010557
12562,2,0,0.1051693404634581
12563,3,0,0.7204419889502762
12564,1,0,0.1750291715285881
12565,2,0,0.17620376831821355
12566,1,0,0.1750291715285881
12567,5,1,0.22580645161290322
12568,5,0,0.10624706434945984
12569,3,0,0.10848338260324286
12570,3,1,0.27732558139534885
12571,4,0,0.10846181427034779
12572,4,0,0.10846181427034779
12573,2,1,0.6916956737941323
12574,1,1,0.09750492449113592
12575,4,0,0.10846181427034779
12576,2,1,0.6916956737941323
12577,2,1,0.1051693404634581
12578,5,0,0.10624706434945984
12579,4,0,0.10846181427034779
12580,3,1,0.1743920972644377
12581,5,0,0.10624706434945984
12582,3,0,0.1743920972644377
12583,4,0,0.10846181427034779
12584,3,0,0.3774703557312253
12585,1,1,0.7188195991091314
12586,1,0,0.1750291715285881
12587,1,0,0.09750492449113592
12588,1,0,0.09750492449113592
12589,1,0,0.09750492449113592
12590,3,0,0.10848338260324286
12591,4,0,0.10846181427034779
12592,2,0,0.1051693404634581
12593,5,1,0.6489626556016598
12594,3,0,0.10848338260324286
12595,3,0,0.10848338260324286
12596,2,0,0.6916956737941323
12597,4,0,0.10846181427034779
12598,1,1,0.2579210672595887
12599,5,0,0.10624706434945984
12600,5,0,0.10624706434945984
12601,5,0,0.10624706434945984
12602,3,1,0.7204419889502762
12603,2,0,0.17620376831821355
12604,4,0,0.10846181427034779
12605,3,0,0.10848338260324286
12606,4,0,0.10846181427034779
12607,2,0,0.1051693404634581
12608,5,0,0.2850467289719626
12609,3,0,0.1743920972644377
12610,3,1,0.538961038961039
12611,2,1,0.17620376831821355
12612,5,0,0.10624706434945984
12613,2,0,0.1051693404634581
12614,2,0,0.1051693404634581
12615,3,0,0.27732558139534885
12616,2,1,0.5244444444444445
12617,4,0,0.17377182298010557
12618,2,0,0.1051693404634581
12619,4,0,0.10846181427034779
12620,3,0,0.10848338260324286
12621,5,0,0.10624706434945984
12622,1,0,0.5276497695852534
12623,5,0,0.10624706434945984
12624,1,0,0.1750291715285881
12625,5,0,0.10624706434945984
12626,2,0,0.1051693404634581
12627,4,0,0.2782089552238806
12628,1,0,0.2579210672595887
12629,3,0,0.1743920972644377
12630,2,0,0.3167420814479638
12631,4,1,0.10846181427034779
12632,5,1,0.17265193370165746
12633,4,0,0.31981981981981983
12634,3,1,0.1743920972644377
12635,4,0,0.10846181427034779
12636,4,1,0.10846181427034779
12637,2,0,0.1051693404634581
12638,4,1,0.2782089552238806
12639,1,0,0.09750492449113592
12640,5,0,0.10624706434945984
12641,4,0,0.17377182298010557
12642,2,0,0.17620376831821355
12643,2,0,0.3167420814479638
12644,1,0,0.1750291715285881
12645,3,0,0.10848338260324286
12646,1,1,0.1750291715285881
12647,4,0,0.10846181427034779
12648,5,0,0.10624706434945984
12649,3,0,0.1743920972644377
12650,4,0,0.10846181427034779
12651,4,0,0.17377182298010557
12652,3,0,0.10848338260324286
12653,1,0,0.09750492449113592
12654,4,1,0.7197309417040358
12655,5,0,0.10624706434945984
12656,4,0,0.10846181427034779
12657,3,1,0.27732558139534885
12658,4,0,0.10846181427034779
12659,5,0,0.10624706434945984
12660,3,1,0.10848338260324286
12661,1,0,0.09750492449113592
12662,2,0,0.17620376831821355
12663,3,0,0.10848338260324286
12664,4,0,0.10846181427034779
12665,1,1,0.5128205128205128
12666,1,0,0.4164420485175202
12667,4,0,0.10846181427034779
12668,2,0,0.1051693404634581
12669,2,1,0.6916956737941323
12670,2,0,0.17620376831821355
12671,2,0,0.1051693404634581
12672,1,0,0.2579210672595887
12673,3,0,0.1743920972644377
12674,1,0,0.09750492449113592
12675,5,0,0.10624706434945984
12676,4,0,0.10846181427034779
12677,1,0,0.2579210672595887
12678,4,0,0.17377182298010557
12679,1,0,0.09750492449113592
12680,4,0,0.10846181427034779
12681,1,0,0.09750492449113592
12682,1,0,0.2664359861591695
12683,1,1,0.5276497695852534
12684,3,0,0.10848338260324286
12685,3,1,0.10848338260324286
12686,1,0,0.1750291715285881
12687,5,0,0.17265193370165746
12688,3,0,0.1743920972644377
12689,5,1,0.6489626556016598
12690,4,1,0.10846181427034779
12691,3,0,0.27732558139534885
12692,3,0,0.10848338260324286
12693,2,0,0.17620376831821355
12694,5,0,0.5300668151447662
12695,3,0,0.7204419889502762
12696,4,0,0.36443148688046645
12697,5,0,0.2745320476460579
12698,5,0,0.17265193370165746
12699,3,0,0.10848338260324286
12700,5,0,0.17265193370165746
12701,4,0,0.10846181427034779
12702,3,0,0.10848338260324286
12703,2,0,0.1051693404634581
12704,3,0,0.27732558139534885
12705,5,0,0.17265193370165746
12706,3,1,0.4647058823529412
12707,2,1,0.2131979695431472
12708,3,0,0.10848338260324286
12709,5,0,0.10624706434945984
12710,1,0,0.09750492449113592
12711,1,0,0.4164420485175202
12712,4,0,0.10846181427034779
12713,5,0,0.10624706434945984
12714,3,0,0.10848338260324286
12715,4,0,0.10846181427034779
12716,3,0,0.10848338260324286
12717,3,0,0.10848338260324286
12718,5,0,0.7639751552795031
12719,2,0,0.3167420814479638
12720,4,1,0.10846181427034779
12721,5,1,0.10624706434945984
12722,5,0,0.10624706434945984
12723,1,0,0.09750492449113592
12724,2,0,0.1051693404634581
12725,2,0,0.1051693404634581
12726,1,0,0.09750492449113592
12727,2,0,0.1051693404634581
12728,1,0,0.1750291715285881
12729,5,1,0.5300668151447662
12730,4,0,0.10846181427034779
12731,1,0,0.09750492449113592
12732,5,0,0.4191852825229961
12733,4,0,0.10846181427034779
12734,2,1,0.6916956737941323
12735,4,0,0.10846181427034779
12736,2,1,0.3931203931203931
12737,4,1,0.2782089552238806
12738,3,0,0.27732558139534885
12739,3,1,0.7204419889502762
12740,2,0,0.3931203931203931
12741,1,0,0.09750492449113592
12742,1,0,0.09750492449113592
12743,4,0,0.10846181427034779
12744,4,0,0.10846181427034779
12745,2,0,0.1051693404634581
12746,2,0,0.1051693404634581
12747,2,1,0.17620376831821355
12748,1,1,0.7188195991091314
12749,2,1,0.17620376831821355
12750,4,1,0.10846181427034779
12751,4,0,0.10846181427034779
12752,3,0,0.10848338260324286
12753,4,0,0.10846181427034779
12754,3,1,0.27732558139534885
12755,1,0,0.09750492449113592
12756,5,0,0.10624706434945984
12757,2,0,0.1051693404634581
12758,3,0,0.10848338260324286
12759,2,0,0.1051693404634581
12760,1,0,0.09750492449113592
12761,2,1,0.1051693404634581
12762,1,0,0.09750492449113592
12763,4,0,0.2782089552238806
12764,1,1,0.09750492449113592
12765,4,1,0.7197309417040358
12766,3,0,0.10848338260324286
12767,1,1,0.1750291715285881
12768,1,1,0.7188195991091314
12769,2,0,0.27938671209540034
12770,1,1,0.2579210672595887
12771,5,0,0.5300668151447662
12772,2,0,0.27938671209540034
12773,2,1,0.6916956737941323
12774,1,1,0.2579210672595887
12775,4,1,0.7197309417040358
12776,3,0,0.27732558139534885
12777,5,1,0.10624706434945984
12778,3,1,0.10848338260324286
12779,4,1,0.7197309417040358
12780,3,0,0.27732558139534885
12781,1,0,0.09750492449113592
12782,1,0,0.1750291715285881
12783,4,1,0.7197309417040358
12784,1,0,0.09750492449113592
12785,1,0,0.09750492449113592
12786,4,0,0.17377182298010557
12787,4,0,0.10846181427034779
12788,4,0,0.10846181427034779
12789,1,0,0.4164420485175202
12790,3,0,0.1743920972644377
12791,4,0,0.10846181427034779
12792,5,0,0.10624706434945984
12793,2,0,0.1051693404634581
12794,3,0,0.10848338260324286
12795,3,0,0.10848338260324286
12796,1,0,0.09750492449113592
12797,2,0,0.1051693404634581
12798,4,0,0.10846181427034779
12799,4,0,0.2782089552238806
12800,1,0,0.09750492449113592
12801,3,0,0.4647058823529412
12802,3,0,0.7204419889502762
12803,4,0,0.10846181427034779
12804,3,1,0.538961038961039
12805,3,0,0.27732558139534885
12806,3,0,0.10848338260324286
12807,2,0,0.1051693404634581
12808,1,0,0.09750492449113592
12809,3,0,0.10848338260324286
12810,3,0,0.7204419889502762
12811,5,1,0.2745320476460579
12812,2,0,0.1051693404634581
12813,1,0,0.09750492449113592
12814,1,0,0.2624521072796935
12815,5,1,0.10624706434945984
12816,2,0,0.17620376831821355
12817,2,0,0.1051693404634581
12818,4,1,0.31981981981981983
12819,4,0,0.10846181427034779
12820,1,0,0.1750291715285881
12821,4,0,0.2782089552238806
12822,2,0,0.6916956737941323
12823,5,0,0.10624706434945984
12824,1,0,0.09750492449113592
12825,2,0,0.1051693404634581
12826,5,1,0.5300668151447662
12827,3,0,0.10848338260324286
12828,4,0,0.10846181427034779
12829,2,0,0.3167420814479638
12830,4,0,0.36443148688046645
12831,2,0,0.17620376831821355
12832,1,1,0.09750492449113592
12833,5,0,0.17265193370165746
12834,3,0,0.10848338260324286
12835,3,1,0.7204419889502762
12836,4,0,0.10846181427034779
12837,2,0,0.1051693404634581
12838,3,0,0.10848338260324286
12839,3,0,0.7204419889502762
12840,1,1,0.4164420485175202
12841,4,1,0.10846181427034779
12842,4,1,0.7197309417040358
12843,3,1,0.3774703557312253
12844,2,0,0.1051693404634581
12845,5,0,0.10624706434945984
12846,1,0,0.4164420485175202
12847,5,1,0.10624706434945984
12848,3,0,0.10848338260324286
12849,5,0,0.10624706434945984
12850,2,0,0.1051693404634581
12851,3,1,0.10848338260324286
12852,3,0,0.10848338260324286
12853,2,1,0.6916956737941323
12854,5,0,0.10624706434945984
12855,4,0,0.10846181427034779
12856,4,0,0.10846181427034779
12857,4,0,0.10846181427034779
12858,3,0,0.10848338260324286
12859,4,0,0.10846181427034779
12860,4,0,0.10846181427034779
12861,4,1,0.2782089552238806
12862,1,0,0.09750492449113592
12863,5,0,0.10624706434945984
12864,4,0,0.10846181427034779
12865,3,0,0.10848338260324286
12866,2,1,0.6916956737941323
12867,5,1,0.4191852825229961
12868,4,0,0.17377182298010557
12869,4,0,0.10846181427034779
12870,1,0,0.09750492449113592
12871,4,0,0.10846181427034779
12872,1,0,0.2579210672595887
12873,3,0,0.538961038961039
12874,4,0,0.10846181427034779
12875,3,0,0.10848338260324286
12876,3,0,0.10848338260324286
12877,1,0,0.2579210672595887
12878,3,0,0.10848338260324286
12879,3,0,0.10848338260324286
12880,4,0,0.10846181427034779
12881,5,0,0.10624706434945984
12882,3,0,0.10848338260324286
12883,3,1,0.10848338260324286
12884,4,1,0.2782089552238806
12885,2,0,0.1051693404634581
12886,3,0,0.10848338260324286
12887,4,0,0.7197309417040358
12888,4,0,0.10846181427034779
12889,5,0,0.4191852825229961
12890,1,0,0.09750492449113592
12891,5,0,0.17265193370165746
12892,3,0,0.10848338260324286
12893,4,0,0.2782089552238806
12894,3,0,0.10848338260324286
12895,2,1,0.1051693404634581
12896,3,1,0.7204419889502762
12897,5,0,0.10624706434945984
12898,1,1,0.7188195991091314
12899,5,0,0.10624706434945984
12900,4,0,0.10846181427034779
12901,4,0,0.10846181427034779
12902,4,0,0.7197309417040358
12903,3,1,0.10848338260324286
12904,5,0,0.10624706434945984
12905,2,1,0.1051693404634581
12906,3,0,0.7204419889502762
12907,1,1,0.2664359861591695
12908,1,0,0.09750492449113592
12909,4,0,0.10846181427034779
12910,2,0,0.1051693404634581
12911,2,1,0.1051693404634581
12912,5,0,0.10624706434945984
12913,3,0,0.27732558139534885
12914,2,0,0.1051693404634581
12915,2,0,0.1051693404634581
12916,2,0,0.1051693404634581
12917,2,1,0.27938671209540034
12918,5,0,0.17265193370165746
12919,3,0,0.10848338260324286
12920,5,0,0.10624706434945984
12921,3,0,0.3774703557312253
12922,3,0,0.10848338260324286
12923,4,0,0.2782089552238806
12924,1,1,0.1750291715285881
12925,2,1,0.6916956737941323
12926,5,1,0.17265193370165746
12927,2,1,0.27938671209540034
12928,4,0,0.17377182298010557
12929,2,0,0.1051693404634581
12930,1,1,0.7188195991091314
12931,2,1,0.1051693404634581
12932,1,1,0.1750291715285881
12933,3,0,0.10848338260324286
12934,2,0,0.1051693404634581
12935,1,0,0.09750492449113592
12936,2,0,0.1051693404634581
12937,4,0,0.10846181427034779
12938,3,0,0.10848338260324286
12939,3,0,0.10848338260324286
12940,4,0,0.10846181427034779
12941,3,0,0.10848338260324286
12942,2,0,0.5244444444444445
12943,3,0,0.10848338260324286
12944,3,0,0.10848338260324286
12945,4,0,0.10846181427034779
12946,3,1,0.7204419889502762
12947,3,0,0.10848338260324286
12948,1,0,0.09750492449113592
12949,4,0,0.10846181427034779
12950,5,0,0.10624706434945984
12951,1,0,0.1750291715285881
12952,3,0,0.10848338260324286
12953,1,0,0.2579210672595887
12954,3,0,0.10848338260324286
12955,1,1,0.5276497695852534
12956,3,0,0.10848338260324286
12957,3,0,0.10848338260324286
12958,5,1,0.2745320476460579
12959,3,0,0.10848338260324286
12960,4,0,0.10846181427034779
12961,5,0,0.17265193370165746
12962,1,0,0.1750291715285881
12963,4,0,0.10846181427034779
12964,3,1,0.1743920972644377
12965,4,0,0.17377182298010557
12966,3,0,0.10848338260324286
12967,2,0,0.1051693404634581
12968,2,1,0.27938671209540034
12969,4,0,0.10846181427034779
12970,5,0,0.10624706434945984
12971,1,0,0.09750492449113592
12972,1,0,0.1750291715285881
12973,5,1,0.2850467289719626
12974,2,1,0.1051693404634581
12975,2,0,0.1051693404634581
12976,5,1,0.5300668151447662
12977,3,1,0.7204419889502762
12978,3,1,0.27732558139534885
12979,1,0,0.09750492449113592
12980,5,0,0.10624706434945984
12981,1,0,0.09750492449113592
12982,3,1,0.10848338260324286
12983,3,1,0.7204419889502762
12984,1,0,0.09750492449113592
12985,5,0,0.10624706434945984
12986,5,0,0.2850467289719626
12987,4,0,0.17377182298010557
12988,2,0,0.1051693404634581
12989,5,0,0.2745320476460579
12990,1,1,0.1750291715285881
12991,2,1,0.1051693404634581
12992,1,0,0.1750291715285881
12993,2,1,0.6916956737941323
12994,4,1,0.10846181427034779
12995,4,0,0.2782089552238806
12996,2,0,0.1051693404634581
12997,4,0,0.17377182298010557
12998,5,0,0.10624706434945984
12999,2,0,0.1051693404634581
13000,5,0,0.5300668151447662
13001,4,0,0.10846181427034779
13002,4,0,0.10846181427034779
13003,3,0,0.1743920972644377
13004,4,0,0.17377182298010557
13005,2,0,0.1051693404634581
13006,5,0,0.10624706434945984
13007,4,0,0.10846181427034779
13008,1,0,0.2579210672595887
13009,2,0,0.1051693404634581
13010,1,1,0.1750291715285881
13011,4,0,0.10846181427034779
13012,1,0,0.09750492449113592
13013,5,0,0.10624706434945984
13014,4,0,0.10846181427034779
13015,2,1,0.6916956737941323
13016,3,0,0.3774703557312253
13017,5,0,0.10624706434945984
13018,1,1,0.2579210672595887
13019,3,0,0.7204419889502762
13020,5,0,0.4191852825229961
13021,4,0,0.10846181427034779
13022,1,0,0.1750291715285881
13023,5,0,0.17265193370165746
13024,2,0,0.17620376831821355
13025,5,0,0.10624706434945984
13026,3,1,0.27732558139534885
13027,3,0,0.10848338260324286
13028,5,0,0.2850467289719626
13029,5,1,0.4191852825229961
13030,1,0,0.1750291715285881
13031,1,0,0.09750492449113592
13032,5,0,0.2850467289719626
13033,2,0,0.1051693404634581
13034,3,0,0.10848338260324286
13035,4,0,0.10846181427034779
13036,2,0,0.27938671209540034
13037,2,0,0.17620376831821355
13038,1,0,0.09750492449113592
13039,4,0,0.10846181427034779
13040,4,0,0.10846181427034779
13041,2,0,0.1051693404634581
13042,4,1,0.10846181427034779
13043,2,0,0.1051693404634581
13044,4,0,0.10846181427034779
13045,3,0,0.10848338260324286
13046,5,0,0.10624706434945984
13047,4,0,0.2782089552238806
13048,4,0,0.10846181427034779
13049,4,0,0.17377182298010557
13050,5,0,0.2745320476460579
13051,3,0,0.10848338260324286
13052,5,1,0.10624706434945984
13053,4,0,0.10846181427034779
13054,4,0,0.10846181427034779
13055,2,0,0.1051693404634581
13056,5,1,0.6489626556016598
13057,3,0,0.10848338260324286
13058,5,1,0.10624706434945984
13059,4,0,0.10846181427034779
13060,2,0,0.1051693404634581
13061,2,0,0.27938671209540034
13062,1,0,0.09750492449113592
13063,4,0,0.10846181427034779
13064,2,0,0.1051693404634581
13065,3,0,0.538961038961039
13066,3,0,0.10848338260324286
13067,1,0,0.4164420485175202
13068,2,1,0.6916956737941323
13069,3,0,0.10848338260324286
13070,1,1,0.7188195991091314
13071,3,0,0.10848338260324286
13072,3,0,0.10848338260324286
13073,1,1,0.7188195991091314
13074,3,0,0.10848338260324286
13075,4,0,0.10846181427034779
13076,1,1,0.7188195991091314
13077,1,0,0.7188195991091314
13078,5,0,0.10624706434945984
13079,4,0,0.10846181427034779
13080,4,0,0.10846181427034779
13081,4,0,0.10846181427034779
13082,2,0,0.1051693404634581
13083,3,0,0.1743920972644377
13084,3,0,0.1743920972644377
13085,1,0,0.2579210672595887
13086,1,1,0.5128205128205128
13087,2,0,0.1051693404634581
13088,2,0,0.1051693404634581
13089,5,0,0.6489626556016598
13090,3,0,0.10848338260324286
13091,5,0,0.10624706434945984
13092,2,0,0.6916956737941323
13093,4,1,0.10846181427034779
13094,2,1,0.17620376831821355
13095,1,0,0.09750492449113592
13096,4,1,0.2782089552238806
13097,5,1,0.6489626556016598
13098,5,0,0.10624706434945984
13099,3,0,0.3722943722943723
13100,1,0,0.09750492449113592
13101,4,0,0.10846181427034779
13102,4,1,0.7197309417040358
13103,4,0,0.10846181427034779
13104,4,0,0.2782089552238806
13105,5,1,0.10624706434945984
13106,5,0,0.10624706434945984
13107,3,1,0.3774703557312253
13108,3,0,0.1743920972644377
13109,4,0,0.10846181427034779
13110,4,0,0.10846181427034779
13111,4,0,0.10846181427034779
13112,2,0,0.17620376831821355
13113,4,1,0.7197309417040358
13114,2,0,0.1051693404634581
13115,2,0,0.1051693404634581
13116,2,1,0.3931203931203931
13117,1,0,0.2579210672595887
13118,3,0,0.3774703557312253
13119,4,0,0.10846181427034779
13120,1,0,0.1750291715285881
13121,1,0,0.2579210672595887
13122,3,1,0.3722943722943723
13123,4,0,0.10846181427034779
13124,3,1,0.1743920972644377
13125,5,0,0.17265193370165746
13126,2,0,0.5244444444444445
13127,1,0,0.1750291715285881
13128,4,0,0.10846181427034779
13129,3,1,0.7204419889502762
13130,2,0,0.1051693404634581
13131,5,0,0.10624706434945984
13132,4,0,0.17377182298010557
13133,4,0,0.10846181427034779
13134,3,0,0.7204419889502762
13135,1,1,0.1750291715285881
13136,5,1,0.17265193370165746
13137,3,0,0.10848338260324286
13138,4,0,0.10846181427034779
13139,5,1,0.10624706434945984
13140,4,1,0.7197309417040358
13141,2,0,0.17620376831821355
13142,5,0,0.10624706434945984
13143,2,0,0.27938671209540034
13144,5,0,0.10624706434945984
13145,3,0,0.10848338260324286
13146,1,0,0.1750291715285881
13147,5,0,0.2745320476460579
13148,3,1,0.10848338260324286
13149,4,0,0.10846181427034779
13150,2,0,0.3931203931203931
13151,1,0,0.09750492449113592
13152,4,1,0.10846181427034779
13153,1,0,0.09750492449113592
13154,1,0,0.09750492449113592
13155,1,0,0.1750291715285881
13156,1,0,0.1750291715285881
13157,5,1,0.17265193370165746
13158,2,0,0.27938671209540034
13159,1,1,0.5128205128205128
13160,2,0,0.3931203931203931
13161,1,1,0.09750492449113592
13162,3,0,0.27732558139534885
13163,5,0,0.10624706434945984
13164,4,0,0.17377182298010557
13165,2,0,0.1051693404634581
13166,3,0,0.10848338260324286
13167,5,0,0.17265193370165746
13168,3,0,0.27732558139534885
13169,4,1,0.10846181427034779
13170,4,0,0.10846181427034779
13171,4,0,0.17377182298010557
13172,1,0,0.09750492449113592
13173,3,0,0.10848338260324286
13174,1,0,0.09750492449113592
13175,5,0,0.10624706434945984
13176,3,0,0.10848338260324286
13177,3,0,0.10848338260324286
13178,1,0,0.1750291715285881
13179,4,0,0.10846181427034779
13180,5,0,0.6489626556016598
13181,3,1,0.7204419889502762
13182,3,0,0.1743920972644377
13183,1,0,0.09750492449113592
13184,5,0,0.10624706434945984
13185,5,0,0.10624706434945984
13186,1,0,0.09750492449113592
13187,4,1,0.10846181427034779
13188,2,1,0.1051693404634581
13189,5,0,0.17265193370165746
13190,5,0,0.2745320476460579
13191,5,0,0.17265193370165746
13192,1,0,0.09750492449113592
13193,1,0,0.09750492449113592
13194,3,0,0.10848338260324286
13195,5,0,0.10624706434945984
13196,4,0,0.10846181427034779
13197,5,1,0.2745320476460579
13198,3,0,0.10848338260324286
13199,4,0,0.17377182298010557
13200,5,0,0.17265193370165746
13201,5,1,0.2745320476460579
13202,2,0,0.17620376831821355
13203,1,0,0.7188195991091314
13204,3,0,0.10848338260324286
13205,3,0,0.10848338260324286
13206,3,0,0.3774703557312253
13207,2,0,0.27938671209540034
13208,2,0,0.1051693404634581
13209,1,0,0.1750291715285881
13210,2,0,0.27938671209540034
13211,4,0,0.2782089552238806
13212,4,0,0.10846181427034779
13213,3,0,0.10848338260324286
13214,5,0,0.10624706434945984
13215,2,0,0.3167420814479638
13216,4,0,0.10846181427034779
13217,1,0,0.1750291715285881
13218,5,0,0.2745320476460579
13219,1,0,0.09750492449113592
13220,5,0,0.10624706434945984
13221,2,1,0.1051693404634581
13222,4,0,0.10846181427034779
13223,4,0,0.10846181427034779
13224,1,1,0.2624521072796935
13225,4,0,0.10846181427034779
13226,5,1,0.6489626556016598
13227,2,0,0.1051693404634581
13228,2,0,0.1051693404634581
13229,4,0,0.10846181427034779
13230,4,0,0.10846181427034779
13231,5,1,0.2850467289719626
13232,1,0,0.09750492449113592
13233,1,0,0.09750492449113592
13234,1,0,0.1750291715285881
13235,1,0,0.1750291715285881
13236,5,0,0.17265193370165746
13237,1,0,0.09750492449113592
13238,1,0,0.09750492449113592
13239,2,0,0.1051693404634581
13240,3,0,0.10848338260324286
13241,5,0,0.10624706434945984
13242,5,0,0.2850467289719626
13243,4,0,0.10846181427034779
13244,1,0,0.1750291715285881
13245,3,1,0.27732558139534885
13246,4,1,0.36443148688046645
13247,5,0,0.10624706434945984
13248,5,0,0.4191852825229961
13249,4,0,0.10846181427034779
13250,2,0,0.1051693404634581
13251,3,0,0.10848338260324286
13252,4,0,0.17377182298010557
13253,3,0,0.10848338260324286
13254,2,0,0.1051693404634581
13255,1,1,0.09750492449113592
13256,5,0,0.10624706434945984
13257,5,0,0.10624706434945984
13258,5,0,0.10624706434945984
13259,3,0,0.10848338260324286
13260,5,1,0.2850467289719626
13261,3,0,0.1743920972644377
13262,3,0,0.10848338260324286
13263,5,0,0.10624706434945984
13264,4,1,0.7197309417040358
13265,2,1,0.6916956737941323
13266,1,1,0.7188195991091314
13267,3,0,0.10848338260324286
13268,4,0,0.10846181427034779
13269,5,0,0.17265193370165746
13270,5,0,0.10624706434945984
13271,3,0,0.10848338260324286
13272,5,0,0.4191852825229961
13273,4,1,0.10846181427034779
13274,1,0,0.1750291715285881
13275,5,0,0.17265193370165746
13276,1,0,0.09750492449113592
13277,3,0,0.1743920972644377
13278,5,0,0.10624706434945984
13279,5,0,0.10624706434945984
13280,5,0,0.10624706434945984
13281,5,0,0.7639751552795031
13282,3,0,0.1743920972644377
13283,2,0,0.1051693404634581
13284,2,0,0.1051693404634581
13285,4,0,0.10846181427034779
13286,1,1,0.1750291715285881
13287,4,0,0.10846181427034779
13288,3,1,0.7204419889502762
13289,1,0,0.09750492449113592
13290,2,0,0.3167420814479638
13291,1,0,0.09750492449113592
13292,2,0,0.27938671209540034
13293,1,0,0.1750291715285881
13294,2,0,0.1051693404634581
13295,2,0,0.1051693404634581
13296,2,0,0.1051693404634581
13297,1,0,0.09750492449113592
13298,2,0,0.17620376831821355
13299,1,0,0.1750291715285881
13300,1,0,0.1750291715285881
13301,2,0,0.1051693404634581
13302,1,0,0.09750492449113592
13303,3,1,0.7204419889502762
13304,4,0,0.10846181427034779
13305,4,0,0.10846181427034779
13306,4,1,0.7197309417040358
13307,1,1,0.5128205128205128
13308,1,0,0.2579210672595887
13309,2,0,0.6916956737941323
13310,5,1,0.10624706434945984
13311,2,0,0.2131979695431472
13312,1,0,0.2579210672595887
13313,5,0,0.17265193370165746
13314,5,0,0.10624706434945984
13315,1,1,0.2624521072796935
13316,1,1,0.7188195991091314
13317,4,0,0.10846181427034779
13318,1,0,0.1750291715285881
13319,1,1,0.2579210672595887
13320,1,0,0.2579210672595887
13321,3,0,0.10848338260324286
13322,4,1,0.7197309417040358
13323,5,0,0.10624706434945984
13324,2,1,0.6916956737941323
13325,2,0,0.1051693404634581
13326,5,0,0.10624706434945984
13327,3,0,0.10848338260324286
13328,5,0,0.10624706434945984
13329,5,1,0.5300668151447662
13330,1,0,0.2579210672595887
13331,4,0,0.10846181427034779
13332,2,0,0.17620376831821355
13333,1,0,0.09750492449113592
13334,5,1,0.10624706434945984
13335,5,0,0.10624706434945984
13336,4,0,0.10846181427034779
13337,5,0,0.10624706434945984
13338,4,0,0.10846181427034779
13339,3,0,0.10848338260324286
13340,4,1,0.7197309417040358
13341,5,0,0.4191852825229961
13342,4,0,0.10846181427034779
13343,1,0,0.09750492449113592
13344,2,0,0.1051693404634581
13345,3,0,0.7204419889502762
13346,1,1,0.09750492449113592
13347,2,0,0.17620376831821355
13348,1,1,0.2579210672595887
13349,4,0,0.10846181427034779
13350,2,0,0.1051693404634581
13351,1,0,0.2579210672595887
13352,3,0,0.1743920972644377
13353,1,0,0.2579210672595887
13354,2,0,0.17620376831821355
13355,5,0,0.10624706434945984
13356,4,0,0.2782089552238806
13357,5,0,0.17265193370165746
13358,1,0,0.09750492449113592
13359,5,0,0.10624706434945984
13360,1,0,0.09750492449113592
13361,1,0,0.09750492449113592
13362,4,0,0.10846181427034779
13363,5,1,0.5300668151447662
13364,1,0,0.09750492449113592
13365,1,0,0.5128205128205128
13366,2,0,0.1051693404634581
13367,2,1,0.6916956737941323
13368,1,0,0.1750291715285881
13369,4,0,0.17377182298010557
13370,3,0,0.10848338260324286
13371,1,0,0.2579210672595887
13372,5,0,0.10624706434945984
13373,4,1,0.2782089552238806
13374,2,1,0.5244444444444445
13375,4,1,0.17377182298010557
13376,4,0,0.10846181427034779
13377,1,1,0.2579210672595887
13378,1,1,0.09750492449113592
13379,1,0,0.4164420485175202
13380,2,0,0.1051693404634581
13381,3,0,0.10848338260324286
13382,3,0,0.10848338260324286
13383,2,0,0.17620376831821355
13384,4,0,0.10846181427034779
13385,2,0,0.1051693404634581
13386,2,0,0.1051693404634581
13387,5,0,0.10624706434945984
13388,5,0,0.5300668151447662
13389,3,0,0.10848338260324286
13390,4,0,0.10846181427034779
13391,4,0,0.10846181427034779
13392,3,0,0.3774703557312253
13393,3,0,0.27732558139534885
13394,2,0,0.3931203931203931
13395,5,0,0.10624706434945984
13396,2,0,0.17620376831821355
13397,3,0,0.7204419889502762
13398,3,0,0.27732558139534885
13399,1,0,0.09750492449113592
13400,2,0,0.1051693404634581
13401,4,0,0.10846181427034779
13402,3,0,0.10848338260324286
13403,4,1,0.2782089552238806
13404,2,0,0.1051693404634581
13405,2,1,0.6916956737941323
13406,4,1,0.7197309417040358
13407,5,0,0.17265193370165746
13408,2,0,0.17620376831821355
13409,2,0,0.27938671209540034
13410,2,0,0.1051693404634581
13411,2,0,0.6916956737941323
13412,3,0,0.10848338260324286
13413,2,0,0.1051693404634581
13414,4,1,0.10846181427034779
13415,4,0,0.7197309417040358
13416,3,0,0.4647058823529412
13417,1,0,0.09750492449113592
13418,4,0,0.10846181427034779
13419,3,0,0.10848338260324286
13420,3,0,0.538961038961039
13421,5,1,0.5300668151447662
13422,5,0,0.10624706434945984
13423,2,1,0.5244444444444445
13424,5,0,0.10624706434945984
13425,1,1,0.2579210672595887
13426,5,0,0.10624706434945984
13427,2,0,0.1051693404634581
13428,4,0,0.10846181427034779
13429,1,0,0.09750492449113592
13430,2,1,0.6916956737941323
13431,1,0,0.1750291715285881
13432,5,0,0.10624706434945984
13433,1,1,0.7188195991091314
13434,4,0,0.10846181427034779
13435,2,0,0.1051693404634581
13436,5,1,0.7639751552795031
13437,3,0,0.10848338260324286
13438,4,1,0.31981981981981983
13439,4,0,0.10846181427034779
13440,1,0,0.1750291715285881
13441,2,1,0.6916956737941323
13442,5,1,0.2850467289719626
13443,3,0,0.10848338260324286
13444,1,0,0.1750291715285881
13445,5,0,0.10624706434945984
13446,3,0,0.1743920972644377
13447,3,0,0.10848338260324286
13448,4,1,0.17377182298010557
13449,4,0,0.17377182298010557
13450,2,0,0.1051693404634581
13451,3,0,0.10848338260324286
13452,1,0,0.2664359861591695
13453,2,0,0.1051693404634581
13454,4,0,0.36443148688046645
13455,1,1,0.09750492449113592
13456,1,0,0.2579210672595887
13457,1,0,0.2579210672595887
13458,3,1,0.10848338260324286
13459,3,0,0.10848338260324286
13460,5,0,0.10624706434945984
13461,5,0,0.10624706434945984
13462,3,0,0.10848338260324286
13463,1,0,0.1750291715285881
13464,5,1,0.5300668151447662
13465,3,0,0.7204419889502762
13466,1,0,0.09750492449113592
13467,5,1,0.17265193370165746
13468,4,0,0.10846181427034779
13469,4,1,0.36443148688046645
13470,3,0,0.10848338260324286
13471,1,0,0.09750492449113592
13472,3,0,0.27732558139534885
13473,2,0,0.1051693404634581
13474,5,0,0.17265193370165746
13475,1,1,0.2579210672595887
13476,4,0,0.10846181427034779
13477,4,0,0.17377182298010557
13478,3,0,0.1743920972644377
13479,5,0,0.2745320476460579
13480,3,0,0.10848338260324286
13481,2,1,0.17620376831821355
13482,3,0,0.10848338260324286
13483,4,0,0.10846181427034779
13484,3,1,0.1743920972644377
13485,5,0,0.4191852825229961
13486,5,1,0.6489626556016598
13487,5,0,0.10624706434945984
13488,3,0,0.10848338260324286
13489,1,0,0.09750492449113592
13490,3,0,0.10848338260324286
13491,1,0,0.1750291715285881
13492,1,0,0.7188195991091314
13493,4,1,0.7197309417040358
13494,2,0,0.17620376831821355
13495,5,1,0.7639751552795031
13496,3,0,0.10848338260324286
13497,5,0,0.2850467289719626
13498,4,0,0.10846181427034779
13499,2,0,0.3931203931203931
13500,1,0,0.09750492449113592
13501,2,0,0.27938671209540034
13502,4,1,0.7197309417040358
13503,3,0,0.7204419889502762
13504,3,0,0.27732558139534885
13505,4,1,0.10846181427034779
13506,5,0,0.10624706434945984
13507,5,0,0.10624706434945984
13508,4,1,0.5256124721603563
13509,5,1,0.4191852825229961
13510,2,0,0.1051693404634581
13511,1,1,0.1750291715285881
13512,2,0,0.1051693404634581
13513,3,0,0.3774703557312253
13514,5,0,0.10624706434945984
13515,3,1,0.27732558139534885
13516,4,0,0.31981981981981983
13517,5,0,0.10624706434945984
13518,4,0,0.10846181427034779
13519,5,0,0.10624706434945984
13520,2,0,0.1051693404634581
13521,4,0,0.10846181427034779
13522,5,0,0.7639751552795031
13523,2,0,0.6916956737941323
13524,1,0,0.09750492449113592
13525,3,0,0.10848338260324286
13526,4,1,0.7197309417040358
13527,2,0,0.1051693404634581
13528,5,0,0.2850467289719626
13529,5,0,0.17265193370165746
13530,2,0,0.1051693404634581
13531,2,0,0.1051693404634581
13532,2,1,0.17620376831821355
13533,1,1,0.4164420485175202
13534,2,0,0.1051693404634581
13535,3,0,0.10848338260324286
13536,5,1,0.6489626556016598
13537,3,0,0.10848338260324286
13538,2,1,0.1051693404634581
13539,1,0,0.09750492449113592
13540,3,0,0.1743920972644377
13541,4,0,0.10846181427034779
13542,3,0,0.10848338260324286
13543,5,1,0.7639751552795031
13544,3,0,0.1743920972644377
13545,1,0,0.1750291715285881
13546,4,0,0.10846181427034779
13547,2,0,0.1051693404634581
13548,5,1,0.5300668151447662
13549,4,0,0.10846181427034779
13550,4,0,0.10846181427034779
13551,3,0,0.10848338260324286
13552,3,0,0.10848338260324286
13553,4,0,0.10846181427034779
13554,5,0,0.10624706434945984
13555,3,1,0.7204419889502762
13556,4,0,0.31981981981981983
13557,5,0,0.10624706434945984
13558,1,0,0.09750492449113592
13559,3,1,0.7204419889502762
13560,2,0,0.1051693404634581
13561,3,0,0.10848338260324286
13562,1,1,0.7188195991091314
13563,5,0,0.10624706434945984
13564,4,0,0.10846181427034779
13565,1,1,0.1750291715285881
13566,2,0,0.1051693404634581
13567,3,0,0.10848338260324286
13568,4,0,0.10846181427034779
13569,5,0,0.2850467289719626
13570,1,0,0.09750492449113592
13571,2,1,0.5244444444444445
13572,4,0,0.10846181427034779
13573,4,0,0.10846181427034779
13574,4,0,0.10846181427034779
13575,4,0,0.10846181427034779
13576,3,0,0.10848338260324286
13577,5,0,0.17265193370165746
13578,5,0,0.17265193370165746
13579,1,0,0.09750492449113592
13580,2,1,0.5244444444444445
13581,2,0,0.1051693404634581
13582,2,0,0.27938671209540034
13583,5,0,0.2745320476460579
13584,4,0,0.17377182298010557
13585,4,0,0.10846181427034779
13586,3,1,0.1743920972644377
13587,2,1,0.6916956737941323
13588,1,0,0.09750492449113592
13589,4,0,0.10846181427034779
13590,5,0,0.10624706434945984
13591,1,0,0.2579210672595887
13592,2,0,0.1051693404634581
13593,4,0,0.10846181427034779
13594,2,0,0.6916956737941323
13595,5,0,0.17265193370165746
13596,2,1,0.1051693404634581
13597,4,0,0.10846181427034779
13598,1,0,0.09750492449113592
13599,3,1,0.7204419889502762
13600,2,0,0.1051693404634581
13601,2,0,0.1051693404634581
13602,2,0,0.1051693404634581
13603,1,0,0.09750492449113592
13604,1,1,0.1750291715285881
13605,4,1,0.53
13606,4,0,0.7197309417040358
13607,4,1,0.7197309417040358
13608,5,1,0.6489626556016598
13609,5,0,0.10624706434945984
13610,4,0,0.2782089552238806
13611,3,0,0.10848338260324286
13612,3,1,0.10848338260324286
13613,2,0,0.1051693404634581
13614,2,0,0.1051693404634581
13615,3,0,0.10848338260324286
13616,4,1,0.17377182298010557
13617,4,0,0.7197309417040358
13618,3,0,0.10848338260324286
13619,4,1,0.2782089552238806
13620,4,0,0.2782089552238806
13621,1,0,0.7188195991091314
13622,4,1,0.5256124721603563
13623,1,0,0.1750291715285881
13624,5,0,0.10624706434945984
13625,1,0,0.09750492449113592
13626,1,0,0.2579210672595887
13627,3,1,0.10848338260324286
13628,5,0,0.6489626556016598
13629,3,0,0.1743920972644377
13630,3,1,0.10848338260324286
13631,2,0,0.1051693404634581
13632,5,0,0.10624706434945984
13633,1,0,0.1750291715285881
13634,3,0,0.10848338260324286
13635,4,0,0.2782089552238806
13636,3,0,0.27732558139534885
13637,2,0,0.1051693404634581
13638,2,0,0.1051693404634581
13639,5,0,0.17265193370165746
13640,2,1,0.1051693404634581
13641,5,1,0.17265193370165746
13642,1,0,0.1750291715285881
13643,2,0,0.1051693404634581
13644,4,0,0.10846181427034779
13645,1,0,0.1750291715285881
13646,4,0,0.10846181427034779
13647,5,0,0.10624706434945984
13648,1,1,0.2624521072796935
13649,3,0,0.10848338260324286
13650,1,0,0.2579210672595887
13651,4,0,0.10846181427034779
13652,1,0,0.2624521072796935
13653,1,0,0.1750291715285881
13654,3,0,0.10848338260324286
13655,4,1,0.7197309417040358
13656,4,0,0.10846181427034779
13657,1,0,0.1750291715285881
13658,2,0,0.6916956737941323
13659,5,0,0.10624706434945984
13660,4,0,0.10846181427034779
13661,5,0,0.10624706434945984
13662,2,0,0.1051693404634581
13663,4,1,0.53
13664,5,0,0.17265193370165746
13665,3,0,0.10848338260324286
13666,5,0,0.10624706434945984
13667,2,0,0.1051693404634581
13668,2,0,0.1051693404634581
13669,2,1,0.27938671209540034
13670,1,0,0.09750492449113592
13671,1,1,0.4164420485175202
13672,5,0,0.17265193370165746
13673,1,0,0.2624521072796935
13674,2,1,0.1051693404634581
13675,5,0,0.17265193370165746
13676,2,0,0.1051693404634581
13677,3,0,0.10848338260324286
13678,3,1,0.10848338260324286
13679,4,0,0.10846181427034779
13680,3,0,0.10848338260324286
13681,4,0,0.10846181427034779
13682,5,0,0.10624706434945984
13683,5,0,0.10624706434945984
13684,1,0,0.09750492449113592
13685,4,0,0.17377182298010557
13686,1,0,0.1750291715285881
13687,1,0,0.09750492449113592
13688,3,0,0.10848338260324286
13689,3,0,0.10848338260324286
13690,2,0,0.1051693404634581
13691,1,0,0.2579210672595887
13692,1,0,0.09750492449113592
13693,1,1,0.1750291715285881
13694,5,0,0.2745320476460579
13695,1,0,0.09750492449113592
13696,3,1,0.3774703557312253
13697,1,0,0.09750492449113592
13698,4,0,0.17377182298010557
13699,1,0,0.1750291715285881
13700,3,1,0.538961038961039
13701,5,1,0.2745320476460579
13702,4,0,0.10846181427034779
13703,2,0,0.3931203931203931
13704,4,0,0.10846181427034779
13705,4,1,0.10846181427034779
13706,5,0,0.17265193370165746
13707,5,0,0.6489626556016598
13708,2,0,0.1051693404634581
13709,4,0,0.10846181427034779
13710,2,0,0.1051693404634581
13711,3,0,0.10848338260324286
13712,5,0,0.10624706434945984
13713,2,0,0.17620376831821355
13714,3,1,0.10848338260324286
13715,5,0,0.10624706434945984
13716,1,0,0.09750492449113592
13717,2,0,0.17620376831821355
13718,2,0,0.1051693404634581
13719,3,1,0.10848338260324286
13720,2,0,0.1051693404634581
13721,5,1,0.2745320476460579
13722,2,1,0.17620376831821355
13723,1,0,0.09750492449113592
13724,2,1,0.6916956737941323
13725,5,0,0.4191852825229961
13726,4,0,0.2782089552238806
13727,2,1,0.6916956737941323
13728,3,0,0.10848338260324286
13729,5,0,0.7639751552795031
13730,1,0,0.1750291715285881
13731,3,0,0.10848338260324286
13732,1,0,0.1750291715285881
13733,4,0,0.10846181427034779
13734,5,0,0.10624706434945984
13735,5,1,0.4191852825229961
13736,4,0,0.10846181427034779
13737,3,0,0.10848338260324286
13738,4,0,0.53
13739,4,0,0.2782089552238806
13740,4,0,0.5256124721603563
13741,5,0,0.10624706434945984
13742,1,0,0.09750492449113592
13743,2,0,0.17620376831821355
13744,4,0,0.2782089552238806
13745,1,0,0.1750291715285881
13746,2,1,0.1051693404634581
13747,4,0,0.10846181427034779
13748,2,0,0.27938671209540034
13749,5,0,0.4191852825229961
13750,5,0,0.17265193370165746
13751,4,0,0.10846181427034779
13752,2,0,0.6916956737941323
13753,4,0,0.31981981981981983
13754,5,0,0.10624706434945984
13755,2,0,0.1051693404634581
13756,2,0,0.17620376831821355
13757,2,1,0.3931203931203931
13758,3,1,0.7204419889502762
13759,2,1,0.3931203931203931
13760,1,0,0.09750492449113592
13761,1,0,0.09750492449113592
13762,4,1,0.10846181427034779
13763,1,0,0.09750492449113592
13764,5,0,0.6489626556016598
13765,2,0,0.3931203931203931
13766,2,0,0.17620376831821355
13767,1,0,0.09750492449113592
13768,2,0,0.17620376831821355
13769,3,0,0.10848338260324286
13770,2,0,0.27938671209540034
13771,2,0,0.1051693404634581
13772,2,0,0.1051693404634581
13773,4,0,0.10846181427034779
13774,4,1,0.7197309417040358
13775,2,0,0.3931203931203931
13776,1,0,0.09750492449113592
13777,4,0,0.10846181427034779
13778,1,0,0.2624521072796935
13779,3,0,0.1743920972644377
13780,1,1,0.7188195991091314
13781,3,0,0.1743920972644377
13782,4,1,0.7197309417040358
13783,5,1,0.10624706434945984
13784,3,0,0.10848338260324286
13785,1,1,0.1750291715285881
13786,2,0,0.1051693404634581
13787,3,0,0.10848338260324286
13788,2,0,0.3931203931203931
13789,5,0,0.17265193370165746
13790,1,0,0.1750291715285881
13791,4,0,0.10846181427034779
13792,5,0,0.10624706434945984
13793,2,0,0.27938671209540034
13794,1,0,0.09750492449113592
13795,3,1,0.10848338260324286
13796,5,0,0.2745320476460579
13797,4,0,0.5256124721603563
13798,1,0,0.09750492449113592
13799,3,0,0.4647058823529412
13800,5,1,0.6489626556016598
13801,3,0,0.10848338260324286
13802,2,0,0.1051693404634581
13803,1,0,0.1750291715285881
13804,3,1,0.1743920972644377
13805,2,0,0.3931203931203931
13806,2,0,0.1051693404634581
13807,2,0,0.1051693404634581
13808,3,0,0.10848338260324286
13809,2,0,0.5244444444444445
13810,5,0,0.10624706434945984
13811,3,1,0.7204419889502762
13812,5,0,0.10624706434945984
13813,3,1,0.7204419889502762
13814,3,0,0.10848338260324286
13815,5,0,0.6489626556016598
13816,4,0,0.10846181427034779
13817,3,0,0.10848338260324286
13818,1,0,0.09750492449113592
13819,5,0,0.10624706434945984
13820,2,1,0.6916956737941323
13821,3,0,0.10848338260324286
13822,3,0,0.1743920972644377
13823,1,1,0.4164420485175202
13824,5,0,0.2745320476460579
13825,4,1,0.7197309417040358
13826,5,0,0.10624706434945984
13827,4,0,0.10846181427034779
13828,4,1,0.10846181427034779
13829,1,0,0.09750492449113592
13830,2,0,0.1051693404634581
13831,3,0,0.1743920972644377
13832,4,0,0.10846181427034779
13833,1,0,0.09750492449113592
13834,2,0,0.1051693404634581
13835,5,0,0.10624706434945984
13836,2,0,0.1051693404634581
13837,3,0,0.3774703557312253
13838,3,0,0.1743920972644377
13839,5,0,0.4191852825229961
13840,3,0,0.7204419889502762
13841,1,0,0.09750492449113592
13842,1,0,0.1750291715285881
13843,1,0,0.4164420485175202
13844,3,0,0.10848338260324286
13845,1,0,0.2579210672595887
13846,1,0,0.4164420485175202
13847,4,0,0.10846181427034779
13848,1,0,0.7188195991091314
13849,4,0,0.10846181427034779
13850,1,0,0.09750492449113592
13851,3,0,0.10848338260324286
13852,3,1,0.10848338260324286
13853,5,0,0.17265193370165746
13854,1,0,0.09750492449113592
13855,2,0,0.1051693404634581
13856,1,0,0.1750291715285881
13857,4,0,0.10846181427034779
13858,4,0,0.10846181427034779
13859,3,0,0.27732558139534885
13860,2,0,0.27938671209540034
13861,4,1,0.10846181427034779
13862,1,0,0.09750492449113592
13863,3,0,0.10848338260324286
13864,3,1,0.10848338260324286
13865,2,1,0.17620376831821355
13866,4,1,0.7197309417040358
13867,5,0,0.10624706434945984
13868,3,0,0.10848338260324286
13869,3,0,0.10848338260324286
13870,2,0,0.1051693404634581
13871,5,0,0.10624706434945984
13872,2,0,0.27938671209540034
13873,1,0,0.09750492449113592
13874,5,0,0.10624706434945984
13875,2,0,0.1051693404634581
13876,4,1,0.7197309417040358
13877,5,0,0.10624706434945984
13878,3,0,0.10848338260324286
13879,2,0,0.1051693404634581
13880,4,0,0.36443148688046645
13881,5,0,0.10624706434945984
13882,1,0,0.5128205128205128
13883,5,0,0.10624706434945984
13884,3,1,0.7204419889502762
13885,5,0,0.10624706434945984
13886,5,0,0.2745320476460579
13887,4,0,0.2782089552238806
13888,1,0,0.2579210672595887
13889,4,0,0.10846181427034779
13890,3,0,0.27732558139534885
13891,3,0,0.1743920972644377
13892,1,0,0.1750291715285881
13893,5,0,0.17265193370165746
13894,1,0,0.09750492449113592
13895,5,0,0.10624706434945984
13896,1,0,0.09750492449113592
13897,2,0,0.1051693404634581
13898,5,0,0.10624706434945984
13899,3,1,0.10848338260324286
13900,5,0,0.2745320476460579
13901,3,0,0.538961038961039
13902,4,0,0.17377182298010557
13903,1,0,0.09750492449113592
13904,5,1,0.17265193370165746
13905,5,0,0.10624706434945984
13906,4,0,0.10846181427034779
13907,1,0,0.09750492449113592
13908,3,0,0.10848338260324286
13909,3,0,0.1743920972644377
13910,3,1,0.7204419889502762
13911,4,0,0.10846181427034779
13912,5,0,0.10624706434945984
13913,4,1,0.10846181427034779
13914,1,1,0.2664359861591695
13915,4,0,0.10846181427034779
13916,1,0,0.09750492449113592
13917,2,0,0.1051693404634581
13918,3,0,0.1743920972644377
13919,1,0,0.09750492449113592
13920,1,0,0.09750492449113592
13921,1,0,0.1750291715285881
13922,4,0,0.10846181427034779
13923,3,1,0.7204419889502762
13924,1,0,0.09750492449113592
13925,4,0,0.5256124721603563
13926,2,1,0.6916956737941323
13927,4,0,0.10846181427034779
13928,5,0,0.17265193370165746
13929,5,0,0.17265193370165746
13930,3,0,0.10848338260324286
13931,2,1,0.1051693404634581
13932,1,0,0.1750291715285881
13933,3,0,0.1743920972644377
13934,5,0,0.17265193370165746
13935,1,1,0.5276497695852534
13936,2,1,0.1051693404634581
13937,3,0,0.3774703557312253
13938,1,1,0.4164420485175202
13939,3,0,0.10848338260324286
13940,4,0,0.10846181427034779
13941,5,0,0.10624706434945984
13942,3,0,0.10848338260324286
13943,3,0,0.10848338260324286
13944,4,0,0.10846181427034779
13945,4,0,0.17377182298010557
13946,4,1,0.17377182298010557
13947,4,1,0.10846181427034779
13948,1,0,0.2579210672595887
13949,3,1,0.1743920972644377
13950,3,0,0.7204419889502762
13951,2,0,0.1051693404634581
13952,4,0,0.17377182298010557
13953,5,0,0.10624706434945984
13954,3,0,0.10848338260324286
13955,3,0,0.10848338260324286
13956,2,1,0.1051693404634581
13957,5,0,0.10624706434945984
13958,3,0,0.10848338260324286
13959,3,0,0.10848338260324286
13960,3,0,0.10848338260324286
13961,2,1,0.1051693404634581
13962,5,0,0.10624706434945984
13963,2,0,0.1051693404634581
13964,1,0,0.09750492449113592
13965,1,0,0.09750492449113592
13966,1,1,0.1750291715285881
13967,3,0,0.10848338260324286
13968,4,1,0.7197309417040358
13969,2,0,0.17620376831821355
13970,2,0,0.1051693404634581
13971,2,0,0.1051693404634581
13972,3,0,0.10848338260324286
13973,3,0,0.1743920972644377
13974,2,0,0.1051693404634581
13975,5,0,0.22580645161290322
13976,4,0,0.31981981981981983
13977,4,0,0.10846181427034779
13978,5,0,0.17265193370165746
13979,5,1,0.6489626556016598
13980,4,0,0.10846181427034779
13981,5,0,0.22580645161290322
13982,4,0,0.10846181427034779
13983,4,0,0.10846181427034779
13984,2,0,0.1051693404634581
13985,4,0,0.10846181427034779
13986,2,1,0.27938671209540034
13987,3,1,0.1743920972644377
13988,4,0,0.10846181427034779
13989,3,0,0.10848338260324286
13990,2,0,0.17620376831821355
13991,4,0,0.10846181427034779
13992,5,0,0.10624706434945984
13993,3,1,0.3774703557312253
13994,3,0,0.10848338260324286
13995,5,0,0.10624706434945984
13996,2,0,0.17620376831821355
13997,2,0,0.1051693404634581
13998,3,1,0.7204419889502762
13999,3,0,0.27732558139534885
14000,1,0,0.2579210672595887
14001,1,0,0.09750492449113592
14002,2,1,0.1051693404634581
14003,2,1,0.17620376831821355
14004,3,0,0.10848338260324286
14005,3,0,0.10848338260324286
14006,5,0,0.2745320476460579
14007,5,0,0.2745320476460579
14008,4,0,0.2782089552238806
14009,2,0,0.1051693404634581
14010,1,0,0.1750291715285881
14011,1,0,0.1750291715285881
14012,1,1,0.4164420485175202
14013,4,0,0.10846181427034779
14014,4,0,0.10846181427034779
14015,5,0,0.22580645161290322
14016,4,0,0.31981981981981983
14017,2,0,0.3931203931203931
14018,5,0,0.17265193370165746
14019,5,0,0.10624706434945984
14020,2,1,0.6916956737941323
14021,2,0,0.17620376831821355
14022,4,0,0.10846181427034779
14023,2,1,0.1051693404634581
14024,3,0,0.10848338260324286
14025,3,0,0.7204419889502762
14026,5,0,0.10624706434945984
14027,3,0,0.1743920972644377
14028,5,0,0.10624706434945984
14029,5,1,0.17265193370165746
14030,5,0,0.2745320476460579
14031,3,0,0.10848338260324286
14032,1,0,0.09750492449113592
14033,3,0,0.10848338260324286
14034,5,0,0.10624706434945984
14035,4,1,0.7197309417040358
14036,4,1,0.10846181427034779
14037,4,0,0.10846181427034779
14038,3,0,0.1743920972644377
14039,3,0,0.3774703557312253
14040,5,0,0.10624706434945984
14041,4,0,0.10846181427034779
14042,2,1,0.6916956737941323
14043,4,1,0.10846181427034779
14044,1,0,0.09750492449113592
14045,1,0,0.1750291715285881
14046,1,0,0.09750492449113592
14047,2,0,0.3931203931203931
14048,5,0,0.10624706434945984
14049,5,0,0.2745320476460579
14050,1,0,0.09750492449113592
14051,5,0,0.10624706434945984
14052,5,0,0.10624706434945984
14053,1,0,0.1750291715285881
14054,4,0,0.10846181427034779
14055,1,0,0.09750492449113592
14056,3,0,0.27732558139534885
14057,5,0,0.17265193370165746
14058,5,0,0.10624706434945984
14059,1,1,0.5276497695852534
14060,3,0,0.10848338260324286
14061,2,1,0.6916956737941323
14062,5,0,0.10624706434945984
14063,3,0,0.1743920972644377
14064,2,0,0.27938671209540034
14065,4,0,0.10846181427034779
14066,4,0,0.2782089552238806
14067,1,0,0.09750492449113592
14068,5,0,0.10624706434945984
14069,5,0,0.10624706434945984
14070,4,1,0.10846181427034779
14071,3,0,0.10848338260324286
14072,3,0,0.10848338260324286
14073,1,0,0.09750492449113592
14074,3,0,0.10848338260324286
14075,1,1,0.4164420485175202
14076,2,0,0.27938671209540034
14077,2,0,0.1051693404634581
14078,2,0,0.17620376831821355
14079,5,0,0.2745320476460579
14080,1,0,0.09750492449113592
14081,5,0,0.2850467289719626
14082,4,0,0.10846181427034779
14083,2,0,0.1051693404634581
14084,3,0,0.10848338260324286
14085,1,0,0.09750492449113592
14086,4,0,0.17377182298010557
14087,3,0,0.10848338260324286
14088,4,0,0.17377182298010557
14089,2,0,0.1051693404634581
14090,5,0,0.10624706434945984
14091,3,0,0.1743920972644377
14092,3,0,0.10848338260324286
14093,2,0,0.1051693404634581
14094,1,0,0.2579210672595887
14095,4,0,0.31981981981981983
14096,3,0,0.10848338260324286
14097,3,0,0.10848338260324286
14098,1,0,0.09750492449113592
14099,1,0,0.09750492449113592
14100,4,1,0.7197309417040358
14101,3,1,0.7204419889502762
14102,3,1,0.10848338260324286
14103,3,1,0.10848338260324286
14104,1,0,0.2579210672595887
14105,1,0,0.09750492449113592
14106,3,0,0.10848338260324286
14107,5,1,0.17265193370165746
14108,2,0,0.1051693404634581
14109,1,0,0.1750291715285881
14110,2,0,0.1051693404634581
14111,3,1,0.10848338260324286
14112,2,0,0.27938671209540034
14113,3,0,0.10848338260324286
14114,1,0,0.09750492449113592
14115,4,0,0.10846181427034779
14116,2,0,0.1051693404634581
14117,5,0,0.22580645161290322
14118,2,0,0.1051693404634581
14119,5,0,0.2745320476460579
14120,2,0,0.17620376831821355
14121,2,0,0.1051693404634581
14122,3,0,0.10848338260324286
14123,2,0,0.1051693404634581
14124,2,0,0.1051693404634581
14125,5,0,0.10624706434945984
14126,2,0,0.1051693404634581
14127,2,0,0.17620376831821355
14128,4,0,0.17377182298010557
14129,4,1,0.2782089552238806
14130,1,0,0.09750492449113592
14131,3,0,0.10848338260324286
14132,2,0,0.1051693404634581
14133,5,1,0.10624706434945984
14134,1,0,0.09750492449113592
14135,3,0,0.10848338260324286
14136,1,0,0.09750492449113592
14137,2,0,0.1051693404634581
14138,3,0,0.538961038961039
14139,5,0,0.2745320476460579
14140,2,0,0.1051693404634581
14141,1,0,0.1750291715285881
14142,5,0,0.17265193370165746
14143,2,1,0.27938671209540034
14144,5,0,0.10624706434945984
14145,4,0,0.10846181427034779
14146,2,0,0.1051693404634581
14147,3,0,0.7204419889502762
14148,3,0,0.1743920972644377
14149,2,0,0.1051693404634581
14150,4,1,0.10846181427034779
14151,1,0,0.09750492449113592
14152,2,0,0.1051693404634581
14153,5,0,0.10624706434945984
14154,3,1,0.3722943722943723
14155,3,0,0.10848338260324286
14156,4,0,0.17377182298010557
14157,4,1,0.17377182298010557
14158,5,1,0.10624706434945984
14159,2,0,0.17620376831821355
14160,1,1,0.5276497695852534
14161,2,1,0.1051693404634581
14162,4,0,0.10846181427034779
14163,4,0,0.10846181427034779
14164,2,0,0.1051693404634581
14165,1,1,0.7188195991091314
14166,1,0,0.09750492449113592
14167,2,1,0.6916956737941323
14168,3,1,0.10848338260324286
14169,2,0,0.1051693404634581
14170,2,0,0.1051693404634581
14171,4,0,0.10846181427034779
14172,1,0,0.1750291715285881
14173,3,0,0.27732558139534885
14174,5,0,0.10624706434945984
14175,5,0,0.2745320476460579
14176,1,0,0.2579210672595887
14177,2,0,0.1051693404634581
14178,2,0,0.1051693404634581
14179,2,0,0.1051693404634581
14180,3,0,0.1743920972644377
14181,4,0,0.10846181427034779
14182,2,0,0.1051693404634581
14183,1,0,0.09750492449113592
14184,1,1,0.09750492449113592
14185,2,0,0.17620376831821355
14186,1,1,0.7188195991091314
14187,1,0,0.2579210672595887
14188,4,0,0.2782089552238806
14189,2,0,0.1051693404634581
14190,5,0,0.6489626556016598
14191,1,0,0.1750291715285881
14192,2,1,0.1051693404634581
14193,1,0,0.7188195991091314
14194,1,0,0.09750492449113592
14195,2,0,0.17620376831821355
14196,3,0,0.10848338260324286
14197,4,1,0.10846181427034779
14198,1,0,0.1750291715285881
14199,4,1,0.36443148688046645
14200,2,1,0.1051693404634581
14201,3,1,0.4647058823529412
14202,1,0,0.1750291715285881
14203,4,0,0.36443148688046645
14204,2,1,0.6916956737941323
14205,2,0,0.17620376831821355
14206,4,0,0.10846181427034779
14207,5,1,0.5300668151447662
14208,5,1,0.10624706434945984
14209,2,1,0.1051693404634581
14210,3,0,0.10848338260324286
14211,5,1,0.7639751552795031
14212,3,0,0.27732558139534885
14213,5,0,0.10624706434945984
14214,4,0,0.10846181427034779
14215,5,0,0.2745320476460579
14216,3,0,0.27732558139534885
14217,4,1,0.2782089552238806
14218,4,0,0.10846181427034779
14219,4,0,0.2782089552238806
14220,1,1,0.7188195991091314
14221,2,0,0.1051693404634581
14222,3,0,0.10848338260324286
14223,3,0,0.27732558139534885
14224,1,0,0.1750291715285881
14225,2,0,0.1051693404634581
14226,3,0,0.10848338260324286
14227,1,0,0.09750492449113592
14228,5,0,0.10624706434945984
14229,3,1,0.10848338260324286
14230,1,0,0.09750492449113592
14231,3,0,0.10848338260324286
14232,5,0,0.17265193370165746
14233,1,1,0.7188195991091314
14234,1,1,0.1750291715285881
14235,1,0,0.1750291715285881
14236,3,0,0.10848338260324286
14237,4,0,0.10846181427034779
14238,4,0,0.2782089552238806
14239,5,0,0.17265193370165746
14240,4,0,0.2782089552238806
14241,2,0,0.1051693404634581
14242,1,0,0.09750492449113592
14243,2,0,0.1051693404634581
14244,5,0,0.10624706434945984
14245,1,1,0.09750492449113592
14246,5,0,0.6489626556016598
14247,3,0,0.1743920972644377
14248,4,0,0.10846181427034779
14249,1,0,0.09750492449113592
14250,3,0,0.27732558139534885
14251,5,1,0.10624706434945984
14252,2,0,0.27938671209540034
14253,2,1,0.5244444444444445
14254,4,0,0.10846181427034779
14255,5,0,0.10624706434945984
14256,1,0,0.4164420485175202
14257,4,1,0.2782089552238806
14258,3,0,0.10848338260324286
14259,1,1,0.2624521072796935
14260,5,0,0.17265193370165746
14261,1,1,0.7188195991091314
14262,3,0,0.1743920972644377
14263,5,0,0.17265193370165746
14264,4,0,0.10846181427034779
14265,1,0,0.1750291715285881
14266,5,0,0.10624706434945984
14267,5,0,0.10624706434945984
14268,3,0,0.10848338260324286
14269,2,0,0.3167420814479638
14270,3,0,0.10848338260324286
14271,4,0,0.10846181427034779
14272,1,0,0.09750492449113592
14273,1,0,0.09750492449113592
14274,2,0,0.17620376831821355
14275,3,0,0.27732558139534885
14276,5,0,0.10624706434945984
14277,5,0,0.17265193370165746
14278,3,0,0.10848338260324286
14279,5,1,0.7639751552795031
14280,2,0,0.17620376831821355
14281,2,0,0.27938671209540034
14282,3,0,0.10848338260324286
14283,4,0,0.17377182298010557
14284,5,0,0.10624706434945984
14285,2,0,0.17620376831821355
14286,5,1,0.6489626556016598
14287,5,1,0.10624706434945984
14288,1,0,0.09750492449113592
14289,2,0,0.17620376831821355
14290,3,0,0.10848338260324286
14291,1,1,0.5128205128205128
14292,1,0,0.09750492449113592
14293,5,0,0.2745320476460579
14294,2,0,0.1051693404634581
14295,1,0,0.09750492449113592
14296,4,0,0.10846181427034779
14297,4,0,0.10846181427034779
14298,3,0,0.10848338260324286
14299,1,0,0.09750492449113592
14300,5,0,0.10624706434945984
14301,4,0,0.10846181427034779
14302,4,1,0.53
14303,5,0,0.2745320476460579
14304,1,0,0.09750492449113592
14305,3,0,0.1743920972644377
14306,2,0,0.1051693404634581
14307,1,0,0.2664359861591695
14308,3,0,0.10848338260324286
14309,2,0,0.27938671209540034
14310,2,0,0.1051693404634581
14311,3,0,0.10848338260324286
14312,3,0,0.27732558139534885
14313,3,1,0.1743920972644377
14314,5,0,0.10624706434945984
14315,4,0,0.10846181427034779
14316,5,0,0.10624706434945984
14317,1,0,0.7188195991091314
14318,5,0,0.10624706434945984
14319,2,0,0.17620376831821355
14320,4,0,0.17377182298010557
14321,1,1,0.7188195991091314
14322,4,1,0.10846181427034779
14323,2,0,0.1051693404634581
14324,1,0,0.09750492449113592
14325,4,0,0.10846181427034779
14326,1,0,0.09750492449113592
14327,2,0,0.3167420814479638
14328,2,0,0.1051693404634581
14329,1,0,0.1750291715285881
14330,5,0,0.2745320476460579
14331,4,1,0.36443148688046645
14332,2,0,0.1051693404634581
14333,1,0,0.09750492449113592
14334,4,0,0.2782089552238806
14335,3,0,0.10848338260324286
14336,1,0,0.09750492449113592
14337,4,0,0.10846181427034779
14338,4,0,0.2782089552238806
14339,1,0,0.09750492449113592
14340,3,1,0.10848338260324286
14341,2,0,0.1051693404634581
14342,3,0,0.10848338260324286
14343,3,0,0.10848338260324286
14344,1,0,0.09750492449113592
14345,1,0,0.09750492449113592
14346,2,0,0.1051693404634581
14347,4,1,0.53
14348,1,1,0.1750291715285881
14349,5,0,0.17265193370165746
14350,1,1,0.09750492449113592
14351,3,0,0.10848338260324286
14352,5,0,0.4191852825229961
14353,1,0,0.09750492449113592
14354,3,0,0.1743920972644377
14355,5,0,0.10624706434945984
14356,2,0,0.17620376831821355
14357,5,1,0.10624706434945984
14358,1,0,0.09750492449113592
14359,2,0,0.1051693404634581
14360,1,0,0.09750492449113592
14361,2,0,0.1051693404634581
14362,5,0,0.4191852825229961
14363,4,0,0.10846181427034779
14364,4,0,0.2782089552238806
14365,1,0,0.09750492449113592
14366,2,1,0.6916956737941323
14367,2,0,0.17620376831821355
14368,2,0,0.27938671209540034
14369,2,1,0.6916956737941323
14370,2,1,0.6916956737941323
14371,5,0,0.10624706434945984
14372,1,1,0.1750291715285881
14373,4,0,0.10846181427034779
14374,1,0,0.1750291715285881
14375,1,1,0.1750291715285881
14376,5,0,0.7639751552795031
14377,2,0,0.1051693404634581
14378,2,0,0.1051693404634581
14379,4,0,0.10846181427034779
14380,5,0,0.10624706434945984
14381,1,0,0.1750291715285881
14382,2,0,0.1051693404634581
14383,3,0,0.10848338260324286
14384,1,1,0.1750291715285881
14385,1,0,0.09750492449113592
14386,3,0,0.1743920972644377
14387,2,0,0.1051693404634581
14388,1,0,0.1750291715285881
14389,4,0,0.10846181427034779
14390,3,0,0.10848338260324286
14391,1,0,0.1750291715285881
14392,3,0,0.10848338260324286
14393,4,0,0.2782089552238806
14394,2,0,0.1051693404634581
14395,1,0,0.09750492449113592
14396,5,0,0.17265193370165746
14397,1,1,0.7188195991091314
14398,1,0,0.1750291715285881
14399,3,0,0.27732558139534885
14400,5,0,0.6489626556016598
14401,4,1,0.17377182298010557
14402,1,1,0.7188195991091314
14403,4,0,0.10846181427034779
14404,3,0,0.10848338260324286
14405,5,0,0.10624706434945984
14406,2,0,0.1051693404634581
14407,2,1,0.27938671209540034
14408,1,0,0.09750492449113592
14409,1,0,0.09750492449113592
14410,5,1,0.6489626556016598
14411,2,0,0.1051693404634581
14412,4,0,0.17377182298010557
14413,1,1,0.09750492449113592
14414,5,1,0.10624706434945984
14415,3,0,0.1743920972644377
14416,2,0,0.17620376831821355
14417,2,0,0.1051693404634581
14418,3,1,0.10848338260324286
14419,1,0,0.09750492449113592
14420,2,0,0.1051693404634581
14421,2,0,0.1051693404634581
14422,2,0,0.27938671209540034
14423,1,1,0.5276497695852534
14424,4,0,0.2782089552238806
14425,4,1,0.36443148688046645
14426,3,0,0.10848338260324286
14427,4,0,0.10846181427034779
14428,5,0,0.2745320476460579
14429,3,0,0.1743920972644377
14430,5,0,0.7639751552795031
14431,1,0,0.09750492449113592
14432,5,1,0.10624706434945984
14433,1,0,0.09750492449113592
14434,2,0,0.1051693404634581
14435,2,1,0.1051693404634581
14436,4,0,0.7197309417040358
14437,3,0,0.10848338260324286
14438,1,0,0.09750492449113592
14439,3,0,0.27732558139534885
14440,1,0,0.09750492449113592
14441,3,0,0.27732558139534885
14442,4,1,0.10846181427034779
14443,1,0,0.09750492449113592
14444,5,0,0.22580645161290322
14445,5,1,0.10624706434945984
14446,2,0,0.17620376831821355
14447,1,1,0.7188195991091314
14448,4,0,0.10846181427034779
14449,2,1,0.6916956737941323
14450,4,0,0.10846181427034779
14451,4,0,0.10846181427034779
14452,2,0,0.27938671209540034
14453,3,0,0.10848338260324286
14454,4,0,0.10846181427034779
14455,1,0,0.09750492449113592
14456,4,0,0.10846181427034779
14457,3,0,0.7204419889502762
14458,5,0,0.10624706434945984
14459,1,1,0.2579210672595887
14460,2,0,0.1051693404634581
14461,1,0,0.09750492449113592
14462,5,0,0.10624706434945984
14463,3,0,0.1743920972644377
14464,5,0,0.10624706434945984
14465,1,0,0.4164420485175202
14466,5,0,0.10624706434945984
14467,4,0,0.10846181427034779
14468,3,0,0.538961038961039
14469,2,1,0.6916956737941323
14470,4,0,0.10846181427034779
14471,2,0,0.6916956737941323
14472,3,0,0.27732558139534885
14473,1,0,0.09750492449113592
14474,5,0,0.17265193370165746
14475,4,0,0.10846181427034779
14476,2,1,0.1051693404634581
14477,2,0,0.1051693404634581
14478,1,1,0.09750492449113592
14479,2,0,0.17620376831821355
14480,4,1,0.2782089552238806
14481,4,0,0.7197309417040358
14482,2,0,0.1051693404634581
14483,5,0,0.17265193370165746
14484,2,1,0.1051693404634581
14485,4,0,0.10846181427034779
14486,5,0,0.22580645161290322
14487,1,1,0.1750291715285881
14488,2,0,0.1051693404634581
14489,3,0,0.7204419889502762
14490,1,0,0.09750492449113592
14491,1,0,0.09750492449113592
14492,2,0,0.27938671209540034
14493,2,0,0.1051693404634581
14494,4,0,0.10846181427034779
14495,2,0,0.5244444444444445
14496,4,0,0.7197309417040358
14497,3,0,0.1743920972644377
14498,2,1,0.6916956737941323
14499,4,0,0.10846181427034779
14500,1,0,0.09750492449113592
14501,5,0,0.10624706434945984
14502,5,1,0.4191852825229961
14503,2,0,0.1051693404634581
14504,1,0,0.1750291715285881
14505,3,0,0.10848338260324286
14506,5,0,0.10624706434945984
14507,1,0,0.2579210672595887
14508,2,0,0.17620376831821355
14509,4,0,0.10846181427034779
14510,2,0,0.1051693404634581
14511,5,0,0.2745320476460579
14512,5,1,0.10624706434945984
14513,3,1,0.10848338260324286
14514,3,1,0.10848338260324286
14515,3,0,0.1743920972644377
14516,5,1,0.10624706434945984
14517,1,0,0.1750291715285881
14518,1,0,0.09750492449113592
14519,1,0,0.09750492449113592
14520,1,0,0.09750492449113592
14521,4,0,0.17377182298010557
14522,3,0,0.10848338260324286
14523,4,1,0.10846181427034779
14524,3,0,0.10848338260324286
14525,2,0,0.1051693404634581
14526,1,0,0.09750492449113592
14527,3,0,0.10848338260324286
14528,3,1,0.1743920972644377
14529,5,0,0.2745320476460579
14530,1,0,0.09750492449113592
14531,4,1,0.7197309417040358
14532,4,1,0.31981981981981983
14533,5,0,0.17265193370165746
14534,5,0,0.10624706434945984
14535,1,0,0.09750492449113592
14536,2,1,0.27938671209540034
14537,3,0,0.3774703557312253
14538,3,0,0.10848338260324286
14539,1,0,0.09750492449113592
14540,2,0,0.1051693404634581
14541,5,0,0.10624706434945984
14542,1,1,0.09750492449113592
14543,3,0,0.10848338260324286
14544,2,0,0.1051693404634581
14545,3,0,0.27732558139534885
14546,3,0,0.10848338260324286
14547,4,0,0.10846181427034779
14548,2,0,0.1051693404634581
14549,5,0,0.10624706434945984
14550,3,0,0.10848338260324286
14551,5,0,0.17265193370165746
14552,3,0,0.10848338260324286
14553,2,0,0.1051693404634581
14554,2,0,0.3167420814479638
14555,2,0,0.6916956737941323
14556,4,0,0.10846181427034779
14557,5,0,0.10624706434945984
14558,3,1,0.7204419889502762
14559,5,0,0.17265193370165746
14560,1,1,0.2624521072796935
14561,1,0,0.7188195991091314
14562,3,1,0.7204419889502762
14563,4,0,0.10846181427034779
14564,1,1,0.2664359861591695
14565,1,0,0.09750492449113592
14566,2,1,0.1051693404634581
14567,4,0,0.2782089552238806
14568,5,0,0.4191852825229961
14569,2,0,0.3931203931203931
14570,4,0,0.10846181427034779
14571,4,0,0.10846181427034779
14572,3,1,0.538961038961039
14573,2,0,0.17620376831821355
14574,2,0,0.1051693404634581
14575,1,1,0.09750492449113592
14576,2,0,0.1051693404634581
14577,5,1,0.6489626556016598
14578,3,0,0.10848338260324286
14579,1,0,0.5276497695852534
14580,4,0,0.7197309417040358
14581,5,0,0.17265193370165746
14582,5,1,0.2850467289719626
14583,1,1,0.2624521072796935
14584,3,0,0.10848338260324286
14585,5,0,0.10624706434945984
14586,3,1,0.27732558139534885
14587,5,0,0.10624706434945984
14588,3,0,0.10848338260324286
14589,1,0,0.09750492449113592
14590,4,0,0.10846181427034779
14591,2,0,0.1051693404634581
14592,3,0,0.10848338260324286
14593,5,0,0.10624706434945984
14594,2,0,0.1051693404634581
14595,5,0,0.2850467289719626
14596,4,1,0.5256124721603563
14597,4,0,0.10846181427034779
14598,1,0,0.09750492449113592
14599,2,0,0.1051693404634581
14600,1,0,0.09750492449113592
14601,2,0,0.1051693404634581
14602,2,0,0.1051693404634581
14603,1,1,0.09750492449113592
14604,1,0,0.1750291715285881
14605,2,0,0.1051693404634581
14606,3,1,0.10848338260324286
14607,3,0,0.1743920972644377
14608,1,0,0.09750492449113592
14609,5,0,0.2850467289719626
14610,3,1,0.10848338260324286
14611,3,0,0.10848338260324286
14612,4,1,0.36443148688046645
14613,3,0,0.3774703557312253
14614,3,1,0.1743920972644377
14615,4,1,0.10846181427034779
14616,4,0,0.10846181427034779
14617,5,0,0.10624706434945984
14618,2,0,0.1051693404634581
14619,2,0,0.1051693404634581
14620,4,0,0.10846181427034779
14621,1,1,0.7188195991091314
14622,1,1,0.7188195991091314
14623,4,1,0.5256124721603563
14624,2,1,0.6916956737941323
14625,2,0,0.1051693404634581
14626,2,0,0.1051693404634581
14627,3,0,0.10848338260324286
14628,4,0,0.31981981981981983
14629,5,0,0.10624706434945984
14630,5,0,0.17265193370165746
14631,4,0,0.2782089552238806
14632,2,1,0.6916956737941323
14633,1,0,0.09750492449113592
14634,3,0,0.10848338260324286
14635,1,1,0.7188195991091314
14636,3,0,0.10848338260324286
14637,1,0,0.09750492449113592
14638,5,0,0.10624706434945984
14639,3,0,0.27732558139534885
14640,5,0,0.10624706434945984
14641,1,0,0.09750492449113592
14642,5,0,0.10624706434945984
14643,2,0,0.17620376831821355
14644,3,0,0.10848338260324286
14645,3,0,0.10848338260324286
14646,2,0,0.1051693404634581
14647,2,1,0.3931203931203931
14648,1,0,0.09750492449113592
14649,5,0,0.5300668151447662
14650,1,0,0.09750492449113592
14651,4,0,0.10846181427034779
14652,4,0,0.10846181427034779
14653,4,1,0.7197309417040358
14654,4,1,0.7197309417040358
14655,3,0,0.1743920972644377
14656,1,0,0.09750492449113592
14657,2,0,0.27938671209540034
14658,1,0,0.7188195991091314
14659,3,0,0.10848338260324286
14660,4,0,0.36443148688046645
14661,2,0,0.27938671209540034
14662,5,0,0.10624706434945984
14663,5,0,0.2745320476460579
14664,4,0,0.17377182298010557
14665,2,0,0.1051693404634581
14666,4,0,0.2782089552238806
14667,1,1,0.09750492449113592
14668,4,1,0.2782089552238806
14669,1,0,0.09750492449113592
14670,1,0,0.09750492449113592
14671,4,1,0.2782089552238806
14672,1,0,0.1750291715285881
14673,5,0,0.10624706434945984
14674,5,0,0.17265193370165746
14675,3,0,0.10848338260324286
14676,3,0,0.10848338260324286
14677,4,0,0.2782089552238806
14678,5,1,0.10624706434945984
14679,1,0,0.09750492449113592
14680,1,0,0.09750492449113592
14681,2,0,0.17620376831821355
14682,1,0,0.09750492449113592
14683,5,0,0.10624706434945984
14684,3,0,0.10848338260324286
14685,3,1,0.1743920972644377
14686,5,0,0.2745320476460579
14687,2,1,0.27938671209540034
14688,5,1,0.5300668151447662
14689,4,0,0.10846181427034779
14690,4,0,0.10846181427034779
14691,2,0,0.17620376831821355
14692,5,0,0.10624706434945984
14693,2,0,0.1051693404634581
14694,1,0,0.09750492449113592
14695,4,1,0.10846181427034779
14696,1,1,0.5276497695852534
14697,2,0,0.1051693404634581
14698,3,1,0.1743920972644377
14699,5,1,0.10624706434945984
14700,4,0,0.17377182298010557
14701,5,0,0.6489626556016598
14702,1,0,0.1750291715285881
14703,5,0,0.10624706434945984
14704,3,0,0.10848338260324286
14705,1,1,0.7188195991091314
14706,5,0,0.10624706434945984
14707,1,0,0.09750492449113592
14708,3,0,0.10848338260324286
14709,4,0,0.10846181427034779
14710,1,0,0.09750492449113592
14711,1,0,0.1750291715285881
14712,5,0,0.2745320476460579
14713,3,0,0.3722943722943723
14714,5,1,0.7639751552795031
14715,5,0,0.10624706434945984
14716,4,0,0.10846181427034779
14717,4,0,0.10846181427034779
14718,2,0,0.1051693404634581
14719,4,0,0.10846181427034779
14720,3,0,0.10848338260324286
14721,2,0,0.1051693404634581
14722,5,1,0.7639751552795031
14723,3,0,0.3774703557312253
14724,2,0,0.1051693404634581
14725,1,1,0.2579210672595887
14726,1,0,0.09750492449113592
14727,4,0,0.10846181427034779
14728,2,1,0.3931203931203931
14729,4,1,0.10846181427034779
14730,5,0,0.10624706434945984
14731,3,0,0.10848338260324286
14732,3,0,0.10848338260324286
14733,2,1,0.1051693404634581
14734,5,0,0.17265193370165746
14735,2,1,0.6916956737941323
14736,2,1,0.17620376831821355
14737,4,0,0.10846181427034779
14738,2,0,0.1051693404634581
14739,4,0,0.10846181427034779
14740,1,0,0.2579210672595887
14741,2,0,0.1051693404634581
14742,3,0,0.1743920972644377
14743,2,0,0.1051693404634581
14744,5,0,0.10624706434945984
14745,2,1,0.6916956737941323
14746,5,0,0.10624706434945984
14747,1,0,0.09750492449113592
14748,5,0,0.10624706434945984
14749,3,0,0.10848338260324286
14750,3,1,0.10848338260324286
14751,3,0,0.538961038961039
14752,5,1,0.7639751552795031
14753,5,1,0.10624706434945984
14754,2,0,0.1051693404634581
14755,1,0,0.09750492449113592
14756,3,0,0.10848338260324286
14757,3,1,0.3774703557312253
14758,4,0,0.17377182298010557
14759,2,0,0.1051693404634581
14760,4,0,0.10846181427034779
14761,4,0,0.10846181427034779
14762,3,0,0.10848338260324286
14763,3,0,0.10848338260324286
14764,5,0,0.10624706434945984
14765,1,0,0.1750291715285881
14766,1,0,0.1750291715285881
14767,3,0,0.1743920972644377
14768,5,0,0.2745320476460579
14769,3,0,0.1743920972644377
14770,5,0,0.2745320476460579
14771,2,1,0.27938671209540034
14772,5,1,0.2745320476460579
14773,4,0,0.10846181427034779
14774,5,0,0.10624706434945984
14775,5,0,0.22580645161290322
14776,2,0,0.1051693404634581
14777,4,0,0.10846181427034779
14778,2,0,0.1051693404634581
14779,5,0,0.10624706434945984
14780,4,0,0.10846181427034779
14781,1,0,0.09750492449113592
14782,1,0,0.09750492449113592
14783,3,0,0.10848338260324286
14784,5,1,0.10624706434945984
14785,4,1,0.7197309417040358
14786,1,1,0.7188195991091314
14787,1,0,0.09750492449113592
14788,5,1,0.7639751552795031
14789,5,0,0.10624706434945984
14790,2,0,0.17620376831821355
14791,2,0,0.17620376831821355
14792,5,0,0.10624706434945984
14793,1,0,0.09750492449113592
14794,4,0,0.10846181427034779
14795,3,0,0.10848338260324286
14796,1,1,0.09750492449113592
14797,2,0,0.17620376831821355
14798,4,1,0.10846181427034779
14799,1,0,0.1750291715285881
14800,1,0,0.4164420485175202
14801,3,0,0.10848338260324286
14802,3,1,0.10848338260324286
14803,2,0,0.1051693404634581
14804,5,0,0.10624706434945984
14805,1,0,0.09750492449113592
14806,4,0,0.10846181427034779
14807,4,0,0.10846181427034779
14808,3,0,0.1743920972644377
14809,1,0,0.09750492449113592
14810,2,0,0.1051693404634581
14811,2,0,0.1051693404634581
14812,2,1,0.17620376831821355
14813,3,0,0.10848338260324286
14814,3,0,0.27732558139534885
14815,5,0,0.10624706434945984
14816,4,0,0.10846181427034779
14817,2,0,0.1051693404634581
14818,2,0,0.1051693404634581
14819,4,0,0.10846181427034779
14820,3,0,0.10848338260324286
14821,3,0,0.10848338260324286
14822,1,1,0.2624521072796935
14823,5,0,0.10624706434945984
14824,1,1,0.09750492449113592
14825,2,0,0.1051693404634581
14826,4,1,0.10846181427034779
14827,5,0,0.10624706434945984
14828,5,0,0.10624706434945984
14829,1,0,0.09750492449113592
14830,3,0,0.10848338260324286
14831,1,1,0.09750492449113592
14832,2,1,0.17620376831821355
14833,1,0,0.09750492449113592
14834,1,0,0.09750492449113592
14835,3,0,0.10848338260324286
14836,3,0,0.10848338260324286
14837,2,0,0.1051693404634581
14838,3,0,0.10848338260324286
14839,1,0,0.09750492449113592
14840,2,1,0.6916956737941323
14841,1,0,0.09750492449113592
14842,1,0,0.09750492449113592
14843,5,0,0.17265193370165746
14844,5,0,0.4191852825229961
14845,2,1,0.1051693404634581
14846,5,0,0.6489626556016598
14847,2,1,0.5244444444444445
14848,4,0,0.10846181427034779
14849,1,0,0.7188195991091314
14850,1,1,0.2624521072796935
14851,4,0,0.53
14852,2,0,0.27938671209540034
14853,3,0,0.10848338260324286
14854,5,0,0.4191852825229961
14855,1,1,0.7188195991091314
14856,2,1,0.6916956737941323
14857,4,0,0.10846181427034779
14858,1,0,0.09750492449113592
14859,5,0,0.10624706434945984
14860,4,0,0.10846181427034779
14861,1,0,0.09750492449113592
14862,4,0,0.10846181427034779
14863,2,0,0.1051693404634581
14864,3,1,0.10848338260324286
14865,5,0,0.10624706434945984
14866,3,0,0.10848338260324286
14867,5,0,0.10624706434945984
14868,2,1,0.6916956737941323
14869,1,0,0.2624521072796935
14870,3,1,0.1743920972644377
14871,2,0,0.1051693404634581
14872,5,1,0.10624706434945984
14873,2,0,0.17620376831821355
14874,1,0,0.2624521072796935
14875,1,0,0.09750492449113592
14876,3,0,0.1743920972644377
14877,2,0,0.27938671209540034
14878,2,0,0.1051693404634581
14879,3,0,0.10848338260324286
14880,4,1,0.7197309417040358
14881,1,0,0.2579210672595887
14882,2,0,0.1051693404634581
14883,2,0,0.1051693404634581
14884,1,0,0.09750492449113592
14885,1,0,0.1750291715285881
14886,4,0,0.10846181427034779
14887,4,0,0.10846181427034779
14888,5,0,0.10624706434945984
14889,5,0,0.10624706434945984
14890,2,0,0.1051693404634581
14891,1,1,0.7188195991091314
14892,5,0,0.10624706434945984
14893,1,0,0.09750492449113592
14894,2,1,0.1051693404634581
14895,4,0,0.10846181427034779
14896,4,0,0.10846181427034779
14897,1,0,0.1750291715285881
14898,3,0,0.7204419889502762
14899,3,0,0.10848338260324286
14900,3,0,0.3774703557312253
14901,3,1,0.7204419889502762
14902,5,0,0.10624706434945984
14903,4,1,0.10846181427034779
14904,5,0,0.17265193370165746
14905,4,0,0.10846181427034779
14906,5,1,0.6489626556016598
14907,1,0,0.09750492449113592
14908,2,0,0.1051693404634581
14909,2,0,0.1051693404634581
14910,4,0,0.10846181427034779
14911,5,0,0.10624706434945984
14912,3,0,0.10848338260324286
14913,2,0,0.27938671209540034
14914,1,0,0.1750291715285881
14915,5,0,0.17265193370165746
14916,1,0,0.1750291715285881
14917,3,0,0.10848338260324286
14918,2,0,0.27938671209540034
14919,2,0,0.1051693404634581
14920,5,0,0.10624706434945984
14921,3,0,0.10848338260324286
14922,5,0,0.10624706434945984
14923,4,0,0.10846181427034779
14924,4,0,0.36443148688046645
14925,1,0,0.4164420485175202
14926,5,0,0.17265193370165746
14927,3,0,0.27732558139534885
14928,2,0,0.27938671209540034
14929,3,0,0.10848338260324286
14930,2,0,0.17620376831821355
14931,4,0,0.10846181427034779
14932,1,0,0.09750492449113592
14933,2,1,0.27938671209540034
14934,2,1,0.5244444444444445
14935,1,0,0.1750291715285881
14936,1,0,0.09750492449113592
14937,4,0,0.2782089552238806
14938,4,0,0.17377182298010557
14939,1,0,0.09750492449113592
14940,4,0,0.36443148688046645
14941,1,0,0.09750492449113592
14942,1,0,0.2579210672595887
14943,1,0,0.1750291715285881
14944,4,0,0.10846181427034779
14945,2,0,0.1051693404634581
14946,4,0,0.17377182298010557
14947,3,1,0.1743920972644377
14948,2,0,0.1051693404634581
14949,1,0,0.4164420485175202
14950,4,0,0.10846181427034779
14951,4,0,0.10846181427034779
14952,4,0,0.10846181427034779
14953,5,0,0.4191852825229961
14954,5,0,0.10624706434945984
14955,5,0,0.10624706434945984
14956,2,0,0.1051693404634581
14957,5,0,0.10624706434945984
14958,2,0,0.1051693404634581
14959,3,0,0.10848338260324286
14960,1,1,0.4164420485175202
14961,4,0,0.10846181427034779
14962,1,0,0.1750291715285881
14963,4,1,0.10846181427034779
14964,1,1,0.2624521072796935
14965,2,0,0.1051693404634581
14966,5,0,0.10624706434945984
14967,3,0,0.10848338260324286
14968,2,0,0.1051693404634581
14969,1,0,0.09750492449113592
14970,2,0,0.1051693404634581
14971,4,0,0.10846181427034779
14972,1,0,0.2579210672595887
14973,3,0,0.10848338260324286
14974,5,0,0.17265193370165746
14975,4,0,0.2782089552238806
14976,5,0,0.10624706434945984
14977,2,1,0.6916956737941323
14978,5,1,0.10624706434945984
14979,2,0,0.1051693404634581
14980,4,0,0.36443148688046645
14981,5,0,0.10624706434945984
14982,2,1,0.1051693404634581
14983,3,0,0.10848338260324286
14984,1,1,0.1750291715285881
14985,4,1,0.2782089552238806
14986,2,0,0.2131979695431472
14987,1,1,0.5276497695852534
14988,2,0,0.1051693404634581
14989,3,1,0.10848338260324286
14990,3,1,0.27732558139534885
14991,3,0,0.27732558139534885
14992,3,0,0.10848338260324286
14993,1,1,0.09750492449113592
14994,2,0,0.27938671209540034
14995,2,0,0.1051693404634581
14996,5,0,0.6489626556016598
14997,5,0,0.4191852825229961
14998,1,0,0.09750492449113592
14999,5,0,0.10624706434945984
15000,5,0,0.10624706434945984
15001,4,0,0.10846181427034779
15002,5,0,0.6489626556016598
15003,1,1,0.2579210672595887
15004,4,0,0.10846181427034779
15005,3,0,0.10848338260324286
15006,2,1,0.17620376831821355
15007,5,0,0.2850467289719626
15008,4,0,0.10846181427034779
15009,1,0,0.2624521072796935
15010,2,0,0.1051693404634581
15011,4,0,0.10846181427034779
15012,1,0,0.1750291715285881
15013,5,0,0.10624706434945984
15014,1,0,0.09750492449113592
15015,2,0,0.1051693404634581
15016,4,0,0.10846181427034779
15017,2,0,0.17620376831821355
15018,4,0,0.10846181427034779
15019,3,0,0.1743920972644377
15020,5,0,0.10624706434945984
15021,3,1,0.4647058823529412
15022,2,0,0.5244444444444445
15023,5,0,0.10624706434945984
15024,3,0,0.1743920972644377
15025,3,1,0.10848338260324286
15026,3,0,0.10848338260324286
15027,4,1,0.10846181427034779
15028,1,0,0.09750492449113592
15029,4,0,0.10846181427034779
15030,1,0,0.7188195991091314
15031,4,0,0.10846181427034779
15032,1,0,0.1750291715285881
15033,5,1,0.17265193370165746
15034,4,0,0.10846181427034779
15035,4,0,0.17377182298010557
15036,1,1,0.7188195991091314
15037,1,0,0.1750291715285881
15038,1,0,0.09750492449113592
15039,1,0,0.2579210672595887
15040,3,1,0.7204419889502762
15041,4,0,0.10846181427034779
15042,3,0,0.1743920972644377
15043,1,0,0.1750291715285881
15044,5,1,0.17265193370165746
15045,4,0,0.10846181427034779
15046,5,0,0.10624706434945984
15047,4,0,0.10846181427034779
15048,1,0,0.5276497695852534
15049,1,0,0.09750492449113592
15050,3,0,0.10848338260324286
15051,4,0,0.10846181427034779
15052,2,0,0.1051693404634581
15053,5,0,0.2745320476460579
15054,4,1,0.2782089552238806
15055,1,0,0.1750291715285881
15056,1,0,0.09750492449113592
15057,2,0,0.1051693404634581
15058,5,0,0.17265193370165746
15059,2,1,0.17620376831821355
15060,3,0,0.10848338260324286
15061,1,0,0.7188195991091314
15062,3,1,0.538961038961039
15063,4,1,0.7197309417040358
15064,2,0,0.1051693404634581
15065,5,1,0.10624706434945984
15066,1,0,0.09750492449113592
15067,4,0,0.10846181427034779
15068,3,0,0.10848338260324286
15069,2,0,0.1051693404634581
15070,4,1,0.31981981981981983
15071,2,0,0.6916956737941323
15072,1,0,0.1750291715285881
15073,2,0,0.1051693404634581
15074,5,0,0.17265193370165746
15075,1,0,0.09750492449113592
15076,5,1,0.2745320476460579
15077,2,0,0.17620376831821355
15078,1,0,0.7188195991091314
15079,4,0,0.10846181427034779
15080,1,0,0.09750492449113592
15081,2,0,0.1051693404634581
15082,4,0,0.10846181427034779
15083,4,0,0.10846181427034779
15084,5,1,0.2745320476460579
15085,4,0,0.10846181427034779
15086,4,0,0.17377182298010557
15087,2,1,0.6916956737941323
15088,3,1,0.7204419889502762
15089,4,0,0.10846181427034779
15090,2,1,0.1051693404634581
15091,3,1,0.7204419889502762
15092,3,0,0.10848338260324286
15093,2,0,0.1051693404634581
15094,2,0,0.27938671209540034
15095,2,0,0.1051693404634581
15096,1,1,0.7188195991091314
15097,5,0,0.10624706434945984
15098,1,0,0.09750492449113592
15099,2,0,0.1051693404634581
15100,5,0,0.17265193370165746
15101,1,0,0.09750492449113592
15102,2,0,0.17620376831821355
15103,1,0,0.09750492449113592
15104,5,0,0.10624706434945984
15105,4,0,0.17377182298010557
15106,1,1,0.2579210672595887
15107,4,1,0.10846181427034779
15108,1,1,0.09750492449113592
15109,2,0,0.27938671209540034
15110,4,0,0.10846181427034779
15111,5,1,0.10624706434945984
15112,4,1,0.7197309417040358
15113,1,1,0.7188195991091314
15114,3,0,0.10848338260324286
15115,2,0,0.27938671209540034
15116,5,0,0.17265193370165746
15117,4,0,0.10846181427034779
15118,3,0,0.538961038961039
15119,4,0,0.17377182298010557
15120,1,1,0.7188195991091314
15121,2,0,0.5244444444444445
15122,4,0,0.36443148688046645
15123,5,0,0.10624706434945984
15124,3,0,0.3774703557312253
15125,4,0,0.10846181427034779
15126,1,0,0.09750492449113592
15127,1,0,0.1750291715285881
15128,5,0,0.10624706434945984
15129,1,0,0.09750492449113592
15130,4,0,0.10846181427034779
15131,5,0,0.10624706434945984
15132,1,0,0.09750492449113592
15133,2,1,0.6916956737941323
15134,2,0,0.1051693404634581
15135,4,0,0.10846181427034779
15136,1,0,0.2624521072796935
15137,3,0,0.10848338260324286
15138,1,0,0.7188195991091314
15139,3,0,0.27732558139534885
15140,5,0,0.10624706434945984
15141,5,0,0.10624706434945984
15142,5,1,0.2745320476460579
15143,3,0,0.1743920972644377
15144,5,0,0.2745320476460579
15145,4,0,0.10846181427034779
15146,1,0,0.09750492449113592
15147,4,0,0.17377182298010557
15148,1,0,0.09750492449113592
15149,1,1,0.4164420485175202
15150,3,0,0.1743920972644377
15151,5,0,0.10624706434945984
15152,5,0,0.17265193370165746
15153,4,0,0.31981981981981983
15154,2,1,0.6916956737941323
15155,1,0,0.1750291715285881
15156,4,0,0.10846181427034779
15157,3,0,0.1743920972644377
15158,3,0,0.10848338260324286
15159,5,0,0.4191852825229961
15160,5,1,0.7639751552795031
15161,3,0,0.10848338260324286
15162,2,1,0.27938671209540034
15163,1,1,0.5128205128205128
15164,1,0,0.1750291715285881
15165,5,0,0.10624706434945984
15166,1,0,0.09750492449113592
15167,2,0,0.1051693404634581
15168,3,0,0.10848338260324286
15169,4,0,0.31981981981981983
15170,4,0,0.10846181427034779
15171,1,0,0.09750492449113592
15172,2,0,0.1051693404634581
15173,4,1,0.36443148688046645
15174,2,0,0.1051693404634581
15175,2,0,0.1051693404634581
15176,1,0,0.1750291715285881
15177,1,0,0.5276497695852534
15178,2,0,0.17620376831821355
15179,2,0,0.1051693404634581
15180,2,0,0.1051693404634581
15181,2,0,0.1051693404634581
15182,2,0,0.17620376831821355
15183,4,0,0.10846181427034779
15184,5,0,0.2745320476460579
15185,3,0,0.10848338260324286
15186,3,0,0.10848338260324286
15187,4,0,0.10846181427034779
15188,4,1,0.7197309417040358
15189,3,0,0.10848338260324286
15190,5,0,0.2745320476460579
15191,1,1,0.5276497695852534
15192,1,0,0.1750291715285881
15193,4,0,0.31981981981981983
15194,3,0,0.10848338260324286
15195,5,0,0.17265193370165746
15196,2,0,0.1051693404634581
15197,1,0,0.2579210672595887
15198,5,1,0.2745320476460579
15199,4,1,0.7197309417040358
15200,3,0,0.10848338260324286
15201,3,1,0.1743920972644377
15202,4,0,0.17377182298010557
15203,3,0,0.10848338260324286
15204,1,1,0.7188195991091314
15205,3,1,0.10848338260324286
15206,3,1,0.7204419889502762
15207,3,0,0.10848338260324286
15208,3,0,0.10848338260324286
15209,1,0,0.09750492449113592
15210,1,0,0.1750291715285881
15211,3,1,0.10848338260324286
15212,1,1,0.2579210672595887
15213,5,0,0.5300668151447662
15214,3,0,0.4647058823529412
15215,2,0,0.1051693404634581
15216,3,0,0.1743920972644377
15217,3,0,0.10848338260324286
15218,1,1,0.09750492449113592
15219,2,0,0.1051693404634581
15220,4,1,0.10846181427034779
15221,2,0,0.27938671209540034
15222,2,1,0.1051693404634581
15223,2,0,0.27938671209540034
15224,4,1,0.36443148688046645
15225,4,0,0.10846181427034779
15226,5,1,0.4191852825229961
15227,4,0,0.10846181427034779
15228,2,0,0.6916956737941323
15229,1,0,0.1750291715285881
15230,1,1,0.7188195991091314
15231,1,0,0.1750291715285881
15232,4,1,0.36443148688046645
15233,5,0,0.2745320476460579
15234,1,0,0.09750492449113592
15235,4,0,0.10846181427034779
15236,5,0,0.10624706434945984
15237,2,1,0.1051693404634581
15238,4,0,0.10846181427034779
15239,2,1,0.3931203931203931
15240,4,0,0.10846181427034779
15241,4,0,0.7197309417040358
15242,3,0,0.10848338260324286
15243,3,0,0.10848338260324286
15244,2,0,0.17620376831821355
15245,3,0,0.10848338260324286
15246,4,0,0.10846181427034779
15247,3,1,0.7204419889502762
15248,3,1,0.10848338260324286
15249,2,0,0.1051693404634581
15250,3,0,0.10848338260324286
15251,5,0,0.10624706434945984
15252,4,0,0.17377182298010557
15253,5,0,0.10624706434945984
15254,1,0,0.09750492449113592
15255,4,1,0.17377182298010557
15256,4,0,0.2782089552238806
15257,5,1,0.10624706434945984
15258,4,1,0.10846181427034779
15259,5,0,0.10624706434945984
15260,3,0,0.27732558139534885
15261,3,0,0.10848338260324286
15262,2,1,0.3931203931203931
15263,3,0,0.1743920972644377
15264,1,0,0.09750492449113592
15265,5,0,0.17265193370165746
15266,5,0,0.2745320476460579
15267,5,1,0.10624706434945984
15268,1,0,0.09750492449113592
15269,4,0,0.2782089552238806
15270,3,0,0.3774703557312253
15271,4,1,0.2782089552238806
15272,5,0,0.10624706434945984
15273,4,1,0.5256124721603563
15274,4,1,0.17377182298010557
15275,1,0,0.1750291715285881
15276,2,0,0.1051693404634581
15277,3,0,0.10848338260324286
15278,5,0,0.17265193370165746
15279,3,0,0.1743920972644377
15280,5,0,0.10624706434945984
15281,2,0,0.1051693404634581
15282,2,0,0.1051693404634581
15283,4,0,0.10846181427034779
15284,1,0,0.09750492449113592
15285,2,0,0.1051693404634581
15286,5,0,0.10624706434945984
15287,3,1,0.7204419889502762
15288,4,0,0.10846181427034779
15289,1,0,0.2579210672595887
15290,5,0,0.17265193370165746
15291,1,0,0.09750492449113592
15292,1,1,0.2579210672595887
15293,2,0,0.1051693404634581
15294,4,0,0.10846181427034779
15295,3,0,0.10848338260324286
15296,2,1,0.17620376831821355
15297,5,1,0.7639751552795031
15298,1,1,0.09750492449113592
15299,3,0,0.10848338260324286
15300,2,1,0.3931203931203931
15301,2,0,0.1051693404634581
15302,2,0,0.27938671209540034
15303,3,0,0.10848338260324286
15304,5,0,0.10624706434945984
15305,3,0,0.7204419889502762
15306,2,0,0.1051693404634581
15307,4,0,0.10846181427034779
15308,1,0,0.09750492449113592
15309,3,1,0.7204419889502762
15310,5,0,0.10624706434945984
15311,4,1,0.10846181427034779
15312,3,0,0.10848338260324286
15313,4,0,0.7197309417040358
15314,4,0,0.31981981981981983
15315,3,0,0.7204419889502762
15316,2,1,0.17620376831821355
15317,3,0,0.538961038961039
15318,4,0,0.17377182298010557
15319,1,0,0.5276497695852534
15320,4,0,0.17377182298010557
15321,5,0,0.10624706434945984
15322,4,0,0.10846181427034779
15323,1,0,0.09750492449113592
15324,4,0,0.2782089552238806
15325,1,0,0.1750291715285881
15326,5,1,0.7639751552795031
15327,1,0,0.2579210672595887
15328,3,0,0.27732558139534885
15329,2,0,0.3167420814479638
15330,5,1,0.10624706434945984
15331,2,0,0.1051693404634581
15332,4,0,0.10846181427034779
15333,4,0,0.17377182298010557
15334,3,1,0.10848338260324286
15335,2,0,0.1051693404634581
15336,3,0,0.3774703557312253
15337,5,0,0.10624706434945984
15338,2,0,0.1051693404634581
15339,1,0,0.09750492449113592
15340,3,0,0.1743920972644377
15341,3,1,0.10848338260324286
15342,2,0,0.1051693404634581
15343,3,1,0.3774703557312253
15344,5,0,0.10624706434945984
15345,1,1,0.7188195991091314
15346,2,0,0.1051693404634581
15347,1,0,0.2579210672595887
15348,1,0,0.09750492449113592
15349,1,1,0.1750291715285881
15350,4,0,0.10846181427034779
15351,1,0,0.09750492449113592
15352,5,1,0.6489626556016598
15353,4,0,0.10846181427034779
15354,3,0,0.1743920972644377
15355,2,0,0.17620376831821355
15356,4,0,0.10846181427034779
15357,1,1,0.7188195991091314
15358,4,0,0.17377182298010557
15359,1,0,0.09750492449113592
15360,5,0,0.10624706434945984
15361,4,0,0.10846181427034779
15362,1,0,0.2664359861591695
15363,4,0,0.10846181427034779
15364,3,0,0.1743920972644377
15365,2,1,0.6916956737941323
15366,4,0,0.17377182298010557
15367,3,0,0.1743920972644377
15368,2,0,0.1051693404634581
15369,2,0,0.1051693404634581
15370,3,1,0.10848338260324286
15371,4,0,0.17377182298010557
15372,2,0,0.1051693404634581
15373,5,0,0.10624706434945984
15374,4,0,0.10846181427034779
15375,3,0,0.7204419889502762
15376,4,1,0.10846181427034779
15377,4,0,0.10846181427034779
15378,1,0,0.1750291715285881
15379,1,1,0.2579210672595887
15380,5,0,0.10624706434945984
15381,5,0,0.10624706434945984
15382,3,0,0.10848338260324286
15383,1,1,0.1750291715285881
15384,4,0,0.5256124721603563
15385,1,1,0.1750291715285881
15386,3,0,0.27732558139534885
15387,1,0,0.09750492449113592
15388,1,1,0.2579210672595887
15389,2,0,0.1051693404634581
15390,1,0,0.4164420485175202
15391,3,0,0.10848338260324286
15392,4,0,0.10846181427034779
15393,4,0,0.36443148688046645
15394,5,0,0.10624706434945984
15395,1,1,0.7188195991091314
15396,1,0,0.1750291715285881
15397,2,0,0.1051693404634581
15398,2,0,0.1051693404634581
15399,5,1,0.6489626556016598
15400,5,1,0.6489626556016598
15401,1,1,0.09750492449113592
15402,5,1,0.17265193370165746
15403,3,1,0.3774703557312253
15404,1,1,0.2579210672595887
15405,3,0,0.10848338260324286
15406,3,0,0.27732558139534885
15407,4,0,0.10846181427034779
15408,3,0,0.10848338260324286
15409,5,0,0.10624706434945984
15410,4,0,0.7197309417040358
15411,1,0,0.09750492449113592
15412,2,0,0.17620376831821355
15413,3,0,0.538961038961039
15414,3,0,0.10848338260324286
15415,5,0,0.10624706434945984
15416,3,0,0.10848338260324286
15417,4,0,0.10846181427034779
15418,5,0,0.10624706434945984
15419,4,0,0.10846181427034779
15420,5,0,0.10624706434945984
15421,4,0,0.10846181427034779
15422,4,0,0.2782089552238806
15423,4,0,0.10846181427034779
15424,4,0,0.10846181427034779
15425,4,1,0.2782089552238806
15426,4,0,0.2782089552238806
15427,5,1,0.5300668151447662
15428,5,0,0.10624706434945984
15429,5,0,0.10624706434945984
15430,3,0,0.4647058823529412
15431,5,1,0.10624706434945984
15432,4,0,0.10846181427034779
15433,2,0,0.1051693404634581
15434,4,0,0.10846181427034779
15435,2,0,0.1051693404634581
15436,1,0,0.1750291715285881
15437,5,0,0.10624706434945984
15438,3,1,0.10848338260324286
15439,2,0,0.17620376831821355
15440,5,0,0.10624706434945984
15441,2,0,0.17620376831821355
15442,1,1,0.09750492449113592
15443,4,0,0.10846181427034779
15444,1,0,0.1750291715285881
15445,2,0,0.1051693404634581
15446,4,0,0.10846181427034779
15447,4,0,0.2782089552238806
15448,1,0,0.09750492449113592
15449,1,0,0.2624521072796935
15450,5,1,0.10624706434945984
15451,2,0,0.2131979695431472
15452,2,1,0.6916956737941323
15453,4,0,0.31981981981981983
15454,4,0,0.10846181427034779
15455,2,0,0.17620376831821355
15456,1,0,0.09750492449113592
15457,2,0,0.3167420814479638
15458,3,1,0.7204419889502762
15459,3,0,0.27732558139534885
15460,1,1,0.7188195991091314
15461,3,0,0.27732558139534885
15462,4,1,0.5256124721603563
15463,2,0,0.17620376831821355
15464,5,0,0.10624706434945984
15465,2,0,0.27938671209540034
15466,5,0,0.10624706434945984
15467,3,0,0.10848338260324286
15468,3,0,0.10848338260324286
15469,2,0,0.1051693404634581
15470,4,0,0.10846181427034779
15471,5,0,0.10624706434945984
15472,2,0,0.1051693404634581
15473,3,0,0.1743920972644377
15474,3,0,0.27732558139534885
15475,5,0,0.6489626556016598
15476,4,0,0.2782089552238806
15477,3,1,0.10848338260324286
15478,4,0,0.17377182298010557
15479,3,0,0.10848338260324286
15480,2,1,0.5244444444444445
15481,5,0,0.10624706434945984
15482,3,1,0.27732558139534885
15483,3,0,0.10848338260324286
15484,2,0,0.1051693404634581
15485,1,0,0.7188195991091314
15486,5,0,0.10624706434945984
15487,2,0,0.1051693404634581
15488,2,0,0.3167420814479638
15489,2,0,0.17620376831821355
15490,4,0,0.10846181427034779
15491,1,0,0.09750492449113592
15492,5,0,0.10624706434945984
15493,3,0,0.10848338260324286
15494,2,0,0.1051693404634581
15495,2,0,0.1051693404634581
15496,2,0,0.17620376831821355
15497,5,0,0.17265193370165746
15498,1,0,0.09750492449113592
15499,4,0,0.17377182298010557
15500,5,0,0.17265193370165746
15501,2,0,0.1051693404634581
15502,3,0,0.27732558139534885
15503,2,0,0.1051693404634581
15504,4,0,0.10846181427034779
15505,1,0,0.09750492449113592
15506,1,0,0.1750291715285881
15507,5,0,0.10624706434945984
15508,1,0,0.09750492449113592
15509,4,0,0.17377182298010557
15510,3,1,0.7204419889502762
15511,2,0,0.17620376831821355
15512,4,0,0.17377182298010557
15513,3,0,0.1743920972644377
15514,5,0,0.10624706434945984
15515,5,0,0.10624706434945984
15516,4,0,0.17377182298010557
15517,2,0,0.1051693404634581
15518,2,1,0.5244444444444445
15519,3,0,0.10848338260324286
15520,1,0,0.09750492449113592
15521,4,0,0.10846181427034779
15522,4,0,0.10846181427034779
15523,1,0,0.2579210672595887
15524,2,1,0.3931203931203931
15525,5,0,0.17265193370165746
15526,5,0,0.17265193370165746
15527,2,1,0.17620376831821355
15528,2,0,0.1051693404634581
15529,1,0,0.1750291715285881
15530,2,0,0.3931203931203931
15531,3,0,0.10848338260324286
15532,3,0,0.27732558139534885
15533,2,0,0.1051693404634581
15534,2,0,0.1051693404634581
15535,2,0,0.1051693404634581
15536,5,1,0.5300668151447662
15537,3,1,0.10848338260324286
15538,1,0,0.2579210672595887
15539,1,0,0.1750291715285881
15540,2,0,0.1051693404634581
15541,3,0,0.1743920972644377
15542,1,0,0.09750492449113592
15543,1,0,0.7188195991091314
15544,5,0,0.10624706434945984
15545,5,0,0.17265193370165746
15546,2,0,0.1051693404634581
15547,2,1,0.6916956737941323
15548,5,1,0.7639751552795031
15549,2,0,0.1051693404634581
15550,1,0,0.09750492449113592
15551,4,0,0.17377182298010557
15552,4,0,0.10846181427034779
15553,1,0,0.09750492449113592
15554,5,0,0.5300668151447662
15555,1,1,0.2579210672595887
15556,1,0,0.2579210672595887
15557,4,1,0.7197309417040358
15558,4,0,0.10846181427034779
15559,4,1,0.7197309417040358
15560,5,1,0.17265193370165746
15561,5,0,0.10624706434945984
15562,5,0,0.10624706434945984
15563,5,0,0.10624706434945984
15564,4,0,0.10846181427034779
15565,3,0,0.10848338260324286
15566,2,0,0.3931203931203931
15567,4,0,0.17377182298010557
15568,4,0,0.10846181427034779
15569,1,0,0.09750492449113592
15570,3,0,0.10848338260324286
15571,2,0,0.1051693404634581
15572,4,0,0.10846181427034779
15573,3,0,0.10848338260324286
15574,2,0,0.3931203931203931
15575,2,1,0.5244444444444445
15576,2,0,0.27938671209540034
15577,4,0,0.10846181427034779
15578,3,0,0.1743920972644377
15579,4,0,0.17377182298010557
15580,5,0,0.5300668151447662
15581,5,0,0.2745320476460579
15582,2,0,0.27938671209540034
15583,5,1,0.6489626556016598
15584,4,0,0.2782089552238806
15585,5,0,0.10624706434945984
15586,4,0,0.5256124721603563
15587,4,0,0.10846181427034779
15588,4,0,0.17377182298010557
15589,4,0,0.10846181427034779
15590,4,0,0.10846181427034779
15591,5,0,0.10624706434945984
15592,2,0,0.1051693404634581
15593,2,1,0.3167420814479638
15594,2,0,0.17620376831821355
15595,5,0,0.10624706434945984
15596,1,0,0.7188195991091314
15597,2,1,0.1051693404634581
15598,3,0,0.10848338260324286
15599,4,1,0.2782089552238806
15600,1,0,0.7188195991091314
15601,4,0,0.5256124721603563
15602,3,0,0.10848338260324286
15603,1,0,0.1750291715285881
15604,5,1,0.4191852825229961
15605,5,0,0.2745320476460579
15606,3,0,0.1743920972644377
15607,2,0,0.17620376831821355
15608,5,0,0.10624706434945984
15609,5,0,0.10624706434945984
15610,2,0,0.1051693404634581
15611,5,0,0.10624706434945984
15612,3,0,0.1743920972644377
15613,5,0,0.10624706434945984
15614,1,1,0.1750291715285881
15615,3,0,0.1743920972644377
15616,3,0,0.10848338260324286
15617,2,0,0.27938671209540034
15618,1,0,0.09750492449113592
15619,5,1,0.17265193370165746
15620,2,0,0.1051693404634581
15621,2,0,0.17620376831821355
15622,2,0,0.1051693404634581
15623,1,0,0.09750492449113592
15624,5,0,0.2745320476460579
15625,4,0,0.2782089552238806
15626,1,0,0.09750492449113592
15627,2,1,0.6916956737941323
15628,2,1,0.6916956737941323
15629,1,0,0.2579210672595887
15630,1,0,0.09750492449113592
15631,2,0,0.1051693404634581
15632,2,0,0.1051693404634581
15633,5,0,0.10624706434945984
15634,1,0,0.09750492449113592
15635,1,0,0.2579210672595887
15636,1,0,0.2579210672595887
15637,5,0,0.10624706434945984
15638,3,0,0.10848338260324286
15639,4,0,0.10846181427034779
15640,3,0,0.1743920972644377
15641,3,0,0.10848338260324286
15642,1,0,0.1750291715285881
15643,5,0,0.17265193370165746
15644,3,0,0.1743920972644377
15645,5,0,0.17265193370165746
15646,5,0,0.10624706434945984
15647,4,0,0.10846181427034779
15648,1,0,0.2664359861591695
15649,1,0,0.09750492449113592
15650,3,0,0.10848338260324286
15651,1,0,0.09750492449113592
15652,3,1,0.7204419889502762
15653,2,0,0.27938671209540034
15654,2,1,0.6916956737941323
15655,2,0,0.1051693404634581
15656,1,0,0.09750492449113592
15657,3,0,0.1743920972644377
15658,3,0,0.10848338260324286
15659,5,1,0.17265193370165746
15660,5,1,0.6489626556016598
15661,1,0,0.2579210672595887
15662,2,0,0.1051693404634581
15663,1,0,0.1750291715285881
15664,5,1,0.7639751552795031
15665,5,0,0.10624706434945984
15666,1,0,0.4164420485175202
15667,1,0,0.7188195991091314
15668,1,1,0.1750291715285881
15669,4,1,0.17377182298010557
15670,4,0,0.17377182298010557
15671,4,0,0.10846181427034779
15672,5,1,0.6489626556016598
15673,1,0,0.09750492449113592
15674,4,1,0.7197309417040358
15675,2,1,0.6916956737941323
15676,4,1,0.2782089552238806
15677,5,0,0.17265193370165746
15678,3,0,0.10848338260324286
15679,5,1,0.2745320476460579
15680,3,0,0.10848338260324286
15681,4,1,0.17377182298010557
15682,1,0,0.09750492449113592
15683,5,0,0.10624706434945984
15684,3,0,0.10848338260324286
15685,4,0,0.10846181427034779
15686,1,1,0.09750492449113592
15687,1,0,0.2664359861591695
15688,4,0,0.10846181427034779
15689,3,0,0.1743920972644377
15690,1,0,0.09750492449113592
15691,1,0,0.09750492449113592
15692,4,0,0.10846181427034779
15693,4,0,0.10846181427034779
15694,2,0,0.1051693404634581
15695,4,0,0.10846181427034779
15696,5,0,0.10624706434945984
15697,4,0,0.10846181427034779
15698,1,1,0.7188195991091314
15699,3,0,0.27732558139534885
15700,1,1,0.7188195991091314
15701,5,0,0.10624706434945984
15702,5,0,0.2745320476460579
15703,1,1,0.2579210672595887
15704,3,0,0.10848338260324286
15705,4,1,0.31981981981981983
15706,1,0,0.4164420485175202
15707,2,0,0.1051693404634581
15708,5,1,0.10624706434945984
15709,2,0,0.1051693404634581
15710,1,1,0.2579210672595887
15711,4,0,0.10846181427034779
15712,5,0,0.2745320476460579
15713,4,1,0.2782089552238806
15714,1,1,0.2579210672595887
15715,2,0,0.17620376831821355
15716,5,0,0.17265193370165746
15717,1,0,0.2624521072796935
15718,4,0,0.10846181427034779
15719,5,0,0.10624706434945984
15720,1,0,0.09750492449113592
15721,5,0,0.10624706434945984
15722,2,0,0.1051693404634581
15723,2,1,0.1051693404634581
15724,1,0,0.2579210672595887
15725,1,0,0.1750291715285881
15726,5,0,0.10624706434945984
15727,2,1,0.6916956737941323
15728,2,0,0.1051693404634581
15729,5,0,0.6489626556016598
15730,1,1,0.1750291715285881
15731,3,0,0.10848338260324286
15732,5,0,0.17265193370165746
15733,1,1,0.1750291715285881
15734,4,0,0.10846181427034779
15735,5,0,0.10624706434945984
15736,2,1,0.6916956737941323
15737,5,0,0.10624706434945984
15738,5,0,0.17265193370165746
15739,2,1,0.6916956737941323
15740,2,1,0.1051693404634581
15741,4,0,0.10846181427034779
15742,1,0,0.2579210672595887
15743,1,0,0.1750291715285881
15744,2,0,0.1051693404634581
15745,3,0,0.1743920972644377
15746,3,0,0.10848338260324286
15747,5,0,0.17265193370165746
15748,4,0,0.10846181427034779
15749,2,0,0.3931203931203931
15750,5,0,0.10624706434945984
15751,1,1,0.09750492449113592
15752,1,0,0.09750492449113592
15753,4,1,0.10846181427034779
15754,4,0,0.10846181427034779
15755,1,0,0.09750492449113592
15756,1,0,0.09750492449113592
15757,2,0,0.1051693404634581
15758,5,0,0.10624706434945984
15759,1,1,0.2579210672595887
15760,2,0,0.3167420814479638
15761,2,0,0.3167420814479638
15762,5,0,0.10624706434945984
15763,5,0,0.10624706434945984
15764,2,1,0.6916956737941323
15765,3,0,0.10848338260324286
15766,3,0,0.10848338260324286
15767,3,1,0.7204419889502762
15768,2,0,0.1051693404634581
15769,1,0,0.7188195991091314
15770,3,0,0.10848338260324286
15771,1,0,0.09750492449113592
15772,4,0,0.10846181427034779
15773,2,0,0.1051693404634581
15774,5,0,0.10624706434945984
15775,2,0,0.1051693404634581
15776,3,0,0.1743920972644377
15777,3,0,0.27732558139534885
15778,4,0,0.10846181427034779
15779,2,0,0.3931203931203931
15780,2,0,0.27938671209540034
15781,4,0,0.10846181427034779
15782,2,0,0.1051693404634581
15783,1,1,0.7188195991091314
15784,1,0,0.4164420485175202
15785,1,1,0.09750492449113592
15786,3,0,0.1743920972644377
15787,5,0,0.10624706434945984
15788,4,1,0.36443148688046645
15789,1,1,0.7188195991091314
15790,4,0,0.10846181427034779
15791,4,0,0.10846181427034779
15792,5,0,0.17265193370165746
15793,3,1,0.10848338260324286
15794,4,1,0.10846181427034779
15795,1,0,0.09750492449113592
15796,2,0,0.1051693404634581
15797,2,0,0.1051693404634581
15798,5,0,0.10624706434945984
15799,3,0,0.10848338260324286
15800,3,1,0.27732558139534885
15801,4,1,0.36443148688046645
15802,5,0,0.10624706434945984
15803,2,0,0.1051693404634581
15804,4,0,0.10846181427034779
15805,5,1,0.6489626556016598
15806,3,0,0.27732558139534885
15807,5,0,0.17265193370165746
15808,4,0,0.10846181427034779
15809,2,0,0.1051693404634581
15810,2,1,0.6916956737941323
15811,4,0,0.10846181427034779
15812,3,1,0.1743920972644377
15813,5,0,0.10624706434945984
15814,5,0,0.6489626556016598
15815,5,1,0.2745320476460579
15816,3,0,0.10848338260324286
15817,5,0,0.17265193370165746
15818,1,0,0.2579210672595887
15819,4,1,0.10846181427034779
15820,1,0,0.2624521072796935
15821,4,0,0.10846181427034779
15822,2,0,0.6916956737941323
15823,4,1,0.7197309417040358
15824,1,0,0.09750492449113592
15825,5,0,0.10624706434945984
15826,2,0,0.1051693404634581
15827,4,1,0.7197309417040358
15828,5,1,0.10624706434945984
15829,1,0,0.1750291715285881
15830,5,0,0.10624706434945984
15831,4,0,0.10846181427034779
15832,3,0,0.10848338260324286
15833,3,1,0.27732558139534885
15834,3,0,0.10848338260324286
15835,5,0,0.10624706434945984
15836,4,0,0.10846181427034779
15837,4,0,0.10846181427034779
15838,3,0,0.27732558139534885
15839,5,0,0.10624706434945984
15840,5,0,0.4191852825229961
15841,2,0,0.1051693404634581
15842,5,0,0.7639751552795031
15843,4,0,0.17377182298010557
15844,4,0,0.10846181427034779
15845,5,0,0.17265193370165746
15846,2,0,0.1051693404634581
15847,1,0,0.2624521072796935
15848,3,0,0.10848338260324286
15849,1,0,0.1750291715285881
15850,5,0,0.10624706434945984
15851,3,1,0.7204419889502762
15852,3,0,0.538961038961039
15853,5,0,0.10624706434945984
15854,3,0,0.1743920972644377
15855,5,0,0.10624706434945984
15856,3,1,0.10848338260324286
15857,1,1,0.7188195991091314
15858,4,0,0.10846181427034779
15859,2,0,0.1051693404634581
15860,1,0,0.1750291715285881
15861,2,0,0.1051693404634581
15862,1,0,0.1750291715285881
15863,5,1,0.10624706434945984
15864,5,0,0.10624706434945984
15865,1,0,0.2664359861591695
15866,1,1,0.1750291715285881
15867,2,0,0.1051693404634581
15868,3,1,0.10848338260324286
15869,1,0,0.09750492449113592
15870,4,0,0.10846181427034779
15871,1,0,0.09750492449113592
15872,1,0,0.09750492449113592
15873,3,1,0.3774703557312253
15874,1,0,0.09750492449113592
15875,2,0,0.1051693404634581
15876,1,0,0.1750291715285881
15877,1,0,0.09750492449113592
15878,2,0,0.1051693404634581
15879,1,0,0.7188195991091314
15880,4,1,0.2782089552238806
15881,1,0,0.09750492449113592
15882,2,0,0.1051693404634581
15883,5,0,0.10624706434945984
15884,4,0,0.10846181427034779
15885,3,1,0.1743920972644377
15886,1,0,0.1750291715285881
15887,2,0,0.1051693404634581
15888,3,0,0.27732558139534885
15889,4,0,0.10846181427034779
15890,4,1,0.10846181427034779
15891,3,1,0.27732558139534885
15892,2,0,0.1051693404634581
15893,4,0,0.10846181427034779
15894,3,1,0.1743920972644377
15895,5,0,0.10624706434945984
15896,5,0,0.10624706434945984
15897,2,0,0.1051693404634581
15898,5,0,0.4191852825229961
15899,3,1,0.10848338260324286
15900,4,0,0.17377182298010557
15901,5,0,0.6489626556016598
15902,1,0,0.2624521072796935
15903,4,0,0.10846181427034779
15904,3,0,0.10848338260324286
15905,2,0,0.1051693404634581
15906,4,0,0.10846181427034779
15907,5,0,0.10624706434945984
15908,2,0,0.17620376831821355
15909,2,0,0.17620376831821355
15910,3,0,0.10848338260324286
15911,1,0,0.09750492449113592
15912,4,1,0.31981981981981983
15913,4,0,0.10846181427034779
15914,1,0,0.09750492449113592
15915,3,1,0.10848338260324286
15916,1,0,0.2579210672595887
15917,2,0,0.1051693404634581
15918,5,0,0.10624706434945984
15919,2,0,0.1051693404634581
15920,2,0,0.17620376831821355
15921,2,1,0.6916956737941323
15922,2,0,0.27938671209540034
15923,1,1,0.2579210672595887
15924,4,0,0.17377182298010557
15925,5,0,0.10624706434945984
15926,5,1,0.6489626556016598
15927,1,0,0.09750492449113592
15928,4,0,0.10846181427034779
15929,5,0,0.17265193370165746
15930,3,0,0.10848338260324286
15931,1,1,0.09750492449113592
15932,3,0,0.7204419889502762
15933,2,0,0.1051693404634581
15934,4,0,0.17377182298010557
15935,2,1,0.6916956737941323
15936,3,1,0.10848338260324286
15937,2,0,0.1051693404634581
15938,1,1,0.7188195991091314
15939,4,0,0.10846181427034779
15940,3,0,0.538961038961039
15941,4,0,0.10846181427034779
15942,3,0,0.10848338260324286
15943,3,0,0.10848338260324286
15944,4,0,0.17377182298010557
15945,2,0,0.17620376831821355
15946,5,0,0.10624706434945984
15947,5,0,0.2745320476460579
15948,5,0,0.10624706434945984
15949,5,1,0.2745320476460579
15950,3,1,0.7204419889502762
15951,3,0,0.10848338260324286
15952,4,0,0.2782089552238806
15953,1,1,0.1750291715285881
15954,4,0,0.17377182298010557
15955,5,0,0.17265193370165746
15956,1,1,0.09750492449113592
15957,2,0,0.17620376831821355
15958,2,0,0.6916956737941323
15959,5,0,0.2850467289719626
15960,4,0,0.10846181427034779
15961,2,0,0.1051693404634581
15962,5,0,0.10624706434945984
15963,3,1,0.7204419889502762
15964,1,0,0.7188195991091314
15965,1,0,0.1750291715285881
15966,4,0,0.17377182298010557
15967,2,0,0.1051693404634581
15968,1,0,0.7188195991091314
15969,5,0,0.10624706434945984
15970,3,0,0.10848338260324286
15971,3,1,0.7204419889502762
15972,5,0,0.4191852825229961
15973,3,0,0.7204419889502762
15974,1,0,0.1750291715285881
15975,2,0,0.17620376831821355
15976,3,0,0.10848338260324286
15977,1,0,0.1750291715285881
15978,3,0,0.10848338260324286
15979,3,0,0.1743920972644377
15980,5,1,0.10624706434945984
15981,4,0,0.10846181427034779
15982,5,0,0.10624706434945984
15983,4,0,0.36443148688046645
15984,3,1,0.1743920972644377
15985,5,0,0.10624706434945984
15986,4,0,0.10846181427034779
15987,1,0,0.4164420485175202
15988,5,0,0.7639751552795031
15989,4,0,0.17377182298010557
15990,3,0,0.27732558139534885
15991,3,1,0.27732558139534885
15992,4,0,0.10846181427034779
15993,3,0,0.3774703557312253
15994,3,0,0.10848338260324286
15995,1,0,0.09750492449113592
15996,2,0,0.17620376831821355
15997,1,0,0.09750492449113592
15998,4,1,0.7197309417040358
15999,3,1,0.10848338260324286
16000,2,0,0.1051693404634581
16001,5,0,0.2745320476460579
16002,3,0,0.3774703557312253
16003,2,0,0.17620376831821355
16004,2,0,0.1051693404634581
16005,1,0,0.1750291715285881
16006,2,1,0.5244444444444445
16007,1,0,0.2579210672595887
16008,3,1,0.7204419889502762
16009,5,0,0.10624706434945984
16010,2,1,0.6916956737941323
16011,4,1,0.7197309417040358
16012,5,0,0.10624706434945984
16013,4,0,0.10846181427034779
16014,3,0,0.1743920972644377
16015,5,0,0.10624706434945984
16016,2,1,0.1051693404634581
16017,4,0,0.10846181427034779
16018,2,1,0.1051693404634581
16019,3,0,0.10848338260324286
16020,1,0,0.09750492449113592
16021,2,0,0.1051693404634581
16022,4,0,0.17377182298010557
16023,3,0,0.10848338260324286
16024,4,0,0.36443148688046645
16025,2,0,0.1051693404634581
16026,1,0,0.1750291715285881
16027,5,0,0.17265193370165746
16028,2,0,0.1051693404634581
16029,4,1,0.10846181427034779
16030,2,0,0.6916956737941323
16031,3,0,0.10848338260324286
16032,1,0,0.09750492449113592
16033,4,1,0.10846181427034779
16034,5,0,0.17265193370165746
16035,3,1,0.3722943722943723
16036,5,1,0.22580645161290322
16037,4,0,0.10846181427034779
16038,1,0,0.2579210672595887
16039,2,0,0.1051693404634581
16040,5,0,0.10624706434945984
16041,1,0,0.09750492449113592
16042,4,0,0.10846181427034779
16043,3,1,0.1743920972644377
16044,3,0,0.10848338260324286
16045,1,0,0.09750492449113592
16046,3,0,0.1743920972644377
16047,1,0,0.09750492449113592
16048,5,1,0.10624706434945984
16049,4,1,0.10846181427034779
16050,3,1,0.10848338260324286
16051,3,0,0.10848338260324286
16052,3,1,0.1743920972644377
16053,5,0,0.10624706434945984
16054,4,0,0.10846181427034779
16055,4,0,0.10846181427034779
16056,1,0,0.1750291715285881
16057,2,0,0.27938671209540034
16058,3,0,0.10848338260324286
16059,3,0,0.10848338260324286
16060,1,0,0.2579210672595887
16061,2,0,0.1051693404634581
16062,5,1,0.2745320476460579
16063,5,1,0.17265193370165746
16064,5,0,0.10624706434945984
16065,3,0,0.10848338260324286
16066,2,0,0.1051693404634581
16067,2,0,0.17620376831821355
16068,5,0,0.10624706434945984
16069,3,1,0.538961038961039
16070,1,0,0.2624521072796935
16071,2,1,0.6916956737941323
16072,4,0,0.36443148688046645
16073,2,0,0.1051693404634581
16074,4,0,0.10846181427034779
16075,3,1,0.3774703557312253
16076,3,0,0.10848338260324286
16077,1,0,0.4164420485175202
16078,3,0,0.10848338260324286
16079,5,0,0.10624706434945984
16080,2,0,0.17620376831821355
16081,3,0,0.10848338260324286
16082,5,0,0.10624706434945984
16083,4,1,0.2782089552238806
16084,2,0,0.1051693404634581
16085,2,0,0.1051693404634581
16086,4,0,0.36443148688046645
16087,1,0,0.1750291715285881
16088,4,0,0.7197309417040358
16089,3,1,0.10848338260324286
16090,1,1,0.7188195991091314
16091,1,0,0.09750492449113592
16092,1,0,0.09750492449113592
16093,1,0,0.09750492449113592
16094,2,0,0.6916956737941323
16095,4,0,0.36443148688046645
16096,5,0,0.10624706434945984
16097,3,0,0.10848338260324286
16098,1,0,0.09750492449113592
16099,2,0,0.1051693404634581
16100,3,0,0.10848338260324286
16101,2,1,0.6916956737941323
16102,1,0,0.09750492449113592
16103,1,0,0.09750492449113592
16104,1,1,0.7188195991091314
16105,3,0,0.10848338260324286
16106,4,0,0.10846181427034779
16107,3,0,0.10848338260324286
16108,5,0,0.4191852825229961
16109,4,0,0.10846181427034779
16110,5,0,0.10624706434945984
16111,4,0,0.17377182298010557
16112,5,1,0.7639751552795031
16113,5,0,0.10624706434945984
16114,1,0,0.09750492449113592
16115,2,0,0.6916956737941323
16116,1,0,0.1750291715285881
16117,3,0,0.27732558139534885
16118,2,0,0.1051693404634581
16119,4,0,0.10846181427034779
16120,3,1,0.3774703557312253
16121,4,0,0.17377182298010557
16122,3,0,0.10848338260324286
16123,5,1,0.5300668151447662
16124,3,0,0.27732558139534885
16125,3,0,0.1743920972644377
16126,4,0,0.10846181427034779
16127,2,1,0.27938671209540034
16128,4,0,0.10846181427034779
16129,5,0,0.2745320476460579
16130,4,1,0.36443148688046645
16131,3,0,0.10848338260324286
16132,2,0,0.1051693404634581
16133,5,0,0.10624706434945984
16134,2,0,0.17620376831821355
16135,4,0,0.10846181427034779
16136,2,0,0.1051693404634581
16137,3,0,0.10848338260324286
16138,4,0,0.10846181427034779
16139,5,1,0.10624706434945984
16140,4,0,0.53
16141,4,0,0.17377182298010557
16142,4,0,0.10846181427034779
16143,5,0,0.17265193370165746
16144,1,0,0.1750291715285881
16145,5,0,0.10624706434945984
16146,1,0,0.09750492449113592
16147,2,0,0.1051693404634581
16148,5,0,0.10624706434945984
16149,4,0,0.17377182298010557
16150,3,0,0.10848338260324286
16151,5,0,0.17265193370165746
16152,1,1,0.1750291715285881
16153,3,0,0.10848338260324286
16154,4,0,0.17377182298010557
16155,2,1,0.6916956737941323
16156,1,0,0.2579210672595887
16157,3,0,0.7204419889502762
16158,1,1,0.7188195991091314
16159,3,0,0.3722943722943723
16160,3,0,0.10848338260324286
16161,1,0,0.4164420485175202
16162,3,0,0.10848338260324286
16163,4,1,0.7197309417040358
16164,1,0,0.1750291715285881
16165,2,0,0.1051693404634581
16166,2,0,0.27938671209540034
16167,2,0,0.1051693404634581
16168,3,0,0.10848338260324286
16169,2,1,0.1051693404634581
16170,4,0,0.10846181427034779
16171,1,0,0.09750492449113592
16172,4,1,0.10846181427034779
16173,3,0,0.10848338260324286
16174,4,0,0.10846181427034779
16175,3,0,0.10848338260324286
16176,3,1,0.10848338260324286
16177,3,1,0.1743920972644377
16178,2,1,0.27938671209540034
16179,3,0,0.4647058823529412
16180,1,1,0.7188195991091314
16181,2,1,0.2131979695431472
16182,1,1,0.7188195991091314
16183,3,0,0.1743920972644377
16184,1,1,0.7188195991091314
16185,5,0,0.6489626556016598
16186,4,0,0.10846181427034779
16187,5,1,0.10624706434945984
16188,1,0,0.09750492449113592
16189,1,1,0.2579210672595887
16190,1,0,0.2579210672595887
16191,3,1,0.7204419889502762
16192,3,0,0.10848338260324286
16193,5,0,0.17265193370165746
16194,3,0,0.10848338260324286
16195,2,1,0.3931203931203931
16196,3,0,0.7204419889502762
16197,2,0,0.1051693404634581
16198,1,1,0.09750492449113592
16199,3,1,0.3774703557312253
16200,2,0,0.1051693404634581
16201,1,0,0.09750492449113592
16202,5,1,0.10624706434945984
16203,5,1,0.6489626556016598
16204,3,0,0.3722943722943723
16205,5,0,0.10624706434945984
16206,3,0,0.10848338260324286
16207,4,1,0.7197309417040358
16208,4,0,0.10846181427034779
16209,4,0,0.2782089552238806
16210,3,0,0.10848338260324286
16211,4,0,0.10846181427034779
16212,5,0,0.10624706434945984
16213,5,0,0.10624706434945984
16214,3,0,0.10848338260324286
16215,2,0,0.17620376831821355
16216,5,1,0.2745320476460579
16217,2,0,0.1051693404634581
16218,2,0,0.1051693404634581
16219,4,0,0.17377182298010557
16220,5,1,0.5300668151447662
16221,2,0,0.6916956737941323
16222,1,0,0.1750291715285881
16223,3,0,0.10848338260324286
16224,5,0,0.10624706434945984
16225,3,0,0.1743920972644377
16226,5,0,0.17265193370165746
16227,4,1,0.36443148688046645
16228,4,0,0.10846181427034779
16229,5,0,0.10624706434945984
16230,4,0,0.2782089552238806
16231,5,0,0.17265193370165746
16232,4,1,0.7197309417040358
16233,2,0,0.17620376831821355
16234,5,0,0.2745320476460579
16235,1,0,0.09750492449113592
16236,5,1,0.10624706434945984
16237,5,0,0.17265193370165746
16238,5,1,0.6489626556016598
16239,2,0,0.1051693404634581
16240,1,0,0.09750492449113592
16241,3,0,0.1743920972644377
16242,1,0,0.09750492449113592
16243,3,0,0.10848338260324286
16244,5,0,0.10624706434945984
16245,5,0,0.10624706434945984
16246,3,1,0.7204419889502762
16247,2,0,0.1051693404634581
16248,4,1,0.7197309417040358
16249,1,0,0.1750291715285881
16250,2,0,0.1051693404634581
16251,4,0,0.7197309417040358
16252,2,0,0.1051693404634581
16253,3,0,0.10848338260324286
16254,5,0,0.10624706434945984
16255,3,0,0.27732558139534885
16256,2,1,0.6916956737941323
16257,1,0,0.1750291715285881
16258,1,0,0.09750492449113592
16259,2,0,0.1051693404634581
16260,4,0,0.7197309417040358
16261,3,0,0.10848338260324286
16262,2,0,0.1051693404634581
16263,2,0,0.1051693404634581
16264,2,0,0.1051693404634581
16265,3,0,0.3774703557312253
16266,1,0,0.09750492449113592
16267,1,1,0.2579210672595887
16268,4,0,0.10846181427034779
16269,4,0,0.17377182298010557
16270,4,0,0.5256124721603563
16271,2,0,0.27938671209540034
16272,5,0,0.10624706434945984
16273,2,1,0.27938671209540034
16274,3,0,0.10848338260324286
16275,3,0,0.10848338260324286
16276,5,0,0.10624706434945984
16277,5,0,0.4191852825229961
16278,2,1,0.1051693404634581
16279,3,0,0.10848338260324286
16280,2,1,0.5244444444444445
16281,1,0,0.2579210672595887
16282,4,0,0.7197309417040358
16283,3,1,0.7204419889502762
16284,1,0,0.09750492449113592
16285,3,0,0.10848338260324286
16286,1,0,0.1750291715285881
16287,5,0,0.10624706434945984
16288,4,1,0.7197309417040358
16289,1,0,0.09750492449113592
16290,3,0,0.10848338260324286
16291,2,0,0.1051693404634581
16292,4,0,0.17377182298010557
16293,4,0,0.2782089552238806
16294,2,0,0.6916956737941323
16295,1,0,0.09750492449113592
16296,1,0,0.09750492449113592
16297,4,0,0.10846181427034779
16298,1,0,0.09750492449113592
16299,3,1,0.538961038961039
16300,5,0,0.10624706434945984
16301,5,1,0.6489626556016598
16302,3,0,0.10848338260324286
16303,1,0,0.1750291715285881
16304,4,0,0.10846181427034779
16305,4,1,0.31981981981981983
16306,2,0,0.1051693404634581
16307,5,0,0.17265193370165746
16308,4,0,0.10846181427034779
16309,3,0,0.27732558139534885
16310,3,0,0.27732558139534885
16311,1,1,0.7188195991091314
16312,2,0,0.27938671209540034
16313,1,0,0.09750492449113592
16314,3,0,0.10848338260324286
16315,5,0,0.10624706434945984
16316,4,0,0.17377182298010557
16317,5,0,0.10624706434945984
16318,4,0,0.2782089552238806
16319,1,0,0.09750492449113592
16320,4,0,0.10846181427034779
16321,1,0,0.7188195991091314
16322,5,0,0.2745320476460579
16323,3,0,0.10848338260324286
16324,1,0,0.2624521072796935
16325,1,0,0.09750492449113592
16326,3,0,0.10848338260324286
16327,2,0,0.1051693404634581
16328,3,0,0.10848338260324286
16329,1,0,0.2624521072796935
16330,2,0,0.1051693404634581
16331,3,0,0.7204419889502762
16332,1,0,0.09750492449113592
16333,3,0,0.10848338260324286
16334,1,0,0.09750492449113592
16335,3,0,0.10848338260324286
16336,3,0,0.1743920972644377
16337,4,0,0.2782089552238806
16338,4,0,0.10846181427034779
16339,3,0,0.10848338260324286
16340,3,0,0.10848338260324286
16341,2,0,0.27938671209540034
16342,2,0,0.1051693404634581
16343,4,0,0.17377182298010557
16344,4,0,0.10846181427034779
16345,3,0,0.10848338260324286
16346,5,0,0.10624706434945984
16347,5,0,0.17265193370165746
16348,3,0,0.10848338260324286
16349,5,0,0.6489626556016598
16350,3,0,0.10848338260324286
16351,1,0,0.09750492449113592
16352,4,0,0.2782089552238806
16353,1,0,0.09750492449113592
16354,2,1,0.17620376831821355
16355,2,0,0.1051693404634581
16356,4,0,0.10846181427034779
16357,2,0,0.1051693404634581
16358,3,1,0.10848338260324286
16359,1,0,0.1750291715285881
16360,5,0,0.10624706434945984
16361,3,0,0.10848338260324286
16362,1,0,0.2579210672595887
16363,5,0,0.10624706434945984
16364,5,0,0.10624706434945984
16365,4,0,0.10846181427034779
16366,4,0,0.17377182298010557
16367,2,0,0.1051693404634581
16368,2,0,0.1051693404634581
16369,1,1,0.09750492449113592
16370,2,1,0.6916956737941323
16371,3,1,0.27732558139534885
16372,1,0,0.09750492449113592
16373,1,0,0.1750291715285881
16374,1,0,0.09750492449113592
16375,2,0,0.6916956737941323
16376,3,1,0.27732558139534885
16377,1,0,0.09750492449113592
16378,4,0,0.10846181427034779
16379,2,0,0.1051693404634581
16380,1,0,0.1750291715285881
16381,3,0,0.10848338260324286
16382,1,1,0.1750291715285881
16383,5,0,0.10624706434945984
16384,4,0,0.10846181427034779
16385,1,0,0.09750492449113592
16386,2,1,0.6916956737941323
16387,5,0,0.10624706434945984
16388,3,0,0.10848338260324286
16389,1,0,0.1750291715285881
16390,4,0,0.10846181427034779
16391,1,0,0.09750492449113592
16392,3,0,0.10848338260324286
16393,4,0,0.17377182298010557
16394,4,1,0.10846181427034779
16395,3,1,0.1743920972644377
16396,3,0,0.10848338260324286
16397,5,0,0.17265193370165746
16398,5,0,0.7639751552795031
16399,4,0,0.10846181427034779
16400,5,0,0.10624706434945984
16401,2,0,0.1051693404634581
16402,5,0,0.10624706434945984
16403,2,0,0.1051693404634581
16404,1,0,0.5276497695852534
16405,2,0,0.1051693404634581
16406,5,0,0.10624706434945984
16407,5,0,0.10624706434945984
16408,5,1,0.2745320476460579
16409,2,0,0.1051693404634581
16410,1,0,0.09750492449113592
16411,5,0,0.10624706434945984
16412,3,0,0.27732558139534885
16413,2,0,0.27938671209540034
16414,2,0,0.27938671209540034
16415,4,0,0.31981981981981983
16416,3,0,0.10848338260324286
16417,4,0,0.10846181427034779
16418,1,0,0.09750492449113592
16419,2,0,0.3931203931203931
16420,3,0,0.1743920972644377
16421,4,0,0.10846181427034779
16422,4,0,0.10846181427034779
16423,3,0,0.1743920972644377
16424,5,0,0.2745320476460579
16425,3,0,0.10848338260324286
16426,1,0,0.09750492449113592
16427,1,0,0.1750291715285881
16428,5,0,0.10624706434945984
16429,3,0,0.10848338260324286
16430,3,0,0.10848338260324286
16431,2,0,0.27938671209540034
16432,2,0,0.1051693404634581
16433,5,0,0.17265193370165746
16434,4,0,0.10846181427034779
16435,2,0,0.1051693404634581
16436,1,0,0.09750492449113592
16437,1,1,0.7188195991091314
16438,1,1,0.09750492449113592
16439,2,1,0.1051693404634581
16440,1,0,0.1750291715285881
16441,4,0,0.10846181427034779
16442,1,0,0.2579210672595887
16443,2,0,0.27938671209540034
16444,3,1,0.1743920972644377
16445,5,0,0.10624706434945984
16446,2,0,0.1051693404634581
16447,3,0,0.10848338260324286
16448,5,1,0.2850467289719626
16449,5,0,0.17265193370165746
16450,1,1,0.1750291715285881
16451,4,0,0.2782089552238806
16452,3,1,0.7204419889502762
16453,2,0,0.1051693404634581
16454,1,0,0.1750291715285881
16455,2,0,0.1051693404634581
16456,3,0,0.10848338260324286
16457,1,1,0.2579210672595887
16458,3,0,0.3774703557312253
16459,4,1,0.36443148688046645
16460,5,0,0.10624706434945984
16461,2,0,0.17620376831821355
16462,3,0,0.1743920972644377
16463,5,0,0.6489626556016598
16464,3,0,0.10848338260324286
16465,2,0,0.1051693404634581
16466,5,0,0.10624706434945984
16467,5,0,0.10624706434945984
16468,5,0,0.2850467289719626
16469,5,0,0.2745320476460579
16470,2,0,0.2131979695431472
16471,5,0,0.22580645161290322
16472,4,0,0.10846181427034779
16473,5,0,0.10624706434945984
16474,4,0,0.10846181427034779
16475,2,0,0.1051693404634581
16476,3,0,0.10848338260324286
16477,3,0,0.10848338260324286
16478,3,0,0.10848338260324286
16479,1,0,0.2579210672595887
16480,2,0,0.1051693404634581
16481,1,1,0.7188195991091314
16482,2,0,0.1051693404634581
16483,1,0,0.1750291715285881
16484,2,0,0.17620376831821355
16485,3,0,0.10848338260324286
16486,4,0,0.10846181427034779
16487,3,0,0.10848338260324286
16488,3,1,0.1743920972644377
16489,1,0,0.09750492449113592
16490,3,0,0.10848338260324286
16491,3,0,0.10848338260324286
16492,2,0,0.1051693404634581
16493,4,0,0.7197309417040358
16494,5,0,0.17265193370165746
16495,2,0,0.17620376831821355
16496,1,0,0.1750291715285881
16497,2,0,0.1051693404634581
16498,4,0,0.53
16499,2,0,0.1051693404634581
16500,3,0,0.10848338260324286
16501,2,0,0.1051693404634581
16502,1,0,0.09750492449113592
16503,1,0,0.09750492449113592
16504,5,0,0.6489626556016598
16505,1,1,0.2624521072796935
16506,2,0,0.1051693404634581
16507,1,0,0.1750291715285881
16508,3,1,0.538961038961039
16509,2,0,0.6916956737941323
16510,2,0,0.17620376831821355
16511,5,0,0.10624706434945984
16512,2,0,0.1051693404634581
16513,1,0,0.4164420485175202
16514,4,1,0.10846181427034779
16515,5,0,0.10624706434945984
16516,4,0,0.10846181427034779
16517,1,1,0.09750492449113592
16518,3,0,0.10848338260324286
16519,1,0,0.1750291715285881
16520,2,0,0.17620376831821355
16521,5,0,0.10624706434945984
16522,5,1,0.2850467289719626
16523,3,0,0.10848338260324286
16524,5,0,0.10624706434945984
16525,5,0,0.10624706434945984
16526,3,1,0.10848338260324286
16527,2,0,0.5244444444444445
16528,5,0,0.10624706434945984
16529,1,0,0.1750291715285881
16530,4,0,0.2782089552238806
16531,3,0,0.1743920972644377
16532,2,0,0.17620376831821355
16533,3,0,0.27732558139534885
16534,3,0,0.10848338260324286
16535,2,1,0.3931203931203931
16536,3,1,0.7204419889502762
16537,2,0,0.27938671209540034
16538,5,0,0.17265193370165746
16539,2,1,0.3931203931203931
16540,4,0,0.17377182298010557
16541,2,0,0.1051693404634581
16542,4,0,0.36443148688046645
16543,4,0,0.10846181427034779
16544,5,0,0.10624706434945984
16545,5,1,0.6489626556016598
16546,2,0,0.1051693404634581
16547,3,0,0.27732558139534885
16548,2,0,0.3931203931203931
16549,3,0,0.4647058823529412
16550,1,1,0.7188195991091314
16551,2,1,0.6916956737941323
16552,3,0,0.10848338260324286
16553,1,0,0.09750492449113592
16554,5,0,0.10624706434945984
16555,4,0,0.17377182298010557
16556,4,0,0.10846181427034779
16557,4,1,0.10846181427034779
16558,4,0,0.10846181427034779
16559,3,0,0.1743920972644377
16560,3,0,0.10848338260324286
16561,1,0,0.09750492449113592
16562,3,1,0.27732558139534885
16563,2,0,0.27938671209540034
16564,2,1,0.6916956737941323
16565,4,0,0.10846181427034779
16566,4,0,0.10846181427034779
16567,2,0,0.1051693404634581
16568,5,0,0.2745320476460579
16569,4,0,0.10846181427034779
16570,2,0,0.1051693404634581
16571,2,0,0.1051693404634581
16572,2,0,0.1051693404634581
16573,3,0,0.10848338260324286
16574,2,0,0.17620376831821355
16575,5,1,0.17265193370165746
16576,4,0,0.2782089552238806
16577,2,0,0.1051693404634581
16578,3,0,0.27732558139534885
16579,3,0,0.10848338260324286
16580,3,1,0.10848338260324286
16581,2,1,0.1051693404634581
16582,3,0,0.27732558139534885
16583,1,0,0.09750492449113592
16584,2,0,0.17620376831821355
16585,4,0,0.10846181427034779
16586,1,0,0.09750492449113592
16587,5,0,0.17265193370165746
16588,3,1,0.7204419889502762
16589,5,0,0.10624706434945984
16590,3,0,0.1743920972644377
16591,2,0,0.17620376831821355
16592,2,0,0.1051693404634581
16593,4,0,0.10846181427034779
16594,3,0,0.10848338260324286
16595,4,1,0.10846181427034779
16596,4,1,0.5256124721603563
16597,5,0,0.10624706434945984
16598,4,0,0.17377182298010557
16599,4,0,0.10846181427034779
16600,5,0,0.17265193370165746
16601,2,0,0.1051693404634581
16602,4,0,0.10846181427034779
16603,2,0,0.1051693404634581
16604,2,0,0.27938671209540034
16605,2,0,0.1051693404634581
16606,4,0,0.10846181427034779
16607,3,0,0.7204419889502762
16608,3,0,0.10848338260324286
16609,4,0,0.17377182298010557
16610,4,0,0.10846181427034779
16611,2,0,0.1051693404634581
16612,4,0,0.10846181427034779
16613,2,1,0.5244444444444445
16614,2,0,0.1051693404634581
16615,5,0,0.10624706434945984
16616,4,0,0.7197309417040358
16617,2,0,0.1051693404634581
16618,3,0,0.10848338260324286
16619,4,0,0.17377182298010557
16620,3,1,0.27732558139534885
16621,5,0,0.10624706434945984
16622,5,0,0.10624706434945984
16623,4,1,0.10846181427034779
16624,1,1,0.7188195991091314
16625,2,0,0.1051693404634581
16626,5,1,0.2745320476460579
16627,2,0,0.1051693404634581
16628,3,0,0.1743920972644377
16629,4,0,0.10846181427034779
16630,4,0,0.10846181427034779
16631,1,0,0.1750291715285881
16632,4,0,0.10846181427034779
16633,2,1,0.6916956737941323
16634,5,1,0.10624706434945984
16635,1,0,0.09750492449113592
16636,1,1,0.5276497695852534
16637,2,1,0.27938671209540034
16638,3,0,0.10848338260324286
16639,3,0,0.1743920972644377
16640,1,0,0.2579210672595887
16641,4,0,0.10846181427034779
16642,3,0,0.1743920972644377
16643,2,0,0.27938671209540034
16644,1,0,0.2579210672595887
16645,3,0,0.1743920972644377
16646,5,0,0.10624706434945984
16647,3,1,0.7204419889502762
16648,2,0,0.1051693404634581
16649,5,1,0.7639751552795031
16650,1,1,0.1750291715285881
16651,5,0,0.17265193370165746
16652,1,0,0.1750291715285881
16653,4,0,0.10846181427034779
16654,4,0,0.17377182298010557
16655,5,0,0.2745320476460579
16656,1,0,0.09750492449113592
16657,1,0,0.09750492449113592
16658,5,1,0.7639751552795031
16659,1,0,0.2624521072796935
16660,1,0,0.1750291715285881
16661,3,1,0.7204419889502762
16662,5,0,0.17265193370165746
16663,4,1,0.7197309417040358
16664,2,0,0.1051693404634581
16665,2,0,0.17620376831821355
16666,3,0,0.10848338260324286
16667,5,0,0.10624706434945984
16668,3,1,0.4647058823529412
16669,5,0,0.10624706434945984
16670,2,0,0.1051693404634581
16671,2,0,0.1051693404634581
16672,3,0,0.10848338260324286
16673,5,0,0.10624706434945984
16674,1,1,0.5276497695852534
16675,2,0,0.3931203931203931
16676,2,0,0.1051693404634581
16677,2,0,0.1051693404634581
16678,2,0,0.1051693404634581
16679,1,1,0.1750291715285881
16680,5,0,0.10624706434945984
16681,2,0,0.6916956737941323
16682,1,0,0.1750291715285881
16683,2,0,0.1051693404634581
16684,1,0,0.7188195991091314
16685,3,1,0.10848338260324286
16686,5,0,0.10624706434945984
16687,5,0,0.10624706434945984
16688,4,0,0.10846181427034779
16689,1,1,0.1750291715285881
16690,1,0,0.09750492449113592
16691,3,0,0.10848338260324286
16692,5,0,0.10624706434945984
16693,4,0,0.17377182298010557
16694,1,0,0.2624521072796935
16695,3,0,0.10848338260324286
16696,3,0,0.10848338260324286
16697,4,0,0.10846181427034779
16698,5,0,0.22580645161290322
16699,5,0,0.10624706434945984
16700,3,1,0.7204419889502762
16701,2,1,0.6916956737941323
16702,5,0,0.10624706434945984
16703,2,1,0.6916956737941323
16704,1,0,0.2579210672595887
16705,3,1,0.10848338260324286
16706,4,1,0.10846181427034779
16707,1,0,0.1750291715285881
16708,2,0,0.1051693404634581
16709,3,0,0.10848338260324286
16710,1,0,0.09750492449113592
16711,2,0,0.17620376831821355
16712,3,0,0.10848338260324286
16713,1,0,0.09750492449113592
16714,5,0,0.5300668151447662
16715,1,0,0.1750291715285881
16716,1,0,0.2664359861591695
16717,5,0,0.10624706434945984
16718,2,0,0.17620376831821355
16719,2,0,0.17620376831821355
16720,1,0,0.09750492449113592
16721,3,0,0.10848338260324286
16722,5,0,0.10624706434945984
16723,2,0,0.1051693404634581
16724,1,1,0.09750492449113592
16725,3,0,0.1743920972644377
16726,4,1,0.17377182298010557
16727,3,0,0.10848338260324286
16728,4,0,0.10846181427034779
16729,4,0,0.7197309417040358
16730,1,1,0.2579210672595887
16731,5,0,0.10624706434945984
16732,5,0,0.10624706434945984
16733,3,0,0.10848338260324286
16734,1,0,0.7188195991091314
16735,5,0,0.10624706434945984
16736,3,0,0.1743920972644377
16737,4,0,0.10846181427034779
16738,2,0,0.1051693404634581
16739,5,0,0.10624706434945984
16740,5,0,0.10624706434945984
16741,4,0,0.2782089552238806
16742,1,0,0.1750291715285881
16743,5,1,0.4191852825229961
16744,4,0,0.10846181427034779
16745,5,0,0.17265193370165746
16746,4,0,0.36443148688046645
16747,2,0,0.3167420814479638
16748,5,0,0.10624706434945984
16749,4,0,0.17377182298010557
16750,4,0,0.10846181427034779
16751,4,0,0.10846181427034779
16752,1,0,0.1750291715285881
16753,3,0,0.10848338260324286
16754,1,0,0.09750492449113592
16755,1,0,0.7188195991091314
16756,3,1,0.1743920972644377
16757,4,1,0.10846181427034779
16758,3,0,0.10848338260324286
16759,4,0,0.10846181427034779
16760,2,0,0.1051693404634581
16761,1,1,0.09750492449113592
16762,3,0,0.10848338260324286
16763,1,0,0.2579210672595887
16764,4,0,0.10846181427034779
16765,1,0,0.1750291715285881
16766,4,0,0.2782089552238806
16767,2,0,0.1051693404634581
16768,1,0,0.1750291715285881
16769,3,0,0.27732558139534885
16770,4,0,0.10846181427034779
16771,3,1,0.10848338260324286
16772,3,0,0.1743920972644377
16773,5,0,0.17265193370165746
16774,5,0,0.17265193370165746
16775,1,0,0.2579210672595887
16776,2,0,0.1051693404634581
16777,5,0,0.10624706434945984
16778,3,1,0.7204419889502762
16779,2,0,0.1051693404634581
16780,5,1,0.2745320476460579
16781,4,0,0.10846181427034779
16782,2,0,0.27938671209540034
16783,1,0,0.09750492449113592
16784,2,0,0.1051693404634581
16785,3,0,0.10848338260324286
16786,2,0,0.1051693404634581
16787,2,1,0.5244444444444445
16788,4,0,0.10846181427034779
16789,3,0,0.10848338260324286
16790,3,0,0.10848338260324286
16791,3,0,0.10848338260324286
16792,2,1,0.6916956737941323
16793,2,0,0.27938671209540034
16794,2,0,0.1051693404634581
16795,1,0,0.09750492449113592
16796,3,1,0.7204419889502762
16797,5,0,0.10624706434945984
16798,4,0,0.17377182298010557
16799,3,0,0.10848338260324286
16800,2,0,0.17620376831821355
16801,4,0,0.10846181427034779
16802,4,0,0.10846181427034779
16803,2,0,0.1051693404634581
16804,4,1,0.2782089552238806
16805,4,0,0.2782089552238806
16806,2,0,0.6916956737941323
16807,5,0,0.6489626556016598
16808,1,1,0.09750492449113592
16809,1,0,0.2579210672595887
16810,1,0,0.2579210672595887
16811,4,0,0.10846181427034779
16812,4,0,0.10846181427034779
16813,5,0,0.10624706434945984
16814,1,0,0.09750492449113592
16815,5,0,0.10624706434945984
16816,2,0,0.1051693404634581
16817,4,0,0.10846181427034779
16818,3,0,0.10848338260324286
16819,4,0,0.17377182298010557
16820,3,0,0.7204419889502762
16821,4,0,0.31981981981981983
16822,1,0,0.09750492449113592
16823,5,1,0.2745320476460579
16824,2,1,0.5244444444444445
16825,5,1,0.17265193370165746
16826,1,1,0.7188195991091314
16827,1,0,0.09750492449113592
16828,4,1,0.10846181427034779
16829,2,0,0.1051693404634581
16830,5,0,0.10624706434945984
16831,2,0,0.2131979695431472
16832,5,0,0.17265193370165746
16833,2,1,0.6916956737941323
16834,4,0,0.10846181427034779
16835,5,1,0.7639751552795031
16836,1,0,0.1750291715285881
16837,2,0,0.1051693404634581
16838,5,0,0.10624706434945984
16839,4,0,0.10846181427034779
16840,5,0,0.4191852825229961
16841,4,0,0.17377182298010557
16842,2,1,0.3931203931203931
16843,1,0,0.7188195991091314
16844,1,0,0.09750492449113592
16845,1,0,0.1750291715285881
16846,2,0,0.27938671209540034
16847,4,0,0.7197309417040358
16848,4,0,0.10846181427034779
16849,1,0,0.09750492449113592
16850,2,1,0.5244444444444445
16851,2,0,0.27938671209540034
16852,4,0,0.10846181427034779
16853,3,0,0.3722943722943723
16854,2,0,0.17620376831821355
16855,2,0,0.17620376831821355
16856,1,1,0.1750291715285881
16857,2,0,0.1051693404634581
16858,3,0,0.10848338260324286
16859,1,0,0.4164420485175202
16860,1,0,0.09750492449113592
16861,2,0,0.1051693404634581
16862,3,0,0.10848338260324286
16863,2,1,0.1051693404634581
16864,3,0,0.10848338260324286
16865,4,1,0.36443148688046645
16866,2,0,0.1051693404634581
16867,5,0,0.10624706434945984
16868,4,0,0.10846181427034779
16869,4,1,0.7197309417040358
16870,4,0,0.10846181427034779
16871,1,0,0.1750291715285881
16872,1,1,0.7188195991091314
16873,4,0,0.17377182298010557
16874,1,0,0.1750291715285881
16875,2,0,0.1051693404634581
16876,3,0,0.10848338260324286
16877,3,0,0.10848338260324286
16878,5,0,0.7639751552795031
16879,4,0,0.2782089552238806
16880,2,0,0.27938671209540034
16881,3,0,0.10848338260324286
16882,4,0,0.10846181427034779
16883,5,0,0.10624706434945984
16884,2,0,0.1051693404634581
16885,4,1,0.17377182298010557
16886,1,0,0.09750492449113592
16887,4,0,0.10846181427034779
16888,4,1,0.31981981981981983
16889,3,1,0.27732558139534885
16890,4,0,0.10846181427034779
16891,2,1,0.1051693404634581
16892,4,0,0.17377182298010557
16893,2,1,0.3931203931203931
16894,2,0,0.1051693404634581
16895,5,0,0.10624706434945984
16896,4,1,0.7197309417040358
16897,1,0,0.2579210672595887
16898,2,0,0.1051693404634581
16899,3,0,0.10848338260324286
16900,3,0,0.10848338260324286
16901,3,0,0.10848338260324286
16902,1,1,0.7188195991091314
16903,2,1,0.3931203931203931
16904,5,1,0.10624706434945984
16905,3,0,0.10848338260324286
16906,5,0,0.7639751552795031
16907,4,0,0.10846181427034779
16908,3,0,0.27732558139534885
16909,1,0,0.09750492449113592
16910,5,0,0.10624706434945984
16911,2,0,0.1051693404634581
16912,4,0,0.10846181427034779
16913,4,0,0.10846181427034779
16914,5,0,0.10624706434945984
16915,3,1,0.27732558139534885
16916,5,0,0.17265193370165746
16917,5,0,0.2850467289719626
16918,4,0,0.10846181427034779
16919,5,1,0.6489626556016598
16920,1,0,0.09750492449113592
16921,5,1,0.2745320476460579
16922,2,1,0.6916956737941323
16923,4,1,0.5256124721603563
16924,4,1,0.2782089552238806
16925,1,0,0.09750492449113592
16926,4,0,0.10846181427034779
16927,1,0,0.09750492449113592
16928,5,0,0.10624706434945984
16929,1,0,0.1750291715285881
16930,1,0,0.5276497695852534
16931,4,0,0.10846181427034779
16932,4,1,0.2782089552238806
16933,1,0,0.1750291715285881
16934,1,0,0.09750492449113592
16935,1,0,0.7188195991091314
16936,1,0,0.09750492449113592
16937,4,0,0.17377182298010557
16938,1,0,0.1750291715285881
16939,5,0,0.10624706434945984
16940,1,0,0.1750291715285881
16941,4,0,0.17377182298010557
16942,3,0,0.1743920972644377
16943,1,0,0.09750492449113592
16944,5,1,0.17265193370165746
16945,5,0,0.10624706434945984
16946,5,0,0.17265193370165746
16947,5,0,0.17265193370165746
16948,5,1,0.2745320476460579
16949,5,0,0.6489626556016598
16950,3,0,0.1743920972644377
16951,1,0,0.09750492449113592
16952,1,0,0.2579210672595887
16953,2,0,0.1051693404634581
16954,1,0,0.09750492449113592
16955,3,0,0.10848338260324286
16956,1,1,0.1750291715285881
16957,4,0,0.10846181427034779
16958,5,0,0.10624706434945984
16959,1,0,0.2579210672595887
16960,4,1,0.17377182298010557
16961,4,1,0.2782089552238806
16962,5,0,0.6489626556016598
16963,3,0,0.1743920972644377
16964,1,0,0.09750492449113592
16965,4,0,0.10846181427034779
16966,5,0,0.10624706434945984
16967,1,1,0.09750492449113592
16968,5,0,0.10624706434945984
16969,4,0,0.36443148688046645
16970,2,0,0.1051693404634581
16971,5,0,0.10624706434945984
16972,1,1,0.7188195991091314
16973,5,1,0.5300668151447662
16974,1,0,0.09750492449113592
16975,4,0,0.17377182298010557
16976,4,0,0.10846181427034779
16977,2,0,0.1051693404634581
16978,5,0,0.17265193370165746
16979,1,0,0.09750492449113592
16980,4,1,0.7197309417040358
16981,3,1,0.7204419889502762
16982,3,1,0.7204419889502762
16983,5,0,0.10624706434945984
16984,3,0,0.10848338260324286
16985,3,0,0.10848338260324286
16986,1,0,0.1750291715285881
16987,5,0,0.17265193370165746
16988,1,0,0.09750492449113592
16989,4,0,0.10846181427034779
16990,4,0,0.10846181427034779
16991,4,0,0.53
16992,1,1,0.7188195991091314
16993,1,0,0.1750291715285881
16994,2,1,0.3167420814479638
16995,2,0,0.1051693404634581
16996,3,0,0.10848338260324286
16997,1,0,0.09750492449113592
16998,3,0,0.1743920972644377
16999,5,1,0.2745320476460579
17000,4,1,0.7197309417040358
17001,1,0,0.1750291715285881
17002,5,0,0.10624706434945984
17003,2,0,0.3931203931203931
17004,1,0,0.09750492449113592
17005,5,1,0.7639751552795031
17006,2,1,0.27938671209540034
17007,1,0,0.7188195991091314
17008,5,0,0.10624706434945984
17009,3,1,0.10848338260324286
17010,3,0,0.10848338260324286
17011,5,0,0.10624706434945984
17012,3,0,0.10848338260324286
17013,1,0,0.09750492449113592
17014,2,0,0.1051693404634581
17015,3,0,0.10848338260324286
17016,2,0,0.1051693404634581
17017,5,0,0.10624706434945984
17018,2,0,0.6916956737941323
17019,1,0,0.1750291715285881
17020,3,0,0.3774703557312253
17021,2,0,0.27938671209540034
17022,3,1,0.7204419889502762
17023,3,0,0.10848338260324286
17024,5,0,0.2745320476460579
17025,3,0,0.538961038961039
17026,1,0,0.7188195991091314
17027,2,0,0.1051693404634581
17028,5,0,0.2745320476460579
17029,4,0,0.10846181427034779
17030,2,0,0.1051693404634581
17031,4,1,0.10846181427034779
17032,1,0,0.09750492449113592
17033,2,0,0.1051693404634581
17034,1,0,0.2624521072796935
17035,2,1,0.1051693404634581
17036,1,1,0.1750291715285881
17037,5,0,0.17265193370165746
17038,1,0,0.1750291715285881
17039,2,1,0.6916956737941323
17040,2,0,0.1051693404634581
17041,2,0,0.1051693404634581
17042,1,1,0.7188195991091314
17043,1,0,0.1750291715285881
17044,2,1,0.1051693404634581
17045,3,0,0.1743920972644377
17046,4,0,0.10846181427034779
17047,3,1,0.10848338260324286
17048,3,0,0.10848338260324286
17049,5,0,0.10624706434945984
17050,5,0,0.17265193370165746
17051,2,0,0.1051693404634581
17052,4,0,0.10846181427034779
17053,3,1,0.538961038961039
17054,1,0,0.2664359861591695
17055,1,1,0.7188195991091314
17056,4,0,0.10846181427034779
17057,2,0,0.1051693404634581
17058,1,0,0.09750492449113592
17059,5,1,0.10624706434945984
17060,5,0,0.10624706434945984
17061,4,0,0.2782089552238806
17062,1,1,0.7188195991091314
17063,1,1,0.5128205128205128
17064,5,1,0.2745320476460579
17065,2,0,0.1051693404634581
17066,3,0,0.1743920972644377
17067,5,1,0.7639751552795031
17068,1,0,0.1750291715285881
17069,1,1,0.09750492449113592
17070,2,0,0.1051693404634581
17071,4,0,0.17377182298010557
17072,1,1,0.2664359861591695
17073,2,0,0.1051693404634581
17074,1,0,0.09750492449113592
17075,3,0,0.10848338260324286
17076,3,0,0.1743920972644377
17077,4,0,0.7197309417040358
17078,4,0,0.31981981981981983
17079,5,0,0.10624706434945984
17080,5,0,0.10624706434945984
17081,4,1,0.36443148688046645
17082,1,0,0.2579210672595887
17083,5,0,0.17265193370165746
17084,1,0,0.09750492449113592
17085,5,0,0.10624706434945984
17086,4,0,0.10846181427034779
17087,2,0,0.1051693404634581
17088,5,0,0.17265193370165746
17089,3,0,0.1743920972644377
17090,4,0,0.10846181427034779
17091,5,1,0.2850467289719626
17092,5,0,0.10624706434945984
17093,3,0,0.10848338260324286
17094,3,0,0.1743920972644377
17095,5,0,0.10624706434945984
17096,5,0,0.10624706434945984
17097,4,1,0.17377182298010557
17098,5,1,0.7639751552795031
17099,3,0,0.10848338260324286
17100,5,0,0.17265193370165746
17101,3,0,0.10848338260324286
17102,3,0,0.27732558139534885
17103,1,0,0.2624521072796935
17104,3,0,0.10848338260324286
17105,5,0,0.10624706434945984
17106,5,0,0.10624706434945984
17107,3,0,0.10848338260324286
17108,4,0,0.2782089552238806
17109,4,0,0.10846181427034779
17110,4,0,0.10846181427034779
17111,4,1,0.2782089552238806
17112,3,0,0.1743920972644377
17113,5,0,0.5300668151447662
17114,2,0,0.17620376831821355
17115,2,0,0.1051693404634581
17116,3,0,0.1743920972644377
17117,3,1,0.10848338260324286
17118,3,1,0.4647058823529412
17119,2,0,0.3167420814479638
17120,1,1,0.1750291715285881
17121,3,1,0.27732558139534885
17122,4,0,0.10846181427034779
17123,4,0,0.10846181427034779
17124,3,0,0.7204419889502762
17125,4,0,0.17377182298010557
17126,4,0,0.10846181427034779
17127,1,0,0.2579210672595887
17128,4,0,0.10846181427034779
17129,5,0,0.10624706434945984
17130,2,0,0.1051693404634581
17131,2,0,0.1051693404634581
17132,2,0,0.1051693404634581
17133,4,0,0.7197309417040358
17134,5,0,0.10624706434945984
17135,5,0,0.2745320476460579
17136,4,0,0.2782089552238806
17137,5,1,0.6489626556016598
17138,3,1,0.3722943722943723
17139,2,1,0.1051693404634581
17140,4,0,0.2782089552238806
17141,3,0,0.1743920972644377
17142,3,1,0.1743920972644377
17143,5,0,0.10624706434945984
17144,3,0,0.1743920972644377
17145,1,0,0.1750291715285881
17146,5,0,0.10624706434945984
17147,3,1,0.1743920972644377
17148,2,1,0.17620376831821355
17149,1,0,0.09750492449113592
17150,1,1,0.7188195991091314
17151,3,0,0.10848338260324286
17152,3,1,0.10848338260324286
17153,1,0,0.1750291715285881
17154,4,0,0.10846181427034779
17155,4,0,0.36443148688046645
17156,4,1,0.2782089552238806
17157,1,0,0.1750291715285881
17158,3,0,0.10848338260324286
17159,5,0,0.10624706434945984
17160,2,0,0.3931203931203931
17161,4,0,0.2782089552238806
17162,1,0,0.09750492449113592
17163,2,0,0.1051693404634581
17164,4,1,0.17377182298010557
17165,1,0,0.1750291715285881
17166,5,0,0.10624706434945984
17167,4,0,0.10846181427034779
17168,5,0,0.17265193370165746
17169,5,0,0.10624706434945984
17170,3,0,0.27732558139534885
17171,3,0,0.10848338260324286
17172,2,0,0.1051693404634581
17173,5,0,0.2850467289719626
17174,2,0,0.3931203931203931
17175,2,0,0.17620376831821355
17176,1,0,0.09750492449113592
17177,3,0,0.10848338260324286
17178,1,1,0.09750492449113592
17179,3,0,0.27732558139534885
17180,4,0,0.10846181427034779
17181,3,0,0.10848338260324286
17182,2,0,0.17620376831821355
17183,4,0,0.7197309417040358
17184,1,0,0.4164420485175202
17185,5,1,0.6489626556016598
17186,4,0,0.10846181427034779
17187,4,0,0.10846181427034779
17188,4,0,0.17377182298010557
17189,5,0,0.10624706434945984
17190,4,1,0.7197309417040358
17191,1,0,0.09750492449113592
17192,5,0,0.10624706434945984
17193,1,1,0.7188195991091314
17194,3,0,0.10848338260324286
17195,1,1,0.2579210672595887
17196,2,0,0.1051693404634581
17197,3,0,0.10848338260324286
17198,1,1,0.2624521072796935
17199,5,1,0.7639751552795031
17200,2,1,0.6916956737941323
17201,4,0,0.17377182298010557
17202,1,0,0.1750291715285881
17203,3,0,0.10848338260324286
17204,2,0,0.1051693404634581
17205,1,0,0.09750492449113592
17206,2,1,0.17620376831821355
17207,2,0,0.1051693404634581
17208,4,1,0.7197309417040358
17209,4,0,0.2782089552238806
17210,1,0,0.09750492449113592
17211,2,1,0.6916956737941323
17212,2,0,0.1051693404634581
17213,2,0,0.3931203931203931
17214,3,1,0.10848338260324286
17215,2,1,0.5244444444444445
17216,3,0,0.10848338260324286
17217,1,0,0.09750492449113592
17218,4,0,0.17377182298010557
17219,2,0,0.17620376831821355
17220,4,0,0.10846181427034779
17221,2,0,0.27938671209540034
17222,4,0,0.36443148688046645
17223,2,0,0.1051693404634581
17224,1,0,0.7188195991091314
17225,4,0,0.31981981981981983
17226,4,1,0.10846181427034779
17227,4,1,0.7197309417040358
17228,5,0,0.10624706434945984
17229,4,1,0.10846181427034779
17230,2,0,0.1051693404634581
17231,2,0,0.3931203931203931
17232,5,0,0.10624706434945984
17233,5,1,0.7639751552795031
17234,5,0,0.10624706434945984
17235,2,0,0.1051693404634581
17236,5,1,0.2745320476460579
17237,5,0,0.10624706434945984
17238,3,0,0.1743920972644377
17239,5,0,0.4191852825229961
17240,2,1,0.6916956737941323
17241,3,0,0.1743920972644377
17242,1,0,0.1750291715285881
17243,4,0,0.2782089552238806
17244,2,0,0.2131979695431472
17245,4,0,0.10846181427034779
17246,1,0,0.09750492449113592
17247,1,1,0.09750492449113592
17248,5,0,0.10624706434945984
17249,1,0,0.09750492449113592
17250,1,0,0.09750492449113592
17251,5,1,0.4191852825229961
17252,4,0,0.10846181427034779
17253,2,0,0.27938671209540034
17254,1,0,0.09750492449113592
17255,2,1,0.5244444444444445
17256,3,1,0.10848338260324286
17257,4,0,0.10846181427034779
17258,2,0,0.1051693404634581
17259,2,0,0.17620376831821355
17260,2,0,0.1051693404634581
17261,3,1,0.1743920972644377
17262,2,0,0.3931203931203931
17263,1,0,0.1750291715285881
17264,2,0,0.1051693404634581
17265,5,0,0.10624706434945984
17266,5,1,0.4191852825229961
17267,3,0,0.10848338260324286
17268,2,0,0.3931203931203931
17269,4,0,0.10846181427034779
17270,5,0,0.6489626556016598
17271,3,0,0.10848338260324286
17272,4,1,0.36443148688046645
17273,4,1,0.10846181427034779
17274,3,0,0.7204419889502762
17275,4,0,0.10846181427034779
17276,5,0,0.2745320476460579
17277,4,0,0.10846181427034779
17278,2,0,0.1051693404634581
17279,4,0,0.10846181427034779
17280,3,0,0.10848338260324286
17281,1,0,0.09750492449113592
17282,5,1,0.7639751552795031
17283,1,0,0.2579210672595887
17284,5,0,0.10624706434945984
17285,5,0,0.10624706434945984
17286,5,0,0.10624706434945984
17287,2,0,0.17620376831821355
17288,3,1,0.7204419889502762
17289,4,1,0.5256124721603563
17290,4,0,0.17377182298010557
17291,4,1,0.7197309417040358
17292,1,1,0.7188195991091314
17293,1,0,0.1750291715285881
17294,3,0,0.10848338260324286
17295,3,0,0.10848338260324286
17296,5,0,0.6489626556016598
17297,3,0,0.7204419889502762
17298,2,0,0.1051693404634581
17299,1,1,0.7188195991091314
17300,3,0,0.3774703557312253
17301,3,1,0.3774703557312253
17302,5,0,0.10624706434945984
17303,2,0,0.1051693404634581
17304,4,1,0.7197309417040358
17305,1,0,0.2579210672595887
17306,4,0,0.36443148688046645
17307,3,0,0.1743920972644377
17308,4,0,0.10846181427034779
17309,2,0,0.1051693404634581
17310,1,0,0.1750291715285881
17311,5,0,0.10624706434945984
17312,4,0,0.2782089552238806
17313,5,0,0.6489626556016598
17314,5,0,0.10624706434945984
17315,4,0,0.10846181427034779
17316,1,0,0.09750492449113592
17317,5,0,0.10624706434945984
17318,5,1,0.10624706434945984
17319,4,0,0.10846181427034779
17320,4,0,0.17377182298010557
17321,1,1,0.7188195991091314
17322,4,0,0.17377182298010557
17323,1,1,0.09750492449113592
17324,2,1,0.6916956737941323
17325,3,0,0.10848338260324286
17326,4,0,0.10846181427034779
17327,2,1,0.1051693404634581
17328,2,0,0.17620376831821355
17329,3,0,0.7204419889502762
17330,1,0,0.09750492449113592
17331,5,0,0.10624706434945984
17332,1,0,0.09750492449113592
17333,5,0,0.10624706434945984
17334,4,0,0.10846181427034779
17335,5,0,0.10624706434945984
17336,2,1,0.17620376831821355
17337,2,0,0.1051693404634581
17338,2,0,0.5244444444444445
17339,4,0,0.10846181427034779
17340,2,0,0.27938671209540034
17341,5,0,0.10624706434945984
17342,1,0,0.1750291715285881
17343,2,0,0.1051693404634581
17344,5,0,0.17265193370165746
17345,4,0,0.10846181427034779
17346,4,0,0.17377182298010557
17347,1,0,0.09750492449113592
17348,5,0,0.10624706434945984
17349,3,0,0.1743920972644377
17350,4,1,0.7197309417040358
17351,1,0,0.09750492449113592
17352,3,0,0.10848338260324286
17353,2,0,0.27938671209540034
17354,3,0,0.10848338260324286
17355,2,0,0.1051693404634581
17356,5,0,0.2850467289719626
17357,4,0,0.53
17358,1,1,0.1750291715285881
17359,3,0,0.10848338260324286
17360,3,0,0.10848338260324286
17361,1,0,0.09750492449113592
17362,4,0,0.2782089552238806
17363,2,0,0.1051693404634581
17364,3,0,0.10848338260324286
17365,1,0,0.7188195991091314
17366,2,0,0.1051693404634581
17367,4,0,0.2782089552238806
17368,3,0,0.10848338260324286
17369,3,0,0.1743920972644377
17370,2,0,0.1051693404634581
17371,3,0,0.27732558139534885
17372,2,0,0.1051693404634581
17373,1,0,0.2624521072796935
17374,3,0,0.3774703557312253
17375,5,1,0.2745320476460579
17376,1,0,0.2579210672595887
17377,4,0,0.10846181427034779
17378,5,1,0.2850467289719626
17379,4,0,0.10846181427034779
17380,5,0,0.10624706434945984
17381,3,0,0.10848338260324286
17382,5,0,0.10624706434945984
17383,5,0,0.10624706434945984
17384,2,0,0.1051693404634581
17385,2,0,0.17620376831821355
17386,4,0,0.17377182298010557
17387,2,0,0.17620376831821355
17388,5,1,0.6489626556016598
17389,3,0,0.10848338260324286
17390,3,0,0.10848338260324286
17391,5,0,0.2850467289719626
17392,5,0,0.10624706434945984
17393,1,0,0.7188195991091314
17394,2,0,0.1051693404634581
17395,2,0,0.1051693404634581
17396,3,0,0.10848338260324286
17397,2,0,0.17620376831821355
17398,3,0,0.10848338260324286
17399,1,1,0.7188195991091314
17400,5,1,0.2745320476460579
17401,2,0,0.1051693404634581
17402,2,0,0.1051693404634581
17403,5,0,0.17265193370165746
17404,3,0,0.7204419889502762
17405,2,1,0.6916956737941323
17406,5,0,0.2745320476460579
17407,1,0,0.2579210672595887
17408,1,0,0.09750492449113592
17409,4,0,0.10846181427034779
17410,1,1,0.5128205128205128
17411,1,1,0.09750492449113592
17412,1,0,0.1750291715285881
17413,4,0,0.2782089552238806
17414,5,0,0.17265193370165746
17415,4,0,0.36443148688046645
17416,4,1,0.7197309417040358
17417,5,0,0.10624706434945984
17418,5,0,0.10624706434945984
17419,2,0,0.1051693404634581
17420,4,0,0.10846181427034779
17421,5,0,0.10624706434945984
17422,2,0,0.1051693404634581
17423,3,0,0.1743920972644377
17424,4,0,0.10846181427034779
17425,5,0,0.10624706434945984
17426,4,0,0.10846181427034779
17427,4,0,0.10846181427034779
17428,1,0,0.09750492449113592
17429,4,1,0.7197309417040358
17430,4,0,0.10846181427034779
17431,5,0,0.17265193370165746
17432,3,0,0.10848338260324286
17433,2,1,0.27938671209540034
17434,3,0,0.10848338260324286
17435,3,0,0.1743920972644377
17436,2,0,0.27938671209540034
17437,3,0,0.10848338260324286
17438,1,0,0.1750291715285881
17439,4,0,0.36443148688046645
17440,3,0,0.10848338260324286
17441,4,0,0.2782089552238806
17442,2,0,0.17620376831821355
17443,4,0,0.7197309417040358
17444,3,0,0.10848338260324286
17445,5,0,0.10624706434945984
17446,5,0,0.10624706434945984
17447,2,1,0.6916956737941323
17448,2,1,0.27938671209540034
17449,2,0,0.1051693404634581
17450,5,0,0.10624706434945984
17451,3,0,0.3774703557312253
17452,2,0,0.1051693404634581
17453,5,0,0.10624706434945984
17454,4,0,0.10846181427034779
17455,4,0,0.2782089552238806
17456,3,0,0.10848338260324286
17457,3,0,0.27732558139534885
17458,2,1,0.3931203931203931
17459,4,0,0.10846181427034779
17460,4,0,0.10846181427034779
17461,4,0,0.10846181427034779
17462,2,0,0.17620376831821355
17463,5,1,0.6489626556016598
17464,5,0,0.10624706434945984
17465,4,0,0.10846181427034779
17466,3,0,0.10848338260324286
17467,2,0,0.1051693404634581
17468,3,0,0.1743920972644377
17469,5,0,0.10624706434945984
17470,5,0,0.10624706434945984
17471,5,0,0.17265193370165746
17472,4,0,0.10846181427034779
17473,4,1,0.10846181427034779
17474,4,1,0.2782089552238806
17475,5,0,0.2745320476460579
17476,3,0,0.10848338260324286
17477,3,1,0.7204419889502762
17478,3,0,0.1743920972644377
17479,4,0,0.10846181427034779
17480,5,0,0.10624706434945984
17481,1,0,0.7188195991091314
17482,1,0,0.09750492449113592
17483,2,1,0.1051693404634581
17484,3,0,0.10848338260324286
17485,4,0,0.10846181427034779
17486,1,0,0.4164420485175202
17487,4,0,0.10846181427034779
17488,3,0,0.10848338260324286
17489,2,1,0.3931203931203931
17490,2,0,0.1051693404634581
17491,4,0,0.10846181427034779
17492,3,1,0.7204419889502762
17493,4,0,0.10846181427034779
17494,1,0,0.1750291715285881
17495,1,0,0.2664359861591695
17496,1,0,0.09750492449113592
17497,5,1,0.4191852825229961
17498,2,0,0.1051693404634581
17499,5,0,0.10624706434945984
17500,2,0,0.1051693404634581
17501,5,0,0.10624706434945984
17502,1,0,0.09750492449113592
17503,3,0,0.10848338260324286
17504,4,0,0.10846181427034779
17505,2,1,0.1051693404634581
17506,4,0,0.10846181427034779
17507,1,0,0.09750492449113592
17508,1,1,0.7188195991091314
17509,1,0,0.1750291715285881
17510,1,0,0.09750492449113592
17511,2,0,0.1051693404634581
17512,5,0,0.10624706434945984
17513,5,1,0.2745320476460579
17514,2,1,0.6916956737941323
17515,3,0,0.10848338260324286
17516,4,0,0.10846181427034779
17517,3,1,0.10848338260324286
17518,2,0,0.1051693404634581
17519,1,0,0.1750291715285881
17520,4,0,0.10846181427034779
17521,4,0,0.36443148688046645
17522,3,1,0.10848338260324286
17523,1,0,0.09750492449113592
17524,5,0,0.17265193370165746
17525,3,0,0.10848338260324286
17526,2,0,0.3931203931203931
17527,4,0,0.10846181427034779
17528,4,0,0.10846181427034779
17529,3,1,0.7204419889502762
17530,3,1,0.10848338260324286
17531,5,0,0.10624706434945984
17532,5,1,0.2745320476460579
17533,4,0,0.17377182298010557
17534,1,0,0.1750291715285881
17535,1,0,0.09750492449113592
17536,1,0,0.09750492449113592
17537,2,0,0.27938671209540034
17538,4,0,0.10846181427034779
17539,1,1,0.7188195991091314
17540,1,0,0.09750492449113592
17541,4,1,0.7197309417040358
17542,1,0,0.7188195991091314
17543,3,0,0.10848338260324286
17544,3,0,0.7204419889502762
17545,1,0,0.1750291715285881
17546,3,0,0.10848338260324286
17547,4,0,0.10846181427034779
17548,1,0,0.1750291715285881
17549,5,0,0.10624706434945984
17550,1,1,0.09750492449113592
17551,5,0,0.17265193370165746
17552,5,0,0.7639751552795031
17553,3,0,0.10848338260324286
17554,3,0,0.1743920972644377
17555,3,0,0.27732558139534885
17556,2,0,0.3167420814479638
17557,4,1,0.5256124721603563
17558,3,0,0.10848338260324286
17559,5,1,0.7639751552795031
17560,4,0,0.2782089552238806
17561,4,0,0.10846181427034779
17562,4,1,0.10846181427034779
17563,1,0,0.09750492449113592
17564,4,1,0.10846181427034779
17565,5,0,0.10624706434945984
17566,5,0,0.17265193370165746
17567,4,0,0.10846181427034779
17568,5,0,0.17265193370165746
17569,2,0,0.1051693404634581
17570,2,0,0.27938671209540034
17571,1,1,0.09750492449113592
17572,2,0,0.27938671209540034
17573,3,1,0.10848338260324286
17574,2,0,0.1051693404634581
17575,1,0,0.09750492449113592
17576,1,0,0.09750492449113592
17577,5,0,0.2745320476460579
17578,2,0,0.1051693404634581
17579,4,0,0.10846181427034779
17580,1,0,0.7188195991091314
17581,3,0,0.10848338260324286
17582,1,0,0.09750492449113592
17583,3,0,0.10848338260324286
17584,1,0,0.09750492449113592
17585,4,1,0.7197309417040358
17586,5,0,0.10624706434945984
17587,5,1,0.6489626556016598
17588,4,1,0.36443148688046645
17589,5,1,0.6489626556016598
17590,5,0,0.10624706434945984
17591,1,0,0.09750492449113592
17592,5,0,0.2745320476460579
17593,2,0,0.1051693404634581
17594,3,1,0.7204419889502762
17595,2,0,0.1051693404634581
17596,1,1,0.7188195991091314
17597,4,0,0.10846181427034779
17598,4,0,0.10846181427034779
17599,3,1,0.27732558139534885
17600,1,0,0.1750291715285881
17601,3,0,0.10848338260324286
17602,2,0,0.1051693404634581
17603,4,0,0.10846181427034779
17604,5,0,0.10624706434945984
17605,2,1,0.27938671209540034
17606,4,0,0.17377182298010557
17607,1,0,0.09750492449113592
17608,2,1,0.1051693404634581
17609,1,0,0.09750492449113592
17610,3,0,0.10848338260324286
17611,4,0,0.31981981981981983
17612,5,0,0.17265193370165746
17613,1,0,0.7188195991091314
17614,2,0,0.1051693404634581
17615,5,0,0.10624706434945984
17616,1,1,0.1750291715285881
17617,5,1,0.4191852825229961
17618,4,0,0.10846181427034779
17619,2,0,0.27938671209540034
17620,4,1,0.17377182298010557
17621,5,0,0.10624706434945984
17622,2,0,0.27938671209540034
17623,3,0,0.27732558139534885
17624,4,0,0.10846181427034779
17625,3,0,0.10848338260324286
17626,3,0,0.538961038961039
17627,5,1,0.6489626556016598
17628,2,1,0.1051693404634581
17629,3,0,0.1743920972644377
17630,3,0,0.1743920972644377
17631,5,0,0.10624706434945984
17632,2,0,0.1051693404634581
17633,1,1,0.1750291715285881
17634,3,0,0.10848338260324286
17635,5,0,0.10624706434945984
17636,4,1,0.10846181427034779
17637,1,0,0.09750492449113592
17638,4,1,0.7197309417040358
17639,4,0,0.10846181427034779
17640,4,0,0.10846181427034779
17641,1,0,0.09750492449113592
17642,4,1,0.7197309417040358
17643,3,0,0.10848338260324286
17644,2,0,0.1051693404634581
17645,5,1,0.17265193370165746
17646,3,0,0.10848338260324286
17647,1,0,0.09750492449113592
17648,4,0,0.2782089552238806
17649,4,1,0.10846181427034779
17650,2,0,0.17620376831821355
17651,1,0,0.09750492449113592
17652,5,0,0.10624706434945984
17653,4,0,0.10846181427034779
17654,1,0,0.1750291715285881
17655,3,0,0.1743920972644377
17656,3,1,0.27732558139534885
17657,1,1,0.09750492449113592
17658,3,1,0.7204419889502762
17659,4,1,0.17377182298010557
17660,4,0,0.10846181427034779
17661,1,0,0.2579210672595887
17662,5,0,0.10624706434945984
17663,4,0,0.10846181427034779
17664,2,0,0.6916956737941323
17665,1,0,0.1750291715285881
17666,1,0,0.09750492449113592
17667,1,0,0.2624521072796935
17668,4,0,0.7197309417040358
17669,2,1,0.6916956737941323
17670,2,0,0.1051693404634581
17671,2,0,0.1051693404634581
17672,5,0,0.10624706434945984
17673,4,0,0.36443148688046645
17674,3,0,0.1743920972644377
17675,5,0,0.17265193370165746
17676,5,0,0.17265193370165746
17677,4,0,0.10846181427034779
17678,3,0,0.10848338260324286
17679,1,0,0.09750492449113592
17680,4,0,0.10846181427034779
17681,3,0,0.10848338260324286
17682,2,1,0.3931203931203931
17683,5,1,0.17265193370165746
17684,2,0,0.27938671209540034
17685,5,0,0.5300668151447662
17686,1,1,0.2579210672595887
17687,2,0,0.1051693404634581
17688,2,0,0.1051693404634581
17689,2,1,0.27938671209540034
17690,5,0,0.10624706434945984
17691,5,1,0.10624706434945984
17692,4,0,0.10846181427034779
17693,2,0,0.3931203931203931
17694,1,0,0.09750492449113592
17695,2,1,0.5244444444444445
17696,5,0,0.17265193370165746
17697,2,0,0.17620376831821355
17698,1,0,0.7188195991091314
17699,1,0,0.09750492449113592
17700,2,0,0.1051693404634581
17701,2,1,0.3931203931203931
17702,2,0,0.1051693404634581
17703,4,0,0.7197309417040358
17704,5,0,0.10624706434945984
17705,1,1,0.5128205128205128
17706,5,1,0.6489626556016598
17707,1,0,0.09750492449113592
17708,1,0,0.1750291715285881
17709,3,0,0.10848338260324286
17710,3,0,0.10848338260324286
17711,2,0,0.17620376831821355
17712,3,0,0.10848338260324286
17713,2,0,0.1051693404634581
17714,2,0,0.1051693404634581
17715,3,0,0.10848338260324286
17716,1,0,0.09750492449113592
17717,2,0,0.1051693404634581
17718,5,0,0.17265193370165746
17719,4,0,0.36443148688046645
17720,2,0,0.1051693404634581
17721,4,0,0.2782089552238806
17722,5,0,0.17265193370165746
17723,1,0,0.09750492449113592
17724,2,0,0.17620376831821355
17725,5,0,0.10624706434945984
17726,1,0,0.09750492449113592
17727,3,0,0.10848338260324286
17728,2,0,0.17620376831821355
17729,5,1,0.17265193370165746
17730,3,1,0.10848338260324286
17731,2,0,0.6916956737941323
17732,3,0,0.1743920972644377
17733,4,0,0.7197309417040358
17734,2,0,0.1051693404634581
17735,5,0,0.10624706434945984
17736,3,0,0.10848338260324286
17737,1,0,0.2579210672595887
17738,5,0,0.10624706434945984
17739,3,1,0.3774703557312253
17740,1,0,0.09750492449113592
17741,5,0,0.10624706434945984
17742,2,0,0.1051693404634581
17743,4,0,0.10846181427034779
17744,1,1,0.1750291715285881
17745,1,0,0.5128205128205128
17746,1,1,0.2664359861591695
17747,5,0,0.17265193370165746
17748,3,0,0.10848338260324286
17749,5,0,0.10624706434945984
17750,2,0,0.1051693404634581
17751,1,0,0.09750492449113592
17752,3,1,0.1743920972644377
17753,5,0,0.10624706434945984
17754,1,0,0.1750291715285881
17755,4,0,0.10846181427034779
17756,5,0,0.17265193370165746
17757,4,1,0.10846181427034779
17758,5,0,0.10624706434945984
17759,5,1,0.10624706434945984
17760,3,0,0.10848338260324286
17761,5,0,0.17265193370165746
17762,5,0,0.10624706434945984
17763,5,0,0.10624706434945984
17764,3,0,0.10848338260324286
17765,4,0,0.10846181427034779
17766,4,0,0.10846181427034779
17767,2,1,0.17620376831821355
17768,4,0,0.17377182298010557
17769,1,0,0.09750492449113592
17770,5,1,0.4191852825229961
17771,3,1,0.27732558139534885
17772,5,0,0.10624706434945984
17773,4,0,0.10846181427034779
17774,2,1,0.5244444444444445
17775,3,1,0.10848338260324286
17776,4,0,0.10846181427034779
17777,2,1,0.27938671209540034
17778,3,1,0.7204419889502762
17779,2,0,0.1051693404634581
17780,5,0,0.10624706434945984
17781,5,0,0.17265193370165746
17782,4,0,0.10846181427034779
17783,1,1,0.1750291715285881
17784,4,0,0.2782089552238806
17785,1,0,0.09750492449113592
17786,2,0,0.17620376831821355
17787,1,0,0.7188195991091314
17788,3,0,0.7204419889502762
17789,5,0,0.10624706434945984
17790,4,0,0.10846181427034779
17791,2,0,0.1051693404634581
17792,1,0,0.2579210672595887
17793,3,0,0.10848338260324286
17794,4,1,0.7197309417040358
17795,3,1,0.1743920972644377
17796,2,0,0.27938671209540034
17797,1,0,0.09750492449113592
17798,4,0,0.10846181427034779
17799,3,0,0.3722943722943723
17800,1,0,0.7188195991091314
17801,2,1,0.17620376831821355
17802,3,0,0.1743920972644377
17803,2,0,0.1051693404634581
17804,5,0,0.10624706434945984
17805,5,1,0.6489626556016598
17806,5,1,0.6489626556016598
17807,2,1,0.6916956737941323
17808,1,0,0.1750291715285881
17809,3,0,0.10848338260324286
17810,4,1,0.31981981981981983
17811,2,0,0.27938671209540034
17812,5,0,0.10624706434945984
17813,3,0,0.1743920972644377
17814,3,0,0.10848338260324286
17815,4,1,0.7197309417040358
17816,4,1,0.17377182298010557
17817,3,0,0.3774703557312253
17818,2,0,0.17620376831821355
17819,5,0,0.2745320476460579
17820,5,0,0.10624706434945984
17821,5,0,0.10624706434945984
17822,4,0,0.7197309417040358
17823,1,1,0.7188195991091314
17824,5,0,0.10624706434945984
17825,1,0,0.2579210672595887
17826,2,0,0.1051693404634581
17827,3,0,0.1743920972644377
17828,3,0,0.1743920972644377
17829,1,0,0.09750492449113592
17830,1,0,0.1750291715285881
17831,1,0,0.09750492449113592
17832,2,0,0.1051693404634581
17833,4,1,0.10846181427034779
17834,2,1,0.1051693404634581
17835,1,0,0.09750492449113592
17836,2,0,0.1051693404634581
17837,2,0,0.5244444444444445
17838,5,0,0.10624706434945984
17839,2,0,0.1051693404634581
17840,1,1,0.2579210672595887
17841,5,1,0.6489626556016598
17842,1,0,0.1750291715285881
17843,2,0,0.1051693404634581
17844,4,0,0.31981981981981983
17845,5,0,0.10624706434945984
17846,4,0,0.10846181427034779
17847,2,0,0.17620376831821355
17848,4,1,0.10846181427034779
17849,2,0,0.1051693404634581
17850,5,0,0.17265193370165746
17851,3,0,0.10848338260324286
17852,4,0,0.10846181427034779
17853,2,0,0.3931203931203931
17854,2,0,0.1051693404634581
17855,5,0,0.10624706434945984
17856,1,0,0.2664359861591695
17857,1,0,0.09750492449113592
17858,3,0,0.1743920972644377
17859,1,0,0.09750492449113592
17860,2,1,0.1051693404634581
17861,5,0,0.10624706434945984
17862,4,0,0.10846181427034779
17863,2,0,0.1051693404634581
17864,1,0,0.09750492449113592
17865,2,0,0.1051693404634581
17866,2,0,0.1051693404634581
17867,4,0,0.17377182298010557
17868,3,1,0.7204419889502762
17869,3,1,0.10848338260324286
17870,3,0,0.3774703557312253
17871,1,1,0.09750492449113592
17872,5,0,0.2745320476460579
17873,2,0,0.1051693404634581
17874,1,0,0.09750492449113592
17875,5,0,0.2745320476460579
17876,2,0,0.1051693404634581
17877,5,1,0.17265193370165746
17878,1,0,0.09750492449113592
17879,5,0,0.10624706434945984
17880,1,1,0.7188195991091314
17881,2,0,0.1051693404634581
17882,4,0,0.2782089552238806
17883,3,0,0.1743920972644377
17884,1,1,0.7188195991091314
17885,1,1,0.7188195991091314
17886,4,0,0.10846181427034779
17887,2,0,0.17620376831821355
17888,3,1,0.7204419889502762
17889,4,0,0.10846181427034779
17890,1,0,0.09750492449113592
17891,5,0,0.10624706434945984
17892,2,0,0.3931203931203931
17893,2,0,0.17620376831821355
17894,4,0,0.36443148688046645
17895,4,0,0.10846181427034779
17896,2,0,0.1051693404634581
17897,4,0,0.2782089552238806
17898,4,1,0.7197309417040358
17899,2,0,0.1051693404634581
17900,2,0,0.1051693404634581
17901,5,1,0.10624706434945984
17902,3,0,0.10848338260324286
17903,3,0,0.3774703557312253
17904,5,0,0.10624706434945984
17905,5,0,0.6489626556016598
17906,2,0,0.17620376831821355
17907,1,0,0.2579210672595887
17908,4,1,0.7197309417040358
17909,3,0,0.10848338260324286
17910,5,0,0.2850467289719626
17911,1,0,0.2664359861591695
17912,5,0,0.10624706434945984
17913,2,0,0.27938671209540034
17914,2,0,0.1051693404634581
17915,1,1,0.7188195991091314
17916,3,0,0.1743920972644377
17917,1,0,0.09750492449113592
17918,2,0,0.3931203931203931
17919,5,1,0.17265193370165746
17920,1,0,0.1750291715285881
17921,2,0,0.1051693404634581
17922,2,0,0.1051693404634581
17923,5,0,0.10624706434945984
17924,1,0,0.5128205128205128
17925,5,1,0.10624706434945984
17926,1,1,0.4164420485175202
17927,5,0,0.10624706434945984
17928,5,0,0.10624706434945984
17929,2,0,0.27938671209540034
17930,5,0,0.10624706434945984
17931,5,1,0.17265193370165746
17932,4,0,0.17377182298010557
17933,4,0,0.10846181427034779
17934,1,0,0.2579210672595887
17935,2,0,0.1051693404634581
17936,4,0,0.2782089552238806
17937,1,0,0.09750492449113592
17938,2,0,0.1051693404634581
17939,3,0,0.10848338260324286
17940,4,0,0.10846181427034779
17941,5,1,0.17265193370165746
17942,2,0,0.17620376831821355
17943,4,0,0.10846181427034779
17944,3,0,0.7204419889502762
17945,5,0,0.10624706434945984
17946,2,1,0.1051693404634581
17947,4,0,0.10846181427034779
17948,5,0,0.10624706434945984
17949,2,0,0.1051693404634581
17950,5,0,0.10624706434945984
17951,2,0,0.1051693404634581
17952,5,0,0.17265193370165746
17953,3,0,0.10848338260324286
17954,3,1,0.10848338260324286
17955,1,0,0.09750492449113592
17956,1,0,0.1750291715285881
17957,5,0,0.10624706434945984
17958,4,0,0.10846181427034779
17959,3,1,0.10848338260324286
17960,1,0,0.09750492449113592
17961,1,0,0.09750492449113592
17962,1,0,0.09750492449113592
17963,1,0,0.1750291715285881
17964,5,1,0.6489626556016598
17965,5,0,0.10624706434945984
17966,5,0,0.4191852825229961
17967,5,1,0.2745320476460579
17968,5,0,0.10624706434945984
17969,2,1,0.3931203931203931
17970,3,0,0.10848338260324286
17971,2,0,0.17620376831821355
17972,4,0,0.10846181427034779
17973,5,1,0.7639751552795031
17974,3,1,0.7204419889502762
17975,1,1,0.7188195991091314
17976,2,0,0.1051693404634581
17977,4,0,0.10846181427034779
17978,1,0,0.1750291715285881
17979,5,0,0.10624706434945984
17980,4,0,0.10846181427034779
17981,5,1,0.10624706434945984
17982,2,0,0.27938671209540034
17983,4,0,0.7197309417040358
17984,3,0,0.10848338260324286
17985,3,0,0.1743920972644377
17986,1,0,0.1750291715285881
17987,3,1,0.7204419889502762
17988,5,0,0.5300668151447662
17989,5,0,0.17265193370165746
17990,4,0,0.2782089552238806
17991,1,0,0.09750492449113592
17992,2,0,0.27938671209540034
17993,5,0,0.10624706434945984
17994,4,1,0.10846181427034779
17995,3,1,0.7204419889502762
17996,2,0,0.1051693404634581
17997,3,1,0.1743920972644377
17998,1,0,0.09750492449113592
17999,1,1,0.7188195991091314
18000,1,0,0.1750291715285881
18001,3,0,0.538961038961039
18002,5,0,0.2745320476460579
18003,4,1,0.10846181427034779
18004,2,0,0.27938671209540034
18005,5,0,0.17265193370165746
18006,2,0,0.1051693404634581
18007,1,0,0.2579210672595887
18008,3,1,0.10848338260324286
18009,2,0,0.27938671209540034
18010,3,0,0.1743920972644377
18011,1,0,0.09750492449113592
18012,4,1,0.2782089552238806
18013,2,0,0.1051693404634581
18014,5,0,0.10624706434945984
18015,2,0,0.1051693404634581
18016,5,0,0.10624706434945984
18017,5,1,0.10624706434945984
18018,1,0,0.09750492449113592
18019,3,0,0.10848338260324286
18020,5,0,0.10624706434945984
18021,3,1,0.4647058823529412
18022,2,0,0.1051693404634581
18023,4,1,0.7197309417040358
18024,2,0,0.17620376831821355
18025,3,0,0.10848338260324286
18026,1,0,0.09750492449113592
18027,3,0,0.10848338260324286
18028,2,1,0.1051693404634581
18029,4,0,0.10846181427034779
18030,4,0,0.10846181427034779
18031,5,0,0.17265193370165746
18032,4,0,0.10846181427034779
18033,5,0,0.10624706434945984
18034,4,0,0.17377182298010557
18035,3,0,0.1743920972644377
18036,1,0,0.09750492449113592
18037,2,0,0.6916956737941323
18038,2,0,0.1051693404634581
18039,1,0,0.09750492449113592
18040,1,0,0.09750492449113592
18041,1,1,0.09750492449113592
18042,3,0,0.27732558139534885
18043,3,1,0.7204419889502762
18044,5,1,0.6489626556016598
18045,1,0,0.2579210672595887
18046,3,0,0.10848338260324286
18047,4,0,0.10846181427034779
18048,1,0,0.1750291715285881
18049,5,0,0.10624706434945984
18050,2,0,0.3931203931203931
18051,5,0,0.17265193370165746
18052,4,0,0.10846181427034779
18053,3,0,0.10848338260324286
18054,2,0,0.17620376831821355
18055,5,0,0.10624706434945984
18056,3,1,0.7204419889502762
18057,4,0,0.7197309417040358
18058,1,1,0.5276497695852534
18059,3,0,0.10848338260324286
18060,4,0,0.10846181427034779
18061,1,0,0.4164420485175202
18062,5,0,0.10624706434945984
18063,3,1,0.538961038961039
18064,5,0,0.5300668151447662
18065,3,1,0.7204419889502762
18066,5,0,0.10624706434945984
18067,5,0,0.10624706434945984
18068,4,0,0.31981981981981983
18069,5,0,0.10624706434945984
18070,2,0,0.1051693404634581
18071,2,0,0.1051693404634581
18072,5,0,0.10624706434945984
18073,3,0,0.10848338260324286
18074,2,0,0.1051693404634581
18075,3,0,0.10848338260324286
18076,5,0,0.17265193370165746
18077,3,0,0.10848338260324286
18078,3,0,0.10848338260324286
18079,4,0,0.10846181427034779
18080,1,0,0.09750492449113592
18081,2,0,0.3931203931203931
18082,4,0,0.10846181427034779
18083,2,1,0.17620376831821355
18084,2,0,0.27938671209540034
18085,4,1,0.2782089552238806
18086,1,1,0.1750291715285881
18087,1,0,0.09750492449113592
18088,1,0,0.09750492449113592
18089,4,0,0.10846181427034779
18090,4,0,0.17377182298010557
18091,2,0,0.1051693404634581
18092,4,0,0.10846181427034779
18093,4,0,0.10846181427034779
18094,3,0,0.10848338260324286
18095,4,0,0.10846181427034779
18096,4,0,0.2782089552238806
18097,1,0,0.09750492449113592
18098,1,0,0.1750291715285881
18099,5,1,0.4191852825229961
18100,4,0,0.17377182298010557
18101,3,0,0.10848338260324286
18102,4,1,0.7197309417040358
18103,2,0,0.1051693404634581
18104,1,0,0.09750492449113592
18105,1,0,0.2579210672595887
18106,5,0,0.10624706434945984
18107,5,0,0.10624706434945984
18108,3,0,0.10848338260324286
18109,2,0,0.27938671209540034
18110,3,0,0.10848338260324286
18111,2,0,0.1051693404634581
18112,1,0,0.1750291715285881
18113,3,1,0.27732558139534885
18114,2,1,0.5244444444444445
18115,4,1,0.10846181427034779
18116,4,0,0.36443148688046645
18117,2,0,0.1051693404634581
18118,5,0,0.17265193370165746
18119,3,0,0.1743920972644377
18120,5,1,0.5300668151447662
18121,4,1,0.36443148688046645
18122,5,1,0.2745320476460579
18123,4,0,0.10846181427034779
18124,1,0,0.2579210672595887
18125,1,0,0.1750291715285881
18126,2,1,0.27938671209540034
18127,5,1,0.6489626556016598
18128,2,0,0.1051693404634581
18129,4,1,0.17377182298010557
18130,2,0,0.1051693404634581
18131,5,1,0.10624706434945984
18132,3,0,0.10848338260324286
18133,2,0,0.27938671209540034
18134,3,0,0.10848338260324286
18135,3,0,0.10848338260324286
18136,3,0,0.10848338260324286
18137,5,0,0.10624706434945984
18138,1,0,0.09750492449113592
18139,3,0,0.3722943722943723
18140,1,0,0.7188195991091314
18141,4,0,0.10846181427034779
18142,3,0,0.1743920972644377
18143,3,0,0.10848338260324286
18144,1,0,0.5276497695852534
18145,3,1,0.27732558139534885
18146,5,0,0.5300668151447662
18147,5,0,0.10624706434945984
18148,4,1,0.7197309417040358
18149,2,0,0.1051693404634581
18150,2,0,0.3931203931203931
18151,4,0,0.10846181427034779
18152,1,1,0.09750492449113592
18153,2,0,0.1051693404634581
18154,5,0,0.10624706434945984
18155,4,0,0.10846181427034779
18156,1,0,0.09750492449113592
18157,2,0,0.6916956737941323
18158,2,0,0.3931203931203931
18159,5,0,0.6489626556016598
18160,4,0,0.17377182298010557
18161,5,1,0.6489626556016598
18162,1,0,0.09750492449113592
18163,4,0,0.7197309417040358
18164,3,0,0.10848338260324286
18165,1,1,0.7188195991091314
18166,4,0,0.10846181427034779
18167,2,0,0.1051693404634581
18168,4,1,0.10846181427034779
18169,1,0,0.09750492449113592
18170,1,0,0.2579210672595887
18171,2,0,0.5244444444444445
18172,4,0,0.17377182298010557
18173,1,0,0.09750492449113592
18174,2,1,0.1051693404634581
18175,2,0,0.1051693404634581
18176,3,0,0.10848338260324286
18177,2,0,0.5244444444444445
18178,4,0,0.10846181427034779
18179,2,1,0.1051693404634581
18180,4,0,0.10846181427034779
18181,3,0,0.10848338260324286
18182,3,0,0.1743920972644377
18183,2,0,0.1051693404634581
18184,3,1,0.7204419889502762
18185,3,0,0.10848338260324286
18186,4,0,0.10846181427034779
18187,2,1,0.27938671209540034
18188,1,1,0.7188195991091314
18189,2,1,0.17620376831821355
18190,3,0,0.27732558139534885
18191,2,1,0.6916956737941323
18192,1,1,0.7188195991091314
18193,1,0,0.09750492449113592
18194,2,0,0.1051693404634581
18195,2,0,0.17620376831821355
18196,5,0,0.10624706434945984
18197,1,0,0.5128205128205128
18198,4,0,0.2782089552238806
18199,1,0,0.09750492449113592
18200,1,0,0.09750492449113592
18201,5,0,0.10624706434945984
18202,5,1,0.10624706434945984
18203,1,0,0.2579210672595887
18204,5,0,0.10624706434945984
18205,3,0,0.10848338260324286
18206,2,1,0.6916956737941323
18207,5,0,0.17265193370165746
18208,4,0,0.10846181427034779
18209,4,0,0.10846181427034779
18210,3,0,0.10848338260324286
18211,2,0,0.1051693404634581
18212,4,0,0.10846181427034779
18213,4,0,0.10846181427034779
18214,3,0,0.10848338260324286
18215,5,1,0.6489626556016598
18216,4,0,0.10846181427034779
18217,5,1,0.10624706434945984
18218,1,0,0.2579210672595887
18219,5,0,0.4191852825229961
18220,3,1,0.3774703557312253
18221,1,0,0.2579210672595887
18222,5,0,0.10624706434945984
18223,5,1,0.10624706434945984
18224,4,0,0.10846181427034779
18225,5,0,0.17265193370165746
18226,4,0,0.10846181427034779
18227,4,0,0.10846181427034779
18228,5,0,0.17265193370165746
18229,3,0,0.27732558139534885
18230,1,1,0.2624521072796935
18231,5,1,0.17265193370165746
18232,1,0,0.4164420485175202
18233,3,0,0.10848338260324286
18234,3,1,0.7204419889502762
18235,1,0,0.1750291715285881
18236,5,1,0.7639751552795031
18237,2,0,0.1051693404634581
18238,1,0,0.09750492449113592
18239,1,0,0.09750492449113592
18240,3,0,0.10848338260324286
18241,3,0,0.10848338260324286
18242,4,1,0.17377182298010557
18243,5,0,0.5300668151447662
18244,4,0,0.10846181427034779
18245,2,0,0.1051693404634581
18246,4,0,0.17377182298010557
18247,4,0,0.10846181427034779
18248,3,0,0.27732558139534885
18249,4,0,0.2782089552238806
18250,5,1,0.17265193370165746
18251,3,0,0.10848338260324286
18252,1,0,0.4164420485175202
18253,1,0,0.09750492449113592
18254,4,1,0.10846181427034779
18255,2,0,0.1051693404634581
18256,1,0,0.1750291715285881
18257,2,0,0.1051693404634581
18258,5,0,0.10624706434945984
18259,2,0,0.17620376831821355
18260,4,0,0.17377182298010557
18261,5,0,0.10624706434945984
18262,2,0,0.5244444444444445
18263,1,0,0.1750291715285881
18264,1,1,0.7188195991091314
18265,4,1,0.2782089552238806
18266,4,1,0.10846181427034779
18267,4,0,0.17377182298010557
18268,1,0,0.1750291715285881
18269,3,0,0.1743920972644377
18270,5,0,0.10624706434945984
18271,3,1,0.10848338260324286
18272,1,0,0.09750492449113592
18273,1,0,0.2579210672595887
18274,2,1,0.6916956737941323
18275,1,1,0.4164420485175202
18276,3,0,0.3722943722943723
18277,2,0,0.6916956737941323
18278,3,0,0.1743920972644377
18279,4,0,0.17377182298010557
18280,1,0,0.09750492449113592
18281,2,0,0.1051693404634581
18282,3,0,0.10848338260324286
18283,5,0,0.17265193370165746
18284,5,0,0.17265193370165746
18285,1,1,0.1750291715285881
18286,3,0,0.27732558139534885
18287,3,1,0.10848338260324286
18288,1,1,0.09750492449113592
18289,5,0,0.6489626556016598
18290,5,0,0.2745320476460579
18291,3,0,0.7204419889502762
18292,3,1,0.7204419889502762
18293,4,0,0.10846181427034779
18294,1,0,0.09750492449113592
18295,2,1,0.6916956737941323
18296,4,0,0.10846181427034779
18297,3,0,0.1743920972644377
18298,4,0,0.10846181427034779
18299,5,1,0.10624706434945984
18300,3,0,0.1743920972644377
18301,1,0,0.09750492449113592
18302,4,0,0.10846181427034779
18303,3,1,0.27732558139534885
18304,2,0,0.1051693404634581
18305,1,0,0.1750291715285881
18306,1,1,0.7188195991091314
18307,5,0,0.17265193370165746
18308,3,0,0.27732558139534885
18309,2,1,0.6916956737941323
18310,2,1,0.6916956737941323
18311,2,1,0.17620376831821355
18312,1,0,0.09750492449113592
18313,2,0,0.1051693404634581
18314,2,0,0.27938671209540034
18315,5,1,0.5300668151447662
18316,5,0,0.10624706434945984
18317,5,0,0.17265193370165746
18318,3,0,0.10848338260324286
18319,3,1,0.10848338260324286
18320,3,0,0.1743920972644377
18321,1,0,0.09750492449113592
18322,3,0,0.10848338260324286
18323,2,0,0.1051693404634581
18324,2,0,0.1051693404634581
18325,5,0,0.7639751552795031
18326,4,0,0.17377182298010557
18327,1,0,0.09750492449113592
18328,1,0,0.09750492449113592
18329,5,0,0.10624706434945984
18330,4,0,0.10846181427034779
18331,3,0,0.10848338260324286
18332,1,0,0.1750291715285881
18333,3,1,0.10848338260324286
18334,5,0,0.17265193370165746
18335,3,0,0.10848338260324286
18336,5,0,0.2745320476460579
18337,3,0,0.10848338260324286
18338,1,0,0.1750291715285881
18339,5,0,0.10624706434945984
18340,5,1,0.2745320476460579
18341,5,0,0.17265193370165746
18342,5,0,0.2745320476460579
18343,4,1,0.10846181427034779
18344,2,0,0.17620376831821355
18345,3,1,0.27732558139534885
18346,2,0,0.1051693404634581
18347,4,0,0.17377182298010557
18348,2,1,0.1051693404634581
18349,5,0,0.10624706434945984
18350,2,0,0.17620376831821355
18351,1,0,0.09750492449113592
18352,2,0,0.1051693404634581
18353,4,0,0.10846181427034779
18354,2,1,0.6916956737941323
18355,1,0,0.09750492449113592
18356,4,0,0.10846181427034779
18357,2,0,0.17620376831821355
18358,2,0,0.1051693404634581
18359,3,0,0.10848338260324286
18360,3,0,0.10848338260324286
18361,3,0,0.10848338260324286
18362,3,0,0.10848338260324286
18363,3,0,0.10848338260324286
18364,5,0,0.17265193370165746
18365,2,1,0.17620376831821355
18366,2,0,0.1051693404634581
18367,2,0,0.27938671209540034
18368,5,0,0.10624706434945984
18369,5,1,0.10624706434945984
18370,3,1,0.7204419889502762
18371,1,0,0.1750291715285881
18372,1,1,0.7188195991091314
18373,3,0,0.10848338260324286
18374,3,1,0.3774703557312253
18375,2,0,0.1051693404634581
18376,3,1,0.10848338260324286
18377,5,0,0.10624706434945984
18378,4,0,0.10846181427034779
18379,2,1,0.6916956737941323
18380,3,0,0.3774703557312253
18381,5,0,0.10624706434945984
18382,3,0,0.1743920972644377
18383,5,1,0.6489626556016598
18384,4,0,0.10846181427034779
18385,1,0,0.1750291715285881
18386,5,1,0.5300668151447662
18387,1,1,0.2624521072796935
18388,2,0,0.27938671209540034
18389,1,0,0.09750492449113592
18390,3,0,0.10848338260324286
18391,2,0,0.1051693404634581
18392,4,0,0.5256124721603563
18393,1,0,0.1750291715285881
18394,1,0,0.1750291715285881
18395,1,0,0.09750492449113592
18396,3,0,0.10848338260324286
18397,4,0,0.7197309417040358
18398,5,0,0.10624706434945984
18399,4,0,0.7197309417040358
18400,5,0,0.10624706434945984
18401,5,0,0.10624706434945984
18402,5,0,0.17265193370165746
18403,2,0,0.1051693404634581
18404,4,0,0.2782089552238806
18405,4,0,0.17377182298010557
18406,5,1,0.17265193370165746
18407,2,0,0.17620376831821355
18408,1,0,0.09750492449113592
18409,2,0,0.1051693404634581
18410,4,1,0.17377182298010557
18411,3,0,0.10848338260324286
18412,5,0,0.22580645161290322
18413,2,0,0.1051693404634581
18414,5,1,0.6489626556016598
18415,4,0,0.36443148688046645
18416,2,0,0.1051693404634581
18417,3,0,0.10848338260324286
18418,5,0,0.10624706434945984
18419,1,0,0.2579210672595887
18420,4,0,0.31981981981981983
18421,5,0,0.10624706434945984
18422,3,0,0.10848338260324286
18423,4,0,0.10846181427034779
18424,2,0,0.27938671209540034
18425,1,1,0.2579210672595887
18426,5,0,0.10624706434945984
18427,2,0,0.6916956737941323
18428,4,0,0.10846181427034779
18429,1,1,0.09750492449113592
18430,3,0,0.10848338260324286
18431,5,0,0.10624706434945984
18432,4,1,0.7197309417040358
18433,3,0,0.10848338260324286
18434,2,0,0.1051693404634581
18435,5,0,0.2745320476460579
18436,4,0,0.17377182298010557
18437,5,0,0.10624706434945984
18438,4,0,0.10846181427034779
18439,5,1,0.7639751552795031
18440,1,0,0.09750492449113592
18441,5,0,0.10624706434945984
18442,1,0,0.1750291715285881
18443,4,1,0.2782089552238806
18444,3,0,0.10848338260324286
18445,2,0,0.17620376831821355
18446,3,0,0.10848338260324286
18447,3,0,0.3774703557312253
18448,2,0,0.1051693404634581
18449,2,0,0.17620376831821355
18450,2,1,0.6916956737941323
18451,5,0,0.10624706434945984
18452,4,0,0.17377182298010557
18453,1,0,0.09750492449113592
18454,4,1,0.2782089552238806
18455,5,0,0.10624706434945984
18456,4,1,0.2782089552238806
18457,1,0,0.2579210672595887
18458,3,0,0.3774703557312253
18459,1,1,0.7188195991091314
18460,2,0,0.1051693404634581
18461,4,0,0.17377182298010557
18462,5,0,0.17265193370165746
18463,3,0,0.1743920972644377
18464,4,0,0.17377182298010557
18465,1,1,0.1750291715285881
18466,3,1,0.7204419889502762
18467,5,0,0.5300668151447662
18468,3,0,0.27732558139534885
18469,3,1,0.1743920972644377
18470,4,0,0.10846181427034779
18471,4,0,0.10846181427034779
18472,5,0,0.10624706434945984
18473,5,0,0.10624706434945984
18474,3,1,0.10848338260324286
18475,2,0,0.1051693404634581
18476,3,0,0.10848338260324286
18477,2,0,0.1051693404634581
18478,2,1,0.17620376831821355
18479,2,0,0.1051693404634581
18480,3,0,0.10848338260324286
18481,2,0,0.1051693404634581
18482,2,1,0.1051693404634581
18483,4,0,0.36443148688046645
18484,4,0,0.10846181427034779
18485,5,0,0.10624706434945984
18486,4,0,0.10846181427034779
18487,5,0,0.10624706434945984
18488,3,1,0.3774703557312253
18489,3,0,0.538961038961039
18490,2,0,0.17620376831821355
18491,1,0,0.1750291715285881
18492,5,0,0.10624706434945984
18493,4,0,0.10846181427034779
18494,3,1,0.27732558139534885
18495,5,0,0.10624706434945984
18496,1,1,0.7188195991091314
18497,2,1,0.1051693404634581
18498,2,0,0.1051693404634581
18499,4,1,0.10846181427034779
18500,2,0,0.17620376831821355
18501,1,0,0.09750492449113592
18502,5,0,0.22580645161290322
18503,4,0,0.10846181427034779
18504,2,0,0.3167420814479638
18505,4,1,0.10846181427034779
18506,1,0,0.09750492449113592
18507,4,0,0.10846181427034779
18508,1,0,0.4164420485175202
18509,4,0,0.2782089552238806
18510,4,0,0.10846181427034779
18511,3,0,0.10848338260324286
18512,1,0,0.2579210672595887
18513,3,0,0.3774703557312253
18514,2,0,0.1051693404634581
18515,3,0,0.7204419889502762
18516,2,1,0.6916956737941323
18517,2,0,0.1051693404634581
18518,5,0,0.10624706434945984
18519,1,0,0.09750492449113592
18520,3,0,0.10848338260324286
18521,3,0,0.10848338260324286
18522,1,1,0.7188195991091314
18523,1,1,0.1750291715285881
18524,5,0,0.10624706434945984
18525,5,0,0.17265193370165746
18526,4,1,0.7197309417040358
18527,5,0,0.10624706434945984
18528,1,0,0.09750492449113592
18529,4,0,0.2782089552238806
18530,5,1,0.7639751552795031
18531,1,0,0.1750291715285881
18532,1,0,0.2579210672595887
18533,2,0,0.1051693404634581
18534,5,0,0.17265193370165746
18535,2,0,0.1051693404634581
18536,4,0,0.10846181427034779
18537,3,0,0.1743920972644377
18538,1,0,0.09750492449113592
18539,5,1,0.4191852825229961
18540,4,0,0.10846181427034779
18541,1,0,0.09750492449113592
18542,1,1,0.1750291715285881
18543,2,0,0.1051693404634581
18544,4,0,0.17377182298010557
18545,3,0,0.27732558139534885
18546,2,1,0.1051693404634581
18547,4,0,0.10846181427034779
18548,3,0,0.10848338260324286
18549,5,0,0.10624706434945984
18550,4,0,0.10846181427034779
18551,4,0,0.10846181427034779
18552,5,0,0.10624706434945984
18553,4,1,0.5256124721603563
18554,2,0,0.1051693404634581
18555,3,1,0.7204419889502762
18556,2,0,0.1051693404634581
18557,1,1,0.1750291715285881
18558,4,0,0.17377182298010557
18559,3,0,0.10848338260324286
18560,4,0,0.10846181427034779
18561,5,0,0.17265193370165746
18562,2,1,0.5244444444444445
18563,3,0,0.10848338260324286
18564,4,0,0.10846181427034779
18565,5,1,0.2745320476460579
18566,1,0,0.09750492449113592
18567,5,0,0.10624706434945984
18568,3,0,0.10848338260324286
18569,5,1,0.10624706434945984
18570,1,0,0.09750492449113592
18571,4,0,0.31981981981981983
18572,5,1,0.6489626556016598
18573,1,0,0.2664359861591695
18574,5,1,0.6489626556016598
18575,1,0,0.09750492449113592
18576,4,0,0.10846181427034779
18577,4,0,0.17377182298010557
18578,2,0,0.1051693404634581
18579,1,0,0.09750492449113592
18580,2,1,0.17620376831821355
18581,4,0,0.10846181427034779
18582,1,0,0.1750291715285881
18583,1,1,0.09750492449113592
18584,1,0,0.09750492449113592
18585,1,0,0.09750492449113592
18586,4,1,0.7197309417040358
18587,4,0,0.10846181427034779
18588,1,0,0.09750492449113592
18589,3,1,0.3774703557312253
18590,1,0,0.4164420485175202
18591,4,1,0.10846181427034779
18592,3,0,0.10848338260324286
18593,2,0,0.1051693404634581
18594,4,0,0.31981981981981983
18595,1,0,0.1750291715285881
18596,5,1,0.5300668151447662
18597,2,1,0.27938671209540034
18598,3,0,0.27732558139534885
18599,3,0,0.10848338260324286
18600,2,1,0.3931203931203931
18601,4,0,0.17377182298010557
18602,3,0,0.10848338260324286
18603,5,0,0.10624706434945984
18604,1,0,0.1750291715285881
18605,3,0,0.10848338260324286
18606,2,0,0.27938671209540034
18607,1,0,0.09750492449113592
18608,3,0,0.1743920972644377
18609,1,1,0.7188195991091314
18610,5,1,0.10624706434945984
18611,3,0,0.10848338260324286
18612,5,0,0.10624706434945984
18613,2,0,0.1051693404634581
18614,5,0,0.10624706434945984
18615,4,1,0.10846181427034779
18616,4,1,0.10846181427034779
18617,3,0,0.1743920972644377
18618,4,0,0.10846181427034779
18619,4,1,0.10846181427034779
18620,2,0,0.5244444444444445
18621,1,1,0.1750291715285881
18622,3,1,0.1743920972644377
18623,4,0,0.10846181427034779
18624,5,0,0.10624706434945984
18625,4,0,0.10846181427034779
18626,4,0,0.10846181427034779
18627,3,1,0.1743920972644377
18628,3,0,0.10848338260324286
18629,3,0,0.10848338260324286
18630,1,0,0.09750492449113592
18631,3,1,0.10848338260324286
18632,3,0,0.10848338260324286
18633,3,0,0.27732558139534885
18634,4,0,0.10846181427034779
18635,5,0,0.10624706434945984
18636,5,0,0.4191852825229961
18637,5,0,0.10624706434945984
18638,5,0,0.10624706434945984
18639,3,0,0.3722943722943723
18640,5,1,0.6489626556016598
18641,1,1,0.2624521072796935
18642,1,0,0.09750492449113592
18643,1,0,0.09750492449113592
18644,3,1,0.7204419889502762
18645,3,0,0.10848338260324286
18646,4,1,0.53
18647,1,1,0.7188195991091314
18648,2,0,0.1051693404634581
18649,3,1,0.10848338260324286
18650,4,0,0.31981981981981983
18651,5,0,0.10624706434945984
18652,1,0,0.09750492449113592
18653,5,0,0.17265193370165746
18654,5,0,0.2745320476460579
18655,1,0,0.09750492449113592
18656,4,0,0.36443148688046645
18657,1,0,0.09750492449113592
18658,5,1,0.5300668151447662
18659,2,0,0.1051693404634581
18660,1,1,0.7188195991091314
18661,3,1,0.10848338260324286
18662,3,0,0.3722943722943723
18663,3,0,0.1743920972644377
18664,1,0,0.4164420485175202
18665,3,0,0.10848338260324286
18666,2,0,0.1051693404634581
18667,2,0,0.17620376831821355
18668,5,0,0.10624706434945984
18669,3,0,0.10848338260324286
18670,4,1,0.5256124721603563
18671,3,0,0.1743920972644377
18672,5,0,0.10624706434945984
18673,3,0,0.1743920972644377
18674,2,1,0.3931203931203931
18675,2,0,0.17620376831821355
18676,2,0,0.17620376831821355
18677,1,0,0.09750492449113592
18678,3,0,0.27732558139534885
18679,3,1,0.7204419889502762
18680,1,0,0.1750291715285881
18681,3,1,0.7204419889502762
18682,5,0,0.10624706434945984
18683,4,0,0.10846181427034779
18684,1,0,0.1750291715285881
18685,4,1,0.7197309417040358
18686,3,0,0.10848338260324286
18687,1,0,0.09750492449113592
18688,1,0,0.7188195991091314
18689,1,1,0.7188195991091314
18690,1,0,0.5276497695852534
18691,4,0,0.10846181427034779
18692,4,0,0.10846181427034779
18693,3,0,0.10848338260324286
18694,3,0,0.3774703557312253
18695,2,0,0.1051693404634581
18696,2,0,0.1051693404634581
18697,2,1,0.6916956737941323
18698,5,0,0.17265193370165746
18699,5,0,0.5300668151447662
18700,1,1,0.7188195991091314
18701,1,0,0.09750492449113592
18702,5,0,0.17265193370165746
18703,1,0,0.7188195991091314
18704,4,1,0.2782089552238806
18705,1,1,0.7188195991091314
18706,5,0,0.10624706434945984
18707,1,0,0.09750492449113592
18708,4,0,0.10846181427034779
18709,1,0,0.09750492449113592
18710,5,0,0.10624706434945984
18711,1,0,0.09750492449113592
18712,1,0,0.1750291715285881
18713,2,0,0.5244444444444445
18714,1,1,0.7188195991091314
18715,3,0,0.10848338260324286
18716,2,0,0.1051693404634581
18717,3,0,0.7204419889502762
18718,3,0,0.10848338260324286
18719,5,0,0.2745320476460579
18720,2,0,0.1051693404634581
18721,1,0,0.09750492449113592
18722,5,0,0.10624706434945984
18723,2,0,0.1051693404634581
18724,2,0,0.1051693404634581
18725,3,0,0.1743920972644377
18726,4,1,0.7197309417040358
18727,2,0,0.1051693404634581
18728,2,0,0.17620376831821355
18729,2,0,0.1051693404634581
18730,4,0,0.10846181427034779
18731,4,0,0.10846181427034779
18732,1,0,0.4164420485175202
18733,3,0,0.1743920972644377
18734,3,0,0.10848338260324286
18735,4,0,0.10846181427034779
18736,5,1,0.2745320476460579
18737,3,0,0.10848338260324286
18738,2,1,0.27938671209540034
18739,4,0,0.10846181427034779
18740,4,0,0.10846181427034779
18741,3,0,0.10848338260324286
18742,2,0,0.1051693404634581
18743,3,0,0.10848338260324286
18744,5,0,0.10624706434945984
18745,1,0,0.09750492449113592
18746,1,1,0.4164420485175202
18747,2,0,0.1051693404634581
18748,4,0,0.17377182298010557
18749,4,1,0.7197309417040358
18750,5,1,0.2745320476460579
18751,1,0,0.1750291715285881
18752,4,0,0.10846181427034779
18753,1,0,0.09750492449113592
18754,3,1,0.1743920972644377
18755,3,0,0.10848338260324286
18756,5,0,0.10624706434945984
18757,1,0,0.1750291715285881
18758,5,0,0.10624706434945984
18759,4,0,0.10846181427034779
18760,5,0,0.2745320476460579
18761,4,0,0.17377182298010557
18762,1,1,0.2579210672595887
18763,1,1,0.5276497695852534
18764,4,0,0.10846181427034779
18765,2,0,0.1051693404634581
18766,3,1,0.7204419889502762
18767,1,0,0.4164420485175202
18768,3,0,0.1743920972644377
18769,1,0,0.09750492449113592
18770,4,0,0.17377182298010557
18771,5,0,0.2745320476460579
18772,5,1,0.10624706434945984
18773,1,0,0.1750291715285881
18774,1,0,0.09750492449113592
18775,3,1,0.1743920972644377
18776,1,0,0.1750291715285881
18777,2,0,0.1051693404634581
18778,3,0,0.10848338260324286
18779,2,0,0.1051693404634581
18780,3,0,0.1743920972644377
18781,4,0,0.10846181427034779
18782,5,0,0.10624706434945984
18783,2,0,0.27938671209540034
18784,4,0,0.17377182298010557
18785,1,1,0.7188195991091314
18786,1,0,0.09750492449113592
18787,4,1,0.2782089552238806
18788,4,0,0.10846181427034779
18789,4,0,0.36443148688046645
18790,3,0,0.10848338260324286
18791,1,0,0.1750291715285881
18792,1,0,0.09750492449113592
18793,2,0,0.1051693404634581
18794,3,1,0.10848338260324286
18795,2,0,0.1051693404634581
18796,3,1,0.10848338260324286
18797,4,1,0.10846181427034779
18798,1,0,0.7188195991091314
18799,4,0,0.10846181427034779
18800,5,0,0.17265193370165746
18801,4,1,0.10846181427034779
18802,3,1,0.10848338260324286
18803,2,0,0.1051693404634581
18804,5,0,0.10624706434945984
18805,5,0,0.2745320476460579
18806,3,0,0.1743920972644377
18807,2,0,0.3931203931203931
18808,5,1,0.10624706434945984
18809,2,1,0.1051693404634581
18810,1,1,0.1750291715285881
18811,2,0,0.1051693404634581
18812,1,1,0.09750492449113592
18813,5,0,0.10624706434945984
18814,4,1,0.53
18815,3,0,0.10848338260324286
18816,3,1,0.7204419889502762
18817,3,0,0.4647058823529412
18818,4,1,0.5256124721603563
18819,1,1,0.7188195991091314
18820,1,0,0.09750492449113592
18821,1,0,0.1750291715285881
18822,4,0,0.10846181427034779
18823,3,0,0.10848338260324286
18824,1,0,0.4164420485175202
18825,5,0,0.10624706434945984
18826,1,1,0.7188195991091314
18827,5,0,0.10624706434945984
18828,2,0,0.1051693404634581
18829,4,1,0.7197309417040358
18830,5,1,0.6489626556016598
18831,5,0,0.10624706434945984
18832,5,0,0.17265193370165746
18833,1,0,0.09750492449113592
18834,3,0,0.3774703557312253
18835,5,0,0.2745320476460579
18836,4,0,0.10846181427034779
18837,3,1,0.1743920972644377
18838,3,1,0.27732558139534885
18839,1,0,0.4164420485175202
18840,5,0,0.10624706434945984
18841,5,0,0.4191852825229961
18842,3,1,0.7204419889502762
18843,2,0,0.17620376831821355
18844,4,0,0.10846181427034779
18845,4,0,0.2782089552238806
18846,4,1,0.10846181427034779
18847,3,1,0.10848338260324286
18848,4,0,0.36443148688046645
18849,5,0,0.10624706434945984
18850,4,0,0.10846181427034779
18851,4,0,0.10846181427034779
18852,2,0,0.1051693404634581
18853,5,0,0.10624706434945984
18854,5,0,0.10624706434945984
18855,4,0,0.10846181427034779
18856,1,1,0.4164420485175202
18857,5,0,0.10624706434945984
18858,4,0,0.10846181427034779
18859,3,0,0.10848338260324286
18860,1,0,0.09750492449113592
18861,4,0,0.17377182298010557
18862,4,0,0.17377182298010557
18863,1,0,0.09750492449113592
18864,4,0,0.10846181427034779
18865,1,0,0.09750492449113592
18866,2,0,0.17620376831821355
18867,5,0,0.10624706434945984
18868,1,0,0.09750492449113592
18869,4,0,0.10846181427034779
18870,4,0,0.10846181427034779
18871,4,0,0.10846181427034779
18872,4,0,0.10846181427034779
18873,2,1,0.1051693404634581
18874,5,0,0.17265193370165746
18875,5,0,0.10624706434945984
18876,2,0,0.1051693404634581
18877,3,0,0.1743920972644377
18878,2,0,0.27938671209540034
18879,2,0,0.17620376831821355
18880,1,1,0.4164420485175202
18881,3,0,0.10848338260324286
18882,5,0,0.7639751552795031
18883,2,0,0.1051693404634581
18884,4,0,0.10846181427034779
18885,3,0,0.10848338260324286
18886,2,0,0.1051693404634581
18887,4,0,0.10846181427034779
18888,3,1,0.10848338260324286
18889,5,0,0.10624706434945984
18890,5,0,0.10624706434945984
18891,5,0,0.10624706434945984
18892,4,0,0.2782089552238806
18893,4,0,0.10846181427034779
18894,4,0,0.10846181427034779
18895,2,1,0.1051693404634581
18896,2,1,0.27938671209540034
18897,4,0,0.2782089552238806
18898,1,0,0.2579210672595887
18899,4,0,0.10846181427034779
18900,3,0,0.1743920972644377
18901,4,0,0.2782089552238806
18902,4,0,0.10846181427034779
18903,3,0,0.1743920972644377
18904,1,0,0.09750492449113592
18905,3,0,0.3722943722943723
18906,2,0,0.1051693404634581
18907,5,0,0.10624706434945984
18908,5,0,0.10624706434945984
18909,5,0,0.10624706434945984
18910,5,0,0.10624706434945984
18911,3,0,0.10848338260324286
18912,2,1,0.3931203931203931
18913,4,0,0.10846181427034779
18914,2,0,0.3167420814479638
18915,1,0,0.1750291715285881
18916,2,0,0.17620376831821355
18917,2,0,0.1051693404634581
18918,5,0,0.10624706434945984
18919,2,0,0.1051693404634581
18920,2,0,0.1051693404634581
18921,3,0,0.10848338260324286
18922,5,0,0.10624706434945984
18923,3,0,0.10848338260324286
18924,1,1,0.7188195991091314
18925,4,0,0.10846181427034779
18926,2,0,0.17620376831821355
18927,3,0,0.10848338260324286
18928,3,1,0.10848338260324286
18929,4,0,0.36443148688046645
18930,1,1,0.7188195991091314
18931,1,0,0.09750492449113592
18932,2,0,0.17620376831821355
18933,5,0,0.10624706434945984
18934,1,1,0.4164420485175202
18935,4,0,0.10846181427034779
18936,2,0,0.17620376831821355
18937,3,0,0.10848338260324286
18938,3,0,0.27732558139534885
18939,5,0,0.10624706434945984
18940,5,1,0.10624706434945984
18941,4,0,0.10846181427034779
18942,3,0,0.10848338260324286
18943,5,1,0.6489626556016598
18944,3,0,0.7204419889502762
18945,2,0,0.27938671209540034
18946,2,0,0.3931203931203931
18947,1,0,0.09750492449113592
18948,2,1,0.6916956737941323
18949,1,0,0.7188195991091314
18950,2,0,0.1051693404634581
18951,1,0,0.1750291715285881
18952,4,1,0.2782089552238806
18953,5,0,0.4191852825229961
18954,1,0,0.1750291715285881
18955,1,0,0.1750291715285881
18956,2,0,0.1051693404634581
18957,2,0,0.1051693404634581
18958,2,0,0.17620376831821355
18959,2,0,0.17620376831821355
18960,2,1,0.5244444444444445
18961,3,0,0.1743920972644377
18962,3,0,0.10848338260324286
18963,1,0,0.1750291715285881
18964,1,0,0.09750492449113592
18965,3,1,0.7204419889502762
18966,1,0,0.1750291715285881
18967,1,0,0.09750492449113592
18968,3,0,0.10848338260324286
18969,3,0,0.10848338260324286
18970,1,0,0.09750492449113592
18971,2,0,0.1051693404634581
18972,1,0,0.1750291715285881
18973,3,0,0.1743920972644377
18974,5,0,0.17265193370165746
18975,2,0,0.1051693404634581
18976,2,0,0.1051693404634581
18977,5,0,0.10624706434945984
18978,4,0,0.10846181427034779
18979,2,1,0.6916956737941323
18980,3,1,0.27732558139534885
18981,4,1,0.10846181427034779
18982,2,0,0.3167420814479638
18983,4,1,0.7197309417040358
18984,4,0,0.10846181427034779
18985,3,0,0.27732558139534885
18986,5,0,0.17265193370165746
18987,4,1,0.36443148688046645
18988,2,1,0.1051693404634581
18989,4,0,0.17377182298010557
18990,5,0,0.10624706434945984
18991,1,0,0.1750291715285881
18992,3,0,0.10848338260324286
18993,5,0,0.17265193370165746
18994,2,0,0.1051693404634581
18995,2,0,0.1051693404634581
18996,5,0,0.10624706434945984
18997,4,1,0.10846181427034779
18998,5,0,0.10624706434945984
18999,3,0,0.10848338260324286
19000,4,0,0.17377182298010557
19001,3,0,0.27732558139534885
19002,1,0,0.09750492449113592
19003,2,0,0.27938671209540034
19004,1,0,0.09750492449113592
19005,5,1,0.4191852825229961
19006,2,1,0.6916956737941323
19007,1,1,0.09750492449113592
19008,2,0,0.17620376831821355
19009,5,0,0.10624706434945984
19010,2,0,0.1051693404634581
19011,1,0,0.1750291715285881
19012,1,0,0.2579210672595887
19013,4,1,0.53
19014,3,0,0.10848338260324286
19015,4,0,0.10846181427034779
19016,5,0,0.10624706434945984
19017,2,1,0.27938671209540034
19018,1,0,0.1750291715285881
19019,4,0,0.17377182298010557
19020,1,0,0.1750291715285881
19021,2,1,0.27938671209540034
19022,1,0,0.09750492449113592
19023,4,0,0.10846181427034779
19024,2,0,0.1051693404634581
19025,1,0,0.09750492449113592
19026,1,0,0.09750492449113592
19027,4,1,0.10846181427034779
19028,3,0,0.1743920972644377
19029,5,0,0.10624706434945984
19030,5,1,0.10624706434945984
19031,3,1,0.10848338260324286
19032,5,1,0.10624706434945984
19033,3,0,0.10848338260324286
19034,1,0,0.1750291715285881
19035,2,0,0.1051693404634581
19036,2,0,0.1051693404634581
19037,2,0,0.3167420814479638
19038,1,0,0.09750492449113592
19039,4,1,0.17377182298010557
19040,4,0,0.10846181427034779
19041,2,0,0.1051693404634581
19042,4,1,0.36443148688046645
19043,4,0,0.36443148688046645
19044,5,0,0.10624706434945984
19045,5,0,0.10624706434945984
19046,2,0,0.1051693404634581
19047,1,0,0.7188195991091314
19048,3,0,0.10848338260324286
19049,3,0,0.10848338260324286
19050,2,0,0.1051693404634581
19051,1,0,0.4164420485175202
19052,5,0,0.17265193370165746
19053,1,0,0.09750492449113592
19054,5,0,0.17265193370165746
19055,2,0,0.1051693404634581
19056,3,0,0.1743920972644377
19057,2,0,0.1051693404634581
19058,3,0,0.1743920972644377
19059,1,0,0.1750291715285881
19060,1,0,0.09750492449113592
19061,1,0,0.09750492449113592
19062,5,0,0.10624706434945984
19063,3,0,0.7204419889502762
19064,2,0,0.1051693404634581
19065,5,0,0.10624706434945984
19066,2,0,0.27938671209540034
19067,3,1,0.538961038961039
19068,2,1,0.1051693404634581
19069,2,0,0.1051693404634581
19070,1,0,0.1750291715285881
19071,5,0,0.10624706434945984
19072,1,0,0.09750492449113592
19073,3,1,0.7204419889502762
19074,1,0,0.09750492449113592
19075,5,1,0.2745320476460579
19076,3,0,0.27732558139534885
19077,3,0,0.10848338260324286
19078,5,0,0.10624706434945984
19079,1,0,0.2579210672595887
19080,1,0,0.1750291715285881
19081,1,0,0.09750492449113592
19082,3,0,0.10848338260324286
19083,1,1,0.7188195991091314
19084,1,0,0.09750492449113592
19085,2,0,0.17620376831821355
19086,5,0,0.17265193370165746
19087,5,1,0.4191852825229961
19088,2,1,0.1051693404634581
19089,2,0,0.3167420814479638
19090,5,0,0.10624706434945984
19091,3,1,0.7204419889502762
19092,5,0,0.10624706434945984
19093,1,0,0.09750492449113592
19094,4,0,0.10846181427034779
19095,1,0,0.09750492449113592
19096,1,0,0.09750492449113592
19097,4,0,0.10846181427034779
19098,1,0,0.09750492449113592
19099,1,0,0.1750291715285881
19100,1,0,0.1750291715285881
19101,4,0,0.10846181427034779
19102,5,0,0.10624706434945984
19103,3,1,0.10848338260324286
19104,3,0,0.10848338260324286
19105,5,0,0.6489626556016598
19106,2,0,0.1051693404634581
19107,1,0,0.4164420485175202
19108,4,0,0.17377182298010557
19109,2,0,0.17620376831821355
19110,2,0,0.1051693404634581
19111,2,0,0.1051693404634581
19112,2,0,0.6916956737941323
19113,5,0,0.17265193370165746
19114,4,0,0.17377182298010557
19115,3,0,0.10848338260324286
19116,3,1,0.3774703557312253
19117,1,0,0.1750291715285881
19118,4,0,0.17377182298010557
19119,1,0,0.1750291715285881
19120,3,1,0.10848338260324286
19121,3,0,0.1743920972644377
19122,2,0,0.1051693404634581
19123,4,0,0.31981981981981983
19124,5,0,0.10624706434945984
19125,3,0,0.27732558139534885
19126,5,1,0.6489626556016598
19127,3,1,0.7204419889502762
19128,5,1,0.10624706434945984
19129,3,0,0.10848338260324286
19130,2,0,0.17620376831821355
19131,1,0,0.1750291715285881
19132,4,0,0.10846181427034779
19133,2,0,0.1051693404634581
19134,2,0,0.1051693404634581
19135,1,1,0.2579210672595887
19136,4,1,0.53
19137,4,0,0.10846181427034779
19138,1,1,0.7188195991091314
19139,1,0,0.1750291715285881
19140,3,0,0.10848338260324286
19141,5,0,0.10624706434945984
19142,5,0,0.10624706434945984
19143,1,1,0.1750291715285881
19144,1,0,0.09750492449113592
19145,1,0,0.09750492449113592
19146,5,0,0.10624706434945984
19147,5,0,0.17265193370165746
19148,4,0,0.10846181427034779
19149,4,0,0.10846181427034779
19150,2,0,0.1051693404634581
19151,4,0,0.31981981981981983
19152,5,0,0.10624706434945984
19153,3,0,0.10848338260324286
19154,4,0,0.2782089552238806
19155,1,1,0.2624521072796935
19156,1,1,0.2579210672595887
19157,5,0,0.17265193370165746
19158,3,0,0.10848338260324286
19159,1,0,0.2579210672595887
19160,5,0,0.10624706434945984
19161,3,0,0.10848338260324286
19162,5,0,0.2745320476460579
19163,2,0,0.1051693404634581
19164,3,0,0.538961038961039
19165,2,1,0.27938671209540034
19166,4,0,0.53
19167,4,0,0.10846181427034779
19168,2,1,0.1051693404634581
19169,2,0,0.17620376831821355
19170,3,1,0.7204419889502762
19171,4,0,0.10846181427034779
19172,5,0,0.10624706434945984
19173,4,1,0.7197309417040358
19174,1,1,0.7188195991091314
19175,1,0,0.7188195991091314
19176,2,0,0.3931203931203931
19177,2,0,0.3931203931203931
19178,1,0,0.09750492449113592
19179,4,0,0.5256124721603563
19180,3,0,0.1743920972644377
19181,2,0,0.1051693404634581
19182,4,0,0.17377182298010557
19183,1,0,0.09750492449113592
19184,3,1,0.1743920972644377
19185,4,0,0.10846181427034779
19186,3,1,0.10848338260324286
19187,3,0,0.10848338260324286
19188,5,1,0.7639751552795031
19189,1,0,0.1750291715285881
19190,4,1,0.17377182298010557
19191,5,0,0.10624706434945984
19192,2,0,0.1051693404634581
19193,3,0,0.10848338260324286
19194,3,1,0.10848338260324286
19195,1,0,0.09750492449113592
19196,3,0,0.10848338260324286
19197,4,0,0.10846181427034779
19198,4,0,0.10846181427034779
19199,5,0,0.10624706434945984
19200,1,0,0.1750291715285881
19201,4,0,0.10846181427034779
19202,4,0,0.17377182298010557
19203,3,0,0.27732558139534885
19204,2,0,0.3167420814479638
19205,2,1,0.6916956737941323
19206,5,0,0.10624706434945984
19207,2,0,0.1051693404634581
19208,3,0,0.10848338260324286
19209,2,0,0.17620376831821355
19210,2,0,0.1051693404634581
19211,4,0,0.17377182298010557
19212,1,1,0.5276497695852534
19213,1,0,0.09750492449113592
19214,4,0,0.36443148688046645
19215,4,0,0.17377182298010557
19216,2,0,0.1051693404634581
19217,3,0,0.10848338260324286
19218,5,0,0.10624706434945984
19219,5,0,0.2745320476460579
19220,2,1,0.6916956737941323
19221,1,0,0.2579210672595887
19222,5,0,0.2745320476460579
19223,1,1,0.5276497695852534
19224,3,1,0.10848338260324286
19225,4,0,0.10846181427034779
19226,3,0,0.1743920972644377
19227,2,0,0.1051693404634581
19228,3,1,0.7204419889502762
19229,1,0,0.09750492449113592
19230,2,0,0.1051693404634581
19231,5,1,0.5300668151447662
19232,3,0,0.10848338260324286
19233,2,0,0.1051693404634581
19234,3,0,0.538961038961039
19235,5,0,0.22580645161290322
19236,1,0,0.09750492449113592
19237,4,1,0.10846181427034779
19238,5,0,0.2745320476460579
19239,1,0,0.09750492449113592
19240,5,1,0.2745320476460579
19241,2,0,0.6916956737941323
19242,2,0,0.1051693404634581
19243,1,0,0.09750492449113592
19244,5,0,0.10624706434945984
19245,3,0,0.7204419889502762
19246,5,0,0.10624706434945984
19247,1,0,0.2579210672595887
19248,5,1,0.7639751552795031
19249,5,0,0.10624706434945984
19250,1,0,0.1750291715285881
19251,5,0,0.22580645161290322
19252,5,0,0.10624706434945984
19253,5,0,0.6489626556016598
19254,4,0,0.36443148688046645
19255,5,0,0.2745320476460579
19256,1,1,0.1750291715285881
19257,5,1,0.2745320476460579
19258,4,1,0.2782089552238806
19259,4,0,0.10846181427034779
19260,5,0,0.17265193370165746
19261,4,1,0.36443148688046645
19262,1,1,0.09750492449113592
19263,4,0,0.10846181427034779
19264,4,0,0.10846181427034779
19265,3,0,0.7204419889502762
19266,1,1,0.09750492449113592
19267,5,0,0.10624706434945984
19268,4,0,0.10846181427034779
19269,5,0,0.10624706434945984
19270,5,0,0.10624706434945984
19271,1,0,0.2624521072796935
19272,4,0,0.10846181427034779
19273,2,0,0.1051693404634581
19274,4,0,0.17377182298010557
19275,4,0,0.17377182298010557
19276,3,0,0.10848338260324286
19277,1,1,0.09750492449113592
19278,5,1,0.5300668151447662
19279,2,1,0.6916956737941323
19280,5,0,0.17265193370165746
19281,5,0,0.2850467289719626
19282,4,0,0.10846181427034779
19283,4,0,0.10846181427034779
19284,4,1,0.7197309417040358
19285,1,1,0.2579210672595887
19286,1,1,0.7188195991091314
19287,3,0,0.10848338260324286
19288,2,0,0.27938671209540034
19289,4,0,0.10846181427034779
19290,2,0,0.1051693404634581
19291,1,0,0.2624521072796935
19292,3,0,0.10848338260324286
19293,1,1,0.1750291715285881
19294,1,0,0.4164420485175202
19295,3,0,0.10848338260324286
19296,3,0,0.1743920972644377
19297,3,0,0.1743920972644377
19298,5,0,0.10624706434945984
19299,3,1,0.7204419889502762
19300,2,0,0.1051693404634581
19301,4,0,0.2782089552238806
19302,3,0,0.1743920972644377
19303,4,0,0.10846181427034779
19304,2,0,0.1051693404634581
19305,4,0,0.10846181427034779
19306,5,0,0.10624706434945984
19307,1,1,0.1750291715285881
19308,5,0,0.10624706434945984
19309,4,0,0.10846181427034779
19310,5,0,0.10624706434945984
19311,1,0,0.09750492449113592
19312,1,1,0.7188195991091314
19313,3,0,0.10848338260324286
19314,4,0,0.10846181427034779
19315,3,0,0.10848338260324286
19316,3,0,0.10848338260324286
19317,2,0,0.1051693404634581
19318,5,0,0.10624706434945984
19319,5,0,0.4191852825229961
19320,1,0,0.1750291715285881
19321,5,1,0.2850467289719626
19322,4,0,0.10846181427034779
19323,2,0,0.1051693404634581
19324,4,0,0.17377182298010557
19325,5,0,0.10624706434945984
19326,5,0,0.22580645161290322
19327,3,0,0.10848338260324286
19328,5,0,0.10624706434945984
19329,3,0,0.27732558139534885
19330,1,1,0.09750492449113592
19331,2,0,0.1051693404634581
19332,3,0,0.1743920972644377
19333,1,0,0.1750291715285881
19334,4,0,0.10846181427034779
19335,5,0,0.10624706434945984
19336,3,1,0.10848338260324286
19337,3,0,0.1743920972644377
19338,2,0,0.1051693404634581
19339,5,1,0.10624706434945984
19340,4,0,0.10846181427034779
19341,3,1,0.7204419889502762
19342,5,1,0.5300668151447662
19343,1,1,0.09750492449113592
19344,5,1,0.7639751552795031
19345,5,0,0.10624706434945984
19346,2,1,0.6916956737941323
19347,5,0,0.10624706434945984
19348,4,0,0.17377182298010557
19349,4,0,0.10846181427034779
19350,3,0,0.10848338260324286
19351,5,1,0.10624706434945984
19352,4,1,0.7197309417040358
19353,2,1,0.2131979695431472
19354,4,0,0.10846181427034779
19355,1,0,0.09750492449113592
19356,1,0,0.1750291715285881
19357,4,0,0.36443148688046645
19358,1,0,0.09750492449113592
19359,5,0,0.10624706434945984
19360,1,0,0.1750291715285881
19361,5,0,0.17265193370165746
19362,4,1,0.17377182298010557
19363,3,1,0.3722943722943723
19364,2,0,0.6916956737941323
19365,3,0,0.27732558139534885
19366,5,0,0.10624706434945984
19367,2,0,0.27938671209540034
19368,1,0,0.09750492449113592
19369,2,0,0.3931203931203931
19370,2,1,0.1051693404634581
19371,4,1,0.10846181427034779
19372,1,0,0.5276497695852534
19373,4,1,0.17377182298010557
19374,5,1,0.17265193370165746
19375,5,1,0.6489626556016598
19376,5,1,0.2745320476460579
19377,4,0,0.10846181427034779
19378,5,1,0.7639751552795031
19379,3,1,0.3774703557312253
19380,1,0,0.09750492449113592
19381,3,0,0.1743920972644377
19382,4,1,0.7197309417040358
19383,5,0,0.2745320476460579
19384,1,0,0.09750492449113592
19385,1,0,0.09750492449113592
19386,5,0,0.10624706434945984
19387,1,1,0.09750492449113592
19388,4,0,0.10846181427034779
19389,2,0,0.1051693404634581
19390,2,0,0.27938671209540034
19391,3,0,0.10848338260324286
19392,5,0,0.10624706434945984
19393,2,0,0.27938671209540034
19394,1,0,0.2624521072796935
19395,4,0,0.10846181427034779
19396,2,0,0.1051693404634581
19397,2,1,0.6916956737941323
19398,3,0,0.10848338260324286
19399,1,0,0.09750492449113592
19400,5,0,0.2745320476460579
19401,1,1,0.1750291715285881
19402,3,0,0.10848338260324286
19403,2,1,0.3931203931203931
19404,2,0,0.27938671209540034
19405,1,0,0.5276497695852534
19406,4,0,0.10846181427034779
19407,1,0,0.09750492449113592
19408,1,0,0.09750492449113592
19409,2,0,0.1051693404634581
19410,3,0,0.1743920972644377
19411,2,0,0.1051693404634581
19412,3,0,0.10848338260324286
19413,4,1,0.10846181427034779
19414,3,0,0.10848338260324286
19415,3,0,0.10848338260324286
19416,2,0,0.1051693404634581
19417,5,0,0.10624706434945984
19418,3,0,0.10848338260324286
19419,1,1,0.09750492449113592
19420,1,0,0.7188195991091314
19421,1,0,0.09750492449113592
19422,1,1,0.1750291715285881
19423,1,1,0.09750492449113592
19424,2,0,0.1051693404634581
19425,4,1,0.10846181427034779
19426,5,0,0.4191852825229961
19427,1,0,0.09750492449113592
19428,5,0,0.10624706434945984
19429,3,0,0.3774703557312253
19430,5,1,0.17265193370165746
19431,3,1,0.10848338260324286
19432,3,0,0.538961038961039
19433,1,0,0.5276497695852534
19434,2,1,0.3931203931203931
19435,5,0,0.10624706434945984
19436,5,1,0.10624706434945984
19437,1,0,0.1750291715285881
19438,4,1,0.36443148688046645
19439,5,0,0.17265193370165746
19440,5,0,0.10624706434945984
19441,1,0,0.4164420485175202
19442,3,1,0.538961038961039
19443,2,0,0.1051693404634581
19444,1,1,0.09750492449113592
19445,3,1,0.10848338260324286
19446,4,1,0.17377182298010557
19447,1,0,0.09750492449113592
19448,3,1,0.27732558139534885
19449,4,0,0.10846181427034779
19450,4,0,0.10846181427034779
19451,5,1,0.7639751552795031
19452,3,0,0.10848338260324286
19453,5,0,0.10624706434945984
19454,2,0,0.1051693404634581
19455,3,0,0.1743920972644377
19456,4,0,0.10846181427034779
19457,1,0,0.7188195991091314
19458,4,0,0.10846181427034779
19459,4,0,0.10846181427034779
19460,2,0,0.17620376831821355
19461,3,0,0.10848338260324286
19462,2,0,0.1051693404634581
19463,5,0,0.10624706434945984
19464,4,0,0.10846181427034779
19465,3,0,0.10848338260324286
19466,3,1,0.1743920972644377
19467,2,1,0.2131979695431472
19468,1,0,0.09750492449113592
19469,3,0,0.10848338260324286
19470,3,0,0.3774703557312253
19471,1,0,0.09750492449113592
19472,1,0,0.1750291715285881
19473,5,0,0.10624706434945984
19474,2,0,0.1051693404634581
19475,4,1,0.53
19476,5,0,0.10624706434945984
19477,2,0,0.1051693404634581
19478,1,0,0.1750291715285881
19479,5,0,0.10624706434945984
19480,2,1,0.6916956737941323
19481,4,0,0.10846181427034779
19482,4,0,0.17377182298010557
19483,1,0,0.1750291715285881
19484,4,0,0.36443148688046645
19485,4,0,0.10846181427034779
19486,1,0,0.09750492449113592
19487,2,1,0.3167420814479638
19488,5,0,0.10624706434945984
19489,5,0,0.10624706434945984
19490,5,0,0.4191852825229961
19491,3,0,0.10848338260324286
19492,4,0,0.31981981981981983
19493,5,0,0.10624706434945984
19494,3,0,0.10848338260324286
19495,5,0,0.10624706434945984
19496,3,0,0.10848338260324286
19497,5,0,0.10624706434945984
19498,5,0,0.10624706434945984
19499,3,1,0.10848338260324286
19500,5,0,0.10624706434945984
19501,5,0,0.10624706434945984
19502,4,0,0.17377182298010557
19503,3,0,0.1743920972644377
19504,5,0,0.2745320476460579
19505,2,0,0.1051693404634581
19506,2,0,0.27938671209540034
19507,3,0,0.10848338260324286
19508,3,0,0.10848338260324286
19509,4,0,0.10846181427034779
19510,1,0,0.1750291715285881
19511,5,0,0.10624706434945984
19512,3,0,0.1743920972644377
19513,4,1,0.53
19514,3,0,0.10848338260324286
19515,4,0,0.31981981981981983
19516,5,1,0.10624706434945984
19517,4,1,0.7197309417040358
19518,5,1,0.2850467289719626
19519,4,0,0.10846181427034779
19520,5,0,0.10624706434945984
19521,3,0,0.10848338260324286
19522,5,1,0.4191852825229961
19523,4,0,0.10846181427034779
19524,4,0,0.2782089552238806
19525,2,0,0.1051693404634581
19526,3,0,0.1743920972644377
19527,4,0,0.10846181427034779
19528,3,0,0.1743920972644377
19529,4,1,0.10846181427034779
19530,2,0,0.3931203931203931
19531,5,0,0.10624706434945984
19532,3,0,0.10848338260324286
19533,4,1,0.7197309417040358
19534,1,1,0.7188195991091314
19535,4,0,0.10846181427034779
19536,3,0,0.10848338260324286
19537,4,0,0.10846181427034779
19538,1,0,0.09750492449113592
19539,4,0,0.10846181427034779
19540,2,1,0.3931203931203931
19541,5,0,0.2850467289719626
19542,1,0,0.09750492449113592
19543,2,1,0.6916956737941323
19544,2,0,0.1051693404634581
19545,2,0,0.5244444444444445
19546,4,0,0.10846181427034779
19547,1,0,0.5276497695852534
19548,4,0,0.10846181427034779
19549,5,0,0.17265193370165746
19550,5,0,0.17265193370165746
19551,3,1,0.7204419889502762
19552,5,0,0.10624706434945984
19553,2,0,0.1051693404634581
19554,2,0,0.17620376831821355
19555,1,0,0.4164420485175202
19556,5,0,0.17265193370165746
19557,3,0,0.10848338260324286
19558,3,0,0.10848338260324286
19559,2,1,0.6916956737941323
19560,4,0,0.10846181427034779
19561,5,0,0.10624706434945984
19562,5,1,0.4191852825229961
19563,2,0,0.1051693404634581
19564,1,0,0.1750291715285881
19565,1,0,0.1750291715285881
19566,4,0,0.10846181427034779
19567,1,1,0.1750291715285881
19568,1,1,0.7188195991091314
19569,4,0,0.31981981981981983
19570,5,0,0.7639751552795031
19571,1,1,0.2579210672595887
19572,2,1,0.3931203931203931
19573,3,0,0.7204419889502762
19574,3,0,0.1743920972644377
19575,5,1,0.4191852825229961
19576,1,1,0.09750492449113592
19577,5,1,0.2745320476460579
19578,1,0,0.1750291715285881
19579,2,0,0.1051693404634581
19580,1,0,0.1750291715285881
19581,4,0,0.10846181427034779
19582,4,0,0.10846181427034779
19583,2,0,0.1051693404634581
19584,1,1,0.2579210672595887
19585,3,0,0.3774703557312253
19586,1,1,0.5128205128205128
19587,3,0,0.10848338260324286
19588,3,0,0.10848338260324286
19589,3,0,0.10848338260324286
19590,1,0,0.1750291715285881
19591,1,1,0.5276497695852534
19592,2,0,0.1051693404634581
19593,4,0,0.10846181427034779
19594,3,0,0.10848338260324286
19595,5,0,0.2745320476460579
19596,2,1,0.27938671209540034
19597,3,0,0.10848338260324286
19598,3,0,0.10848338260324286
19599,3,0,0.10848338260324286
19600,2,1,0.17620376831821355
19601,1,0,0.2579210672595887
19602,4,0,0.10846181427034779
19603,2,0,0.3167420814479638
19604,5,1,0.7639751552795031
19605,1,0,0.09750492449113592
19606,5,1,0.17265193370165746
19607,3,0,0.3774703557312253
19608,4,1,0.10846181427034779
19609,1,0,0.2579210672595887
19610,1,0,0.1750291715285881
19611,2,0,0.1051693404634581
19612,1,1,0.5276497695852534
19613,2,0,0.1051693404634581
19614,4,0,0.10846181427034779
19615,4,0,0.10846181427034779
19616,2,1,0.6916956737941323
19617,2,0,0.1051693404634581
19618,2,0,0.1051693404634581
19619,3,0,0.27732558139534885
19620,2,0,0.17620376831821355
19621,5,0,0.10624706434945984
19622,3,1,0.538961038961039
19623,4,0,0.10846181427034779
19624,4,0,0.10846181427034779
19625,1,0,0.1750291715285881
19626,5,0,0.17265193370165746
19627,3,0,0.7204419889502762
19628,4,0,0.10846181427034779
19629,3,0,0.10848338260324286
19630,4,0,0.10846181427034779
19631,2,0,0.1051693404634581
19632,3,0,0.10848338260324286
19633,3,1,0.538961038961039
19634,1,0,0.09750492449113592
19635,2,1,0.3931203931203931
19636,2,1,0.6916956737941323
19637,1,0,0.2579210672595887
19638,2,0,0.17620376831821355
19639,4,0,0.17377182298010557
19640,4,0,0.10846181427034779
19641,4,1,0.10846181427034779
19642,4,0,0.10846181427034779
19643,3,0,0.10848338260324286
19644,3,0,0.10848338260324286
19645,3,0,0.10848338260324286
19646,4,0,0.10846181427034779
19647,1,0,0.09750492449113592
19648,3,1,0.3774703557312253
19649,3,0,0.10848338260324286
19650,5,0,0.10624706434945984
19651,5,0,0.10624706434945984
19652,3,0,0.10848338260324286
19653,5,1,0.2850467289719626
19654,3,0,0.10848338260324286
19655,2,0,0.1051693404634581
19656,2,0,0.1051693404634581
19657,2,1,0.3931203931203931
19658,1,1,0.4164420485175202
19659,4,1,0.7197309417040358
19660,1,0,0.7188195991091314
19661,4,1,0.36443148688046645
19662,1,0,0.09750492449113592
19663,4,0,0.10846181427034779
19664,2,0,0.2131979695431472
19665,5,0,0.17265193370165746
19666,1,0,0.09750492449113592
19667,5,0,0.10624706434945984
19668,4,0,0.10846181427034779
19669,3,0,0.10848338260324286
19670,1,1,0.1750291715285881
19671,4,1,0.10846181427034779
19672,4,0,0.10846181427034779
19673,2,1,0.3931203931203931
19674,3,0,0.7204419889502762
19675,4,0,0.10846181427034779
19676,4,0,0.10846181427034779
19677,4,1,0.10846181427034779
19678,4,0,0.10846181427034779
19679,4,0,0.10846181427034779
19680,4,0,0.10846181427034779
19681,5,0,0.10624706434945984
19682,4,0,0.10846181427034779
19683,4,0,0.7197309417040358
19684,5,0,0.17265193370165746
19685,5,0,0.2745320476460579
19686,1,0,0.09750492449113592
19687,2,0,0.1051693404634581
19688,4,1,0.17377182298010557
19689,2,0,0.1051693404634581
19690,2,1,0.1051693404634581
19691,5,0,0.10624706434945984
19692,2,0,0.1051693404634581
19693,1,0,0.09750492449113592
19694,1,0,0.2579210672595887
19695,2,0,0.6916956737941323
19696,2,0,0.1051693404634581
19697,4,0,0.10846181427034779
19698,1,0,0.1750291715285881
19699,2,1,0.6916956737941323
19700,1,1,0.5276497695852534
19701,4,0,0.36443148688046645
19702,2,0,0.1051693404634581
19703,5,0,0.10624706434945984
19704,4,0,0.17377182298010557
19705,1,1,0.2624521072796935
19706,1,0,0.09750492449113592
19707,1,0,0.09750492449113592
19708,2,0,0.17620376831821355
19709,2,0,0.27938671209540034
19710,3,0,0.10848338260324286
19711,4,0,0.7197309417040358
19712,5,0,0.10624706434945984
19713,4,0,0.2782089552238806
19714,2,0,0.1051693404634581
19715,5,1,0.2745320476460579
19716,3,1,0.7204419889502762
19717,4,0,0.2782089552238806
19718,3,1,0.7204419889502762
19719,4,0,0.10846181427034779
19720,3,0,0.27732558139534885
19721,1,0,0.09750492449113592
19722,1,0,0.09750492449113592
19723,2,0,0.1051693404634581
19724,4,0,0.10846181427034779
19725,4,0,0.10846181427034779
19726,2,0,0.17620376831821355
19727,5,0,0.10624706434945984
19728,1,0,0.1750291715285881
19729,4,0,0.10846181427034779
19730,2,1,0.17620376831821355
19731,3,0,0.10848338260324286
19732,5,0,0.10624706434945984
19733,4,0,0.10846181427034779
19734,5,0,0.10624706434945984
19735,1,0,0.1750291715285881
19736,2,0,0.1051693404634581
19737,3,1,0.10848338260324286
19738,2,0,0.17620376831821355
19739,4,0,0.10846181427034779
19740,3,0,0.3774703557312253
19741,5,0,0.10624706434945984
19742,1,1,0.09750492449113592
19743,4,1,0.53
19744,5,0,0.10624706434945984
19745,1,0,0.09750492449113592
19746,3,0,0.10848338260324286
19747,4,0,0.10846181427034779
19748,3,1,0.7204419889502762
19749,2,1,0.1051693404634581
19750,1,1,0.7188195991091314
19751,2,1,0.1051693404634581
19752,4,0,0.10846181427034779
19753,4,0,0.2782089552238806
19754,3,0,0.10848338260324286
19755,2,0,0.1051693404634581
19756,1,0,0.09750492449113592
19757,5,0,0.10624706434945984
19758,5,0,0.2745320476460579
19759,2,1,0.1051693404634581
19760,1,0,0.09750492449113592
19761,1,0,0.09750492449113592
19762,3,0,0.10848338260324286
19763,3,0,0.10848338260324286
19764,1,0,0.09750492449113592
19765,5,0,0.10624706434945984
19766,2,0,0.27938671209540034
19767,2,1,0.3931203931203931
19768,5,0,0.10624706434945984
19769,3,0,0.10848338260324286
19770,2,0,0.27938671209540034
19771,1,0,0.09750492449113592
19772,2,1,0.1051693404634581
19773,4,1,0.2782089552238806
19774,4,1,0.10846181427034779
19775,5,0,0.17265193370165746
19776,5,0,0.10624706434945984
19777,4,0,0.10846181427034779
19778,4,1,0.7197309417040358
19779,4,0,0.10846181427034779
19780,4,0,0.17377182298010557
19781,2,1,0.1051693404634581
19782,1,0,0.09750492449113592
19783,3,0,0.10848338260324286
19784,4,0,0.10846181427034779
19785,3,1,0.7204419889502762
19786,2,0,0.17620376831821355
19787,1,0,0.1750291715285881
19788,3,0,0.27732558139534885
19789,2,0,0.1051693404634581
19790,1,1,0.5276497695852534
19791,5,0,0.4191852825229961
19792,5,0,0.6489626556016598
19793,4,1,0.31981981981981983
19794,1,0,0.09750492449113592
19795,5,1,0.10624706434945984
19796,4,0,0.10846181427034779
19797,5,0,0.10624706434945984
19798,4,0,0.10846181427034779
19799,4,0,0.10846181427034779
19800,2,1,0.1051693404634581
19801,4,1,0.10846181427034779
19802,4,1,0.10846181427034779
19803,3,0,0.10848338260324286
19804,2,0,0.17620376831821355
19805,1,1,0.5128205128205128
19806,3,1,0.10848338260324286
19807,4,1,0.7197309417040358
19808,1,0,0.09750492449113592
19809,5,0,0.10624706434945984
19810,3,1,0.27732558139534885
19811,4,0,0.10846181427034779
19812,3,1,0.10848338260324286
19813,5,0,0.10624706434945984
19814,1,0,0.1750291715285881
19815,5,0,0.10624706434945984
19816,5,0,0.10624706434945984
19817,4,1,0.10846181427034779
19818,4,0,0.7197309417040358
19819,2,0,0.17620376831821355
19820,4,0,0.17377182298010557
19821,4,0,0.10846181427034779
19822,2,0,0.6916956737941323
19823,3,1,0.1743920972644377
19824,3,0,0.10848338260324286
19825,1,0,0.2579210672595887
19826,2,1,0.17620376831821355
19827,1,1,0.7188195991091314
19828,2,0,0.1051693404634581
19829,3,0,0.7204419889502762
19830,1,0,0.2579210672595887
19831,5,1,0.10624706434945984
19832,3,0,0.27732558139534885
19833,3,0,0.10848338260324286
19834,3,0,0.3774703557312253
19835,5,0,0.10624706434945984
19836,1,0,0.09750492449113592
19837,1,0,0.09750492449113592
19838,1,1,0.2624521072796935
19839,5,0,0.10624706434945984
19840,2,0,0.17620376831821355
19841,4,0,0.10846181427034779
19842,2,1,0.6916956737941323
19843,1,0,0.09750492449113592
19844,2,0,0.1051693404634581
19845,4,0,0.7197309417040358
19846,3,1,0.7204419889502762
19847,2,1,0.3931203931203931
19848,5,0,0.2745320476460579
19849,3,0,0.3774703557312253
19850,4,0,0.17377182298010557
19851,3,0,0.27732558139534885
19852,3,0,0.10848338260324286
19853,1,0,0.09750492449113592
19854,5,0,0.10624706434945984
19855,4,1,0.10846181427034779
19856,2,0,0.1051693404634581
19857,2,0,0.1051693404634581
19858,3,0,0.10848338260324286
19859,2,0,0.1051693404634581
19860,2,0,0.1051693404634581
19861,3,0,0.10848338260324286
19862,1,1,0.09750492449113592
19863,2,0,0.27938671209540034
19864,3,0,0.10848338260324286
19865,2,0,0.27938671209540034
19866,3,1,0.10848338260324286
19867,1,0,0.09750492449113592
19868,5,0,0.10624706434945984
19869,2,1,0.6916956737941323
19870,5,1,0.4191852825229961
19871,1,0,0.4164420485175202
19872,2,0,0.1051693404634581
19873,3,0,0.10848338260324286
19874,1,0,0.1750291715285881
19875,5,0,0.2850467289719626
19876,5,0,0.17265193370165746
19877,2,0,0.1051693404634581
19878,1,0,0.7188195991091314
19879,1,1,0.4164420485175202
19880,4,0,0.10846181427034779
19881,4,1,0.7197309417040358
19882,3,0,0.10848338260324286
19883,5,0,0.17265193370165746
19884,2,1,0.1051693404634581
19885,4,0,0.7197309417040358
19886,5,1,0.10624706434945984
19887,2,0,0.1051693404634581
19888,2,0,0.17620376831821355
19889,4,0,0.10846181427034779
19890,2,0,0.27938671209540034
19891,3,0,0.10848338260324286
19892,2,0,0.1051693404634581
19893,4,0,0.10846181427034779
19894,1,1,0.1750291715285881
19895,4,0,0.10846181427034779
19896,2,0,0.6916956737941323
19897,1,0,0.7188195991091314
19898,3,0,0.10848338260324286
19899,1,0,0.09750492449113592
19900,3,0,0.10848338260324286
19901,4,0,0.10846181427034779
19902,4,1,0.7197309417040358
19903,5,0,0.10624706434945984
19904,1,0,0.09750492449113592
19905,4,1,0.10846181427034779
19906,1,1,0.7188195991091314
19907,4,0,0.10846181427034779
19908,2,0,0.1051693404634581
19909,5,1,0.7639751552795031
19910,4,0,0.17377182298010557
19911,5,1,0.17265193370165746
19912,2,0,0.1051693404634581
19913,4,0,0.10846181427034779
19914,2,0,0.1051693404634581
19915,5,0,0.10624706434945984
19916,4,0,0.31981981981981983
19917,5,1,0.2850467289719626
19918,3,0,0.10848338260324286
19919,5,0,0.10624706434945984
19920,2,1,0.6916956737941323
19921,5,0,0.10624706434945984
19922,1,0,0.7188195991091314
19923,2,0,0.1051693404634581
19924,5,0,0.2850467289719626
19925,5,0,0.10624706434945984
19926,4,0,0.10846181427034779
19927,5,0,0.10624706434945984
19928,2,0,0.1051693404634581
19929,3,0,0.10848338260324286
19930,5,0,0.17265193370165746
19931,1,0,0.09750492449113592
19932,3,0,0.1743920972644377
19933,5,0,0.10624706434945984
19934,3,1,0.10848338260324286
19935,5,1,0.4191852825229961
19936,3,0,0.4647058823529412
19937,2,1,0.27938671209540034
19938,5,0,0.4191852825229961
19939,5,1,0.7639751552795031
19940,4,0,0.10846181427034779
19941,5,1,0.17265193370165746
19942,2,0,0.17620376831821355
19943,2,0,0.1051693404634581
19944,1,1,0.1750291715285881
19945,2,0,0.1051693404634581
19946,4,0,0.31981981981981983
19947,5,0,0.10624706434945984
19948,2,0,0.3931203931203931
19949,1,0,0.1750291715285881
19950,2,0,0.17620376831821355
19951,3,0,0.10848338260324286
19952,3,0,0.10848338260324286
19953,5,0,0.10624706434945984
19954,3,1,0.538961038961039
19955,1,1,0.1750291715285881
19956,5,0,0.6489626556016598
19957,3,0,0.27732558139534885
19958,5,1,0.10624706434945984
19959,5,0,0.10624706434945984
19960,5,0,0.4191852825229961
19961,1,0,0.09750492449113592
19962,2,0,0.17620376831821355
19963,5,0,0.10624706434945984
19964,3,0,0.27732558139534885
19965,5,0,0.17265193370165746
19966,4,0,0.2782089552238806
19967,2,0,0.1051693404634581
19968,5,1,0.10624706434945984
19969,3,0,0.10848338260324286
19970,4,0,0.5256124721603563
19971,1,0,0.09750492449113592
19972,1,0,0.09750492449113592
19973,5,0,0.10624706434945984
19974,1,0,0.09750492449113592
19975,2,0,0.1051693404634581
19976,3,0,0.10848338260324286
19977,2,0,0.1051693404634581
19978,4,0,0.10846181427034779
19979,5,0,0.10624706434945984
19980,4,0,0.10846181427034779
19981,2,0,0.1051693404634581
19982,4,0,0.10846181427034779
19983,4,0,0.10846181427034779
19984,2,1,0.6916956737941323
19985,5,0,0.10624706434945984
19986,2,0,0.1051693404634581
19987,3,1,0.7204419889502762
19988,4,0,0.10846181427034779
19989,4,1,0.2782089552238806
19990,2,0,0.17620376831821355
19991,2,1,0.6916956737941323
19992,3,1,0.4647058823529412
19993,5,0,0.10624706434945984
19994,1,1,0.7188195991091314
19995,3,0,0.10848338260324286
19996,5,1,0.17265193370165746
19997,4,1,0.7197309417040358
19998,2,0,0.1051693404634581
19999,2,0,0.1051693404634581
20000,2,0,0.1051693404634581
20001,2,0,0.6916956737941323
20002,1,0,0.09750492449113592
20003,5,0,0.17265193370165746
20004,2,0,0.1051693404634581
20005,1,1,0.1750291715285881
20006,1,1,0.09750492449113592
20007,5,0,0.10624706434945984
20008,4,0,0.10846181427034779
20009,5,0,0.10624706434945984
20010,4,0,0.36443148688046645
20011,3,0,0.10848338260324286
20012,5,0,0.10624706434945984
20013,2,0,0.27938671209540034
20014,5,0,0.10624706434945984
20015,2,1,0.1051693404634581
20016,2,1,0.1051693404634581
20017,5,0,0.10624706434945984
20018,4,0,0.10846181427034779
20019,1,0,0.2624521072796935
20020,3,0,0.10848338260324286
20021,3,0,0.10848338260324286
20022,3,1,0.10848338260324286
20023,1,0,0.09750492449113592
20024,2,0,0.1051693404634581
20025,5,0,0.10624706434945984
20026,5,0,0.10624706434945984
20027,2,0,0.1051693404634581
20028,2,0,0.3931203931203931
20029,2,0,0.17620376831821355
20030,2,0,0.1051693404634581
20031,5,1,0.5300668151447662
20032,5,0,0.6489626556016598
20033,3,0,0.10848338260324286
20034,4,0,0.10846181427034779
20035,5,0,0.10624706434945984
20036,5,0,0.10624706434945984
20037,3,0,0.10848338260324286
20038,4,0,0.10846181427034779
20039,4,0,0.10846181427034779
20040,3,0,0.1743920972644377
20041,1,0,0.1750291715285881
20042,1,0,0.1750291715285881
20043,3,1,0.7204419889502762
20044,5,1,0.10624706434945984
20045,5,1,0.2745320476460579
20046,1,0,0.1750291715285881
20047,2,1,0.6916956737941323
20048,4,1,0.7197309417040358
20049,2,0,0.1051693404634581
20050,1,1,0.2664359861591695
20051,5,0,0.10624706434945984
20052,5,0,0.10624706434945984
20053,5,0,0.10624706434945984
20054,4,0,0.10846181427034779
20055,1,0,0.09750492449113592
20056,1,1,0.5128205128205128
20057,2,0,0.1051693404634581
20058,1,0,0.09750492449113592
20059,3,1,0.7204419889502762
20060,1,0,0.1750291715285881
20061,3,0,0.10848338260324286
20062,2,0,0.1051693404634581
20063,2,0,0.27938671209540034
20064,2,0,0.3931203931203931
20065,3,0,0.10848338260324286
20066,1,0,0.09750492449113592
20067,3,1,0.10848338260324286
20068,1,0,0.09750492449113592
20069,3,0,0.10848338260324286
20070,5,0,0.10624706434945984
20071,1,0,0.7188195991091314
20072,4,0,0.5256124721603563
20073,3,0,0.1743920972644377
20074,3,1,0.1743920972644377
20075,2,1,0.6916956737941323
20076,4,0,0.10846181427034779
20077,5,0,0.2745320476460579
20078,2,1,0.27938671209540034
20079,1,0,0.1750291715285881
20080,4,0,0.10846181427034779
20081,5,1,0.4191852825229961
20082,2,1,0.1051693404634581
20083,2,1,0.1051693404634581
20084,4,1,0.2782089552238806
20085,4,1,0.5256124721603563
20086,2,0,0.27938671209540034
20087,2,0,0.1051693404634581
20088,3,0,0.10848338260324286
20089,3,0,0.10848338260324286
20090,3,0,0.1743920972644377
20091,4,0,0.10846181427034779
20092,3,0,0.10848338260324286
20093,5,0,0.10624706434945984
20094,1,1,0.09750492449113592
20095,3,1,0.3774703557312253
20096,5,0,0.2745320476460579
20097,2,0,0.1051693404634581
20098,5,1,0.4191852825229961
20099,2,0,0.17620376831821355
20100,3,0,0.1743920972644377
20101,1,1,0.2579210672595887
20102,2,0,0.27938671209540034
20103,1,0,0.09750492449113592
20104,4,0,0.2782089552238806
20105,1,0,0.09750492449113592
20106,2,0,0.1051693404634581
20107,5,1,0.7639751552795031
20108,2,1,0.17620376831821355
20109,3,0,0.10848338260324286
20110,4,0,0.10846181427034779
20111,5,0,0.10624706434945984
20112,2,1,0.5244444444444445
20113,1,0,0.1750291715285881
20114,5,0,0.10624706434945984
20115,3,0,0.10848338260324286
20116,1,1,0.2579210672595887
20117,1,0,0.09750492449113592
20118,1,0,0.09750492449113592
20119,5,0,0.17265193370165746
20120,1,1,0.5276497695852534
20121,1,0,0.09750492449113592
20122,1,1,0.1750291715285881
20123,5,0,0.10624706434945984
20124,3,0,0.1743920972644377
20125,2,0,0.1051693404634581
20126,2,0,0.1051693404634581
20127,2,0,0.3167420814479638
20128,4,0,0.10846181427034779
20129,4,0,0.10846181427034779
20130,1,0,0.09750492449113592
20131,5,0,0.17265193370165746
20132,5,0,0.10624706434945984
20133,4,0,0.10846181427034779
20134,2,1,0.3931203931203931
20135,2,0,0.1051693404634581
20136,3,0,0.10848338260324286
20137,4,0,0.10846181427034779
20138,2,1,0.3931203931203931
20139,5,0,0.10624706434945984
20140,2,0,0.1051693404634581
20141,4,1,0.17377182298010557
20142,1,0,0.09750492449113592
20143,5,1,0.6489626556016598
20144,3,0,0.10848338260324286
20145,4,0,0.10846181427034779
20146,3,0,0.10848338260324286
20147,2,0,0.1051693404634581
20148,5,0,0.10624706434945984
20149,1,1,0.7188195991091314
20150,3,0,0.10848338260324286
20151,2,0,0.1051693404634581
20152,3,0,0.10848338260324286
20153,1,0,0.4164420485175202
20154,1,0,0.2579210672595887
20155,1,0,0.09750492449113592
20156,4,0,0.10846181427034779
20157,3,0,0.1743920972644377
20158,3,0,0.10848338260324286
20159,2,1,0.17620376831821355
20160,4,0,0.10846181427034779
20161,4,0,0.7197309417040358
20162,3,1,0.27732558139534885
20163,5,0,0.6489626556016598
20164,1,0,0.09750492449113592
20165,3,0,0.10848338260324286
20166,3,0,0.1743920972644377
20167,4,0,0.7197309417040358
20168,4,0,0.10846181427034779
20169,2,0,0.1051693404634581
20170,4,1,0.31981981981981983
20171,3,0,0.1743920972644377
20172,2,0,0.27938671209540034
20173,3,1,0.27732558139534885
20174,3,0,0.1743920972644377
20175,1,0,0.09750492449113592
20176,1,0,0.1750291715285881
20177,4,0,0.10846181427034779
20178,2,0,0.6916956737941323
20179,1,0,0.1750291715285881
20180,1,0,0.09750492449113592
20181,3,1,0.7204419889502762
20182,1,0,0.09750492449113592
20183,5,0,0.10624706434945984
20184,5,0,0.17265193370165746
20185,2,0,0.1051693404634581
20186,1,0,0.2624521072796935
20187,3,1,0.7204419889502762
20188,1,0,0.09750492449113592
20189,2,0,0.1051693404634581
20190,2,0,0.1051693404634581
20191,2,0,0.1051693404634581
20192,5,0,0.10624706434945984
20193,2,0,0.1051693404634581
20194,4,1,0.7197309417040358
20195,5,0,0.2745320476460579
20196,1,0,0.09750492449113592
20197,2,1,0.27938671209540034
20198,1,0,0.1750291715285881
20199,3,0,0.1743920972644377
20200,5,0,0.7639751552795031
20201,2,1,0.1051693404634581
20202,2,1,0.6916956737941323
20203,5,0,0.17265193370165746
20204,3,0,0.10848338260324286
20205,1,1,0.1750291715285881
20206,3,0,0.10848338260324286
20207,1,1,0.2579210672595887
20208,4,0,0.10846181427034779
20209,5,0,0.5300668151447662
20210,1,0,0.1750291715285881
20211,5,0,0.10624706434945984
20212,3,0,0.10848338260324286
20213,4,0,0.10846181427034779
20214,3,1,0.10848338260324286
20215,4,0,0.10846181427034779
20216,1,1,0.2664359861591695
20217,2,0,0.1051693404634581
20218,5,0,0.10624706434945984
20219,3,1,0.3774703557312253
20220,5,0,0.10624706434945984
20221,1,0,0.09750492449113592
20222,3,0,0.10848338260324286
20223,2,0,0.6916956737941323
20224,1,0,0.09750492449113592
20225,1,0,0.09750492449113592
20226,5,0,0.10624706434945984
20227,3,0,0.10848338260324286
20228,1,0,0.09750492449113592
20229,5,1,0.6489626556016598
20230,2,1,0.1051693404634581
20231,2,0,0.1051693404634581
20232,1,0,0.2579210672595887
20233,3,0,0.1743920972644377
20234,1,0,0.09750492449113592
20235,4,0,0.10846181427034779
20236,5,0,0.4191852825229961
20237,5,0,0.10624706434945984
20238,5,0,0.10624706434945984
20239,2,0,0.1051693404634581
20240,4,0,0.10846181427034779
20241,5,1,0.10624706434945984
20242,2,0,0.1051693404634581
20243,5,0,0.2745320476460579
20244,2,0,0.1051693404634581
20245,3,1,0.4647058823529412
20246,1,1,0.4164420485175202
20247,4,1,0.7197309417040358
20248,4,0,0.10846181427034779
20249,2,1,0.6916956737941323
20250,1,0,0.09750492449113592
20251,4,1,0.2782089552238806
20252,2,0,0.17620376831821355
20253,2,0,0.1051693404634581
20254,5,0,0.10624706434945984
20255,4,0,0.10846181427034779
20256,4,0,0.10846181427034779
20257,1,0,0.1750291715285881
20258,1,1,0.7188195991091314
20259,5,0,0.10624706434945984
20260,2,1,0.17620376831821355
20261,5,0,0.10624706434945984
20262,4,0,0.10846181427034779
20263,3,1,0.10848338260324286
20264,5,0,0.10624706434945984
20265,4,1,0.17377182298010557
20266,4,0,0.10846181427034779
20267,3,0,0.10848338260324286
20268,3,1,0.3722943722943723
20269,2,0,0.1051693404634581
20270,5,0,0.4191852825229961
20271,3,0,0.10848338260324286
20272,4,0,0.10846181427034779
20273,2,0,0.27938671209540034
20274,4,0,0.10846181427034779
20275,1,1,0.09750492449113592
20276,4,0,0.10846181427034779
20277,2,0,0.1051693404634581
20278,2,0,0.1051693404634581
20279,4,1,0.2782089552238806
20280,3,0,0.10848338260324286
20281,4,1,0.7197309417040358
20282,5,0,0.10624706434945984
20283,2,0,0.1051693404634581
20284,3,0,0.3774703557312253
20285,1,0,0.09750492449113592
20286,4,0,0.10846181427034779
20287,4,0,0.10846181427034779
20288,1,0,0.09750492449113592
20289,1,0,0.1750291715285881
20290,4,0,0.2782089552238806
20291,1,0,0.1750291715285881
20292,5,0,0.2745320476460579
20293,3,0,0.10848338260324286
20294,5,0,0.17265193370165746
20295,3,0,0.538961038961039
20296,2,0,0.1051693404634581
20297,4,0,0.10846181427034779
20298,4,0,0.36443148688046645
20299,3,0,0.10848338260324286
20300,1,0,0.4164420485175202
20301,1,0,0.2624521072796935
20302,1,1,0.1750291715285881
20303,1,1,0.7188195991091314
20304,1,0,0.09750492449113592
20305,3,0,0.7204419889502762
20306,3,0,0.10848338260324286
20307,3,1,0.3774703557312253
20308,2,1,0.6916956737941323
20309,4,0,0.10846181427034779
20310,1,0,0.2624521072796935
20311,1,0,0.2579210672595887
20312,2,1,0.3931203931203931
20313,2,0,0.1051693404634581
20314,5,0,0.10624706434945984
20315,2,1,0.6916956737941323
20316,1,0,0.2579210672595887
20317,3,0,0.1743920972644377
20318,5,0,0.10624706434945984
20319,4,1,0.17377182298010557
20320,3,1,0.10848338260324286
20321,1,0,0.2624521072796935
20322,2,1,0.6916956737941323
20323,5,1,0.17265193370165746
20324,3,0,0.10848338260324286
20325,2,1,0.17620376831821355
20326,4,0,0.10846181427034779
20327,1,0,0.09750492449113592
20328,1,0,0.09750492449113592
20329,4,1,0.10846181427034779
20330,3,0,0.10848338260324286
20331,4,0,0.10846181427034779
20332,1,0,0.1750291715285881
20333,2,0,0.1051693404634581
20334,4,0,0.10846181427034779
20335,4,0,0.10846181427034779
20336,3,0,0.10848338260324286
20337,1,0,0.2579210672595887
20338,4,1,0.10846181427034779
20339,5,0,0.10624706434945984
20340,3,1,0.1743920972644377
20341,3,1,0.1743920972644377
20342,1,1,0.1750291715285881
20343,2,0,0.3931203931203931
20344,1,0,0.09750492449113592
20345,5,0,0.10624706434945984
20346,5,0,0.2745320476460579
20347,4,0,0.10846181427034779
20348,4,0,0.2782089552238806
20349,3,0,0.10848338260324286
20350,5,0,0.10624706434945984
20351,3,0,0.7204419889502762
20352,2,0,0.1051693404634581
20353,2,0,0.17620376831821355
20354,3,0,0.1743920972644377
20355,4,1,0.5256124721603563
20356,4,0,0.31981981981981983
20357,1,0,0.09750492449113592
20358,5,0,0.10624706434945984
20359,3,0,0.10848338260324286
20360,5,0,0.7639751552795031
20361,1,0,0.1750291715285881
20362,1,0,0.1750291715285881
20363,3,0,0.3722943722943723
20364,3,0,0.3774703557312253
20365,4,1,0.10846181427034779
20366,4,1,0.7197309417040358
20367,2,1,0.3931203931203931
20368,4,0,0.17377182298010557
20369,1,0,0.09750492449113592
20370,4,1,0.10846181427034779
20371,3,1,0.3774703557312253
20372,2,1,0.6916956737941323
20373,5,1,0.2850467289719626
20374,2,1,0.27938671209540034
20375,3,0,0.27732558139534885
20376,5,0,0.10624706434945984
20377,1,1,0.5276497695852534
20378,5,0,0.10624706434945984
20379,2,0,0.1051693404634581
20380,5,1,0.6489626556016598
20381,3,0,0.10848338260324286
20382,3,1,0.538961038961039
20383,5,0,0.17265193370165746
20384,1,0,0.1750291715285881
20385,3,0,0.27732558139534885
20386,4,0,0.10846181427034779
20387,5,1,0.5300668151447662
20388,5,0,0.10624706434945984
20389,1,0,0.1750291715285881
20390,3,0,0.7204419889502762
20391,2,0,0.1051693404634581
20392,3,1,0.10848338260324286
20393,2,0,0.6916956737941323
20394,3,0,0.7204419889502762
20395,3,0,0.10848338260324286
20396,1,0,0.1750291715285881
20397,1,0,0.09750492449113592
20398,5,0,0.2745320476460579
20399,1,0,0.09750492449113592
20400,4,1,0.2782089552238806
20401,4,0,0.10846181427034779
20402,4,0,0.10846181427034779
20403,3,0,0.10848338260324286
20404,5,0,0.10624706434945984
20405,2,0,0.1051693404634581
20406,3,0,0.10848338260324286
20407,1,0,0.2579210672595887
20408,2,0,0.27938671209540034
20409,5,0,0.10624706434945984
20410,4,0,0.10846181427034779
20411,2,0,0.1051693404634581
20412,4,0,0.10846181427034779
20413,5,1,0.17265193370165746
20414,3,0,0.1743920972644377
20415,1,0,0.2624521072796935
20416,5,0,0.17265193370165746
20417,2,0,0.1051693404634581
20418,1,0,0.4164420485175202
20419,4,0,0.17377182298010557
20420,2,0,0.27938671209540034
20421,4,0,0.7197309417040358
20422,2,1,0.6916956737941323
20423,5,0,0.10624706434945984
20424,1,1,0.09750492449113592
20425,3,0,0.7204419889502762
20426,1,1,0.5276497695852534
20427,3,0,0.10848338260324286
20428,5,0,0.2850467289719626
20429,2,0,0.1051693404634581
20430,1,0,0.2579210672595887
20431,1,0,0.09750492449113592
20432,2,0,0.1051693404634581
20433,2,1,0.2131979695431472
20434,2,0,0.1051693404634581
20435,5,1,0.2745320476460579
20436,4,0,0.10846181427034779
20437,2,0,0.5244444444444445
20438,3,1,0.10848338260324286
20439,1,1,0.09750492449113592
20440,1,0,0.09750492449113592
20441,4,1,0.17377182298010557
20442,2,0,0.1051693404634581
20443,4,0,0.10846181427034779
20444,1,0,0.2579210672595887
20445,5,1,0.5300668151447662
20446,3,1,0.7204419889502762
20447,3,0,0.10848338260324286
20448,4,0,0.10846181427034779
20449,3,0,0.10848338260324286
20450,2,0,0.1051693404634581
20451,2,0,0.1051693404634581
20452,4,0,0.7197309417040358
20453,3,0,0.10848338260324286
20454,3,0,0.27732558139534885
20455,3,0,0.10848338260324286
20456,4,1,0.53
20457,3,0,0.10848338260324286
20458,2,0,0.17620376831821355
20459,2,0,0.1051693404634581
20460,4,0,0.10846181427034779
20461,3,1,0.10848338260324286
20462,4,1,0.36443148688046645
20463,1,0,0.2579210672595887
20464,1,0,0.2579210672595887
20465,3,0,0.10848338260324286
20466,5,0,0.10624706434945984
20467,5,0,0.6489626556016598
20468,5,1,0.7639751552795031
20469,3,0,0.10848338260324286
20470,1,0,0.09750492449113592
20471,2,1,0.6916956737941323
20472,2,0,0.5244444444444445
20473,5,0,0.17265193370165746
20474,1,0,0.1750291715285881
20475,2,1,0.1051693404634581
20476,4,0,0.10846181427034779
20477,5,1,0.7639751552795031
20478,3,1,0.538961038961039
20479,5,0,0.10624706434945984
20480,3,1,0.7204419889502762
20481,4,1,0.17377182298010557
20482,4,1,0.2782089552238806
20483,4,0,0.10846181427034779
20484,3,0,0.10848338260324286
20485,1,1,0.1750291715285881
20486,1,0,0.1750291715285881
20487,4,0,0.10846181427034779
20488,1,0,0.1750291715285881
20489,1,1,0.2579210672595887
20490,5,1,0.2745320476460579
20491,5,0,0.6489626556016598
20492,2,0,0.17620376831821355
20493,3,0,0.10848338260324286
20494,1,0,0.09750492449113592
20495,3,0,0.10848338260324286
20496,4,0,0.10846181427034779
20497,4,0,0.10846181427034779
20498,4,0,0.2782089552238806
20499,4,0,0.10846181427034779
20500,4,0,0.36443148688046645
20501,5,0,0.10624706434945984
20502,5,0,0.10624706434945984
20503,1,0,0.09750492449113592
20504,1,0,0.09750492449113592
20505,1,0,0.2624521072796935
20506,4,1,0.7197309417040358
20507,3,0,0.3774703557312253
20508,5,0,0.10624706434945984
20509,3,1,0.10848338260324286
20510,5,0,0.10624706434945984
20511,5,0,0.4191852825229961
20512,1,0,0.09750492449113592
20513,4,0,0.10846181427034779
20514,2,0,0.1051693404634581
20515,4,1,0.7197309417040358
20516,3,0,0.10848338260324286
20517,4,1,0.10846181427034779
20518,2,0,0.1051693404634581
20519,5,0,0.10624706434945984
20520,1,0,0.1750291715285881
20521,2,1,0.6916956737941323
20522,3,0,0.27732558139534885
20523,4,1,0.5256124721603563
20524,3,0,0.10848338260324286
20525,2,0,0.1051693404634581
20526,1,0,0.09750492449113592
20527,4,0,0.10846181427034779
20528,3,0,0.27732558139534885
20529,1,1,0.2579210672595887
20530,4,1,0.10846181427034779
20531,5,0,0.2745320476460579
20532,4,0,0.2782089552238806
20533,2,1,0.3931203931203931
20534,1,0,0.7188195991091314
20535,1,0,0.09750492449113592
20536,5,0,0.10624706434945984
20537,5,0,0.10624706434945984
20538,4,0,0.10846181427034779
20539,4,1,0.7197309417040358
20540,5,0,0.10624706434945984
20541,1,0,0.1750291715285881
20542,1,0,0.09750492449113592
20543,1,0,0.2579210672595887
20544,2,0,0.3931203931203931
20545,1,1,0.09750492449113592
20546,2,0,0.1051693404634581
20547,1,1,0.7188195991091314
20548,1,0,0.09750492449113592
20549,5,0,0.10624706434945984
20550,1,0,0.09750492449113592
20551,2,1,0.6916956737941323
20552,1,0,0.09750492449113592
20553,5,1,0.6489626556016598
20554,4,1,0.10846181427034779
20555,1,0,0.09750492449113592
20556,3,0,0.10848338260324286
20557,4,0,0.36443148688046645
20558,3,1,0.10848338260324286
20559,1,0,0.09750492449113592
20560,5,1,0.7639751552795031
20561,4,0,0.10846181427034779
20562,5,1,0.5300668151447662
20563,4,1,0.31981981981981983
20564,4,0,0.10846181427034779
20565,3,0,0.3774703557312253
20566,2,0,0.1051693404634581
20567,5,0,0.10624706434945984
20568,3,0,0.1743920972644377
20569,1,0,0.4164420485175202
20570,1,0,0.09750492449113592
20571,5,0,0.2850467289719626
20572,5,0,0.10624706434945984
20573,1,1,0.1750291715285881
20574,1,0,0.1750291715285881
20575,4,0,0.10846181427034779
20576,3,0,0.10848338260324286
20577,2,1,0.17620376831821355
20578,1,0,0.09750492449113592
20579,2,0,0.27938671209540034
20580,2,0,0.1051693404634581
20581,5,0,0.10624706434945984
20582,5,0,0.10624706434945984
20583,5,1,0.10624706434945984
20584,2,0,0.1051693404634581
20585,1,1,0.1750291715285881
20586,2,0,0.1051693404634581
20587,3,0,0.1743920972644377
20588,4,0,0.7197309417040358
20589,2,0,0.17620376831821355
20590,3,0,0.27732558139534885
20591,2,0,0.1051693404634581
20592,5,0,0.10624706434945984
20593,5,0,0.2745320476460579
20594,4,1,0.10846181427034779
20595,3,0,0.10848338260324286
20596,4,1,0.10846181427034779
20597,5,0,0.10624706434945984
20598,1,0,0.1750291715285881
20599,1,0,0.09750492449113592
20600,1,0,0.09750492449113592
20601,5,1,0.10624706434945984
20602,4,0,0.17377182298010557
20603,4,0,0.10846181427034779
20604,2,0,0.3931203931203931
20605,3,1,0.10848338260324286
20606,4,0,0.10846181427034779
20607,2,0,0.1051693404634581
20608,2,0,0.1051693404634581
20609,5,0,0.10624706434945984
20610,5,1,0.7639751552795031
20611,4,1,0.7197309417040358
20612,2,0,0.1051693404634581
20613,1,0,0.1750291715285881
20614,4,0,0.10846181427034779
20615,2,1,0.3167420814479638
20616,2,1,0.6916956737941323
20617,1,0,0.09750492449113592
20618,4,0,0.10846181427034779
20619,4,0,0.10846181427034779
20620,3,0,0.10848338260324286
20621,5,0,0.10624706434945984
20622,5,0,0.10624706434945984
20623,1,0,0.2624521072796935
20624,4,0,0.10846181427034779
20625,3,0,0.7204419889502762
20626,2,1,0.3167420814479638
20627,3,0,0.1743920972644377
20628,5,0,0.10624706434945984
20629,4,0,0.10846181427034779
20630,2,0,0.1051693404634581
20631,4,0,0.17377182298010557
20632,3,0,0.1743920972644377
20633,4,0,0.10846181427034779
20634,5,0,0.17265193370165746
20635,3,0,0.1743920972644377
20636,1,0,0.09750492449113592
20637,1,0,0.1750291715285881
20638,5,1,0.10624706434945984
20639,1,0,0.09750492449113592
20640,2,0,0.17620376831821355
20641,5,1,0.4191852825229961
20642,2,0,0.1051693404634581
20643,2,0,0.1051693404634581
20644,2,0,0.27938671209540034
20645,4,0,0.2782089552238806
20646,4,0,0.17377182298010557
20647,1,0,0.1750291715285881
20648,3,0,0.10848338260324286
20649,5,0,0.10624706434945984
20650,1,0,0.09750492449113592
20651,2,0,0.17620376831821355
20652,4,0,0.10846181427034779
20653,5,0,0.10624706434945984
20654,1,0,0.09750492449113592
20655,3,0,0.1743920972644377
20656,1,1,0.2579210672595887
20657,2,1,0.3931203931203931
20658,1,0,0.1750291715285881
20659,5,0,0.7639751552795031
20660,5,0,0.10624706434945984
20661,5,0,0.10624706434945984
20662,1,1,0.7188195991091314
20663,3,0,0.3722943722943723
20664,3,0,0.10848338260324286
20665,2,0,0.17620376831821355
20666,1,0,0.09750492449113592
20667,2,0,0.1051693404634581
20668,5,0,0.10624706434945984
20669,4,0,0.10846181427034779
20670,2,0,0.17620376831821355
20671,1,0,0.09750492449113592
20672,2,0,0.27938671209540034
20673,2,1,0.6916956737941323
20674,2,0,0.1051693404634581
20675,5,0,0.10624706434945984
20676,5,1,0.10624706434945984
20677,2,0,0.5244444444444445
20678,1,0,0.1750291715285881
20679,5,1,0.2745320476460579
20680,5,0,0.10624706434945984
20681,5,1,0.17265193370165746
20682,4,0,0.10846181427034779
20683,3,0,0.1743920972644377
20684,4,1,0.7197309417040358
20685,5,1,0.17265193370165746
20686,4,0,0.36443148688046645
20687,5,0,0.10624706434945984
20688,4,1,0.10846181427034779
20689,2,0,0.1051693404634581
20690,5,0,0.10624706434945984
20691,1,0,0.09750492449113592
20692,5,0,0.10624706434945984
20693,2,0,0.1051693404634581
20694,1,1,0.1750291715285881
20695,4,1,0.2782089552238806
20696,5,1,0.2745320476460579
20697,4,0,0.31981981981981983
20698,4,1,0.7197309417040358
20699,4,1,0.7197309417040358
20700,4,0,0.10846181427034779
20701,2,0,0.1051693404634581
20702,1,0,0.09750492449113592
20703,2,1,0.6916956737941323
20704,5,1,0.10624706434945984
20705,5,0,0.10624706434945984
20706,3,1,0.27732558139534885
20707,4,1,0.7197309417040358
20708,5,0,0.10624706434945984
20709,5,1,0.10624706434945984
20710,5,0,0.10624706434945984
20711,2,0,0.17620376831821355
20712,4,1,0.10846181427034779
20713,3,0,0.10848338260324286
20714,4,0,0.10846181427034779
20715,4,0,0.10846181427034779
20716,2,1,0.1051693404634581
20717,4,0,0.10846181427034779
20718,2,1,0.1051693404634581
20719,3,0,0.10848338260324286
20720,4,0,0.10846181427034779
20721,4,0,0.5256124721603563
20722,4,0,0.10846181427034779
20723,1,0,0.09750492449113592
20724,5,0,0.17265193370165746
20725,2,1,0.6916956737941323
20726,3,0,0.10848338260324286
20727,4,1,0.7197309417040358
20728,1,0,0.5276497695852534
20729,4,1,0.10846181427034779
20730,1,1,0.5276497695852534
20731,2,0,0.1051693404634581
20732,5,0,0.2745320476460579
20733,1,0,0.09750492449113592
20734,5,1,0.10624706434945984
20735,5,0,0.10624706434945984
20736,4,1,0.10846181427034779
20737,4,1,0.36443148688046645
20738,2,0,0.3167420814479638
20739,2,0,0.3931203931203931
20740,2,1,0.6916956737941323
20741,2,0,0.1051693404634581
20742,2,1,0.2131979695431472
20743,3,1,0.1743920972644377
20744,1,0,0.09750492449113592
20745,1,0,0.09750492449113592
20746,4,0,0.17377182298010557
20747,4,1,0.17377182298010557
20748,1,0,0.2624521072796935
20749,3,0,0.10848338260324286
20750,1,0,0.09750492449113592
20751,2,1,0.6916956737941323
20752,5,0,0.2745320476460579
20753,5,0,0.10624706434945984
20754,5,1,0.7639751552795031
20755,2,0,0.3931203931203931
20756,4,0,0.10846181427034779
20757,2,0,0.1051693404634581
20758,1,0,0.09750492449113592
20759,5,0,0.10624706434945984
20760,3,0,0.10848338260324286
20761,2,0,0.17620376831821355
20762,5,0,0.10624706434945984
20763,4,0,0.10846181427034779
20764,1,0,0.09750492449113592
20765,1,0,0.2579210672595887
20766,2,0,0.27938671209540034
20767,3,1,0.3774703557312253
20768,1,0,0.2579210672595887
20769,3,1,0.27732558139534885
20770,3,1,0.10848338260324286
20771,4,0,0.17377182298010557
20772,2,0,0.1051693404634581
20773,5,0,0.10624706434945984
20774,2,0,0.1051693404634581
20775,4,0,0.10846181427034779
20776,2,0,0.17620376831821355
20777,1,0,0.09750492449113592
20778,3,0,0.10848338260324286
20779,5,0,0.10624706434945984
20780,1,0,0.09750492449113592
20781,1,1,0.4164420485175202
20782,3,0,0.10848338260324286
20783,4,1,0.10846181427034779
20784,1,1,0.2579210672595887
20785,4,1,0.10846181427034779
20786,1,1,0.09750492449113592
20787,5,0,0.10624706434945984
20788,2,0,0.17620376831821355
20789,2,0,0.1051693404634581
20790,2,0,0.17620376831821355
20791,5,0,0.17265193370165746
20792,4,0,0.2782089552238806
20793,2,0,0.1051693404634581
20794,1,0,0.09750492449113592
20795,2,1,0.6916956737941323
20796,5,1,0.10624706434945984
20797,2,0,0.1051693404634581
20798,3,1,0.10848338260324286
20799,3,0,0.10848338260324286
20800,4,0,0.10846181427034779
20801,2,1,0.6916956737941323
20802,4,0,0.10846181427034779
20803,2,1,0.1051693404634581
20804,1,0,0.09750492449113592
20805,2,1,0.1051693404634581
20806,3,0,0.3722943722943723
20807,3,0,0.1743920972644377
20808,1,1,0.09750492449113592
20809,3,1,0.7204419889502762
20810,4,0,0.10846181427034779
20811,3,0,0.10848338260324286
20812,4,0,0.7197309417040358
20813,1,0,0.1750291715285881
20814,4,0,0.17377182298010557
20815,3,0,0.10848338260324286
20816,2,0,0.1051693404634581
20817,3,0,0.10848338260324286
20818,4,0,0.10846181427034779
20819,5,0,0.10624706434945984
20820,4,1,0.17377182298010557
20821,2,0,0.1051693404634581
20822,3,0,0.27732558139534885
20823,4,0,0.17377182298010557
20824,2,1,0.17620376831821355
20825,1,0,0.09750492449113592
20826,1,0,0.1750291715285881
20827,2,0,0.1051693404634581
20828,2,0,0.1051693404634581
20829,3,0,0.10848338260324286
20830,5,0,0.10624706434945984
20831,5,0,0.10624706434945984
20832,4,0,0.17377182298010557
20833,4,1,0.7197309417040358
20834,3,0,0.10848338260324286
20835,1,0,0.09750492449113592
20836,1,0,0.09750492449113592
20837,1,0,0.1750291715285881
20838,1,1,0.4164420485175202
20839,1,0,0.09750492449113592
20840,2,1,0.6916956737941323
20841,4,0,0.10846181427034779
20842,5,0,0.10624706434945984
20843,3,0,0.10848338260324286
20844,2,1,0.1051693404634581
20845,4,0,0.10846181427034779
20846,2,0,0.17620376831821355
20847,1,0,0.1750291715285881
20848,2,1,0.5244444444444445
20849,4,0,0.10846181427034779
20850,3,0,0.27732558139534885
20851,1,0,0.09750492449113592
20852,1,0,0.09750492449113592
20853,5,1,0.2745320476460579
20854,4,0,0.17377182298010557
20855,4,0,0.10846181427034779
20856,2,0,0.1051693404634581
20857,4,0,0.17377182298010557
20858,4,0,0.10846181427034779
20859,5,0,0.10624706434945984
20860,3,0,0.10848338260324286
20861,4,0,0.10846181427034779
20862,4,0,0.10846181427034779
20863,1,0,0.1750291715285881
20864,2,1,0.6916956737941323
20865,3,1,0.1743920972644377
20866,2,0,0.1051693404634581
20867,4,0,0.10846181427034779
20868,3,0,0.27732558139534885
20869,3,1,0.10848338260324286
20870,5,0,0.4191852825229961
20871,3,0,0.538961038961039
20872,5,0,0.10624706434945984
20873,4,0,0.10846181427034779
20874,2,0,0.17620376831821355
20875,4,0,0.10846181427034779
20876,5,1,0.10624706434945984
20877,2,0,0.1051693404634581
20878,3,0,0.3774703557312253
20879,1,0,0.09750492449113592
20880,5,0,0.10624706434945984
20881,1,0,0.09750492449113592
20882,2,0,0.1051693404634581
20883,2,1,0.17620376831821355
20884,4,0,0.5256124721603563
20885,1,1,0.5128205128205128
20886,4,0,0.10846181427034779
20887,3,0,0.3774703557312253
20888,2,1,0.6916956737941323
20889,3,1,0.7204419889502762
20890,1,0,0.2579210672595887
20891,2,0,0.1051693404634581
20892,3,1,0.1743920972644377
20893,3,0,0.10848338260324286
20894,3,0,0.1743920972644377
20895,4,1,0.2782089552238806
20896,5,0,0.17265193370165746
20897,4,0,0.10846181427034779
20898,5,1,0.10624706434945984
20899,1,0,0.09750492449113592
20900,2,0,0.1051693404634581
20901,1,0,0.2579210672595887
20902,2,0,0.1051693404634581
20903,3,0,0.10848338260324286
20904,3,0,0.10848338260324286
20905,4,0,0.10846181427034779
20906,3,0,0.10848338260324286
20907,4,1,0.53
20908,4,0,0.10846181427034779
20909,1,0,0.1750291715285881
20910,1,0,0.2664359861591695
20911,4,0,0.10846181427034779
20912,5,1,0.5300668151447662
20913,1,0,0.2579210672595887
20914,3,0,0.7204419889502762
20915,3,1,0.7204419889502762
20916,4,0,0.10846181427034779
20917,5,0,0.10624706434945984
20918,1,0,0.1750291715285881
20919,2,0,0.1051693404634581
20920,3,0,0.10848338260324286
20921,3,0,0.10848338260324286
20922,1,1,0.2579210672595887
20923,5,0,0.17265193370165746
20924,5,0,0.10624706434945984
20925,3,0,0.10848338260324286
20926,1,0,0.09750492449113592
20927,4,1,0.7197309417040358
20928,5,0,0.10624706434945984
20929,5,0,0.2745320476460579
20930,2,0,0.3167420814479638
20931,1,0,0.09750492449113592
20932,4,0,0.7197309417040358
20933,4,0,0.10846181427034779
20934,2,0,0.1051693404634581
20935,4,1,0.7197309417040358
20936,5,0,0.10624706434945984
20937,5,0,0.10624706434945984
20938,3,1,0.7204419889502762
20939,5,0,0.10624706434945984
20940,4,0,0.17377182298010557
20941,5,1,0.2850467289719626
20942,4,0,0.17377182298010557
20943,5,0,0.10624706434945984
20944,3,0,0.4647058823529412
20945,5,0,0.17265193370165746
20946,1,0,0.09750492449113592
20947,3,0,0.10848338260324286
20948,3,0,0.10848338260324286
20949,5,0,0.10624706434945984
20950,3,1,0.4647058823529412
20951,4,0,0.10846181427034779
20952,5,0,0.17265193370165746
20953,4,0,0.7197309417040358
20954,4,0,0.17377182298010557
20955,5,0,0.10624706434945984
20956,4,0,0.10846181427034779
20957,5,0,0.17265193370165746
20958,4,0,0.10846181427034779
20959,2,0,0.1051693404634581
20960,3,0,0.10848338260324286
20961,1,0,0.09750492449113592
20962,1,0,0.09750492449113592
20963,5,1,0.6489626556016598
20964,4,1,0.17377182298010557
20965,3,0,0.10848338260324286
20966,5,0,0.10624706434945984
20967,1,0,0.09750492449113592
20968,4,0,0.10846181427034779
20969,1,0,0.2579210672595887
20970,5,1,0.2850467289719626
20971,1,0,0.2579210672595887
20972,3,0,0.1743920972644377
20973,2,0,0.17620376831821355
20974,2,0,0.1051693404634581
20975,1,0,0.09750492449113592
20976,4,0,0.10846181427034779
20977,5,0,0.10624706434945984
20978,1,1,0.4164420485175202
20979,2,1,0.27938671209540034
20980,4,0,0.10846181427034779
20981,4,0,0.10846181427034779
20982,4,0,0.10846181427034779
20983,3,0,0.10848338260324286
20984,5,0,0.6489626556016598
20985,2,0,0.1051693404634581
20986,4,0,0.10846181427034779
20987,5,0,0.10624706434945984
20988,3,0,0.10848338260324286
20989,2,1,0.17620376831821355
20990,5,1,0.10624706434945984
20991,2,0,0.1051693404634581
20992,3,0,0.10848338260324286
20993,3,0,0.10848338260324286
20994,2,0,0.17620376831821355
20995,3,0,0.10848338260324286
20996,1,0,0.09750492449113592
20997,5,0,0.10624706434945984
20998,3,0,0.1743920972644377
20999,2,1,0.5244444444444445
21000,2,0,0.1051693404634581
21001,2,0,0.1051693404634581
21002,3,1,0.4647058823529412
21003,1,0,0.09750492449113592
21004,5,1,0.7639751552795031
21005,3,1,0.7204419889502762
21006,4,1,0.2782089552238806
21007,5,0,0.10624706434945984
21008,5,0,0.10624706434945984
21009,4,0,0.31981981981981983
21010,2,0,0.17620376831821355
21011,4,0,0.10846181427034779
21012,3,1,0.10848338260324286
21013,2,0,0.6916956737941323
21014,2,1,0.5244444444444445
21015,1,0,0.7188195991091314
21016,5,0,0.2745320476460579
21017,3,0,0.1743920972644377
21018,5,0,0.17265193370165746
21019,4,1,0.36443148688046645
21020,5,0,0.10624706434945984
21021,4,0,0.10846181427034779
21022,2,0,0.6916956737941323
21023,2,0,0.1051693404634581
21024,3,1,0.7204419889502762
21025,4,0,0.10846181427034779
21026,4,0,0.7197309417040358
21027,5,0,0.2850467289719626
21028,3,0,0.27732558139534885
21029,2,0,0.27938671209540034
21030,1,0,0.09750492449113592
21031,5,1,0.4191852825229961
21032,2,1,0.1051693404634581
21033,2,1,0.17620376831821355
21034,3,1,0.27732558139534885
21035,1,1,0.5276497695852534
21036,1,0,0.09750492449113592
21037,3,1,0.27732558139534885
21038,3,1,0.7204419889502762
21039,1,0,0.09750492449113592
21040,2,0,0.1051693404634581
21041,5,0,0.10624706434945984
21042,5,0,0.10624706434945984
21043,3,1,0.10848338260324286
21044,2,0,0.1051693404634581
21045,3,0,0.10848338260324286
21046,4,0,0.10846181427034779
21047,2,1,0.1051693404634581
21048,5,1,0.4191852825229961
21049,5,0,0.17265193370165746
21050,4,1,0.10846181427034779
21051,3,1,0.7204419889502762
21052,5,0,0.2850467289719626
21053,3,0,0.10848338260324286
21054,4,0,0.17377182298010557
21055,3,0,0.10848338260324286
21056,2,0,0.17620376831821355
21057,2,0,0.1051693404634581
21058,4,0,0.10846181427034779
21059,1,0,0.1750291715285881
21060,4,1,0.7197309417040358
21061,3,0,0.10848338260324286
21062,3,0,0.10848338260324286
21063,2,1,0.6916956737941323
21064,2,0,0.17620376831821355
21065,5,0,0.2745320476460579
21066,1,1,0.5276497695852534
21067,2,0,0.1051693404634581
21068,5,0,0.10624706434945984
21069,1,0,0.09750492449113592
21070,1,0,0.09750492449113592
21071,3,0,0.3774703557312253
21072,5,0,0.4191852825229961
21073,2,0,0.1051693404634581
21074,1,0,0.1750291715285881
21075,4,0,0.10846181427034779
21076,3,1,0.3774703557312253
21077,3,0,0.10848338260324286
21078,3,0,0.7204419889502762
21079,2,1,0.6916956737941323
21080,3,0,0.3774703557312253
21081,5,0,0.10624706434945984
21082,2,0,0.17620376831821355
21083,5,0,0.10624706434945984
21084,3,0,0.10848338260324286
21085,4,0,0.10846181427034779
21086,5,1,0.10624706434945984
21087,2,0,0.1051693404634581
21088,1,0,0.2664359861591695
21089,2,0,0.1051693404634581
21090,4,0,0.10846181427034779
21091,2,0,0.3931203931203931
21092,2,1,0.6916956737941323
21093,4,0,0.10846181427034779
21094,3,0,0.10848338260324286
21095,1,0,0.2579210672595887
21096,2,0,0.1051693404634581
21097,3,0,0.10848338260324286
21098,5,0,0.2745320476460579
21099,1,0,0.09750492449113592
21100,3,0,0.10848338260324286
21101,4,0,0.31981981981981983
21102,4,0,0.7197309417040358
21103,5,0,0.17265193370165746
21104,3,0,0.10848338260324286
21105,4,0,0.17377182298010557
21106,5,0,0.10624706434945984
21107,1,0,0.09750492449113592
21108,4,0,0.2782089552238806
21109,3,0,0.10848338260324286
21110,4,0,0.10846181427034779
21111,5,0,0.10624706434945984
21112,1,0,0.1750291715285881
21113,2,1,0.6916956737941323
21114,2,0,0.1051693404634581
21115,3,0,0.10848338260324286
21116,5,0,0.10624706434945984
21117,5,0,0.10624706434945984
21118,5,0,0.10624706434945984
21119,3,0,0.1743920972644377
21120,5,1,0.22580645161290322
21121,1,0,0.09750492449113592
21122,5,0,0.4191852825229961
21123,1,0,0.09750492449113592
21124,5,1,0.6489626556016598
21125,5,0,0.10624706434945984
21126,3,0,0.10848338260324286
21127,2,0,0.17620376831821355
21128,4,0,0.10846181427034779
21129,5,0,0.2745320476460579
21130,1,0,0.09750492449113592
21131,2,0,0.1051693404634581
21132,3,0,0.10848338260324286
21133,2,0,0.6916956737941323
21134,1,0,0.1750291715285881
21135,4,0,0.10846181427034779
21136,1,0,0.2579210672595887
21137,3,0,0.10848338260324286
21138,2,0,0.1051693404634581
21139,2,0,0.1051693404634581
21140,1,0,0.2579210672595887
21141,4,1,0.36443148688046645
21142,4,0,0.10846181427034779
21143,1,0,0.09750492449113592
21144,1,0,0.09750492449113592
21145,3,0,0.27732558139534885
21146,5,0,0.10624706434945984
21147,2,0,0.1051693404634581
21148,2,1,0.1051693404634581
21149,4,1,0.7197309417040358
21150,4,1,0.10846181427034779
21151,4,0,0.7197309417040358
21152,4,0,0.2782089552238806
21153,2,0,0.27938671209540034
21154,4,0,0.2782089552238806
21155,4,0,0.10846181427034779
21156,2,0,0.1051693404634581
21157,3,1,0.7204419889502762
21158,1,0,0.1750291715285881
21159,3,0,0.10848338260324286
21160,2,0,0.1051693404634581
21161,5,0,0.2745320476460579
21162,3,0,0.10848338260324286
21163,1,0,0.09750492449113592
21164,1,1,0.1750291715285881
21165,5,0,0.10624706434945984
21166,2,0,0.1051693404634581
21167,1,0,0.2579210672595887
21168,2,0,0.1051693404634581
21169,4,1,0.2782089552238806
21170,2,0,0.27938671209540034
21171,4,0,0.5256124721603563
21172,5,0,0.10624706434945984
21173,2,1,0.6916956737941323
21174,3,0,0.10848338260324286
21175,4,1,0.10846181427034779
21176,3,0,0.7204419889502762
21177,4,0,0.17377182298010557
21178,5,0,0.5300668151447662
21179,5,0,0.10624706434945984
21180,2,0,0.1051693404634581
21181,2,0,0.1051693404634581
21182,5,0,0.10624706434945984
21183,1,0,0.1750291715285881
21184,2,1,0.1051693404634581
21185,4,0,0.10846181427034779
21186,2,1,0.1051693404634581
21187,3,0,0.3722943722943723
21188,2,0,0.1051693404634581
21189,2,0,0.3931203931203931
21190,4,0,0.2782089552238806
21191,3,0,0.10848338260324286
21192,5,1,0.2850467289719626
21193,3,0,0.1743920972644377
21194,5,0,0.10624706434945984
21195,3,0,0.10848338260324286
21196,1,1,0.1750291715285881
21197,2,0,0.27938671209540034
21198,3,0,0.10848338260324286
21199,5,0,0.2850467289719626
21200,1,0,0.1750291715285881
21201,5,0,0.2745320476460579
21202,2,0,0.1051693404634581
21203,3,0,0.10848338260324286
21204,2,0,0.1051693404634581
21205,2,1,0.27938671209540034
21206,4,0,0.17377182298010557
21207,4,0,0.10846181427034779
21208,4,0,0.2782089552238806
21209,1,0,0.4164420485175202
21210,1,0,0.1750291715285881
21211,4,0,0.10846181427034779
21212,4,0,0.10846181427034779
21213,4,0,0.10846181427034779
21214,5,0,0.10624706434945984
21215,1,0,0.09750492449113592
21216,3,0,0.10848338260324286
21217,5,0,0.10624706434945984
21218,1,0,0.09750492449113592
21219,4,0,0.17377182298010557
21220,4,0,0.10846181427034779
21221,5,0,0.17265193370165746
21222,2,0,0.1051693404634581
21223,5,1,0.7639751552795031
21224,3,1,0.538961038961039
21225,4,1,0.17377182298010557
21226,3,1,0.538961038961039
21227,3,0,0.10848338260324286
21228,1,0,0.2579210672595887
21229,3,1,0.7204419889502762
21230,3,0,0.10848338260324286
21231,5,0,0.10624706434945984
21232,1,0,0.09750492449113592
21233,5,0,0.10624706434945984
21234,2,1,0.27938671209540034
21235,2,0,0.1051693404634581
21236,2,0,0.1051693404634581
21237,5,0,0.17265193370165746
21238,5,0,0.10624706434945984
21239,5,0,0.4191852825229961
21240,1,0,0.1750291715285881
21241,2,0,0.1051693404634581
21242,4,0,0.10846181427034779
21243,5,0,0.6489626556016598
21244,5,0,0.10624706434945984
21245,4,0,0.10846181427034779
21246,5,0,0.10624706434945984
21247,3,0,0.10848338260324286
21248,5,0,0.17265193370165746
21249,1,0,0.09750492449113592
21250,5,0,0.17265193370165746
21251,4,1,0.36443148688046645
21252,3,0,0.10848338260324286
21253,4,1,0.17377182298010557
21254,4,1,0.17377182298010557
21255,5,0,0.17265193370165746
21256,5,0,0.10624706434945984
21257,3,1,0.10848338260324286
21258,4,0,0.10846181427034779
21259,5,0,0.10624706434945984
21260,5,0,0.10624706434945984
21261,5,0,0.17265193370165746
21262,1,0,0.09750492449113592
21263,2,0,0.1051693404634581
21264,3,0,0.10848338260324286
21265,1,0,0.09750492449113592
21266,5,1,0.10624706434945984
21267,4,1,0.17377182298010557
21268,3,1,0.10848338260324286
21269,3,0,0.10848338260324286
21270,3,0,0.10848338260324286
21271,5,1,0.4191852825229961
21272,1,0,0.09750492449113592
21273,3,0,0.3722943722943723
21274,1,0,0.09750492449113592
21275,1,0,0.2624521072796935
21276,3,1,0.3774703557312253
21277,2,0,0.17620376831821355
21278,5,1,0.7639751552795031
21279,5,0,0.2850467289719626
21280,3,0,0.10848338260324286
21281,2,0,0.1051693404634581
21282,3,0,0.10848338260324286
21283,1,0,0.2579210672595887
21284,5,0,0.10624706434945984
21285,4,0,0.10846181427034779
21286,4,0,0.2782089552238806
21287,3,1,0.27732558139534885
21288,5,0,0.10624706434945984
21289,3,0,0.1743920972644377
21290,5,1,0.2745320476460579
21291,3,0,0.1743920972644377
21292,2,1,0.6916956737941323
21293,2,0,0.1051693404634581
21294,3,0,0.10848338260324286
21295,4,0,0.10846181427034779
21296,4,0,0.31981981981981983
21297,5,1,0.10624706434945984
21298,3,0,0.10848338260324286
21299,3,0,0.27732558139534885
21300,4,1,0.7197309417040358
21301,1,0,0.7188195991091314
21302,1,0,0.09750492449113592
21303,5,1,0.2850467289719626
21304,5,0,0.10624706434945984
21305,1,1,0.2664359861591695
21306,1,1,0.09750492449113592
21307,5,0,0.17265193370165746
21308,5,0,0.17265193370165746
21309,3,0,0.7204419889502762
21310,5,0,0.10624706434945984
21311,1,0,0.2579210672595887
21312,3,0,0.10848338260324286
21313,5,1,0.6489626556016598
21314,3,0,0.3774703557312253
21315,5,0,0.17265193370165746
21316,2,0,0.1051693404634581
21317,1,0,0.09750492449113592
21318,2,1,0.1051693404634581
21319,2,0,0.27938671209540034
21320,3,0,0.1743920972644377
21321,4,0,0.10846181427034779
21322,4,0,0.10846181427034779
21323,1,0,0.1750291715285881
21324,3,0,0.10848338260324286
21325,3,0,0.10848338260324286
21326,2,1,0.1051693404634581
21327,1,0,0.09750492449113592
21328,4,0,0.10846181427034779
21329,4,0,0.10846181427034779
21330,4,1,0.17377182298010557
21331,5,0,0.10624706434945984
21332,1,0,0.1750291715285881
21333,1,0,0.09750492449113592
21334,4,1,0.31981981981981983
21335,4,0,0.17377182298010557
21336,4,0,0.7197309417040358
21337,3,0,0.1743920972644377
21338,1,0,0.09750492449113592
21339,5,0,0.10624706434945984
21340,5,1,0.6489626556016598
21341,5,1,0.6489626556016598
21342,5,0,0.10624706434945984
21343,3,0,0.3774703557312253
21344,1,0,0.1750291715285881
21345,1,0,0.09750492449113592
21346,1,0,0.09750492449113592
21347,3,1,0.10848338260324286
21348,1,1,0.7188195991091314
21349,3,0,0.10848338260324286
21350,2,0,0.1051693404634581
21351,5,1,0.22580645161290322
21352,2,0,0.1051693404634581
21353,5,0,0.2745320476460579
21354,3,0,0.10848338260324286
21355,5,0,0.22580645161290322
21356,3,0,0.27732558139534885
21357,5,1,0.17265193370165746
21358,5,0,0.10624706434945984
21359,2,0,0.1051693404634581
21360,2,1,0.5244444444444445
21361,2,1,0.1051693404634581
21362,1,0,0.2579210672595887
21363,3,0,0.10848338260324286
21364,4,0,0.10846181427034779
21365,5,0,0.17265193370165746
21366,1,0,0.09750492449113592
21367,5,1,0.10624706434945984
21368,4,0,0.2782089552238806
21369,3,0,0.1743920972644377
21370,1,1,0.09750492449113592
21371,1,1,0.09750492449113592
21372,4,0,0.17377182298010557
21373,5,0,0.17265193370165746
21374,5,0,0.10624706434945984
21375,3,0,0.1743920972644377
21376,3,0,0.7204419889502762
21377,2,0,0.1051693404634581
21378,5,1,0.6489626556016598
21379,2,0,0.1051693404634581
21380,3,1,0.10848338260324286
21381,5,0,0.7639751552795031
21382,5,0,0.10624706434945984
21383,1,0,0.2579210672595887
21384,5,0,0.5300668151447662
21385,1,0,0.09750492449113592
21386,3,1,0.7204419889502762
21387,2,1,0.27938671209540034
21388,3,0,0.1743920972644377
21389,5,0,0.10624706434945984
21390,2,0,0.1051693404634581
21391,1,0,0.09750492449113592
21392,2,0,0.17620376831821355
21393,4,0,0.17377182298010557
21394,1,0,0.09750492449113592
21395,4,0,0.10846181427034779
21396,5,0,0.2745320476460579
21397,3,0,0.10848338260324286
21398,2,1,0.3931203931203931
21399,1,1,0.2624521072796935
21400,5,1,0.17265193370165746
21401,5,0,0.10624706434945984
21402,5,0,0.17265193370165746
21403,1,0,0.09750492449113592
21404,4,0,0.17377182298010557
21405,3,0,0.10848338260324286
21406,2,0,0.17620376831821355
21407,3,0,0.10848338260324286
21408,1,0,0.1750291715285881
21409,4,0,0.10846181427034779
21410,2,0,0.27938671209540034
21411,2,1,0.1051693404634581
21412,1,0,0.09750492449113592
21413,5,0,0.22580645161290322
21414,5,0,0.7639751552795031
21415,3,0,0.1743920972644377
21416,4,1,0.17377182298010557
21417,4,0,0.10846181427034779
21418,5,0,0.6489626556016598
21419,4,1,0.17377182298010557
21420,5,0,0.10624706434945984
21421,3,0,0.10848338260324286
21422,4,0,0.5256124721603563
21423,2,0,0.3167420814479638
21424,5,1,0.17265193370165746
21425,1,0,0.1750291715285881
21426,4,0,0.17377182298010557
21427,4,0,0.10846181427034779
21428,4,0,0.10846181427034779
21429,2,1,0.6916956737941323
21430,2,0,0.6916956737941323
21431,2,0,0.2131979695431472
21432,1,0,0.1750291715285881
21433,5,1,0.5300668151447662
21434,1,0,0.09750492449113592
21435,1,1,0.09750492449113592
21436,5,1,0.6489626556016598
21437,1,0,0.09750492449113592
21438,4,0,0.10846181427034779
21439,3,0,0.10848338260324286
21440,5,0,0.10624706434945984
21441,2,0,0.1051693404634581
21442,1,0,0.09750492449113592
21443,3,0,0.7204419889502762
21444,5,1,0.6489626556016598
21445,5,0,0.10624706434945984
21446,3,0,0.27732558139534885
21447,2,0,0.1051693404634581
21448,2,0,0.1051693404634581
21449,5,0,0.10624706434945984
21450,3,0,0.3774703557312253
21451,3,0,0.27732558139534885
21452,1,0,0.1750291715285881
21453,1,0,0.1750291715285881
21454,2,0,0.1051693404634581
21455,3,0,0.10848338260324286
21456,5,0,0.10624706434945984
21457,2,0,0.1051693404634581
21458,4,1,0.7197309417040358
21459,4,0,0.2782089552238806
21460,1,1,0.1750291715285881
21461,5,0,0.17265193370165746
21462,4,0,0.10846181427034779
21463,1,1,0.7188195991091314
21464,4,0,0.10846181427034779
21465,5,0,0.10624706434945984
21466,3,0,0.1743920972644377
21467,3,0,0.1743920972644377
21468,4,0,0.10846181427034779
21469,5,0,0.17265193370165746
21470,4,0,0.10846181427034779
21471,5,0,0.17265193370165746
21472,2,0,0.17620376831821355
21473,4,1,0.36443148688046645
21474,5,0,0.22580645161290322
21475,3,0,0.10848338260324286
21476,2,0,0.1051693404634581
21477,3,0,0.10848338260324286
21478,5,0,0.2745320476460579
21479,5,0,0.10624706434945984
21480,4,0,0.10846181427034779
21481,3,1,0.7204419889502762
21482,1,0,0.1750291715285881
21483,4,0,0.10846181427034779
21484,5,0,0.10624706434945984
21485,4,0,0.10846181427034779
21486,1,0,0.09750492449113592
21487,4,0,0.36443148688046645
21488,4,0,0.10846181427034779
21489,2,0,0.1051693404634581
21490,5,0,0.17265193370165746
21491,2,0,0.1051693404634581
21492,2,1,0.1051693404634581
21493,2,0,0.1051693404634581
21494,2,1,0.6916956737941323
21495,4,0,0.10846181427034779
21496,5,1,0.7639751552795031
21497,4,0,0.10846181427034779
21498,5,0,0.17265193370165746
21499,2,0,0.1051693404634581
21500,4,0,0.10846181427034779
21501,2,0,0.6916956737941323
21502,1,1,0.7188195991091314
21503,3,0,0.10848338260324286
21504,1,0,0.09750492449113592
21505,3,1,0.4647058823529412
21506,2,0,0.1051693404634581
21507,1,0,0.2624521072796935
21508,4,0,0.10846181427034779
21509,5,0,0.2745320476460579
21510,5,0,0.10624706434945984
21511,3,0,0.1743920972644377
21512,2,0,0.1051693404634581
21513,4,0,0.10846181427034779
21514,1,0,0.1750291715285881
21515,4,0,0.10846181427034779
21516,1,1,0.2579210672595887
21517,2,0,0.1051693404634581
21518,4,0,0.10846181427034779
21519,5,0,0.10624706434945984
21520,1,1,0.5128205128205128
21521,4,0,0.10846181427034779
21522,2,0,0.1051693404634581
21523,3,0,0.10848338260324286
21524,2,0,0.17620376831821355
21525,3,0,0.10848338260324286
21526,2,0,0.1051693404634581
21527,2,0,0.6916956737941323
21528,5,0,0.17265193370165746
21529,2,0,0.1051693404634581
21530,3,0,0.10848338260324286
21531,5,0,0.10624706434945984
21532,4,1,0.2782089552238806
21533,5,0,0.10624706434945984
21534,2,1,0.6916956737941323
21535,2,1,0.3931203931203931
21536,3,0,0.27732558139534885
21537,4,0,0.10846181427034779
21538,5,0,0.17265193370165746
21539,2,1,0.17620376831821355
21540,4,0,0.10846181427034779
21541,5,0,0.10624706434945984
21542,3,0,0.10848338260324286
21543,1,0,0.09750492449113592
21544,3,1,0.7204419889502762
21545,2,0,0.1051693404634581
21546,3,0,0.10848338260324286
21547,5,0,0.10624706434945984
21548,4,0,0.10846181427034779
21549,2,0,0.1051693404634581
21550,3,1,0.7204419889502762
21551,1,1,0.09750492449113592
21552,1,1,0.7188195991091314
21553,3,0,0.27732558139534885
21554,3,1,0.10848338260324286
21555,5,0,0.10624706434945984
21556,5,0,0.10624706434945984
21557,1,1,0.5276497695852534
21558,3,0,0.1743920972644377
21559,2,0,0.17620376831821355
21560,1,0,0.09750492449113592
21561,2,0,0.3167420814479638
21562,3,1,0.7204419889502762
21563,1,0,0.1750291715285881
21564,1,0,0.09750492449113592
21565,1,0,0.1750291715285881
21566,5,0,0.10624706434945984
21567,5,0,0.10624706434945984
21568,2,0,0.27938671209540034
21569,2,1,0.6916956737941323
21570,1,0,0.09750492449113592
21571,2,0,0.17620376831821355
21572,1,1,0.7188195991091314
21573,2,0,0.1051693404634581
21574,3,0,0.10848338260324286
21575,2,0,0.17620376831821355
21576,3,0,0.10848338260324286
21577,1,1,0.1750291715285881
21578,2,0,0.1051693404634581
21579,4,0,0.10846181427034779
21580,3,0,0.10848338260324286
21581,1,0,0.09750492449113592
21582,1,0,0.09750492449113592
21583,1,1,0.7188195991091314
21584,4,0,0.10846181427034779
21585,5,0,0.10624706434945984
21586,3,1,0.538961038961039
21587,5,0,0.17265193370165746
21588,4,0,0.10846181427034779
21589,2,0,0.17620376831821355
21590,2,1,0.1051693404634581
21591,3,0,0.27732558139534885
21592,1,1,0.5276497695852534
21593,4,1,0.10846181427034779
21594,3,0,0.10848338260324286
21595,3,0,0.10848338260324286
21596,2,0,0.27938671209540034
21597,2,0,0.27938671209540034
21598,2,0,0.1051693404634581
21599,1,0,0.1750291715285881
21600,3,0,0.27732558139534885
21601,2,0,0.17620376831821355
21602,3,0,0.10848338260324286
21603,1,0,0.09750492449113592
21604,4,0,0.10846181427034779
21605,1,0,0.09750492449113592
21606,2,0,0.1051693404634581
21607,3,0,0.10848338260324286
21608,2,1,0.27938671209540034
21609,5,1,0.7639751552795031
21610,1,1,0.7188195991091314
21611,5,0,0.17265193370165746
21612,5,1,0.2850467289719626
21613,2,0,0.3931203931203931
21614,4,0,0.10846181427034779
21615,5,0,0.10624706434945984
21616,5,0,0.2745320476460579
21617,1,0,0.1750291715285881
21618,3,0,0.1743920972644377
21619,1,0,0.09750492449113592
21620,5,1,0.10624706434945984
21621,3,1,0.7204419889502762
21622,1,0,0.09750492449113592
21623,3,0,0.10848338260324286
21624,1,1,0.09750492449113592
21625,1,0,0.1750291715285881
21626,4,0,0.10846181427034779
21627,3,0,0.10848338260324286
21628,2,0,0.1051693404634581
21629,3,0,0.3774703557312253
21630,2,0,0.1051693404634581
21631,4,0,0.5256124721603563
21632,1,1,0.2579210672595887
21633,2,0,0.17620376831821355
21634,4,1,0.2782089552238806
21635,4,0,0.10846181427034779
21636,3,1,0.7204419889502762
21637,5,1,0.17265193370165746
21638,3,1,0.7204419889502762
21639,2,0,0.1051693404634581
21640,2,0,0.17620376831821355
21641,3,0,0.10848338260324286
21642,1,1,0.4164420485175202
21643,1,1,0.1750291715285881
21644,3,1,0.10848338260324286
21645,4,0,0.10846181427034779
21646,2,0,0.1051693404634581
21647,1,1,0.1750291715285881
21648,5,0,0.10624706434945984
21649,1,1,0.2579210672595887
21650,2,0,0.17620376831821355
21651,2,0,0.17620376831821355
21652,4,0,0.36443148688046645
21653,5,1,0.17265193370165746
21654,5,0,0.17265193370165746
21655,1,0,0.09750492449113592
21656,1,0,0.09750492449113592
21657,1,1,0.7188195991091314
21658,3,0,0.1743920972644377
21659,4,0,0.10846181427034779
21660,4,0,0.2782089552238806
21661,4,0,0.10846181427034779
21662,3,1,0.10848338260324286
21663,3,0,0.538961038961039
21664,4,1,0.7197309417040358
21665,2,0,0.1051693404634581
21666,4,0,0.10846181427034779
21667,2,0,0.1051693404634581
21668,1,0,0.09750492449113592
21669,5,0,0.2850467289719626
21670,5,0,0.22580645161290322
21671,2,0,0.1051693404634581
21672,1,0,0.1750291715285881
21673,3,0,0.10848338260324286
21674,5,0,0.10624706434945984
21675,4,0,0.2782089552238806
21676,5,1,0.17265193370165746
21677,3,1,0.7204419889502762
21678,3,0,0.10848338260324286
21679,2,0,0.3931203931203931
21680,2,0,0.1051693404634581
21681,3,0,0.1743920972644377
21682,3,1,0.1743920972644377
21683,5,0,0.10624706434945984
21684,2,0,0.1051693404634581
21685,1,1,0.7188195991091314
21686,5,0,0.2745320476460579
21687,2,0,0.1051693404634581
21688,2,0,0.1051693404634581
21689,2,0,0.1051693404634581
21690,5,0,0.10624706434945984
21691,4,0,0.10846181427034779
21692,3,0,0.27732558139534885
21693,5,1,0.10624706434945984
21694,3,0,0.10848338260324286
21695,3,0,0.3722943722943723
21696,5,0,0.10624706434945984
21697,4,0,0.10846181427034779
21698,2,1,0.3167420814479638
21699,4,0,0.10846181427034779
21700,1,0,0.09750492449113592
21701,4,0,0.17377182298010557
21702,1,0,0.1750291715285881
21703,2,0,0.1051693404634581
21704,2,0,0.17620376831821355
21705,2,0,0.1051693404634581
21706,3,0,0.10848338260324286
21707,4,1,0.10846181427034779
21708,2,1,0.6916956737941323
21709,4,1,0.7197309417040358
21710,2,0,0.1051693404634581
21711,5,0,0.4191852825229961
21712,3,0,0.27732558139534885
21713,5,0,0.10624706434945984
21714,1,1,0.7188195991091314
21715,5,0,0.10624706434945984
21716,1,0,0.09750492449113592
21717,5,0,0.7639751552795031
21718,1,1,0.7188195991091314
21719,2,0,0.17620376831821355
21720,5,0,0.10624706434945984
21721,3,0,0.1743920972644377
21722,3,0,0.10848338260324286
21723,5,0,0.17265193370165746
21724,2,0,0.1051693404634581
21725,5,0,0.10624706434945984
21726,1,0,0.09750492449113592
21727,5,0,0.10624706434945984
21728,3,0,0.27732558139534885
21729,5,0,0.10624706434945984
21730,2,0,0.1051693404634581
21731,2,0,0.17620376831821355
21732,1,0,0.09750492449113592
21733,4,1,0.2782089552238806
21734,4,1,0.10846181427034779
21735,5,0,0.4191852825229961
21736,5,0,0.17265193370165746
21737,3,0,0.1743920972644377
21738,1,1,0.09750492449113592
21739,2,0,0.1051693404634581
21740,3,0,0.10848338260324286
21741,4,0,0.10846181427034779
21742,3,1,0.538961038961039
21743,1,0,0.1750291715285881
21744,1,0,0.09750492449113592
21745,1,0,0.09750492449113592
21746,5,0,0.10624706434945984
21747,5,0,0.6489626556016598
21748,2,1,0.6916956737941323
21749,3,0,0.10848338260324286
21750,5,0,0.17265193370165746
21751,3,1,0.3774703557312253
21752,3,0,0.27732558139534885
21753,4,0,0.17377182298010557
21754,1,1,0.7188195991091314
21755,4,0,0.2782089552238806
21756,5,0,0.7639751552795031
21757,4,0,0.10846181427034779
21758,3,0,0.10848338260324286
21759,3,1,0.1743920972644377
21760,2,0,0.1051693404634581
21761,3,0,0.1743920972644377
21762,2,0,0.17620376831821355
21763,4,0,0.10846181427034779
21764,5,0,0.10624706434945984
21765,3,0,0.10848338260324286
21766,5,0,0.2745320476460579
21767,1,0,0.1750291715285881
21768,4,0,0.10846181427034779
21769,2,0,0.1051693404634581
21770,3,1,0.10848338260324286
21771,5,0,0.10624706434945984
21772,3,1,0.3774703557312253
21773,1,0,0.09750492449113592
21774,3,0,0.27732558139534885
21775,5,0,0.10624706434945984
21776,5,1,0.10624706434945984
21777,1,0,0.2579210672595887
21778,2,0,0.27938671209540034
21779,5,0,0.17265193370165746
21780,2,0,0.17620376831821355
21781,5,0,0.10624706434945984
21782,5,1,0.6489626556016598
21783,5,0,0.10624706434945984
21784,2,1,0.3931203931203931
21785,4,0,0.2782089552238806
21786,3,0,0.10848338260324286
21787,4,0,0.10846181427034779
21788,4,0,0.10846181427034779
21789,4,0,0.7197309417040358
21790,5,0,0.10624706434945984
21791,4,1,0.7197309417040358
21792,2,0,0.1051693404634581
21793,3,0,0.10848338260324286
21794,1,0,0.09750492449113592
21795,5,0,0.2745320476460579
21796,2,1,0.3931203931203931
21797,4,0,0.10846181427034779
21798,2,0,0.1051693404634581
21799,1,1,0.2579210672595887
21800,4,0,0.10846181427034779
21801,5,0,0.10624706434945984
21802,2,0,0.17620376831821355
21803,2,0,0.1051693404634581
21804,2,1,0.1051693404634581
21805,3,0,0.10848338260324286
21806,3,0,0.10848338260324286
21807,1,0,0.2664359861591695
21808,5,1,0.10624706434945984
21809,5,0,0.10624706434945984
21810,1,0,0.1750291715285881
21811,4,0,0.10846181427034779
21812,3,0,0.10848338260324286
21813,5,0,0.10624706434945984
21814,2,1,0.2131979695431472
21815,5,0,0.17265193370165746
21816,5,0,0.2745320476460579
21817,3,0,0.1743920972644377
21818,1,0,0.09750492449113592
21819,5,0,0.10624706434945984
21820,2,0,0.1051693404634581
21821,5,0,0.10624706434945984
21822,1,0,0.2579210672595887
21823,2,0,0.3931203931203931
21824,1,0,0.2579210672595887
21825,2,0,0.1051693404634581
21826,4,0,0.10846181427034779
21827,1,0,0.1750291715285881
21828,1,0,0.7188195991091314
21829,5,0,0.4191852825229961
21830,3,0,0.1743920972644377
21831,2,1,0.17620376831821355
21832,2,0,0.1051693404634581
21833,3,0,0.10848338260324286
21834,2,1,0.6916956737941323
21835,4,1,0.10846181427034779
21836,5,0,0.10624706434945984
21837,2,0,0.1051693404634581
21838,3,1,0.27732558139534885
21839,5,0,0.2850467289719626
21840,1,0,0.1750291715285881
21841,5,0,0.2745320476460579
21842,5,0,0.2850467289719626
21843,4,1,0.5256124721603563
21844,4,0,0.7197309417040358
21845,3,0,0.10848338260324286
21846,2,0,0.1051693404634581
21847,3,0,0.10848338260324286
21848,1,0,0.09750492449113592
21849,1,1,0.7188195991091314
21850,4,0,0.10846181427034779
21851,3,1,0.7204419889502762
21852,3,0,0.10848338260324286
21853,2,0,0.1051693404634581
21854,3,0,0.10848338260324286
21855,5,0,0.10624706434945984
21856,1,0,0.09750492449113592
21857,2,0,0.1051693404634581
21858,5,0,0.17265193370165746
21859,4,0,0.5256124721603563
21860,5,0,0.10624706434945984
21861,1,0,0.09750492449113592
21862,1,0,0.4164420485175202
21863,4,1,0.2782089552238806
21864,3,0,0.10848338260324286
21865,4,0,0.31981981981981983
21866,4,0,0.17377182298010557
21867,1,1,0.2624521072796935
21868,3,0,0.538961038961039
21869,5,0,0.10624706434945984
21870,4,0,0.2782089552238806
21871,2,0,0.1051693404634581
21872,3,0,0.10848338260324286
21873,1,0,0.1750291715285881
21874,2,1,0.27938671209540034
21875,2,0,0.27938671209540034
21876,2,0,0.1051693404634581
21877,4,0,0.10846181427034779
21878,4,0,0.7197309417040358
21879,2,0,0.27938671209540034
21880,5,0,0.10624706434945984
21881,4,0,0.17377182298010557
21882,4,0,0.2782089552238806
21883,5,1,0.6489626556016598
21884,4,0,0.10846181427034779
21885,2,0,0.1051693404634581
21886,3,0,0.10848338260324286
21887,2,0,0.17620376831821355
21888,2,0,0.1051693404634581
21889,5,0,0.6489626556016598
21890,1,0,0.09750492449113592
21891,5,0,0.17265193370165746
21892,4,0,0.2782089552238806
21893,5,0,0.17265193370165746
21894,3,0,0.10848338260324286
21895,3,0,0.10848338260324286
21896,4,1,0.7197309417040358
21897,4,0,0.10846181427034779
21898,4,0,0.2782089552238806
21899,4,0,0.10846181427034779
21900,5,0,0.10624706434945984
21901,2,1,0.27938671209540034
21902,1,0,0.09750492449113592
21903,2,0,0.1051693404634581
21904,1,0,0.09750492449113592
21905,3,0,0.10848338260324286
21906,1,0,0.09750492449113592
21907,2,1,0.6916956737941323
21908,2,1,0.1051693404634581
21909,2,0,0.17620376831821355
21910,3,0,0.10848338260324286
21911,4,0,0.17377182298010557
21912,3,1,0.27732558139534885
21913,1,0,0.1750291715285881
21914,3,0,0.3774703557312253
21915,2,0,0.1051693404634581
21916,2,1,0.27938671209540034
21917,3,1,0.7204419889502762
21918,3,1,0.1743920972644377
21919,4,0,0.10846181427034779
21920,4,0,0.10846181427034779
21921,3,0,0.10848338260324286
21922,4,0,0.10846181427034779
21923,5,0,0.17265193370165746
21924,1,0,0.1750291715285881
21925,3,1,0.3722943722943723
21926,3,1,0.10848338260324286
21927,4,0,0.36443148688046645
21928,3,0,0.10848338260324286
21929,5,1,0.10624706434945984
21930,1,0,0.1750291715285881
21931,4,1,0.31981981981981983
21932,5,0,0.10624706434945984
21933,1,0,0.2579210672595887
21934,5,0,0.10624706434945984
21935,3,0,0.10848338260324286
21936,1,1,0.5276497695852534
21937,3,0,0.10848338260324286
21938,2,1,0.1051693404634581
21939,1,0,0.1750291715285881
21940,1,0,0.09750492449113592
21941,2,0,0.1051693404634581
21942,5,0,0.2745320476460579
21943,1,0,0.2664359861591695
21944,3,0,0.10848338260324286
21945,1,0,0.09750492449113592
21946,2,0,0.1051693404634581
21947,1,0,0.09750492449113592
21948,3,1,0.27732558139534885
21949,1,0,0.09750492449113592
21950,2,1,0.1051693404634581
21951,5,0,0.17265193370165746
21952,2,1,0.1051693404634581
21953,5,0,0.10624706434945984
21954,1,0,0.09750492449113592
21955,5,0,0.2745320476460579
21956,3,1,0.7204419889502762
21957,4,0,0.10846181427034779
21958,3,0,0.10848338260324286
21959,2,0,0.1051693404634581
21960,2,1,0.1051693404634581
21961,5,0,0.10624706434945984
21962,3,0,0.10848338260324286
21963,5,0,0.10624706434945984
21964,2,0,0.1051693404634581
21965,5,0,0.10624706434945984
21966,1,0,0.09750492449113592
21967,2,1,0.1051693404634581
21968,3,0,0.10848338260324286
21969,4,0,0.36443148688046645
21970,4,1,0.10846181427034779
21971,3,1,0.10848338260324286
21972,4,0,0.7197309417040358
21973,2,1,0.27938671209540034
21974,3,0,0.10848338260324286
21975,4,0,0.10846181427034779
21976,4,0,0.10846181427034779
21977,4,0,0.10846181427034779
21978,5,0,0.2745320476460579
21979,2,1,0.6916956737941323
21980,5,1,0.10624706434945984
21981,2,0,0.1051693404634581
21982,3,0,0.10848338260324286
21983,5,0,0.2850467289719626
21984,5,0,0.17265193370165746
21985,3,1,0.7204419889502762
21986,5,0,0.17265193370165746
21987,5,1,0.4191852825229961
21988,5,0,0.10624706434945984
21989,5,0,0.10624706434945984
21990,2,0,0.1051693404634581
21991,4,0,0.2782089552238806
21992,5,0,0.10624706434945984
21993,4,0,0.10846181427034779
21994,5,0,0.22580645161290322
21995,4,0,0.10846181427034779
21996,3,0,0.7204419889502762
21997,1,1,0.2579210672595887
21998,3,0,0.10848338260324286
21999,3,0,0.1743920972644377
22000,4,1,0.31981981981981983
22001,3,0,0.10848338260324286
22002,3,0,0.10848338260324286
22003,2,0,0.1051693404634581
22004,3,0,0.10848338260324286
22005,1,0,0.09750492449113592
22006,4,0,0.2782089552238806
22007,2,0,0.1051693404634581
22008,2,0,0.1051693404634581
22009,4,0,0.10846181427034779
22010,4,0,0.10846181427034779
22011,3,0,0.10848338260324286
22012,3,0,0.10848338260324286
22013,4,1,0.36443148688046645
22014,1,0,0.2579210672595887
22015,3,1,0.1743920972644377
22016,2,0,0.27938671209540034
22017,2,0,0.1051693404634581
22018,5,1,0.10624706434945984
22019,2,1,0.6916956737941323
22020,5,0,0.4191852825229961
22021,4,0,0.10846181427034779
22022,1,1,0.1750291715285881
22023,3,1,0.538961038961039
22024,5,1,0.2745320476460579
22025,1,0,0.5128205128205128
22026,5,0,0.10624706434945984
22027,2,0,0.1051693404634581
22028,3,1,0.10848338260324286
22029,1,0,0.09750492449113592
22030,1,0,0.1750291715285881
22031,3,0,0.10848338260324286
22032,1,0,0.09750492449113592
22033,3,0,0.10848338260324286
22034,2,0,0.1051693404634581
22035,2,0,0.1051693404634581
22036,3,0,0.538961038961039
22037,1,0,0.1750291715285881
22038,3,1,0.27732558139534885
22039,2,0,0.5244444444444445
22040,5,0,0.10624706434945984
22041,2,1,0.6916956737941323
22042,1,0,0.09750492449113592
22043,1,1,0.2579210672595887
22044,5,1,0.10624706434945984
22045,4,0,0.10846181427034779
22046,4,1,0.7197309417040358
22047,1,0,0.09750492449113592
22048,5,0,0.10624706434945984
22049,5,1,0.10624706434945984
22050,1,1,0.09750492449113592
22051,1,0,0.09750492449113592
22052,3,1,0.10848338260324286
22053,1,0,0.09750492449113592
22054,4,1,0.7197309417040358
22055,1,1,0.5128205128205128
22056,1,0,0.1750291715285881
22057,4,0,0.7197309417040358
22058,5,1,0.7639751552795031
22059,3,0,0.1743920972644377
22060,1,0,0.09750492449113592
22061,1,1,0.2624521072796935
22062,5,0,0.10624706434945984
22063,2,0,0.27938671209540034
22064,1,0,0.7188195991091314
22065,3,0,0.10848338260324286
22066,2,0,0.17620376831821355
22067,5,0,0.10624706434945984
22068,1,1,0.1750291715285881
22069,3,0,0.10848338260324286
22070,2,1,0.27938671209540034
22071,4,0,0.10846181427034779
22072,5,0,0.10624706434945984
22073,5,0,0.10624706434945984
22074,2,0,0.1051693404634581
22075,3,0,0.10848338260324286
22076,3,1,0.538961038961039
22077,4,0,0.10846181427034779
22078,4,1,0.17377182298010557
22079,3,0,0.10848338260324286
22080,2,0,0.17620376831821355
22081,3,0,0.10848338260324286
22082,5,0,0.17265193370165746
22083,5,1,0.22580645161290322
22084,1,0,0.09750492449113592
22085,1,1,0.7188195991091314
22086,4,0,0.10846181427034779
22087,3,1,0.3722943722943723
22088,2,0,0.1051693404634581
22089,1,0,0.09750492449113592
22090,4,0,0.10846181427034779
22091,4,0,0.10846181427034779
22092,3,0,0.1743920972644377
22093,1,0,0.09750492449113592
22094,1,0,0.09750492449113592
22095,4,0,0.10846181427034779
22096,2,0,0.1051693404634581
22097,3,0,0.10848338260324286
22098,3,1,0.1743920972644377
22099,1,0,0.09750492449113592
22100,3,1,0.3774703557312253
22101,4,0,0.5256124721603563
22102,1,0,0.09750492449113592
22103,2,0,0.1051693404634581
22104,1,0,0.1750291715285881
22105,1,0,0.09750492449113592
22106,1,0,0.1750291715285881
22107,2,0,0.1051693404634581
22108,4,0,0.10846181427034779
22109,1,0,0.09750492449113592
22110,5,0,0.10624706434945984
22111,1,0,0.1750291715285881
22112,3,1,0.3774703557312253
22113,3,0,0.10848338260324286
22114,4,0,0.10846181427034779
22115,4,1,0.7197309417040358
22116,4,0,0.2782089552238806
22117,4,0,0.17377182298010557
22118,1,0,0.1750291715285881
22119,5,0,0.6489626556016598
22120,4,1,0.2782089552238806
22121,2,1,0.17620376831821355
22122,2,1,0.3931203931203931
22123,3,0,0.1743920972644377
22124,5,1,0.17265193370165746
22125,4,0,0.10846181427034779
22126,4,1,0.7197309417040358
22127,4,0,0.36443148688046645
22128,2,1,0.17620376831821355
22129,4,0,0.2782089552238806
22130,3,0,0.10848338260324286
22131,5,0,0.17265193370165746
22132,4,0,0.17377182298010557
22133,2,0,0.1051693404634581
22134,2,0,0.17620376831821355
22135,5,0,0.10624706434945984
22136,3,1,0.7204419889502762
22137,5,1,0.10624706434945984
22138,5,0,0.4191852825229961
22139,5,0,0.22580645161290322
22140,1,0,0.09750492449113592
22141,2,0,0.27938671209540034
22142,1,0,0.1750291715285881
22143,2,1,0.6916956737941323
22144,4,1,0.10846181427034779
22145,4,0,0.10846181427034779
22146,5,1,0.7639751552795031
22147,5,0,0.17265193370165746
22148,3,0,0.1743920972644377
22149,5,1,0.2745320476460579
22150,1,0,0.4164420485175202
22151,1,0,0.09750492449113592
22152,5,0,0.2745320476460579
22153,4,0,0.2782089552238806
22154,2,0,0.1051693404634581
22155,1,0,0.7188195991091314
22156,4,0,0.53
22157,5,0,0.10624706434945984
22158,2,0,0.17620376831821355
22159,4,0,0.10846181427034779
22160,3,0,0.10848338260324286
22161,4,0,0.17377182298010557
22162,5,0,0.10624706434945984
22163,1,0,0.09750492449113592
22164,5,0,0.17265193370165746
22165,2,0,0.1051693404634581
22166,1,0,0.09750492449113592
22167,5,0,0.2745320476460579
22168,2,0,0.1051693404634581
22169,3,0,0.10848338260324286
22170,5,0,0.10624706434945984
22171,2,0,0.1051693404634581
22172,1,0,0.2624521072796935
22173,4,0,0.10846181427034779
22174,5,0,0.10624706434945984
22175,4,0,0.10846181427034779
22176,3,1,0.7204419889502762
22177,1,0,0.1750291715285881
22178,4,0,0.10846181427034779
22179,5,1,0.10624706434945984
22180,3,0,0.10848338260324286
22181,2,0,0.17620376831821355
22182,5,0,0.10624706434945984
22183,5,0,0.10624706434945984
22184,4,1,0.36443148688046645
22185,5,1,0.2745320476460579
22186,4,1,0.7197309417040358
22187,4,0,0.17377182298010557
22188,2,0,0.27938671209540034
22189,1,0,0.1750291715285881
22190,2,1,0.27938671209540034
22191,1,0,0.1750291715285881
22192,3,0,0.10848338260324286
22193,5,0,0.2745320476460579
22194,5,0,0.17265193370165746
22195,1,0,0.1750291715285881
22196,1,0,0.1750291715285881
22197,5,0,0.2745320476460579
22198,1,0,0.09750492449113592
22199,1,0,0.09750492449113592
22200,4,0,0.31981981981981983
22201,1,0,0.09750492449113592
22202,2,0,0.1051693404634581
22203,1,0,0.09750492449113592
22204,2,0,0.3167420814479638
22205,1,0,0.1750291715285881
22206,5,0,0.6489626556016598
22207,2,0,0.1051693404634581
22208,5,0,0.10624706434945984
22209,1,1,0.7188195991091314
22210,5,0,0.17265193370165746
22211,1,0,0.09750492449113592
22212,1,0,0.1750291715285881
22213,5,1,0.10624706434945984
22214,5,1,0.6489626556016598
22215,5,0,0.10624706434945984
22216,3,0,0.10848338260324286
22217,1,0,0.2579210672595887
22218,5,0,0.10624706434945984
22219,3,0,0.10848338260324286
22220,5,0,0.10624706434945984
22221,3,1,0.10848338260324286
22222,4,0,0.10846181427034779
22223,2,1,0.6916956737941323
22224,4,0,0.31981981981981983
22225,4,0,0.10846181427034779
22226,3,1,0.7204419889502762
22227,2,0,0.27938671209540034
22228,5,0,0.10624706434945984
22229,1,1,0.7188195991091314
22230,2,1,0.6916956737941323
22231,3,0,0.1743920972644377
22232,3,0,0.27732558139534885
22233,5,1,0.2745320476460579
22234,1,0,0.7188195991091314
22235,5,0,0.10624706434945984
22236,5,1,0.7639751552795031
22237,4,0,0.10846181427034779
22238,4,1,0.10846181427034779
22239,3,0,0.10848338260324286
22240,5,0,0.10624706434945984
22241,5,0,0.10624706434945984
22242,5,0,0.10624706434945984
22243,3,0,0.10848338260324286
22244,3,0,0.10848338260324286
22245,4,0,0.10846181427034779
22246,2,0,0.1051693404634581
22247,1,0,0.1750291715285881
22248,5,0,0.10624706434945984
22249,3,0,0.10848338260324286
22250,2,0,0.3931203931203931
22251,3,0,0.10848338260324286
22252,2,0,0.1051693404634581
22253,5,0,0.10624706434945984
22254,4,1,0.10846181427034779
22255,3,1,0.10848338260324286
22256,3,1,0.4647058823529412
22257,1,1,0.7188195991091314
22258,5,0,0.22580645161290322
22259,5,0,0.10624706434945984
22260,2,0,0.1051693404634581
22261,5,0,0.10624706434945984
22262,5,0,0.5300668151447662
22263,3,0,0.10848338260324286
22264,1,0,0.09750492449113592
22265,4,0,0.10846181427034779
22266,3,1,0.1743920972644377
22267,4,0,0.2782089552238806
22268,5,0,0.10624706434945984
22269,1,0,0.09750492449113592
22270,1,1,0.7188195991091314
22271,1,0,0.09750492449113592
22272,5,0,0.10624706434945984
22273,4,0,0.31981981981981983
22274,2,0,0.1051693404634581
22275,3,0,0.1743920972644377
22276,2,0,0.1051693404634581
22277,5,0,0.10624706434945984
22278,2,0,0.5244444444444445
22279,4,0,0.17377182298010557
22280,3,0,0.10848338260324286
22281,3,0,0.7204419889502762
22282,1,0,0.09750492449113592
22283,1,0,0.09750492449113592
22284,2,0,0.1051693404634581
22285,3,1,0.10848338260324286
22286,5,1,0.17265193370165746
22287,2,0,0.1051693404634581
22288,1,0,0.09750492449113592
22289,5,0,0.10624706434945984
22290,2,1,0.27938671209540034
22291,1,1,0.1750291715285881
22292,1,1,0.7188195991091314
22293,5,0,0.10624706434945984
22294,5,0,0.17265193370165746
22295,3,0,0.10848338260324286
22296,5,0,0.10624706434945984
22297,1,0,0.09750492449113592
22298,4,0,0.10846181427034779
22299,1,1,0.09750492449113592
22300,5,0,0.10624706434945984
22301,4,0,0.10846181427034779
22302,4,0,0.10846181427034779
22303,2,0,0.1051693404634581
22304,2,0,0.1051693404634581
22305,1,0,0.2579210672595887
22306,5,0,0.10624706434945984
22307,5,0,0.7639751552795031
22308,3,1,0.3722943722943723
22309,1,1,0.09750492449113592
22310,1,1,0.1750291715285881
22311,2,0,0.6916956737941323
22312,1,0,0.09750492449113592
22313,5,0,0.2745320476460579
22314,4,0,0.17377182298010557
22315,3,1,0.538961038961039
22316,4,0,0.2782089552238806
22317,1,0,0.4164420485175202
22318,4,0,0.10846181427034779
22319,4,0,0.10846181427034779
22320,3,0,0.10848338260324286
22321,1,0,0.09750492449113592
22322,3,0,0.10848338260324286
22323,4,1,0.10846181427034779
22324,1,0,0.1750291715285881
22325,5,0,0.10624706434945984
22326,2,0,0.1051693404634581
22327,4,0,0.2782089552238806
22328,1,0,0.1750291715285881
22329,4,0,0.10846181427034779
22330,4,0,0.10846181427034779
22331,4,1,0.10846181427034779
22332,4,0,0.2782089552238806
22333,1,1,0.09750492449113592
22334,4,0,0.10846181427034779
22335,3,0,0.1743920972644377
22336,5,0,0.10624706434945984
22337,1,0,0.09750492449113592
22338,4,0,0.10846181427034779
22339,5,0,0.17265193370165746
22340,2,0,0.1051693404634581
22341,1,0,0.09750492449113592
22342,5,0,0.17265193370165746
22343,4,0,0.36443148688046645
22344,3,0,0.10848338260324286
22345,3,0,0.10848338260324286
22346,4,0,0.7197309417040358
22347,5,0,0.10624706434945984
22348,3,0,0.10848338260324286
22349,5,1,0.10624706434945984
22350,4,0,0.10846181427034779
22351,2,0,0.27938671209540034
22352,4,0,0.10846181427034779
22353,5,0,0.10624706434945984
22354,2,0,0.2131979695431472
22355,1,0,0.09750492449113592
22356,1,1,0.1750291715285881
22357,1,0,0.09750492449113592
22358,1,1,0.09750492449113592
22359,1,0,0.09750492449113592
22360,4,0,0.10846181427034779
22361,3,0,0.10848338260324286
22362,4,0,0.10846181427034779
22363,4,0,0.10846181427034779
22364,3,0,0.10848338260324286
22365,1,1,0.2624521072796935
22366,2,0,0.1051693404634581
22367,1,0,0.7188195991091314
22368,2,0,0.17620376831821355
22369,4,0,0.17377182298010557
22370,2,0,0.1051693404634581
22371,2,1,0.5244444444444445
22372,1,0,0.1750291715285881
22373,1,0,0.09750492449113592
22374,1,1,0.2624521072796935
22375,3,0,0.4647058823529412
22376,1,1,0.1750291715285881
22377,3,0,0.10848338260324286
22378,1,0,0.09750492449113592
22379,5,0,0.17265193370165746
22380,2,0,0.1051693404634581
22381,3,0,0.1743920972644377
22382,2,0,0.1051693404634581
22383,4,1,0.10846181427034779
22384,5,1,0.7639751552795031
22385,4,0,0.10846181427034779
22386,1,0,0.09750492449113592
22387,5,0,0.6489626556016598
22388,4,0,0.10846181427034779
22389,3,1,0.10848338260324286
22390,4,0,0.10846181427034779
22391,5,0,0.10624706434945984
22392,1,0,0.2624521072796935
22393,3,0,0.10848338260324286
22394,5,1,0.6489626556016598
22395,5,0,0.10624706434945984
22396,5,0,0.10624706434945984
22397,1,0,0.09750492449113592
22398,1,0,0.09750492449113592
22399,4,0,0.10846181427034779
22400,1,0,0.09750492449113592
22401,3,1,0.3774703557312253
22402,2,0,0.3167420814479638
22403,4,0,0.17377182298010557
22404,1,0,0.09750492449113592
22405,2,0,0.3167420814479638
22406,1,0,0.2579210672595887
22407,2,0,0.1051693404634581
22408,4,0,0.36443148688046645
22409,1,0,0.1750291715285881
22410,1,0,0.09750492449113592
22411,5,0,0.10624706434945984
22412,4,0,0.10846181427034779
22413,3,0,0.10848338260324286
22414,2,0,0.1051693404634581
22415,5,0,0.10624706434945984
22416,3,0,0.10848338260324286
22417,4,1,0.7197309417040358
22418,3,1,0.10848338260324286
22419,2,1,0.3931203931203931
22420,1,0,0.09750492449113592
22421,3,0,0.10848338260324286
22422,3,0,0.10848338260324286
22423,3,0,0.10848338260324286
22424,4,0,0.10846181427034779
22425,2,0,0.17620376831821355
22426,4,1,0.7197309417040358
22427,2,0,0.1051693404634581
22428,4,0,0.10846181427034779
22429,2,0,0.1051693404634581
22430,4,1,0.7197309417040358
22431,1,0,0.09750492449113592
22432,4,1,0.36443148688046645
22433,5,1,0.6489626556016598
22434,2,0,0.3167420814479638
22435,5,0,0.10624706434945984
22436,5,0,0.10624706434945984
22437,3,0,0.10848338260324286
22438,4,0,0.10846181427034779
22439,2,0,0.17620376831821355
22440,3,0,0.10848338260324286
22441,1,1,0.1750291715285881
22442,4,0,0.31981981981981983
22443,4,0,0.2782089552238806
22444,5,1,0.5300668151447662
22445,1,0,0.09750492449113592
22446,2,0,0.17620376831821355
22447,3,0,0.10848338260324286
22448,1,0,0.09750492449113592
22449,2,0,0.27938671209540034
22450,4,1,0.10846181427034779
22451,2,1,0.6916956737941323
22452,3,0,0.10848338260324286
22453,4,0,0.2782089552238806
22454,3,0,0.27732558139534885
22455,1,1,0.7188195991091314
22456,3,0,0.1743920972644377
22457,4,0,0.10846181427034779
22458,4,0,0.10846181427034779
22459,1,0,0.7188195991091314
22460,2,0,0.1051693404634581
22461,3,0,0.10848338260324286
22462,4,1,0.7197309417040358
22463,5,0,0.10624706434945984
22464,4,0,0.10846181427034779
22465,3,0,0.10848338260324286
22466,5,0,0.10624706434945984
22467,5,0,0.10624706434945984
22468,4,1,0.10846181427034779
22469,2,0,0.1051693404634581
22470,4,0,0.17377182298010557
22471,1,0,0.09750492449113592
22472,1,0,0.2624521072796935
22473,3,0,0.1743920972644377
22474,2,0,0.27938671209540034
22475,5,0,0.10624706434945984
22476,5,0,0.10624706434945984
22477,4,0,0.10846181427034779
22478,2,1,0.1051693404634581
22479,5,0,0.17265193370165746
22480,4,0,0.10846181427034779
22481,5,1,0.17265193370165746
22482,4,1,0.7197309417040358
22483,1,0,0.1750291715285881
22484,3,0,0.1743920972644377
22485,1,0,0.09750492449113592
22486,2,0,0.1051693404634581
22487,5,0,0.10624706434945984
22488,4,0,0.17377182298010557
22489,5,0,0.10624706434945984
22490,5,0,0.17265193370165746
22491,3,0,0.27732558139534885
22492,1,1,0.4164420485175202
22493,1,1,0.1750291715285881
22494,3,0,0.10848338260324286
22495,5,0,0.17265193370165746
22496,1,1,0.7188195991091314
22497,2,0,0.1051693404634581
22498,1,0,0.09750492449113592
22499,1,1,0.09750492449113592
22500,4,0,0.10846181427034779
22501,3,0,0.10848338260324286
22502,4,0,0.10846181427034779
22503,1,0,0.09750492449113592
22504,1,0,0.09750492449113592
22505,1,0,0.09750492449113592
22506,4,0,0.10846181427034779
22507,2,1,0.6916956737941323
22508,1,0,0.09750492449113592
22509,5,1,0.2745320476460579
22510,3,0,0.10848338260324286
22511,4,0,0.10846181427034779
22512,1,0,0.09750492449113592
22513,5,0,0.10624706434945984
22514,1,1,0.7188195991091314
22515,2,0,0.1051693404634581
22516,2,0,0.1051693404634581
22517,2,1,0.6916956737941323
22518,3,0,0.1743920972644377
22519,1,0,0.09750492449113592
22520,1,1,0.7188195991091314
22521,1,1,0.1750291715285881
22522,3,1,0.10848338260324286
22523,5,1,0.7639751552795031
22524,4,0,0.10846181427034779
22525,5,1,0.22580645161290322
22526,3,0,0.10848338260324286
22527,4,0,0.10846181427034779
22528,5,0,0.17265193370165746
22529,3,0,0.1743920972644377
22530,5,0,0.17265193370165746
22531,2,0,0.17620376831821355
22532,4,0,0.31981981981981983
22533,5,0,0.17265193370165746
22534,3,0,0.10848338260324286
22535,4,1,0.7197309417040358
22536,2,0,0.1051693404634581
22537,1,0,0.7188195991091314
22538,3,0,0.10848338260324286
22539,4,0,0.2782089552238806
22540,5,1,0.10624706434945984
22541,5,0,0.2745320476460579
22542,3,0,0.10848338260324286
22543,4,1,0.53
22544,4,0,0.10846181427034779
22545,5,0,0.17265193370165746
22546,3,0,0.7204419889502762
22547,5,0,0.10624706434945984
22548,5,0,0.10624706434945984
22549,4,0,0.10846181427034779
22550,2,0,0.1051693404634581
22551,3,0,0.1743920972644377
22552,4,0,0.10846181427034779
22553,1,0,0.09750492449113592
22554,5,0,0.2745320476460579
22555,4,0,0.10846181427034779
22556,1,0,0.09750492449113592
22557,5,1,0.6489626556016598
22558,3,0,0.10848338260324286
22559,1,0,0.09750492449113592
22560,2,0,0.1051693404634581
22561,1,0,0.09750492449113592
22562,2,0,0.1051693404634581
22563,1,0,0.7188195991091314
22564,3,0,0.10848338260324286
22565,3,1,0.10848338260324286
22566,5,0,0.10624706434945984
22567,5,0,0.17265193370165746
22568,3,0,0.27732558139534885
22569,2,0,0.27938671209540034
22570,3,0,0.10848338260324286
22571,2,0,0.17620376831821355
22572,4,0,0.7197309417040358
22573,5,0,0.10624706434945984
22574,4,0,0.10846181427034779
22575,3,0,0.10848338260324286
22576,2,0,0.6916956737941323
22577,5,0,0.10624706434945984
22578,4,0,0.10846181427034779
22579,4,0,0.10846181427034779
22580,5,0,0.10624706434945984
22581,3,1,0.27732558139534885
22582,2,0,0.27938671209540034
22583,2,0,0.1051693404634581
22584,1,0,0.09750492449113592
22585,5,1,0.7639751552795031
22586,1,0,0.1750291715285881
22587,4,0,0.10846181427034779
22588,1,1,0.4164420485175202
22589,4,0,0.10846181427034779
22590,5,0,0.10624706434945984
22591,1,0,0.7188195991091314
22592,4,0,0.2782089552238806
22593,3,1,0.7204419889502762
22594,1,0,0.1750291715285881
22595,1,0,0.4164420485175202
22596,5,0,0.10624706434945984
22597,1,0,0.7188195991091314
22598,2,0,0.1051693404634581
22599,1,1,0.1750291715285881
22600,2,1,0.17620376831821355
22601,2,0,0.27938671209540034
22602,5,0,0.10624706434945984
22603,3,0,0.27732558139534885
22604,3,0,0.10848338260324286
22605,5,0,0.10624706434945984
22606,4,0,0.7197309417040358
22607,4,0,0.10846181427034779
22608,1,1,0.09750492449113592
22609,5,0,0.5300668151447662
22610,3,0,0.10848338260324286
22611,1,1,0.09750492449113592
22612,1,0,0.1750291715285881
22613,1,1,0.2579210672595887
22614,1,0,0.1750291715285881
22615,5,1,0.6489626556016598
22616,2,0,0.17620376831821355
22617,1,0,0.09750492449113592
22618,1,1,0.7188195991091314
22619,5,0,0.10624706434945984
22620,4,1,0.7197309417040358
22621,1,0,0.09750492449113592
22622,3,1,0.10848338260324286
22623,1,0,0.1750291715285881
22624,3,0,0.10848338260324286
22625,1,0,0.09750492449113592
22626,4,0,0.10846181427034779
22627,1,0,0.09750492449113592
22628,4,1,0.17377182298010557
22629,2,1,0.6916956737941323
22630,3,1,0.10848338260324286
22631,1,1,0.7188195991091314
22632,3,1,0.10848338260324286
22633,2,0,0.6916956737941323
22634,4,0,0.17377182298010557
22635,4,0,0.10846181427034779
22636,1,1,0.7188195991091314
22637,5,0,0.10624706434945984
22638,1,0,0.09750492449113592
22639,5,0,0.22580645161290322
22640,5,0,0.10624706434945984
22641,3,1,0.27732558139534885
22642,1,1,0.09750492449113592
22643,3,0,0.538961038961039
22644,2,1,0.1051693404634581
22645,3,0,0.10848338260324286
22646,2,0,0.1051693404634581
22647,1,0,0.5276497695852534
22648,3,0,0.10848338260324286
22649,2,0,0.17620376831821355
22650,2,1,0.3167420814479638
22651,4,0,0.2782089552238806
22652,4,0,0.53
22653,2,0,0.3931203931203931
22654,1,0,0.2579210672595887
22655,3,1,0.1743920972644377
22656,3,1,0.1743920972644377
22657,1,0,0.1750291715285881
22658,1,0,0.09750492449113592
22659,4,1,0.36443148688046645
22660,1,0,0.2579210672595887
22661,4,0,0.10846181427034779
22662,3,0,0.1743920972644377
22663,3,1,0.7204419889502762
22664,5,0,0.10624706434945984
22665,3,1,0.10848338260324286
22666,4,1,0.7197309417040358
22667,1,1,0.7188195991091314
22668,5,0,0.10624706434945984
22669,2,0,0.1051693404634581
22670,5,0,0.10624706434945984
22671,5,0,0.10624706434945984
22672,3,0,0.10848338260324286
22673,5,0,0.10624706434945984
22674,3,0,0.1743920972644377
22675,5,0,0.10624706434945984
22676,5,1,0.10624706434945984
22677,1,0,0.09750492449113592
22678,2,1,0.17620376831821355
22679,4,0,0.10846181427034779
22680,2,0,0.1051693404634581
22681,2,0,0.1051693404634581
22682,5,0,0.10624706434945984
22683,4,1,0.7197309417040358
22684,3,0,0.10848338260324286
22685,4,0,0.17377182298010557
22686,3,0,0.10848338260324286
22687,1,0,0.09750492449113592
22688,3,0,0.10848338260324286
22689,3,1,0.4647058823529412
22690,2,0,0.27938671209540034
22691,1,0,0.09750492449113592
22692,4,0,0.10846181427034779
22693,1,0,0.09750492449113592
22694,1,0,0.09750492449113592
22695,2,0,0.27938671209540034
22696,5,0,0.6489626556016598
22697,1,0,0.09750492449113592
22698,5,0,0.2745320476460579
22699,3,1,0.10848338260324286
22700,4,0,0.10846181427034779
22701,5,0,0.4191852825229961
22702,2,0,0.1051693404634581
22703,4,0,0.2782089552238806
22704,1,0,0.09750492449113592
22705,4,0,0.10846181427034779
22706,1,0,0.1750291715285881
22707,4,0,0.10846181427034779
22708,4,0,0.10846181427034779
22709,2,0,0.17620376831821355
22710,5,0,0.17265193370165746
22711,5,0,0.10624706434945984
22712,2,0,0.1051693404634581
22713,3,0,0.10848338260324286
22714,3,0,0.10848338260324286
22715,4,0,0.10846181427034779
22716,3,0,0.10848338260324286
22717,3,1,0.10848338260324286
22718,1,0,0.2579210672595887
22719,2,1,0.27938671209540034
22720,1,0,0.1750291715285881
22721,4,1,0.7197309417040358
22722,1,1,0.2579210672595887
22723,5,0,0.17265193370165746
22724,2,0,0.17620376831821355
22725,2,0,0.1051693404634581
22726,4,0,0.10846181427034779
22727,1,1,0.09750492449113592
22728,5,0,0.10624706434945984
22729,1,0,0.09750492449113592
22730,5,0,0.22580645161290322
22731,5,1,0.10624706434945984
22732,3,0,0.1743920972644377
22733,4,0,0.10846181427034779
22734,5,0,0.2850467289719626
22735,3,0,0.10848338260324286
22736,5,0,0.10624706434945984
22737,3,1,0.27732558139534885
22738,5,0,0.17265193370165746
22739,4,0,0.2782089552238806
22740,1,0,0.1750291715285881
22741,2,0,0.1051693404634581
22742,1,1,0.09750492449113592
22743,2,0,0.1051693404634581
22744,1,0,0.09750492449113592
22745,3,0,0.10848338260324286
22746,5,0,0.10624706434945984
22747,1,1,0.2579210672595887
22748,3,0,0.10848338260324286
22749,1,1,0.5128205128205128
22750,5,1,0.10624706434945984
22751,4,1,0.7197309417040358
22752,4,0,0.2782089552238806
22753,3,0,0.10848338260324286
22754,4,0,0.7197309417040358
22755,5,0,0.4191852825229961
22756,4,0,0.10846181427034779
22757,5,0,0.10624706434945984
22758,3,0,0.10848338260324286
22759,5,1,0.10624706434945984
22760,3,1,0.7204419889502762
22761,5,0,0.10624706434945984
22762,4,0,0.2782089552238806
22763,3,0,0.10848338260324286
22764,1,0,0.1750291715285881
22765,2,0,0.1051693404634581
22766,4,0,0.10846181427034779
22767,5,0,0.10624706434945984
22768,3,0,0.3774703557312253
22769,4,0,0.17377182298010557
22770,2,0,0.1051693404634581
22771,2,1,0.17620376831821355
22772,4,0,0.10846181427034779
22773,5,1,0.10624706434945984
22774,3,1,0.27732558139534885
22775,2,0,0.27938671209540034
22776,1,1,0.09750492449113592
22777,2,0,0.1051693404634581
22778,5,0,0.10624706434945984
22779,2,1,0.2131979695431472
22780,2,0,0.1051693404634581
22781,1,0,0.09750492449113592
22782,2,0,0.17620376831821355
22783,5,0,0.10624706434945984
22784,1,0,0.1750291715285881
22785,1,0,0.09750492449113592
22786,1,0,0.09750492449113592
22787,1,0,0.09750492449113592
22788,3,0,0.10848338260324286
22789,1,0,0.2579210672595887
22790,3,0,0.1743920972644377
22791,3,0,0.10848338260324286
22792,2,1,0.6916956737941323
22793,2,0,0.1051693404634581
22794,4,1,0.10846181427034779
22795,1,1,0.09750492449113592
22796,5,0,0.17265193370165746
22797,4,0,0.10846181427034779
22798,3,1,0.3774703557312253
22799,2,0,0.1051693404634581
22800,5,0,0.10624706434945984
22801,2,1,0.27938671209540034
22802,2,0,0.27938671209540034
22803,5,0,0.10624706434945984
22804,5,1,0.2745320476460579
22805,2,1,0.5244444444444445
22806,3,0,0.10848338260324286
22807,2,0,0.1051693404634581
22808,2,0,0.1051693404634581
22809,4,0,0.10846181427034779
22810,4,1,0.17377182298010557
22811,4,0,0.10846181427034779
22812,1,1,0.7188195991091314
22813,2,0,0.1051693404634581
22814,1,0,0.09750492449113592
22815,4,0,0.7197309417040358
22816,4,0,0.17377182298010557
22817,5,0,0.10624706434945984
22818,4,0,0.10846181427034779
22819,2,0,0.3167420814479638
22820,5,0,0.10624706434945984
22821,1,1,0.5276497695852534
22822,5,1,0.7639751552795031
22823,4,0,0.10846181427034779
22824,2,0,0.1051693404634581
22825,1,0,0.2579210672595887
22826,3,1,0.10848338260324286
22827,5,0,0.22580645161290322
22828,4,1,0.7197309417040358
22829,1,1,0.09750492449113592
22830,1,1,0.7188195991091314
22831,3,0,0.10848338260324286
22832,3,0,0.10848338260324286
22833,3,0,0.10848338260324286
22834,2,1,0.3167420814479638
22835,3,0,0.10848338260324286
22836,1,1,0.1750291715285881
22837,1,0,0.1750291715285881
22838,5,0,0.10624706434945984
22839,3,0,0.10848338260324286
22840,4,0,0.10846181427034779
22841,2,0,0.27938671209540034
22842,2,0,0.1051693404634581
22843,3,0,0.10848338260324286
22844,4,0,0.17377182298010557
22845,1,0,0.09750492449113592
22846,2,0,0.17620376831821355
22847,2,1,0.6916956737941323
22848,2,0,0.1051693404634581
22849,2,1,0.6916956737941323
22850,1,0,0.09750492449113592
22851,1,0,0.09750492449113592
22852,4,0,0.10846181427034779
22853,1,0,0.1750291715285881
22854,1,0,0.2624521072796935
22855,1,0,0.09750492449113592
22856,3,0,0.10848338260324286
22857,1,0,0.09750492449113592
22858,4,0,0.31981981981981983
22859,5,0,0.10624706434945984
22860,4,1,0.10846181427034779
22861,1,1,0.4164420485175202
22862,2,0,0.17620376831821355
22863,1,0,0.09750492449113592
22864,4,0,0.10846181427034779
22865,2,0,0.1051693404634581
22866,4,0,0.10846181427034779
22867,3,0,0.10848338260324286
22868,1,0,0.09750492449113592
22869,2,0,0.1051693404634581
22870,4,0,0.10846181427034779
22871,3,1,0.538961038961039
22872,5,0,0.10624706434945984
22873,2,0,0.1051693404634581
22874,2,1,0.27938671209540034
22875,2,0,0.1051693404634581
22876,3,1,0.10848338260324286
22877,1,0,0.09750492449113592
22878,5,0,0.10624706434945984
22879,5,0,0.10624706434945984
22880,2,1,0.3931203931203931
22881,4,0,0.7197309417040358
22882,3,0,0.10848338260324286
22883,5,1,0.2850467289719626
22884,3,0,0.10848338260324286
22885,5,0,0.17265193370165746
22886,1,1,0.2579210672595887
22887,1,0,0.09750492449113592
22888,2,1,0.17620376831821355
22889,3,0,0.10848338260324286
22890,5,0,0.10624706434945984
22891,1,0,0.1750291715285881
22892,4,0,0.10846181427034779
22893,4,0,0.10846181427034779
22894,5,0,0.10624706434945984
22895,3,1,0.7204419889502762
22896,5,0,0.10624706434945984
22897,2,1,0.17620376831821355
22898,2,1,0.6916956737941323
22899,4,0,0.2782089552238806
22900,4,0,0.10846181427034779
22901,2,0,0.1051693404634581
22902,1,0,0.1750291715285881
22903,1,0,0.09750492449113592
22904,3,0,0.1743920972644377
22905,2,0,0.17620376831821355
22906,1,0,0.1750291715285881
22907,5,0,0.10624706434945984
22908,5,0,0.10624706434945984
22909,2,0,0.1051693404634581
22910,1,0,0.2579210672595887
22911,4,0,0.7197309417040358
22912,1,0,0.09750492449113592
22913,3,0,0.10848338260324286
22914,2,0,0.27938671209540034
22915,5,0,0.10624706434945984
22916,4,0,0.17377182298010557
22917,3,0,0.10848338260324286
22918,4,0,0.17377182298010557
22919,2,0,0.1051693404634581
22920,1,0,0.4164420485175202
22921,2,0,0.1051693404634581
22922,1,0,0.09750492449113592
22923,4,1,0.7197309417040358
22924,5,0,0.22580645161290322
22925,2,1,0.3931203931203931
22926,4,0,0.36443148688046645
22927,1,0,0.1750291715285881
22928,5,1,0.17265193370165746
22929,3,0,0.27732558139534885
22930,1,0,0.1750291715285881
22931,1,0,0.09750492449113592
22932,3,0,0.10848338260324286
22933,3,1,0.10848338260324286
22934,2,0,0.1051693404634581
22935,2,0,0.1051693404634581
22936,5,0,0.10624706434945984
22937,4,1,0.10846181427034779
22938,5,0,0.10624706434945984
22939,3,0,0.10848338260324286
22940,1,0,0.5276497695852534
22941,2,1,0.6916956737941323
22942,4,0,0.10846181427034779
22943,2,0,0.1051693404634581
22944,1,0,0.1750291715285881
22945,4,0,0.10846181427034779
22946,4,0,0.10846181427034779
22947,1,0,0.09750492449113592
22948,1,0,0.09750492449113592
22949,3,0,0.27732558139534885
22950,4,1,0.7197309417040358
22951,2,0,0.17620376831821355
22952,2,0,0.1051693404634581
22953,2,1,0.6916956737941323
22954,2,0,0.17620376831821355
22955,1,1,0.1750291715285881
22956,3,0,0.10848338260324286
22957,4,0,0.10846181427034779
22958,3,1,0.10848338260324286
22959,2,0,0.27938671209540034
22960,3,0,0.27732558139534885
22961,3,0,0.10848338260324286
22962,5,0,0.10624706434945984
22963,3,1,0.27732558139534885
22964,4,0,0.10846181427034779
22965,1,1,0.5276497695852534
22966,5,0,0.10624706434945984
22967,3,0,0.3722943722943723
22968,5,1,0.22580645161290322
22969,1,0,0.09750492449113592
22970,3,1,0.10848338260324286
22971,2,1,0.1051693404634581
22972,5,0,0.10624706434945984
22973,3,0,0.1743920972644377
22974,3,0,0.27732558139534885
22975,2,0,0.1051693404634581
22976,3,0,0.3774703557312253
22977,3,1,0.10848338260324286
22978,1,0,0.09750492449113592
22979,2,0,0.3931203931203931
22980,3,0,0.7204419889502762
22981,2,0,0.1051693404634581
22982,1,0,0.2579210672595887
22983,3,0,0.3774703557312253
22984,1,0,0.1750291715285881
22985,5,0,0.10624706434945984
22986,5,1,0.10624706434945984
22987,1,0,0.09750492449113592
22988,4,0,0.10846181427034779
22989,3,0,0.10848338260324286
22990,5,1,0.6489626556016598
22991,4,1,0.10846181427034779
22992,3,0,0.10848338260324286
22993,1,0,0.2624521072796935
22994,5,1,0.7639751552795031
22995,4,0,0.10846181427034779
22996,3,0,0.27732558139534885
22997,1,0,0.1750291715285881
22998,3,0,0.10848338260324286
22999,1,1,0.09750492449113592
23000,1,0,0.09750492449113592
23001,2,0,0.1051693404634581
23002,2,0,0.1051693404634581
23003,1,0,0.09750492449113592
23004,3,0,0.10848338260324286
23005,5,0,0.10624706434945984
23006,5,0,0.2745320476460579
23007,4,0,0.17377182298010557
23008,4,0,0.10846181427034779
23009,2,0,0.3167420814479638
23010,5,1,0.6489626556016598
23011,1,0,0.09750492449113592
23012,1,0,0.09750492449113592
23013,3,0,0.10848338260324286
23014,4,1,0.5256124721603563
23015,4,0,0.10846181427034779
23016,4,0,0.10846181427034779
23017,2,0,0.1051693404634581
23018,5,0,0.10624706434945984
23019,2,0,0.1051693404634581
23020,2,0,0.1051693404634581
23021,3,1,0.27732558139534885
23022,4,0,0.2782089552238806
23023,5,0,0.17265193370165746
23024,3,0,0.10848338260324286
23025,2,0,0.1051693404634581
23026,4,0,0.2782089552238806
23027,5,0,0.17265193370165746
23028,4,0,0.10846181427034779
23029,3,0,0.10848338260324286
23030,1,0,0.2579210672595887
23031,2,0,0.17620376831821355
23032,1,1,0.7188195991091314
23033,4,0,0.10846181427034779
23034,4,0,0.10846181427034779
23035,4,0,0.10846181427034779
23036,1,0,0.09750492449113592
23037,3,0,0.10848338260324286
23038,4,0,0.10846181427034779
23039,3,0,0.10848338260324286
23040,5,0,0.10624706434945984
23041,2,0,0.1051693404634581
23042,3,0,0.10848338260324286
23043,3,0,0.10848338260324286
23044,2,0,0.1051693404634581
23045,1,1,0.09750492449113592
23046,1,1,0.5276497695852534
23047,5,0,0.17265193370165746
23048,1,0,0.2579210672595887
23049,4,0,0.10846181427034779
23050,4,0,0.10846181427034779
23051,3,0,0.3774703557312253
23052,1,1,0.09750492449113592
23053,4,0,0.10846181427034779
23054,2,0,0.1051693404634581
23055,1,1,0.7188195991091314
23056,2,0,0.1051693404634581
23057,1,0,0.4164420485175202
23058,5,0,0.22580645161290322
23059,2,0,0.6916956737941323
23060,4,0,0.10846181427034779
23061,5,0,0.10624706434945984
23062,3,0,0.27732558139534885
23063,2,1,0.6916956737941323
23064,3,0,0.10848338260324286
23065,1,0,0.2579210672595887
23066,5,0,0.4191852825229961
23067,1,0,0.1750291715285881
23068,5,0,0.10624706434945984
23069,2,1,0.27938671209540034
23070,1,1,0.5276497695852534
23071,2,0,0.17620376831821355
23072,5,0,0.10624706434945984
23073,4,0,0.53
23074,3,0,0.10848338260324286
23075,4,0,0.10846181427034779
23076,4,0,0.17377182298010557
23077,2,0,0.1051693404634581
23078,5,0,0.22580645161290322
23079,3,0,0.3774703557312253
23080,1,1,0.7188195991091314
23081,4,1,0.10846181427034779
23082,2,1,0.6916956737941323
23083,3,0,0.10848338260324286
23084,3,0,0.10848338260324286
23085,4,1,0.7197309417040358
23086,2,1,0.3167420814479638
23087,2,0,0.27938671209540034
23088,4,0,0.10846181427034779
23089,3,1,0.10848338260324286
23090,1,0,0.1750291715285881
23091,2,0,0.27938671209540034
23092,2,0,0.3167420814479638
23093,5,0,0.2745320476460579
23094,5,0,0.2745320476460579
23095,2,0,0.17620376831821355
23096,5,0,0.10624706434945984
23097,5,0,0.10624706434945984
23098,3,0,0.1743920972644377
23099,4,0,0.53
23100,2,0,0.17620376831821355
23101,3,0,0.10848338260324286
23102,2,1,0.6916956737941323
23103,4,0,0.17377182298010557
23104,1,0,0.09750492449113592
23105,1,1,0.2624521072796935
23106,4,1,0.36443148688046645
23107,1,0,0.09750492449113592
23108,2,0,0.1051693404634581
23109,5,1,0.10624706434945984
23110,2,1,0.1051693404634581
23111,3,0,0.10848338260324286
23112,3,0,0.10848338260324286
23113,5,0,0.10624706434945984
23114,2,0,0.1051693404634581
23115,5,0,0.10624706434945984
23116,2,0,0.17620376831821355
23117,4,1,0.2782089552238806
23118,2,0,0.3931203931203931
23119,4,0,0.10846181427034779
23120,3,1,0.7204419889502762
23121,1,1,0.09750492449113592
23122,5,0,0.10624706434945984
23123,5,1,0.5300668151447662
23124,5,1,0.17265193370165746
23125,4,1,0.36443148688046645
23126,2,0,0.1051693404634581
23127,2,1,0.3931203931203931
23128,2,0,0.1051693404634581
23129,5,0,0.2745320476460579
23130,5,0,0.10624706434945984
23131,4,0,0.10846181427034779
23132,1,0,0.09750492449113592
23133,3,0,0.10848338260324286
23134,3,0,0.27732558139534885
23135,4,0,0.10846181427034779
23136,1,0,0.09750492449113592
23137,4,1,0.7197309417040358
23138,5,0,0.10624706434945984
23139,1,0,0.2579210672595887
23140,5,0,0.17265193370165746
23141,4,0,0.17377182298010557
23142,4,0,0.17377182298010557
23143,2,0,0.1051693404634581
23144,4,0,0.2782089552238806
23145,5,1,0.6489626556016598
23146,3,0,0.1743920972644377
23147,1,1,0.09750492449113592
23148,3,0,0.10848338260324286
23149,3,1,0.10848338260324286
23150,5,1,0.5300668151447662
23151,2,0,0.3167420814479638
23152,3,0,0.10848338260324286
23153,5,1,0.17265193370165746
23154,5,0,0.10624706434945984
23155,5,1,0.2745320476460579
23156,4,0,0.2782089552238806
23157,3,0,0.1743920972644377
23158,5,0,0.4191852825229961
23159,3,1,0.1743920972644377
23160,2,0,0.17620376831821355
23161,4,1,0.10846181427034779
23162,2,0,0.6916956737941323
23163,4,1,0.17377182298010557
23164,4,0,0.7197309417040358
23165,2,0,0.1051693404634581
23166,5,0,0.22580645161290322
23167,4,0,0.31981981981981983
23168,4,0,0.7197309417040358
23169,3,0,0.1743920972644377
23170,5,1,0.7639751552795031
23171,5,0,0.10624706434945984
23172,2,0,0.1051693404634581
23173,1,0,0.09750492449113592
23174,1,0,0.09750492449113592
23175,3,0,0.27732558139534885
23176,3,0,0.10848338260324286
23177,1,1,0.09750492449113592
23178,2,1,0.1051693404634581
23179,4,0,0.10846181427034779
23180,4,0,0.10846181427034779
23181,2,0,0.17620376831821355
23182,5,1,0.10624706434945984
23183,2,0,0.1051693404634581
23184,5,0,0.10624706434945984
23185,2,0,0.1051693404634581
23186,5,0,0.10624706434945984
23187,2,0,0.1051693404634581
23188,4,0,0.10846181427034779
23189,4,0,0.10846181427034779
23190,5,1,0.2745320476460579
23191,2,0,0.1051693404634581
23192,2,0,0.1051693404634581
23193,2,0,0.1051693404634581
23194,2,0,0.1051693404634581
23195,4,0,0.17377182298010557
23196,3,0,0.10848338260324286
23197,2,0,0.1051693404634581
23198,5,0,0.17265193370165746
23199,2,0,0.1051693404634581
23200,2,0,0.1051693404634581
23201,2,1,0.6916956737941323
23202,3,1,0.10848338260324286
23203,3,0,0.1743920972644377
23204,4,1,0.7197309417040358
23205,2,0,0.27938671209540034
23206,2,0,0.6916956737941323
23207,3,0,0.10848338260324286
23208,5,1,0.17265193370165746
23209,3,1,0.7204419889502762
23210,5,0,0.10624706434945984
23211,3,1,0.1743920972644377
23212,3,0,0.10848338260324286
23213,2,0,0.6916956737941323
23214,3,0,0.10848338260324286
23215,2,1,0.27938671209540034
23216,3,0,0.10848338260324286
23217,3,1,0.7204419889502762
23218,2,0,0.17620376831821355
23219,2,0,0.2131979695431472
23220,4,0,0.10846181427034779
23221,5,0,0.10624706434945984
23222,2,0,0.27938671209540034
23223,4,0,0.10846181427034779
23224,2,0,0.17620376831821355
23225,1,0,0.09750492449113592
23226,4,0,0.10846181427034779
23227,5,0,0.10624706434945984
23228,3,0,0.10848338260324286
23229,2,0,0.1051693404634581
23230,5,1,0.5300668151447662
23231,3,0,0.10848338260324286
23232,3,0,0.10848338260324286
23233,5,0,0.10624706434945984
23234,3,0,0.10848338260324286
23235,2,0,0.1051693404634581
23236,4,1,0.2782089552238806
23237,5,0,0.10624706434945984
23238,3,0,0.27732558139534885
23239,5,0,0.17265193370165746
23240,4,0,0.10846181427034779
23241,2,0,0.27938671209540034
23242,4,0,0.10846181427034779
23243,1,0,0.1750291715285881
23244,4,1,0.7197309417040358
23245,3,0,0.10848338260324286
23246,5,1,0.10624706434945984
23247,5,0,0.10624706434945984
23248,2,0,0.1051693404634581
23249,2,0,0.1051693404634581
23250,5,0,0.10624706434945984
23251,4,0,0.10846181427034779
23252,1,0,0.1750291715285881
23253,2,0,0.1051693404634581
23254,5,0,0.10624706434945984
23255,4,0,0.2782089552238806
23256,2,0,0.17620376831821355
23257,3,0,0.1743920972644377
23258,2,1,0.5244444444444445
23259,1,0,0.09750492449113592
23260,5,0,0.17265193370165746
23261,3,1,0.10848338260324286
23262,5,0,0.10624706434945984
23263,2,0,0.1051693404634581
23264,2,1,0.1051693404634581
23265,3,0,0.27732558139534885
23266,1,1,0.7188195991091314
23267,4,0,0.10846181427034779
23268,5,0,0.10624706434945984
23269,3,0,0.10848338260324286
23270,5,1,0.2745320476460579
23271,1,0,0.1750291715285881
23272,1,0,0.09750492449113592
23273,3,0,0.4647058823529412
23274,2,0,0.1051693404634581
23275,3,0,0.10848338260324286
23276,5,0,0.2745320476460579
23277,4,0,0.10846181427034779
23278,3,1,0.7204419889502762
23279,3,1,0.7204419889502762
23280,2,0,0.1051693404634581
23281,4,1,0.7197309417040358
23282,2,0,0.1051693404634581
23283,2,0,0.1051693404634581
23284,5,0,0.7639751552795031
23285,4,0,0.10846181427034779
23286,3,0,0.1743920972644377
23287,1,0,0.7188195991091314
23288,1,0,0.4164420485175202
23289,3,1,0.7204419889502762
23290,2,0,0.1051693404634581
23291,1,1,0.5128205128205128
23292,1,0,0.5276497695852534
23293,3,0,0.10848338260324286
23294,2,0,0.27938671209540034
23295,5,0,0.17265193370165746
23296,2,0,0.1051693404634581
23297,4,0,0.10846181427034779
23298,1,0,0.5276497695852534
23299,5,0,0.10624706434945984
23300,1,0,0.1750291715285881
23301,4,0,0.10846181427034779
23302,2,0,0.1051693404634581
23303,2,0,0.1051693404634581
23304,4,0,0.10846181427034779
23305,1,1,0.7188195991091314
23306,2,0,0.3931203931203931
23307,4,1,0.17377182298010557
23308,2,0,0.1051693404634581
23309,3,1,0.7204419889502762
23310,2,0,0.17620376831821355
23311,1,0,0.09750492449113592
23312,3,0,0.1743920972644377
23313,1,0,0.1750291715285881
23314,4,0,0.10846181427034779
23315,3,0,0.3774703557312253
23316,1,0,0.1750291715285881
23317,3,0,0.10848338260324286
23318,3,0,0.10848338260324286
23319,1,0,0.09750492449113592
23320,4,0,0.10846181427034779
23321,2,0,0.1051693404634581
23322,3,0,0.1743920972644377
23323,1,0,0.09750492449113592
23324,3,0,0.10848338260324286
23325,4,0,0.17377182298010557
23326,3,0,0.10848338260324286
23327,2,0,0.1051693404634581
23328,1,1,0.7188195991091314
23329,5,0,0.10624706434945984
23330,2,0,0.27938671209540034
23331,5,0,0.10624706434945984
23332,4,0,0.31981981981981983
23333,4,0,0.10846181427034779
23334,3,1,0.7204419889502762
23335,3,0,0.1743920972644377
23336,2,0,0.27938671209540034
23337,1,0,0.09750492449113592
23338,1,1,0.2624521072796935
23339,4,0,0.10846181427034779
23340,5,0,0.10624706434945984
23341,1,0,0.09750492449113592
23342,5,0,0.10624706434945984
23343,4,0,0.10846181427034779
23344,2,0,0.27938671209540034
23345,5,0,0.10624706434945984
23346,1,0,0.1750291715285881
23347,1,0,0.1750291715285881
23348,1,0,0.09750492449113592
23349,1,0,0.2579210672595887
23350,4,0,0.10846181427034779
23351,3,0,0.10848338260324286
23352,2,0,0.17620376831821355
23353,3,0,0.10848338260324286
23354,3,0,0.10848338260324286
23355,4,0,0.17377182298010557
23356,1,0,0.09750492449113592
23357,5,0,0.17265193370165746
23358,2,0,0.1051693404634581
23359,4,0,0.31981981981981983
23360,5,0,0.10624706434945984
23361,2,0,0.17620376831821355
23362,1,1,0.2579210672595887
23363,4,1,0.7197309417040358
23364,2,1,0.1051693404634581
23365,2,0,0.1051693404634581
23366,1,1,0.09750492449113592
23367,1,0,0.09750492449113592
23368,1,0,0.09750492449113592
23369,1,0,0.5128205128205128
23370,2,0,0.1051693404634581
23371,3,0,0.10848338260324286
23372,3,0,0.10848338260324286
23373,5,0,0.10624706434945984
23374,5,1,0.17265193370165746
23375,1,1,0.09750492449113592
23376,3,1,0.1743920972644377
23377,3,0,0.10848338260324286
23378,4,0,0.10846181427034779
23379,5,0,0.10624706434945984
23380,2,0,0.3931203931203931
23381,1,1,0.7188195991091314
23382,3,1,0.3774703557312253
23383,5,0,0.17265193370165746
23384,3,1,0.10848338260324286
23385,4,0,0.10846181427034779
23386,1,0,0.2579210672595887
23387,4,0,0.10846181427034779
23388,5,1,0.10624706434945984
23389,4,0,0.5256124721603563
23390,3,1,0.538961038961039
23391,2,0,0.1051693404634581
23392,1,0,0.1750291715285881
23393,5,0,0.10624706434945984
23394,5,0,0.10624706434945984
23395,2,0,0.27938671209540034
23396,2,0,0.1051693404634581
23397,2,0,0.3931203931203931
23398,2,0,0.27938671209540034
23399,3,0,0.10848338260324286
23400,5,1,0.6489626556016598
23401,2,0,0.1051693404634581
23402,3,0,0.10848338260324286
23403,2,0,0.1051693404634581
23404,3,0,0.10848338260324286
23405,5,1,0.6489626556016598
23406,1,0,0.09750492449113592
23407,1,0,0.2579210672595887
23408,2,1,0.17620376831821355
23409,3,0,0.10848338260324286
23410,3,0,0.10848338260324286
23411,2,1,0.3167420814479638
23412,2,0,0.1051693404634581
23413,3,0,0.1743920972644377
23414,2,0,0.1051693404634581
23415,5,0,0.4191852825229961
23416,1,0,0.09750492449113592
23417,2,0,0.1051693404634581
23418,3,1,0.10848338260324286
23419,2,0,0.17620376831821355
23420,5,0,0.10624706434945984
23421,5,0,0.10624706434945984
23422,4,0,0.10846181427034779
23423,4,0,0.10846181427034779
23424,2,0,0.1051693404634581
23425,2,1,0.17620376831821355
23426,1,0,0.2579210672595887
23427,5,1,0.17265193370165746
23428,5,0,0.10624706434945984
23429,5,0,0.10624706434945984
23430,5,1,0.7639751552795031
23431,4,0,0.10846181427034779
23432,3,0,0.10848338260324286
23433,4,0,0.10846181427034779
23434,4,0,0.10846181427034779
23435,4,0,0.10846181427034779
23436,1,0,0.2579210672595887
23437,4,0,0.17377182298010557
23438,3,0,0.3774703557312253
23439,2,0,0.1051693404634581
23440,5,1,0.2745320476460579
23441,1,0,0.09750492449113592
23442,4,0,0.17377182298010557
23443,2,0,0.1051693404634581
23444,1,0,0.09750492449113592
23445,2,0,0.5244444444444445
23446,2,0,0.1051693404634581
23447,5,0,0.22580645161290322
23448,5,0,0.10624706434945984
23449,5,0,0.10624706434945984
23450,4,0,0.17377182298010557
23451,1,0,0.09750492449113592
23452,1,1,0.5276497695852534
23453,2,0,0.3931203931203931
23454,4,0,0.10846181427034779
23455,2,1,0.1051693404634581
23456,1,0,0.1750291715285881
23457,3,0,0.27732558139534885
23458,2,1,0.17620376831821355
23459,3,0,0.10848338260324286
23460,3,1,0.538961038961039
23461,1,0,0.2579210672595887
23462,4,0,0.10846181427034779
23463,2,0,0.1051693404634581
23464,5,0,0.10624706434945984
23465,4,1,0.10846181427034779
23466,1,0,0.09750492449113592
23467,3,0,0.10848338260324286
23468,1,0,0.09750492449113592
23469,5,1,0.17265193370165746
23470,4,0,0.10846181427034779
23471,3,0,0.10848338260324286
23472,3,1,0.10848338260324286
23473,5,0,0.10624706434945984
23474,5,0,0.17265193370165746
23475,1,0,0.09750492449113592
23476,4,0,0.17377182298010557
23477,3,1,0.7204419889502762
23478,1,0,0.2579210672595887
23479,2,0,0.1051693404634581
23480,3,0,0.10848338260324286
23481,5,0,0.2850467289719626
23482,1,1,0.7188195991091314
23483,3,1,0.27732558139534885
23484,2,0,0.1051693404634581
23485,5,1,0.5300668151447662
23486,2,1,0.3931203931203931
23487,5,1,0.17265193370165746
23488,4,0,0.10846181427034779
23489,2,0,0.3167420814479638
23490,3,0,0.27732558139534885
23491,3,1,0.7204419889502762
23492,2,0,0.27938671209540034
23493,4,1,0.10846181427034779
23494,1,0,0.2579210672595887
23495,4,1,0.7197309417040358
23496,2,1,0.6916956737941323
23497,4,1,0.7197309417040358
23498,1,1,0.1750291715285881
23499,2,1,0.1051693404634581
23500,2,0,0.27938671209540034
23501,2,0,0.1051693404634581
23502,1,0,0.2664359861591695
23503,4,0,0.10846181427034779
23504,2,0,0.1051693404634581
23505,5,1,0.10624706434945984
23506,5,0,0.10624706434945984
23507,2,1,0.6916956737941323
23508,1,0,0.09750492449113592
23509,1,1,0.7188195991091314
23510,5,0,0.5300668151447662
23511,2,0,0.1051693404634581
23512,3,1,0.3722943722943723
23513,2,0,0.1051693404634581
23514,5,0,0.10624706434945984
23515,3,0,0.10848338260324286
23516,1,1,0.5276497695852534
23517,3,0,0.10848338260324286
23518,3,0,0.538961038961039
23519,1,0,0.09750492449113592
23520,4,0,0.10846181427034779
23521,2,0,0.6916956737941323
23522,1,0,0.09750492449113592
23523,4,0,0.10846181427034779
23524,2,0,0.1051693404634581
23525,2,0,0.1051693404634581
23526,1,0,0.09750492449113592
23527,3,0,0.10848338260324286
23528,3,0,0.27732558139534885
23529,4,0,0.10846181427034779
23530,4,0,0.2782089552238806
23531,4,0,0.36443148688046645
23532,3,0,0.1743920972644377
23533,5,1,0.22580645161290322
23534,3,1,0.538961038961039
23535,3,1,0.3774703557312253
23536,2,0,0.1051693404634581
23537,4,0,0.10846181427034779
23538,1,0,0.09750492449113592
23539,2,1,0.6916956737941323
23540,1,0,0.2579210672595887
23541,3,0,0.10848338260324286
23542,2,1,0.3931203931203931
23543,5,0,0.10624706434945984
23544,5,0,0.10624706434945984
23545,3,0,0.10848338260324286
23546,4,0,0.10846181427034779
23547,1,0,0.2579210672595887
23548,4,0,0.10846181427034779
23549,5,0,0.10624706434945984
23550,4,0,0.17377182298010557
23551,2,1,0.17620376831821355
23552,5,0,0.2850467289719626
23553,2,0,0.1051693404634581
23554,3,0,0.10848338260324286
23555,4,0,0.10846181427034779
23556,5,0,0.10624706434945984
23557,1,0,0.09750492449113592
23558,5,0,0.17265193370165746
23559,3,0,0.1743920972644377
23560,1,0,0.1750291715285881
23561,1,0,0.1750291715285881
23562,2,0,0.1051693404634581
23563,3,0,0.10848338260324286
23564,4,0,0.10846181427034779
23565,2,0,0.17620376831821355
23566,4,0,0.17377182298010557
23567,5,0,0.17265193370165746
23568,3,0,0.1743920972644377
23569,4,1,0.10846181427034779
23570,5,0,0.10624706434945984
23571,5,0,0.17265193370165746
23572,5,0,0.10624706434945984
23573,2,0,0.1051693404634581
23574,3,1,0.27732558139534885
23575,5,1,0.17265193370165746
23576,5,1,0.6489626556016598
23577,2,0,0.17620376831821355
23578,4,1,0.5256124721603563
23579,3,0,0.3774703557312253
23580,2,0,0.27938671209540034
23581,2,0,0.1051693404634581
23582,5,0,0.10624706434945984
23583,2,0,0.1051693404634581
23584,1,1,0.09750492449113592
23585,1,0,0.5276497695852534
23586,5,0,0.10624706434945984
23587,1,1,0.09750492449113592
23588,5,0,0.17265193370165746
23589,1,0,0.09750492449113592
23590,4,0,0.17377182298010557
23591,4,1,0.7197309417040358
23592,5,0,0.17265193370165746
23593,1,0,0.09750492449113592
23594,5,1,0.17265193370165746
23595,5,0,0.17265193370165746
23596,5,1,0.2850467289719626
23597,1,1,0.1750291715285881
23598,2,0,0.1051693404634581
23599,3,0,0.10848338260324286
23600,5,0,0.2850467289719626
23601,5,0,0.2745320476460579
23602,1,0,0.2579210672595887
23603,3,0,0.3774703557312253
23604,4,0,0.10846181427034779
23605,4,0,0.17377182298010557
23606,1,1,0.2579210672595887
23607,3,0,0.10848338260324286
23608,2,0,0.1051693404634581
23609,3,0,0.10848338260324286
23610,2,1,0.6916956737941323
23611,2,0,0.1051693404634581
23612,4,0,0.36443148688046645
23613,1,0,0.09750492449113592
23614,2,0,0.1051693404634581
23615,4,0,0.10846181427034779
23616,3,0,0.27732558139534885
23617,3,0,0.10848338260324286
23618,2,1,0.1051693404634581
23619,5,0,0.10624706434945984
23620,2,0,0.1051693404634581
23621,5,0,0.2745320476460579
23622,2,0,0.6916956737941323
23623,5,1,0.10624706434945984
23624,2,0,0.1051693404634581
23625,2,0,0.2131979695431472
23626,4,0,0.10846181427034779
23627,2,1,0.6916956737941323
23628,3,0,0.1743920972644377
23629,3,0,0.10848338260324286
23630,1,0,0.2579210672595887
23631,4,0,0.10846181427034779
23632,1,0,0.1750291715285881
23633,3,0,0.1743920972644377
23634,5,0,0.4191852825229961
23635,1,0,0.4164420485175202
23636,5,0,0.10624706434945984
23637,2,1,0.1051693404634581
23638,3,0,0.10848338260324286
23639,2,0,0.17620376831821355
23640,2,0,0.1051693404634581
23641,5,1,0.6489626556016598
23642,4,0,0.5256124721603563
23643,2,0,0.1051693404634581
23644,1,0,0.09750492449113592
23645,2,0,0.27938671209540034
23646,2,1,0.1051693404634581
23647,1,0,0.09750492449113592
23648,1,0,0.09750492449113592
23649,5,0,0.10624706434945984
23650,1,1,0.09750492449113592
23651,2,0,0.2131979695431472
23652,1,0,0.09750492449113592
23653,5,0,0.2745320476460579
23654,3,0,0.10848338260324286
23655,1,0,0.09750492449113592
23656,1,0,0.09750492449113592
23657,2,1,0.1051693404634581
23658,5,0,0.17265193370165746
23659,5,1,0.10624706434945984
23660,4,0,0.10846181427034779
23661,1,0,0.09750492449113592
23662,1,0,0.1750291715285881
23663,1,0,0.09750492449113592
23664,4,0,0.10846181427034779
23665,3,0,0.27732558139534885
23666,5,1,0.6489626556016598
23667,1,0,0.1750291715285881
23668,5,1,0.10624706434945984
23669,1,1,0.4164420485175202
23670,5,0,0.10624706434945984
23671,3,0,0.27732558139534885
23672,3,0,0.10848338260324286
23673,3,0,0.10848338260324286
23674,4,0,0.10846181427034779
23675,2,0,0.17620376831821355
23676,4,0,0.17377182298010557
23677,3,0,0.10848338260324286
23678,2,1,0.27938671209540034
23679,2,1,0.6916956737941323
23680,3,0,0.10848338260324286
23681,2,0,0.1051693404634581
23682,2,1,0.27938671209540034
23683,3,0,0.10848338260324286
23684,2,0,0.1051693404634581
23685,5,0,0.6489626556016598
23686,5,1,0.6489626556016598
23687,5,0,0.4191852825229961
23688,2,0,0.3167420814479638
23689,3,0,0.3722943722943723
23690,3,0,0.10848338260324286
23691,1,0,0.1750291715285881
23692,4,0,0.10846181427034779
23693,4,0,0.10846181427034779
23694,3,1,0.10848338260324286
23695,5,0,0.10624706434945984
23696,5,1,0.10624706434945984
23697,2,0,0.6916956737941323
23698,5,0,0.2745320476460579
23699,3,1,0.27732558139534885
23700,4,0,0.17377182298010557
23701,4,1,0.10846181427034779
23702,2,1,0.17620376831821355
23703,3,0,0.1743920972644377
23704,3,0,0.1743920972644377
23705,2,0,0.1051693404634581
23706,4,1,0.7197309417040358
23707,4,0,0.10846181427034779
23708,5,1,0.7639751552795031
23709,2,0,0.1051693404634581
23710,1,0,0.09750492449113592
23711,4,0,0.10846181427034779
23712,2,0,0.1051693404634581
23713,2,0,0.27938671209540034
23714,4,0,0.10846181427034779
23715,5,0,0.10624706434945984
23716,1,0,0.1750291715285881
23717,4,0,0.2782089552238806
23718,4,0,0.5256124721603563
23719,1,0,0.1750291715285881
23720,4,0,0.10846181427034779
23721,1,1,0.2579210672595887
23722,1,0,0.1750291715285881
23723,5,0,0.10624706434945984
23724,2,0,0.17620376831821355
23725,1,0,0.09750492449113592
23726,5,0,0.10624706434945984
23727,3,0,0.10848338260324286
23728,5,1,0.10624706434945984
23729,5,1,0.17265193370165746
23730,2,0,0.1051693404634581
23731,1,1,0.5128205128205128
23732,5,0,0.10624706434945984
23733,4,1,0.7197309417040358
23734,4,0,0.10846181427034779
23735,4,0,0.10846181427034779
23736,2,0,0.1051693404634581
23737,5,1,0.6489626556016598
23738,2,0,0.1051693404634581
23739,1,1,0.1750291715285881
23740,1,0,0.09750492449113592
23741,5,0,0.10624706434945984
23742,3,0,0.10848338260324286
23743,2,0,0.17620376831821355
23744,3,1,0.10848338260324286
23745,3,0,0.1743920972644377
23746,2,0,0.1051693404634581
23747,2,1,0.3931203931203931
23748,3,1,0.1743920972644377
23749,4,0,0.2782089552238806
23750,2,0,0.27938671209540034
23751,1,0,0.1750291715285881
23752,4,0,0.10846181427034779
23753,4,0,0.10846181427034779
23754,5,0,0.10624706434945984
23755,3,0,0.10848338260324286
23756,4,0,0.2782089552238806
23757,4,1,0.17377182298010557
23758,4,1,0.10846181427034779
23759,5,0,0.10624706434945984
23760,4,0,0.10846181427034779
23761,2,1,0.6916956737941323
23762,4,0,0.10846181427034779
23763,2,0,0.17620376831821355
23764,3,0,0.3774703557312253
23765,5,1,0.10624706434945984
23766,3,0,0.10848338260324286
23767,1,0,0.1750291715285881
23768,2,0,0.17620376831821355
23769,3,0,0.538961038961039
23770,1,0,0.09750492449113592
23771,2,0,0.1051693404634581
23772,5,0,0.10624706434945984
23773,3,0,0.1743920972644377
23774,5,0,0.10624706434945984
23775,1,0,0.2579210672595887
23776,1,0,0.2624521072796935
23777,4,0,0.7197309417040358
23778,3,0,0.3774703557312253
23779,1,0,0.09750492449113592
23780,2,0,0.1051693404634581
23781,4,0,0.10846181427034779
23782,1,0,0.1750291715285881
23783,5,0,0.2850467289719626
23784,5,0,0.10624706434945984
23785,4,0,0.10846181427034779
23786,2,1,0.3931203931203931
23787,3,1,0.1743920972644377
23788,3,1,0.7204419889502762
23789,5,1,0.10624706434945984
23790,1,1,0.4164420485175202
23791,3,0,0.10848338260324286
23792,5,0,0.17265193370165746
23793,4,0,0.10846181427034779
23794,1,0,0.7188195991091314
23795,4,1,0.36443148688046645
23796,1,0,0.09750492449113592
23797,3,0,0.10848338260324286
23798,3,0,0.10848338260324286
23799,1,0,0.1750291715285881
23800,2,0,0.17620376831821355
23801,4,0,0.10846181427034779
23802,5,1,0.6489626556016598
23803,3,1,0.1743920972644377
23804,4,0,0.10846181427034779
23805,1,0,0.2624521072796935
23806,2,0,0.6916956737941323
23807,2,0,0.1051693404634581
23808,5,0,0.10624706434945984
23809,4,0,0.10846181427034779
23810,2,0,0.1051693404634581
23811,2,0,0.1051693404634581
23812,1,0,0.09750492449113592
23813,2,1,0.3167420814479638
23814,4,0,0.10846181427034779
23815,4,0,0.10846181427034779
23816,2,0,0.1051693404634581
23817,5,1,0.17265193370165746
23818,5,0,0.2745320476460579
23819,1,0,0.2624521072796935
23820,4,0,0.10846181427034779
23821,5,0,0.10624706434945984
23822,2,1,0.17620376831821355
23823,2,0,0.27938671209540034
23824,4,0,0.10846181427034779
23825,1,1,0.5276497695852534
23826,5,0,0.10624706434945984
23827,1,0,0.1750291715285881
23828,5,0,0.10624706434945984
23829,3,0,0.10848338260324286
23830,1,0,0.09750492449113592
23831,1,0,0.09750492449113592
23832,4,0,0.2782089552238806
23833,2,1,0.27938671209540034
23834,2,0,0.27938671209540034
23835,2,0,0.1051693404634581
23836,3,0,0.1743920972644377
23837,3,0,0.10848338260324286
23838,2,0,0.1051693404634581
23839,2,1,0.17620376831821355
23840,4,1,0.17377182298010557
23841,2,1,0.1051693404634581
23842,1,0,0.09750492449113592
23843,4,0,0.10846181427034779
23844,5,0,0.10624706434945984
23845,3,0,0.10848338260324286
23846,5,0,0.10624706434945984
23847,3,0,0.10848338260324286
23848,5,0,0.10624706434945984
23849,1,0,0.2579210672595887
23850,4,0,0.17377182298010557
23851,1,0,0.2579210672595887
23852,4,0,0.2782089552238806
23853,5,0,0.10624706434945984
23854,3,0,0.10848338260324286
23855,3,0,0.10848338260324286
23856,3,0,0.10848338260324286
23857,4,1,0.7197309417040358
23858,1,1,0.7188195991091314
23859,3,0,0.27732558139534885
23860,5,0,0.2745320476460579
23861,1,0,0.4164420485175202
23862,1,0,0.09750492449113592
23863,2,0,0.27938671209540034
23864,3,0,0.27732558139534885
23865,1,1,0.5276497695852534
23866,4,0,0.2782089552238806
23867,4,1,0.7197309417040358
23868,5,0,0.10624706434945984
23869,4,0,0.10846181427034779
23870,3,0,0.10848338260324286
23871,5,0,0.2850467289719626
23872,5,0,0.17265193370165746
23873,5,0,0.10624706434945984
23874,4,1,0.7197309417040358
23875,1,0,0.1750291715285881
23876,4,0,0.10846181427034779
23877,2,0,0.1051693404634581
23878,1,0,0.5276497695852534
23879,5,0,0.17265193370165746
23880,4,0,0.10846181427034779
23881,3,0,0.10848338260324286
23882,2,1,0.1051693404634581
23883,4,0,0.10846181427034779
23884,1,1,0.7188195991091314
23885,2,0,0.17620376831821355
23886,3,0,0.10848338260324286
23887,5,1,0.6489626556016598
23888,3,0,0.10848338260324286
23889,4,0,0.36443148688046645
23890,4,0,0.10846181427034779
23891,1,0,0.09750492449113592
23892,5,1,0.7639751552795031
23893,3,1,0.10848338260324286
23894,5,0,0.17265193370165746
23895,2,1,0.17620376831821355
23896,4,0,0.10846181427034779
23897,3,0,0.10848338260324286
23898,3,1,0.7204419889502762
23899,2,0,0.5244444444444445
23900,1,0,0.09750492449113592
23901,2,0,0.1051693404634581
23902,4,0,0.10846181427034779
23903,4,0,0.2782089552238806
23904,1,0,0.09750492449113592
23905,2,0,0.27938671209540034
23906,2,0,0.1051693404634581
23907,5,0,0.10624706434945984
23908,1,1,0.4164420485175202
23909,1,0,0.1750291715285881
23910,1,0,0.1750291715285881
23911,1,0,0.7188195991091314
23912,3,0,0.10848338260324286
23913,5,0,0.10624706434945984
23914,5,0,0.10624706434945984
23915,5,0,0.10624706434945984
23916,2,0,0.1051693404634581
23917,2,0,0.1051693404634581
23918,3,0,0.3722943722943723
23919,2,0,0.1051693404634581
23920,4,0,0.17377182298010557
23921,3,0,0.10848338260324286
23922,5,0,0.10624706434945984
23923,3,0,0.10848338260324286
23924,1,0,0.2579210672595887
23925,3,0,0.10848338260324286
23926,2,1,0.27938671209540034
23927,4,0,0.10846181427034779
23928,1,0,0.09750492449113592
23929,2,0,0.1051693404634581
23930,1,0,0.09750492449113592
23931,2,0,0.17620376831821355
23932,2,0,0.6916956737941323
23933,4,0,0.5256124721603563
23934,4,1,0.17377182298010557
23935,3,0,0.10848338260324286
23936,3,0,0.10848338260324286
23937,4,0,0.10846181427034779
23938,3,0,0.10848338260324286
23939,4,0,0.10846181427034779
23940,1,0,0.1750291715285881
23941,2,0,0.1051693404634581
23942,1,0,0.09750492449113592
23943,1,0,0.09750492449113592
23944,4,0,0.17377182298010557
23945,3,0,0.3774703557312253
23946,4,0,0.2782089552238806
23947,5,0,0.10624706434945984
23948,5,0,0.10624706434945984
23949,1,0,0.1750291715285881
23950,3,0,0.10848338260324286
23951,3,0,0.10848338260324286
23952,3,0,0.10848338260324286
23953,3,0,0.10848338260324286
23954,3,0,0.10848338260324286
23955,3,0,0.10848338260324286
23956,5,1,0.2745320476460579
23957,3,0,0.3774703557312253
23958,4,0,0.7197309417040358
23959,3,0,0.10848338260324286
23960,3,1,0.538961038961039
23961,2,0,0.1051693404634581
23962,1,0,0.2664359861591695
23963,2,1,0.1051693404634581
23964,2,1,0.1051693404634581
23965,4,0,0.10846181427034779
23966,5,0,0.10624706434945984
23967,1,0,0.09750492449113592
23968,1,0,0.7188195991091314
23969,1,0,0.09750492449113592
23970,1,0,0.09750492449113592
23971,1,0,0.09750492449113592
23972,5,0,0.10624706434945984
23973,3,1,0.10848338260324286
23974,3,0,0.10848338260324286
23975,2,0,0.17620376831821355
23976,5,0,0.10624706434945984
23977,2,0,0.3167420814479638
23978,2,0,0.6916956737941323
23979,2,0,0.27938671209540034
23980,1,0,0.09750492449113592
23981,2,1,0.1051693404634581
23982,1,0,0.09750492449113592
23983,2,1,0.6916956737941323
23984,1,0,0.1750291715285881
23985,3,0,0.10848338260324286
23986,5,0,0.10624706434945984
23987,4,0,0.17377182298010557
23988,4,0,0.10846181427034779
23989,2,0,0.1051693404634581
23990,4,1,0.31981981981981983
23991,5,0,0.10624706434945984
23992,4,1,0.2782089552238806
23993,2,0,0.1051693404634581
23994,4,0,0.17377182298010557
23995,1,1,0.09750492449113592
23996,4,0,0.10846181427034779
23997,2,0,0.1051693404634581
23998,1,0,0.2579210672595887
23999,5,0,0.17265193370165746
