threshold,predicted_positive,precision,recall,tp,fp,tn,fn
0.9970541146333654,1,1.0,0.0025252525252525255,1,0,2124,395
0.9963784860228981,2,1.0,0.005050505050505051,2,0,2124,394
0.9959974383605507,3,1.0,0.007575757575757576,3,0,2124,393
0.9956772334293948,4,1.0,0.010101010101010102,4,0,2124,392
0.9942363112391931,5,1.0,0.012626262626262626,5,0,2124,391
0.9941047644568484,6,1.0,0.015151515151515152,6,0,2124,390
0.9922102873111519,7,1.0,0.017676767676767676,7,0,2124,389
0.991277724584795,8,1.0,0.020202020202020204,8,0,2124,388
0.9907092778184007,9,1.0,0.022727272727272728,9,0,2124,387
0.9904677455109732,10,1.0,0.025252525252525252,10,0,2124,386
0.9899435638808838,11,1.0,0.027777777777777776,11,0,2124,385
0.9898572752448441,12,1.0,0.030303030303030304,12,0,2124,384
0.9886912990167365,13,1.0,0.03282828282828283,13,0,2124,383
0.9884726224783862,14,1.0,0.03535353535353535,14,0,2124,382
0.9868515850144092,15,1.0,0.03787878787878788,15,0,2124,381
0.986553239183309,16,1.0,0.04040404040404041,16,0,2124,380
0.985600626417714,17,1.0,0.04292929292929293,17,0,2124,379
0.9855907780979827,19,1.0,0.047979797979797977,19,0,2124,377
0.9839097022094141,20,1.0,0.050505050505050504,20,0,2124,376
0.9829291015534078,21,1.0,0.05303030303030303,21,0,2124,375
0.9829231366992821,22,1.0,0.05555555555555555,22,0,2124,374
0.981764605209403,23,1.0,0.05808080808080808,23,0,2124,373
0.9813326060941078,24,1.0,0.06060606060606061,24,0,2124,372
0.9804862698333832,25,1.0,0.06313131313131314,25,0,2124,371
0.9801686831192493,26,1.0,0.06565656565656566,26,0,2124,370
0.9801129913660648,27,1.0,0.06818181818181818,27,0,2124,369
0.9785695572439088,28,1.0,0.0707070707070707,28,0,2124,368
0.9775628644003534,29,1.0,0.07323232323232323,29,0,2124,367
0.9768771254362033,30,1.0,0.07575757575757576,30,0,2124,366
0.9765232606010705,31,1.0,0.07828282828282829,31,0,2124,365
0.9764451131575642,32,1.0,0.08080808080808081,32,0,2124,364
0.9755127492121273,33,1.0,0.08333333333333333,33,0,2124,363
0.9752275190006849,34,1.0,0.08585858585858586,34,0,2124,362
0.9743457113405828,35,1.0,0.08838383838383838,35,0,2124,361
0.9740634005763689,37,1.0,0.09343434343434344,37,0,2124,359
0.9734265434700607,38,1.0,0.09595959595959595,38,0,2124,358
0.973383081113942,39,1.0,0.09848484848484848,39,0,2124,357
0.9724562181334515,40,1.0,0.10101010101010101,40,0,2124,356
0.9724098833089242,41,1.0,0.10353535353535354,41,0,2124,355
0.9718853109912354,42,1.0,0.10606060606060606,42,0,2124,354
0.9710616472864311,43,1.0,0.10858585858585859,43,0,2124,353
0.9707381955220571,44,1.0,0.1111111111111111,44,0,2124,352
0.970043603492095,45,1.0,0.11363636363636363,45,0,2124,351
0.9697406340057637,47,1.0,0.11868686868686869,47,0,2124,349
0.9692288596964133,48,1.0,0.12121212121212122,48,0,2124,348
0.968299711815562,49,1.0,0.12373737373737374,49,0,2124,347
0.9680958250802691,50,1.0,0.12626262626262627,50,0,2124,346
0.967656344278256,51,1.0,0.12878787878787878,51,0,2124,345
0.9666506084158544,52,1.0,0.13131313131313133,52,0,2124,344
0.9654178674351584,53,1.0,0.13383838383838384,53,0,2124,343
0.9644572526416906,54,1.0,0.13636363636363635,54,0,2124,342
0.9639769452449568,55,1.0,0.1388888888888889,55,0,2124,341
0.9629477151090983,56,1.0,0.1414141414141414,56,0,2124,340
0.9608825057873104,57,1.0,0.14393939393939395,57,0,2124,339
0.9598728552127019,58,1.0,0.14646464646464646,58,0,2124,338
0.9596689637226425,59,1.0,0.14898989898989898,59,0,2124,337
0.9587814095758128,60,1.0,0.15151515151515152,60,0,2124,336
0.9567723342939481,61,1.0,0.15404040404040403,61,0,2124,335
0.956181704189841,62,1.0,0.15656565656565657,62,0,2124,334
0.9548646523095536,63,1.0,0.1590909090909091,63,0,2124,333
0.954245479232888,64,1.0,0.16161616161616163,64,0,2124,332
0.9517923272120455,65,1.0,0.16414141414141414,65,0,2124,331
0.9517567472540022,66,1.0,0.16666666666666666,66,0,2124,330
0.9509662786021357,67,1.0,0.1691919191919192,67,0,2124,329
0.9495657342181544,68,1.0,0.1717171717171717,68,0,2124,328
0.9488472622478387,69,1.0,0.17424242424242425,69,0,2124,327
0.9480551916863155,70,1.0,0.17676767676767677,70,0,2124,326
0.947149530586483,71,1.0,0.17929292929292928,71,0,2124,325
0.9471359148846858,72,1.0,0.18181818181818182,72,0,2124,324
0.9467223580053259,73,1.0,0.18434343434343434,73,0,2124,323
0.9465940399657979,74,1.0,0.18686868686868688,74,0,2124,322
0.9457389232565084,75,1.0,0.1893939393939394,75,0,2124,321
0.9445092172256688,76,1.0,0.1919191919191919,76,0,2124,320
0.943473410806857,77,1.0,0.19444444444444445,77,0,2124,319
0.9423631123919308,78,1.0,0.19696969696969696,78,0,2124,318
0.9421566794849151,79,1.0,0.1994949494949495,79,0,2124,317
0.9410968474369052,80,1.0,0.20202020202020202,80,0,2124,316
0.9397440855654113,81,1.0,0.20454545454545456,81,0,2124,315
0.9386490042702961,82,1.0,0.20707070707070707,82,0,2124,314
0.9386269568189863,83,1.0,0.20959595959595959,83,0,2124,313
0.9366799946771128,84,1.0,0.21212121212121213,84,0,2124,312
0.936651180893703,85,1.0,0.21464646464646464,85,0,2124,311
0.9337551790721819,86,1.0,0.21717171717171718,86,0,2124,310
0.9321527033382744,87,1.0,0.2196969696969697,87,0,2124,309
0.9290517359681626,88,1.0,0.2222222222222222,88,0,2124,308
0.9278776693896795,89,1.0,0.22474747474747475,89,0,2124,307
0.9277660767427884,90,1.0,0.22727272727272727,90,0,2124,306
0.9276180364455808,91,1.0,0.2297979797979798,91,0,2124,305
0.9271055553476303,92,1.0,0.23232323232323232,92,0,2124,304
0.9269575656029785,93,1.0,0.23484848484848486,93,0,2124,303
0.926376905099861,94,1.0,0.23737373737373738,94,0,2124,302
0.9258613204758738,95,1.0,0.2398989898989899,95,0,2124,301
0.9252806924920483,96,1.0,0.24242424242424243,96,0,2124,300
0.9250720461095101,97,1.0,0.24494949494949494,97,0,2124,299
0.9238602536595104,98,1.0,0.2474747474747475,98,0,2124,298
0.9230036827299074,99,1.0,0.25,99,0,2124,297
0.9212145773294909,100,0.99,0.25,99,1,2123,297
0.9189606371127493,101,0.9900990099009901,0.25252525252525254,100,1,2123,296
0.9174249210231061,102,0.9901960784313726,0.255050505050505,101,1,2123,295
0.9167405601123181,103,0.9902912621359223,0.25757575757575757,102,1,2123,294
0.912107538298195,104,0.9903846153846154,0.2601010101010101,103,1,2123,293
0.9119750986285566,105,0.9904761904761905,0.26262626262626265,104,1,2123,292
0.9113318237958008,106,0.9905660377358491,0.26515151515151514,105,1,2123,291
0.9091287288912899,107,0.9906542056074766,0.2676767676767677,106,1,2123,290
0.9065103509831588,108,0.9907407407407407,0.2702020202020202,107,1,2123,289
0.9057908163739299,109,0.9908256880733946,0.2727272727272727,108,1,2123,288
0.9032288377893295,110,0.990909090909091,0.27525252525252525,109,1,2123,287
0.9030545514592974,111,0.990990990990991,0.2777777777777778,110,1,2123,286
0.9024182468376398,112,0.9910714285714286,0.2803030303030303,111,1,2123,285
0.9020172910662824,113,0.9911504424778761,0.2828282828282828,112,1,2123,284
0.9015721769653359,114,0.9912280701754386,0.28535353535353536,113,1,2123,283
0.9009832907026243,115,0.991304347826087,0.2878787878787879,114,1,2123,282
0.9004120531877243,116,0.9913793103448276,0.2904040404040404,115,1,2123,281
0.8966545580768329,117,0.9914529914529915,0.29292929292929293,116,1,2123,280
0.8955997316352425,118,0.9915254237288136,0.29545454545454547,117,1,2123,279
0.8935329585542758,119,0.9915966386554622,0.29797979797979796,118,1,2123,278
0.8933717579250721,120,0.9916666666666667,0.3005050505050505,119,1,2123,277
0.89333276203341,121,0.9917355371900827,0.30303030303030304,120,1,2123,276
0.8928652742735952,122,0.9918032786885246,0.3055555555555556,121,1,2123,275
0.8916718951263252,123,0.991869918699187,0.30808080808080807,122,1,2123,274
0.889362203402166,124,0.9919354838709677,0.3106060606060606,123,1,2123,273
0.8862799315915737,125,0.992,0.31313131313131315,124,1,2123,272
0.8842711514779636,126,0.9920634920634921,0.31565656565656564,125,1,2123,271
0.8832729518320296,127,0.9921259842519685,0.3181818181818182,126,1,2123,270
0.8771836773316826,128,0.9921875,0.3207070707070707,127,1,2123,269
0.8743849887345991,129,0.9922480620155039,0.32323232323232326,128,1,2123,268
0.8723605946337113,130,0.9923076923076923,0.32575757575757575,129,1,2123,267
0.8720141689882325,131,0.9923664122137404,0.3282828282828283,130,1,2123,266
0.8689721421709894,132,0.9924242424242424,0.33080808080808083,131,1,2123,265
0.8667659365580218,133,0.9924812030075187,0.3333333333333333,132,1,2123,264
0.8649326396366981,134,0.9925373134328358,0.33585858585858586,133,1,2123,263
0.8627487727502691,135,0.9925925925925926,0.3383838383838384,134,1,2123,262
0.8600366108384347,136,0.9926470588235294,0.3409090909090909,135,1,2123,261
0.8598285972766809,137,0.9927007299270073,0.3434343434343434,136,1,2123,260
0.859723519225796,138,0.9927536231884058,0.34595959595959597,137,1,2123,259
0.858927148973603,139,0.9928057553956835,0.3484848484848485,138,1,2123,258
0.8586819391802875,140,0.9928571428571429,0.351010101010101,139,1,2123,257
0.8585556904901941,141,0.9929078014184397,0.35353535353535354,140,1,2123,256
0.8557156580211336,142,0.9929577464788732,0.3560606060606061,141,1,2123,255
0.8551688175012312,143,0.993006993006993,0.35858585858585856,142,1,2123,254
0.8535662824207493,144,0.9930555555555556,0.3611111111111111,143,1,2123,253
0.8516931391526242,145,0.993103448275862,0.36363636363636365,144,1,2123,252
0.8508789123111729,146,0.9931506849315068,0.3661616161616162,145,1,2123,251
0.8430748406252729,147,0.9931972789115646,0.3686868686868687,146,1,2123,250
0.8427173967682162,149,0.9932885906040269,0.37373737373737376,148,1,2123,248
0.84152456773134,150,0.9933333333333333,0.37626262626262624,149,1,2123,247
0.8409750856510995,151,0.9933774834437086,0.3787878787878788,150,1,2123,246
0.839958986346416,152,0.993421052631579,0.3813131313131313,151,1,2123,245
0.8393471741994796,153,0.9934640522875817,0.3838383838383838,152,1,2123,244
0.8371064127306422,154,0.9935064935064936,0.38636363636363635,153,1,2123,243
0.8367763789878153,155,0.9935483870967742,0.3888888888888889,154,1,2123,242
0.8329799101580202,156,0.9935897435897436,0.39141414141414144,155,1,2123,241
0.8314056394442377,157,0.9936305732484076,0.3939393939393939,156,1,2123,240
0.8310370952794429,158,0.9936708860759493,0.39646464646464646,157,1,2123,239
0.8296520302426168,159,0.9937106918238994,0.398989898989899,158,1,2123,238
0.8296063014353645,160,0.99375,0.4015151515151515,159,1,2123,237
0.8294832584781137,161,0.9937888198757764,0.40404040404040403,160,1,2123,236
0.8281647267238045,162,0.9938271604938271,0.4065656565656566,161,1,2123,235
0.8263652359733776,163,0.9938650306748467,0.4090909090909091,162,1,2123,234
0.8261783217271315,164,0.9939024390243902,0.4116161616161616,163,1,2123,233
0.8258829183411762,165,0.9939393939393939,0.41414141414141414,164,1,2123,232
0.8245477105347422,166,0.9939759036144579,0.4166666666666667,165,1,2123,231
0.8234069804674993,167,0.9940119760479041,0.41919191919191917,166,1,2123,230
0.8230350469811291,168,0.9940476190476191,0.4217171717171717,167,1,2123,229
0.8229145878209064,169,0.9940828402366864,0.42424242424242425,168,1,2123,228
0.8218181666558028,170,0.9941176470588236,0.42676767676767674,169,1,2123,227
0.8214379391442241,171,0.9941520467836257,0.4292929292929293,170,1,2123,226
0.8209929622823801,172,0.9941860465116279,0.4318181818181818,171,1,2123,225
0.8196617517721395,173,0.9942196531791907,0.43434343434343436,172,1,2123,224
0.8175417447519835,175,0.9942857142857143,0.4393939393939394,174,1,2123,222
0.815538191871346,176,0.9943181818181818,0.44191919191919193,175,1,2123,221
0.8154802879510902,177,0.9943502824858758,0.4444444444444444,176,1,2123,220
0.8150061753808151,178,0.9943820224719101,0.44696969696969696,177,1,2123,219
0.8140678605736243,179,0.994413407821229,0.4494949494949495,178,1,2123,218
0.8135515301221354,180,0.9944444444444445,0.45202020202020204,179,1,2123,217
0.8103746397694525,181,0.994475138121547,0.45454545454545453,180,1,2123,216
0.8093402203329529,182,0.9945054945054945,0.45707070707070707,181,1,2123,215
0.8066274624888867,183,0.994535519125683,0.4595959595959596,182,1,2123,214
0.804600121578524,184,0.9945652173913043,0.4621212121212121,183,1,2123,213
0.8004408414026526,185,0.9945945945945946,0.46464646464646464,184,1,2123,212
0.7999174769510002,186,0.9946236559139785,0.4671717171717172,185,1,2123,211
0.7985349847161232,187,0.9946524064171123,0.4696969696969697,186,1,2123,210
0.7961869204695129,188,0.9946808510638298,0.4722222222222222,187,1,2123,209
0.7957173395077345,189,0.9947089947089947,0.47474747474747475,188,1,2123,208
0.793929061612027,190,0.9894736842105263,0.47474747474747475,188,2,2122,208
0.7932061288114876,191,0.9842931937172775,0.47474747474747475,188,3,2121,208
0.7928100411453161,192,0.984375,0.4772727272727273,189,3,2121,207
0.7928059872116808,193,0.9844559585492227,0.4797979797979798,190,3,2121,206
0.7888743180939918,194,0.9845360824742269,0.4823232323232323,191,3,2121,205
0.7887269178534209,195,0.9846153846153847,0.48484848484848486,192,3,2121,204
0.7881561437596026,196,0.9846938775510204,0.48737373737373735,193,3,2121,203
0.7821595009995587,197,0.9847715736040609,0.4898989898989899,194,3,2121,202
0.7814514016243124,198,0.9848484848484849,0.49242424242424243,195,3,2121,201
0.7807797624487997,199,0.9849246231155779,0.494949494949495,196,3,2121,200
0.7801772506186112,200,0.985,0.49747474747474746,197,3,2121,199
0.7793264134985971,201,0.9850746268656716,0.5,198,3,2121,198
0.7786840384568814,202,0.9851485148514851,0.5025252525252525,199,3,2121,197
0.7780979827089337,203,0.9852216748768473,0.5050505050505051,200,3,2121,196
0.7739198919652714,204,0.9852941176470589,0.5075757575757576,201,3,2121,195
0.7726041439222086,205,0.9804878048780488,0.5075757575757576,201,4,2120,195
0.7703364391792275,206,0.9805825242718447,0.51010101010101,202,4,2120,194
0.7695889333138338,207,0.9806763285024155,0.5126262626262627,203,4,2120,193
0.7687880582911607,208,0.9807692307692307,0.5151515151515151,204,4,2120,192
0.7669177206279312,209,0.9808612440191388,0.5176767676767676,205,4,2120,191
0.766275861830615,210,0.9761904761904762,0.5176767676767676,205,5,2119,191
0.7645157559708756,211,0.976303317535545,0.5202020202020202,206,5,2119,190
0.7627907531615375,212,0.9764150943396226,0.5227272727272727,207,5,2119,189
0.7614138940109207,213,0.9765258215962441,0.5252525252525253,208,5,2119,188
0.7594224449938716,214,0.9766355140186916,0.5277777777777778,209,5,2119,187
0.7565196480210646,215,0.9767441860465116,0.5303030303030303,210,5,2119,186
0.7483878377813974,216,0.9768518518518519,0.5328282828282829,211,5,2119,185
0.7452147430932238,217,0.9769585253456221,0.5353535353535354,212,5,2119,184
0.7444764649375601,218,0.9770642201834863,0.5378787878787878,213,5,2119,183
0.7427014014701543,219,0.9771689497716894,0.5404040404040404,214,5,2119,182
0.7423150816522576,220,0.9772727272727273,0.5429292929292929,215,5,2119,181
0.7387950571426459,221,0.9773755656108597,0.5454545454545454,216,5,2119,180
0.7369600994194925,222,0.9774774774774775,0.547979797979798,217,5,2119,179
0.736024643325744,223,0.9775784753363229,0.5505050505050505,218,5,2119,178
0.7360215072856905,224,0.9776785714285714,0.553030303030303,219,5,2119,177
0.7359411669326333,225,0.9733333333333334,0.553030303030303,219,6,2118,177
0.732944065307536,226,0.9734513274336283,0.5555555555555556,220,6,2118,176
0.7319884726224783,227,0.973568281938326,0.5580808080808081,221,6,2118,175
0.7301358583779333,228,0.9736842105263158,0.5606060606060606,222,6,2118,174
0.7293467819404419,229,0.9737991266375546,0.5631313131313131,223,6,2118,173
0.728936200596968,230,0.9739130434782609,0.5656565656565656,224,6,2118,172
0.7271196352873804,231,0.974025974025974,0.5681818181818182,225,6,2118,171
0.726428189901595,232,0.9741379310344828,0.5707070707070707,226,6,2118,170
0.7241514322445969,233,0.9742489270386266,0.5732323232323232,227,6,2118,169
0.7234631699849026,234,0.9743589743589743,0.5757575757575758,228,6,2118,168
0.7201723183663452,235,0.9702127659574468,0.5757575757575758,228,7,2117,168
0.7193563880883765,236,0.9703389830508474,0.5782828282828283,229,7,2117,167
0.7169444090225037,237,0.9704641350210971,0.5808080808080808,230,7,2117,166
0.7146974063400576,238,0.9705882352941176,0.5833333333333334,231,7,2117,165
0.7132532501102308,239,0.9707112970711297,0.5858585858585859,232,7,2117,164
0.7119800936007533,240,0.9708333333333333,0.5883838383838383,233,7,2117,163
0.7110703469889464,241,0.970954356846473,0.5909090909090909,234,7,2117,162
0.7091646422418595,242,0.9710743801652892,0.5934343434343434,235,7,2117,161
0.7075394731911101,243,0.9711934156378601,0.5959595959595959,236,7,2117,160
0.7071691542940222,244,0.9713114754098361,0.5984848484848485,237,7,2117,159
0.7068323727185398,245,0.9714285714285714,0.601010101010101,238,7,2117,158
0.701492655194074,246,0.9715447154471545,0.6035353535353535,239,7,2117,157
0.7008808045335869,247,0.97165991902834,0.6060606060606061,240,7,2117,156
0.6927659919875048,248,0.9717741935483871,0.6085858585858586,241,7,2117,155
0.6927625391233654,249,0.9678714859437751,0.6085858585858586,241,8,2116,155
0.687303969315741,250,0.968,0.6111111111111112,242,8,2116,154
0.6867554383205638,251,0.9681274900398407,0.6136363636363636,243,8,2116,153
0.6828191235568145,252,0.9682539682539683,0.6161616161616161,244,8,2116,152
0.680030828184658,253,0.9683794466403162,0.6186868686868687,245,8,2116,151
0.6789153617252585,254,0.968503937007874,0.6212121212121212,246,8,2116,150
0.6786540473912765,255,0.9647058823529412,0.6212121212121212,246,9,2115,150
0.6776314044371224,256,0.96484375,0.6237373737373737,247,9,2115,149
0.6772919081307044,257,0.9649805447470817,0.6262626262626263,248,9,2115,148
0.6765252912724196,258,0.9651162790697675,0.6287878787878788,249,9,2115,147
0.6750317332336913,259,0.9652509652509652,0.6313131313131313,250,9,2115,146
0.6750073246803847,260,0.9653846153846154,0.6338383838383839,251,9,2115,145
0.673489918241928,261,0.9655172413793104,0.6363636363636364,252,9,2115,144
0.6732288363896045,262,0.9656488549618321,0.6388888888888888,253,9,2115,143
0.6712500160565157,263,0.9657794676806084,0.6414141414141414,254,9,2115,142
0.669629277937779,264,0.9659090909090909,0.6439393939393939,255,9,2115,141
0.6668095942609406,265,0.9622641509433962,0.6439393939393939,255,10,2114,141
0.6603782617334897,266,0.9624060150375939,0.6464646464646465,256,10,2114,140
0.6580239001399419,267,0.9625468164794008,0.648989898989899,257,10,2114,139
0.6551200827767926,268,0.9626865671641791,0.6515151515151515,258,10,2114,138
0.6545784339463071,269,0.9591078066914498,0.6515151515151515,258,11,2113,138
0.6521546475903209,270,0.9592592592592593,0.6540404040404041,259,11,2113,137
0.6494792263895565,271,0.959409594095941,0.6565656565656566,260,11,2113,136
0.6494740102753199,272,0.9595588235294118,0.6590909090909091,261,11,2113,135
0.6488977556891935,274,0.9562043795620438,0.6616161616161617,262,12,2112,134
0.6466876576175072,275,0.9563636363636364,0.6641414141414141,263,12,2112,133
0.6461479847625392,276,0.9565217391304348,0.6666666666666666,264,12,2112,132
0.643438019785728,277,0.9566787003610109,0.6691919191919192,265,12,2112,131
0.6412283996702773,278,0.9568345323741008,0.6717171717171717,266,12,2112,130
0.6376177122653681,281,0.9466192170818505,0.6717171717171717,266,15,2109,130
0.6359226895796095,282,0.9468085106382979,0.6742424242424242,267,15,2109,129
0.6359160202620316,286,0.9370629370629371,0.6767676767676768,268,18,2106,128
0.6352623796242022,287,0.9372822299651568,0.6792929292929293,269,18,2106,127
0.6321346015738345,288,0.9340277777777778,0.6792929292929293,269,19,2105,127
0.6244363690276298,289,0.9342560553633218,0.6818181818181818,270,19,2105,126
0.6229277069382397,290,0.9310344827586207,0.6818181818181818,270,20,2104,126
0.6227621186866605,291,0.9312714776632303,0.6843434343434344,271,20,2104,125
0.6224479876324702,292,0.928082191780822,0.6843434343434344,271,21,2103,125
0.6166604476871334,293,0.9283276450511946,0.6868686868686869,272,21,2103,124
0.6142305601674928,294,0.9251700680272109,0.6868686868686869,272,22,2102,124
0.6113114357140959,295,0.9254237288135593,0.6893939393939394,273,22,2102,123
0.6094657850032376,296,0.9256756756756757,0.6919191919191919,274,22,2102,122
0.6091723521283574,297,0.9259259259259259,0.6944444444444444,275,22,2102,121
0.6075256516501119,298,0.9261744966442953,0.696969696969697,276,22,2102,120
0.604626661663846,299,0.9264214046822743,0.6994949494949495,277,22,2102,119
0.5976543579344747,300,0.9266666666666666,0.702020202020202,278,22,2102,118
0.5965417867435159,301,0.9269102990033222,0.7045454545454546,279,22,2102,117
0.5956312753001881,302,0.9271523178807947,0.7070707070707071,280,22,2102,116
0.5955952893130868,303,0.9273927392739274,0.7095959595959596,281,22,2102,115
0.595324002283353,304,0.9276315789473685,0.7121212121212122,282,22,2102,114
0.5952409617184303,305,0.9245901639344263,0.7121212121212122,282,23,2101,114
0.5940217931399147,306,0.9248366013071896,0.7146464646464646,283,23,2101,113
0.5931844801128958,307,0.9250814332247557,0.7171717171717171,284,23,2101,112
0.5926373217976759,308,0.9253246753246753,0.7196969696969697,285,23,2101,111
0.5840063392590137,309,0.9223300970873787,0.7196969696969697,285,24,2100,111
0.5809991020881446,310,0.9193548387096774,0.7196969696969697,285,25,2099,111
0.5805035771343976,312,0.9198717948717948,0.7247474747474747,287,25,2099,109
0.5796575967867962,313,0.9201277955271565,0.7272727272727273,288,25,2099,108
0.578679866618693,314,0.9203821656050956,0.7297979797979798,289,25,2099,107
0.5786545317492218,315,0.9174603174603174,0.7297979797979798,289,26,2098,107
0.5782167550703438,316,0.9177215189873418,0.7323232323232324,290,26,2098,106
0.5781024178372519,317,0.917981072555205,0.7348484848484849,291,26,2098,105
0.5779987604523361,318,0.9182389937106918,0.7373737373737373,292,26,2098,104
0.5772997955451293,319,0.9153605015673981,0.7373737373737373,292,27,2097,104
0.5732534353978909,321,0.9127725856697819,0.73989898989899,293,28,2096,103
0.5709536484104208,322,0.9099378881987578,0.73989898989899,293,29,2095,103
0.57070592259586,323,0.9102167182662538,0.7424242424242424,294,29,2095,102
0.568371619354021,324,0.9074074074074074,0.7424242424242424,294,30,2094,102
0.5622091544912828,325,0.9076923076923077,0.7449494949494949,295,30,2094,101
0.5610821034225348,326,0.9049079754601227,0.7449494949494949,295,31,2093,101
0.5603595619690867,328,0.9024390243902439,0.7474747474747475,296,32,2092,100
0.5601770021293708,329,0.9027355623100304,0.75,297,32,2092,99
0.5591759806825127,330,0.9030303030303031,0.7525252525252525,298,32,2092,98
0.5529353307262782,331,0.9033232628398792,0.7550505050505051,299,32,2092,97
0.5515898721793898,332,0.9036144578313253,0.7575757575757576,300,32,2092,96
0.5514469308983242,333,0.9039039039039038,0.76010101010101,301,32,2092,95
0.5487497553028536,334,0.9041916167664671,0.7626262626262627,302,32,2092,94
0.5474892066205337,336,0.9047619047619048,0.7676767676767676,304,32,2092,92
0.5471462041117958,337,0.9050445103857567,0.7702020202020202,305,32,2092,91
0.5468267989413516,338,0.9053254437869822,0.7727272727272727,306,32,2092,90
0.5467707128170345,339,0.9026548672566371,0.7727272727272727,306,33,2091,90
0.5464244842356931,340,0.9029411764705882,0.7752525252525253,307,33,2091,89
0.5417419322646878,341,0.9032258064516129,0.7777777777777778,308,33,2091,88
0.5409055224135865,342,0.9035087719298246,0.7803030303030303,309,33,2091,87
0.540389442906338,344,0.9011627906976745,0.7828282828282829,310,34,2090,86
0.5403377142189394,345,0.9014492753623189,0.7853535353535354,311,34,2090,85
0.5391181938686881,346,0.8988439306358381,0.7853535353535354,311,35,2089,85
0.5358857231127212,347,0.899135446685879,0.7878787878787878,312,35,2089,84
0.5355907780979827,348,0.8994252873563219,0.7904040404040404,313,35,2089,83
0.5277237288495336,349,0.8997134670487106,0.7929292929292929,314,35,2089,82
0.5251637111857907,351,0.8974358974358975,0.7954545454545454,315,36,2088,81
0.5238157955719731,353,0.8951841359773371,0.797979797979798,316,37,2087,80
0.5233338373589085,354,0.8926553672316384,0.797979797979798,316,38,2086,80
0.5136757279636931,355,0.8901408450704226,0.797979797979798,316,39,2085,80
0.5124657902878368,356,0.8876404494382022,0.797979797979798,316,40,2084,80
0.5090332619760031,357,0.8879551820728291,0.8005050505050505,317,40,2084,79
0.507324046983031,358,0.8854748603351955,0.8005050505050505,317,41,2083,79
0.5038917711263962,359,0.8857938718662952,0.803030303030303,318,41,2083,78
0.5028204163551288,360,0.8861111111111111,0.8055555555555556,319,41,2083,77
0.5026263458288464,362,0.8867403314917127,0.8106060606060606,321,41,2083,75
0.500545510716558,363,0.8842975206611571,0.8106060606060606,321,42,2082,75
0.4997004908367663,364,0.8846153846153846,0.8131313131313131,322,42,2082,74
0.4969872893102398,365,0.8849315068493151,0.8156565656565656,323,42,2082,73
0.4931278480435243,366,0.8852459016393442,0.8181818181818182,324,42,2082,72
0.4892815727763358,367,0.885558583106267,0.8207070707070707,325,42,2082,71
0.4862231605959757,368,0.8858695652173914,0.8232323232323232,326,42,2082,70
0.48140985968216293,369,0.8834688346883469,0.8232323232323232,326,43,2081,70
0.4801952611595906,370,0.8810810810810811,0.8232323232323232,326,44,2080,70
0.47698699891616014,371,0.8814016172506739,0.8257575757575758,327,44,2080,69
0.47697520739462684,372,0.8817204301075269,0.8282828282828283,328,44,2080,68
0.47524008708968407,373,0.8820375335120644,0.8308080808080808,329,44,2080,67
0.47181420641816807,374,0.8796791443850267,0.8308080808080808,329,45,2079,67
0.46988862008218635,375,0.88,0.8333333333333334,330,45,2079,66
0.4609669927900503,376,0.8776595744680851,0.8333333333333334,330,46,2078,66
0.45584917273119147,377,0.8753315649867374,0.8333333333333334,330,47,2077,66
0.4548547993792951,378,0.8756613756613757,0.8358585858585859,331,47,2077,65
0.4503106358255094,379,0.8759894459102903,0.8383838383838383,332,47,2077,64
0.4467588934062031,380,0.8736842105263158,0.8383838383838383,332,48,2076,64
0.445185287706191,381,0.8713910761154856,0.8383838383838383,332,49,2075,64
0.4433939822851312,382,0.8717277486910995,0.8409090909090909,333,49,2075,63
0.43766124906241977,383,0.8720626631853786,0.8434343434343434,334,49,2075,62
0.4348828582566716,384,0.8723958333333334,0.8459595959595959,335,49,2075,61
0.42904385336058637,385,0.8727272727272727,0.8484848484848485,336,49,2075,60
0.42899813832282263,386,0.8704663212435233,0.8484848484848485,336,50,2074,60
0.4279983090859785,387,0.8708010335917312,0.851010101010101,337,50,2074,59
0.42795389048991356,388,0.8711340206185567,0.8535353535353535,338,50,2074,58
0.42698851749884825,389,0.87146529562982,0.8560606060606061,339,50,2074,57
0.42604694366532225,390,0.8692307692307693,0.8560606060606061,339,51,2073,57
0.4245873924855261,391,0.8695652173913043,0.8585858585858586,340,51,2073,56
0.4217761283214849,392,0.8698979591836735,0.8611111111111112,341,51,2073,55
0.42046683890138564,393,0.8676844783715013,0.8611111111111112,341,52,2072,55
0.4202496636018694,394,0.8654822335025381,0.8611111111111112,341,53,2071,55
0.4189122036606434,395,0.8658227848101265,0.8636363636363636,342,53,2071,54
0.41750748807205346,396,0.8661616161616161,0.8661616161616161,343,53,2071,53
0.41453070841541156,397,0.8639798488664987,0.8661616161616161,343,54,2070,53
0.41365903350892796,398,0.8618090452261307,0.8661616161616161,343,55,2069,53
0.4090249479069964,399,0.8621553884711779,0.8686868686868687,344,55,2069,52
0.40673070301850983,401,0.85785536159601,0.8686868686868687,344,57,2067,52
0.40403917784145504,402,0.8557213930348259,0.8686868686868687,344,58,2066,52
0.4034585403516963,403,0.8535980148883374,0.8686868686868687,344,59,2065,52
0.4025449076439494,404,0.8539603960396039,0.8712121212121212,345,59,2065,51
0.3954411761971135,405,0.854320987654321,0.8737373737373737,346,59,2065,50
0.39460843854764377,406,0.8522167487684729,0.8737373737373737,346,60,2064,50
0.39330229782662446,407,0.8501228501228502,0.8737373737373737,346,61,2063,50
0.3931332328627345,408,0.8504901960784313,0.8762626262626263,347,61,2063,49
0.3930823997908638,409,0.8508557457212714,0.8787878787878788,348,61,2063,48
0.3899386916011751,410,0.8512195121951219,0.8813131313131313,349,61,2063,47
0.38904899135446686,411,0.8491484184914841,0.8813131313131313,349,62,2062,47
0.382158272651464,412,0.8470873786407767,0.8813131313131313,349,63,2061,47
0.37926877324995356,413,0.847457627118644,0.8838383838383839,350,63,2061,46
0.3739653987556835,414,0.8478260869565217,0.8863636363636364,351,63,2061,45
0.37148655032369704,415,0.8457831325301205,0.8863636363636364,351,64,2060,45
0.36971991312350155,416,0.8461538461538461,0.8888888888888888,352,64,2060,44
0.36869223168033494,417,0.8465227817745803,0.8914141414141414,353,64,2060,43
0.367721218677453,418,0.8444976076555024,0.8914141414141414,353,65,2059,43
0.36574382016604695,419,0.8424821002386634,0.8914141414141414,353,66,2058,43
0.3652654618841304,420,0.8428571428571429,0.8939393939393939,354,66,2058,42
0.3603564230775353,421,0.8432304038004751,0.8964646464646465,355,66,2058,41
0.3603407412880522,422,0.8436018957345972,0.898989898989899,356,66,2058,40
0.35816522574447646,423,0.8416075650118203,0.898989898989899,356,67,2057,40
0.35008146360748565,424,0.8419811320754716,0.9015151515151515,357,67,2057,39
0.34809054889022406,425,0.84,0.9015151515151515,357,68,2056,39
0.347662055857857,426,0.8403755868544601,0.9040404040404041,358,68,2056,38
0.34763521909183404,427,0.8384074941451991,0.9040404040404041,358,69,2055,38
0.3475380332965871,428,0.8364485981308412,0.9040404040404041,358,70,2054,38
0.34089576351067913,429,0.8368298368298368,0.9065656565656566,359,70,2054,37
0.34012164998310873,430,0.8372093023255814,0.9090909090909091,360,70,2054,36
0.3389192595638636,431,0.8352668213457076,0.9090909090909091,360,71,2053,36
0.33800390529956276,432,0.8333333333333334,0.9090909090909091,360,72,2052,36
0.3364935377401126,433,0.8337182448036952,0.9116161616161617,361,72,2052,35
0.3314621342267091,434,0.8317972350230415,0.9116161616161617,361,73,2051,35
0.3290737415253024,435,0.832183908045977,0.9141414141414141,362,73,2051,34
0.32775199177781283,436,0.8325688073394495,0.9166666666666666,363,73,2051,33
0.32469838431461207,437,0.8306636155606407,0.9166666666666666,363,74,2050,33
0.32405865046870685,438,0.8287671232876712,0.9166666666666666,363,75,2049,33
0.32149095797794763,439,0.8291571753986332,0.9191919191919192,364,75,2049,32
0.3213607127263587,440,0.8272727272727273,0.9191919191919192,364,76,2048,32
0.3200868010130452,441,0.8253968253968254,0.9191919191919192,364,77,2047,32
0.31828838958124167,442,0.8235294117647058,0.9191919191919192,364,78,2046,32
0.3154235030530957,443,0.8216704288939052,0.9191919191919192,364,79,2045,32
0.31450731055292075,444,0.8220720720720721,0.9217171717171717,365,79,2045,31
0.3143253223725618,445,0.8202247191011236,0.9217171717171717,365,80,2044,31
0.313975014488637,446,0.8183856502242153,0.9217171717171717,365,81,2043,31
0.31155116342315453,447,0.8165548098434005,0.9217171717171717,365,82,2042,31
0.30937956846530645,448,0.8147321428571429,0.9217171717171717,365,83,2041,31
0.30848007341896694,449,0.8151447661469933,0.9242424242424242,366,83,2041,30
0.30197063170927735,450,0.8133333333333334,0.9242424242424242,366,84,2040,30
0.2987705271898038,451,0.811529933481153,0.9242424242424242,366,85,2039,30
0.2979596581362771,452,0.8097345132743363,0.9242424242424242,366,86,2038,30
0.29738085956710886,453,0.8101545253863135,0.9267676767676768,367,86,2038,29
0.2967442582697204,454,0.8083700440528634,0.9267676767676768,367,87,2037,29
0.296001473837627,455,0.8065934065934066,0.9267676767676768,367,88,2036,29
0.2933644291400948,456,0.8048245614035088,0.9267676767676768,367,89,2035,29
0.2896975425089472,457,0.8052516411378556,0.9292929292929293,368,89,2035,28
0.2888378722246406,458,0.8034934497816594,0.9292929292929293,368,90,2034,28
0.28436898824991147,459,0.803921568627451,0.9318181818181818,369,90,2034,27
0.2833799241812236,460,0.8021739130434783,0.9318181818181818,369,91,2033,27
0.28259740444589493,461,0.8026030368763557,0.9343434343434344,370,91,2033,26
0.2819488383631626,462,0.8008658008658008,0.9343434343434344,370,92,2032,26
0.2816954629297184,463,0.7991360691144709,0.9343434343434344,370,93,2031,26
0.2802040964732377,464,0.7974137931034483,0.9343434343434344,370,94,2030,26
0.2785345064247234,465,0.7956989247311828,0.9343434343434344,370,95,2029,26
0.2773199144482974,466,0.796137339055794,0.9368686868686869,371,95,2029,25
0.2766878835889883,467,0.7944325481798715,0.9368686868686869,371,96,2028,25
0.2755567687744323,468,0.7927350427350427,0.9368686868686869,371,97,2027,25
0.2751179430062045,469,0.7910447761194029,0.9368686868686869,371,98,2026,25
0.27378718740544017,470,0.7893617021276595,0.9368686868686869,371,99,2025,25
0.2717042494591436,471,0.7876857749469215,0.9368686868686869,371,100,2024,25
0.26842011823499,472,0.7860169491525424,0.9368686868686869,371,101,2023,25
0.26777361815490325,473,0.7843551797040169,0.9368686868686869,371,102,2022,25
0.26624694069695337,474,0.7827004219409283,0.9368686868686869,371,103,2021,25
0.2652029034194207,475,0.783157894736842,0.9393939393939394,372,103,2021,24
0.2600666025066848,476,0.7836134453781513,0.9419191919191919,373,103,2021,23
0.2580051517521753,477,0.7840670859538784,0.9444444444444444,374,103,2021,22
0.2576896195029306,478,0.7845188284518828,0.946969696969697,375,103,2021,21
0.25751366043107277,479,0.7828810020876826,0.946969696969697,375,104,2020,21
0.2574789587325884,480,0.78125,0.946969696969697,375,105,2019,21
0.2573353994254595,481,0.7796257796257796,0.946969696969697,375,106,2018,21
0.25722338593172145,482,0.7780082987551867,0.946969696969697,375,107,2017,21
0.2563884759543096,483,0.7763975155279503,0.946969696969697,375,108,2016,21
0.2534233864097851,484,0.7747933884297521,0.946969696969697,375,109,2015,21
0.2499648422839299,485,0.7731958762886598,0.946969696969697,375,110,2014,21
0.2495153837250063,486,0.7716049382716049,0.946969696969697,375,111,2013,21
0.24950938436298856,487,0.7700205338809035,0.946969696969697,375,112,2012,21
0.2491651550163774,488,0.7684426229508197,0.946969696969697,375,113,2011,21
0.24681203080623987,489,0.7668711656441718,0.946969696969697,375,114,2010,21
0.24566606879471042,490,0.7653061224489796,0.946969696969697,375,115,2009,21
0.24362229460733903,491,0.7637474541751528,0.946969696969697,375,116,2008,21
0.24012043294682772,492,0.7621951219512195,0.946969696969697,375,117,2007,21
0.2386571006517056,493,0.7606490872210954,0.946969696969697,375,118,2006,21
0.23832701482425145,494,0.7591093117408907,0.946969696969697,375,119,2005,21
0.23747416387948295,495,0.7575757575757576,0.946969696969697,375,120,2004,21
0.23569745809339976,496,0.7560483870967742,0.946969696969697,375,121,2003,21
0.23566451664762164,497,0.7545271629778671,0.946969696969697,375,122,2002,21
0.23541461350391357,498,0.7530120481927711,0.946969696969697,375,123,2001,21
0.23540510505154874,499,0.7535070140280561,0.9494949494949495,376,123,2001,20
0.23523631843940274,500,0.754,0.952020202020202,377,123,2001,19
0.23441952681738346,501,0.7524950099800399,0.952020202020202,377,124,2000,19
0.2337920359097398,502,0.750996015936255,0.952020202020202,377,125,1999,19
0.23335188212451582,503,0.7495029821073559,0.952020202020202,377,126,1998,19
0.23209729207459046,504,0.748015873015873,0.952020202020202,377,127,1997,19
0.23012792112269861,505,0.7465346534653465,0.952020202020202,377,128,1996,19
0.22953860256988942,506,0.7450592885375494,0.952020202020202,377,129,1995,19
0.22816710036222132,507,0.7435897435897436,0.952020202020202,377,130,1994,19
0.22728655247337856,508,0.7421259842519685,0.952020202020202,377,131,1993,19
0.22658823745727077,509,0.7406679764243614,0.952020202020202,377,132,1992,19
0.22616613576412725,510,0.7411764705882353,0.9545454545454546,378,132,1992,18
0.22602014964642808,511,0.7416829745596869,0.9570707070707071,379,132,1992,17
0.22520301685838812,512,0.7421875,0.9595959595959596,380,132,1992,16
0.22520003420782483,513,0.7407407407407407,0.9595959595959596,380,133,1991,16
0.22495586529710596,514,0.7392996108949417,0.9595959595959596,380,134,1990,16
0.22463400684735474,515,0.7378640776699029,0.9595959595959596,380,135,1989,16
0.2236479054027471,517,0.7350096711798839,0.9595959595959596,380,137,1987,16
0.22256075956408233,518,0.7335907335907336,0.9595959595959596,380,138,1986,16
0.22081220941486637,519,0.7321772639691715,0.9595959595959596,380,139,1985,16
0.21645319571020138,520,0.7307692307692307,0.9595959595959596,380,140,1984,16
0.21504151009182657,521,0.7293666026871402,0.9595959595959596,380,141,1983,16
0.21461506705662128,522,0.7279693486590039,0.9595959595959596,380,142,1982,16
0.21398715877423558,523,0.7265774378585086,0.9595959595959596,380,143,1981,16
0.2137117049560655,524,0.7251908396946565,0.9595959595959596,380,144,1980,16
0.2123967104758024,525,0.7238095238095238,0.9595959595959596,380,145,1979,16
0.21226446356750286,526,0.7224334600760456,0.9595959595959596,380,146,1978,16
0.21193932311341393,527,0.7210626185958254,0.9595959595959596,380,147,1977,16
0.21080317397655,528,0.7196969696969697,0.9595959595959596,380,148,1976,16
0.20982885104038274,529,0.718336483931947,0.9595959595959596,380,149,1975,16
0.20836526615668163,530,0.7169811320754716,0.9595959595959596,380,150,1974,16
0.20773459550282153,531,0.7175141242937854,0.9621212121212122,381,150,1974,15
0.20744119508624267,532,0.7161654135338346,0.9621212121212122,381,151,1973,15
0.20726712939649797,533,0.7148217636022514,0.9621212121212122,381,152,1972,15
0.20550743950271685,534,0.7134831460674157,0.9621212121212122,381,153,1971,15
0.2053924942525492,535,0.7140186915887851,0.9646464646464646,382,153,1971,14
0.20498278585301194,536,0.7145522388059702,0.9671717171717171,383,153,1971,13
0.20296257792326328,537,0.7132216014897579,0.9671717171717171,383,154,1970,13
0.2024958941131381,538,0.7118959107806692,0.9671717171717171,383,155,1969,13
0.20237050164861028,539,0.7105751391465677,0.9671717171717171,383,156,1968,13
0.20166594954920658,540,0.7092592592592593,0.9671717171717171,383,157,1967,13
0.19992280977669522,541,0.7079482439926063,0.9671717171717171,383,158,1966,13
0.19807298630739525,542,0.7066420664206642,0.9671717171717171,383,159,1965,13
0.19519001778287923,543,0.7053406998158379,0.9671717171717171,383,160,1964,13
0.19489876914371076,544,0.7040441176470589,0.9671717171717171,383,161,1963,13
0.19355175459824897,545,0.7027522935779816,0.9671717171717171,383,162,1962,13
0.19242752124890095,546,0.7014652014652014,0.9671717171717171,383,163,1961,13
0.19232866807703827,547,0.7020109689213894,0.9696969696969697,384,163,1961,12
0.19231431340692928,548,0.7007299270072993,0.9696969696969697,384,164,1960,12
0.1910014529213109,549,0.7012750455373407,0.9722222222222222,385,164,1960,11
0.18949120304898623,550,0.7,0.9722222222222222,385,165,1959,11
0.18945699873516703,551,0.6987295825771325,0.9722222222222222,385,166,1958,11
0.1879439430830294,552,0.697463768115942,0.9722222222222222,385,167,1957,11
0.18731473701586995,553,0.6962025316455697,0.9722222222222222,385,168,1956,11
0.18724241463415678,554,0.6949458483754513,0.9722222222222222,385,169,1955,11
0.18675591538837985,555,0.6936936936936937,0.9722222222222222,385,170,1954,11
0.18667974962536607,556,0.6924460431654677,0.9722222222222222,385,171,1953,11
0.18665085966983563,557,0.6912028725314183,0.9722222222222222,385,172,1952,11
0.18602282020371197,558,0.6899641577060932,0.9722222222222222,385,173,1951,11
0.18340528894680225,559,0.6887298747763864,0.9722222222222222,385,174,1950,11
0.1823175281993133,560,0.6875,0.9722222222222222,385,175,1949,11
0.1817623926730099,561,0.6862745098039216,0.9722222222222222,385,176,1948,11
0.18142001433744206,562,0.6850533807829181,0.9722222222222222,385,177,1947,11
0.18028068277826748,563,0.6838365896980462,0.9722222222222222,385,178,1946,11
0.17989656877469418,564,0.6843971631205674,0.9747474747474747,386,178,1946,10
0.1794849576800344,565,0.6831858407079646,0.9747474747474747,386,179,1945,10
0.17894832222301454,566,0.6819787985865724,0.9747474747474747,386,180,1944,10
0.17849369634199874,567,0.6807760141093474,0.9747474747474747,386,181,1943,10
0.17835582040579656,568,0.6795774647887324,0.9747474747474747,386,182,1942,10
0.1783078392488666,569,0.6783831282952548,0.9747474747474747,386,183,1941,10
0.17795404334835754,570,0.6771929824561403,0.9747474747474747,386,184,1940,10
0.17627019171456781,571,0.6760070052539404,0.9747474747474747,386,185,1939,10
0.17567426953573143,572,0.6748251748251748,0.9747474747474747,386,186,1938,10
0.17482161061038076,573,0.6736474694589878,0.9747474747474747,386,187,1937,10
0.1745398485501813,574,0.6724738675958188,0.9747474747474747,386,188,1936,10
0.17404828685517582,575,0.671304347826087,0.9747474747474747,386,189,1935,10
0.17149431269861473,576,0.671875,0.9772727272727273,387,189,1935,9
0.17084572897047706,577,0.6707105719237435,0.9772727272727273,387,190,1934,9
0.17046460740578048,578,0.6695501730103807,0.9772727272727273,387,191,1933,9
0.17033558019141715,579,0.6683937823834197,0.9772727272727273,387,192,1932,9
0.16962369365329663,580,0.6672413793103448,0.9772727272727273,387,193,1931,9
0.16816521083788658,581,0.6660929432013769,0.9772727272727273,387,194,1930,9
0.16776677096660844,582,0.6649484536082474,0.9772727272727273,387,195,1929,9
0.16637344653368116,583,0.6638078902229846,0.9772727272727273,387,196,1928,9
0.1659993940092996,584,0.6626712328767124,0.9772727272727273,387,197,1927,9
0.16505994636941512,585,0.6615384615384615,0.9772727272727273,387,198,1926,9
0.16426170034671606,586,0.6604095563139932,0.9772727272727273,387,199,1925,9
0.1641439244722508,587,0.6592844974446337,0.9772727272727273,387,200,1924,9
0.16327679776279866,588,0.6581632653061225,0.9772727272727273,387,201,1923,9
0.1627780215627754,589,0.6570458404074703,0.9772727272727273,387,202,1922,9
0.1623551333170903,590,0.6559322033898305,0.9772727272727273,387,203,1921,9
0.16228340324040189,591,0.6548223350253807,0.9772727272727273,387,204,1920,9
0.1610205810886405,592,0.6537162162162162,0.9772727272727273,387,205,1919,9
0.15857280262330625,593,0.6526138279932546,0.9772727272727273,387,206,1918,9
0.15836838904955622,594,0.6515151515151515,0.9772727272727273,387,207,1917,9
0.15803155937268926,595,0.6504201680672269,0.9772727272727273,387,208,1916,9
0.1578760756034109,596,0.6493288590604027,0.9772727272727273,387,209,1915,9
0.15715655311313703,597,0.6482412060301508,0.9772727272727273,387,210,1914,9
0.15635098574099848,598,0.6471571906354515,0.9772727272727273,387,211,1913,9
0.15614344974066957,599,0.6460767946577629,0.9772727272727273,387,212,1912,9
0.15609535078658907,600,0.645,0.9772727272727273,387,213,1911,9
0.15584571463063285,601,0.6439267886855241,0.9772727272727273,387,214,1910,9
0.15532810197989488,602,0.6428571428571429,0.9772727272727273,387,215,1909,9
0.15421026006903876,603,0.6417910447761194,0.9772727272727273,387,216,1908,9
0.15362327898957887,604,0.640728476821192,0.9772727272727273,387,217,1907,9
0.1534621205471459,605,0.6396694214876033,0.9772727272727273,387,218,1906,9
0.15331726072346416,606,0.6386138613861386,0.9772727272727273,387,219,1905,9
0.15306068971522863,607,0.6375617792421746,0.9772727272727273,387,220,1904,9
0.15288874054253515,608,0.6365131578947368,0.9772727272727273,387,221,1903,9
0.15285866346079832,609,0.6354679802955665,0.9772727272727273,387,222,1902,9
0.15167891072501116,610,0.6344262295081967,0.9772727272727273,387,223,1901,9
0.15121736004035644,611,0.6333878887070377,0.9772727272727273,387,224,1900,9
0.15107127758578973,612,0.6323529411764706,0.9772727272727273,387,225,1899,9
0.15089998756807244,613,0.6313213703099511,0.9772727272727273,387,226,1898,9
0.15007788310075365,614,0.6302931596091205,0.9772727272727273,387,227,1897,9
0.14970226710811657,615,0.6292682926829268,0.9772727272727273,387,228,1896,9
0.14929863186973827,616,0.6282467532467533,0.9772727272727273,387,229,1895,9
0.1491626501163522,617,0.6272285251215559,0.9772727272727273,387,230,1894,9
0.14875215369881792,618,0.6262135922330098,0.9772727272727273,387,231,1893,9
0.1479807521399293,619,0.6252019386106623,0.9772727272727273,387,232,1892,9
0.14702822640997007,620,0.6241935483870967,0.9772727272727273,387,233,1891,9
0.14638443940694293,621,0.6231884057971014,0.9772727272727273,387,234,1890,9
0.14495511513230752,622,0.6221864951768489,0.9772727272727273,387,235,1889,9
0.14207327075190407,623,0.6211878009630819,0.9772727272727273,387,236,1888,9
0.14196649926474067,624,0.6201923076923077,0.9772727272727273,387,237,1887,9
0.14121037463976946,625,0.6192,0.9772727272727273,387,238,1886,9
0.14092026865430737,626,0.6182108626198083,0.9772727272727273,387,239,1885,9
0.14075579428884638,627,0.6172248803827751,0.9772727272727273,387,240,1884,9
0.14011042315695355,628,0.6162420382165605,0.9772727272727273,387,241,1883,9
0.1390156549444087,629,0.615262321144674,0.9772727272727273,387,242,1882,9
0.13847645296168096,630,0.6142857142857143,0.9772727272727273,387,243,1881,9
0.1383827889897223,631,0.6133122028526149,0.9772727272727273,387,244,1880,9
0.13817069583692443,632,0.6123417721518988,0.9772727272727273,387,245,1879,9
0.1375000839678106,633,0.6113744075829384,0.9772727272727273,387,246,1878,9
0.1370791072520179,634,0.610410094637224,0.9772727272727273,387,247,1877,9
0.13682788859703077,635,0.6094488188976378,0.9772727272727273,387,248,1876,9
0.13410484974277553,636,0.6084905660377359,0.9772727272727273,387,249,1875,9
0.13367167941587335,637,0.6075353218210361,0.9772727272727273,387,250,1874,9
0.13293232204296498,638,0.6065830721003135,0.9772727272727273,387,251,1873,9
0.13185460940566504,639,0.6056338028169014,0.9772727272727273,387,252,1872,9
0.13167659350062155,640,0.6046875,0.9772727272727273,387,253,1871,9
0.13136659749303312,641,0.6037441497659907,0.9772727272727273,387,254,1870,9
0.129748047201597,642,0.602803738317757,0.9772727272727273,387,255,1869,9
0.12968045221871594,643,0.6018662519440124,0.9772727272727273,387,256,1868,9
0.12938567603243623,644,0.6009316770186336,0.9772727272727273,387,257,1867,9
0.12888149517998815,645,0.6015503875968993,0.9797979797979798,388,257,1867,8
0.128811590886341,646,0.6006191950464397,0.9797979797979798,388,258,1866,8
0.128742377269957,647,0.5996908809891809,0.9797979797979798,388,259,1865,8
0.1283495362192236,648,0.5987654320987654,0.9797979797979798,388,260,1864,8
0.12763936456123479,649,0.5978428351309707,0.9797979797979798,388,261,1863,8
0.12757303236391376,650,0.5969230769230769,0.9797979797979798,388,262,1862,8
0.12661145991484113,651,0.5960061443932412,0.9797979797979798,388,263,1861,8
0.12635415425471377,652,0.5950920245398773,0.9797979797979798,388,264,1860,8
0.1259327356162368,653,0.5941807044410413,0.9797979797979798,388,265,1859,8
0.12564045624455822,654,0.5932721712538226,0.9797979797979798,388,266,1858,8
0.12529263745783853,655,0.5923664122137404,0.9797979797979798,388,267,1857,8
0.1251620469728148,656,0.5914634146341463,0.9797979797979798,388,268,1856,8
0.12494034566362049,657,0.5905631659056316,0.9797979797979798,388,269,1855,8
0.12477346349002713,658,0.5896656534954408,0.9797979797979798,388,270,1854,8
0.12464995982952409,659,0.5887708649468892,0.9797979797979798,388,271,1853,8
0.12439838168966443,660,0.5878787878787879,0.9797979797979798,388,272,1852,8
0.12418424717461417,661,0.5869894099848714,0.9797979797979798,388,273,1851,8
0.12381419731647018,662,0.5861027190332326,0.9797979797979798,388,274,1850,8
0.12323946907420455,663,0.5852187028657617,0.9797979797979798,388,275,1849,8
0.12300639196167074,664,0.5843373493975904,0.9797979797979798,388,276,1848,8
0.12266692295011905,665,0.5834586466165413,0.9797979797979798,388,277,1847,8
0.12261390697248788,666,0.5825825825825826,0.9797979797979798,388,278,1846,8
0.12179259267783063,667,0.5817091454272864,0.9797979797979798,388,279,1845,8
0.12171965451033791,668,0.5823353293413174,0.9823232323232324,389,279,1845,7
0.12149871098448208,669,0.5814648729446936,0.9823232323232324,389,280,1844,7
0.12138444069966407,670,0.5805970149253732,0.9823232323232324,389,281,1843,7
0.12088909750403051,671,0.5797317436661699,0.9823232323232324,389,282,1842,7
0.1205494919242712,672,0.5788690476190477,0.9823232323232324,389,283,1841,7
0.11996100715143919,673,0.5780089153046062,0.9823232323232324,389,284,1840,7
0.11931816726661867,674,0.5771513353115727,0.9823232323232324,389,285,1839,7
0.11902547730798453,675,0.5762962962962963,0.9823232323232324,389,286,1838,7
0.11800326009848952,676,0.5754437869822485,0.9823232323232324,389,287,1837,7
0.11749616339625861,677,0.5745937961595273,0.9823232323232324,389,288,1836,7
0.1173911526156581,678,0.5737463126843658,0.9823232323232324,389,289,1835,7
0.11737087709828115,679,0.572901325478645,0.9823232323232324,389,290,1834,7
0.11725842793161337,680,0.5720588235294117,0.9823232323232324,389,291,1833,7
0.11687048181683792,681,0.5712187958883994,0.9823232323232324,389,292,1832,7
0.11674032952797554,682,0.5703812316715543,0.9823232323232324,389,293,1831,7
0.11657496385157305,683,0.5695461200585652,0.9823232323232324,389,294,1830,7
0.11599887549950204,684,0.5687134502923976,0.9823232323232324,389,295,1829,7
0.11558350465570277,685,0.5678832116788322,0.9823232323232324,389,296,1828,7
0.11525561528042184,686,0.5670553935860059,0.9823232323232324,389,297,1827,7
0.11471034400722341,687,0.5662299854439592,0.9823232323232324,389,298,1826,7
0.11452202271713964,688,0.565406976744186,0.9823232323232324,389,299,1825,7
0.11444656558301304,689,0.5645863570391872,0.9823232323232324,389,300,1824,7
0.11345703587638012,690,0.563768115942029,0.9823232323232324,389,301,1823,7
0.11342976683668808,691,0.5629522431259045,0.9823232323232324,389,302,1822,7
0.11277019573706312,692,0.5621387283236994,0.9823232323232324,389,303,1821,7
0.11275145675805275,693,0.5613275613275613,0.9823232323232324,389,304,1820,7
0.11260387290642604,694,0.5605187319884726,0.9823232323232324,389,305,1819,7
0.11168082932781326,695,0.5597122302158274,0.9823232323232324,389,306,1818,7
0.11164503672983453,696,0.5589080459770115,0.9823232323232324,389,307,1817,7
0.11138944439488951,697,0.5581061692969871,0.9823232323232324,389,308,1816,7
0.11100164114773377,698,0.5573065902578797,0.9823232323232324,389,309,1815,7
0.1102404982982869,699,0.5565092989985694,0.9823232323232324,389,310,1814,7
0.10917231439688313,700,0.5557142857142857,0.9823232323232324,389,311,1813,7
0.10891266509958471,701,0.5549215406562055,0.9823232323232324,389,312,1812,7
0.1082885470881413,702,0.5541310541310541,0.9823232323232324,389,313,1811,7
0.10779942781997634,703,0.5533428165007113,0.9823232323232324,389,314,1810,7
0.10759742914328103,704,0.5525568181818182,0.9823232323232324,389,315,1809,7
0.10727330771411134,705,0.5517730496453901,0.9823232323232324,389,316,1808,7
0.10662824207492795,706,0.5509915014164306,0.9823232323232324,389,317,1807,7
0.10617877124326225,707,0.5502121640735502,0.9823232323232324,389,318,1806,7
0.1051968141537668,708,0.5494350282485876,0.9823232323232324,389,319,1805,7
0.10505692106860015,709,0.5486600846262342,0.9823232323232324,389,320,1804,7
0.10473519995183281,710,0.547887323943662,0.9823232323232324,389,321,1803,7
0.10448963804983263,711,0.5471167369901547,0.9823232323232324,389,322,1802,7
0.10424000495817386,712,0.5463483146067416,0.9823232323232324,389,323,1801,7
0.10423761129213154,713,0.5455820476858345,0.9823232323232324,389,324,1800,7
0.1041572863077073,714,0.5448179271708683,0.9823232323232324,389,325,1799,7
0.10408006004043817,715,0.544055944055944,0.9823232323232324,389,326,1798,7
0.10390168463999783,716,0.5432960893854749,0.9823232323232324,389,327,1797,7
0.1037771371516882,717,0.5425383542538355,0.9823232323232324,389,328,1796,7
0.1028800721449048,718,0.541782729805014,0.9823232323232324,389,329,1795,7
0.10226428466478625,719,0.541029207232267,0.9823232323232324,389,330,1794,7
0.10211740970255198,720,0.5402777777777777,0.9823232323232324,389,331,1793,7
0.10185434599947124,721,0.5395284327323162,0.9823232323232324,389,332,1792,7
0.10155601199754627,722,0.538781163434903,0.9823232323232324,389,333,1791,7
0.10141823101521967,723,0.5380359612724758,0.9823232323232324,389,334,1790,7
0.10116863191852062,724,0.537292817679558,0.9823232323232324,389,335,1789,7
0.10046212293143676,725,0.5365517241379311,0.9823232323232324,389,336,1788,7
0.10037659714018574,726,0.5358126721763086,0.9823232323232324,389,337,1787,7
0.10017183845824125,727,0.5350756533700137,0.9823232323232324,389,338,1786,7
0.09990686341848558,728,0.5343406593406593,0.9823232323232324,389,339,1785,7
0.09978530311893763,729,0.53360768175583,0.9823232323232324,389,340,1784,7
0.09960962098566792,730,0.5328767123287671,0.9823232323232324,389,341,1783,7
0.09960839211658457,731,0.5321477428180574,0.9823232323232324,389,342,1782,7
0.09911819753468117,732,0.5314207650273224,0.9823232323232324,389,343,1781,7
0.09849189563032396,733,0.5306957708049114,0.9823232323232324,389,344,1780,7
0.09800720879284261,734,0.5299727520435967,0.9823232323232324,389,345,1779,7
0.09706072804764196,735,0.5292517006802722,0.9823232323232324,389,346,1778,7
0.09698589367882733,736,0.5285326086956522,0.9823232323232324,389,347,1777,7
0.09678790862253658,737,0.5278154681139756,0.9823232323232324,389,348,1776,7
0.09640702011794691,738,0.5271002710027101,0.9823232323232324,389,349,1775,7
0.09607358006048816,739,0.5263870094722598,0.9823232323232324,389,350,1774,7
0.0958471475316145,740,0.5256756756756756,0.9823232323232324,389,351,1773,7
0.09584387417730073,741,0.524966261808367,0.9823232323232324,389,352,1772,7
0.09570300167187731,742,0.5242587601078167,0.9823232323232324,389,353,1771,7
0.09491223963638665,743,0.5235531628532974,0.9823232323232324,389,354,1770,7
0.09477883998523057,744,0.5228494623655914,0.9823232323232324,389,355,1769,7
0.09437744551796985,745,0.5221476510067115,0.9823232323232324,389,356,1768,7
0.09420983275450133,746,0.5214477211796247,0.9823232323232324,389,357,1767,7
0.09394950792087162,747,0.5207496653279786,0.9823232323232324,389,358,1766,7
0.09333960996135969,748,0.5200534759358288,0.9823232323232324,389,359,1765,7
0.09239252838786532,749,0.5193591455273698,0.9823232323232324,389,360,1764,7
0.09220707595851332,750,0.5186666666666667,0.9823232323232324,389,361,1763,7
0.09138512988418439,751,0.5179760319573902,0.9823232323232324,389,362,1762,7
0.09132645420505872,752,0.5172872340425532,0.9823232323232324,389,363,1761,7
0.0910866307912804,753,0.5166002656042497,0.9823232323232324,389,364,1760,7
0.09105802660869551,754,0.5159151193633952,0.9823232323232324,389,365,1759,7
0.09076903607099693,755,0.5152317880794702,0.9823232323232324,389,366,1758,7
0.09038986856765623,756,0.5145502645502645,0.9823232323232324,389,367,1757,7
0.09027625389663632,757,0.5138705416116248,0.9823232323232324,389,368,1756,7
0.0893371757925072,758,0.5131926121372031,0.9823232323232324,389,369,1755,7
0.08919532891514019,759,0.5125164690382081,0.9823232323232324,389,370,1754,7
0.08915028335491239,760,0.5118421052631579,0.9823232323232324,389,371,1753,7
0.08895319012987439,761,0.5111695137976346,0.9823232323232324,389,372,1752,7
0.08887720780699508,762,0.510498687664042,0.9823232323232324,389,373,1751,7
0.08872457439489273,763,0.509829619921363,0.9823232323232324,389,374,1750,7
0.08864102543292973,764,0.5091623036649214,0.9823232323232324,389,375,1749,7
0.08788956175392865,765,0.5084967320261438,0.9823232323232324,389,376,1748,7
0.08778297110347083,766,0.5078328981723238,0.9823232323232324,389,377,1747,7
0.08778293899376047,767,0.5071707953063885,0.9823232323232324,389,378,1746,7
0.08762647559304869,768,0.5065104166666666,0.9823232323232324,389,379,1745,7
0.08717605027503829,769,0.505851755526658,0.9823232323232324,389,380,1744,7
0.08713768584359811,770,0.5051948051948052,0.9823232323232324,389,381,1743,7
0.08538506967328154,771,0.5045395590142672,0.9823232323232324,389,382,1742,7
0.08491695709194637,772,0.5038860103626943,0.9823232323232324,389,383,1741,7
0.08483776593408107,773,0.5032341526520052,0.9823232323232324,389,384,1740,7
0.0846869327015638,774,0.5025839793281653,0.9823232323232324,389,385,1739,7
0.08439906164110925,775,0.5019354838709678,0.9823232323232324,389,386,1738,7
0.08419034778337758,776,0.5012886597938144,0.9823232323232324,389,387,1737,7
0.08385796908217401,777,0.5006435006435006,0.9823232323232324,389,388,1736,7
0.08375602433328812,778,0.5,0.9823232323232324,389,389,1735,7
0.08312977842917475,779,0.5006418485237484,0.9848484848484849,390,389,1735,6
0.08295286731909296,780,0.5,0.9848484848484849,390,390,1734,6
0.08264519429369589,781,0.499359795134443,0.9848484848484849,390,391,1733,6
0.08243840328601368,782,0.49872122762148335,0.9848484848484849,390,392,1732,6
0.08154385979498824,783,0.49808429118773945,0.9848484848484849,390,393,1731,6
0.0814117389139149,784,0.49744897959183676,0.9848484848484849,390,394,1730,6
0.07954105259926819,785,0.4968152866242038,0.9848484848484849,390,395,1729,6
0.07923942020580495,786,0.4961832061068702,0.9848484848484849,390,396,1728,6
0.07922585856900087,787,0.49555273189326554,0.9848484848484849,390,397,1727,6
0.07844442926755901,788,0.4949238578680203,0.9848484848484849,390,398,1726,6
0.07836470173085214,789,0.49429657794676807,0.9848484848484849,390,399,1725,6
0.07806206185778074,790,0.49493670886075947,0.9873737373737373,391,399,1725,5
0.07787480015655669,791,0.4943109987357775,0.9873737373737373,391,400,1724,5
0.07665581181746695,792,0.4936868686868687,0.9873737373737373,391,401,1723,5
0.07622393733941393,793,0.4930643127364439,0.9873737373737373,391,402,1722,5
0.07609587792607797,794,0.4924433249370277,0.9873737373737373,391,403,1721,5
0.07546096533123614,795,0.4918238993710692,0.9873737373737373,391,404,1720,5
0.07528009503901648,796,0.49120603015075376,0.9873737373737373,391,405,1719,5
0.07468610142409346,797,0.4905897114178168,0.9873737373737373,391,406,1718,5
0.07453454175344816,798,0.4899749373433584,0.9873737373737373,391,407,1717,5
0.07410556413389689,799,0.48936170212765956,0.9873737373737373,391,408,1716,5
0.07373777315241373,800,0.48875,0.9873737373737373,391,409,1715,5
0.07370007934882061,801,0.48813982521847693,0.9873737373737373,391,410,1714,5
0.07338802301364865,802,0.48753117206982544,0.9873737373737373,391,411,1713,5
0.07307142893741483,803,0.48692403486924035,0.9873737373737373,391,412,1712,5
0.07237064926783944,805,0.4857142857142857,0.9873737373737373,391,414,1710,5
0.07228980347566608,806,0.4851116625310174,0.9873737373737373,391,415,1709,5
0.07156906269524367,807,0.48451053283767037,0.9873737373737373,391,416,1708,5
0.07142675939007909,808,0.4839108910891089,0.9873737373737373,391,417,1707,5
0.06950666248181014,809,0.48331273176761436,0.9873737373737373,391,418,1706,5
0.06948387479415878,810,0.48271604938271606,0.9873737373737373,391,419,1705,5
0.06876313953201384,811,0.48212083847102344,0.9873737373737373,391,420,1704,5
0.06873738380410081,812,0.4815270935960591,0.9873737373737373,391,421,1703,5
0.06800028826722508,813,0.48093480934809346,0.9873737373737373,391,422,1702,5
0.06788116810347716,814,0.48034398034398035,0.9873737373737373,391,423,1701,5
0.06713389825070926,816,0.4791666666666667,0.9873737373737373,391,425,1699,5
0.06654489158177203,817,0.4785801713586291,0.9873737373737373,391,426,1698,5
0.06653102923040675,818,0.4792176039119804,0.98989898989899,392,426,1698,4
0.06615200388875278,819,0.47863247863247865,0.98989898989899,392,427,1697,4
0.0648432963192954,820,0.47804878048780486,0.98989898989899,392,428,1696,4
0.06426664824488278,821,0.4774665042630938,0.98989898989899,392,429,1695,4
0.06422271177629774,822,0.4768856447688564,0.98989898989899,392,430,1694,4
0.06403586684425822,823,0.47630619684082626,0.98989898989899,392,431,1693,4
0.06398059448035048,824,0.47572815533980584,0.98989898989899,392,432,1692,4
0.06387774347600683,825,0.47515151515151516,0.98989898989899,392,433,1691,4
0.06379361033985737,826,0.4745762711864407,0.98989898989899,392,434,1690,4
0.06357706119827518,827,0.4740024183796856,0.98989898989899,392,435,1689,4
0.06297265400743195,828,0.47342995169082125,0.98989898989899,392,436,1688,4
0.06280359331078816,829,0.47285886610373945,0.98989898989899,392,437,1687,4
0.0625497299297789,830,0.472289156626506,0.98989898989899,392,438,1686,4
0.0621543587609659,831,0.4717208182912154,0.98989898989899,392,439,1685,4
0.061248083809979426,832,0.47115384615384615,0.98989898989899,392,440,1684,4
0.0612159998977297,833,0.47058823529411764,0.98989898989899,392,441,1683,4
0.06119845286043411,834,0.47002398081534774,0.98989898989899,392,442,1682,4
0.060812042236675745,835,0.4694610778443114,0.98989898989899,392,443,1681,4
0.06065605675132115,837,0.46833930704898447,0.98989898989899,392,445,1679,4
0.06051873198847262,838,0.4677804295942721,0.98989898989899,392,446,1678,4
0.06034068879827559,839,0.46722288438617404,0.98989898989899,392,447,1677,4
0.06015135834672717,840,0.4666666666666667,0.98989898989899,392,448,1676,4
0.05998142965624104,841,0.4661117717003567,0.98989898989899,392,449,1675,4
0.059092741866363506,842,0.4655581947743468,0.98989898989899,392,450,1674,4
0.05845086062948,843,0.465005931198102,0.98989898989899,392,451,1673,4
0.05817606080054233,844,0.46445497630331756,0.98989898989899,392,452,1672,4
0.05774384036911337,845,0.463905325443787,0.98989898989899,392,453,1671,4
0.057542484242920744,846,0.46335697399527187,0.98989898989899,392,454,1670,4
0.05750628373595015,847,0.4628099173553719,0.98989898989899,392,455,1669,4
0.05745860585442829,848,0.46226415094339623,0.98989898989899,392,456,1668,4
0.05739480529743794,849,0.4617196702002356,0.98989898989899,392,457,1667,4
0.05739038549363482,850,0.4611764705882353,0.98989898989899,392,458,1666,4
0.05722721524215582,851,0.4606345475910693,0.98989898989899,392,459,1665,4
0.057005499996221884,852,0.460093896713615,0.98989898989899,392,460,1664,4
0.05652104905798563,853,0.45955451348182885,0.98989898989899,392,461,1663,4
0.05604018642402716,854,0.45901639344262296,0.98989898989899,392,462,1662,4
0.05591908233033848,855,0.4584795321637427,0.98989898989899,392,463,1661,4
0.05435819111948556,856,0.45794392523364486,0.98989898989899,392,464,1660,4
0.054179024875402534,857,0.4574095682613769,0.98989898989899,392,465,1659,4
0.05382860096557336,858,0.4568764568764569,0.98989898989899,392,466,1658,4
0.0537579038042993,859,0.4563445867287544,0.98989898989899,392,467,1657,4
0.053545957027265736,860,0.4558139534883721,0.98989898989899,392,468,1656,4
0.05300452632130602,861,0.45528455284552843,0.98989898989899,392,469,1655,4
0.052697194482760105,862,0.4547563805104408,0.98989898989899,392,470,1654,4
0.052322567392395374,863,0.4542294322132097,0.98989898989899,392,471,1653,4
0.05173783182049203,864,0.4537037037037037,0.98989898989899,392,472,1652,4
0.05112207099301798,865,0.4531791907514451,0.98989898989899,392,473,1651,4
0.051115909824057816,866,0.45265588914549654,0.98989898989899,392,474,1650,4
0.05093943614895799,867,0.45213379469434833,0.98989898989899,392,475,1649,4
0.05093514465213274,868,0.45161290322580644,0.98989898989899,392,476,1648,4
0.050728984905679605,869,0.45109321058688145,0.98989898989899,392,477,1647,4
0.05060407278087059,870,0.45057471264367815,0.98989898989899,392,478,1646,4
0.05002889128688458,871,0.4500574052812859,0.98989898989899,392,479,1645,4
0.0491551223807791,872,0.44954128440366975,0.98989898989899,392,480,1644,4
0.04899135446685879,873,0.44902634593356244,0.98989898989899,392,481,1643,4
0.04874923601096032,874,0.448512585812357,0.98989898989899,392,482,1642,4
0.04847154604862947,875,0.448,0.98989898989899,392,483,1641,4
0.04771902138224316,876,0.4474885844748858,0.98989898989899,392,484,1640,4
0.04768032900031192,877,0.4469783352337514,0.98989898989899,392,485,1639,4
0.04704684734046604,878,0.44646924829157175,0.98989898989899,392,486,1638,4
0.0469751803683766,879,0.4459613196814562,0.98989898989899,392,487,1637,4
0.04678637184107108,880,0.44545454545454544,0.98989898989899,392,488,1636,4
0.046715743679121985,881,0.4449489216799092,0.98989898989899,392,489,1635,4
0.046693145257070946,882,0.4444444444444444,0.98989898989899,392,490,1634,4
0.04665432397854447,883,0.44394110985277463,0.98989898989899,392,491,1633,4
0.04610951008645533,884,0.4434389140271493,0.98989898989899,392,492,1632,4
0.04579376833080948,885,0.4429378531073446,0.98989898989899,392,493,1631,4
0.04554746739481333,886,0.44243792325056436,0.98989898989899,392,494,1630,4
0.04510136102742662,887,0.4419391206313416,0.98989898989899,392,495,1629,4
0.04421008015390955,888,0.44144144144144143,0.98989898989899,392,496,1628,4
0.04385222833601084,889,0.4409448818897638,0.98989898989899,392,497,1627,4
0.04373220316290761,890,0.4404494382022472,0.98989898989899,392,498,1626,4
0.043680200144876495,891,0.4399551066217733,0.98989898989899,392,499,1625,4
0.04360381975136391,892,0.43946188340807174,0.98989898989899,392,500,1624,4
0.04354389899870855,893,0.43896976483762595,0.98989898989899,392,501,1623,4
0.043353309719818996,894,0.4395973154362416,0.9924242424242424,393,501,1623,3
0.04315087850333895,895,0.43910614525139663,0.9924242424242424,393,502,1622,3
0.042560877568872314,896,0.43861607142857145,0.9924242424242424,393,503,1621,3
0.042373969121182714,897,0.43812709030100333,0.9924242424242424,393,504,1620,3
0.042334282620779665,898,0.4376391982182628,0.9924242424242424,393,505,1619,3
0.04214697406340057,899,0.4371523915461624,0.9924242424242424,393,506,1618,3
0.04177385126135883,900,0.43666666666666665,0.9924242424242424,393,507,1617,3
0.04171389747732525,901,0.4361820199778024,0.9924242424242424,393,508,1616,3
0.04157297909262397,902,0.4356984478935698,0.9924242424242424,393,509,1615,3
0.04156888006705414,903,0.43521594684385384,0.9924242424242424,393,510,1614,3
0.04115134664690921,904,0.43473451327433627,0.9924242424242424,393,511,1613,3
0.04061881327069445,905,0.43425414364640885,0.9924242424242424,393,512,1612,3
0.0405069491516296,906,0.4337748344370861,0.9924242424242424,393,513,1611,3
0.040345821325648415,907,0.43329658213891953,0.9924242424242424,393,514,1610,3
0.040205947555638145,908,0.43281938325991187,0.9924242424242424,393,515,1609,3
0.03977566928535577,909,0.43234323432343236,0.9924242424242424,393,516,1608,3
0.03961376583676837,910,0.4318681318681319,0.9924242424242424,393,517,1607,3
0.039611578678478365,911,0.4313940724478595,0.9924242424242424,393,518,1606,3
0.03936515687236149,912,0.4309210526315789,0.9924242424242424,393,519,1605,3
0.03917801997405439,913,0.4304490690032859,0.9924242424242424,393,520,1604,3
0.03868433832931343,914,0.4299781181619256,0.9924242424242424,393,521,1603,3
0.03861053295750654,915,0.42950819672131146,0.9924242424242424,393,522,1602,3
0.038568592751172526,916,0.42903930131004364,0.9924242424242424,393,523,1601,3
0.03790646130450511,917,0.42857142857142855,0.9924242424242424,393,524,1600,3
0.03765810248711882,918,0.42810457516339867,0.9924242424242424,393,525,1599,3
0.03758927452700163,919,0.4276387377584331,0.9924242424242424,393,526,1598,3
0.03748468711743662,920,0.42717391304347824,0.9924242424242424,393,527,1597,3
0.037167526648176005,921,0.42671009771986973,0.9924242424242424,393,528,1596,3
0.03712274223801602,922,0.4262472885032538,0.9924242424242424,393,529,1595,3
0.0369776488278123,923,0.4257854821235103,0.9924242424242424,393,530,1594,3
0.036547282444657506,924,0.4253246753246753,0.9924242424242424,393,531,1593,3
0.03652499483607768,925,0.42486486486486486,0.9924242424242424,393,532,1592,3
0.03628916691798078,926,0.4244060475161987,0.9924242424242424,393,533,1591,3
0.03618383357826177,928,0.4245689655172414,0.9949494949494949,394,534,1590,2
0.036156983651604635,929,0.4241119483315393,0.9949494949494949,394,535,1589,2
0.03609694860649463,930,0.4236559139784946,0.9949494949494949,394,536,1588,2
0.036070173906503473,931,0.42320085929108486,0.9949494949494949,394,537,1587,2
0.03587269878814608,932,0.4227467811158798,0.9949494949494949,394,538,1586,2
0.03581862742147994,933,0.42229367631296894,0.9949494949494949,394,539,1585,2
0.035532899647199925,934,0.42184154175588867,0.9949494949494949,394,540,1584,2
0.03538450188751391,935,0.4213903743315508,0.9949494949494949,394,541,1583,2
0.035217968070994,936,0.42094017094017094,0.9949494949494949,394,542,1582,2
0.0345821325648415,938,0.4200426439232409,0.9949494949494949,394,544,1580,2
0.03447423176433368,939,0.41959531416400425,0.9949494949494949,394,545,1579,2
0.03419396087788746,940,0.41914893617021276,0.9949494949494949,394,546,1578,2
0.033924828185681606,941,0.41870350690754515,0.9949494949494949,394,547,1577,2
0.033352545629202694,942,0.4182590233545648,0.9949494949494949,394,548,1576,2
0.033263511642806,943,0.4178154825026511,0.9949494949494949,394,549,1575,2
0.03310487246786458,944,0.4173728813559322,0.9949494949494949,394,550,1574,2
0.03279821852700826,945,0.41693121693121693,0.9949494949494949,394,551,1573,2
0.03277411829285028,946,0.4164904862579281,0.9949494949494949,394,552,1572,2
0.03257872261861397,947,0.4160506863780359,0.9949494949494949,394,553,1571,2
0.0325290449507849,948,0.41561181434599154,0.9949494949494949,394,554,1570,2
0.032376183874307775,949,0.41517386722866173,0.9949494949494949,394,555,1569,2
0.03231016687889551,950,0.4147368421052632,0.9949494949494949,394,556,1568,2
0.03221804758246041,951,0.41430073606729756,0.9949494949494949,394,557,1567,2
0.03221123704770222,952,0.41386554621848737,0.9949494949494949,394,558,1566,2
0.031888705127939156,953,0.41343126967471144,0.9949494949494949,394,559,1565,2
0.03186068806254546,954,0.4129979035639413,0.9949494949494949,394,560,1564,2
0.031671609008521895,955,0.41256544502617803,0.9949494949494949,394,561,1563,2
0.03138705558046825,956,0.4121338912133891,0.9949494949494949,394,562,1562,2
0.031004977099211694,957,0.4117032392894462,0.9949494949494949,394,563,1561,2
0.030984248735991624,958,0.4112734864300626,0.9949494949494949,394,564,1560,2
0.030828765408476254,959,0.410844629822732,0.9949494949494949,394,565,1559,2
0.030819532402572944,960,0.41041666666666665,0.9949494949494949,394,566,1558,2
0.03062783496219035,961,0.4099895941727367,0.9949494949494949,394,567,1557,2
0.030600888308095407,964,0.4087136929460581,0.9949494949494949,394,570,1554,2
0.030413136526791663,965,0.4082901554404145,0.9949494949494949,394,571,1553,2
0.030220568988372207,966,0.4078674948240166,0.9949494949494949,394,572,1552,2
0.030100163290641097,967,0.4074457083764219,0.9949494949494949,394,573,1551,2
0.02990764164060418,968,0.40702479338842973,0.9949494949494949,394,574,1550,2
0.029879267996237385,969,0.4066047471620227,0.9949494949494949,394,575,1549,2
0.02983155229672672,970,0.4061855670103093,0.9949494949494949,394,576,1548,2
0.029502989291130412,971,0.4057672502574665,0.9949494949494949,394,577,1547,2
0.029351220735010213,972,0.4053497942386831,0.9949494949494949,394,578,1546,2
0.029319836522948475,973,0.40493319630010277,0.9949494949494949,394,579,1545,2
0.029254930104490977,974,0.40451745379876797,0.9949494949494949,394,580,1544,2
0.02890948549392342,975,0.4041025641025641,0.9949494949494949,394,581,1543,2
0.028872599696741615,976,0.4036885245901639,0.9949494949494949,394,582,1542,2
0.02881844380403458,977,0.4032753326509724,0.9949494949494949,394,583,1541,2
0.0286332295569939,978,0.40286298568507156,0.9949494949494949,394,584,1540,2
0.028457239487699054,979,0.4024514811031665,0.9949494949494949,394,585,1539,2
0.02845018026038764,980,0.4020408163265306,0.9949494949494949,394,586,1538,2
0.02837237118124847,981,0.4016309887869521,0.9949494949494949,394,587,1537,2
0.028367892202857327,982,0.40122199592668023,0.9949494949494949,394,588,1536,2
0.028298069448220938,983,0.4008138351983723,0.9949494949494949,394,589,1535,2
0.02788409183941371,984,0.40040650406504064,0.9949494949494949,394,590,1534,2
0.027879712329373012,985,0.4,0.9949494949494949,394,591,1533,2
0.027687990960173905,986,0.3995943204868154,0.9949494949494949,394,592,1532,2
0.02767797501084525,987,0.39918946301925023,0.9949494949494949,394,593,1531,2
0.02760103378710609,988,0.39878542510121456,0.9949494949494949,394,594,1530,2
0.027451807599993192,989,0.39838220424671383,0.9949494949494949,394,595,1529,2
0.027290540763704844,990,0.397979797979798,0.9949494949494949,394,596,1528,2
0.027191619464883143,991,0.3975782038345106,0.9949494949494949,394,597,1527,2
0.027180339023214383,992,0.3971774193548387,0.9949494949494949,394,598,1526,2
0.02703391504432226,993,0.39677744209466265,0.9949494949494949,394,599,1525,2
0.026945665720462735,994,0.3963782696177062,0.9949494949494949,394,600,1524,2
0.026921228956616285,995,0.39597989949748746,0.9949494949494949,394,601,1523,2
0.026740127273991755,996,0.39558232931726905,0.9949494949494949,394,602,1522,2
0.026704307826752507,997,0.39518555667001004,0.9949494949494949,394,603,1521,2
0.02666635665577545,998,0.39478957915831664,0.9949494949494949,394,604,1520,2
0.02655489477775015,999,0.3943943943943944,0.9949494949494949,394,605,1519,2
0.02654749159380828,1000,0.394,0.9949494949494949,394,606,1518,2
0.02654150976872556,1001,0.3936063936063936,0.9949494949494949,394,607,1517,2
0.026516984920315012,1002,0.3932135728542914,0.9949494949494949,394,608,1516,2
0.026331625759004506,1003,0.39282153539381853,0.9949494949494949,394,609,1515,2
0.026279743655316358,1004,0.39243027888446214,0.9949494949494949,394,610,1514,2
0.026265530240478785,1005,0.3920398009950249,0.9949494949494949,394,611,1513,2
0.025936599423631124,1007,0.3912611717974181,0.9949494949494949,394,613,1511,2
0.025574991275861055,1009,0.3904856293359762,0.9949494949494949,394,615,1509,2
0.025220485218711307,1010,0.3900990099009901,0.9949494949494949,394,616,1508,2
0.02512574507312009,1011,0.3897131552917903,0.9949494949494949,394,617,1507,2
0.025105555927886866,1012,0.3893280632411067,0.9949494949494949,394,618,1506,2
0.025055027303814228,1013,0.3889437314906219,0.9949494949494949,394,619,1505,2
0.024911627212119095,1014,0.388560157790927,0.9949494949494949,394,620,1504,2
0.02464140400561382,1015,0.38817733990147785,0.9949494949494949,394,621,1503,2
0.02436800198545848,1016,0.38779527559055116,0.9949494949494949,394,622,1502,2
0.02429426667818264,1017,0.38741396263520156,0.9949494949494949,394,623,1501,2
0.024229239762010305,1018,0.38703339882121807,0.9949494949494949,394,624,1500,2
0.02412473733174258,1019,0.38665358194308147,0.9949494949494949,394,625,1499,2
0.024061035177424632,1020,0.3862745098039216,0.9949494949494949,394,626,1498,2
0.023774352903604846,1021,0.385896180215475,0.9949494949494949,394,627,1497,2
0.0237642611982709,1022,0.38551859099804303,0.9949494949494949,394,628,1496,2
0.023711947445994377,1023,0.38514173998044965,0.9949494949494949,394,629,1495,2
0.02367284075736512,1024,0.384765625,0.9949494949494949,394,630,1494,2
0.023665647213404823,1025,0.38439024390243903,0.9949494949494949,394,631,1493,2
0.0235928299495369,1026,0.3840155945419103,0.9949494949494949,394,632,1492,2
0.023473965277978476,1027,0.38364167478091526,0.9949494949494949,394,633,1491,2
0.023352022394272177,1028,0.3832684824902724,0.9949494949494949,394,634,1490,2
0.023260898787149632,1030,0.3825242718446602,0.9949494949494949,394,636,1488,2
0.023252699909760425,1031,0.3821532492725509,0.9949494949494949,394,637,1487,2
0.023218792675284886,1032,0.3817829457364341,0.9949494949494949,394,638,1486,2
0.023054755043227664,1034,0.38104448742746616,0.9949494949494949,394,640,1484,2
0.022985229459313302,1035,0.38067632850241545,0.9949494949494949,394,641,1483,2
0.022891552456247636,1036,0.3803088803088803,0.9949494949494949,394,642,1482,2
0.02263236702348705,1037,0.3799421407907425,0.9949494949494949,394,643,1481,2
0.022474116914822845,1038,0.37957610789980734,0.9949494949494949,394,644,1480,2
0.022286173499784925,1039,0.37921077959576516,0.9949494949494949,394,645,1479,2
0.02224745672778617,1040,0.37884615384615383,0.9949494949494949,394,646,1478,2
0.022087890093857695,1041,0.37848222862632086,0.9949494949494949,394,647,1477,2
0.02190979815121587,1042,0.3781190019193858,0.9949494949494949,394,648,1476,2
0.021828700059955398,1043,0.37775647171620325,0.9949494949494949,394,649,1475,2
0.02171601266482782,1044,0.3773946360153257,0.9949494949494949,394,650,1474,2
0.021542393096990665,1045,0.3770334928229665,0.9949494949494949,394,651,1473,2
0.02135606559354779,1046,0.37667304015296366,0.9949494949494949,394,652,1472,2
0.02124835748981006,1047,0.3763132760267431,0.9949494949494949,394,653,1471,2
0.02116102800463867,1048,0.37595419847328243,0.9949494949494949,394,654,1470,2
0.021147539256386697,1049,0.3755958055290753,0.9949494949494949,394,655,1469,2
0.021141760091686473,1050,0.37523809523809526,0.9949494949494949,394,656,1468,2
0.021119858378914506,1051,0.3748810656517602,0.9949494949494949,394,657,1467,2
0.021029445405172896,1052,0.3745247148288973,0.9949494949494949,394,658,1466,2
0.020956239174370835,1053,0.3741690408357075,0.9949494949494949,394,659,1465,2
0.02082616718959152,1054,0.3738140417457306,0.9949494949494949,394,660,1464,2
0.020823887844141357,1055,0.37345971563981045,0.9949494949494949,394,661,1463,2
0.020701696290594925,1056,0.3731060606060606,0.9949494949494949,394,662,1462,2
0.02069759576724531,1057,0.3727530747398297,0.9949494949494949,394,663,1461,2
0.020666952270335874,1058,0.3724007561436673,0.9949494949494949,394,664,1460,2
0.020632984969865494,1059,0.3720491029272899,0.9949494949494949,394,665,1459,2
0.020602744153379583,1060,0.37169811320754714,0.9949494949494949,394,666,1458,2
0.020538783217272732,1061,0.37134778510838834,0.9949494949494949,394,667,1457,2
0.020516887841658286,1062,0.3709981167608286,0.9949494949494949,394,668,1456,2
0.020380339749276208,1063,0.37064910630291625,0.9949494949494949,394,669,1455,2
0.02026061432764232,1064,0.37030075187969924,0.9949494949494949,394,670,1454,2
0.020204167109466327,1065,0.3699530516431925,0.9949494949494949,394,671,1453,2
0.020201308083654092,1066,0.3696060037523452,0.9949494949494949,394,672,1452,2
0.020172910662824207,1068,0.36891385767790263,0.9949494949494949,394,674,1450,2
0.020125489101099254,1069,0.3685687558465856,0.9949494949494949,394,675,1449,2
0.02009508116835624,1070,0.36822429906542054,0.9949494949494949,394,676,1448,2
0.019989716931696704,1071,0.3678804855275444,0.9949494949494949,394,677,1447,2
0.019893581889445573,1073,0.36719478098788444,0.9949494949494949,394,679,1445,2
0.01936786965405007,1074,0.36685288640595903,0.9949494949494949,394,680,1444,2
0.019124881653853294,1075,0.3665116279069767,0.9949494949494949,394,681,1443,2
0.019044009151500216,1076,0.36617100371747213,0.9949494949494949,394,682,1442,2
0.01903683663667196,1077,0.3658310120705664,0.9949494949494949,394,683,1441,2
0.019000201976241738,1078,0.3654916512059369,0.9949494949494949,394,684,1440,2
0.018962993458670693,1079,0.36515291936978683,0.9949494949494949,394,685,1439,2
0.018856544431755252,1080,0.3648148148148148,0.9949494949494949,394,686,1438,2
0.01881582186253134,1081,0.364477335800185,0.9949494949494949,394,687,1437,2
0.018807066574407852,1082,0.36414048059149723,0.9949494949494949,394,688,1436,2
0.0187988393555005,1083,0.3638042474607572,0.9949494949494949,394,689,1435,2
0.01855744823631236,1084,0.3634686346863469,0.9949494949494949,394,690,1434,2
0.018483872468300237,1085,0.3631336405529954,0.9949494949494949,394,691,1433,2
0.018475325677885374,1086,0.36279926335174956,0.9949494949494949,394,692,1432,2
0.018462292335916293,1087,0.3624655013799448,0.9949494949494949,394,693,1431,2
0.018188101155595826,1088,0.36213235294117646,0.9949494949494949,394,694,1430,2
0.018085079591516763,1089,0.36179981634527086,0.9949494949494949,394,695,1429,2
0.018063972741916696,1090,0.3614678899082569,0.9949494949494949,394,696,1428,2
0.018038758644325154,1091,0.3611365719523373,0.9949494949494949,394,697,1427,2
0.01800075031584333,1092,0.3608058608058608,0.9949494949494949,394,698,1426,2
0.01790567084681131,1093,0.3604757548032937,0.9949494949494949,394,699,1425,2
0.017895342872838026,1094,0.360146252285192,0.9949494949494949,394,700,1424,2
0.01785318680510551,1095,0.3598173515981735,0.9949494949494949,394,701,1423,2
0.017675209634736455,1096,0.3594890510948905,0.9949494949494949,394,702,1422,2
0.017580707427120503,1097,0.35916134913400183,0.9949494949494949,394,703,1421,2
0.017504283414791825,1098,0.3588342440801457,0.9949494949494949,394,704,1420,2
0.017452337164795072,1099,0.35850773430391264,0.9949494949494949,394,705,1419,2
0.017443718355171375,1100,0.35818181818181816,0.9949494949494949,394,706,1418,2
0.017427527094907254,1101,0.3578564940962761,0.9949494949494949,394,707,1417,2
0.017408226273815736,1102,0.3584392014519056,0.9974747474747475,395,707,1417,1
0.017380228786197275,1103,0.35811423390752495,0.9974747474747475,395,708,1416,1
0.017328759494275335,1104,0.35778985507246375,0.9974747474747475,395,709,1415,1
0.017323814514016243,1105,0.3574660633484163,0.9974747474747475,395,710,1414,1
0.017323584894369023,1106,0.35714285714285715,0.9974747474747475,395,711,1413,1
0.01731156568801401,1107,0.3568202348690154,0.9974747474747475,395,712,1412,1
0.017235101887733483,1108,0.3574007220216607,1.0,396,712,1412,0
0.017131696132215556,1109,0.3570784490532011,1.0,396,713,1411,0
0.017120419927010227,1110,0.3567567567567568,1.0,396,714,1410,0
0.017104826588083835,1111,0.3564356435643564,1.0,396,715,1409,0
0.017050912584053796,1112,0.35611510791366907,1.0,396,716,1408,0
0.017032606227372456,1113,0.3557951482479784,1.0,396,717,1407,0
0.016796035546075,1114,0.35547576301615796,1.0,396,718,1406,0
0.01678925299531105,1115,0.35515695067264574,1.0,396,719,1405,0
0.01667855830340045,1116,0.3548387096774194,1.0,396,720,1404,0
0.016625159628681378,1117,0.35452103849597133,1.0,396,721,1403,0
0.016580357653813483,1118,0.3542039355992844,1.0,396,722,1402,0
0.016571940075362626,1119,0.353887399463807,1.0,396,723,1401,0
0.016490553954530897,1120,0.3535714285714286,1.0,396,724,1400,0
0.01624581621835254,1121,0.35325602140945583,1.0,396,725,1399,0
0.0161387917620706,1122,0.35294117647058826,1.0,396,726,1398,0
0.016109609958103357,1123,0.352626892252894,1.0,396,727,1397,0
0.01603820631434138,1124,0.35231316725978645,1.0,396,728,1396,0
0.016023110704270514,1125,0.352,1.0,396,729,1395,0
0.01595306710580486,1126,0.35168738898756663,1.0,396,730,1394,0
0.015933960706704768,1127,0.3513753327417924,1.0,396,731,1393,0
0.015890259419771385,1128,0.35106382978723405,1.0,396,732,1392,0
0.01588772199166546,1129,0.3507528786536758,1.0,396,733,1391,0
0.015877122399286285,1130,0.3504424778761062,1.0,396,734,1390,0
0.015819156899639707,1131,0.35013262599469497,1.0,396,735,1389,0
0.015803154597325265,1132,0.3498233215547703,1.0,396,736,1388,0
0.015799102867903387,1133,0.34951456310679613,1.0,396,737,1387,0
0.015737856718111336,1134,0.3492063492063492,1.0,396,738,1386,0
0.015654322184756802,1135,0.34889867841409694,1.0,396,739,1385,0
0.015538577296903631,1136,0.3485915492957746,1.0,396,740,1384,0
0.015501409030055525,1137,0.3482849604221636,1.0,396,741,1383,0
0.015402717719970314,1138,0.34797891036906853,1.0,396,742,1382,0
0.015382185054759492,1139,0.3476733977172959,1.0,396,743,1381,0
0.015362807903688856,1140,0.3473684210526316,1.0,396,744,1380,0
0.01526869201179399,1141,0.3470639789658195,1.0,396,745,1379,0
0.015263954816564345,1142,0.3467600700525394,1.0,396,746,1378,0
0.01525459081934589,1143,0.3464566929133858,1.0,396,747,1377,0
0.015225801400170144,1144,0.34615384615384615,1.0,396,748,1376,0
0.015156030402958633,1145,0.34585152838427946,1.0,396,749,1375,0
0.015088158454846474,1146,0.34554973821989526,1.0,396,750,1374,0
0.015017941768018515,1147,0.34524847428073235,1.0,396,751,1373,0
0.014966859133507827,1148,0.34494773519163763,1.0,396,752,1372,0
0.014918176417333109,1149,0.34464751958224543,1.0,396,753,1371,0
0.014895365585851786,1150,0.3443478260869565,1.0,396,754,1370,0
0.014879633755754938,1151,0.34404865334491747,1.0,396,755,1369,0
0.014843486917711979,1152,0.34375,1.0,396,756,1368,0
0.014833373956346988,1153,0.3434518647007806,1.0,396,757,1367,0
0.014800708896209843,1154,0.3431542461005199,1.0,396,758,1366,0
0.014796066891899188,1155,0.34285714285714286,1.0,396,759,1365,0
0.01479346781940442,1156,0.34256055363321797,1.0,396,760,1364,0
0.014692163712432921,1157,0.34226447709593777,1.0,396,761,1363,0
0.014673271977816416,1158,0.34196891191709844,1.0,396,762,1362,0
0.014640798682585424,1159,0.34167385677308026,1.0,396,763,1361,0
0.014569855621928394,1160,0.3413793103448276,1.0,396,764,1360,0
0.014541649512831068,1161,0.34108527131782945,1.0,396,765,1359,0
0.014421774214221975,1162,0.3407917383820998,1.0,396,766,1358,0
0.01440922190201729,1164,0.3402061855670103,1.0,396,768,1356,0
0.014348405620435125,1165,0.33991416309012873,1.0,396,769,1355,0
0.014274852018630664,1166,0.33962264150943394,1.0,396,770,1354,0
0.014202943294280559,1167,0.3393316195372751,1.0,396,771,1353,0
0.01417798212319679,1168,0.339041095890411,1.0,396,772,1352,0
0.014147594624549743,1169,0.33875106928999144,1.0,396,773,1351,0
0.014144642486901794,1170,0.3384615384615385,1.0,396,774,1350,0
0.014139637021426274,1171,0.3381725021349274,1.0,396,775,1349,0
0.014076326310773801,1172,0.3378839590443686,1.0,396,776,1348,0
0.013950800317313326,1173,0.3375959079283887,1.0,396,777,1347,0
0.013942574710578217,1174,0.3373083475298126,1.0,396,778,1346,0
0.013926491191410359,1175,0.33702127659574466,1.0,396,779,1345,0
0.013901120098509204,1176,0.336734693877551,1.0,396,780,1344,0
0.013775419150662353,1178,0.3361629881154499,1.0,396,782,1342,0
0.013769626738378173,1179,0.33587786259541985,1.0,396,783,1341,0
0.01376407364319375,1180,0.33559322033898303,1.0,396,784,1340,0
0.013697209216140776,1181,0.3353090601185436,1.0,396,785,1339,0
0.013655488552658981,1182,0.3350253807106599,1.0,396,786,1338,0
0.013582644373506578,1183,0.33474218089602703,1.0,396,787,1337,0
0.0134663680517496,1184,0.3344594594594595,1.0,396,788,1336,0
0.01344123423084043,1185,0.3341772151898734,1.0,396,789,1335,0
0.013280576460811027,1186,0.33389544688026984,1.0,396,790,1334,0
0.01313600099581396,1187,0.33361415332771693,1.0,396,791,1333,0
0.013090389128579679,1188,0.3333333333333333,1.0,396,792,1332,0
0.013078844701953486,1189,0.3330529857022708,1.0,396,793,1331,0
0.013075727565103624,1190,0.33277310924369746,1.0,396,794,1330,0
0.01301862725725235,1191,0.33249370277078083,1.0,396,795,1329,0
0.01301622538985419,1192,0.33221476510067116,1.0,396,796,1328,0
0.012999819230016085,1194,0.3316582914572864,1.0,396,798,1326,0
0.012994876137148403,1195,0.3313807531380753,1.0,396,799,1325,0
0.01298033415267675,1196,0.3311036789297659,1.0,396,800,1324,0
0.012923488035162531,1197,0.3308270676691729,1.0,396,801,1323,0
0.012802536554732733,1198,0.330550918196995,1.0,396,802,1322,0
0.01280119280849453,1200,0.33,1.0,396,804,1320,0
0.012761665142512622,1201,0.32972522897585343,1.0,396,805,1319,0
0.01275121816001882,1202,0.32945091514143093,1.0,396,806,1318,0
0.012727944256618558,1203,0.32917705735660846,1.0,396,807,1317,0
0.012681217530550237,1204,0.3289036544850498,1.0,396,808,1316,0
0.01264885821093912,1205,0.32863070539419087,1.0,396,809,1315,0
0.012624866947728691,1206,0.3283582089552239,1.0,396,810,1314,0
0.01261845884462355,1207,0.328086164043082,1.0,396,811,1313,0
0.0125484636935102,1208,0.32781456953642385,1.0,396,812,1312,0
0.012514048545022126,1209,0.32754342431761785,1.0,396,813,1311,0
0.012504364329149286,1210,0.32727272727272727,1.0,396,814,1310,0
0.012500365557390059,1211,0.3270024772914946,1.0,396,815,1309,0
0.012497278804558351,1212,0.32673267326732675,1.0,396,816,1308,0
0.012462273346540044,1213,0.32646331409727947,1.0,396,817,1307,0
0.01245015938155292,1214,0.3261943986820428,1.0,396,818,1306,0
0.012430699740862921,1215,0.32592592592592595,1.0,396,819,1305,0
0.012368096577284575,1216,0.3256578947368421,1.0,396,820,1304,0
0.01232542673464864,1217,0.32539030402629415,1.0,396,821,1303,0
0.012208307337985029,1218,0.3251231527093596,1.0,396,822,1302,0
0.012158388353942642,1219,0.324856439704676,1.0,396,823,1301,0
0.012149129647343783,1220,0.32459016393442625,1.0,396,824,1300,0
0.012141775667323626,1221,0.32432432432432434,1.0,396,825,1299,0
0.012126665669788093,1222,0.32405891980360063,1.0,396,826,1298,0
0.012116856015645877,1223,0.3237939493049877,1.0,396,827,1297,0
0.01209435877738637,1224,0.3235294117647059,1.0,396,828,1296,0
0.012083139843729614,1225,0.32326530612244897,1.0,396,829,1295,0
0.012078480251787274,1226,0.32300163132137033,1.0,396,830,1294,0
0.012056577605230934,1227,0.32273838630806845,1.0,396,831,1293,0
0.012053859270994274,1229,0.322213181448332,1.0,396,833,1291,0
0.011789075127443965,1230,0.32195121951219513,1.0,396,834,1290,0
0.011753456201503396,1231,0.32168968318440294,1.0,396,835,1289,0
0.01172682828275557,1232,0.32142857142857145,1.0,396,836,1288,0
0.011689053001777415,1233,0.32116788321167883,1.0,396,837,1287,0
0.011642539900275079,1234,0.3209076175040519,1.0,396,838,1286,0
0.011632609882250544,1235,0.32064777327935223,1.0,396,839,1285,0
0.011612704019973705,1236,0.32038834951456313,1.0,396,840,1284,0
0.01159576610143658,1237,0.32012934518997577,1.0,396,841,1283,0
0.011553901274827517,1238,0.3198707592891761,1.0,396,842,1282,0
0.011544531357211474,1239,0.3196125907990315,1.0,396,843,1281,0
0.011527377521613832,1241,0.31909750201450443,1.0,396,845,1279,0
0.011499771712677747,1242,0.3188405797101449,1.0,396,846,1278,0
0.011419412856820604,1243,0.3185840707964602,1.0,396,847,1277,0
0.011372995137390297,1244,0.3183279742765273,1.0,396,848,1276,0
0.011300887537617434,1245,0.3180722891566265,1.0,396,849,1275,0
0.011253059105209233,1246,0.31781701444622795,1.0,396,850,1274,0
0.011252436582454246,1247,0.31756214915797915,1.0,396,851,1273,0
0.011193064622601584,1248,0.3173076923076923,1.0,396,852,1272,0
0.011074855585675626,1249,0.31705364291433147,1.0,396,853,1271,0
0.011068446249766049,1250,0.3168,1.0,396,854,1270,0
0.011051313587372874,1251,0.31654676258992803,1.0,396,855,1269,0
0.01095991278341219,1252,0.31629392971246006,1.0,396,856,1268,0
0.010946665102510269,1253,0.3160415003990423,1.0,396,857,1267,0
0.010843948530420814,1254,0.3157894736842105,1.0,396,858,1266,0
0.010829746027779684,1255,0.3155378486055777,1.0,396,859,1265,0
0.010828489003782835,1256,0.31528662420382164,1.0,396,860,1264,0
0.010694476482653986,1257,0.315035799522673,1.0,396,861,1263,0
0.010638833050081859,1258,0.314785373608903,1.0,396,862,1262,0
0.010580004303457626,1259,0.3145353455123114,1.0,396,863,1261,0
0.010548151577124906,1260,0.3142857142857143,1.0,396,864,1260,0
0.010482927659714356,1261,0.3140364789849326,1.0,396,865,1259,0
0.010475097606876437,1262,0.31378763866877973,1.0,396,866,1258,0
0.010458375139240287,1263,0.31353919239904987,1.0,396,867,1257,0
0.010446714334463056,1264,0.31329113924050633,1.0,396,868,1256,0
0.010427754815045763,1265,0.3130434782608696,1.0,396,869,1255,0
0.010404845972452946,1266,0.3127962085308057,1.0,396,870,1254,0
0.010397677101009058,1267,0.31254932912391475,1.0,396,871,1253,0
0.010369575694541566,1268,0.31230283911671924,1.0,396,872,1252,0
0.010326352180903801,1269,0.3120567375886525,1.0,396,873,1251,0
0.010278972142266767,1270,0.31181102362204727,1.0,396,874,1250,0
0.010155931344492771,1271,0.31156569630212433,1.0,396,875,1249,0
0.010128687542079781,1272,0.3113207547169811,1.0,396,876,1248,0
0.010113901367780122,1273,0.3110761979575805,1.0,396,877,1247,0
0.010111441741816869,1274,0.3108320251177394,1.0,396,878,1246,0
0.010099952017424984,1275,0.31058823529411766,1.0,396,879,1245,0
0.01009608260442854,1276,0.3103448275862069,1.0,396,880,1244,0
0.01005624050638127,1277,0.3101018010963195,1.0,396,881,1243,0
0.010002592695464685,1278,0.30985915492957744,1.0,396,882,1242,0
0.009974017974448158,1279,0.3096168881939015,1.0,396,883,1241,0
0.00994991355867285,1280,0.309375,1.0,396,884,1240,0
0.009893728410985297,1281,0.3091334894613583,1.0,396,885,1239,0
0.009860471525010588,1282,0.3088923556942278,1.0,396,886,1238,0
0.009816366508178678,1283,0.308651597817615,1.0,396,887,1237,0
0.009793593453944077,1284,0.308411214953271,1.0,396,888,1236,0
0.009761932088676005,1285,0.30817120622568095,1.0,396,889,1235,0
0.009723263746520171,1286,0.30793157076205285,1.0,396,890,1234,0
0.00964129237834165,1287,0.3076923076923077,1.0,396,891,1233,0
0.009617881995322597,1288,0.30745341614906835,1.0,396,892,1232,0
0.009569124423865616,1289,0.30721489526764933,1.0,396,893,1231,0
0.009562573593873256,1290,0.30697674418604654,1.0,396,894,1230,0
0.009548390334897107,1291,0.3067389620449264,1.0,396,895,1229,0
0.0095430258732962,1292,0.3065015479876161,1.0,396,896,1228,0
0.009509162224803048,1293,0.3062645011600928,1.0,396,897,1227,0
0.009485032724696639,1294,0.30602782071097373,1.0,396,898,1226,0
0.009467420578646262,1295,0.30579150579150577,1.0,396,899,1225,0
0.009462637794450305,1296,0.3055555555555556,1.0,396,900,1224,0
0.009438699564677541,1297,0.3053199691595991,1.0,396,901,1223,0
0.009421928481948127,1298,0.3050847457627119,1.0,396,902,1222,0
0.009417184121836671,1299,0.30484988452655887,1.0,396,903,1221,0
0.009403037738718477,1300,0.3046153846153846,1.0,396,904,1220,0
0.00939296696286749,1301,0.30438124519600307,1.0,396,905,1219,0
0.009379525503008863,1302,0.30414746543778803,1.0,396,906,1218,0
0.009365453993489146,1303,0.3039140445126631,1.0,396,907,1217,0
0.009333025401065044,1304,0.30368098159509205,1.0,396,908,1216,0
0.009309453437747573,1305,0.30344827586206896,1.0,396,909,1215,0
0.009292358219062945,1306,0.30321592649310875,1.0,396,910,1214,0
0.009287303604062871,1307,0.3029839326702372,1.0,396,911,1213,0
0.009279391897271953,1308,0.30275229357798167,1.0,396,912,1212,0
0.009267431051401126,1309,0.3025210084033613,1.0,396,913,1211,0
0.009222768485188932,1310,0.30229007633587784,1.0,396,914,1210,0
0.009199736225924559,1311,0.30205949656750575,1.0,396,915,1209,0
0.009148931983668925,1312,0.3018292682926829,1.0,396,916,1208,0
0.009147704112146101,1313,0.3015993907083016,1.0,396,917,1207,0
0.009144071235889152,1314,0.3013698630136986,1.0,396,918,1206,0
0.009138597929207652,1315,0.3011406844106464,1.0,396,919,1205,0
0.009119929048862661,1316,0.3009118541033435,1.0,396,920,1204,0
0.009106627864045296,1317,0.30068337129840544,1.0,396,921,1203,0
0.009086360906559355,1318,0.30045523520485584,1.0,396,922,1202,0
0.009069685195540071,1319,0.30022744503411675,1.0,396,923,1201,0
0.009063976945262751,1320,0.3,1.0,396,924,1200,0
0.009038543396367454,1321,0.29977289931869794,1.0,396,925,1199,0
0.009012889767975443,1322,0.29954614220877457,1.0,396,926,1198,0
0.008959348490823072,1323,0.29931972789115646,1.0,396,927,1197,0
0.008938720965652359,1324,0.2990936555891239,1.0,396,928,1196,0
0.008930531728213257,1325,0.2988679245283019,1.0,396,929,1195,0
0.00888209742166882,1326,0.2986425339366516,1.0,396,930,1194,0
0.008881545241445079,1327,0.2984174830444612,1.0,396,931,1193,0
0.008847043215149553,1328,0.29819277108433734,1.0,396,932,1192,0
0.008800853190994886,1329,0.2979683972911964,1.0,396,933,1191,0
0.008777960752024153,1330,0.29774436090225564,1.0,396,934,1190,0
0.008748402326165094,1331,0.2975206611570248,1.0,396,935,1189,0
0.008724844167638215,1332,0.2972972972972973,1.0,396,936,1188,0
0.008699232104820378,1333,0.2970742685671418,1.0,396,937,1187,0
0.00866343279574704,1334,0.29685157421289354,1.0,396,938,1186,0
0.00865480449049969,1335,0.2966292134831461,1.0,396,939,1185,0
0.008645533141210375,1340,0.2955223880597015,1.0,396,944,1180,0
0.008630448251118696,1341,0.2953020134228188,1.0,396,945,1179,0
0.00857901925873957,1342,0.29508196721311475,1.0,396,946,1178,0
0.008574865534671645,1343,0.29486224869694716,1.0,396,947,1177,0
0.008565557444313058,1344,0.29464285714285715,1.0,396,948,1176,0
0.008562219322106492,1345,0.29442379182156136,1.0,396,949,1175,0
0.008532074694160247,1346,0.29420505200594355,1.0,396,950,1174,0
0.008529611199584695,1347,0.29398663697104677,1.0,396,951,1173,0
0.00851320963057445,1348,0.29376854599406527,1.0,396,952,1172,0
0.008473152480682155,1350,0.29333333333333333,1.0,396,954,1170,0
0.008442648667406486,1351,0.29311621021465584,1.0,396,955,1169,0
0.008382655956330351,1352,0.29289940828402367,1.0,396,956,1168,0
0.00832310022544593,1353,0.2926829268292683,1.0,396,957,1167,0
0.008318124358182863,1354,0.29246676514032494,1.0,396,958,1166,0
0.008297340006993342,1355,0.2922509225092251,1.0,396,959,1165,0
0.008294871087798038,1356,0.2920353982300885,1.0,396,960,1164,0
0.008232051048423823,1357,0.2918201915991157,1.0,396,961,1163,0
0.008218024404496913,1358,0.2916053019145803,1.0,396,962,1162,0
0.008186919834231568,1359,0.2913907284768212,1.0,396,963,1161,0
0.008123223213098562,1360,0.2911764705882353,1.0,396,964,1160,0
0.008022785516837605,1361,0.2909625275532697,1.0,396,965,1159,0
0.007990105931028153,1362,0.2907488986784141,1.0,396,966,1158,0
0.007969025906022824,1363,0.2905355832721937,1.0,396,967,1157,0
0.007959670923001937,1364,0.2903225806451613,1.0,396,968,1156,0
0.007939327561106541,1365,0.29010989010989013,1.0,396,969,1155,0
0.00792593002549942,1366,0.28989751098096633,1.0,396,970,1154,0
0.007923763069777903,1367,0.2896854425749817,1.0,396,971,1153,0
0.007918491579255005,1368,0.2894736842105263,1.0,396,972,1152,0
0.007914667769675117,1369,0.2892622352081812,1.0,396,973,1151,0
0.007845097901009384,1370,0.28905109489051095,1.0,396,974,1150,0
0.00782900420254817,1371,0.2888402625820569,1.0,396,975,1149,0
0.00781122487084813,1372,0.2886297376093295,1.0,396,976,1148,0
0.007797471584821805,1373,0.2884195193008012,1.0,396,977,1147,0
0.007788211634014382,1374,0.28820960698689957,1.0,396,978,1146,0
0.007711290530185869,1375,0.288,1.0,396,979,1145,0
0.007702711346484888,1376,0.2877906976744186,1.0,396,980,1144,0
0.007661350469269277,1377,0.2875816993464052,1.0,396,981,1143,0
0.0076526069985217125,1378,0.28737300435413643,1.0,396,982,1142,0
0.007600208187791676,1379,0.2871646120377085,1.0,396,983,1141,0
0.007531990131702461,1380,0.28695652173913044,1.0,396,984,1140,0
0.007465762766651619,1381,0.28674873280231716,1.0,396,985,1139,0
0.007416507289601251,1382,0.2865412445730825,1.0,396,986,1138,0
0.007412755075163456,1383,0.28633405639913234,1.0,396,987,1137,0
0.007394243909592751,1384,0.2861271676300578,1.0,396,988,1136,0
0.007367537256619684,1385,0.28592057761732853,1.0,396,989,1135,0
0.0073373814339857905,1386,0.2857142857142857,1.0,396,990,1134,0
0.007335826759600033,1388,0.28530259365994237,1.0,396,992,1132,0
0.0073293098963114105,1389,0.28509719222462204,1.0,396,993,1131,0
0.007318015824995302,1390,0.28489208633093527,1.0,396,994,1130,0
0.007303123114426002,1391,0.28468727534148097,1.0,396,995,1129,0
0.007300622707471494,1392,0.28448275862068967,1.0,396,996,1128,0
0.007283879399297689,1393,0.28427853553481697,1.0,396,997,1127,0
0.007222850472403604,1394,0.28407460545193686,1.0,396,998,1126,0
0.007204610951008645,1395,0.2838709677419355,1.0,396,999,1125,0
0.007203853519105633,1396,0.2836676217765043,1.0,396,1000,1124,0
0.007164278610724431,1397,0.28346456692913385,1.0,396,1001,1123,0
0.007159827208394613,1398,0.2832618025751073,1.0,396,1002,1122,0
0.007142333055360913,1399,0.2830593280914939,1.0,396,1003,1121,0
0.007133010954132916,1400,0.28285714285714286,1.0,396,1004,1120,0
0.007128994362831956,1401,0.2826552462526767,1.0,396,1005,1119,0
0.0071186899034140945,1402,0.28245363766048504,1.0,396,1006,1118,0
0.007095488496599139,1403,0.28225231646471843,1.0,396,1007,1117,0
0.007080294704885353,1404,0.28205128205128205,1.0,396,1008,1116,0
0.007078023455611929,1405,0.2818505338078292,1.0,396,1009,1115,0
0.00707110335580419,1406,0.28165007112375534,1.0,396,1010,1114,0
0.007059255663496705,1407,0.2814498933901919,1.0,396,1011,1113,0
0.00705210790022148,1408,0.28125,1.0,396,1012,1112,0
0.007027573998661803,1409,0.28105039034776436,1.0,396,1013,1111,0
0.007027055570555386,1410,0.28085106382978725,1.0,396,1014,1110,0
0.007025713848167174,1411,0.2806520198440822,1.0,396,1015,1109,0
0.006987578374749087,1412,0.2804532577903683,1.0,396,1016,1108,0
0.006979140936243799,1413,0.2802547770700637,1.0,396,1017,1107,0
0.006876993092961489,1414,0.28005657708628007,1.0,396,1018,1106,0
0.006875127842710997,1415,0.27985865724381626,1.0,396,1019,1105,0
0.006855780349459949,1416,0.2796610169491525,1.0,396,1020,1104,0
0.00684484131021442,1417,0.2794636556104446,1.0,396,1021,1103,0
0.0068439769773738675,1418,0.27926657263751764,1.0,396,1022,1102,0
0.006735341654480134,1419,0.27906976744186046,1.0,396,1023,1101,0
0.0067338412702895615,1420,0.27887323943661974,1.0,396,1024,1100,0
0.00672115827185107,1421,0.27867698803659396,1.0,396,1025,1099,0
0.006720366608399867,1422,0.27848101265822783,1.0,396,1026,1098,0
0.006715154841955994,1423,0.2782853127196065,1.0,396,1027,1097,0
0.006690191622074311,1424,0.27808988764044945,1.0,396,1028,1096,0
0.006687831658248836,1425,0.27789473684210525,1.0,396,1029,1095,0
0.0066701407061866115,1426,0.2776998597475456,1.0,396,1030,1094,0
0.0066697282117145285,1427,0.2775052557813595,1.0,396,1031,1093,0
0.006665373349899482,1428,0.2773109243697479,1.0,396,1032,1092,0
0.0066628067942374565,1429,0.27711686494051785,1.0,396,1033,1091,0
0.0066384323057530085,1430,0.27692307692307694,1.0,396,1034,1090,0
0.006587281334213242,1431,0.27672955974842767,1.0,396,1035,1089,0
0.006582094792037579,1432,0.276536312849162,1.0,396,1036,1088,0
0.006577957347069984,1433,0.2763433356594557,1.0,396,1037,1087,0
0.0065321592864686275,1434,0.27615062761506276,1.0,396,1038,1086,0
0.006519328680736978,1435,0.2759581881533101,1.0,396,1039,1085,0
0.006481635535520136,1436,0.2757660167130919,1.0,396,1040,1084,0
0.006457771207631674,1437,0.2755741127348643,1.0,396,1041,1083,0
0.006423587893408524,1438,0.2753824756606398,1.0,396,1042,1082,0
0.0063991280903898055,1439,0.2751911049339819,1.0,396,1043,1081,0
0.006384101192133171,1440,0.275,1.0,396,1044,1080,0
0.006345056642579882,1441,0.2748091603053435,1.0,396,1045,1079,0
0.006343403601425812,1442,0.27461858529819694,1.0,396,1046,1078,0
0.006336689539359694,1443,0.27442827442827444,1.0,396,1047,1077,0
0.006325352305985013,1444,0.2742382271468144,1.0,396,1048,1076,0
0.006321350689002748,1445,0.2740484429065744,1.0,396,1049,1075,0
0.006306609079121214,1446,0.27385892116182575,1.0,396,1050,1074,0
0.006290253405987308,1447,0.2736696613683483,1.0,396,1051,1073,0
0.006278043003627201,1448,0.27348066298342544,1.0,396,1052,1072,0
0.006272824535607816,1449,0.2732919254658385,1.0,396,1053,1071,0
0.0062697596381544604,1450,0.2731034482758621,1.0,396,1054,1070,0
0.006214061032674357,1451,0.27291523087525843,1.0,396,1055,1069,0
0.006214061032674355,1452,0.2727272727272727,1.0,396,1056,1068,0
0.006172037008223598,1453,0.27253957329662765,1.0,396,1057,1067,0
0.006152301109073443,1454,0.2723521320495186,1.0,396,1058,1066,0
0.006140037591217194,1455,0.2721649484536082,1.0,396,1059,1065,0
0.0060746647609731565,1456,0.27197802197802196,1.0,396,1060,1064,0
0.006036470254906609,1457,0.2717913520933425,1.0,396,1061,1063,0
0.005988469342736837,1458,0.2716049382716049,1.0,396,1062,1062,0
0.0059770137913966815,1459,0.271418779986292,1.0,396,1063,1061,0
0.005958331750710227,1460,0.27123287671232876,1.0,396,1064,1060,0
0.0059549011841512215,1461,0.27104722792607805,1.0,396,1065,1059,0
0.005943553673745336,1462,0.2708618331053352,1.0,396,1066,1058,0
0.005910175676726132,1463,0.2706766917293233,1.0,396,1067,1057,0
0.00589910367062401,1464,0.27049180327868855,1.0,396,1068,1056,0
0.0058923425277892134,1465,0.27030716723549486,1.0,396,1069,1055,0
0.005886320436568767,1466,0.27012278308321963,1.0,396,1070,1054,0
0.0058821444919421985,1467,0.26993865030674846,1.0,396,1071,1053,0
0.005868862687757125,1468,0.26975476839237056,1.0,396,1072,1052,0
0.005868468338793958,1469,0.269571136827774,1.0,396,1073,1051,0
0.005851764413629919,1470,0.2693877551020408,1.0,396,1074,1050,0
0.005824811052845412,1472,0.26902173913043476,1.0,396,1076,1048,0
0.005817486519863051,1473,0.26883910386965376,1.0,396,1077,1047,0
0.005817387724416918,1474,0.26865671641791045,1.0,396,1078,1046,0
0.005809930819076464,1475,0.2684745762711864,1.0,396,1079,1045,0
0.005800949721733818,1476,0.2682926829268293,1.0,396,1080,1044,0
0.0057908989806712925,1477,0.26811103588354773,1.0,396,1081,1043,0
0.005779350958526499,1478,0.2679296346414073,1.0,396,1082,1042,0
0.0057749901113183025,1479,0.26774847870182555,1.0,396,1083,1041,0
0.005763688760806916,1482,0.26720647773279355,1.0,396,1086,1038,0
0.0056093834389671525,1483,0.2670262980445044,1.0,396,1087,1037,0
0.005603971877295109,1484,0.2668463611859838,1.0,396,1088,1036,0
0.005602140151340041,1485,0.26666666666666666,1.0,396,1089,1035,0
0.005599449894789755,1486,0.26648721399730824,1.0,396,1090,1034,0
0.005595826623928951,1487,0.26630800268997984,1.0,396,1091,1033,0
0.005553688712085269,1488,0.2661290322580645,1.0,396,1092,1032,0
0.005531507682851304,1489,0.26595030221625254,1.0,396,1093,1031,0
0.005526562209898368,1490,0.2657718120805369,1.0,396,1094,1030,0
0.0054639578674810585,1491,0.2655935613682093,1.0,396,1095,1029,0
0.00546262838096086,1492,0.26541554959785524,1.0,396,1096,1028,0
0.00545396252022514,1493,0.2652377762893503,1.0,396,1097,1027,0
0.005424526125049215,1494,0.26506024096385544,1.0,396,1098,1026,0
0.005420066289240161,1495,0.2648829431438127,1.0,396,1099,1025,0
0.0054050100510415625,1496,0.2647058823529412,1.0,396,1100,1024,0
0.005395465052064983,1497,0.26452905811623245,1.0,396,1101,1023,0
0.005394145741540553,1498,0.2643524699599466,1.0,396,1102,1022,0
0.005382268181047635,1499,0.26417611741160774,1.0,396,1103,1021,0
0.005361345974174255,1500,0.264,1.0,396,1104,1020,0
0.0053451665707781185,1501,0.26382411725516325,1.0,396,1105,1019,0
0.005286256608068667,1502,0.2636484687083888,1.0,396,1106,1018,0
0.005278945405219202,1503,0.2634730538922156,1.0,396,1107,1017,0
0.005269248971036924,1504,0.2632978723404255,1.0,396,1108,1016,0
0.0052386006811522175,1505,0.26312292358803985,1.0,396,1109,1015,0
0.005228949939475123,1506,0.26294820717131473,1.0,396,1110,1014,0
0.005216430034076074,1507,0.26277372262773724,1.0,396,1111,1013,0
0.005214803197512131,1508,0.2625994694960212,1.0,396,1112,1012,0
0.005156925503345781,1509,0.2624254473161034,1.0,396,1113,1011,0
0.005152330110294646,1510,0.26225165562913905,1.0,396,1114,1010,0
0.005150670471009174,1511,0.26207809397749837,1.0,396,1115,1009,0
0.005125900193871732,1512,0.2619047619047619,1.0,396,1116,1008,0
0.005111535007969217,1513,0.2617316589557171,1.0,396,1117,1007,0
0.005054940312273291,1514,0.261558784676354,1.0,396,1118,1006,0
0.005054717482832797,1515,0.2613861386138614,1.0,396,1119,1005,0
0.005042000631534138,1516,0.2612137203166227,1.0,396,1120,1004,0
0.004978285176034287,1517,0.26104152933421226,1.0,396,1121,1003,0
0.004947252959774525,1518,0.2608695652173913,1.0,396,1122,1002,0
0.0049324375835724235,1519,0.260697827518104,1.0,396,1123,1001,0
0.0049119059925976346,1520,0.26052631578947366,1.0,396,1124,1000,0
0.004891937823052351,1521,0.2603550295857988,1.0,396,1125,999,0
0.004879510874224905,1522,0.26018396846254926,1.0,396,1126,998,0
0.004865049641714137,1523,0.26001313197636244,1.0,396,1127,997,0
0.004832825040520671,1524,0.25984251968503935,1.0,396,1128,996,0
0.004763908628876304,1525,0.259672131147541,1.0,396,1129,995,0
0.004749130144947956,1526,0.2595019659239843,1.0,396,1130,994,0
0.004748094699220824,1527,0.2593320235756385,1.0,396,1131,993,0
0.00463621826949157,1528,0.2591623036649215,1.0,396,1132,992,0
0.004632269733389642,1529,0.2589928057553957,1.0,396,1133,991,0
0.00462922032049127,1530,0.25882352941176473,1.0,396,1134,990,0
0.004624234593442284,1531,0.25865447419986937,1.0,396,1135,989,0
0.004610992670497568,1532,0.2584856396866841,1.0,396,1136,988,0
0.004594235611998441,1533,0.2583170254403131,1.0,396,1137,987,0
0.0045644252051715494,1534,0.258148631029987,1.0,396,1138,986,0
0.004558355375375535,1535,0.2579804560260586,1.0,396,1139,985,0
0.0045283778460916925,1536,0.2578125,1.0,396,1140,984,0
0.004525163968398923,1537,0.25764476252439816,1.0,396,1141,983,0
0.004524643269935362,1538,0.2574772431729519,1.0,396,1142,982,0
0.004512721580418486,1539,0.2573099415204678,1.0,396,1143,981,0
0.0045000675190609365,1540,0.2571428571428571,1.0,396,1144,980,0
0.004482741099503928,1541,0.25697598961713175,1.0,396,1145,979,0
0.004455882698814346,1542,0.25680933852140075,1.0,396,1146,978,0
0.004449843544795169,1543,0.2566429034348671,1.0,396,1147,977,0
0.004436085848189595,1544,0.25647668393782386,1.0,396,1148,976,0
0.0044188837522058915,1545,0.2563106796116505,1.0,396,1149,975,0
0.0044185125517824915,1546,0.25614489003880986,1.0,396,1150,974,0
0.004418500455636797,1547,0.2559793148028442,1.0,396,1151,973,0
0.004417869720458075,1548,0.2558139534883721,1.0,396,1152,972,0
0.004410899881654509,1549,0.25564880568108456,1.0,396,1153,971,0
0.0043773286470041115,1550,0.25548387096774194,1.0,396,1154,970,0
0.004369802833002107,1551,0.2553191489361702,1.0,396,1155,969,0
0.004368873407099861,1552,0.2551546391752577,1.0,396,1156,968,0
0.00435870828052379,1553,0.2549903412749517,1.0,396,1157,967,0
0.004341327219967149,1554,0.2548262548262548,1.0,396,1158,966,0
0.0042497224749038325,1555,0.2546623794212219,1.0,396,1159,965,0
0.004230096873665887,1556,0.2544987146529563,1.0,396,1160,964,0
0.00422168269457562,1557,0.2543352601156069,1.0,396,1161,963,0
0.00421752398427682,1558,0.25417201540436457,1.0,396,1162,962,0
0.004215020886167278,1559,0.25400898011545864,1.0,396,1163,961,0
0.00420903129170853,1561,0.253683536194747,1.0,396,1165,959,0
0.0042048284493720195,1562,0.2535211267605634,1.0,396,1166,958,0
0.004199788872726517,1563,0.2533589251439539,1.0,396,1167,957,0
0.004175558884931815,1564,0.2531969309462916,1.0,396,1168,956,0
0.004170130419750941,1566,0.25287356321839083,1.0,396,1170,954,0
0.0041582575129764906,1567,0.2527121888959796,1.0,396,1171,953,0
0.004156638595329873,1568,0.25255102040816324,1.0,396,1172,952,0
0.004145583045787458,1569,0.25239005736137665,1.0,396,1173,951,0
0.004139644573971467,1570,0.2522292993630573,1.0,396,1174,950,0
0.00413113771054734,1571,0.25206874602164225,1.0,396,1175,949,0
0.004122190931831111,1572,0.25190839694656486,1.0,396,1176,948,0
0.00412157362730164,1573,0.2517482517482518,1.0,396,1177,947,0
0.004087424715951537,1574,0.25158831003811943,1.0,396,1178,946,0
0.004075159943562709,1575,0.25142857142857145,1.0,396,1179,945,0
0.004061391969163597,1576,0.2512690355329949,1.0,396,1180,944,0
0.004033298285729736,1577,0.25110970196575777,1.0,396,1181,943,0
0.0040168758285853605,1578,0.2509505703422053,1.0,396,1182,942,0
0.004014866230621062,1579,0.25079164027865736,1.0,396,1183,941,0
0.003983663232865202,1580,0.25063291139240507,1.0,396,1184,940,0
0.003980681455782934,1581,0.2504743833017078,1.0,396,1185,939,0
0.003965164610392166,1583,0.25015792798483893,1.0,396,1187,937,0
0.003960320394645309,1584,0.25,1.0,396,1188,936,0
0.003937247878937086,1585,0.24984227129337538,1.0,396,1189,935,0
0.003934153614491904,1586,0.24968474148802017,1.0,396,1190,934,0
0.003925369024042001,1587,0.2495274102079395,1.0,396,1191,933,0
0.003923488282112626,1588,0.24937027707808565,1.0,396,1192,932,0
0.0039161569459685965,1590,0.2490566037735849,1.0,396,1194,930,0
0.003912128208724855,1591,0.24890006285355123,1.0,396,1195,929,0
0.003910289899975931,1592,0.24874371859296482,1.0,396,1196,928,0
0.003910144183429401,1593,0.24858757062146894,1.0,396,1197,927,0
0.0039052398246618883,1594,0.24843161856963614,1.0,396,1198,926,0
0.0038599282852899443,1595,0.2482758620689655,1.0,396,1199,925,0
0.003857162461526397,1596,0.24812030075187969,1.0,396,1200,924,0
0.003849820781607229,1597,0.24796493425172197,1.0,396,1201,923,0
0.003843451544525687,1598,0.24780976220275344,1.0,396,1202,922,0
0.0038424591738712775,1599,0.24765478424015008,1.0,396,1203,921,0
0.0038314348719092586,1600,0.2475,1.0,396,1204,920,0
0.0038256815078552423,1601,0.24734540911930045,1.0,396,1205,919,0
0.003820176019680557,1602,0.24719101123595505,1.0,396,1206,918,0
0.0038133322746861016,1603,0.24703680598877106,1.0,396,1207,917,0
0.003807540898573277,1604,0.24688279301745636,1.0,396,1208,916,0
0.0038003362869832584,1605,0.2467289719626168,1.0,396,1209,915,0
0.003793603007128166,1606,0.2465753424657534,1.0,396,1210,914,0
0.003785543531290794,1607,0.2464219041692595,1.0,396,1211,913,0
0.0036999992579771286,1609,0.24611559975139838,1.0,396,1213,911,0
0.003695868850388508,1610,0.24596273291925466,1.0,396,1214,910,0
0.003690943793105126,1611,0.24581005586592178,1.0,396,1215,909,0
0.0036902738631845256,1612,0.2456575682382134,1.0,396,1216,908,0
0.0036652801501715284,1613,0.24550526968381897,1.0,396,1217,907,0
0.0036510538301408484,1614,0.24535315985130113,1.0,396,1218,906,0
0.0036364979006470993,1616,0.24504950495049505,1.0,396,1220,904,0
0.003635864843263887,1617,0.24489795918367346,1.0,396,1221,903,0
0.003599966449678689,1618,0.24474660074165636,1.0,396,1222,902,0
0.003594624247499726,1619,0.2445954292773317,1.0,396,1223,901,0
0.0035929240632318364,1620,0.24444444444444444,1.0,396,1224,900,0
0.0035813741051819734,1621,0.24429364589759409,1.0,396,1225,899,0
0.0035617827291103757,1622,0.2441430332922318,1.0,396,1226,898,0
0.003552620875832085,1623,0.24399260628465805,1.0,396,1227,897,0
0.003551779632471275,1624,0.2438423645320197,1.0,396,1228,896,0
0.0035470423615040327,1625,0.24369230769230768,1.0,396,1229,895,0
0.003522254242715338,1627,0.24339274738783037,1.0,396,1231,893,0
0.0035171078167377696,1628,0.24324324324324326,1.0,396,1232,892,0
0.0035140962253033077,1629,0.2430939226519337,1.0,396,1233,891,0
0.003502040445052696,1630,0.24294478527607363,1.0,396,1234,890,0
0.003477037579927439,1631,0.2427958307786634,1.0,396,1235,889,0
0.0034383617749022626,1632,0.2426470588235294,1.0,396,1236,888,0
0.0034342193872330664,1633,0.2424984690753215,1.0,396,1237,887,0
0.0034317643535434266,1634,0.2423500611995104,1.0,396,1238,886,0
0.0034316601700329252,1635,0.24220183486238533,1.0,396,1239,885,0
0.003431228399140636,1636,0.24205378973105135,1.0,396,1240,884,0
0.0034092404407287612,1637,0.241905925473427,1.0,396,1241,883,0
0.003403992917575728,1638,0.24175824175824176,1.0,396,1242,882,0
0.003392382120485601,1639,0.24161073825503357,1.0,396,1243,881,0
0.003390338918798947,1640,0.24146341463414633,1.0,396,1244,880,0
0.003388798643546636,1641,0.2413162705667276,1.0,396,1245,879,0
0.0033837466693162526,1642,0.24116930572472595,1.0,396,1246,878,0
0.003383005459628616,1643,0.24102251978088862,1.0,396,1247,877,0
0.0033608150676063425,1644,0.24087591240875914,1.0,396,1248,876,0
0.003352181353804506,1645,0.24072948328267477,1.0,396,1249,875,0
0.003340732604272801,1646,0.24058323207776428,1.0,396,1250,874,0
0.0033357424809045974,1647,0.24043715846994534,1.0,396,1251,873,0
0.003329755677064406,1648,0.24029126213592233,1.0,396,1252,872,0
0.0032824580424123794,1649,0.24014554275318375,1.0,396,1253,871,0
0.003280707414953088,1650,0.24,1.0,396,1254,870,0
0.003262153351915718,1651,0.23985463355542097,1.0,396,1255,869,0
0.0032574254994405575,1652,0.2397094430992736,1.0,396,1256,868,0
0.003254157194766141,1653,0.2395644283121597,1.0,396,1257,867,0
0.0032536952681974526,1654,0.23941958887545345,1.0,396,1258,866,0
0.003246895224877893,1655,0.23927492447129908,1.0,396,1259,865,0
0.0032459198508411114,1656,0.2391304347826087,1.0,396,1260,864,0
0.003237890032963552,1657,0.23898611949305976,1.0,396,1261,863,0
0.0032328933606373673,1658,0.2388419782870929,1.0,396,1262,862,0
0.0032316483938725753,1659,0.23869801084990958,1.0,396,1263,861,0
0.0032299781324302075,1660,0.2385542168674699,1.0,396,1264,860,0
0.003228322536679885,1661,0.23841059602649006,1.0,396,1265,859,0
0.0032168190256703743,1662,0.23826714801444043,1.0,396,1266,858,0
0.0032143749854012657,1663,0.238123872519543,1.0,396,1267,857,0
0.003208766668573469,1664,0.23798076923076922,1.0,396,1268,856,0
0.003197782727739147,1665,0.23783783783783785,1.0,396,1269,855,0
0.003190823802215039,1666,0.23769507803121248,1.0,396,1270,854,0
0.0031801322940877546,1667,0.2375524895020996,1.0,396,1271,853,0
0.003176786284923926,1668,0.23741007194244604,1.0,396,1272,852,0
0.003170028818443804,1669,0.2372678250449371,1.0,396,1273,851,0
0.003169018128560672,1670,0.237125748502994,1.0,396,1274,850,0
0.003162999929711113,1671,0.236983842010772,1.0,396,1275,849,0
0.0031487178386276145,1672,0.23684210526315788,1.0,396,1276,848,0
0.0031317712311564033,1673,0.2367005379557681,1.0,396,1277,847,0
0.003131707480390501,1674,0.23655913978494625,1.0,396,1278,846,0
0.0031269984373877824,1676,0.23627684964200477,1.0,396,1280,844,0
0.0031151922467852803,1677,0.23613595706618962,1.0,396,1281,843,0
0.00310884079699496,1678,0.2359952324195471,1.0,396,1282,842,0
0.0031087677094722888,1679,0.235854675402025,1.0,396,1283,841,0
0.003100446835717235,1680,0.2357142857142857,1.0,396,1284,840,0
0.0030928973592555965,1681,0.23557406305770376,1.0,396,1285,839,0
0.003079694780554782,1682,0.23543400713436385,1.0,396,1286,838,0
0.0030767553403822983,1683,0.23529411764705882,1.0,396,1287,837,0
0.003073967339097022,1684,0.23515439429928742,1.0,396,1288,836,0
0.0030677698243004553,1685,0.23501483679525223,1.0,396,1289,835,0
0.0030664172180479453,1686,0.23487544483985764,1.0,396,1290,834,0
0.0030582838322648948,1688,0.23459715639810427,1.0,396,1292,832,0
0.003055057746197014,1689,0.2344582593250444,1.0,396,1293,831,0
0.00305136463807425,1690,0.23431952662721894,1.0,396,1294,830,0
0.0030419468459814284,1691,0.23418095801301006,1.0,396,1295,829,0
0.0030349680205587985,1692,0.23404255319148937,1.0,396,1296,828,0
0.003029924711382072,1693,0.23390431187241584,1.0,396,1297,827,0
0.0030223142856193983,1694,0.23376623376623376,1.0,396,1298,826,0
0.0030218943656107867,1695,0.2336283185840708,1.0,396,1299,825,0
0.0030186837482926417,1696,0.23349056603773585,1.0,396,1300,824,0
0.003015772229755128,1697,0.23335297583971715,1.0,396,1301,823,0
0.0030148525825759256,1698,0.2332155477031802,1.0,396,1302,822,0
0.002986870235775382,1699,0.23307828134196587,1.0,396,1303,821,0
0.0029696625411086246,1702,0.23266745005875442,1.0,396,1306,818,0
0.0029666045092388536,1703,0.23253082795067528,1.0,396,1307,817,0
0.002965569981877174,1704,0.2323943661971831,1.0,396,1308,816,0
0.0029453598109870716,1705,0.23225806451612904,1.0,396,1309,815,0
0.0029444252224847464,1706,0.2321219226260258,1.0,396,1310,814,0
0.0029338632320352895,1707,0.23198594024604569,1.0,396,1311,813,0
0.0029296247737047617,1708,0.23185011709601874,1.0,396,1312,812,0
0.0029188764843113037,1709,0.23171445289643067,1.0,396,1313,811,0
0.002917643689476793,1710,0.23157894736842105,1.0,396,1314,810,0
0.0029098234520578605,1711,0.2314436002337814,1.0,396,1315,809,0
0.0029078069423890745,1712,0.23130841121495327,1.0,396,1316,808,0
0.002907203508380227,1713,0.23117338003502627,1.0,396,1317,807,0
0.002897506578123042,1714,0.2310385064177363,1.0,396,1318,806,0
0.0028928019635989085,1715,0.23090379008746356,1.0,396,1319,805,0
0.002888838014439142,1716,0.23076923076923078,1.0,396,1320,804,0
0.002881844380403458,1725,0.22956521739130434,1.0,396,1329,795,0
0.002830543071405696,1726,0.22943221320973348,1.0,396,1330,794,0
0.0028256632052407692,1727,0.22929936305732485,1.0,396,1331,793,0
0.00278902323940669,1728,0.22916666666666666,1.0,396,1332,792,0
0.002782552112406524,1729,0.22903412377096588,1.0,396,1333,791,0
0.0027576509973150044,1730,0.22890173410404624,1.0,396,1334,790,0
0.002744613695622341,1731,0.22876949740034663,1.0,396,1335,789,0
0.0027176055143862963,1732,0.22863741339491916,1.0,396,1336,788,0
0.0026997904911799085,1733,0.2285054818234276,1.0,396,1337,787,0
0.00264941968842787,1734,0.22837370242214533,1.0,396,1338,786,0
0.0026163028676476252,1735,0.2282420749279539,1.0,396,1339,785,0
0.002603160528232574,1736,0.22811059907834103,1.0,396,1340,784,0
0.002577248908311038,1737,0.22797927461139897,1.0,396,1341,783,0
0.002561468224332602,1740,0.22758620689655173,1.0,396,1344,780,0
0.0025377854060261817,1741,0.22745548535324525,1.0,396,1345,779,0
0.0025034415577280516,1742,0.22732491389207807,1.0,396,1346,778,0
0.0024937015029321717,1743,0.22719449225473323,1.0,396,1347,777,0
0.002487886807563864,1744,0.22706422018348624,1.0,396,1348,776,0
0.002443554255327178,1745,0.22693409742120343,1.0,396,1349,775,0
0.002441565110170456,1746,0.2268041237113402,1.0,396,1350,774,0
0.002441562600064041,1747,0.22667429879793932,1.0,396,1351,773,0
0.002417115670827466,1748,0.22654462242562928,1.0,396,1352,772,0
0.002415213158485394,1749,0.22641509433962265,1.0,396,1353,771,0
0.0024102224700481003,1750,0.22628571428571428,1.0,396,1354,770,0
0.0024088672291602137,1751,0.22615648201027985,1.0,396,1355,769,0
0.0023889554432077824,1752,0.22602739726027396,1.0,396,1356,768,0
0.002375938715593505,1753,0.22589845978322876,1.0,396,1357,767,0
0.0023462253563532407,1754,0.22576966932725198,1.0,396,1358,766,0
0.002343363807205554,1756,0.2255125284738041,1.0,396,1360,764,0
0.002334301695693846,1757,0.22538417757541263,1.0,396,1361,763,0
0.0023320005250185615,1758,0.22525597269624573,1.0,396,1362,762,0
0.0023173218162016963,1759,0.2251279135872655,1.0,396,1363,761,0
0.0023134535564169004,1760,0.225,1.0,396,1364,760,0
0.00230330488674736,1761,0.22487223168654175,1.0,396,1365,759,0
0.002293634278514574,1762,0.22474460839954596,1.0,396,1366,758,0
0.002292469313398461,1763,0.22461712989222915,1.0,396,1367,757,0
0.00228444494100324,1764,0.22448979591836735,1.0,396,1368,756,0
0.002282348374078787,1765,0.22436260623229462,1.0,396,1369,755,0
0.0022577505101405125,1766,0.22423556058890148,1.0,396,1370,754,0
0.0021909979270528573,1768,0.2239819004524887,1.0,396,1372,752,0
0.002185405415720442,1769,0.22385528547201808,1.0,396,1373,751,0
0.0021648384141258895,1770,0.22372881355932203,1.0,396,1374,750,0
0.0021018888390483305,1771,0.2236024844720497,1.0,396,1375,749,0
0.0020902558534242133,1773,0.2233502538071066,1.0,396,1377,747,0
0.002087474646897231,1774,0.22322435174746336,1.0,396,1378,746,0
0.002077816883137975,1775,0.2230985915492958,1.0,396,1379,745,0
0.0020564528018403383,1776,0.22297297297297297,1.0,396,1380,744,0
0.0020251004951801696,1777,0.2228474957794035,1.0,396,1381,743,0
0.002022842404542831,1778,0.22272215973003376,1.0,396,1382,742,0
0.0019453004796579922,1779,0.22259696458684655,1.0,396,1383,741,0
0.0019368949213691177,1780,0.22247191011235956,1.0,396,1384,740,0
0.001917718227109935,1781,0.2223469960696238,1.0,396,1385,739,0
0.0019150349372538222,1782,0.2222222222222222,1.0,396,1386,738,0
0.00191261834008856,1783,0.2220975883342681,1.0,396,1387,737,0
0.0018800217026746036,1784,0.2219730941704036,1.0,396,1388,736,0
0.001874927639954615,1785,0.2218487394957983,1.0,396,1389,735,0
0.0018665342948673753,1786,0.22172452407614782,1.0,396,1390,734,0
0.001855449306397873,1787,0.22160044767767206,1.0,396,1391,733,0
0.0018375583296604315,1788,0.2214765100671141,1.0,396,1392,732,0
0.0018368644389622443,1789,0.2213527110117384,1.0,396,1393,731,0
0.0018276379472056947,1790,0.2212290502793296,1.0,396,1394,730,0
0.0018135439286746224,1791,0.22110552763819097,1.0,396,1395,729,0
0.001808632058155823,1792,0.22098214285714285,1.0,396,1396,728,0
0.0017869500996766962,1793,0.22085889570552147,1.0,396,1397,727,0
0.0017760047463420345,1794,0.22073578595317725,1.0,396,1398,726,0
0.0017643750532314966,1795,0.22061281337047353,1.0,396,1399,725,0
0.0017499629224140582,1797,0.22036727879799667,1.0,396,1401,723,0
0.0017456659489916127,1798,0.22024471635150167,1.0,396,1402,722,0
0.001736413179030572,1799,0.22012229016120066,1.0,396,1403,721,0
0.0017247856064220085,1800,0.22,1.0,396,1404,720,0
0.0017198326829580475,1801,0.21987784564131038,1.0,396,1405,719,0
0.0017138108675699448,1802,0.21975582685904552,1.0,396,1406,718,0
0.0017125153621444671,1803,0.21963394342762063,1.0,396,1407,717,0
0.001697737784356519,1804,0.21951219512195122,1.0,396,1408,716,0
0.001690266669952514,1805,0.21939058171745152,1.0,396,1409,715,0
0.0016860762471860536,1806,0.21926910299003322,1.0,396,1410,714,0
0.0016830918850884867,1807,0.21914775871610404,1.0,396,1411,713,0
0.0016682418535313322,1808,0.21902654867256638,1.0,396,1412,712,0
0.0016654341171905833,1809,0.21890547263681592,1.0,396,1413,711,0
0.0016611693619436405,1810,0.21878453038674034,1.0,396,1414,710,0
0.0016553270597649923,1811,0.21866372170071782,1.0,396,1415,709,0
0.001649465324090502,1812,0.2185430463576159,1.0,396,1416,708,0
0.0016318609999870803,1813,0.21842250413678985,1.0,396,1417,707,0
0.0016311042152531618,1814,0.21830209481808158,1.0,396,1418,706,0
0.0016249491196641426,1815,0.21818181818181817,1.0,396,1419,705,0
0.0016195092326515212,1816,0.21806167400881057,1.0,396,1420,704,0
0.0016179928941534394,1817,0.21794166208035223,1.0,396,1421,703,0
0.0016155806052704407,1818,0.21782178217821782,1.0,396,1422,702,0
0.001614988479845146,1819,0.2177020340846619,1.0,396,1423,701,0
0.0016113184553877445,1821,0.21746293245469522,1.0,396,1425,699,0
0.0016065541535341577,1822,0.21734357848518113,1.0,396,1426,698,0
0.0016010246557796991,1824,0.21710526315789475,1.0,396,1428,696,0
0.001593039971238009,1825,0.21698630136986302,1.0,396,1429,695,0
0.0015899423214449585,1826,0.21686746987951808,1.0,396,1430,694,0
0.0015890293334601163,1827,0.21674876847290642,1.0,396,1431,693,0
0.0015870463346512483,1828,0.21663019693654267,1.0,396,1432,692,0
0.0015812666615147566,1829,0.2165117550574084,1.0,396,1433,691,0
0.0015693868561091574,1830,0.21639344262295082,1.0,396,1434,690,0
0.001550648317658693,1831,0.2162752594210814,1.0,396,1435,689,0
0.001541023260774196,1832,0.21615720524017468,1.0,396,1436,688,0
0.0015322716664933397,1833,0.2160392798690671,1.0,396,1437,687,0
0.001526469549412154,1834,0.2159214830970556,1.0,396,1438,686,0
0.0015240187171032793,1835,0.21580381471389645,1.0,396,1439,685,0
0.0015082313020468576,1836,0.21568627450980393,1.0,396,1440,684,0
0.0015027915991217547,1837,0.2155688622754491,1.0,396,1441,683,0
0.0014752437849558902,1838,0.21545157780195864,1.0,396,1442,682,0
0.0014708479590517984,1839,0.21533442088091354,1.0,396,1443,681,0
0.0014606289271076826,1840,0.21521739130434783,1.0,396,1444,680,0
0.0014423837490438669,1841,0.21510048886474742,1.0,396,1445,679,0
0.001440922190201729,1843,0.21486706456863808,1.0,396,1447,677,0
0.0014366129766123872,1844,0.21475054229934923,1.0,396,1448,676,0
0.0014331567429151895,1845,0.2146341463414634,1.0,396,1449,675,0
0.0014322601174886498,1846,0.21451787648970747,1.0,396,1450,674,0
0.001393401575573985,1847,0.21440173253925285,1.0,396,1451,673,0
0.0013768857766769432,1848,0.21428571428571427,1.0,396,1452,672,0
0.0013699956972767213,1849,0.21416982152514874,1.0,396,1453,671,0
0.001343159343438229,1850,0.21405405405405406,1.0,396,1454,670,0
0.001324124889752346,1851,0.21393841166936792,1.0,396,1455,669,0
0.001310113555978307,1852,0.21382289416846653,1.0,396,1456,668,0
0.0013093123786067301,1853,0.21370750134916353,1.0,396,1457,667,0
0.001289218437889578,1854,0.21359223300970873,1.0,396,1458,666,0
0.001275631928192255,1855,0.21347708894878706,1.0,396,1459,665,0
0.0012616013806310406,1856,0.21336206896551724,1.0,396,1460,664,0
0.0012460337462255038,1857,0.21324717285945072,1.0,396,1461,663,0
0.0012405559128665497,1858,0.2131324004305705,1.0,396,1462,662,0
0.0012334019875094434,1859,0.21301775147928995,1.0,396,1463,661,0
0.001231444556236433,1860,0.2129032258064516,1.0,396,1464,660,0
0.001209932504832979,1861,0.21278882321332618,1.0,396,1465,659,0
0.0012032964255017948,1862,0.21267454350161116,1.0,396,1466,658,0
0.001178165790812002,1863,0.21256038647342995,1.0,396,1467,657,0
0.0011729628680327926,1864,0.21244635193133046,1.0,396,1468,656,0
0.0011660715378427173,1866,0.21221864951768488,1.0,396,1470,654,0
0.0011654970664209195,1867,0.21210498125334762,1.0,396,1471,653,0
0.0011555449121276769,1868,0.21199143468950749,1.0,396,1472,652,0
0.0011527377521613833,1869,0.21187800963081863,1.0,396,1473,651,0
0.0011518372926971714,1870,0.21176470588235294,1.0,396,1474,650,0
0.0011502636542029226,1871,0.21165152324959915,1.0,396,1475,649,0
0.0011396819628720083,1872,0.21153846153846154,1.0,396,1476,648,0
0.0011271521058713828,1873,0.21142552055525896,1.0,396,1477,647,0
0.0011248044024350983,1874,0.2113127001067236,1.0,396,1478,646,0
0.0011235445732070484,1875,0.2112,1.0,396,1479,645,0
0.0011226443306816087,1876,0.21108742004264391,1.0,396,1480,644,0
0.001114416188190535,1877,0.2109749600426212,1.0,396,1481,643,0
0.0011049691082192137,1878,0.2108626198083067,1.0,396,1482,642,0
0.0010994363485315375,1879,0.21075039914848323,1.0,396,1483,641,0
0.0010977216398560504,1880,0.21063829787234042,1.0,396,1484,640,0
0.001097525492898357,1881,0.21052631578947367,1.0,396,1485,639,0
0.0010916829746480505,1882,0.2104144527098831,1.0,396,1486,638,0
0.001084300677839841,1883,0.2103027084439724,1.0,396,1487,637,0
0.0010816733726068317,1884,0.21019108280254778,1.0,396,1488,636,0
0.0010712228857829428,1885,0.21007957559681698,1.0,396,1489,635,0
0.001062269825877927,1886,0.20996818663838812,1.0,396,1490,634,0
0.0010617321401486424,1887,0.20985691573926868,1.0,396,1491,633,0
0.0010602328940513648,1888,0.2097457627118644,1.0,396,1492,632,0
0.0010533124959298886,1889,0.20963472736897829,1.0,396,1493,631,0
0.0010454517341187894,1890,0.20952380952380953,1.0,396,1494,630,0
0.0010369909529129682,1891,0.2094130089899524,1.0,396,1495,629,0
0.0010318968565044319,1892,0.20930232558139536,1.0,396,1496,628,0
0.0010274286750596678,1893,0.2091917591125198,1.0,396,1497,627,0
0.0010147046760778289,1894,0.20908130939809927,1.0,396,1498,626,0
0.0010084346755412277,1895,0.20897097625329816,1.0,396,1499,625,0
0.0009979768507902761,1896,0.2088607594936709,1.0,396,1500,624,0
0.0009973124585692238,1897,0.2087506589351608,1.0,396,1501,623,0
0.000982807763053445,1898,0.20864067439409906,1.0,396,1502,622,0
0.0009758536417067446,1899,0.20853080568720378,1.0,396,1503,621,0
0.0009711364806572366,1900,0.20842105263157895,1.0,396,1504,620,0
0.0009710564865191558,1903,0.20809248554913296,1.0,396,1507,617,0
0.0009633741858216322,1904,0.20798319327731093,1.0,396,1508,616,0
0.0009606147934678194,1905,0.2078740157480315,1.0,396,1509,615,0
0.0009566778475929512,1906,0.20776495278069254,1.0,396,1510,614,0
0.0009531619536720719,1907,0.2076560041950708,1.0,396,1511,613,0
0.0009496511173435202,1908,0.20754716981132076,1.0,396,1512,612,0
0.0009448162173901439,1909,0.2074384494499738,1.0,396,1513,611,0
0.0009441442796740852,1910,0.20732984293193718,1.0,396,1514,610,0
0.0009438371274517837,1911,0.20722135007849293,1.0,396,1515,609,0
0.0009430503773446026,1912,0.20711297071129708,1.0,396,1516,608,0
0.0009359169896966957,1913,0.20700470465237847,1.0,396,1517,607,0
0.0009308203331155404,1914,0.20689655172413793,1.0,396,1518,606,0
0.0009299581352200181,1915,0.20678851174934726,1.0,396,1519,605,0
0.0009268258169347947,1916,0.20668058455114824,1.0,396,1520,604,0
0.0009267604633045239,1917,0.20657276995305165,1.0,396,1521,603,0
0.0009261038808580605,1918,0.2064650677789364,1.0,396,1522,602,0
0.000922568790654881,1919,0.20635747785304848,1.0,396,1523,601,0
0.0009216195394755614,1920,0.20625,1.0,396,1524,600,0
0.000919352148926391,1921,0.20614263404476835,1.0,396,1525,599,0
0.0009189953678581656,1922,0.2060353798126951,1.0,396,1526,598,0
0.000912853133568509,1923,0.2059282371294852,1.0,396,1527,597,0
0.0009004584347158881,1924,0.20582120582120583,1.0,396,1528,596,0
0.0008986434986647785,1925,0.2057142857142857,1.0,396,1529,595,0
0.0008950327139850788,1926,0.205607476635514,1.0,396,1530,594,0
0.0008821865050528678,1927,0.20550077841203945,1.0,396,1531,593,0
0.0008797301009975006,1928,0.2053941908713693,1.0,396,1532,592,0
0.0008768506092507738,1929,0.2052877138413686,1.0,396,1533,591,0
0.0008734062038031683,1930,0.20518134715025907,1.0,396,1534,590,0
0.0008704592314856137,1931,0.20507509062661833,1.0,396,1535,589,0
0.0008690158514517452,1932,0.20496894409937888,1.0,396,1536,588,0
0.0008633662249815244,1933,0.2048629073978272,1.0,396,1537,587,0
0.0008630743617264023,1934,0.2047569803516029,1.0,396,1538,586,0
0.0008594722805472607,1936,0.20454545454545456,1.0,396,1540,584,0
0.0008576242540939724,1937,0.20443985544656684,1.0,396,1541,583,0
0.0008524579886038867,1938,0.2043343653250774,1.0,396,1542,582,0
0.0008521629603382747,1939,0.20422898401237752,1.0,396,1543,581,0
0.0008496138139796694,1940,0.20412371134020618,1.0,396,1544,580,0
0.000849569121180153,1941,0.20401854714064915,1.0,396,1545,579,0
0.0008490514164449182,1942,0.203913491246138,1.0,396,1546,578,0
0.0008485157723527422,1943,0.2038085434894493,1.0,396,1547,577,0
0.0008476971617788605,1945,0.20359897172236505,1.0,396,1549,575,0
0.000843778282634356,1946,0.20349434737923947,1.0,396,1550,574,0
0.0008426882898585135,1947,0.2033898305084746,1.0,396,1551,573,0
0.0008405397613597395,1948,0.2032854209445585,1.0,396,1552,572,0
0.0008387129103755217,1949,0.20318111852231913,1.0,396,1553,571,0
0.0008306344676662987,1951,0.20297283444387493,1.0,396,1555,569,0
0.0008291647234775292,1952,0.2028688524590164,1.0,396,1556,568,0
0.0008248699740443026,1954,0.20266120777891505,1.0,396,1558,566,0
0.0008214711063902018,1955,0.20255754475703325,1.0,396,1559,565,0
0.0008196875082149909,1956,0.20245398773006135,1.0,396,1560,564,0
0.0008193216758784177,1961,0.2019377868434472,1.0,396,1565,559,0
0.0008153168878417429,1962,0.2018348623853211,1.0,396,1566,558,0
0.0008099301199826713,1963,0.20173204279164544,1.0,396,1567,557,0
0.0008092427408386749,1964,0.20162932790224034,1.0,396,1568,556,0
0.0008086007855763925,1966,0.20142421159715157,1.0,396,1570,554,0
0.0007916429051555312,1967,0.20132180986273512,1.0,396,1571,553,0
0.0007900243321501161,1968,0.20121951219512196,1.0,396,1572,552,0
0.0007853254886494956,1969,0.2011173184357542,1.0,396,1573,551,0
0.0007851644315451739,1970,0.20101522842639594,1.0,396,1574,550,0
0.0007839221938229938,1971,0.2009132420091324,1.0,396,1575,549,0
0.0007806310675549931,1972,0.20081135902636918,1.0,396,1576,548,0
0.000764356364094178,1973,0.20070957932083122,1.0,396,1577,547,0
0.0007598141096189937,1974,0.2006079027355623,1.0,396,1578,546,0
0.0007557537481522544,1975,0.20050632911392405,1.0,396,1579,545,0
0.0007458743388309029,1976,0.20040485829959515,1.0,396,1580,544,0
0.0007427756532541275,1977,0.20030349013657056,1.0,396,1581,543,0
0.0007388788476100513,1978,0.20020222446916078,1.0,396,1582,542,0
0.00072684906764219,1979,0.20010106114199092,1.0,396,1583,541,0
0.0007243915705106398,1980,0.2,1.0,396,1584,540,0
0.0007235063892134299,1981,0.19989904088844018,1.0,396,1585,539,0
0.0007212739039402452,1982,0.19979818365287588,1.0,396,1586,538,0
0.0007204610951008645,1984,0.19959677419354838,1.0,396,1588,536,0
0.0007199668314283258,1986,0.19939577039274925,1.0,396,1590,534,0
0.0007187770146596905,1987,0.1992954202315048,1.0,396,1591,533,0
0.0007184930602756065,1988,0.19919517102615694,1.0,396,1592,532,0
0.0007180465268707075,1989,0.19909502262443438,1.0,396,1593,531,0
0.0007173576808516578,1990,0.19899497487437187,1.0,396,1594,530,0
0.0007077075714060798,1991,0.19889502762430938,1.0,396,1595,529,0
0.0007004827323566255,1994,0.19859578736208625,1.0,396,1598,526,0
0.0006954168468232234,1995,0.19849624060150375,1.0,396,1599,525,0
0.0006953060888105948,1996,0.19839679358717435,1.0,396,1600,524,0
0.0006930513285901171,1997,0.19829744616925388,1.0,396,1601,523,0
0.0006849407168468511,1999,0.19809904952476237,1.0,396,1603,521,0
0.0006803387854996682,2000,0.198,1.0,396,1604,520,0
0.0006759262997649393,2001,0.19790104947526238,1.0,396,1605,519,0
0.0006709360186459316,2002,0.1978021978021978,1.0,396,1606,518,0
0.0006699352520678169,2004,0.19760479041916168,1.0,396,1608,516,0
0.0006686010162153579,2005,0.1975062344139651,1.0,396,1609,515,0
0.000667709387082995,2006,0.19740777666999004,1.0,396,1610,514,0
0.0006608265789282808,2008,0.19721115537848605,1.0,396,1612,512,0
0.000659465402982242,2009,0.19711299153807865,1.0,396,1613,511,0
0.0006579591139189914,2010,0.19701492537313434,1.0,396,1614,510,0
0.0006569666525977508,2011,0.19691695673794132,1.0,396,1615,509,0
0.000653225416611745,2012,0.19681908548707752,1.0,396,1616,508,0
0.0006504483377307126,2013,0.19672131147540983,1.0,396,1617,507,0
0.000648740986086299,2014,0.19662363455809334,1.0,396,1618,506,0
0.0006472260110894218,2015,0.1965260545905707,1.0,396,1619,505,0
0.0006389497181619796,2016,0.19642857142857142,1.0,396,1620,504,0
0.0006250967769869278,2017,0.19633118492811105,1.0,396,1621,503,0
0.0006196939066543244,2018,0.1962338949454906,1.0,396,1622,502,0
0.000617717076621303,2019,0.1961367013372957,1.0,396,1623,501,0
0.0006155308929112945,2020,0.19603960396039605,1.0,396,1624,500,0
0.0006063218560443879,2021,0.19594260267194458,1.0,396,1625,499,0
0.0005982889575890687,2022,0.19584569732937684,1.0,396,1626,498,0
0.0005981162968281176,2023,0.19574888779041028,1.0,396,1627,497,0
0.000597862820337878,2024,0.1956521739130435,1.0,396,1628,496,0
0.0005883813643838963,2025,0.19555555555555557,1.0,396,1629,495,0
0.0005807918921054873,2026,0.19545903257650543,1.0,396,1630,494,0
0.0005734581269529207,2027,0.19536260483473114,1.0,396,1631,493,0
0.0005727598099830083,2029,0.19517003449975356,1.0,396,1633,491,0
0.0005666242073445367,2031,0.19497784342688332,1.0,396,1635,489,0
0.00056183698486676,2032,0.19488188976377951,1.0,396,1636,488,0
0.000555016840500107,2033,0.19478603049680276,1.0,396,1637,487,0
0.0005534508433323582,2034,0.19469026548672566,1.0,396,1638,486,0
0.0005496361467555587,2035,0.1945945945945946,1.0,396,1639,485,0
0.000540813653205584,2036,0.1944990176817289,1.0,396,1640,484,0
0.0005358030460179506,2037,0.19440353460972018,1.0,396,1641,483,0
0.0005287856277707173,2038,0.1943081452404318,1.0,396,1642,482,0
0.0005213092476746093,2039,0.19421284943599804,1.0,396,1643,481,0
0.0005119301197486888,2040,0.19411764705882353,1.0,396,1644,480,0
0.0005092032763234049,2041,0.19402253797158256,1.0,396,1645,479,0
0.0005085012649854149,2042,0.1939275220372184,1.0,396,1646,478,0
0.00050284381417597,2043,0.19383259911894274,1.0,396,1647,477,0
0.0004921811525193247,2044,0.19373776908023482,1.0,396,1648,476,0
0.0004910995843421834,2045,0.19364303178484107,1.0,396,1649,475,0
0.00048741443159158553,2047,0.19345383488031265,1.0,396,1651,473,0
0.00048524918648736395,2048,0.193359375,1.0,396,1652,472,0
0.00048225488047006453,2049,0.19326500732064422,1.0,396,1653,471,0
0.0004822344683697289,2050,0.19317073170731708,1.0,396,1654,470,0
0.00048097456132633926,2051,0.19307654802535348,1.0,396,1655,469,0
0.00047873133279811863,2052,0.19298245614035087,1.0,396,1656,468,0
0.00047418785499074844,2053,0.19288845591816853,1.0,396,1657,467,0
0.00047410988193734315,2054,0.19279454722492698,1.0,396,1658,466,0
0.0004736791733002794,2055,0.1927007299270073,1.0,396,1659,465,0
0.00047073171415528445,2056,0.1926070038910506,1.0,396,1660,464,0
0.00046618811446001875,2057,0.1925133689839572,1.0,396,1661,463,0
0.0004653276221765097,2059,0.192326372025255,1.0,396,1663,461,0
0.0004622507276837627,2060,0.19223300970873786,1.0,396,1664,460,0
0.0004560287122581455,2061,0.19213973799126638,1.0,396,1665,459,0
0.0004517323830172967,2062,0.19204655674102813,1.0,396,1666,458,0
0.00043886256213096156,2063,0.1919534658264663,1.0,396,1667,457,0
0.00043682472070251426,2064,0.19186046511627908,1.0,396,1668,456,0
0.0004191866251452892,2065,0.19176755447941887,1.0,396,1669,455,0
0.00040997667078358725,2066,0.19167473378509198,1.0,396,1670,454,0
0.0004050461430054795,2067,0.19158200290275762,1.0,396,1671,453,0
0.0004026060521623623,2068,0.19148936170212766,1.0,396,1672,452,0
0.00040192827850099236,2069,0.19139681005316578,1.0,396,1673,451,0
0.0003984385006863881,2070,0.19130434782608696,1.0,396,1674,450,0
0.0003983036948525105,2071,0.19121197489135683,1.0,396,1675,449,0
0.0003927116379321278,2072,0.19111969111969113,1.0,396,1676,448,0
0.0003922309357563451,2073,0.191027496382055,1.0,396,1677,447,0
0.0003890629707111508,2074,0.1909353905496625,1.0,396,1678,446,0
0.00038524015832547113,2075,0.1908433734939759,1.0,396,1679,445,0
0.00038396835489289653,2076,0.1907514450867052,1.0,396,1680,444,0
0.00037625040590478023,2077,0.1906596051998074,1.0,396,1681,443,0
0.0003758927452700163,2078,0.19056785370548604,1.0,396,1682,442,0
0.00037368280494777675,2079,0.19047619047619047,1.0,396,1683,441,0
0.0003735109364002178,2080,0.19038461538461537,1.0,396,1684,440,0
0.0003723649002280111,2081,0.19029312830370015,1.0,396,1685,439,0
0.0003723128143626828,2083,0.19011041766682668,1.0,396,1687,437,0
0.0003718508877939946,2085,0.18992805755395684,1.0,396,1689,435,0
0.00037058659696400254,2086,0.18983700862895495,1.0,396,1690,434,0
0.0003622795302674004,2087,0.18974604695735506,1.0,396,1691,433,0
0.0003609748761741113,2088,0.1896551724137931,1.0,396,1692,432,0
0.0003591115551513752,2090,0.18947368421052632,1.0,396,1694,430,0
0.00035538437752521696,2091,0.18938307030129126,1.0,396,1695,429,0
0.0003528789037228724,2093,0.1892021022455805,1.0,396,1697,427,0
0.0003466122766175279,2094,0.18911174785100288,1.0,396,1698,426,0
0.0003431211067943744,2095,0.1890214797136038,1.0,396,1699,425,0
0.00034120195617613373,2096,0.18893129770992367,1.0,396,1700,424,0
0.0003407632413557324,2098,0.18875119161105816,1.0,396,1702,422,0
0.0003394217997316984,2099,0.18866126727012864,1.0,396,1703,421,0
0.0003391963960382921,2102,0.18839200761179828,1.0,396,1706,418,0
0.0003385776153802871,2103,0.18830242510699002,1.0,396,1707,417,0
0.00033760146391823194,2104,0.188212927756654,1.0,396,1708,416,0
0.00033732492352862116,2105,0.18812351543942993,1.0,396,1709,415,0
0.0003354793030272294,2106,0.18803418803418803,1.0,396,1710,414,0
0.00033450757312243417,2109,0.18776671408250356,1.0,396,1713,411,0
0.00033199369591123786,2110,0.1876777251184834,1.0,396,1714,410,0
0.0003276268483325281,2111,0.18758882046423497,1.0,396,1715,409,0
0.00032076334966372794,2112,0.1875,1.0,396,1716,408,0
0.0003205508147295379,2113,0.18741126360624705,1.0,396,1717,407,0
0.0003171334082814142,2114,0.18732261116367077,1.0,396,1718,406,0
0.0003152746366467664,2115,0.18723404255319148,1.0,396,1719,405,0
0.00030496393228239744,2116,0.18714555765595464,1.0,396,1720,404,0
0.00030418136019550064,2117,0.18705715635333017,1.0,396,1721,403,0
0.00030387998687710506,2118,0.18696883852691218,1.0,396,1722,402,0
0.00029385266197695713,2119,0.18688060405851817,1.0,396,1723,401,0
0.0002920089351203584,2120,0.18679245283018867,1.0,396,1724,400,0
0.00028818443804034583,2121,0.1867043847241867,1.0,396,1725,399,0
0.000284960965955583,2122,0.18661639962299717,1.0,396,1726,398,0
0.0002832277871107936,2123,0.18652849740932642,1.0,396,1727,397,0
0.0002800065398478898,2124,0.1864406779661017,1.0,396,1728,396,0
0.0002794302671690038,2125,0.18635294117647058,1.0,396,1729,395,0
0.0002763954120449332,2126,0.18626528692380057,1.0,396,1730,394,0
0.0002762147473387155,2127,0.1861777150916784,1.0,396,1731,393,0
0.0002749701967212297,2128,0.18609022556390978,1.0,396,1732,392,0
0.0002700799621702786,2129,0.18600281822451856,1.0,396,1733,391,0
0.0002699019982088698,2130,0.18591549295774648,1.0,396,1734,390,0
0.00026858449131766227,2131,0.18582824964805256,1.0,396,1735,389,0
0.0002681762357828458,2133,0.18565400843881857,1.0,396,1737,387,0
0.00026601640434493465,2134,0.18556701030927836,1.0,396,1738,386,0
0.00026053873682799504,2135,0.18548009367681498,1.0,396,1739,385,0
0.0002600411450024414,2137,0.18530650444548433,1.0,396,1741,383,0
0.0002594764097298133,2138,0.18521983161833488,1.0,396,1742,382,0
0.00025733841837595787,2139,0.18513323983169705,1.0,396,1743,381,0
0.00025490360948417446,2140,0.18504672897196262,1.0,396,1744,380,0
0.0002495714904597766,2142,0.18487394957983194,1.0,396,1746,378,0
0.0002494369505727363,2143,0.18478768082127858,1.0,396,1747,377,0
0.00024620421903254343,2144,0.18470149253731344,1.0,396,1748,376,0
0.00024429339985040276,2145,0.18461538461538463,1.0,396,1749,375,0
0.00024114606902136376,2147,0.18444340940847695,1.0,396,1751,373,0
0.0002328377322846615,2148,0.18435754189944134,1.0,396,1752,372,0
0.0002249619436582805,2149,0.1842717543043276,1.0,396,1753,371,0
0.00022491820557124634,2150,0.1841860465116279,1.0,396,1754,370,0
0.00022333513223680735,2151,0.18410041841004185,1.0,396,1755,369,0
0.0002220087522681183,2152,0.18401486988847585,1.0,396,1756,368,0
0.0002216803369541122,2153,0.18392940083604273,1.0,396,1757,367,0
0.00021924619992089056,2156,0.1836734693877551,1.0,396,1760,364,0
0.00021346995410395986,2157,0.1835883171070932,1.0,396,1761,363,0
0.00020756823884457827,2158,0.1835032437442076,1.0,396,1762,362,0
0.00020704839882571574,2159,0.18341824918943955,1.0,396,1763,361,0
0.00020694680806564178,2160,0.18333333333333332,1.0,396,1764,360,0
0.00020407901336550184,2161,0.18324849606663582,1.0,396,1765,359,0
0.0001912124233443053,2162,0.18316373728029603,1.0,396,1766,358,0
0.00018912103746397696,2163,0.18307905686546463,1.0,396,1767,357,0
0.0001859254438969973,2167,0.18274111675126903,1.0,396,1771,353,0
0.00018387964005194817,2168,0.18265682656826568,1.0,396,1772,352,0
0.00018199017253068333,2169,0.1825726141078838,1.0,396,1773,351,0
0.00018011483204012738,2170,0.1824884792626728,1.0,396,1774,350,0
0.00017990985450727038,2171,0.18240442192538,1.0,396,1775,349,0
0.00017540319220423734,2172,0.18232044198895028,1.0,396,1776,348,0
0.00017434689981356058,2173,0.18223653934652553,1.0,396,1777,347,0
0.00017321336579355546,2178,0.18181818181818182,1.0,396,1782,342,0
0.00016952025767079165,2184,0.1813186813186813,1.0,396,1788,336,0
0.00016157939512996607,2185,0.18123569794050343,1.0,396,1789,335,0
0.00015737580381692339,2186,0.18115279048490393,1.0,396,1790,334,0
0.00015483779745873507,2187,0.18106995884773663,1.0,396,1791,333,0
0.0001540769558806255,2188,0.1809872029250457,1.0,396,1792,332,0
0.00015037364148431096,2189,0.18090452261306533,1.0,396,1793,331,0
0.00014693015570098642,2190,0.18082191780821918,1.0,396,1794,330,0
0.00014591617115966877,2195,0.18041002277904328,1.0,396,1799,325,0
0.00014312812293506273,2196,0.18032786885245902,1.0,396,1800,324,0
0.00013885277973931832,2197,0.18024578971324534,1.0,396,1801,323,0
0.00013723068478111705,2200,0.18,1.0,396,1804,320,0
0.00013064732677165432,2202,0.17983651226158037,1.0,396,1806,318,0
0.000128188742331542,2203,0.17975487970948706,1.0,396,1807,317,0
0.00012007684918347742,2204,0.17967332123411978,1.0,396,1808,316,0
0.00011883894352179208,2205,0.17959183673469387,1.0,396,1809,315,0
0.0001029230135858378,2211,0.1791044776119403,1.0,396,1815,309,0
0.00010197295499889162,2214,0.17886178861788618,1.0,396,1818,306,0
0.00010017383849539655,2215,0.17878103837471784,1.0,396,1819,305,0
9.852459420182764e-05,2218,0.17853922452660054,1.0,396,1822,302,0
9.437155298051778e-05,2219,0.17845876520955387,1.0,396,1823,301,0
8.950251631883666e-05,2223,0.17813765182186234,1.0,396,1827,297,0
8.781816070516626e-05,2229,0.17765814266487215,1.0,396,1833,291,0
8.732861758798359e-05,2230,0.17757847533632287,1.0,396,1834,290,0
8.476012883539582e-05,2233,0.17733990147783252,1.0,396,1837,287,0
8.327991036924754e-05,2234,0.17726051924798567,1.0,396,1838,286,0
8.272110105946471e-05,2236,0.1771019677996422,1.0,396,1840,284,0
7.745012622415718e-05,2237,0.17702279839070184,1.0,396,1841,283,0
7.660757673018465e-05,2238,0.1769436997319035,1.0,396,1842,282,0
7.489963149130523e-05,2240,0.1767857142857143,1.0,396,1844,280,0
6.640089030557674e-05,2242,0.17662801070472792,1.0,396,1846,278,0
6.131182401355877e-05,2244,0.17647058823529413,1.0,396,1848,276,0
5.706622535452393e-05,2252,0.17584369449378331,1.0,396,1856,268,0
5.4870964799903165e-05,2253,0.17576564580559254,1.0,396,1857,267,0
5.2018851631831376e-05,2264,0.17491166077738515,1.0,396,1868,256,0
5.14615067929189e-05,2265,0.17483443708609273,1.0,396,1869,255,0
4.433606739082244e-05,2267,0.17468019408910454,1.0,396,1871,253,0
3.894384297842511e-05,2268,0.1746031746031746,1.0,396,1872,252,0
3.803676589041832e-05,2269,0.1745262230057294,1.0,396,1873,251,0
3.742655039485011e-05,2270,0.17444933920704847,1.0,396,1874,250,0
3.703210390784556e-05,2271,0.17437252311756934,1.0,396,1875,249,0
3.5799309073334885e-05,2274,0.1741424802110818,1.0,396,1878,246,0
3.202049311559398e-05,2281,0.17360806663743972,1.0,396,1885,239,0
3.1256446642119936e-05,2282,0.17353198948290974,1.0,396,1886,238,0
1.8239521394958596e-05,2284,0.1733800350262697,1.0,396,1888,236,0
1.6852891113470514e-05,2288,0.17307692307692307,1.0,396,1892,232,0
1.5493786991416444e-05,2289,0.17300131061598953,1.0,396,1893,231,0
1.4703287655119684e-05,2290,0.17292576419213973,1.0,396,1894,230,0
1.3280388849785521e-05,2291,0.17285028371890004,1.0,396,1895,229,0
1.0957583195450412e-05,2292,0.17277486910994763,1.0,396,1896,228,0
1.0753150673147231e-05,2294,0.17262423714036618,1.0,396,1898,226,0
0.0,2520,0.15714285714285714,1.0,396,2124,0,0
