threshold,predicted_positive,precision,recall,tp,fp,tn,fn
0.9999455213546753,1,1.0,0.0025252525252525255,1,0,2124,395
0.9999427795410156,2,1.0,0.005050505050505051,2,0,2124,394
0.9999157190322876,3,1.0,0.007575757575757576,3,0,2124,393
0.9998972415924072,4,1.0,0.010101010101010102,4,0,2124,392
0.9998805522918701,5,1.0,0.012626262626262626,5,0,2124,391
0.9998284578323364,6,1.0,0.015151515151515152,6,0,2124,390
0.9998266100883484,7,1.0,0.017676767676767676,7,0,2124,389
0.999786913394928,8,1.0,0.020202020202020204,8,0,2124,388
0.9997418522834778,9,1.0,0.022727272727272728,9,0,2124,387
0.9997225403785706,10,1.0,0.025252525252525252,10,0,2124,386
0.9997208714485168,11,1.0,0.027777777777777776,11,0,2124,385
0.9997046589851379,12,1.0,0.030303030303030304,12,0,2124,384
0.9996886253356934,13,1.0,0.03282828282828283,13,0,2124,383
0.999680757522583,14,1.0,0.03535353535353535,14,0,2124,382
0.9996659755706787,15,1.0,0.03787878787878788,15,0,2124,381
0.9996353387832642,16,1.0,0.04040404040404041,16,0,2124,380
0.999593198299408,17,1.0,0.04292929292929293,17,0,2124,379
0.9995825886726379,18,1.0,0.045454545454545456,18,0,2124,378
0.9995737671852112,19,1.0,0.047979797979797977,19,0,2124,377
0.9995673298835754,20,1.0,0.050505050505050504,20,0,2124,376
0.9994975328445435,21,1.0,0.05303030303030303,21,0,2124,375
0.9994698166847229,22,1.0,0.05555555555555555,22,0,2124,374
0.999420166015625,23,1.0,0.05808080808080808,23,0,2124,373
0.9994198083877563,24,1.0,0.06060606060606061,24,0,2124,372
0.9994175434112549,25,1.0,0.06313131313131314,25,0,2124,371
0.9994010925292969,26,1.0,0.06565656565656566,26,0,2124,370
0.9993807077407837,27,1.0,0.06818181818181818,27,0,2124,369
0.9992386102676392,28,1.0,0.0707070707070707,28,0,2124,368
0.99921715259552,29,1.0,0.07323232323232323,29,0,2124,367
0.9992004036903381,30,1.0,0.07575757575757576,30,0,2124,366
0.9991877675056458,31,1.0,0.07828282828282829,31,0,2124,365
0.9991746544837952,32,1.0,0.08080808080808081,32,0,2124,364
0.9991739392280579,33,1.0,0.08333333333333333,33,0,2124,363
0.9991652965545654,34,1.0,0.08585858585858586,34,0,2124,362
0.9991164803504944,35,1.0,0.08838383838383838,35,0,2124,361
0.9989556074142456,36,1.0,0.09090909090909091,36,0,2124,360
0.9988920092582703,37,1.0,0.09343434343434344,37,0,2124,359
0.9988396763801575,38,1.0,0.09595959595959595,38,0,2124,358
0.9987295269966125,39,1.0,0.09848484848484848,39,0,2124,357
0.9986729621887207,40,1.0,0.10101010101010101,40,0,2124,356
0.9985234141349792,41,1.0,0.10353535353535354,41,0,2124,355
0.9983910918235779,42,1.0,0.10606060606060606,42,0,2124,354
0.9981889128684998,43,1.0,0.10858585858585859,43,0,2124,353
0.9981123208999634,44,1.0,0.1111111111111111,44,0,2124,352
0.9980881810188293,45,1.0,0.11363636363636363,45,0,2124,351
0.9980619549751282,46,1.0,0.11616161616161616,46,0,2124,350
0.9977928400039673,47,1.0,0.11868686868686869,47,0,2124,349
0.9977701902389526,48,1.0,0.12121212121212122,48,0,2124,348
0.99763023853302,49,1.0,0.12373737373737374,49,0,2124,347
0.9976168870925903,50,1.0,0.12626262626262627,50,0,2124,346
0.9976029992103577,51,1.0,0.12878787878787878,51,0,2124,345
0.9975316524505615,52,1.0,0.13131313131313133,52,0,2124,344
0.9973911046981812,53,1.0,0.13383838383838384,53,0,2124,343
0.9973042011260986,54,1.0,0.13636363636363635,54,0,2124,342
0.9972856044769287,55,1.0,0.1388888888888889,55,0,2124,341
0.9972507357597351,56,1.0,0.1414141414141414,56,0,2124,340
0.9971621632575989,57,1.0,0.14393939393939395,57,0,2124,339
0.9968867897987366,58,1.0,0.14646464646464646,58,0,2124,338
0.996841549873352,59,1.0,0.14898989898989898,59,0,2124,337
0.9968212842941284,60,1.0,0.15151515151515152,60,0,2124,336
0.9967832565307617,61,1.0,0.15404040404040403,61,0,2124,335
0.996769905090332,62,1.0,0.15656565656565657,62,0,2124,334
0.9964990615844727,63,1.0,0.1590909090909091,63,0,2124,333
0.9962658286094666,64,1.0,0.16161616161616163,64,0,2124,332
0.9961695075035095,65,1.0,0.16414141414141414,65,0,2124,331
0.9959343671798706,66,1.0,0.16666666666666666,66,0,2124,330
0.9958229064941406,67,1.0,0.1691919191919192,67,0,2124,329
0.9957133531570435,68,1.0,0.1717171717171717,68,0,2124,328
0.9956589937210083,69,1.0,0.17424242424242425,69,0,2124,327
0.9954028129577637,70,1.0,0.17676767676767677,70,0,2124,326
0.9951751232147217,71,1.0,0.17929292929292928,71,0,2124,325
0.9950546026229858,72,1.0,0.18181818181818182,72,0,2124,324
0.9949724674224854,73,1.0,0.18434343434343434,73,0,2124,323
0.9949069619178772,74,0.9864864864864865,0.18434343434343434,73,1,2123,323
0.9944971203804016,75,0.9866666666666667,0.18686868686868688,74,1,2123,322
0.9944384098052979,76,0.9868421052631579,0.1893939393939394,75,1,2123,321
0.9942541718482971,77,0.987012987012987,0.1919191919191919,76,1,2123,320
0.9941385984420776,78,0.9871794871794872,0.19444444444444445,77,1,2123,319
0.9938830137252808,79,0.9873417721518988,0.19696969696969696,78,1,2123,318
0.9933981895446777,80,0.9875,0.1994949494949495,79,1,2123,317
0.9933286905288696,81,0.9876543209876543,0.20202020202020202,80,1,2123,316
0.9933143258094788,82,0.9878048780487805,0.20454545454545456,81,1,2123,315
0.9932534098625183,83,0.9879518072289156,0.20707070707070707,82,1,2123,314
0.9932327270507812,84,0.9880952380952381,0.20959595959595959,83,1,2123,313
0.9930827617645264,85,0.9882352941176471,0.21212121212121213,84,1,2123,312
0.9926360249519348,86,0.9883720930232558,0.21464646464646464,85,1,2123,311
0.9926122426986694,87,0.9885057471264368,0.21717171717171718,86,1,2123,310
0.9922869205474854,88,0.9886363636363636,0.2196969696969697,87,1,2123,309
0.9921311736106873,89,0.9887640449438202,0.2222222222222222,88,1,2123,308
0.9919726848602295,90,0.9888888888888889,0.22474747474747475,89,1,2123,307
0.9919494390487671,91,0.989010989010989,0.22727272727272727,90,1,2123,306
0.9914231896400452,92,0.9891304347826086,0.2297979797979798,91,1,2123,305
0.9913241863250732,93,0.989247311827957,0.23232323232323232,92,1,2123,304
0.9910587668418884,94,0.9893617021276596,0.23484848484848486,93,1,2123,303
0.9907875657081604,95,0.9894736842105263,0.23737373737373738,94,1,2123,302
0.9906144142150879,96,0.9895833333333334,0.2398989898989899,95,1,2123,301
0.9906041026115417,97,0.9896907216494846,0.24242424242424243,96,1,2123,300
0.9905374646186829,98,0.9897959183673469,0.24494949494949494,97,1,2123,299
0.9900708794593811,99,0.98989898989899,0.2474747474747475,98,1,2123,298
0.9900422096252441,100,0.99,0.25,99,1,2123,297
0.9899415373802185,101,0.9900990099009901,0.25252525252525254,100,1,2123,296
0.9883334040641785,102,0.9901960784313726,0.255050505050505,101,1,2123,295
0.9879144430160522,103,0.9902912621359223,0.25757575757575757,102,1,2123,294
0.9874827861785889,104,0.9903846153846154,0.2601010101010101,103,1,2123,293
0.986943244934082,105,0.9904761904761905,0.26262626262626265,104,1,2123,292
0.9857233166694641,106,0.9905660377358491,0.26515151515151514,105,1,2123,291
0.9853975772857666,107,0.9906542056074766,0.2676767676767677,106,1,2123,290
0.9853543043136597,108,0.9907407407407407,0.2702020202020202,107,1,2123,289
0.9852378964424133,109,0.9908256880733946,0.2727272727272727,108,1,2123,288
0.9851198792457581,110,0.990909090909091,0.27525252525252525,109,1,2123,287
0.9837599992752075,111,0.990990990990991,0.2777777777777778,110,1,2123,286
0.9836726784706116,112,0.9910714285714286,0.2803030303030303,111,1,2123,285
0.9834505319595337,113,0.9911504424778761,0.2828282828282828,112,1,2123,284
0.9825432896614075,114,0.9912280701754386,0.28535353535353536,113,1,2123,283
0.9825291633605957,115,0.991304347826087,0.2878787878787879,114,1,2123,282
0.9823352694511414,116,0.9913793103448276,0.2904040404040404,115,1,2123,281
0.9822647571563721,117,0.9914529914529915,0.29292929292929293,116,1,2123,280
0.9816379547119141,118,0.9915254237288136,0.29545454545454547,117,1,2123,279
0.9815090894699097,119,0.9915966386554622,0.29797979797979796,118,1,2123,278
0.9809734225273132,120,0.9916666666666667,0.3005050505050505,119,1,2123,277
0.9808462262153625,121,0.9917355371900827,0.30303030303030304,120,1,2123,276
0.9806991219520569,122,0.9918032786885246,0.3055555555555556,121,1,2123,275
0.9798163175582886,123,0.991869918699187,0.30808080808080807,122,1,2123,274
0.9796617031097412,124,0.9919354838709677,0.3106060606060606,123,1,2123,273
0.979425847530365,125,0.992,0.31313131313131315,124,1,2123,272
0.979247510433197,126,0.9920634920634921,0.31565656565656564,125,1,2123,271
0.9791749119758606,127,0.9921259842519685,0.3181818181818182,126,1,2123,270
0.9782134890556335,128,0.9921875,0.3207070707070707,127,1,2123,269
0.9765533804893494,129,0.9922480620155039,0.32323232323232326,128,1,2123,268
0.976241946220398,130,0.9923076923076923,0.32575757575757575,129,1,2123,267
0.975164532661438,131,0.9923664122137404,0.3282828282828283,130,1,2123,266
0.974843442440033,132,0.9924242424242424,0.33080808080808083,131,1,2123,265
0.9745489954948425,133,0.9924812030075187,0.3333333333333333,132,1,2123,264
0.9743446707725525,134,0.9925373134328358,0.33585858585858586,133,1,2123,263
0.972564160823822,135,0.9925925925925926,0.3383838383838384,134,1,2123,262
0.972124457359314,136,0.9926470588235294,0.3409090909090909,135,1,2123,261
0.9720981121063232,137,0.9927007299270073,0.3434343434343434,136,1,2123,260
0.9716991782188416,138,0.9927536231884058,0.34595959595959597,137,1,2123,259
0.9716554880142212,139,0.9928057553956835,0.3484848484848485,138,1,2123,258
0.9695636034011841,140,0.9928571428571429,0.351010101010101,139,1,2123,257
0.9692696332931519,141,0.9929078014184397,0.35353535353535354,140,1,2123,256
0.9682475328445435,142,0.9929577464788732,0.3560606060606061,141,1,2123,255
0.9678109884262085,143,0.993006993006993,0.35858585858585856,142,1,2123,254
0.9677749872207642,144,0.9930555555555556,0.3611111111111111,143,1,2123,253
0.9674891829490662,145,0.993103448275862,0.36363636363636365,144,1,2123,252
0.9663198590278625,146,0.9931506849315068,0.3661616161616162,145,1,2123,251
0.9648650288581848,147,0.9931972789115646,0.3686868686868687,146,1,2123,250
0.964818000793457,148,0.9864864864864865,0.3686868686868687,146,2,2122,250
0.9635913372039795,149,0.9865771812080537,0.3712121212121212,147,2,2122,249
0.9631820917129517,150,0.9866666666666667,0.37373737373737376,148,2,2122,248
0.9626941680908203,151,0.9867549668874173,0.37626262626262624,149,2,2122,247
0.9595624208450317,152,0.9868421052631579,0.3787878787878788,150,2,2122,246
0.9590681195259094,153,0.9803921568627451,0.3787878787878788,150,3,2121,246
0.9589660167694092,154,0.9805194805194806,0.3813131313131313,151,3,2121,245
0.957312285900116,155,0.9806451612903225,0.3838383838383838,152,3,2121,244
0.954542338848114,156,0.9807692307692307,0.38636363636363635,153,3,2121,243
0.9538532495498657,157,0.9808917197452229,0.3888888888888889,154,3,2121,242
0.9523741006851196,158,0.9810126582278481,0.39141414141414144,155,3,2121,241
0.9523633718490601,159,0.9811320754716981,0.3939393939393939,156,3,2121,240
0.9513622522354126,160,0.98125,0.39646464646464646,157,3,2121,239
0.949877142906189,161,0.9813664596273292,0.398989898989899,158,3,2121,238
0.949492871761322,162,0.9814814814814815,0.4015151515151515,159,3,2121,237
0.9490782022476196,163,0.9815950920245399,0.40404040404040403,160,3,2121,236
0.9483972787857056,164,0.975609756097561,0.40404040404040403,160,4,2120,236
0.9482595324516296,165,0.9757575757575757,0.4065656565656566,161,4,2120,235
0.9481545686721802,166,0.9759036144578314,0.4090909090909091,162,4,2120,234
0.9479711651802063,167,0.9760479041916168,0.4116161616161616,163,4,2120,233
0.9477917551994324,168,0.9761904761904762,0.41414141414141414,164,4,2120,232
0.9469366669654846,169,0.9763313609467456,0.4166666666666667,165,4,2120,231
0.9464731812477112,170,0.9764705882352941,0.41919191919191917,166,4,2120,230
0.945390522480011,171,0.9766081871345029,0.4217171717171717,167,4,2120,229
0.9448690414428711,172,0.9767441860465116,0.42424242424242425,168,4,2120,228
0.9445582032203674,173,0.976878612716763,0.42676767676767674,169,4,2120,227
0.9442968368530273,174,0.9770114942528736,0.4292929292929293,170,4,2120,226
0.9439151883125305,175,0.9771428571428571,0.4318181818181818,171,4,2120,225
0.9437278509140015,176,0.9772727272727273,0.43434343434343436,172,4,2120,224
0.9434646368026733,177,0.9774011299435028,0.43686868686868685,173,4,2120,223
0.9418688416481018,178,0.9775280898876404,0.4393939393939394,174,4,2120,222
0.9413981437683105,179,0.9776536312849162,0.44191919191919193,175,4,2120,221
0.9410964250564575,180,0.9777777777777777,0.4444444444444444,176,4,2120,220
0.9402588605880737,181,0.9779005524861878,0.44696969696969696,177,4,2120,219
0.9381328821182251,182,0.978021978021978,0.4494949494949495,178,4,2120,218
0.9381325840950012,183,0.9781420765027322,0.45202020202020204,179,4,2120,217
0.9379956126213074,184,0.9782608695652174,0.45454545454545453,180,4,2120,216
0.9368582367897034,185,0.9783783783783784,0.45707070707070707,181,4,2120,215
0.9358546733856201,186,0.978494623655914,0.4595959595959596,182,4,2120,214
0.9339303374290466,187,0.9786096256684492,0.4621212121212121,183,4,2120,213
0.9330056309700012,188,0.9787234042553191,0.46464646464646464,184,4,2120,212
0.9329530596733093,189,0.9788359788359788,0.4671717171717172,185,4,2120,211
0.9329330921173096,190,0.9789473684210527,0.4696969696969697,186,4,2120,210
0.9319591522216797,191,0.9790575916230366,0.4722222222222222,187,4,2120,209
0.9308879971504211,192,0.9791666666666666,0.47474747474747475,188,4,2120,208
0.9300702810287476,193,0.9792746113989638,0.4772727272727273,189,4,2120,207
0.9289484620094299,194,0.979381443298969,0.4797979797979798,190,4,2120,206
0.9287965297698975,195,0.9794871794871794,0.4823232323232323,191,4,2120,205
0.9283866286277771,196,0.9795918367346939,0.48484848484848486,192,4,2120,204
0.9283242225646973,197,0.9796954314720813,0.48737373737373735,193,4,2120,203
0.9270284175872803,198,0.9797979797979798,0.4898989898989899,194,4,2120,202
0.9267577528953552,199,0.9798994974874372,0.49242424242424243,195,4,2120,201
0.9265661239624023,200,0.98,0.494949494949495,196,4,2120,200
0.9259101748466492,201,0.9800995024875622,0.49747474747474746,197,4,2120,199
0.9247182011604309,202,0.9801980198019802,0.5,198,4,2120,198
0.9217532277107239,203,0.9802955665024631,0.5025252525252525,199,4,2120,197
0.9189533591270447,204,0.9803921568627451,0.5050505050505051,200,4,2120,196
0.9189305305480957,205,0.9804878048780488,0.5075757575757576,201,4,2120,195
0.9177941083908081,206,0.9805825242718447,0.51010101010101,202,4,2120,194
0.9176207184791565,207,0.9806763285024155,0.5126262626262627,203,4,2120,193
0.913872480392456,208,0.9807692307692307,0.5151515151515151,204,4,2120,192
0.9080856442451477,209,0.9808612440191388,0.5176767676767676,205,4,2120,191
0.9080146551132202,210,0.9809523809523809,0.5202020202020202,206,4,2120,190
0.9067761301994324,211,0.981042654028436,0.5227272727272727,207,4,2120,189
0.9046381115913391,212,0.9811320754716981,0.5252525252525253,208,4,2120,188
0.9044075608253479,213,0.9812206572769953,0.5277777777777778,209,4,2120,187
0.9027831554412842,214,0.9813084112149533,0.5303030303030303,210,4,2120,186
0.9019952416419983,215,0.9813953488372092,0.5328282828282829,211,4,2120,185
0.9018789529800415,217,0.9815668202764977,0.5378787878787878,213,4,2120,183
0.9004329442977905,218,0.981651376146789,0.5404040404040404,214,4,2120,182
0.8991791009902954,219,0.9817351598173516,0.5429292929292929,215,4,2120,181
0.8988759517669678,220,0.9818181818181818,0.5454545454545454,216,4,2120,180
0.8977095484733582,221,0.9819004524886877,0.547979797979798,217,4,2120,179
0.8972904682159424,222,0.9819819819819819,0.5505050505050505,218,4,2120,178
0.8957254886627197,223,0.9820627802690582,0.553030303030303,219,4,2120,177
0.8913446068763733,224,0.9821428571428571,0.5555555555555556,220,4,2120,176
0.8912772536277771,225,0.9777777777777777,0.5555555555555556,220,5,2119,176
0.8906309604644775,226,0.9778761061946902,0.5580808080808081,221,5,2119,175
0.8898861408233643,227,0.9779735682819384,0.5606060606060606,222,5,2119,174
0.8893542289733887,228,0.9780701754385965,0.5631313131313131,223,5,2119,173
0.8861631155014038,229,0.9781659388646288,0.5656565656565656,224,5,2119,172
0.8851970434188843,230,0.9782608695652174,0.5681818181818182,225,5,2119,171
0.8847513198852539,231,0.9783549783549783,0.5707070707070707,226,5,2119,170
0.8832739591598511,232,0.978448275862069,0.5732323232323232,227,5,2119,169
0.8814488053321838,233,0.9785407725321889,0.5757575757575758,228,5,2119,168
0.8801863193511963,234,0.9786324786324786,0.5782828282828283,229,5,2119,167
0.8788593411445618,235,0.9787234042553191,0.5808080808080808,230,5,2119,166
0.8785975575447083,236,0.9745762711864406,0.5808080808080808,230,6,2118,166
0.872236430644989,237,0.9746835443037974,0.5833333333333334,231,6,2118,165
0.8711525201797485,238,0.9747899159663865,0.5858585858585859,232,6,2118,164
0.8704673647880554,239,0.9748953974895398,0.5883838383838383,233,6,2118,163
0.8657330870628357,240,0.975,0.5909090909090909,234,6,2118,162
0.8649727702140808,241,0.975103734439834,0.5934343434343434,235,6,2118,161
0.8625074625015259,242,0.9752066115702479,0.5959595959595959,236,6,2118,160
0.8619078993797302,243,0.9753086419753086,0.5984848484848485,237,6,2118,159
0.8602638244628906,244,0.9754098360655737,0.601010101010101,238,6,2118,158
0.8574989438056946,245,0.9755102040816327,0.6035353535353535,239,6,2118,157
0.8553475141525269,246,0.975609756097561,0.6060606060606061,240,6,2118,156
0.8551434278488159,247,0.9757085020242915,0.6085858585858586,241,6,2118,155
0.8550395965576172,250,0.964,0.6085858585858586,241,9,2115,155
0.8542020320892334,251,0.9641434262948207,0.6111111111111112,242,9,2115,154
0.852984607219696,252,0.9642857142857143,0.6136363636363636,243,9,2115,153
0.8525702953338623,253,0.9644268774703557,0.6161616161616161,244,9,2115,152
0.8506898880004883,255,0.9647058823529412,0.6212121212121212,246,9,2115,150
0.8412560224533081,256,0.96484375,0.6237373737373737,247,9,2115,149
0.8366554379463196,257,0.9649805447470817,0.6262626262626263,248,9,2115,148
0.8357718586921692,258,0.9612403100775194,0.6262626262626263,248,10,2114,148
0.8333045840263367,259,0.9613899613899614,0.6287878787878788,249,10,2114,147
0.8321008682250977,260,0.9615384615384616,0.6313131313131313,250,10,2114,146
0.8289141654968262,261,0.9616858237547893,0.6338383838383839,251,10,2114,145
0.8266783952713013,262,0.9618320610687023,0.6363636363636364,252,10,2114,144
0.8211655616760254,263,0.9619771863117871,0.6388888888888888,253,10,2114,143
0.8181129693984985,264,0.9621212121212122,0.6414141414141414,254,10,2114,142
0.8134256601333618,265,0.9622641509433962,0.6439393939393939,255,10,2114,141
0.812454879283905,266,0.9624060150375939,0.6464646464646465,256,10,2114,140
0.8112207055091858,267,0.9588014981273408,0.6464646464646465,256,11,2113,140
0.8095502853393555,268,0.9589552238805971,0.648989898989899,257,11,2113,139
0.807988166809082,269,0.9591078066914498,0.6515151515151515,258,11,2113,138
0.804742157459259,270,0.9592592592592593,0.6540404040404041,259,11,2113,137
0.8023765683174133,271,0.959409594095941,0.6565656565656566,260,11,2113,136
0.8008930087089539,272,0.9558823529411765,0.6565656565656566,260,12,2112,136
0.7967749238014221,273,0.9560439560439561,0.6590909090909091,261,12,2112,135
0.7947949171066284,274,0.9562043795620438,0.6616161616161617,262,12,2112,134
0.7917249798774719,275,0.9527272727272728,0.6616161616161617,262,13,2111,134
0.7884082794189453,276,0.9528985507246377,0.6641414141414141,263,13,2111,133
0.7870107293128967,277,0.9530685920577617,0.6666666666666666,264,13,2111,132
0.782627522945404,278,0.9532374100719424,0.6691919191919192,265,13,2111,131
0.7816400527954102,279,0.953405017921147,0.6717171717171717,266,13,2111,130
0.777135968208313,280,0.9535714285714286,0.6742424242424242,267,13,2111,129
0.7761500477790833,281,0.9537366548042705,0.6767676767676768,268,13,2111,128
0.7725951075553894,282,0.9539007092198581,0.6792929292929293,269,13,2111,127
0.7705661654472351,286,0.9440559440559441,0.6818181818181818,270,16,2108,126
0.7645543217658997,287,0.9442508710801394,0.6843434343434344,271,16,2108,125
0.7638736963272095,288,0.9409722222222222,0.6843434343434344,271,17,2107,125
0.7617735862731934,289,0.9377162629757786,0.6843434343434344,271,18,2106,125
0.7574766278266907,290,0.9379310344827586,0.6868686868686869,272,18,2106,124
0.7543937563896179,291,0.9381443298969072,0.6893939393939394,273,18,2106,123
0.7539195418357849,292,0.9383561643835616,0.6919191919191919,274,18,2106,122
0.7495112419128418,293,0.9351535836177475,0.6919191919191919,274,19,2105,122
0.7490308880805969,294,0.935374149659864,0.6944444444444444,275,19,2105,121
0.7483500838279724,295,0.9322033898305084,0.6944444444444444,275,20,2104,121
0.7455519437789917,296,0.9324324324324325,0.696969696969697,276,20,2104,120
0.7438430190086365,297,0.9326599326599326,0.6994949494949495,277,20,2104,119
0.7410275936126709,298,0.9328859060402684,0.702020202020202,278,20,2104,118
0.738507866859436,299,0.9331103678929766,0.7045454545454546,279,20,2104,117
0.7358564734458923,300,0.9333333333333333,0.7070707070707071,280,20,2104,116
0.7334292531013489,301,0.9335548172757475,0.7095959595959596,281,20,2104,115
0.7301955819129944,302,0.9337748344370861,0.7121212121212122,282,20,2104,114
0.7253823280334473,303,0.933993399339934,0.7146464646464646,283,20,2104,113
0.7199880480766296,304,0.930921052631579,0.7146464646464646,283,21,2103,113
0.7183160185813904,305,0.9311475409836065,0.7171717171717171,284,21,2103,112
0.7144502997398376,306,0.9313725490196079,0.7196969696969697,285,21,2103,111
0.7139749526977539,307,0.9315960912052117,0.7222222222222222,286,21,2103,110
0.7025287747383118,308,0.9318181818181818,0.7247474747474747,287,21,2103,109
0.6986724138259888,309,0.9288025889967637,0.7247474747474747,287,22,2102,109
0.6920424699783325,310,0.9290322580645162,0.7272727272727273,288,22,2102,108
0.6807430982589722,311,0.9292604501607717,0.7297979797979798,289,22,2102,107
0.6785409450531006,312,0.9294871794871795,0.7323232323232324,290,22,2102,106
0.6779443621635437,313,0.9297124600638977,0.7348484848484849,291,22,2102,105
0.6697258353233337,314,0.9299363057324841,0.7373737373737373,292,22,2102,104
0.6629252433776855,315,0.926984126984127,0.7373737373737373,292,23,2101,104
0.6605308651924133,316,0.9240506329113924,0.7373737373737373,292,24,2100,104
0.6515082716941833,318,0.9213836477987422,0.73989898989899,293,25,2099,103
0.6512112617492676,319,0.9216300940438872,0.7424242424242424,294,25,2099,102
0.6441169381141663,320,0.921875,0.7449494949494949,295,25,2099,101
0.6421929597854614,321,0.9221183800623053,0.7474747474747475,296,25,2099,100
0.6416767239570618,322,0.922360248447205,0.75,297,25,2099,99
0.638087272644043,323,0.9226006191950464,0.7525252525252525,298,25,2099,98
0.6326291561126709,324,0.9228395061728395,0.7550505050505051,299,25,2099,97
0.6315358281135559,325,0.9230769230769231,0.7575757575757576,300,25,2099,96
0.6306976675987244,326,0.9233128834355828,0.76010101010101,301,25,2099,95
0.6246187090873718,327,0.9235474006116208,0.7626262626262627,302,25,2099,94
0.6231839656829834,328,0.9207317073170732,0.7626262626262627,302,26,2098,94
0.621185302734375,329,0.9209726443768997,0.7651515151515151,303,26,2098,93
0.6194676160812378,330,0.9212121212121213,0.7676767676767676,304,26,2098,92
0.6154819130897522,331,0.918429003021148,0.7676767676767676,304,27,2097,92
0.6145254373550415,332,0.9186746987951807,0.7702020202020202,305,27,2097,91
0.6083986759185791,333,0.9159159159159159,0.7702020202020202,305,28,2096,91
0.6038920283317566,334,0.9161676646706587,0.7727272727272727,306,28,2096,90
0.6036738157272339,335,0.9164179104477612,0.7752525252525253,307,28,2096,89
0.6034306287765503,336,0.9136904761904762,0.7752525252525253,307,29,2095,89
0.6007725596427917,337,0.913946587537092,0.7777777777777778,308,29,2095,88
0.5995126962661743,338,0.9142011834319527,0.7803030303030303,309,29,2095,87
0.596883237361908,339,0.911504424778761,0.7803030303030303,309,30,2094,87
0.586126983165741,340,0.9088235294117647,0.7803030303030303,309,31,2093,87
0.5833054780960083,341,0.9090909090909091,0.7828282828282829,310,31,2093,86
0.5804526805877686,342,0.9064327485380117,0.7828282828282829,310,32,2092,86
0.5773026943206787,344,0.9040697674418605,0.7853535353535354,311,33,2091,85
0.5762230753898621,345,0.9014492753623189,0.7853535353535354,311,34,2090,85
0.573188841342926,347,0.899135446685879,0.7878787878787878,312,35,2089,84
0.5729255676269531,348,0.8994252873563219,0.7904040404040404,313,35,2089,83
0.5682411193847656,349,0.8997134670487106,0.7929292929292929,314,35,2089,82
0.5681363940238953,350,0.8971428571428571,0.7929292929292929,314,36,2088,82
0.5664504766464233,351,0.8974358974358975,0.7954545454545454,315,36,2088,81
0.5552840828895569,352,0.8948863636363636,0.7954545454545454,315,37,2087,81
0.5515038967132568,353,0.8923512747875354,0.7954545454545454,315,38,2086,81
0.5513849854469299,354,0.8926553672316384,0.797979797979798,316,38,2086,80
0.5466474294662476,355,0.8929577464788733,0.8005050505050505,317,38,2086,79
0.5435609221458435,356,0.8904494382022472,0.8005050505050505,317,39,2085,79
0.5373519062995911,357,0.8907563025210085,0.803030303030303,318,39,2085,78
0.537172257900238,358,0.8910614525139665,0.8055555555555556,319,39,2085,77
0.5311888456344604,360,0.8888888888888888,0.8080808080808081,320,40,2084,76
0.52939373254776,361,0.8864265927977839,0.8080808080808081,320,41,2083,76
0.5287169814109802,362,0.8867403314917127,0.8106060606060606,321,41,2083,75
0.527207612991333,363,0.8842975206611571,0.8106060606060606,321,42,2082,75
0.5243546962738037,364,0.8846153846153846,0.8131313131313131,322,42,2082,74
0.5204024314880371,365,0.8849315068493151,0.8156565656565656,323,42,2082,73
0.5170177221298218,366,0.8825136612021858,0.8156565656565656,323,43,2081,73
0.5134730935096741,367,0.8828337874659401,0.8181818181818182,324,43,2081,72
0.5131735801696777,369,0.8834688346883469,0.8232323232323232,326,43,2081,70
0.5112589001655579,371,0.8840970350404312,0.8282828282828283,328,43,2081,68
0.5107005834579468,372,0.8844086021505376,0.8308080808080808,329,43,2081,67
0.5098403096199036,373,0.8847184986595175,0.8333333333333334,330,43,2081,66
0.5086864829063416,374,0.8850267379679144,0.8358585858585859,331,43,2081,65
0.5053048729896545,375,0.8853333333333333,0.8383838383838383,332,43,2081,64
0.5012452006340027,376,0.8829787234042553,0.8383838383838383,332,44,2080,64
0.49756792187690735,377,0.883289124668435,0.8409090909090909,333,44,2080,63
0.49558377265930176,378,0.8835978835978836,0.8434343434343434,334,44,2080,62
0.4929652214050293,379,0.8812664907651715,0.8434343434343434,334,45,2079,62
0.48608511686325073,380,0.881578947368421,0.8459595959595959,335,45,2079,61
0.48497965931892395,382,0.8821989528795812,0.851010101010101,337,45,2079,59
0.4826832413673401,383,0.8825065274151436,0.8535353535353535,338,45,2079,58
0.4777457118034363,384,0.8802083333333334,0.8535353535353535,338,46,2078,58
0.47077324986457825,385,0.8779220779220779,0.8535353535353535,338,47,2077,58
0.4704720973968506,386,0.8756476683937824,0.8535353535353535,338,48,2076,58
0.47021767497062683,387,0.8733850129198967,0.8535353535353535,338,49,2075,58
0.46976518630981445,388,0.8711340206185567,0.8535353535353535,338,50,2074,58
0.46526607871055603,389,0.87146529562982,0.8560606060606061,339,50,2074,57
0.45882052183151245,390,0.8717948717948718,0.8585858585858586,340,50,2074,56
0.4584888219833374,391,0.8695652173913043,0.8585858585858586,340,51,2073,56
0.4584710896015167,392,0.8673469387755102,0.8585858585858586,340,52,2072,56
0.44909295439720154,394,0.8654822335025381,0.8611111111111112,341,53,2071,55
0.44041550159454346,395,0.8632911392405064,0.8611111111111112,341,54,2070,55
0.43996530771255493,396,0.8636363636363636,0.8636363636363636,342,54,2070,54
0.43333202600479126,397,0.8614609571788413,0.8636363636363636,342,55,2069,54
0.4177606999874115,398,0.8592964824120602,0.8636363636363636,342,56,2068,54
0.40840914845466614,399,0.8596491228070176,0.8661616161616161,343,56,2068,53
0.40378323197364807,400,0.86,0.8686868686868687,344,56,2068,52
0.40170615911483765,401,0.85785536159601,0.8686868686868687,344,57,2067,52
0.40152958035469055,402,0.8582089552238806,0.8712121212121212,345,57,2067,51
0.39635327458381653,403,0.8560794044665012,0.8712121212121212,345,58,2066,51
0.3919820785522461,404,0.8539603960396039,0.8712121212121212,345,59,2065,51
0.38673222064971924,405,0.8518518518518519,0.8712121212121212,345,60,2064,51
0.38256415724754333,407,0.8501228501228502,0.8737373737373737,346,61,2063,50
0.3811309337615967,408,0.8480392156862745,0.8737373737373737,346,62,2062,50
0.37928351759910583,409,0.8459657701711492,0.8737373737373737,346,63,2061,50
0.37771591544151306,410,0.8463414634146341,0.8762626262626263,347,63,2061,49
0.3692568242549896,411,0.8442822384428224,0.8762626262626263,347,64,2060,49
0.3680000603199005,412,0.8446601941747572,0.8787878787878788,348,64,2060,48
0.36607638001441956,413,0.8426150121065376,0.8787878787878788,348,65,2059,48
0.36487531661987305,414,0.8429951690821256,0.8813131313131313,349,65,2059,47
0.35974979400634766,415,0.8409638554216867,0.8813131313131313,349,66,2058,47
0.3593476712703705,416,0.8413461538461539,0.8838383838383839,350,66,2058,46
0.35845211148262024,417,0.8393285371702638,0.8838383838383839,350,67,2057,46
0.35696300864219666,418,0.8373205741626795,0.8838383838383839,350,68,2056,46
0.35233017802238464,419,0.8353221957040573,0.8838383838383839,350,69,2055,46
0.3519515097141266,420,0.8357142857142857,0.8863636363636364,351,69,2055,45
0.3500613272190094,421,0.836104513064133,0.8888888888888888,352,69,2055,44
0.3466239273548126,422,0.8341232227488151,0.8888888888888888,352,70,2054,44
0.3455139100551605,423,0.83451536643026,0.8914141414141414,353,70,2054,43
0.3344765305519104,424,0.8325471698113207,0.8914141414141414,353,71,2053,43
0.33014675974845886,425,0.8329411764705882,0.8939393939393939,354,71,2053,42
0.3278478682041168,426,0.8309859154929577,0.8939393939393939,354,72,2052,42
0.32455945014953613,427,0.8313817330210773,0.8964646464646465,355,72,2052,41
0.3242897391319275,428,0.8294392523364486,0.8964646464646465,355,73,2051,41
0.32001832127571106,429,0.8275058275058275,0.8964646464646465,355,74,2050,41
0.31248289346694946,430,0.827906976744186,0.898989898989899,356,74,2050,40
0.31120771169662476,431,0.8259860788863109,0.898989898989899,356,75,2049,40
0.30178970098495483,432,0.8240740740740741,0.898989898989899,356,76,2048,40
0.29860958456993103,433,0.8221709006928406,0.898989898989899,356,77,2047,40
0.28817519545555115,434,0.8202764976958525,0.898989898989899,356,78,2046,40
0.2865453362464905,435,0.8206896551724138,0.9015151515151515,357,78,2046,39
0.2791382372379303,436,0.8211009174311926,0.9040404040404041,358,78,2046,38
0.2776063084602356,437,0.8192219679633868,0.9040404040404041,358,79,2045,38
0.27667632699012756,438,0.817351598173516,0.9040404040404041,358,80,2044,38
0.27541083097457886,439,0.8154897494305239,0.9040404040404041,358,81,2043,38
0.273529052734375,440,0.8136363636363636,0.9040404040404041,358,82,2042,38
0.27156370878219604,441,0.8117913832199547,0.9040404040404041,358,83,2041,38
0.2698782682418823,442,0.8122171945701357,0.9065656565656566,359,83,2041,37
0.266782283782959,443,0.8103837471783296,0.9065656565656566,359,84,2040,37
0.265200138092041,444,0.8108108108108109,0.9090909090909091,360,84,2040,36
0.26510530710220337,445,0.8089887640449438,0.9090909090909091,360,85,2039,36
0.26427701115608215,446,0.8094170403587444,0.9116161616161617,361,85,2039,35
0.25729480385780334,447,0.8076062639821029,0.9116161616161617,361,86,2038,35
0.2513018548488617,448,0.8080357142857143,0.9141414141414141,362,86,2038,34
0.24716749787330627,449,0.8062360801781737,0.9141414141414141,362,87,2037,34
0.24364228546619415,450,0.8044444444444444,0.9141414141414141,362,88,2036,34
0.2432936429977417,451,0.802660753880266,0.9141414141414141,362,89,2035,34
0.23818475008010864,452,0.8008849557522124,0.9141414141414141,362,90,2034,34
0.23808406293392181,453,0.8013245033112583,0.9166666666666666,363,90,2034,33
0.23687045276165009,454,0.7995594713656388,0.9166666666666666,363,91,2033,33
0.2343190759420395,455,0.7978021978021979,0.9166666666666666,363,92,2032,33
0.2313978224992752,456,0.7960526315789473,0.9166666666666666,363,93,2031,33
0.22961239516735077,457,0.7943107221006565,0.9166666666666666,363,94,2030,33
0.22491751611232758,458,0.7925764192139738,0.9166666666666666,363,95,2029,33
0.21676558256149292,459,0.7930283224400871,0.9191919191919192,364,95,2029,32
0.21655213832855225,460,0.7913043478260869,0.9191919191919192,364,96,2028,32
0.21564339101314545,461,0.7917570498915402,0.9217171717171717,365,96,2028,31
0.2153918743133545,463,0.7883369330453563,0.9217171717171717,365,98,2026,31
0.21483474969863892,464,0.7866379310344828,0.9217171717171717,365,99,2025,31
0.21326254308223724,465,0.7849462365591398,0.9217171717171717,365,100,2024,31
0.20657476782798767,466,0.7832618025751072,0.9217171717171717,365,101,2023,31
0.20387813448905945,467,0.7815845824411135,0.9217171717171717,365,102,2022,31
0.20386163890361786,468,0.7799145299145299,0.9217171717171717,365,103,2021,31
0.20087958872318268,469,0.7782515991471215,0.9217171717171717,365,104,2020,31
0.19734354317188263,470,0.7787234042553192,0.9242424242424242,366,104,2020,30
0.19631054997444153,471,0.7770700636942676,0.9242424242424242,366,105,2019,30
0.19411545991897583,472,0.7754237288135594,0.9242424242424242,366,106,2018,30
0.1936439573764801,473,0.773784355179704,0.9242424242424242,366,107,2017,30
0.18380390107631683,474,0.7721518987341772,0.9242424242424242,366,108,2016,30
0.1831197738647461,475,0.7726315789473684,0.9267676767676768,367,108,2016,29
0.17881770431995392,476,0.7710084033613446,0.9267676767676768,367,109,2015,29
0.17822451889514923,477,0.7693920335429769,0.9267676767676768,367,110,2014,29
0.1775221973657608,478,0.7677824267782427,0.9267676767676768,367,111,2013,29
0.1723860502243042,479,0.7661795407098121,0.9267676767676768,367,112,2012,29
0.17061512172222137,480,0.7666666666666667,0.9292929292929293,368,112,2012,28
0.16631987690925598,481,0.7650727650727651,0.9292929292929293,368,113,2011,28
0.16584442555904388,482,0.7634854771784232,0.9292929292929293,368,114,2010,28
0.16288593411445618,483,0.7619047619047619,0.9292929292929293,368,115,2009,28
0.16278280317783356,484,0.7603305785123967,0.9292929292929293,368,116,2008,28
0.16250060498714447,485,0.7587628865979381,0.9292929292929293,368,117,2007,28
0.15963712334632874,486,0.757201646090535,0.9292929292929293,368,118,2006,28
0.1563376486301422,487,0.75564681724846,0.9292929292929293,368,119,2005,28
0.1558752804994583,488,0.7540983606557377,0.9292929292929293,368,120,2004,28
0.1553218513727188,489,0.754601226993865,0.9318181818181818,369,120,2004,27
0.1548549085855484,490,0.753061224489796,0.9318181818181818,369,121,2003,27
0.15451346337795258,491,0.7515274949083504,0.9318181818181818,369,122,2002,27
0.15183092653751373,492,0.75,0.9318181818181818,369,123,2001,27
0.15079014003276825,493,0.7484787018255578,0.9318181818181818,369,124,2000,27
0.15038646757602692,494,0.7469635627530364,0.9318181818181818,369,125,1999,27
0.14926744997501373,495,0.7474747474747475,0.9343434343434344,370,125,1999,26
0.14892695844173431,496,0.7479838709677419,0.9368686868686869,371,125,1999,25
0.14762182533740997,497,0.7464788732394366,0.9368686868686869,371,126,1998,25
0.14689822494983673,498,0.7469879518072289,0.9393939393939394,372,126,1998,24
0.14605991542339325,499,0.7454909819639278,0.9393939393939394,372,127,1997,24
0.14402848482131958,500,0.744,0.9393939393939394,372,128,1996,24
0.14247523248195648,501,0.7425149700598802,0.9393939393939394,372,129,1995,24
0.14132215082645416,502,0.7410358565737052,0.9393939393939394,372,130,1994,24
0.13866931200027466,503,0.7395626242544732,0.9393939393939394,372,131,1993,24
0.13752318918704987,504,0.7380952380952381,0.9393939393939394,372,132,1992,24
0.1367071568965912,505,0.7386138613861386,0.9419191919191919,373,132,1992,23
0.1355465203523636,506,0.7391304347826086,0.9444444444444444,374,132,1992,22
0.13532012701034546,507,0.7396449704142012,0.946969696969697,375,132,1992,21
0.13320225477218628,508,0.7381889763779528,0.946969696969697,375,133,1991,21
0.1331333965063095,509,0.7367387033398821,0.946969696969697,375,134,1990,21
0.13262325525283813,510,0.7352941176470589,0.946969696969697,375,135,1989,21
0.13121430575847626,511,0.7338551859099804,0.946969696969697,375,136,1988,21
0.12950991094112396,512,0.732421875,0.946969696969697,375,137,1987,21
0.12939129769802094,513,0.7309941520467836,0.946969696969697,375,138,1986,21
0.12729290127754211,514,0.7295719844357976,0.946969696969697,375,139,1985,21
0.1255355328321457,515,0.7281553398058253,0.946969696969697,375,140,1984,21
0.1254795640707016,516,0.7267441860465116,0.946969696969697,375,141,1983,21
0.12509611248970032,517,0.7253384912959381,0.946969696969697,375,142,1982,21
0.12362489849328995,518,0.7239382239382239,0.946969696969697,375,143,1981,21
0.1232350543141365,519,0.7225433526011561,0.946969696969697,375,144,1980,21
0.11984122544527054,520,0.7211538461538461,0.946969696969697,375,145,1979,21
0.11946869641542435,521,0.7197696737044146,0.946969696969697,375,146,1978,21
0.11761220544576645,522,0.7183908045977011,0.946969696969697,375,147,1977,21
0.11492417752742767,523,0.7189292543021033,0.9494949494949495,376,147,1977,20
0.11452952772378922,524,0.7175572519083969,0.9494949494949495,376,148,1976,20
0.11432774364948273,525,0.7161904761904762,0.9494949494949495,376,149,1975,20
0.11424895375967026,526,0.7167300380228137,0.952020202020202,377,149,1975,19
0.11262912303209305,527,0.7172675521821632,0.9545454545454546,378,149,1975,18
0.11241443455219269,528,0.7159090909090909,0.9545454545454546,378,150,1974,18
0.11241074651479721,529,0.7164461247637051,0.9570707070707071,379,150,1974,17
0.10993069410324097,530,0.7150943396226415,0.9570707070707071,379,151,1973,17
0.10791326314210892,531,0.7137476459510358,0.9570707070707071,379,152,1972,17
0.10652586817741394,532,0.7124060150375939,0.9570707070707071,379,153,1971,17
0.1063588336110115,533,0.7110694183864915,0.9570707070707071,379,154,1970,17
0.1058683916926384,534,0.7097378277153558,0.9570707070707071,379,155,1969,17
0.1057659313082695,535,0.708411214953271,0.9570707070707071,379,156,1968,17
0.10567596554756165,536,0.707089552238806,0.9570707070707071,379,157,1967,17
0.10502416640520096,537,0.7057728119180633,0.9570707070707071,379,158,1966,17
0.10302292555570602,538,0.7044609665427509,0.9570707070707071,379,159,1965,17
0.1010487899184227,539,0.7031539888682746,0.9570707070707071,379,160,1964,17
0.10009638220071793,540,0.7018518518518518,0.9570707070707071,379,161,1963,17
0.09962186217308044,541,0.7024029574861368,0.9595959595959596,380,161,1963,16
0.0995127409696579,542,0.7029520295202952,0.9621212121212122,381,161,1963,15
0.09852802753448486,543,0.7016574585635359,0.9621212121212122,381,162,1962,15
0.09682707488536835,544,0.7003676470588235,0.9621212121212122,381,163,1961,15
0.09648868441581726,545,0.6990825688073394,0.9621212121212122,381,164,1960,15
0.0955999419093132,546,0.6978021978021978,0.9621212121212122,381,165,1959,15
0.09498228132724762,547,0.696526508226691,0.9621212121212122,381,166,1958,15
0.09355498105287552,548,0.6952554744525548,0.9621212121212122,381,167,1957,15
0.09271280467510223,549,0.6939890710382514,0.9621212121212122,381,168,1956,15
0.0924689993262291,550,0.6927272727272727,0.9621212121212122,381,169,1955,15
0.09210000187158585,551,0.691470054446461,0.9621212121212122,381,170,1954,15
0.09185643494129181,552,0.6920289855072463,0.9646464646464646,382,170,1954,14
0.08796382695436478,553,0.6907775768535263,0.9646464646464646,382,171,1953,14
0.0876159518957138,554,0.6895306859205776,0.9646464646464646,382,172,1952,14
0.08725959062576294,555,0.69009009009009,0.9671717171717171,383,172,1952,13
0.0869314894080162,556,0.6888489208633094,0.9671717171717171,383,173,1951,13
0.08468935638666153,557,0.6876122082585279,0.9671717171717171,383,174,1950,13
0.0833820030093193,558,0.6863799283154122,0.9671717171717171,383,175,1949,13
0.08264384418725967,559,0.6851520572450805,0.9671717171717171,383,176,1948,13
0.0824170634150505,560,0.6839285714285714,0.9671717171717171,383,177,1947,13
0.08236673474311829,561,0.6827094474153298,0.9671717171717171,383,178,1946,13
0.08228272199630737,562,0.6814946619217082,0.9671717171717171,383,179,1945,13
0.0814545527100563,563,0.6802841918294849,0.9671717171717171,383,180,1944,13
0.08127926290035248,564,0.6790780141843972,0.9671717171717171,383,181,1943,13
0.080870121717453,565,0.6778761061946903,0.9671717171717171,383,182,1942,13
0.0808185338973999,566,0.676678445229682,0.9671717171717171,383,183,1941,13
0.08067017793655396,567,0.6772486772486772,0.9696969696969697,384,183,1941,12
0.0802411362528801,568,0.6778169014084507,0.9722222222222222,385,183,1941,11
0.07924098521471024,569,0.6766256590509666,0.9722222222222222,385,184,1940,11
0.07854466140270233,570,0.6754385964912281,0.9722222222222222,385,185,1939,11
0.077839195728302,571,0.6760070052539404,0.9747474747474747,386,185,1939,10
0.07672557979822159,572,0.6748251748251748,0.9747474747474747,386,186,1938,10
0.0765819251537323,573,0.6736474694589878,0.9747474747474747,386,187,1937,10
0.07576294988393784,576,0.6701388888888888,0.9747474747474747,386,190,1934,10
0.07550148665904999,577,0.6689774696707106,0.9747474747474747,386,191,1933,10
0.07549487054347992,578,0.6678200692041523,0.9747474747474747,386,192,1932,10
0.07483796030282974,579,0.6666666666666666,0.9747474747474747,386,193,1931,10
0.07464153319597244,580,0.6655172413793103,0.9747474747474747,386,194,1930,10
0.07462519407272339,581,0.6643717728055077,0.9747474747474747,386,195,1929,10
0.07330834120512009,582,0.6632302405498282,0.9747474747474747,386,196,1928,10
0.07214079797267914,583,0.6620926243567753,0.9747474747474747,386,197,1927,10
0.07107973098754883,584,0.660958904109589,0.9747474747474747,386,198,1926,10
0.07078925520181656,585,0.6598290598290598,0.9747474747474747,386,199,1925,10
0.07076096534729004,586,0.658703071672355,0.9747474747474747,386,200,1924,10
0.06930563598871231,587,0.6575809199318569,0.9747474747474747,386,201,1923,10
0.06924328207969666,588,0.6564625850340136,0.9747474747474747,386,202,1922,10
0.0691785141825676,589,0.6553480475382003,0.9747474747474747,386,203,1921,10
0.06902789324522018,590,0.6542372881355932,0.9747474747474747,386,204,1920,10
0.06856758892536163,591,0.6531302876480541,0.9747474747474747,386,205,1919,10
0.06790606677532196,592,0.652027027027027,0.9747474747474747,386,206,1918,10
0.06680183112621307,593,0.6509274873524452,0.9747474747474747,386,207,1917,10
0.06627999991178513,594,0.6498316498316499,0.9747474747474747,386,208,1916,10
0.06590696424245834,595,0.6487394957983194,0.9747474747474747,386,209,1915,10
0.06529781222343445,596,0.6476510067114094,0.9747474747474747,386,210,1914,10
0.06447700411081314,597,0.6465661641541038,0.9747474747474747,386,211,1913,10
0.06419113278388977,598,0.6454849498327759,0.9747474747474747,386,212,1912,10
0.06390989571809769,600,0.6433333333333333,0.9747474747474747,386,214,1910,10
0.0635666772723198,601,0.6422628951747088,0.9747474747474747,386,215,1909,10
0.06333643943071365,602,0.6428571428571429,0.9772727272727273,387,215,1909,9
0.06305677443742752,603,0.6417910447761194,0.9772727272727273,387,216,1908,9
0.06254548579454422,604,0.640728476821192,0.9772727272727273,387,217,1907,9
0.06210016831755638,605,0.6396694214876033,0.9772727272727273,387,218,1906,9
0.06185569986701012,606,0.6386138613861386,0.9772727272727273,387,219,1905,9
0.061603203415870667,607,0.6375617792421746,0.9772727272727273,387,220,1904,9
0.06137332320213318,608,0.6365131578947368,0.9772727272727273,387,221,1903,9
0.06127652898430824,609,0.6354679802955665,0.9772727272727273,387,222,1902,9
0.06114492192864418,610,0.6344262295081967,0.9772727272727273,387,223,1901,9
0.05948786810040474,611,0.6333878887070377,0.9772727272727273,387,224,1900,9
0.05946362763643265,612,0.6323529411764706,0.9772727272727273,387,225,1899,9
0.059196993708610535,613,0.6313213703099511,0.9772727272727273,387,226,1898,9
0.05916857346892357,614,0.6302931596091205,0.9772727272727273,387,227,1897,9
0.058664120733737946,615,0.6292682926829268,0.9772727272727273,387,228,1896,9
0.058209680020809174,616,0.6282467532467533,0.9772727272727273,387,229,1895,9
0.05794716626405716,617,0.6272285251215559,0.9772727272727273,387,230,1894,9
0.05682174488902092,618,0.6262135922330098,0.9772727272727273,387,231,1893,9
0.05680469423532486,619,0.6252019386106623,0.9772727272727273,387,232,1892,9
0.05678586661815643,620,0.6241935483870967,0.9772727272727273,387,233,1891,9
0.05672347545623779,621,0.6231884057971014,0.9772727272727273,387,234,1890,9
0.056617509573698044,622,0.6221864951768489,0.9772727272727273,387,235,1889,9
0.055968571454286575,623,0.6211878009630819,0.9772727272727273,387,236,1888,9
0.05581245943903923,624,0.6201923076923077,0.9772727272727273,387,237,1887,9
0.05505434796214104,625,0.6192,0.9772727272727273,387,238,1886,9
0.05437978357076645,626,0.6182108626198083,0.9772727272727273,387,239,1885,9
0.0541900172829628,627,0.6172248803827751,0.9772727272727273,387,240,1884,9
0.0538405105471611,628,0.6162420382165605,0.9772727272727273,387,241,1883,9
0.053834185004234314,629,0.615262321144674,0.9772727272727273,387,242,1882,9
0.052810169756412506,630,0.6142857142857143,0.9772727272727273,387,243,1881,9
0.05247713252902031,631,0.6133122028526149,0.9772727272727273,387,244,1880,9
0.05221256613731384,632,0.6123417721518988,0.9772727272727273,387,245,1879,9
0.05180178955197334,633,0.6113744075829384,0.9772727272727273,387,246,1878,9
0.051526766270399094,634,0.610410094637224,0.9772727272727273,387,247,1877,9
0.051381371915340424,635,0.6094488188976378,0.9772727272727273,387,248,1876,9
0.05132581666111946,636,0.6084905660377359,0.9772727272727273,387,249,1875,9
0.05101858824491501,637,0.6075353218210361,0.9772727272727273,387,250,1874,9
0.050765085965394974,638,0.6065830721003135,0.9772727272727273,387,251,1873,9
0.05041065439581871,639,0.6056338028169014,0.9772727272727273,387,252,1872,9
0.050374168902635574,640,0.6046875,0.9772727272727273,387,253,1871,9
0.04980947822332382,641,0.6037441497659907,0.9772727272727273,387,254,1870,9
0.04878487065434456,642,0.602803738317757,0.9772727272727273,387,255,1869,9
0.047548145055770874,643,0.6018662519440124,0.9772727272727273,387,256,1868,9
0.0470375157892704,644,0.6009316770186336,0.9772727272727273,387,257,1867,9
0.04684881120920181,645,0.6,0.9772727272727273,387,258,1866,9
0.046265359967947006,646,0.5990712074303406,0.9772727272727273,387,259,1865,9
0.04625146836042404,647,0.598145285935085,0.9772727272727273,387,260,1864,9
0.04624490439891815,648,0.5972222222222222,0.9772727272727273,387,261,1863,9
0.046242810785770416,649,0.5963020030816641,0.9772727272727273,387,262,1862,9
0.04593830928206444,650,0.5953846153846154,0.9772727272727273,387,263,1861,9
0.04592059180140495,651,0.5944700460829493,0.9772727272727273,387,264,1860,9
0.04572233557701111,652,0.593558282208589,0.9772727272727273,387,265,1859,9
0.04570460319519043,653,0.5926493108728943,0.9772727272727273,387,266,1858,9
0.04535965248942375,654,0.591743119266055,0.9772727272727273,387,267,1857,9
0.045149024575948715,655,0.5908396946564886,0.9772727272727273,387,268,1856,9
0.044857412576675415,656,0.5899390243902439,0.9772727272727273,387,269,1855,9
0.04447044059634209,657,0.589041095890411,0.9772727272727273,387,270,1854,9
0.04444529116153717,658,0.5881458966565349,0.9772727272727273,387,271,1853,9
0.04443878307938576,659,0.5872534142640364,0.9772727272727273,387,272,1852,9
0.044053927063941956,660,0.5863636363636363,0.9772727272727273,387,273,1851,9
0.04394567012786865,661,0.5854765506807866,0.9772727272727273,387,274,1850,9
0.04382173344492912,662,0.5845921450151057,0.9772727272727273,387,275,1849,9
0.04369334131479263,663,0.583710407239819,0.9772727272727273,387,276,1848,9
0.0435723252594471,664,0.5828313253012049,0.9772727272727273,387,277,1847,9
0.043295618146657944,665,0.5819548872180451,0.9772727272727273,387,278,1846,9
0.043059468269348145,666,0.581081081081081,0.9772727272727273,387,279,1845,9
0.043004196137189865,667,0.5802098950524738,0.9772727272727273,387,280,1844,9
0.042903997004032135,668,0.5793413173652695,0.9772727272727273,387,281,1843,9
0.04283023998141289,669,0.57847533632287,0.9772727272727273,387,282,1842,9
0.04271196201443672,670,0.5776119402985075,0.9772727272727273,387,283,1841,9
0.04247619956731796,671,0.5767511177347243,0.9772727272727273,387,284,1840,9
0.04205078259110451,672,0.5773809523809523,0.9797979797979798,388,284,1840,8
0.042003143578767776,673,0.5765230312035661,0.9797979797979798,388,285,1839,8
0.04186686873435974,674,0.5756676557863502,0.9797979797979798,388,286,1838,8
0.04156286641955376,675,0.5748148148148148,0.9797979797979798,388,287,1837,8
0.041352931410074234,676,0.5739644970414202,0.9797979797979798,388,288,1836,8
0.04080808907747269,677,0.5731166912850812,0.9797979797979798,388,289,1835,8
0.040428128093481064,678,0.5722713864306784,0.9797979797979798,388,290,1834,8
0.040323249995708466,679,0.5714285714285714,0.9797979797979798,388,291,1833,8
0.039339330047369,680,0.5705882352941176,0.9797979797979798,388,292,1832,8
0.03916902467608452,681,0.5712187958883994,0.9823232323232324,389,292,1832,7
0.038931336253881454,682,0.5703812316715543,0.9823232323232324,389,293,1831,7
0.0384533628821373,683,0.5695461200585652,0.9823232323232324,389,294,1830,7
0.03811851516366005,684,0.5687134502923976,0.9823232323232324,389,295,1829,7
0.03757772967219353,685,0.5678832116788322,0.9823232323232324,389,296,1828,7
0.037319596856832504,686,0.5670553935860059,0.9823232323232324,389,297,1827,7
0.03727640584111214,687,0.5662299854439592,0.9823232323232324,389,298,1826,7
0.03716401383280754,688,0.565406976744186,0.9823232323232324,389,299,1825,7
0.036997366696596146,689,0.5645863570391872,0.9823232323232324,389,300,1824,7
0.036885038018226624,690,0.563768115942029,0.9823232323232324,389,301,1823,7
0.03656964376568794,691,0.5629522431259045,0.9823232323232324,389,302,1822,7
0.03654663264751434,692,0.5621387283236994,0.9823232323232324,389,303,1821,7
0.036338984966278076,693,0.5613275613275613,0.9823232323232324,389,304,1820,7
0.03591502085328102,694,0.5605187319884726,0.9823232323232324,389,305,1819,7
0.03590172529220581,695,0.5597122302158274,0.9823232323232324,389,306,1818,7
0.03585149347782135,696,0.5589080459770115,0.9823232323232324,389,307,1817,7
0.03573906421661377,697,0.5581061692969871,0.9823232323232324,389,308,1816,7
0.03494696319103241,698,0.5573065902578797,0.9823232323232324,389,309,1815,7
0.03475647047162056,699,0.5565092989985694,0.9823232323232324,389,310,1814,7
0.034754104912281036,700,0.5557142857142857,0.9823232323232324,389,311,1813,7
0.034722112119197845,701,0.5549215406562055,0.9823232323232324,389,312,1812,7
0.03443198278546333,702,0.5541310541310541,0.9823232323232324,389,313,1811,7
0.03379487618803978,703,0.5533428165007113,0.9823232323232324,389,314,1810,7
0.03368283808231354,704,0.5525568181818182,0.9823232323232324,389,315,1809,7
0.03365635871887207,705,0.5517730496453901,0.9823232323232324,389,316,1808,7
0.0335066020488739,706,0.5509915014164306,0.9823232323232324,389,317,1807,7
0.03311753273010254,707,0.5502121640735502,0.9823232323232324,389,318,1806,7
0.0327976793050766,708,0.5494350282485876,0.9823232323232324,389,319,1805,7
0.03279496729373932,709,0.5486600846262342,0.9823232323232324,389,320,1804,7
0.0326908603310585,710,0.547887323943662,0.9823232323232324,389,321,1803,7
0.03239331394433975,711,0.5471167369901547,0.9823232323232324,389,322,1802,7
0.03230699896812439,712,0.5463483146067416,0.9823232323232324,389,323,1801,7
0.03215032443404198,713,0.5455820476858345,0.9823232323232324,389,324,1800,7
0.03213779628276825,714,0.5448179271708683,0.9823232323232324,389,325,1799,7
0.031959306448698044,715,0.544055944055944,0.9823232323232324,389,326,1798,7
0.031419869512319565,716,0.5432960893854749,0.9823232323232324,389,327,1797,7
0.031369030475616455,717,0.5425383542538355,0.9823232323232324,389,328,1796,7
0.03089970350265503,718,0.541782729805014,0.9823232323232324,389,329,1795,7
0.030849682167172432,719,0.541029207232267,0.9823232323232324,389,330,1794,7
0.030747804790735245,720,0.5402777777777777,0.9823232323232324,389,331,1793,7
0.030546220019459724,721,0.5395284327323162,0.9823232323232324,389,332,1792,7
0.030083978548645973,722,0.538781163434903,0.9823232323232324,389,333,1791,7
0.029747333377599716,723,0.5380359612724758,0.9823232323232324,389,334,1790,7
0.029666269198060036,724,0.537292817679558,0.9823232323232324,389,335,1789,7
0.029554342851042747,725,0.5365517241379311,0.9823232323232324,389,336,1788,7
0.029184769839048386,726,0.5358126721763086,0.9823232323232324,389,337,1787,7
0.02897694520652294,727,0.5350756533700137,0.9823232323232324,389,338,1786,7
0.028573723509907722,728,0.5343406593406593,0.9823232323232324,389,339,1785,7
0.02842874266207218,729,0.53360768175583,0.9823232323232324,389,340,1784,7
0.027997149154543877,730,0.5328767123287671,0.9823232323232324,389,341,1783,7
0.02780039608478546,731,0.5321477428180574,0.9823232323232324,389,342,1782,7
0.02762240543961525,732,0.5314207650273224,0.9823232323232324,389,343,1781,7
0.027294233441352844,733,0.5306957708049114,0.9823232323232324,389,344,1780,7
0.027113258838653564,734,0.5299727520435967,0.9823232323232324,389,345,1779,7
0.026976438239216805,735,0.5292517006802722,0.9823232323232324,389,346,1778,7
0.02697519212961197,736,0.5285326086956522,0.9823232323232324,389,347,1777,7
0.026519332081079483,737,0.5278154681139756,0.9823232323232324,389,348,1776,7
0.02625158242881298,738,0.5271002710027101,0.9823232323232324,389,349,1775,7
0.026166945695877075,739,0.5263870094722598,0.9823232323232324,389,350,1774,7
0.025922873988747597,740,0.5256756756756756,0.9823232323232324,389,351,1773,7
0.025756191462278366,741,0.524966261808367,0.9823232323232324,389,352,1772,7
0.025689056143164635,742,0.5242587601078167,0.9823232323232324,389,353,1771,7
0.025478482246398926,743,0.5235531628532974,0.9823232323232324,389,354,1770,7
0.025220787152647972,744,0.5228494623655914,0.9823232323232324,389,355,1769,7
0.024925874546170235,745,0.5221476510067115,0.9823232323232324,389,356,1768,7
0.02487083710730076,746,0.5214477211796247,0.9823232323232324,389,357,1767,7
0.024240989238023758,747,0.5207496653279786,0.9823232323232324,389,358,1766,7
0.02410280331969261,748,0.5200534759358288,0.9823232323232324,389,359,1765,7
0.02397339604794979,749,0.5193591455273698,0.9823232323232324,389,360,1764,7
0.023920917883515358,750,0.5186666666666667,0.9823232323232324,389,361,1763,7
0.02369147352874279,751,0.5179760319573902,0.9823232323232324,389,362,1762,7
0.02352009527385235,752,0.5172872340425532,0.9823232323232324,389,363,1761,7
0.023468732833862305,753,0.5166002656042497,0.9823232323232324,389,364,1760,7
0.02346104010939598,754,0.5159151193633952,0.9823232323232324,389,365,1759,7
0.023222776129841805,755,0.5152317880794702,0.9823232323232324,389,366,1758,7
0.023039640858769417,756,0.5145502645502645,0.9823232323232324,389,367,1757,7
0.022519037127494812,757,0.5138705416116248,0.9823232323232324,389,368,1756,7
0.022516518831253052,758,0.5131926121372031,0.9823232323232324,389,369,1755,7
0.022481320425868034,759,0.5125164690382081,0.9823232323232324,389,370,1754,7
0.02233622781932354,760,0.5118421052631579,0.9823232323232324,389,371,1753,7
0.022259395569562912,761,0.5111695137976346,0.9823232323232324,389,372,1752,7
0.022214408963918686,762,0.510498687664042,0.9823232323232324,389,373,1751,7
0.022093769162893295,763,0.509829619921363,0.9823232323232324,389,374,1750,7
0.022002816200256348,764,0.5091623036649214,0.9823232323232324,389,375,1749,7
0.02172127738595009,765,0.5084967320261438,0.9823232323232324,389,376,1748,7
0.021668678149580956,766,0.5078328981723238,0.9823232323232324,389,377,1747,7
0.021605972200632095,767,0.5071707953063885,0.9823232323232324,389,378,1746,7
0.021581023931503296,768,0.5065104166666666,0.9823232323232324,389,379,1745,7
0.021258650347590446,769,0.505851755526658,0.9823232323232324,389,380,1744,7
0.02122317999601364,770,0.5051948051948052,0.9823232323232324,389,381,1743,7
0.02104100026190281,771,0.5045395590142672,0.9823232323232324,389,382,1742,7
0.02087414637207985,772,0.5038860103626943,0.9823232323232324,389,383,1741,7
0.020837359130382538,773,0.5032341526520052,0.9823232323232324,389,384,1740,7
0.020729489624500275,774,0.5025839793281653,0.9823232323232324,389,385,1739,7
0.020202787593007088,775,0.5019354838709678,0.9823232323232324,389,386,1738,7
0.019952094182372093,776,0.5012886597938144,0.9823232323232324,389,387,1737,7
0.019938895478844643,777,0.5006435006435006,0.9823232323232324,389,388,1736,7
0.019820982590317726,778,0.5,0.9823232323232324,389,389,1735,7
0.019776450470089912,779,0.4993581514762516,0.9823232323232324,389,390,1734,7
0.019551018252968788,780,0.4987179487179487,0.9823232323232324,389,391,1733,7
0.019452299922704697,781,0.4980793854033291,0.9823232323232324,389,392,1732,7
0.01942952536046505,782,0.49744245524296676,0.9823232323232324,389,393,1731,7
0.01928851753473282,784,0.4961734693877551,0.9823232323232324,389,395,1729,7
0.019221976399421692,785,0.49554140127388535,0.9823232323232324,389,396,1728,7
0.019136996939778328,786,0.494910941475827,0.9823232323232324,389,397,1727,7
0.019099298864603043,787,0.49428208386277,0.9823232323232324,389,398,1726,7
0.018821705132722855,788,0.4936548223350254,0.9823232323232324,389,399,1725,7
0.018726805225014687,789,0.49302915082382764,0.9823232323232324,389,400,1724,7
0.01854531466960907,790,0.49240506329113926,0.9823232323232324,389,401,1723,7
0.01831558533012867,791,0.4917825537294564,0.9823232323232324,389,402,1722,7
0.018165122717618942,792,0.4911616161616162,0.9823232323232324,389,403,1721,7
0.01789737679064274,793,0.4905422446406053,0.9823232323232324,389,404,1720,7
0.017755042761564255,794,0.4899244332493703,0.9823232323232324,389,405,1719,7
0.017598304897546768,795,0.48930817610062893,0.9823232323232324,389,406,1718,7
0.017565647140145302,796,0.4886934673366834,0.9823232323232324,389,407,1717,7
0.017433611676096916,797,0.4880803011292346,0.9823232323232324,389,408,1716,7
0.01738114468753338,798,0.487468671679198,0.9823232323232324,389,409,1715,7
0.016848459839820862,799,0.48685857321652065,0.9823232323232324,389,410,1714,7
0.016832701861858368,800,0.48625,0.9823232323232324,389,411,1713,7
0.016766928136348724,801,0.48564294631710364,0.9823232323232324,389,412,1712,7
0.016722869127988815,802,0.4850374064837905,0.9823232323232324,389,413,1711,7
0.016554387286305428,803,0.48443337484433374,0.9823232323232324,389,414,1710,7
0.016516748815774918,804,0.48383084577114427,0.9823232323232324,389,415,1709,7
0.01645825430750847,805,0.4832298136645963,0.9823232323232324,389,416,1708,7
0.016408033668994904,806,0.4826302729528536,0.9823232323232324,389,417,1707,7
0.016109870746731758,807,0.48203221809169766,0.9823232323232324,389,418,1706,7
0.016071416437625885,808,0.4814356435643564,0.9823232323232324,389,419,1705,7
0.01599837839603424,809,0.48084054388133496,0.9823232323232324,389,420,1704,7
0.015912087634205818,810,0.4802469135802469,0.9823232323232324,389,421,1703,7
0.015771498903632164,811,0.4796547472256473,0.9823232323232324,389,422,1702,7
0.015745628625154495,812,0.479064039408867,0.9823232323232324,389,423,1701,7
0.015714768320322037,813,0.4784747847478475,0.9823232323232324,389,424,1700,7
0.015702124685049057,814,0.47788697788697787,0.9823232323232324,389,425,1699,7
0.015566100366413593,815,0.47730061349693254,0.9823232323232324,389,426,1698,7
0.015426347963511944,816,0.47671568627450983,0.9823232323232324,389,427,1697,7
0.015399892814457417,817,0.47613219094247244,0.9823232323232324,389,428,1696,7
0.015399443916976452,818,0.47555012224938875,0.9823232323232324,389,429,1695,7
0.015383596532046795,819,0.47496947496947495,0.9823232323232324,389,430,1694,7
0.015289632603526115,820,0.474390243902439,0.9823232323232324,389,431,1693,7
0.01527839433401823,821,0.47381242387332523,0.9823232323232324,389,432,1692,7
0.015177412889897823,822,0.4732360097323601,0.9823232323232324,389,433,1691,7
0.015130819752812386,823,0.4726609963547995,0.9823232323232324,389,434,1690,7
0.015129768289625645,824,0.4720873786407767,0.9823232323232324,389,435,1689,7
0.014803875237703323,825,0.4715151515151515,0.9823232323232324,389,436,1688,7
0.014741061255335808,826,0.47094430992736075,0.9823232323232324,389,437,1687,7
0.014654136262834072,827,0.4703748488512696,0.9823232323232324,389,438,1686,7
0.014504138380289078,828,0.46980676328502413,0.9823232323232324,389,439,1685,7
0.014503470622003078,829,0.4692400482509047,0.9823232323232324,389,440,1684,7
0.014215796254575253,830,0.4686746987951807,0.9823232323232324,389,441,1683,7
0.014014645479619503,831,0.4681107099879663,0.9823232323232324,389,442,1682,7
0.014004705473780632,832,0.4675480769230769,0.9823232323232324,389,443,1681,7
0.013898476026952267,833,0.4669867947178872,0.9823232323232324,389,444,1680,7
0.013890002854168415,834,0.46642685851318944,0.9823232323232324,389,445,1679,7
0.013770319521427155,835,0.4658682634730539,0.9823232323232324,389,446,1678,7
0.013705061748623848,836,0.465311004784689,0.9823232323232324,389,447,1677,7
0.013692207634449005,837,0.4647550776583035,0.9823232323232324,389,448,1676,7
0.013579991646111012,838,0.46420047732696895,0.9823232323232324,389,449,1675,7
0.013498364947736263,839,0.4636471990464839,0.9823232323232324,389,450,1674,7
0.013471146114170551,840,0.4630952380952381,0.9823232323232324,389,451,1673,7
0.013343360275030136,841,0.4625445897740785,0.9823232323232324,389,452,1672,7
0.013188795186579227,843,0.46144721233689207,0.9823232323232324,389,454,1670,7
0.013078575022518635,844,0.4609004739336493,0.9823232323232324,389,455,1669,7
0.01306519377976656,845,0.4603550295857988,0.9823232323232324,389,456,1668,7
0.013049223460257053,846,0.4598108747044917,0.9823232323232324,389,457,1667,7
0.013038082979619503,847,0.4592680047225502,0.9823232323232324,389,458,1666,7
0.013007530011236668,848,0.45872641509433965,0.9823232323232324,389,459,1665,7
0.012918466702103615,849,0.4581861012956419,0.9823232323232324,389,460,1664,7
0.012835030443966389,850,0.4576470588235294,0.9823232323232324,389,461,1663,7
0.012774759903550148,851,0.4571092831962397,0.9823232323232324,389,462,1662,7
0.012743142433464527,852,0.4565727699530516,0.9823232323232324,389,463,1661,7
0.01274020317941904,853,0.45603751465416176,0.9823232323232324,389,464,1660,7
0.012678558006882668,854,0.45550351288056207,0.9823232323232324,389,465,1659,7
0.012647932395339012,855,0.45497076023391814,0.9823232323232324,389,466,1658,7
0.012474399991333485,856,0.4544392523364486,0.9823232323232324,389,467,1657,7
0.012430737726390362,857,0.4539089848308051,0.9823232323232324,389,468,1656,7
0.012410009279847145,858,0.4533799533799534,0.9823232323232324,389,469,1655,7
0.01235937885940075,859,0.4528521536670547,0.9823232323232324,389,470,1654,7
0.012316136620938778,860,0.45232558139534884,0.9823232323232324,389,471,1653,7
0.012148073874413967,861,0.4518002322880372,0.9823232323232324,389,472,1652,7
0.012146266177296638,862,0.45127610208816704,0.9823232323232324,389,473,1651,7
0.011996387504041195,863,0.4507531865585168,0.9823232323232324,389,474,1650,7
0.011922068893909454,864,0.45023148148148145,0.9823232323232324,389,475,1649,7
0.01191052608191967,865,0.44971098265895953,0.9823232323232324,389,476,1648,7
0.01189546287059784,866,0.4491916859122402,0.9823232323232324,389,477,1647,7
0.011806964874267578,867,0.4486735870818916,0.9823232323232324,389,478,1646,7
0.01162982452660799,868,0.44815668202764974,0.9823232323232324,389,479,1645,7
0.011448509059846401,869,0.4476409666283084,0.9823232323232324,389,480,1644,7
0.01135715190321207,870,0.4471264367816092,0.9823232323232324,389,481,1643,7
0.011245064437389374,871,0.44661308840413316,0.9823232323232324,389,482,1642,7
0.011144881136715412,872,0.4461009174311927,0.9823232323232324,389,483,1641,7
0.011122006922960281,873,0.44558991981672397,0.9823232323232324,389,484,1640,7
0.01110066194087267,874,0.4450800915331808,0.9823232323232324,389,485,1639,7
0.011085942387580872,875,0.44457142857142856,0.9823232323232324,389,486,1638,7
0.011057362891733646,876,0.4440639269406393,0.9823232323232324,389,487,1637,7
0.010995297692716122,877,0.443557582668187,0.9823232323232324,389,488,1636,7
0.010934841819107533,878,0.4430523917995444,0.9823232323232324,389,489,1635,7
0.010884242132306099,879,0.44254835039817975,0.9823232323232324,389,490,1634,7
0.010879391804337502,880,0.4420454545454545,0.9823232323232324,389,491,1633,7
0.010864014737308025,881,0.44154370034052215,0.9823232323232324,389,492,1632,7
0.010834877379238605,882,0.4410430839002268,0.9823232323232324,389,493,1631,7
0.010804140008985996,883,0.4405436013590034,0.9823232323232324,389,494,1630,7
0.010785284452140331,884,0.44004524886877827,0.9823232323232324,389,495,1629,7
0.010665911249816418,885,0.43954802259887005,0.9823232323232324,389,496,1628,7
0.010587228462100029,886,0.43905191873589167,0.9823232323232324,389,497,1627,7
0.010582154616713524,887,0.43855693348365277,0.9823232323232324,389,498,1626,7
0.010550872422754765,888,0.4380630630630631,0.9823232323232324,389,499,1625,7
0.01049868669360876,889,0.437570303712036,0.9823232323232324,389,500,1624,7
0.01046325359493494,890,0.4370786516853933,0.9823232323232324,389,501,1623,7
0.0104127898812294,891,0.43658810325476993,0.9823232323232324,389,502,1622,7
0.010391060262918472,892,0.43609865470852016,0.9823232323232324,389,503,1621,7
0.010183817707002163,893,0.43561030235162373,0.9823232323232324,389,504,1620,7
0.010160024277865887,894,0.43512304250559286,0.9823232323232324,389,505,1619,7
0.010113049298524857,895,0.4346368715083799,0.9823232323232324,389,506,1618,7
0.009954583831131458,896,0.4341517857142857,0.9823232323232324,389,507,1617,7
0.009918075054883957,897,0.4336677814938685,0.9823232323232324,389,508,1616,7
0.009880545549094677,898,0.43318485523385303,0.9823232323232324,389,509,1615,7
0.009842186234891415,899,0.43270300333704115,0.9823232323232324,389,510,1614,7
0.00981509406119585,900,0.43222222222222223,0.9823232323232324,389,511,1613,7
0.009760376065969467,901,0.43174250832408434,0.9823232323232324,389,512,1612,7
0.009741291403770447,902,0.4312638580931264,0.9823232323232324,389,513,1611,7
0.009643192403018475,903,0.43078626799557035,0.9823232323232324,389,514,1610,7
0.00952716451138258,904,0.4303097345132743,0.9823232323232324,389,515,1609,7
0.009286056272685528,905,0.4298342541436464,0.9823232323232324,389,516,1608,7
0.009188330732285976,906,0.42935982339955847,0.9823232323232324,389,517,1607,7
0.009160061366856098,907,0.4288864388092613,0.9823232323232324,389,518,1606,7
0.009068876504898071,909,0.42794279427942794,0.9823232323232324,389,520,1604,7
0.009056886658072472,910,0.42747252747252745,0.9823232323232324,389,521,1603,7
0.009053672663867474,911,0.4270032930845225,0.9823232323232324,389,522,1602,7
0.008912441320717335,912,0.42653508771929827,0.9823232323232324,389,523,1601,7
0.008865060284733772,913,0.42606790799561883,0.9823232323232324,389,524,1600,7
0.008791694417595863,914,0.42560175054704596,0.9823232323232324,389,525,1599,7
0.008722200058400631,915,0.42513661202185793,0.9823232323232324,389,526,1598,7
0.008720118552446365,916,0.42467248908296945,0.9823232323232324,389,527,1597,7
0.008698406629264355,917,0.42420937840785167,0.9823232323232324,389,528,1596,7
0.008692866191267967,918,0.42374727668845313,0.9823232323232324,389,529,1595,7
0.008670476265251637,919,0.4232861806311208,0.9823232323232324,389,530,1594,7
0.008631960488855839,920,0.42282608695652174,0.9823232323232324,389,531,1593,7
0.00860593281686306,921,0.4223669923995657,0.9823232323232324,389,532,1592,7
0.008593123406171799,922,0.42190889370932755,0.9823232323232324,389,533,1591,7
0.00851689837872982,923,0.42145178764897073,0.9823232323232324,389,534,1590,7
0.00850876048207283,924,0.420995670995671,0.9823232323232324,389,535,1589,7
0.00845151487737894,925,0.4205405405405405,0.9823232323232324,389,536,1588,7
0.008428568951785564,926,0.4200863930885529,0.9823232323232324,389,537,1587,7
0.00840355921536684,927,0.41963322545846815,0.9823232323232324,389,538,1586,7
0.008381816558539867,928,0.4191810344827586,0.9823232323232324,389,539,1585,7
0.008369804359972477,929,0.418729817007535,0.9823232323232324,389,540,1584,7
0.008258047513663769,930,0.4182795698924731,0.9823232323232324,389,541,1583,7
0.00822412595152855,931,0.4178302900107411,0.9823232323232324,389,542,1582,7
0.008223391138017178,932,0.41738197424892703,0.9823232323232324,389,543,1581,7
0.00819732528179884,933,0.41693461950696675,0.9823232323232324,389,544,1580,7
0.008182904683053493,934,0.4164882226980728,0.9823232323232324,389,545,1579,7
0.00815503392368555,935,0.4160427807486631,0.9823232323232324,389,546,1578,7
0.008136275224387646,936,0.4155982905982906,0.9823232323232324,389,547,1577,7
0.008126446045935154,937,0.4151547491995731,0.9823232323232324,389,548,1576,7
0.008104589767754078,938,0.4157782515991471,0.9848484848484849,390,548,1576,6
0.008087136782705784,939,0.41533546325878595,0.9848484848484849,390,549,1575,6
0.00806584395468235,940,0.4148936170212766,0.9848484848484849,390,550,1574,6
0.008049006573855877,941,0.41445270988310307,0.9848484848484849,390,551,1573,6
0.007965803146362305,942,0.4140127388535032,0.9848484848484849,390,552,1572,6
0.007942989468574524,943,0.4146341463414634,0.9873737373737373,391,552,1572,5
0.007868200540542603,944,0.4141949152542373,0.9873737373737373,391,553,1571,5
0.007817767560482025,945,0.41375661375661377,0.9873737373737373,391,554,1570,5
0.007796060293912888,946,0.41331923890063427,0.9873737373737373,391,555,1569,5
0.007787474896758795,947,0.41288278775079196,0.9873737373737373,391,556,1568,5
0.007750805001705885,948,0.41244725738396626,0.9873737373737373,391,557,1567,5
0.007709394674748182,949,0.41201264488935724,0.9873737373737373,391,558,1566,5
0.007680634036660194,950,0.41157894736842104,0.9873737373737373,391,559,1565,5
0.007679671049118042,951,0.41114616193480547,0.9873737373737373,391,560,1564,5
0.007663869298994541,952,0.4107142857142857,0.9873737373737373,391,561,1563,5
0.007646196521818638,953,0.41028331584470096,0.9873737373737373,391,562,1562,5
0.007459559943526983,954,0.40985324947589097,0.9873737373737373,391,563,1561,5
0.007422194350510836,955,0.4094240837696335,0.9873737373737373,391,564,1560,5
0.0074053374119102955,956,0.4089958158995816,0.9873737373737373,391,565,1559,5
0.007368727121502161,957,0.40856844305120166,0.9873737373737373,391,566,1558,5
0.007317712530493736,958,0.4081419624217119,0.9873737373737373,391,567,1557,5
0.007306947838515043,959,0.40771637122002086,0.9873737373737373,391,568,1556,5
0.007289384491741657,960,0.40729166666666666,0.9873737373737373,391,569,1555,5
0.00724489800632,961,0.4068678459937565,0.9873737373737373,391,570,1554,5
0.007141308393329382,962,0.40644490644490644,0.9873737373737373,391,571,1553,5
0.007124619092792273,963,0.40602284527518173,0.9873737373737373,391,572,1552,5
0.007087255362421274,964,0.40560165975103735,0.9873737373737373,391,573,1551,5
0.007063350174576044,965,0.40518134715025905,0.9873737373737373,391,574,1550,5
0.007046141661703587,966,0.40476190476190477,0.9873737373737373,391,575,1549,5
0.0070311506278812885,967,0.4043433298862461,0.9873737373737373,391,576,1548,5
0.006999998819082975,968,0.40392561983471076,0.9873737373737373,391,577,1547,5
0.006906500086188316,969,0.40350877192982454,0.9873737373737373,391,578,1546,5
0.0068906755186617374,970,0.40309278350515465,0.9873737373737373,391,579,1545,5
0.0068860892206430435,971,0.40267765190525234,0.9873737373737373,391,580,1544,5
0.006878469604998827,972,0.4022633744855967,0.9873737373737373,391,581,1543,5
0.006870802491903305,973,0.40184994861253853,0.9873737373737373,391,582,1542,5
0.0068671260960400105,974,0.40143737166324434,0.9873737373737373,391,583,1541,5
0.006847716402262449,975,0.40102564102564103,0.9873737373737373,391,584,1540,5
0.006819528993219137,976,0.40061475409836067,0.9873737373737373,391,585,1539,5
0.006810410879552364,977,0.4002047082906858,0.9873737373737373,391,586,1538,5
0.00677865045145154,978,0.3997955010224949,0.9873737373737373,391,587,1537,5
0.006736957002431154,979,0.39938712972420837,0.9873737373737373,391,588,1536,5
0.006715580355376005,980,0.3989795918367347,0.9873737373737373,391,589,1535,5
0.006680727005004883,981,0.3985728848114169,0.9873737373737373,391,590,1534,5
0.0066780224442481995,982,0.3981670061099796,0.9873737373737373,391,591,1533,5
0.006630309391766787,983,0.3977619532044761,0.9873737373737373,391,592,1532,5
0.006602954585105181,984,0.39735772357723576,0.9873737373737373,391,593,1531,5
0.006579266395419836,985,0.39695431472081216,0.9873737373737373,391,594,1530,5
0.006502864882349968,986,0.39655172413793105,0.9873737373737373,391,595,1529,5
0.006495555862784386,987,0.3961499493414387,0.9873737373737373,391,596,1528,5
0.0064881956204771996,988,0.395748987854251,0.9873737373737373,391,597,1527,5
0.006379516329616308,989,0.3953488372093023,0.9873737373737373,391,598,1526,5
0.006377255544066429,990,0.39494949494949494,0.9873737373737373,391,599,1525,5
0.006355793680995703,991,0.39455095862764883,0.9873737373737373,391,600,1524,5
0.006341177504509687,992,0.3941532258064516,0.9873737373737373,391,601,1523,5
0.006338194943964481,993,0.39375629405840884,0.9873737373737373,391,602,1522,5
0.00633502472192049,994,0.3933601609657948,0.9873737373737373,391,603,1521,5
0.00632954528555274,995,0.392964824120603,0.9873737373737373,391,604,1520,5
0.006324521265923977,997,0.3921765295887663,0.9873737373737373,391,606,1518,5
0.0062627289444208145,998,0.39178356713426854,0.9873737373737373,391,607,1517,5
0.006246599834412336,999,0.3913913913913914,0.9873737373737373,391,608,1516,5
0.006241347640752792,1000,0.391,0.9873737373737373,391,609,1515,5
0.006231678184121847,1001,0.3906093906093906,0.9873737373737373,391,610,1514,5
0.0062147038988769054,1002,0.3902195608782435,0.9873737373737373,391,611,1513,5
0.006192444358021021,1003,0.3898305084745763,0.9873737373737373,391,612,1512,5
0.006192253436893225,1004,0.3894422310756972,0.9873737373737373,391,613,1511,5
0.0061848340556025505,1006,0.38866799204771374,0.9873737373737373,391,615,1509,5
0.0061423988081514835,1007,0.38828202581926513,0.9873737373737373,391,616,1508,5
0.006127138156443834,1008,0.3878968253968254,0.9873737373737373,391,617,1507,5
0.006088322028517723,1009,0.3875123885034688,0.9873737373737373,391,618,1506,5
0.006047895178198814,1010,0.38712871287128714,0.9873737373737373,391,619,1505,5
0.0060346778482198715,1011,0.3867457962413452,0.9873737373737373,391,620,1504,5
0.006000864785164595,1012,0.38636363636363635,0.9873737373737373,391,621,1503,5
0.005985190626233816,1013,0.3859822309970385,0.9873737373737373,391,622,1502,5
0.005974198691546917,1014,0.3865877712031558,0.98989898989899,392,622,1502,4
0.0059515428729355335,1015,0.38620689655172413,0.98989898989899,392,623,1501,4
0.0059449817053973675,1016,0.3858267716535433,0.98989898989899,392,624,1500,4
0.005902615841478109,1017,0.3854473942969518,0.98989898989899,392,625,1499,4
0.005893590860068798,1018,0.3850687622789784,0.98989898989899,392,626,1498,4
0.00587506964802742,1019,0.38469087340529934,0.98989898989899,392,627,1497,4
0.005856258794665337,1020,0.3843137254901961,0.98989898989899,392,628,1496,4
0.005844785366207361,1021,0.38393731635651324,0.98989898989899,392,629,1495,4
0.00583681371062994,1022,0.3835616438356164,0.98989898989899,392,630,1494,4
0.005803838837891817,1023,0.3831867057673509,0.98989898989899,392,631,1493,4
0.005781967658549547,1024,0.3828125,0.98989898989899,392,632,1492,4
0.005761480890214443,1025,0.3824390243902439,0.98989898989899,392,633,1491,4
0.005676869302988052,1026,0.3820662768031189,0.98989898989899,392,634,1490,4
0.005641207564622164,1027,0.38169425511197663,0.98989898989899,392,635,1489,4
0.005618118215352297,1028,0.38229571984435795,0.9924242424242424,393,635,1489,3
0.005597489420324564,1029,0.3819241982507289,0.9924242424242424,393,636,1488,3
0.005463377106934786,1030,0.38155339805825245,0.9924242424242424,393,637,1487,3
0.0054426295682787895,1031,0.38118331716779824,0.9924242424242424,393,638,1486,3
0.005402775947004557,1032,0.3808139534883721,0.9924242424242424,393,639,1485,3
0.005390436854213476,1033,0.38044530493707646,0.9924242424242424,393,640,1484,3
0.005365756340324879,1034,0.38007736943907156,0.9924242424242424,393,641,1483,3
0.005357031710445881,1035,0.37971014492753624,0.9924242424242424,393,642,1482,3
0.005296668969094753,1036,0.37934362934362936,0.9924242424242424,393,643,1481,3
0.0052855415269732475,1037,0.3789778206364513,0.9924242424242424,393,644,1480,3
0.005280449986457825,1038,0.3786127167630058,0.9924242424242424,393,645,1479,3
0.005264511797577143,1039,0.3782483156881617,0.9924242424242424,393,646,1478,3
0.0052584498189389706,1040,0.3778846153846154,0.9924242424242424,393,647,1477,3
0.0052453214302659035,1041,0.37752161383285304,0.9924242424242424,393,648,1476,3
0.005193731747567654,1042,0.3771593090211132,0.9924242424242424,393,649,1475,3
0.005192926619201899,1043,0.37679769894535,0.9924242424242424,393,650,1474,3
0.005146337673068047,1044,0.3764367816091954,0.9924242424242424,393,651,1473,3
0.005134571343660355,1045,0.37607655502392345,0.9924242424242424,393,652,1472,3
0.005126121453940868,1046,0.375717017208413,0.9924242424242424,393,653,1471,3
0.005104403011500835,1047,0.3753581661891118,0.9924242424242424,393,654,1470,3
0.005101911257952452,1048,0.375,0.9924242424242424,393,655,1469,3
0.005074877291917801,1049,0.3746425166825548,0.9924242424242424,393,656,1468,3
0.0050405762158334255,1050,0.3742857142857143,0.9924242424242424,393,657,1467,3
0.005016430746763945,1051,0.37392959086584204,0.9924242424242424,393,658,1466,3
0.005002809222787619,1052,0.373574144486692,0.9924242424242424,393,659,1465,3
0.004995465744286776,1053,0.3732193732193732,0.9924242424242424,393,660,1464,3
0.00492582144215703,1055,0.37251184834123224,0.9924242424242424,393,662,1462,3
0.004915359430015087,1056,0.3721590909090909,0.9924242424242424,393,663,1461,3
0.00490100122988224,1057,0.3718070009460738,0.9924242424242424,393,664,1460,3
0.00489469850435853,1058,0.3714555765595463,0.9924242424242424,393,665,1459,3
0.004886731971055269,1061,0.3704052780395853,0.9924242424242424,393,668,1456,3
0.0048691523261368275,1062,0.3700564971751412,0.9924242424242424,393,669,1455,3
0.0048600248992443085,1063,0.36970837253057387,0.9924242424242424,393,670,1454,3
0.004826772958040237,1064,0.3693609022556391,0.9924242424242424,393,671,1453,3
0.004820512607693672,1065,0.36901408450704226,0.9924242424242424,393,672,1452,3
0.004819309338927269,1066,0.36866791744840527,0.9924242424242424,393,673,1451,3
0.004795094020664692,1067,0.3683223992502343,0.9924242424242424,393,674,1450,3
0.004728707950562239,1068,0.36797752808988765,0.9924242424242424,393,675,1449,3
0.0047151572071015835,1069,0.3676333021515435,0.9924242424242424,393,676,1448,3
0.00468383589759469,1070,0.36728971962616824,0.9924242424242424,393,677,1447,3
0.004660926293581724,1071,0.36694677871148457,0.9924242424242424,393,678,1446,3
0.004657271318137646,1072,0.3666044776119403,0.9924242424242424,393,679,1445,3
0.004601636901497841,1074,0.3659217877094972,0.9924242424242424,393,681,1443,3
0.004552499391138554,1075,0.3655813953488372,0.9924242424242424,393,682,1442,3
0.00454330537468195,1076,0.3652416356877323,0.9924242424242424,393,683,1441,3
0.004461531527340412,1077,0.3649025069637883,0.9924242424242424,393,684,1440,3
0.0044597298838198185,1078,0.3645640074211503,0.9924242424242424,393,685,1439,3
0.004455118905752897,1079,0.36422613531047265,0.9924242424242424,393,686,1438,3
0.004429795313626528,1080,0.3638888888888889,0.9924242424242424,393,687,1437,3
0.004420197103172541,1081,0.3635522664199815,0.9924242424242424,393,688,1436,3
0.004413330461829901,1082,0.3632162661737523,0.9924242424242424,393,689,1435,3
0.004357153549790382,1083,0.3628808864265928,0.9924242424242424,393,690,1434,3
0.004292177967727184,1084,0.3625461254612546,0.9924242424242424,393,691,1433,3
0.004286229610443115,1085,0.3622119815668203,0.9924242424242424,393,692,1432,3
0.00427912687882781,1086,0.36187845303867405,0.9924242424242424,393,693,1431,3
0.004275329411029816,1087,0.36154553817847285,0.9924242424242424,393,694,1430,3
0.004237866960465908,1088,0.36121323529411764,0.9924242424242424,393,695,1429,3
0.004178458359092474,1089,0.3608815426997245,0.9924242424242424,393,696,1428,3
0.004141945857554674,1090,0.3605504587155963,0.9924242424242424,393,697,1427,3
0.00412788288667798,1091,0.3602199816681943,0.9924242424242424,393,698,1426,3
0.004105444997549057,1092,0.3598901098901099,0.9924242424242424,393,699,1425,3
0.004098260775208473,1093,0.3595608417200366,0.9924242424242424,393,700,1424,3
0.00408798037096858,1094,0.3592321755027422,0.9924242424242424,393,701,1423,3
0.004087013658136129,1095,0.3589041095890411,0.9924242424242424,393,702,1422,3
0.004062093328684568,1096,0.3585766423357664,0.9924242424242424,393,703,1421,3
0.004058965481817722,1097,0.35824977210574294,0.9924242424242424,393,704,1420,3
0.004057899583131075,1098,0.35792349726775957,0.9924242424242424,393,705,1419,3
0.004043173976242542,1099,0.3575978161965423,0.9924242424242424,393,706,1418,3
0.004032432101666927,1100,0.3572727272727273,0.9924242424242424,393,707,1417,3
0.004021011292934418,1101,0.3569482288828338,0.9924242424242424,393,708,1416,3
0.004010910168290138,1102,0.3566243194192377,0.9924242424242424,393,709,1415,3
0.004006219562143087,1103,0.3563009972801451,0.9924242424242424,393,710,1414,3
0.003983278293162584,1104,0.35597826086956524,0.9924242424242424,393,711,1413,3
0.003979479428380728,1105,0.3556561085972851,0.9924242424242424,393,712,1412,3
0.003962373826652765,1106,0.3553345388788427,0.9924242424242424,393,713,1411,3
0.003945326432585716,1107,0.35501355013550134,0.9924242424242424,393,714,1410,3
0.003920867573469877,1108,0.3546931407942238,0.9924242424242424,393,715,1409,3
0.003906800877302885,1109,0.35437330928764654,0.9924242424242424,393,716,1408,3
0.003904921468347311,1110,0.35405405405405405,0.9924242424242424,393,717,1407,3
0.0038925958797335625,1111,0.35373537353735374,0.9924242424242424,393,718,1406,3
0.0038720809388905764,1112,0.3534172661870504,0.9924242424242424,393,719,1405,3
0.003870350308716297,1113,0.353099730458221,0.9924242424242424,393,720,1404,3
0.0038694129325449467,1114,0.3527827648114901,0.9924242424242424,393,721,1403,3
0.003817865625023842,1115,0.3524663677130045,0.9924242424242424,393,722,1402,3
0.003796130418777466,1116,0.35304659498207885,0.9949494949494949,394,722,1402,2
0.0037652510218322277,1117,0.35273052820053713,0.9949494949494949,394,723,1401,2
0.003748640650883317,1118,0.35241502683363146,0.9949494949494949,394,724,1400,2
0.0037354736123234034,1119,0.3521000893655049,0.9949494949494949,394,725,1399,2
0.003686537267640233,1120,0.3517857142857143,0.9949494949494949,394,726,1398,2
0.0036744512617588043,1121,0.3514719000892061,0.9949494949494949,394,727,1397,2
0.0036420307587832212,1122,0.3511586452762923,0.9949494949494949,394,728,1396,2
0.0036166422069072723,1123,0.3508459483526269,0.9949494949494949,394,729,1395,2
0.0035974071361124516,1124,0.3505338078291815,0.9949494949494949,394,730,1394,2
0.003589920001104474,1125,0.3502222222222222,0.9949494949494949,394,731,1393,2
0.0035674073733389378,1126,0.34991119005328597,0.9949494949494949,394,732,1392,2
0.003562878118827939,1127,0.34960070984915703,0.9949494949494949,394,733,1391,2
0.0035590322222560644,1128,0.34929078014184395,0.9949494949494949,394,734,1390,2
0.0035467392299324274,1129,0.3489813994685562,0.9949494949494949,394,735,1389,2
0.0035405883099883795,1130,0.3486725663716814,0.9949494949494949,394,736,1388,2
0.003533880691975355,1131,0.34836427939876213,0.9949494949494949,394,737,1387,2
0.00352952117100358,1132,0.3480565371024735,0.9949494949494949,394,738,1386,2
0.0035295109264552593,1133,0.34774933804060015,0.9949494949494949,394,739,1385,2
0.0035016676411032677,1134,0.3474426807760141,0.9949494949494949,394,740,1384,2
0.0034650908783078194,1136,0.34683098591549294,0.9949494949494949,394,742,1382,2
0.0034643963444978,1137,0.3465259454705365,0.9949494949494949,394,743,1381,2
0.0034610393922775984,1138,0.3462214411247803,0.9949494949494949,394,744,1380,2
0.0034526437520980835,1139,0.34591747146619845,0.9949494949494949,394,745,1379,2
0.003440279047936201,1140,0.3456140350877193,0.9949494949494949,394,746,1378,2
0.0034169673454016447,1141,0.3453111305872042,0.9949494949494949,394,747,1377,2
0.00341539247892797,1142,0.3450087565674256,0.9949494949494949,394,748,1376,2
0.003410778008401394,1143,0.3447069116360455,0.9949494949494949,394,749,1375,2
0.0034004237968474627,1144,0.34440559440559443,0.9949494949494949,394,750,1374,2
0.003387297037988901,1145,0.3441048034934498,0.9949494949494949,394,751,1373,2
0.003387068398296833,1146,0.343804537521815,0.9949494949494949,394,752,1372,2
0.0033842383418232203,1147,0.3435047951176983,0.9949494949494949,394,753,1371,2
0.0033725278917700052,1149,0.3429068755439513,0.9949494949494949,394,755,1369,2
0.0033716335892677307,1150,0.3426086956521739,0.9949494949494949,394,756,1368,2
0.003360678907483816,1151,0.3423110338835795,0.9949494949494949,394,757,1367,2
0.0033549515064805746,1152,0.3420138888888889,0.9949494949494949,394,758,1366,2
0.003337420988827944,1153,0.3417172593235039,0.9949494949494949,394,759,1365,2
0.003313225694000721,1154,0.341421143847487,0.9949494949494949,394,760,1364,2
0.0033069737255573273,1155,0.3411255411255411,0.9949494949494949,394,761,1363,2
0.0032897726632654667,1156,0.3408304498269896,0.9949494949494949,394,762,1362,2
0.0032428563572466373,1157,0.34053586862575624,0.9949494949494949,394,763,1361,2
0.003238863777369261,1158,0.34024179620034545,0.9949494949494949,394,764,1360,2
0.0032221763394773006,1159,0.3399482312338223,0.9949494949494949,394,765,1359,2
0.0032125760335475206,1160,0.3396551724137931,0.9949494949494949,394,766,1358,2
0.003186364658176899,1161,0.33936261843238585,0.9949494949494949,394,767,1357,2
0.0031616331543773413,1162,0.33907056798623064,0.9949494949494949,394,768,1356,2
0.0031513450667262077,1163,0.33877901977644026,0.9949494949494949,394,769,1355,2
0.00314970500767231,1164,0.3384879725085911,0.9949494949494949,394,770,1354,2
0.0031383007299154997,1165,0.3381974248927039,0.9949494949494949,394,771,1353,2
0.003107558935880661,1166,0.3379073756432247,0.9949494949494949,394,772,1352,2
0.003107133787125349,1167,0.337617823479006,0.9949494949494949,394,773,1351,2
0.003104659030213952,1168,0.3373287671232877,0.9949494949494949,394,774,1350,2
0.0030368806328624487,1169,0.33704020530367834,0.9949494949494949,394,775,1349,2
0.0030192709527909756,1170,0.3367521367521368,0.9949494949494949,394,776,1348,2
0.0029962128028273582,1171,0.336464560204953,0.9949494949494949,394,777,1347,2
0.0029797644820064306,1172,0.3361774744027304,0.9949494949494949,394,778,1346,2
0.002970800967887044,1173,0.3358908780903666,0.9949494949494949,394,779,1345,2
0.002962624654173851,1174,0.33560477001703576,0.9949494949494949,394,780,1344,2
0.0029558828100562096,1175,0.3353191489361702,0.9949494949494949,394,781,1343,2
0.002953052520751953,1176,0.33503401360544216,0.9949494949494949,394,782,1342,2
0.0029518743976950645,1177,0.33474936278674594,0.9949494949494949,394,783,1341,2
0.0029502499382942915,1178,0.33446519524617996,0.9949494949494949,394,784,1340,2
0.002939114347100258,1179,0.3341815097540288,0.9949494949494949,394,785,1339,2
0.002932799281552434,1180,0.3338983050847458,0.9949494949494949,394,786,1338,2
0.002914582844823599,1181,0.3336155800169348,0.9949494949494949,394,787,1337,2
0.002870416035875678,1182,0.3333333333333333,0.9949494949494949,394,788,1336,2
0.002869608113542199,1183,0.3330515638207946,0.9949494949494949,394,789,1335,2
0.0028319694101810455,1184,0.3327702702702703,0.9949494949494949,394,790,1334,2
0.0028256340883672237,1185,0.33248945147679326,0.9949494949494949,394,791,1333,2
0.0028221604879945517,1186,0.33220910623946037,0.9949494949494949,394,792,1332,2
0.0028064767830073833,1187,0.33192923336141533,0.9949494949494949,394,793,1331,2
0.0028043347410857677,1188,0.33164983164983164,0.9949494949494949,394,794,1330,2
0.0027985640335828066,1189,0.3313708999158957,0.9949494949494949,394,795,1329,2
0.0027939449064433575,1190,0.3310924369747899,0.9949494949494949,394,796,1328,2
0.0027883558068424463,1191,0.3308144416456759,0.9949494949494949,394,797,1327,2
0.002784423530101776,1192,0.33053691275167785,0.9949494949494949,394,798,1326,2
0.0027724721003323793,1194,0.32998324958123953,0.9949494949494949,394,800,1324,2
0.0027484388556331396,1195,0.3297071129707113,0.9949494949494949,394,801,1323,2
0.0027426602318882942,1196,0.3294314381270903,0.9949494949494949,394,802,1322,2
0.0026969059836119413,1197,0.329156223893066,0.9949494949494949,394,803,1321,2
0.0026690326631069183,1198,0.328881469115192,0.9949494949494949,394,804,1320,2
0.0026640782598406076,1199,0.3286071726438699,0.9949494949494949,394,805,1319,2
0.002661493606865406,1200,0.3283333333333333,0.9949494949494949,394,806,1318,2
0.002645206870511174,1201,0.32805995004163196,0.9949494949494949,394,807,1317,2
0.00264431769028306,1202,0.3277870216306156,0.9949494949494949,394,808,1316,2
0.002641371451318264,1203,0.32751454696591853,0.9949494949494949,394,809,1315,2
0.002636649878695607,1204,0.3272425249169435,0.9949494949494949,394,810,1314,2
0.002633501775562763,1205,0.3269709543568465,0.9949494949494949,394,811,1313,2
0.0026330247055739164,1206,0.32669983416252074,0.9949494949494949,394,812,1312,2
0.002623578766360879,1207,0.3264291632145816,0.9949494949494949,394,813,1311,2
0.0026188092306256294,1208,0.326158940397351,0.9949494949494949,394,814,1310,2
0.002615156350657344,1209,0.32588916459884204,0.9949494949494949,394,815,1309,2
0.002609551651403308,1210,0.3256198347107438,0.9949494949494949,394,816,1308,2
0.0026084845885634422,1211,0.32535094962840627,0.9949494949494949,394,817,1307,2
0.0025863354094326496,1212,0.3250825082508251,0.9949494949494949,394,818,1306,2
0.0025820545852184296,1213,0.32481450948062657,0.9949494949494949,394,819,1305,2
0.0025816517882049084,1214,0.3245469522240527,0.9949494949494949,394,820,1304,2
0.0025780985597521067,1215,0.3242798353909465,0.9949494949494949,394,821,1303,2
0.0025709965266287327,1216,0.32401315789473684,0.9949494949494949,394,822,1302,2
0.0025625620037317276,1217,0.323746918652424,0.9949494949494949,394,823,1301,2
0.002551591955125332,1218,0.32348111658456485,0.9949494949494949,394,824,1300,2
0.002545073628425598,1220,0.32295081967213113,0.9949494949494949,394,826,1298,2
0.0025420719757676125,1221,0.3226863226863227,0.9949494949494949,394,827,1297,2
0.0025255687069147825,1222,0.32242225859247137,0.9949494949494949,394,828,1296,2
0.0025140559300780296,1223,0.3221586263286999,0.9949494949494949,394,829,1295,2
0.002508006524294615,1224,0.32189542483660133,0.9949494949494949,394,830,1294,2
0.002495944034308195,1225,0.3216326530612245,0.9949494949494949,394,831,1293,2
0.0024777634534984827,1226,0.32137030995106036,0.9949494949494949,394,832,1292,2
0.0024754474870860577,1227,0.3211083944580277,0.9949494949494949,394,833,1291,2
0.002472339663654566,1228,0.32084690553745926,0.9949494949494949,394,834,1290,2
0.002462671836838126,1230,0.3203252032520325,0.9949494949494949,394,836,1288,2
0.002460977528244257,1231,0.3200649878147847,0.9949494949494949,394,837,1287,2
0.0024446051102131605,1232,0.3198051948051948,0.9949494949494949,394,838,1286,2
0.002443113597109914,1233,0.3195458231954582,0.9949494949494949,394,839,1285,2
0.0024392735213041306,1234,0.3192868719611021,0.9949494949494949,394,840,1284,2
0.002432551933452487,1235,0.31902834008097164,0.9949494949494949,394,841,1283,2
0.0024318613577634096,1236,0.3187702265372168,0.9949494949494949,394,842,1282,2
0.002420058473944664,1237,0.3185125303152789,0.9949494949494949,394,843,1281,2
0.0024139347951859236,1238,0.3182552504038772,0.9949494949494949,394,844,1280,2
0.002410263055935502,1239,0.31799838579499595,0.9949494949494949,394,845,1279,2
0.0024099124129861593,1240,0.317741935483871,0.9949494949494949,394,846,1278,2
0.0024097461719065905,1241,0.3174858984689766,0.9949494949494949,394,847,1277,2
0.002403359627351165,1242,0.3172302737520129,0.9949494949494949,394,848,1276,2
0.0023999777622520924,1243,0.3169750603378922,0.9949494949494949,394,849,1275,2
0.002383843529969454,1244,0.3167202572347267,0.9949494949494949,394,850,1274,2
0.0023748576641082764,1245,0.3164658634538153,0.9949494949494949,394,851,1273,2
0.0023736886214464903,1246,0.3162118780096308,0.9949494949494949,394,852,1272,2
0.0023715554270893335,1247,0.31595829991980756,0.9949494949494949,394,853,1271,2
0.002368838293477893,1248,0.3157051282051282,0.9949494949494949,394,854,1270,2
0.002366884844377637,1249,0.3154523618895116,0.9949494949494949,394,855,1269,2
0.002365040360018611,1250,0.3152,0.9949494949494949,394,856,1268,2
0.0023635702673345804,1251,0.3149480415667466,0.9949494949494949,394,857,1267,2
0.0023622135631740093,1252,0.3146964856230032,0.9949494949494949,394,858,1266,2
0.0023492465261369944,1253,0.31444533120510776,0.9949494949494949,394,859,1265,2
0.0023464832920581102,1254,0.3141945773524721,0.9949494949494949,394,860,1264,2
0.0023439705837517977,1255,0.3139442231075697,0.9949494949494949,394,861,1263,2
0.0023385665845125914,1256,0.31369426751592355,0.9949494949494949,394,862,1262,2
0.002333215903490782,1257,0.3134447096260939,0.9949494949494949,394,863,1261,2
0.002330533694475889,1258,0.31319554848966613,0.9949494949494949,394,864,1260,2
0.002324662869796157,1259,0.3129467831612391,0.9949494949494949,394,865,1259,2
0.0023194376844912767,1260,0.3126984126984127,0.9949494949494949,394,866,1258,2
0.002317919861525297,1261,0.31245043616177637,0.9949494949494949,394,867,1257,2
0.0023171755019575357,1262,0.312202852614897,0.9949494949494949,394,868,1256,2
0.002316356636583805,1263,0.3119556611243072,0.9949494949494949,394,869,1255,2
0.0023079330567270517,1265,0.31146245059288535,0.9949494949494949,394,871,1253,2
0.0023040310479700565,1266,0.31121642969984203,0.9949494949494949,394,872,1252,2
0.0022901783231645823,1267,0.31097079715864245,0.9949494949494949,394,873,1251,2
0.0022799682337790728,1268,0.3107255520504732,0.9949494949494949,394,874,1250,2
0.0022642973344773054,1269,0.31048069345941687,0.9949494949494949,394,875,1249,2
0.0022541754879057407,1270,0.3102362204724409,0.9949494949494949,394,876,1248,2
0.0022489726543426514,1271,0.3099921321793863,0.9949494949494949,394,877,1247,2
0.0022381129674613476,1272,0.30974842767295596,0.9949494949494949,394,878,1246,2
0.0022295338567346334,1273,0.30950510604870385,0.9949494949494949,394,879,1245,2
0.0022274006623774767,1274,0.3092621664050236,0.9949494949494949,394,880,1244,2
0.002222761744633317,1275,0.30901960784313726,0.9949494949494949,394,881,1243,2
0.002220707945525646,1276,0.30877742946708464,0.9949494949494949,394,882,1242,2
0.00222058966755867,1277,0.30853563038371185,0.9949494949494949,394,883,1241,2
0.0022147854324430227,1278,0.3082942097026604,0.9949494949494949,394,884,1240,2
0.002213096711784601,1279,0.3080531665363565,0.9949494949494949,394,885,1239,2
0.0022119556088000536,1280,0.3078125,0.9949494949494949,394,886,1238,2
0.002206671517342329,1281,0.3075722092115535,0.9949494949494949,394,887,1237,2
0.002196795307099819,1282,0.3073322932917317,0.9949494949494949,394,888,1236,2
0.0021817206870764494,1283,0.30709275136399067,0.9949494949494949,394,889,1235,2
0.002180727431550622,1284,0.3068535825545171,0.9949494949494949,394,890,1234,2
0.0021752072498202324,1285,0.3066147859922179,0.9949494949494949,394,891,1233,2
0.0021511877421289682,1286,0.30637636080870917,0.9949494949494949,394,892,1232,2
0.002140357159078121,1287,0.3061383061383061,0.9949494949494949,394,893,1231,2
0.0021402277052402496,1288,0.3059006211180124,0.9949494949494949,394,894,1230,2
0.0021345873828977346,1289,0.3056633048875097,0.9949494949494949,394,895,1229,2
0.0021318437065929174,1290,0.3054263565891473,0.9949494949494949,394,896,1228,2
0.0021247295662760735,1291,0.30518977536793185,0.9949494949494949,394,897,1227,2
0.0021122179459780455,1292,0.30495356037151705,0.9949494949494949,394,898,1226,2
0.002111720619723201,1293,0.3047177107501933,0.9949494949494949,394,899,1225,2
0.002109591383486986,1294,0.3044822256568779,0.9949494949494949,394,900,1224,2
0.0021074723917990923,1295,0.30424710424710427,0.9949494949494949,394,901,1223,2
0.002103433944284916,1296,0.30401234567901236,0.9949494949494949,394,902,1222,2
0.002098134020343423,1297,0.3037779491133385,0.9949494949494949,394,903,1221,2
0.002095586620271206,1298,0.3035439137134052,0.9949494949494949,394,904,1220,2
0.0020953952334821224,1299,0.30331023864511164,0.9949494949494949,394,905,1219,2
0.0020695391576737165,1300,0.3030769230769231,0.9949494949494949,394,906,1218,2
0.002055784221738577,1301,0.30284396617986165,0.9949494949494949,394,907,1217,2
0.0020554105285555124,1302,0.30261136712749614,0.9949494949494949,394,908,1216,2
0.0020478656515479088,1303,0.30237912509593246,0.9949494949494949,394,909,1215,2
0.002042227191850543,1305,0.30191570881226054,0.9949494949494949,394,911,1213,2
0.0020383144728839397,1306,0.3016845329249617,0.9949494949494949,394,912,1212,2
0.002030939795076847,1307,0.30145371078806427,0.9949494949494949,394,913,1211,2
0.0020280492026358843,1308,0.3012232415902141,0.9949494949494949,394,914,1210,2
0.0020234836265444756,1309,0.3009931245225363,0.9949494949494949,394,915,1209,2
0.0020228347275406122,1310,0.300763358778626,0.9949494949494949,394,916,1208,2
0.0020176221150904894,1311,0.3005339435545385,0.9949494949494949,394,917,1207,2
0.002014798577874899,1312,0.3003048780487805,0.9949494949494949,394,918,1206,2
0.002008611336350441,1313,0.3000761614623001,0.9949494949494949,394,919,1205,2
0.002007177099585533,1314,0.2998477929984779,0.9949494949494949,394,920,1204,2
0.002003277884796262,1315,0.2996197718631179,0.9949494949494949,394,921,1203,2
0.0019994350150227547,1316,0.2993920972644377,0.9949494949494949,394,922,1202,2
0.0019971414003521204,1317,0.29916476841306,0.9949494949494949,394,923,1201,2
0.0019967707339674234,1318,0.29893778452200304,0.9949494949494949,394,924,1200,2
0.0019912649877369404,1319,0.2987111448066717,0.9949494949494949,394,925,1199,2
0.0019787107594311237,1320,0.29848484848484846,0.9949494949494949,394,926,1198,2
0.00196815375238657,1321,0.2982588947766843,0.9949494949494949,394,927,1197,2
0.001962085487321019,1322,0.2980332829046899,0.9949494949494949,394,928,1196,2
0.001961026806384325,1323,0.29780801209372637,0.9949494949494949,394,929,1195,2
0.001956396736204624,1324,0.297583081570997,0.9949494949494949,394,930,1194,2
0.001954107778146863,1325,0.29735849056603775,0.9949494949494949,394,931,1193,2
0.0019455872243270278,1326,0.2971342383107089,0.9949494949494949,394,932,1192,2
0.0019421911565586925,1327,0.29691032403918616,0.9949494949494949,394,933,1191,2
0.0019396297866478562,1328,0.29668674698795183,0.9949494949494949,394,934,1190,2
0.0019369085785001516,1329,0.2964635063957863,0.9949494949494949,394,935,1189,2
0.0019345557084307075,1330,0.2962406015037594,0.9949494949494949,394,936,1188,2
0.0019337455742061138,1331,0.29601803155522166,0.9949494949494949,394,937,1187,2
0.0019232798367738724,1332,0.2957957957957958,0.9949494949494949,394,938,1186,2
0.0019192886538803577,1333,0.2955738934733683,0.9949494949494949,394,939,1185,2
0.0019170183222740889,1334,0.29535232383808097,0.9949494949494949,394,940,1184,2
0.001916488166898489,1335,0.2951310861423221,0.9949494949494949,394,941,1183,2
0.001913038082420826,1336,0.2949101796407186,0.9949494949494949,394,942,1182,2
0.0019087808905169368,1337,0.29468960359012714,0.9949494949494949,394,943,1181,2
0.001905488083139062,1338,0.2944693572496263,0.9949494949494949,394,944,1180,2
0.0018955591367557645,1339,0.29424943988050783,0.9949494949494949,394,945,1179,2
0.0018894416280090809,1340,0.29402985074626864,0.9949494949494949,394,946,1178,2
0.0018889192724600434,1341,0.29381058911260255,0.9949494949494949,394,947,1177,2
0.0018887132173404098,1342,0.293591654247392,0.9949494949494949,394,948,1176,2
0.0018861523130908608,1343,0.2933730454206999,0.9949494949494949,394,949,1175,2
0.0018783379346132278,1344,0.2931547619047619,0.9949494949494949,394,950,1174,2
0.0018712627934291959,1345,0.2929368029739777,0.9949494949494949,394,951,1173,2
0.0018696656916290522,1346,0.29271916790490343,0.9949494949494949,394,952,1172,2
0.0018636937020346522,1347,0.2925018559762435,0.9949494949494949,394,953,1171,2
0.001862125238403678,1348,0.2922848664688427,0.9949494949494949,394,954,1170,2
0.0018613445572555065,1349,0.2920681986656783,0.9949494949494949,394,955,1169,2
0.0018575150752440095,1350,0.29185185185185186,0.9949494949494949,394,956,1168,2
0.0018514380790293217,1351,0.29163582531458176,0.9949494949494949,394,957,1167,2
0.001850702567026019,1352,0.29142011834319526,0.9949494949494949,394,958,1166,2
0.0018436216050758958,1353,0.29120473022912047,0.9949494949494949,394,959,1165,2
0.001828626962378621,1354,0.29098966026587886,0.9949494949494949,394,960,1164,2
0.0018222912913188338,1355,0.2907749077490775,0.9949494949494949,394,961,1163,2
0.0018172001000493765,1356,0.29056047197640117,0.9949494949494949,394,962,1162,2
0.0018132033292204142,1357,0.290346352247605,0.9949494949494949,394,963,1161,2
0.0018107927171513438,1358,0.29013254786450665,0.9949494949494949,394,964,1160,2
0.001809951732866466,1359,0.2899190581309787,0.9949494949494949,394,965,1159,2
0.0018051613587886095,1360,0.2897058823529412,0.9949494949494949,394,966,1158,2
0.0017964612925425172,1362,0.28928046989721,0.9949494949494949,394,968,1156,2
0.0017961629200726748,1363,0.289068231841526,0.9949494949494949,394,969,1155,2
0.0017959618708118796,1364,0.28885630498533726,0.9949494949494949,394,970,1154,2
0.0017877588979899883,1365,0.2886446886446886,0.9949494949494949,394,971,1153,2
0.001780939637683332,1366,0.2884333821376281,0.9949494949494949,394,972,1152,2
0.0017799733905121684,1367,0.288222384784199,0.9949494949494949,394,973,1151,2
0.0017665522173047066,1368,0.2880116959064328,0.9949494949494949,394,974,1150,2
0.0017585459863767028,1369,0.28780131482834187,0.9949494949494949,394,975,1149,2
0.0017531018238514662,1370,0.2875912408759124,0.9949494949494949,394,976,1148,2
0.0017418167553842068,1371,0.287381473377097,0.9949494949494949,394,977,1147,2
0.0017349048284813762,1372,0.28717201166180756,0.9949494949494949,394,978,1146,2
0.001714496174827218,1373,0.2869628550619082,0.9949494949494949,394,979,1145,2
0.001712423749268055,1374,0.2867540029112082,0.9949494949494949,394,980,1144,2
0.0017116406233981252,1375,0.28654545454545455,0.9949494949494949,394,981,1143,2
0.001709840027615428,1376,0.2863372093023256,0.9949494949494949,394,982,1142,2
0.0017064956482499838,1377,0.2861292665214234,0.9949494949494949,394,983,1141,2
0.0017009037546813488,1378,0.28592162554426703,0.9949494949494949,394,984,1140,2
0.0016934177838265896,1379,0.2857142857142857,0.9949494949494949,394,985,1139,2
0.0016847789520397782,1380,0.2855072463768116,0.9949494949494949,394,986,1138,2
0.0016724952729418874,1381,0.28530050687907316,0.9949494949494949,394,987,1137,2
0.001665925607085228,1382,0.28509406657018815,0.9949494949494949,394,988,1136,2
0.0016573431203141809,1383,0.2848879248011569,0.9949494949494949,394,989,1135,2
0.001645407173782587,1384,0.2846820809248555,0.9949494949494949,394,990,1134,2
0.0016427860828116536,1385,0.28447653429602887,0.9949494949494949,394,991,1133,2
0.0016413468401879072,1386,0.2842712842712843,0.9949494949494949,394,992,1132,2
0.0016392370453104377,1387,0.28406633020908434,0.9949494949494949,394,993,1131,2
0.001633425708860159,1388,0.2838616714697406,0.9949494949494949,394,994,1130,2
0.0016029250109568238,1389,0.2836573074154068,0.9949494949494949,394,995,1129,2
0.0015997530426830053,1390,0.28345323741007195,0.9949494949494949,394,996,1128,2
0.0015961858443915844,1391,0.28324946081955427,0.9949494949494949,394,997,1127,2
0.0015907222405076027,1392,0.28304597701149425,0.9949494949494949,394,998,1126,2
0.0015873913653194904,1393,0.2828427853553482,0.9949494949494949,394,999,1125,2
0.0015833540819585323,1394,0.28263988522238165,0.9949494949494949,394,1000,1124,2
0.0015786031726747751,1395,0.2824372759856631,0.9949494949494949,394,1001,1123,2
0.0015774169005453587,1396,0.2822349570200573,0.9949494949494949,394,1002,1122,2
0.0015688504790887237,1397,0.28203292770221905,0.9949494949494949,394,1003,1121,2
0.0015660661738365889,1398,0.28183118741058655,0.9949494949494949,394,1004,1120,2
0.0015653849113732576,1400,0.2814285714285714,0.9949494949494949,394,1006,1118,2
0.0015554279088974,1401,0.28122769450392576,0.9949494949494949,394,1007,1117,2
0.0015529203228652477,1402,0.2810271041369472,0.9949494949494949,394,1008,1116,2
0.0015499265864491463,1403,0.28082679971489666,0.9949494949494949,394,1009,1115,2
0.0015408304752781987,1404,0.28062678062678065,0.9949494949494949,394,1010,1114,2
0.0015305549604818225,1405,0.2804270462633452,0.9949494949494949,394,1011,1113,2
0.0015179818728938699,1406,0.2802275960170697,0.9949494949494949,394,1012,1112,2
0.0015128396917134523,1407,0.28002842928216065,0.9949494949494949,394,1013,1111,2
0.0015081650344654918,1408,0.27982954545454547,0.9949494949494949,394,1014,1110,2
0.0015020509017631412,1409,0.27963094393186655,0.9949494949494949,394,1015,1109,2
0.0015018993290141225,1410,0.2794326241134752,0.9949494949494949,394,1016,1108,2
0.0015002104919403791,1411,0.27923458540042523,0.9949494949494949,394,1017,1107,2
0.0014989810297265649,1412,0.2790368271954674,0.9949494949494949,394,1018,1106,2
0.0014936242951080203,1413,0.2788393489030432,0.9949494949494949,394,1019,1105,2
0.0014920157846063375,1414,0.27864214992927866,0.9949494949494949,394,1020,1104,2
0.0014828270068392158,1415,0.2784452296819788,0.9949494949494949,394,1021,1103,2
0.0014823455130681396,1416,0.2782485875706215,0.9949494949494949,394,1022,1102,2
0.0014756942400708795,1417,0.27805222300635146,0.9949494949494949,394,1023,1101,2
0.00145734753459692,1418,0.2778561354019746,0.9949494949494949,394,1024,1100,2
0.0014545266749337316,1419,0.2776603241719521,0.9949494949494949,394,1025,1099,2
0.0014526740415021777,1420,0.2774647887323944,0.9949494949494949,394,1026,1098,2
0.001451902324333787,1421,0.2772695285010556,0.9949494949494949,394,1027,1097,2
0.0014518469106405973,1422,0.2770745428973277,0.9949494949494949,394,1028,1096,2
0.0014505920698866248,1423,0.2768798313422347,0.9949494949494949,394,1029,1095,2
0.0014500098768621683,1424,0.27668539325842695,0.9949494949494949,394,1030,1094,2
0.0014460600214079022,1425,0.27649122807017545,0.9949494949494949,394,1031,1093,2
0.0014362541260197759,1426,0.2762973352033661,0.9949494949494949,394,1032,1092,2
0.0014276228612288833,1427,0.27610371408549406,0.9949494949494949,394,1033,1091,2
0.0014268496306613088,1428,0.2759103641456583,0.9949494949494949,394,1034,1090,2
0.0014263951452448964,1429,0.27571728481455565,0.9949494949494949,394,1035,1089,2
0.0014215180417522788,1430,0.2755244755244755,0.9949494949494949,394,1036,1088,2
0.0014211708912625909,1431,0.2753319357092942,0.9949494949494949,394,1037,1087,2
0.0014180621365085244,1432,0.2751396648044693,0.9949494949494949,394,1038,1086,2
0.0014173269737511873,1433,0.2749476622470342,0.9949494949494949,394,1039,1085,2
0.0014076372608542442,1434,0.27475592747559274,0.9949494949494949,394,1040,1084,2
0.001405712915584445,1435,0.2745644599303136,0.9949494949494949,394,1041,1083,2
0.0014020568924024701,1436,0.2743732590529248,0.9949494949494949,394,1042,1082,2
0.001400170847773552,1437,0.2741823242867084,0.9949494949494949,394,1043,1081,2
0.0013947662664577365,1438,0.27399165507649514,0.9949494949494949,394,1044,1080,2
0.0013932574074715376,1439,0.2738012508686588,0.9949494949494949,394,1045,1079,2
0.0013921433128416538,1441,0.2734212352532963,0.9949494949494949,394,1047,1077,2
0.0013873871648684144,1442,0.27323162274618584,0.9949494949494949,394,1048,1076,2
0.001386428251862526,1443,0.273042273042273,0.9949494949494949,394,1049,1075,2
0.001375645282678306,1444,0.27285318559556787,0.9949494949494949,394,1050,1074,2
0.0013702602591365576,1445,0.2726643598615917,0.9949494949494949,394,1051,1073,2
0.0013691135682165623,1446,0.27247579529737204,0.9949494949494949,394,1052,1072,2
0.0013673315988853574,1447,0.2722874913614375,0.9949494949494949,394,1053,1071,2
0.001366304000839591,1448,0.27209944751381215,0.9949494949494949,394,1054,1070,2
0.0013652262277901173,1449,0.27191166321601107,0.9949494949494949,394,1055,1069,2
0.0013638838427141309,1450,0.2717241379310345,0.9949494949494949,394,1056,1068,2
0.0013628347078338265,1451,0.2715368711233632,0.9949494949494949,394,1057,1067,2
0.0013616534415632486,1452,0.2713498622589532,0.9949494949494949,394,1058,1066,2
0.001359878689981997,1453,0.27116311080523053,0.9949494949494949,394,1059,1065,2
0.0013572541065514088,1454,0.27097661623108665,0.9949494949494949,394,1060,1064,2
0.00134558929130435,1455,0.27079037800687283,0.9949494949494949,394,1061,1063,2
0.0013434553984552622,1456,0.2706043956043956,0.9949494949494949,394,1062,1062,2
0.0013391465181484818,1457,0.2704186684969115,0.9949494949494949,394,1063,1061,2
0.0013375022681429982,1458,0.27023319615912206,0.9949494949494949,394,1064,1060,2
0.0013372207758948207,1459,0.2700479780671693,0.9949494949494949,394,1065,1059,2
0.0013364542974159122,1460,0.26986301369863014,0.9949494949494949,394,1066,1058,2
0.001330008264631033,1461,0.26967830253251196,0.9949494949494949,394,1067,1057,2
0.0013175054918974638,1462,0.2694938440492476,0.9949494949494949,394,1068,1056,2
0.001316569047048688,1463,0.2693096377306904,0.9949494949494949,394,1069,1055,2
0.0013146639103069901,1464,0.2691256830601093,0.9949494949494949,394,1070,1054,2
0.0013146544806659222,1465,0.2689419795221843,0.9949494949494949,394,1071,1053,2
0.0013121425872668624,1466,0.26875852660300137,0.9949494949494949,394,1072,1052,2
0.0013065104139968753,1468,0.26907356948228883,0.9974747474747475,395,1073,1051,1
0.0012943686451762915,1469,0.2688904016337645,0.9974747474747475,395,1074,1050,1
0.0012898902641609311,1471,0.2685248130523453,0.9974747474747475,395,1076,1048,1
0.0012897035339847207,1472,0.26834239130434784,0.9974747474747475,395,1077,1047,1
0.0012827335158362985,1473,0.2681602172437203,0.9974747474747475,395,1078,1046,1
0.001280204625800252,1474,0.26797829036635007,0.9974747474747475,395,1079,1045,1
0.001280068652704358,1475,0.2677966101694915,0.9974747474747475,395,1080,1044,1
0.0012751197209581733,1476,0.2676151761517615,0.9974747474747475,395,1081,1043,1
0.0012684507528319955,1477,0.2674339878131347,0.9974747474747475,395,1082,1042,1
0.0012662520166486502,1478,0.2672530446549391,0.9974747474747475,395,1083,1041,1
0.001263547339476645,1479,0.26707234617985126,0.9974747474747475,395,1084,1040,1
0.001261879806406796,1480,0.2668918918918919,0.9974747474747475,395,1085,1039,1
0.0012614651350304484,1481,0.2667116812964213,0.9974747474747475,395,1086,1038,1
0.0012538335286080837,1482,0.26653171390013497,0.9974747474747475,395,1087,1037,1
0.0012532639084383845,1483,0.2663519892110587,0.9974747474747475,395,1088,1036,1
0.0012506929924711585,1484,0.2661725067385445,0.9974747474747475,395,1089,1035,1
0.0012447976041585207,1485,0.265993265993266,0.9974747474747475,395,1090,1034,1
0.0012425279710441828,1486,0.265814266487214,0.9974747474747475,395,1091,1033,1
0.0012364019639790058,1487,0.265635507733692,0.9974747474747475,395,1092,1032,1
0.0012357215164229274,1488,0.2654569892473118,0.9974747474747475,395,1093,1031,1
0.0012337685329839587,1489,0.26527871054398927,0.9974747474747475,395,1094,1030,1
0.0012308059958741069,1490,0.2651006711409396,0.9974747474747475,395,1095,1029,1
0.0012119336752220988,1491,0.26492287055667335,0.9974747474747475,395,1096,1028,1
0.001207978231832385,1492,0.26474530831099197,0.9974747474747475,395,1097,1027,1
0.0012019205605611205,1493,0.26456798392498326,0.9974747474747475,395,1098,1026,1
0.0012000621063634753,1494,0.2643908969210174,0.9974747474747475,395,1099,1025,1
0.0011982271680608392,1495,0.26421404682274247,0.9974747474747475,395,1100,1024,1
0.0011875027557834983,1496,0.2640374331550802,0.9974747474747475,395,1101,1023,1
0.0011779391206800938,1497,0.2638610554442218,0.9974747474747475,395,1102,1022,1
0.001174226519651711,1498,0.2636849132176235,0.9974747474747475,395,1103,1021,1
0.0011727034579962492,1499,0.2635090060040027,0.9974747474747475,395,1104,1020,1
0.0011689055245369673,1500,0.2633333333333333,0.9974747474747475,395,1105,1019,1
0.0011650725500658154,1501,0.2631578947368421,0.9974747474747475,395,1106,1018,1
0.001162990229204297,1502,0.262982689747004,0.9974747474747475,395,1107,1017,1
0.0011548366164788604,1503,0.26280771789753826,0.9974747474747475,395,1108,1016,1
0.001150945550762117,1504,0.26263297872340424,0.9974747474747475,395,1109,1015,1
0.0011442204704508185,1505,0.26245847176079734,0.9974747474747475,395,1110,1014,1
0.0011435160413384438,1506,0.26228419654714474,0.9974747474747475,395,1111,1013,1
0.0011432840256020427,1507,0.26211015262110154,0.9974747474747475,395,1112,1012,1
0.0011422564275562763,1508,0.2619363395225464,0.9974747474747475,395,1113,1011,1
0.0011388432467356324,1509,0.2617627567925779,0.9974747474747475,395,1114,1010,1
0.0011381349759176373,1510,0.26158940397350994,0.9974747474747475,395,1115,1009,1
0.0011373390443623066,1511,0.2614162806088683,0.9974747474747475,395,1116,1008,1
0.0011357723269611597,1512,0.2612433862433862,0.9974747474747475,395,1117,1007,1
0.0011286266380921006,1513,0.26107072042300067,0.9974747474747475,395,1118,1006,1
0.0011274080025032163,1514,0.2608982826948481,0.9974747474747475,395,1119,1005,1
0.0011262369807809591,1516,0.2605540897097625,0.9974747474747475,395,1121,1003,1
0.0011239793384447694,1517,0.2603823335530653,0.9974747474747475,395,1122,1002,1
0.0011195024708285928,1518,0.2602108036890646,0.9974747474747475,395,1123,1001,1
0.0011173918610438704,1519,0.26003949967083606,0.9974747474747475,395,1124,1000,1
0.0011146303731948137,1520,0.2598684210526316,0.9974747474747475,395,1125,999,1
0.0011127849575132132,1521,0.2596975673898751,0.9974747474747475,395,1126,998,1
0.0011127302423119545,1522,0.259526938239159,0.9974747474747475,395,1127,997,1
0.0011102320859208703,1523,0.2593565331582403,0.9974747474747475,395,1128,996,1
0.0011095638619735837,1524,0.25918635170603677,0.9974747474747475,395,1129,995,1
0.0011090529151260853,1525,0.25901639344262295,0.9974747474747475,395,1130,994,1
0.001108823111280799,1526,0.25884665792922673,0.9974747474747475,395,1131,993,1
0.0011063535930588841,1527,0.2586771447282253,0.9974747474747475,395,1132,992,1
0.001104125753045082,1528,0.25850785340314136,0.9974747474747475,395,1133,991,1
0.001103937509469688,1529,0.25833878351863965,0.9974747474747475,395,1134,990,1
0.0011030465830117464,1530,0.2581699346405229,0.9974747474747475,395,1135,989,1
0.001102894195355475,1531,0.25800130633572826,0.9974747474747475,395,1136,988,1
0.0011011725291609764,1532,0.25783289817232374,0.9974747474747475,395,1137,987,1
0.0011006618151441216,1533,0.2576647097195042,0.9974747474747475,395,1138,986,1
0.0011001145467162132,1534,0.25749674054758803,0.9974747474747475,395,1139,985,1
0.001099846907891333,1535,0.25732899022801303,0.9974747474747475,395,1140,984,1
0.0010965232504531741,1536,0.2571614583333333,0.9974747474747475,395,1141,983,1
0.001093393424525857,1537,0.25699414443721535,0.9974747474747475,395,1142,982,1
0.0010927930707111955,1538,0.25682704811443435,0.9974747474747475,395,1143,981,1
0.0010856976732611656,1539,0.2566601689408707,0.9974747474747475,395,1144,980,1
0.0010845259530469775,1540,0.2564935064935065,0.9974747474747475,395,1145,979,1
0.0010835655266419053,1541,0.2563270603504218,0.9974747474747475,395,1146,978,1
0.001077982597053051,1542,0.25616083009079116,0.9974747474747475,395,1147,977,1
0.0010765622137114406,1543,0.2559948152948801,0.9974747474747475,395,1148,976,1
0.00106551474891603,1544,0.25582901554404147,0.9974747474747475,395,1149,975,1
0.0010621894616633654,1545,0.255663430420712,0.9974747474747475,395,1150,974,1
0.0010620305547490716,1546,0.2554980595084088,0.9974747474747475,395,1151,973,1
0.001056653680279851,1547,0.2553329023917259,0.9974747474747475,395,1152,972,1
0.0010562973329797387,1548,0.25516795865633074,0.9974747474747475,395,1153,971,1
0.0010539687937125564,1549,0.2550032278889606,0.9974747474747475,395,1154,970,1
0.0010421833721920848,1550,0.25483870967741934,0.9974747474747475,395,1155,969,1
0.0010399686871096492,1551,0.2546744036105738,0.9974747474747475,395,1156,968,1
0.001037304988130927,1552,0.2545103092783505,0.9974747474747475,395,1157,967,1
0.001032073749229312,1553,0.25434642627173215,0.9974747474747475,395,1158,966,1
0.001031885389238596,1554,0.25418275418275416,0.9974747474747475,395,1159,965,1
0.001030064420774579,1555,0.2540192926045016,0.9974747474747475,395,1160,964,1
0.0010268110781908035,1556,0.2538560411311054,0.9974747474747475,395,1161,963,1
0.0010235566878691316,1557,0.25369299935773926,0.9974747474747475,395,1162,962,1
0.001023056567646563,1559,0.25336754329698524,0.9974747474747475,395,1164,960,1
0.0010165205458179116,1560,0.2532051282051282,0.9974747474747475,395,1165,959,1
0.0010144313564524055,1562,0.2528809218950064,0.9974747474747475,395,1167,957,1
0.001014255452901125,1563,0.2527191298784389,0.9974747474747475,395,1168,956,1
0.001013067550957203,1564,0.25255754475703324,0.9974747474747475,395,1169,955,1
0.0010091522708535194,1565,0.2523961661341853,0.9974747474747475,395,1170,954,1
0.0010079737985506654,1566,0.25223499361430396,0.9974747474747475,395,1171,953,1
0.001004870980978012,1567,0.25207402680280794,0.9974747474747475,395,1172,952,1
0.0010042717913165689,1568,0.25191326530612246,0.9974747474747475,395,1173,951,1
0.0010033121798187494,1569,0.2517527087316762,0.9974747474747475,395,1174,950,1
0.0010030034463852644,1570,0.2515923566878981,0.9974747474747475,395,1175,949,1
0.0010029929690063,1571,0.25143220878421385,0.9974747474747475,395,1176,948,1
0.0010014894651249051,1572,0.25127226463104324,0.9974747474747475,395,1177,947,1
0.0010008561657741666,1573,0.25111252383979654,0.9974747474747475,395,1178,946,1
0.0009862699080258608,1575,0.2507936507936508,0.9974747474747475,395,1180,944,1
0.0009786852169781923,1576,0.2506345177664975,0.9974747474747475,395,1181,943,1
0.0009754085331223905,1577,0.25047558655675334,0.9974747474747475,395,1182,942,1
0.0009727075230330229,1578,0.2503168567807351,0.9974747474747475,395,1183,941,1
0.0009669145802035928,1579,0.25015832805573146,0.9974747474747475,395,1184,940,1
0.000966516206972301,1580,0.25,0.9974747474747475,395,1185,939,1
0.0009641103097237647,1581,0.24984187223276408,0.9974747474747475,395,1186,938,1
0.0009638563496991992,1582,0.24968394437420985,0.9974747474747475,395,1187,937,1
0.0009628618718124926,1583,0.24952621604548325,0.9974747474747475,395,1188,936,1
0.0009610690758563578,1584,0.24936868686868688,0.9974747474747475,395,1189,935,1
0.000961029261816293,1585,0.24921135646687698,0.9974747474747475,395,1190,934,1
0.0009585808147676289,1586,0.24905422446406053,0.9974747474747475,395,1191,933,1
0.0009568858076818287,1587,0.24889729048519219,0.9974747474747475,395,1192,932,1
0.0009556759614497423,1588,0.24874055415617127,0.9974747474747475,395,1193,931,1
0.0009537030127830803,1589,0.2485840151038389,0.9974747474747475,395,1194,930,1
0.0009532932890579104,1590,0.24842767295597484,0.9974747474747475,395,1195,929,1
0.0009522598120383918,1591,0.2482715273412948,0.9974747474747475,395,1196,928,1
0.0009484478505328298,1592,0.24811557788944724,0.9974747474747475,395,1197,927,1
0.000942531565669924,1593,0.24795982423101068,0.9974747474747475,395,1198,926,1
0.0009422518778592348,1594,0.24780426599749059,0.9974747474747475,395,1199,925,1
0.0009415074600838125,1595,0.2476489028213166,0.9974747474747475,395,1200,924,1
0.0009410030324943364,1596,0.2474937343358396,0.9974747474747475,395,1201,923,1
0.0009325657738372684,1597,0.24733876017532874,0.9974747474747475,395,1202,922,1
0.0009303001570515335,1598,0.24718397997496871,0.9974747474747475,395,1203,921,1
0.0009290578309446573,1599,0.24702939337085678,0.9974747474747475,395,1204,920,1
0.0009290113812312484,1600,0.246875,0.9974747474747475,395,1205,919,1
0.00092862150631845,1601,0.2467207995003123,0.9974747474747475,395,1206,918,1
0.0009263711399398744,1602,0.24656679151061173,0.9974747474747475,395,1207,917,1
0.0009195873863063753,1603,0.2464129756706176,0.9974747474747475,395,1208,916,1
0.0009191678836941719,1604,0.24625935162094764,0.9974747474747475,395,1209,915,1
0.0009190180571749806,1605,0.24610591900311526,0.9974747474747475,395,1210,914,1
0.0009172012214548886,1606,0.2459526774595268,0.9974747474747475,395,1211,913,1
0.0009154986473731697,1607,0.24579962663347854,0.9974747474747475,395,1212,912,1
0.0009134637075476348,1608,0.24564676616915423,0.9974747474747475,395,1213,911,1
0.0009088160586543381,1609,0.24549409571162212,0.9974747474747475,395,1214,910,1
0.0009073642431758344,1610,0.2453416149068323,0.9974747474747475,395,1215,909,1
0.0009030470391735435,1611,0.2451893234016139,0.9974747474747475,395,1216,908,1
0.0009018303826451302,1612,0.24503722084367247,0.9974747474747475,395,1217,907,1
0.000900419254321605,1613,0.2448853068815871,0.9974747474747475,395,1218,906,1
0.000899299921002239,1614,0.24473358116480792,0.9974747474747475,395,1219,905,1
0.000899198348633945,1615,0.24458204334365324,0.9974747474747475,395,1220,904,1
0.0008975048549473286,1616,0.24443069306930693,0.9974747474747475,395,1221,903,1
0.0008969248156063259,1617,0.24427952999381572,0.9974747474747475,395,1222,902,1
0.0008832297171466053,1618,0.24412855377008652,0.9974747474747475,395,1223,901,1
0.0008819422801025212,1619,0.24397776405188387,0.9974747474747475,395,1224,900,1
0.00088039058027789,1620,0.24382716049382716,0.9974747474747475,395,1225,899,1
0.0008801477961242199,1621,0.24367674275138804,0.9974747474747475,395,1226,898,1
0.000879106461070478,1622,0.2435265104808878,0.9974747474747475,395,1227,897,1
0.0008766893297433853,1623,0.24337646333949475,0.9974747474747475,395,1228,896,1
0.0008761173230595887,1624,0.24322660098522167,0.9974747474747475,395,1229,895,1
0.0008743372745811939,1625,0.24307692307692308,0.9974747474747475,395,1230,894,1
0.0008727379608899355,1626,0.24292742927429276,0.9974747474747475,395,1231,893,1
0.0008711821283213794,1627,0.2427781192378611,0.9974747474747475,395,1232,892,1
0.0008690887480042875,1628,0.24262899262899262,0.9974747474747475,395,1233,891,1
0.0008669457165524364,1629,0.24248004910988336,0.9974747474747475,395,1234,890,1
0.0008664126507937908,1630,0.24233128834355827,0.9974747474747475,395,1235,889,1
0.0008648974471725523,1631,0.2421827099938688,0.9974747474747475,395,1236,888,1
0.0008586816838942468,1632,0.2420343137254902,0.9974747474747475,395,1237,887,1
0.0008539199479855597,1633,0.24188609920391918,0.9974747474747475,395,1238,886,1
0.0008512747590430081,1634,0.24173806609547124,0.9974747474747475,395,1239,885,1
0.0008489575702697039,1635,0.2415902140672783,0.9974747474747475,395,1240,884,1
0.0008477417868562043,1636,0.24144254278728605,0.9974747474747475,395,1241,883,1
0.0008434794144704938,1637,0.24129505192425169,0.9974747474747475,395,1242,882,1
0.0008421582169830799,1638,0.24114774114774115,0.9974747474747475,395,1243,881,1
0.0008419211953878403,1639,0.2410006101281269,0.9974747474747475,395,1244,880,1
0.0008398427744396031,1640,0.24085365853658536,0.9974747474747475,395,1245,879,1
0.0008395198965445161,1641,0.24070688604509446,0.9974747474747475,395,1246,878,1
0.0008382936357520521,1642,0.24056029232643117,0.9974747474747475,395,1247,877,1
0.0008360269712284207,1644,0.2402676399026764,0.9974747474747475,395,1249,875,1
0.0008334589656442404,1645,0.24012158054711247,0.9974747474747475,395,1250,874,1
0.0008320366614498198,1646,0.2399756986634265,0.9974747474747475,395,1251,873,1
0.0008305493975058198,1647,0.23982999392835458,0.9974747474747475,395,1252,872,1
0.0008278159657493234,1648,0.23968446601941748,0.9974747474747475,395,1253,871,1
0.0008223914774134755,1649,0.23953911461491814,0.9974747474747475,395,1254,870,1
0.0008219726732932031,1650,0.23939393939393938,0.9974747474747475,395,1255,869,1
0.0008188440697267652,1651,0.23924894003634162,0.9974747474747475,395,1256,868,1
0.0008187679923139513,1652,0.2391041162227603,0.9974747474747475,395,1257,867,1
0.0008154017850756645,1653,0.23895946763460374,0.9974747474747475,395,1258,866,1
0.000811374862678349,1654,0.23881499395405079,0.9974747474747475,395,1259,865,1
0.0008106317836791277,1656,0.23852657004830918,0.9974747474747475,395,1261,863,1
0.0008096263045445085,1657,0.2383826191913096,0.9974747474747475,395,1262,862,1
0.0008066868176683784,1658,0.2382388419782871,0.9974747474747475,395,1263,861,1
0.0008014952763915062,1659,0.23809523809523808,0.9974747474747475,395,1264,860,1
0.0008012517355382442,1660,0.23795180722891565,0.9974747474747475,395,1265,859,1
0.0007996217464096844,1661,0.23780854906682722,0.9974747474747475,395,1266,858,1
0.0007942435913719237,1662,0.23766546329723226,0.9974747474747475,395,1267,857,1
0.0007894104346632957,1663,0.2375225496091401,0.9974747474747475,395,1268,856,1
0.0007881393539719284,1664,0.23737980769230768,0.9974747474747475,395,1269,855,1
0.0007768702344037592,1665,0.23723723723723725,0.9974747474747475,395,1270,854,1
0.0007615239010192454,1666,0.23709483793517408,0.9974747474747475,395,1271,853,1
0.0007589806336909533,1669,0.2366686638705812,0.9974747474747475,395,1274,850,1
0.0007578766671940684,1670,0.23652694610778444,0.9974747474747475,395,1275,849,1
0.0007562872488051653,1671,0.23638539796529023,0.9974747474747475,395,1276,848,1
0.0007550307200290263,1672,0.23624401913875598,0.9974747474747475,395,1277,847,1
0.0007529100403189659,1673,0.23610280932456665,0.9974747474747475,395,1278,846,1
0.0007500608917325735,1674,0.23596176821983272,0.9974747474747475,395,1279,845,1
0.0007488877745345235,1675,0.23582089552238805,0.9974747474747475,395,1280,844,1
0.0007486038375645876,1676,0.2356801909307876,0.9974747474747475,395,1281,843,1
0.0007459567859768867,1677,0.2355396541443053,0.9974747474747475,395,1282,842,1
0.0007439881446771324,1678,0.23539928486293207,0.9974747474747475,395,1283,841,1
0.0007439579931087792,1679,0.23525908278737342,0.9974747474747475,395,1284,840,1
0.0007439045002683997,1680,0.23511904761904762,0.9974747474747475,395,1285,839,1
0.000743866607081145,1681,0.23497917906008328,0.9974747474747475,395,1286,838,1
0.0007431269041262567,1682,0.2348394768133175,0.9974747474747475,395,1287,837,1
0.0007429463439621031,1683,0.23469994058229351,0.9974747474747475,395,1288,836,1
0.0007424756768159568,1684,0.2345605700712589,0.9974747474747475,395,1289,835,1
0.0007388269295915961,1685,0.2344213649851632,0.9974747474747475,395,1290,834,1
0.0007380145834758878,1686,0.23428232502965599,0.9974747474747475,395,1291,833,1
0.0007363271433860064,1687,0.23414344991108477,0.9974747474747475,395,1292,832,1
0.0007350858068093657,1688,0.23400473933649288,0.9974747474747475,395,1293,831,1
0.0007330773514695466,1689,0.23386619301361752,0.9974747474747475,395,1294,830,1
0.0007307337946258485,1690,0.23372781065088757,0.9974747474747475,395,1295,829,1
0.0007285289466381073,1691,0.23358959195742166,0.9974747474747475,395,1296,828,1
0.0007244131411425769,1692,0.233451536643026,0.9974747474747475,395,1297,827,1
0.0007233342621475458,1693,0.23331364441819255,0.9974747474747475,395,1298,826,1
0.0007219465915113688,1694,0.23317591499409682,0.9974747474747475,395,1299,825,1
0.0007179603562690318,1695,0.23303834808259588,0.9974747474747475,395,1300,824,1
0.000717129441909492,1696,0.2329009433962264,0.9974747474747475,395,1301,823,1
0.000714571273420006,1697,0.2327637006482027,0.9974747474747475,395,1302,822,1
0.0007130892481654882,1698,0.2326266195524146,0.9974747474747475,395,1303,821,1
0.0007130831363610923,1699,0.23248969982342554,0.9974747474747475,395,1304,820,1
0.0007122718379832804,1700,0.2323529411764706,0.9974747474747475,395,1305,819,1
0.0007070646388456225,1701,0.23221634332745444,0.9974747474747475,395,1306,818,1
0.0007067375699989498,1703,0.23194362889019376,0.9974747474747475,395,1308,816,1
0.0007039288175292313,1704,0.2318075117370892,0.9974747474747475,395,1309,815,1
0.0006998142343945801,1705,0.2316715542521994,0.9974747474747475,395,1310,814,1
0.0006992165581323206,1706,0.23153575615474795,0.9974747474747475,395,1311,813,1
0.0006990526453591883,1707,0.23140011716461628,0.9974747474747475,395,1312,812,1
0.0006985914660617709,1708,0.23126463700234193,0.9974747474747475,395,1313,811,1
0.0006985684740357101,1710,0.2309941520467836,0.9974747474747475,395,1315,809,1
0.0006975968135520816,1711,0.23085914669783753,0.9974747474747475,395,1316,808,1
0.0006967317895032465,1712,0.23072429906542055,0.9974747474747475,395,1317,807,1
0.0006955389399081469,1713,0.23058960887332167,0.9974747474747475,395,1318,806,1
0.0006948664668016136,1714,0.23045507584597433,0.9974747474747475,395,1319,805,1
0.0006939985323697329,1715,0.2303206997084548,0.9974747474747475,395,1320,804,1
0.0006938301958143711,1716,0.2301864801864802,0.9974747474747475,395,1321,803,1
0.0006925466586835682,1717,0.23005241700640652,0.9974747474747475,395,1322,802,1
0.0006863666349090636,1718,0.229918509895227,0.9974747474747475,395,1323,801,1
0.0006857455591671169,1719,0.2297847585805701,0.9974747474747475,395,1324,800,1
0.0006836320389993489,1720,0.22965116279069767,0.9974747474747475,395,1325,799,1
0.0006798309041187167,1721,0.2295177222545032,0.9974747474747475,395,1326,798,1
0.0006752641056664288,1722,0.22938443670150988,0.9974747474747475,395,1327,797,1
0.0006748490850441158,1723,0.22925130586186884,0.9974747474747475,395,1328,796,1
0.0006735771894454956,1724,0.2291183294663573,0.9974747474747475,395,1329,795,1
0.0006729288143105805,1725,0.2289855072463768,0.9974747474747475,395,1330,794,1
0.0006729021552018821,1726,0.22885283893395134,0.9974747474747475,395,1331,793,1
0.0006723925471305847,1727,0.22872032426172553,0.9974747474747475,395,1332,792,1
0.0006675870390608907,1728,0.22858796296296297,0.9974747474747475,395,1333,791,1
0.0006658758502453566,1729,0.22845575477154426,0.9974747474747475,395,1334,790,1
0.0006629232666455209,1730,0.22832369942196531,0.9974747474747475,395,1335,789,1
0.0006602681241929531,1731,0.22819179664933564,0.9974747474747475,395,1336,788,1
0.0006589822005480528,1732,0.22806004618937645,0.9974747474747475,395,1337,787,1
0.000657677766866982,1733,0.22792844777841892,0.9974747474747475,395,1338,786,1
0.0006563524948433042,1734,0.22779700115340254,0.9974747474747475,395,1339,785,1
0.0006539685418829322,1735,0.2276657060518732,0.9974747474747475,395,1340,784,1
0.0006433332455344498,1736,0.22753456221198157,0.9974747474747475,395,1341,783,1
0.0006412391667254269,1737,0.2274035693724813,0.9974747474747475,395,1342,782,1
0.0006408453918993473,1738,0.22727272727272727,0.9974747474747475,395,1343,781,1
0.0006397542310878634,1739,0.22714203565267396,0.9974747474747475,395,1344,780,1
0.0006394714000634849,1740,0.22701149425287356,0.9974747474747475,395,1345,779,1
0.0006364507717080414,1741,0.22688110281447443,0.9974747474747475,395,1346,778,1
0.0006331745535135269,1742,0.2267508610792193,0.9974747474747475,395,1347,777,1
0.0006329516181722283,1743,0.22662076878944348,0.9974747474747475,395,1348,776,1
0.0006323866546154022,1744,0.22649082568807338,0.9974747474747475,395,1349,775,1
0.0006322037661448121,1745,0.22636103151862463,0.9974747474747475,395,1350,774,1
0.00063134211814031,1746,0.22623138602520046,0.9974747474747475,395,1351,773,1
0.0006291874451562762,1747,0.22610188895248998,0.9974747474747475,395,1352,772,1
0.0006290273740887642,1748,0.22597254004576658,0.9974747474747475,395,1353,771,1
0.0006239830399863422,1749,0.22584333905088622,0.9974747474747475,395,1354,770,1
0.0006220473442226648,1750,0.2257142857142857,0.9974747474747475,395,1355,769,1
0.000621485523879528,1751,0.22558537978298115,0.9974747474747475,395,1356,768,1
0.0006195575697347522,1752,0.2254566210045662,0.9974747474747475,395,1357,767,1
0.0006164572550915182,1753,0.2253280091272105,0.9974747474747475,395,1358,766,1
0.0006156080053187907,1754,0.22519954389965793,0.9974747474747475,395,1359,765,1
0.0006155120208859444,1755,0.22507122507122507,0.9974747474747475,395,1360,764,1
0.0006147701060399413,1756,0.22494305239179954,0.9974747474747475,395,1361,763,1
0.0006137166055850685,1757,0.22481502561183836,0.9974747474747475,395,1362,762,1
0.0006128130480647087,1759,0.2245594087549744,0.9974747474747475,395,1364,760,1
0.0006119559402577579,1760,0.22443181818181818,0.9974747474747475,395,1365,759,1
0.0006097889272496104,1761,0.22430437251561613,0.9974747474747475,395,1366,758,1
0.0006078485166653991,1764,0.22392290249433106,0.9974747474747475,395,1369,755,1
0.000607527035754174,1765,0.2237960339943343,0.9974747474747475,395,1370,754,1
0.0006068739457987249,1766,0.22366930917327293,0.9974747474747475,395,1371,753,1
0.0006056400598026812,1767,0.22354272778720996,0.9974747474747475,395,1372,752,1
0.0006010184879414737,1768,0.2234162895927602,0.9974747474747475,395,1373,751,1
0.0006007865886203945,1769,0.22328999434708874,0.9974747474747475,395,1374,750,1
0.0005972650833427906,1770,0.2231638418079096,0.9974747474747475,395,1375,749,1
0.0005970129277557135,1771,0.2230378317334839,0.9974747474747475,395,1376,748,1
0.0005958370747976005,1772,0.2229119638826185,0.9974747474747475,395,1377,747,1
0.0005957467947155237,1773,0.2227862380146644,0.9974747474747475,395,1378,746,1
0.0005927865277044475,1774,0.22266065388951523,0.9974747474747475,395,1379,745,1
0.000592589087318629,1775,0.22253521126760564,0.9974747474747475,395,1380,744,1
0.0005884160636924207,1776,0.22240990990990991,0.9974747474747475,395,1381,743,1
0.0005867676227353513,1777,0.22228474957794034,0.9974747474747475,395,1382,742,1
0.0005831053131259978,1778,0.22215973003374578,0.9974747474747475,395,1383,741,1
0.0005815686890855432,1779,0.22203485103991005,0.9974747474747475,395,1384,740,1
0.0005811808514408767,1780,0.22191011235955055,0.9974747474747475,395,1385,739,1
0.0005806971457786858,1781,0.22178551375631667,0.9974747474747475,395,1386,738,1
0.0005786455003544688,1782,0.22166105499438832,0.9974747474747475,395,1387,737,1
0.000577858998440206,1783,0.22153673583847447,0.9974747474747475,395,1388,736,1
0.0005746840033680201,1784,0.22141255605381166,0.9974747474747475,395,1389,735,1
0.0005743360379710793,1785,0.22128851540616246,0.9974747474747475,395,1390,734,1
0.0005732460995204747,1786,0.2211646136618141,0.9974747474747475,395,1391,733,1
0.0005731089040637016,1787,0.22104085058757694,0.9974747474747475,395,1392,732,1
0.0005712887505069375,1788,0.220917225950783,0.9974747474747475,395,1393,731,1
0.0005710179102607071,1789,0.22079373951928452,0.9974747474747475,395,1394,730,1
0.0005709773395210505,1790,0.2206703910614525,0.9974747474747475,395,1395,729,1
0.0005693413550034165,1791,0.22054718034617532,0.9974747474747475,395,1396,728,1
0.0005678320303559303,1792,0.22042410714285715,0.9974747474747475,395,1397,727,1
0.0005677422159351408,1793,0.22030117122141663,0.9974747474747475,395,1398,726,1
0.0005651011597365141,1794,0.2201783723522854,0.9974747474747475,395,1399,725,1
0.0005625004996545613,1795,0.2200557103064067,0.9974747474747475,395,1400,724,1
0.0005616318085230887,1796,0.21993318485523386,0.9974747474747475,395,1401,723,1
0.0005592411034740508,1797,0.21981079577072898,0.9974747474747475,395,1402,722,1
0.0005550901405513287,1798,0.21968854282536152,0.9974747474747475,395,1403,721,1
0.0005540738929994404,1799,0.21956642579210672,0.9974747474747475,395,1404,720,1
0.0005534400115720928,1800,0.21944444444444444,0.9974747474747475,395,1405,719,1
0.0005516851088032126,1801,0.21932259855635758,0.9974747474747475,395,1406,718,1
0.0005515838856808841,1802,0.21920088790233075,0.9974747474747475,395,1407,717,1
0.0005507063469849527,1803,0.21907931225734886,0.9974747474747475,395,1408,716,1
0.0005494593060575426,1804,0.2189578713968958,0.9974747474747475,395,1409,715,1
0.0005441626999527216,1805,0.2188365650969529,0.9974747474747475,395,1410,714,1
0.0005406486452557147,1806,0.2187153931339978,0.9974747474747475,395,1411,713,1
0.0005404387484304607,1807,0.21859435528500276,0.9974747474747475,395,1412,712,1
0.0005393302417360246,1808,0.21847345132743362,0.9974747474747475,395,1413,711,1
0.0005373081075958908,1809,0.2183526810392482,0.9974747474747475,395,1414,710,1
0.0005342226359061897,1810,0.21823204419889503,0.9974747474747475,395,1415,709,1
0.0005334797315299511,1811,0.21811154058531199,0.9974747474747475,395,1416,708,1
0.0005329458508640528,1812,0.21799116997792495,0.9974747474747475,395,1417,707,1
0.000523933966178447,1813,0.21787093215664644,0.9974747474747475,395,1418,706,1
0.0005229308735579252,1814,0.2177508269018743,0.9974747474747475,395,1419,705,1
0.0005228077643550932,1815,0.21763085399449036,0.9974747474747475,395,1420,704,1
0.0005204585031606257,1816,0.21751101321585903,0.9974747474747475,395,1421,703,1
0.0005196222336962819,1817,0.21739130434782608,0.9974747474747475,395,1422,702,1
0.0005168143543414772,1818,0.21727172717271728,0.9974747474747475,395,1423,701,1
0.0005138737033121288,1819,0.217152281473337,0.9974747474747475,395,1424,700,1
0.0005127551849000156,1820,0.21703296703296704,0.9974747474747475,395,1425,699,1
0.0005118618137203157,1821,0.21691378363536518,0.9974747474747475,395,1426,698,1
0.0005109271151013672,1822,0.216794731064764,0.9974747474747475,395,1427,697,1
0.0005101835122331977,1823,0.21667580910586945,0.9974747474747475,395,1428,696,1
0.0005045623984187841,1824,0.21655701754385964,0.9974747474747475,395,1429,695,1
0.0005040125106461346,1825,0.21643835616438356,0.9974747474747475,395,1430,694,1
0.0005029948079027236,1826,0.21631982475355968,0.9974747474747475,395,1431,693,1
0.0005028818850405514,1827,0.21620142309797483,0.9974747474747475,395,1432,692,1
0.0004992798785679042,1830,0.21584699453551912,0.9974747474747475,395,1435,689,1
0.0004975917981937528,1831,0.21572910977607865,0.9974747474747475,395,1436,688,1
0.0004974365001544356,1832,0.21561135371179038,0.9974747474747475,395,1437,687,1
0.0004957511555403471,1833,0.215493726132024,0.9974747474747475,395,1438,686,1
0.0004942454979754984,1834,0.2153762268266085,0.9974747474747475,395,1439,685,1
0.0004931469447910786,1835,0.21525885558583105,0.9974747474747475,395,1440,684,1
0.0004926195251755416,1836,0.21514161220043573,0.9974747474747475,395,1441,683,1
0.000491358048748225,1838,0.21490750816104462,0.9974747474747475,395,1443,681,1
0.00048509385669603944,1839,0.21479064709081022,0.9974747474747475,395,1444,680,1
0.00048487220192328095,1840,0.21467391304347827,0.9974747474747475,395,1445,679,1
0.00048415170749649405,1841,0.21455730581205867,0.9974747474747475,395,1446,678,1
0.0004834122664760798,1842,0.21444082519001087,0.9974747474747475,395,1447,677,1
0.0004821040201932192,1843,0.21432447097124255,0.9974747474747475,395,1448,676,1
0.00047861767234280705,1844,0.21420824295010846,0.9974747474747475,395,1449,675,1
0.0004778447328135371,1845,0.2140921409214092,0.9974747474747475,395,1450,674,1
0.00047767782234586775,1846,0.21397616468039005,0.9974747474747475,395,1451,673,1
0.0004751494852825999,1848,0.21374458874458874,0.9974747474747475,395,1453,671,1
0.00047513702884316444,1849,0.21362898864250945,0.9974747474747475,395,1454,670,1
0.00047417377936653793,1850,0.21351351351351353,0.9974747474747475,395,1455,669,1
0.0004731030494440347,1851,0.21339816315505133,0.9974747474747475,395,1456,668,1
0.00046940878382883966,1852,0.2132829373650108,0.9974747474747475,395,1457,667,1
0.0004666878667194396,1853,0.21316783594171615,0.9974747474747475,395,1458,666,1
0.00046491652028635144,1854,0.21305285868392665,0.9974747474747475,395,1459,665,1
0.0004630823095794767,1855,0.21293800539083557,0.9974747474747475,395,1460,664,1
0.00046152976574376225,1856,0.21282327586206898,0.9974747474747475,395,1461,663,1
0.00046034870319999754,1857,0.21270866989768444,0.9974747474747475,395,1462,662,1
0.0004567051655612886,1858,0.21259418729817006,0.9974747474747475,395,1463,661,1
0.00045457607484422624,1860,0.21236559139784947,0.9974747474747475,395,1465,659,1
0.00045395444612950087,1861,0.2122514777001612,0.9974747474747475,395,1466,658,1
0.00045165320625528693,1862,0.2121374865735768,0.9974747474747475,395,1467,657,1
0.0004508784622885287,1863,0.21202361782071927,0.9974747474747475,395,1468,656,1
0.0004497274640016258,1864,0.2119098712446352,0.9974747474747475,395,1469,655,1
0.0004477138863876462,1865,0.21179624664879357,0.9974747474747475,395,1470,654,1
0.00044630133197642863,1866,0.21168274383708469,0.9974747474747475,395,1471,653,1
0.000445562502136454,1867,0.21156936261381895,0.9974747474747475,395,1472,652,1
0.0004453729197848588,1868,0.21199143468950749,1.0,396,1472,652,0
0.0004440460179466754,1869,0.21187800963081863,1.0,396,1473,651,0
0.00044292720849625766,1870,0.21176470588235294,1.0,396,1474,650,0
0.00044252988300286233,1871,0.21165152324959915,1.0,396,1475,649,0
0.00044244001037441194,1872,0.21153846153846154,1.0,396,1476,648,0
0.00044055416947230697,1873,0.21142552055525896,1.0,396,1477,647,0
0.0004404147621244192,1874,0.2113127001067236,1.0,396,1478,646,0
0.0004358365840744227,1875,0.2112,1.0,396,1479,645,0
0.0004309348587412387,1876,0.21108742004264391,1.0,396,1480,644,0
0.0004260219866409898,1877,0.2109749600426212,1.0,396,1481,643,0
0.00042572952224873006,1878,0.2108626198083067,1.0,396,1482,642,0
0.00042499738628976047,1879,0.21075039914848323,1.0,396,1483,641,0
0.0004234217049088329,1880,0.21063829787234042,1.0,396,1484,640,0
0.0004233710642438382,1881,0.21052631578947367,1.0,396,1485,639,0
0.00042327219853177667,1882,0.2104144527098831,1.0,396,1486,638,0
0.00041983675328083336,1883,0.2103027084439724,1.0,396,1487,637,0
0.0004180549585726112,1884,0.21019108280254778,1.0,396,1488,636,0
0.0004176422953605652,1885,0.21007957559681698,1.0,396,1489,635,0
0.00041730861994437873,1886,0.20996818663838812,1.0,396,1490,634,0
0.0004147005674894899,1887,0.20985691573926868,1.0,396,1491,633,0
0.0004141814715694636,1888,0.2097457627118644,1.0,396,1492,632,0
0.00041191698983311653,1890,0.20952380952380953,1.0,396,1494,630,0
0.0004115967021789402,1891,0.2094130089899524,1.0,396,1495,629,0
0.0004108211142010987,1892,0.20930232558139536,1.0,396,1496,628,0
0.00040969165274873376,1893,0.2091917591125198,1.0,396,1497,627,0
0.0004089459835086018,1894,0.20908130939809927,1.0,396,1498,626,0
0.00040678883669897914,1895,0.20897097625329816,1.0,396,1499,625,0
0.0004057992482557893,1896,0.2088607594936709,1.0,396,1500,624,0
0.00040532276034355164,1897,0.2087506589351608,1.0,396,1501,623,0
0.00040369355701841414,1898,0.20864067439409906,1.0,396,1502,622,0
0.00040120939956977963,1899,0.20853080568720378,1.0,396,1503,621,0
0.00040059429011307657,1900,0.20842105263157895,1.0,396,1504,620,0
0.0004003029898740351,1901,0.20831141504471332,1.0,396,1505,619,0
0.0003987067029811442,1902,0.2082018927444795,1.0,396,1506,618,0
0.0003978789609391242,1903,0.20809248554913296,1.0,396,1507,617,0
0.00039647804806008935,1904,0.20798319327731093,1.0,396,1508,616,0
0.0003939265734516084,1905,0.2078740157480315,1.0,396,1509,615,0
0.0003893502871505916,1906,0.20776495278069254,1.0,396,1510,614,0
0.00038686697371304035,1907,0.2076560041950708,1.0,396,1511,613,0
0.0003848909982480109,1908,0.20754716981132076,1.0,396,1512,612,0
0.0003836063260678202,1909,0.2074384494499738,1.0,396,1513,611,0
0.0003819842531811446,1910,0.20732984293193718,1.0,396,1514,610,0
0.00037993869045749307,1911,0.20722135007849293,1.0,396,1515,609,0
0.0003786001761909574,1912,0.20711297071129708,1.0,396,1516,608,0
0.0003781678678933531,1913,0.20700470465237847,1.0,396,1517,607,0
0.0003771430638153106,1914,0.20689655172413793,1.0,396,1518,606,0
0.000377138756448403,1915,0.20678851174934726,1.0,396,1519,605,0
0.0003753353375941515,1916,0.20668058455114824,1.0,396,1520,604,0
0.00037486976361833513,1917,0.20657276995305165,1.0,396,1521,603,0
0.00037298063398338854,1919,0.20635747785304848,1.0,396,1523,601,0
0.0003726215218193829,1920,0.20625,1.0,396,1524,600,0
0.0003721037646755576,1921,0.20614263404476835,1.0,396,1525,599,0
0.00037129639531485736,1922,0.2060353798126951,1.0,396,1526,598,0
0.0003704335540533066,1923,0.2059282371294852,1.0,396,1527,597,0
0.00036760023795068264,1924,0.20582120582120583,1.0,396,1528,596,0
0.0003619104390963912,1925,0.2057142857142857,1.0,396,1529,595,0
0.00036153921973891556,1926,0.205607476635514,1.0,396,1530,594,0
0.00036134591209702194,1927,0.20550077841203945,1.0,396,1531,593,0
0.00036132955574430525,1928,0.2053941908713693,1.0,396,1532,592,0
0.00035972875775769353,1929,0.2052877138413686,1.0,396,1533,591,0
0.0003577692259568721,1930,0.20518134715025907,1.0,396,1534,590,0
0.0003574381989892572,1931,0.20507509062661833,1.0,396,1535,589,0
0.00035520538222044706,1932,0.20496894409937888,1.0,396,1536,588,0
0.00035389221739023924,1933,0.2048629073978272,1.0,396,1537,587,0
0.0003527673543430865,1934,0.2047569803516029,1.0,396,1538,586,0
0.00035230338107794523,1935,0.20465116279069767,1.0,396,1539,585,0
0.00035216184915043414,1936,0.20454545454545456,1.0,396,1540,584,0
0.0003512056719046086,1937,0.20443985544656684,1.0,396,1541,583,0
0.00035065028350800276,1938,0.2043343653250774,1.0,396,1542,582,0
0.00035029128775931895,1939,0.20422898401237752,1.0,396,1543,581,0
0.00035027292324230075,1940,0.20412371134020618,1.0,396,1544,580,0
0.0003501569153741002,1941,0.20401854714064915,1.0,396,1545,579,0
0.0003462694294285029,1942,0.203913491246138,1.0,396,1546,578,0
0.0003458908468019217,1943,0.2038085434894493,1.0,396,1547,577,0
0.00034505545045249164,1944,0.2037037037037037,1.0,396,1548,576,0
0.0003407200856599957,1945,0.20359897172236505,1.0,396,1549,575,0
0.0003382365102879703,1946,0.20349434737923947,1.0,396,1550,574,0
0.00033797588548623025,1947,0.2033898305084746,1.0,396,1551,573,0
0.000336141703883186,1948,0.2032854209445585,1.0,396,1552,572,0
0.00033598070149309933,1949,0.20318111852231913,1.0,396,1553,571,0
0.00033312439336441457,1950,0.20307692307692307,1.0,396,1554,570,0
0.0003323956916574389,1951,0.20297283444387493,1.0,396,1555,569,0
0.00032886851113289595,1952,0.2028688524590164,1.0,396,1556,568,0
0.0003284830891061574,1953,0.20276497695852536,1.0,396,1557,567,0
0.00032816914608702064,1954,0.20266120777891505,1.0,396,1558,566,0
0.0003261956153437495,1955,0.20255754475703325,1.0,396,1559,565,0
0.0003228745481465012,1956,0.20245398773006135,1.0,396,1560,564,0
0.00032190021011047065,1957,0.20235053653551355,1.0,396,1561,563,0
0.00032120279502123594,1958,0.20224719101123595,1.0,396,1562,562,0
0.0003206392575521022,1959,0.20214395099540583,1.0,396,1563,561,0
0.00032003759406507015,1960,0.20204081632653062,1.0,396,1564,560,0
0.00031945810769684613,1961,0.2019377868434472,1.0,396,1565,559,0
0.0003180498897563666,1962,0.2018348623853211,1.0,396,1566,558,0
0.00031613357714377344,1963,0.20173204279164544,1.0,396,1567,557,0
0.0003154669830109924,1964,0.20162932790224034,1.0,396,1568,556,0
0.0003152751596644521,1965,0.2015267175572519,1.0,396,1569,555,0
0.00031305305310525,1966,0.20142421159715157,1.0,396,1570,554,0
0.00031104436493478715,1967,0.20132180986273512,1.0,396,1571,553,0
0.00031089226831682026,1968,0.20121951219512196,1.0,396,1572,552,0
0.0003096593136433512,1969,0.2011173184357542,1.0,396,1573,551,0
0.0003060481103602797,1970,0.20101522842639594,1.0,396,1574,550,0
0.0003057932190131396,1971,0.2009132420091324,1.0,396,1575,549,0
0.00029980207909829915,1972,0.20081135902636918,1.0,396,1576,548,0
0.00029976063524372876,1973,0.20070957932083122,1.0,396,1577,547,0
0.00029931002063676715,1974,0.2006079027355623,1.0,396,1578,546,0
0.0002992258232552558,1975,0.20050632911392405,1.0,396,1579,545,0
0.00029750174144282937,1976,0.20040485829959515,1.0,396,1580,544,0
0.0002969386987388134,1977,0.20030349013657056,1.0,396,1581,543,0
0.0002961078134831041,1978,0.20020222446916078,1.0,396,1582,542,0
0.0002953054790850729,1979,0.20010106114199092,1.0,396,1583,541,0
0.0002951956994365901,1980,0.2,1.0,396,1584,540,0
0.0002945527376141399,1981,0.19989904088844018,1.0,396,1585,539,0
0.0002940090198535472,1982,0.19979818365287588,1.0,396,1586,538,0
0.00029264346812851727,1983,0.19969742813918306,1.0,396,1587,537,0
0.0002925826411228627,1984,0.19959677419354838,1.0,396,1588,536,0
0.000292144191917032,1985,0.19949622166246853,1.0,396,1589,535,0
0.00028969038976356387,1986,0.19939577039274925,1.0,396,1590,534,0
0.0002888486778829247,1987,0.1992954202315048,1.0,396,1591,533,0
0.0002865697897505015,1988,0.19919517102615694,1.0,396,1592,532,0
0.00028635075432248414,1989,0.19909502262443438,1.0,396,1593,531,0
0.00028481948538683355,1990,0.19899497487437187,1.0,396,1594,530,0
0.0002831308520399034,1991,0.19889502762430938,1.0,396,1595,529,0
0.00028107978869229555,1992,0.19879518072289157,1.0,396,1596,528,0
0.00028107952675782144,1993,0.19869543401906672,1.0,396,1597,527,0
0.00028090563137084246,1994,0.19859578736208625,1.0,396,1598,526,0
0.00027931129443459213,1995,0.19849624060150375,1.0,396,1599,525,0
0.00027901321300305426,1996,0.19839679358717435,1.0,396,1600,524,0
0.00027635888545773923,1998,0.1981981981981982,1.0,396,1602,522,0
0.0002751012216322124,1999,0.19809904952476237,1.0,396,1603,521,0
0.00027039999258704484,2000,0.198,1.0,396,1604,520,0
0.0002701008634176105,2001,0.19790104947526238,1.0,396,1605,519,0
0.00026900452212430537,2002,0.1978021978021978,1.0,396,1606,518,0
0.00026887247804552317,2003,0.19770344483275087,1.0,396,1607,517,0
0.0002676578296814114,2004,0.19760479041916168,1.0,396,1608,516,0
0.00026728498050943017,2005,0.1975062344139651,1.0,396,1609,515,0
0.00026320217875763774,2006,0.19740777666999004,1.0,396,1610,514,0
0.00026283078477717936,2007,0.19730941704035873,1.0,396,1611,513,0
0.00026278494624421,2008,0.19721115537848605,1.0,396,1612,512,0
0.000262443907558918,2009,0.19711299153807865,1.0,396,1613,511,0
0.0002616853453218937,2010,0.19701492537313434,1.0,396,1614,510,0
0.00026053792680613697,2011,0.19691695673794132,1.0,396,1615,509,0
0.0002604547480586916,2012,0.19681908548707752,1.0,396,1616,508,0
0.0002573254460003227,2013,0.19672131147540983,1.0,396,1617,507,0
0.00025611871387809515,2014,0.19662363455809334,1.0,396,1618,506,0
0.00025512633146718144,2015,0.1965260545905707,1.0,396,1619,505,0
0.0002545948955230415,2016,0.19642857142857142,1.0,396,1620,504,0
0.0002543149166740477,2017,0.19633118492811105,1.0,396,1621,503,0
0.0002520261623430997,2018,0.1962338949454906,1.0,396,1622,502,0
0.0002495685184840113,2019,0.1961367013372957,1.0,396,1623,501,0
0.000248806580202654,2020,0.19603960396039605,1.0,396,1624,500,0
0.00024803727865219116,2021,0.19594260267194458,1.0,396,1625,499,0
0.00024742717505432665,2022,0.19584569732937684,1.0,396,1626,498,0
0.00024729533470235765,2023,0.19574888779041028,1.0,396,1627,497,0
0.0002471772604621947,2024,0.1956521739130435,1.0,396,1628,496,0
0.000246526236878708,2025,0.19555555555555557,1.0,396,1629,495,0
0.00024643976939842105,2026,0.19545903257650543,1.0,396,1630,494,0
0.0002461889525875449,2027,0.19536260483473114,1.0,396,1631,493,0
0.0002461755648255348,2028,0.1952662721893491,1.0,396,1632,492,0
0.0002454509085509926,2029,0.19517003449975356,1.0,396,1633,491,0
0.00024469615891575813,2030,0.19507389162561575,1.0,396,1634,490,0
0.0002443057019263506,2031,0.19497784342688332,1.0,396,1635,489,0
0.00024398726236540824,2032,0.19488188976377951,1.0,396,1636,488,0
0.00024347810540348291,2033,0.19478603049680276,1.0,396,1637,487,0
0.00024283964012283832,2034,0.19469026548672566,1.0,396,1638,486,0
0.00024231553834397346,2035,0.1945945945945946,1.0,396,1639,485,0
0.0002421578101348132,2036,0.1944990176817289,1.0,396,1640,484,0
0.00024067315098363906,2037,0.19440353460972018,1.0,396,1641,483,0
0.00023955550568643957,2038,0.1943081452404318,1.0,396,1642,482,0
0.0002387993154115975,2039,0.19421284943599804,1.0,396,1643,481,0
0.00023872600286267698,2040,0.19411764705882353,1.0,396,1644,480,0
0.00023733593116048723,2041,0.19402253797158256,1.0,396,1645,479,0
0.00023729114036541432,2042,0.1939275220372184,1.0,396,1646,478,0
0.00023720969329588115,2043,0.19383259911894274,1.0,396,1647,477,0
0.00023680634330958128,2044,0.19373776908023482,1.0,396,1648,476,0
0.000234667953918688,2045,0.19364303178484107,1.0,396,1649,475,0
0.0002342264779144898,2046,0.1935483870967742,1.0,396,1650,474,0
0.00023360711929854006,2047,0.19345383488031265,1.0,396,1651,473,0
0.0002331276482436806,2048,0.193359375,1.0,396,1652,472,0
0.0002326047542737797,2049,0.19326500732064422,1.0,396,1653,471,0
0.000232228689128533,2050,0.19317073170731708,1.0,396,1654,470,0
0.0002320972125744447,2051,0.19307654802535348,1.0,396,1655,469,0
0.00023196006077341735,2052,0.19298245614035087,1.0,396,1656,468,0
0.0002318258339073509,2053,0.19288845591816853,1.0,396,1657,467,0
0.00023166411847341806,2054,0.19279454722492698,1.0,396,1658,466,0
0.00023055198835209012,2055,0.1927007299270073,1.0,396,1659,465,0
0.00023052100732456893,2056,0.1926070038910506,1.0,396,1660,464,0
0.00023011057055555284,2057,0.1925133689839572,1.0,396,1661,463,0
0.0002293601428391412,2058,0.1924198250728863,1.0,396,1662,462,0
0.00022830349917057902,2059,0.192326372025255,1.0,396,1663,461,0
0.0002280276530655101,2060,0.19223300970873786,1.0,396,1664,460,0
0.00022794808319304138,2061,0.19213973799126638,1.0,396,1665,459,0
0.00022617049398832023,2062,0.19204655674102813,1.0,396,1666,458,0
0.00022577146592084318,2063,0.1919534658264663,1.0,396,1667,457,0
0.00022508024994749576,2064,0.19186046511627908,1.0,396,1668,456,0
0.000224473507842049,2065,0.19176755447941887,1.0,396,1669,455,0
0.00022188342700246722,2066,0.19167473378509198,1.0,396,1670,454,0
0.00022166056442074478,2067,0.19158200290275762,1.0,396,1671,453,0
0.00022145966067910194,2068,0.19148936170212766,1.0,396,1672,452,0
0.00021952261158730835,2069,0.19139681005316578,1.0,396,1673,451,0
0.00021883069712202996,2070,0.19130434782608696,1.0,396,1674,450,0
0.00021830595505889505,2071,0.19121197489135683,1.0,396,1675,449,0
0.00021758653747383505,2072,0.19111969111969113,1.0,396,1676,448,0
0.00021705855033360422,2073,0.191027496382055,1.0,396,1677,447,0
0.00021701841615140438,2074,0.1909353905496625,1.0,396,1678,446,0
0.00021646375535055995,2075,0.1908433734939759,1.0,396,1679,445,0
0.00021448406914714724,2076,0.1907514450867052,1.0,396,1680,444,0
0.00021374218340497464,2077,0.1906596051998074,1.0,396,1681,443,0
0.00021320687665138394,2078,0.19056785370548604,1.0,396,1682,442,0
0.00021315137564670295,2079,0.19047619047619047,1.0,396,1683,441,0
0.00021110835950821638,2080,0.19038461538461537,1.0,396,1684,440,0
0.00020925546414218843,2081,0.19029312830370015,1.0,396,1685,439,0
0.00020877835049759597,2082,0.19020172910662825,1.0,396,1686,438,0
0.0002084877050947398,2083,0.19011041766682668,1.0,396,1687,437,0
0.00020816276082769036,2084,0.19001919385796545,1.0,396,1688,436,0
0.00020478828810155392,2085,0.18992805755395684,1.0,396,1689,435,0
0.0002044433495029807,2086,0.18983700862895495,1.0,396,1690,434,0
0.00020439890795387328,2087,0.18974604695735506,1.0,396,1691,433,0
0.00020394689636304975,2088,0.1896551724137931,1.0,396,1692,432,0
0.00020107165619265288,2089,0.18956438487314506,1.0,396,1693,431,0
0.0002009357704082504,2090,0.18947368421052632,1.0,396,1694,430,0
0.00020013957691844553,2091,0.18938307030129126,1.0,396,1695,429,0
0.0001998649531742558,2092,0.18929254302103252,1.0,396,1696,428,0
0.0001996006176341325,2093,0.1892021022455805,1.0,396,1697,427,0
0.00019820404122583568,2094,0.18911174785100288,1.0,396,1698,426,0
0.00019819119188468903,2095,0.1890214797136038,1.0,396,1699,425,0
0.00019752317166421562,2096,0.18893129770992367,1.0,396,1700,424,0
0.000197285640751943,2097,0.1888412017167382,1.0,396,1701,423,0
0.00019683694699779153,2098,0.18875119161105816,1.0,396,1702,422,0
0.0001953725004568696,2099,0.18866126727012864,1.0,396,1703,421,0
0.00019530041026882827,2100,0.18857142857142858,1.0,396,1704,420,0
0.00019474982400424778,2101,0.18848167539267016,1.0,396,1705,419,0
0.0001919414207804948,2102,0.18839200761179828,1.0,396,1706,418,0
0.0001917133340612054,2103,0.18830242510699002,1.0,396,1707,417,0
0.00019122552475892007,2104,0.188212927756654,1.0,396,1708,416,0
0.00019092146249022335,2105,0.18812351543942993,1.0,396,1709,415,0
0.00018855422968044877,2107,0.1879449454200285,1.0,396,1711,413,0
0.00018828833708539605,2108,0.18785578747628084,1.0,396,1712,412,0
0.00018766798893921077,2109,0.18776671408250356,1.0,396,1713,411,0
0.00018694985192269087,2110,0.1876777251184834,1.0,396,1714,410,0
0.00018659030320122838,2111,0.18758882046423497,1.0,396,1715,409,0
0.00018551260291133076,2112,0.1875,1.0,396,1716,408,0
0.00018454580276738852,2113,0.18741126360624705,1.0,396,1717,407,0
0.00018413538055028766,2114,0.18732261116367077,1.0,396,1718,406,0
0.00018402410205453634,2115,0.18723404255319148,1.0,396,1719,405,0
0.00018281509983353317,2116,0.18714555765595464,1.0,396,1720,404,0
0.00018219715275336057,2117,0.18705715635333017,1.0,396,1721,403,0
0.00018180858751293272,2118,0.18696883852691218,1.0,396,1722,402,0
0.00018123396148439497,2119,0.18688060405851817,1.0,396,1723,401,0
0.00018084383918903768,2120,0.18679245283018867,1.0,396,1724,400,0
0.00018077349523082376,2121,0.1867043847241867,1.0,396,1725,399,0
0.00018064754840452224,2122,0.18661639962299717,1.0,396,1726,398,0
0.0001792640396161005,2123,0.18652849740932642,1.0,396,1727,397,0
0.00017906431457959116,2124,0.1864406779661017,1.0,396,1728,396,0
0.00017899501835927367,2125,0.18635294117647058,1.0,396,1729,395,0
0.00017881947860587388,2126,0.18626528692380057,1.0,396,1730,394,0
0.00017871959425974637,2127,0.1861777150916784,1.0,396,1731,393,0
0.00017720852338243276,2128,0.18609022556390978,1.0,396,1732,392,0
0.00017655445844866335,2129,0.18600281822451856,1.0,396,1733,391,0
0.00017628128989599645,2130,0.18591549295774648,1.0,396,1734,390,0
0.0001755548146320507,2131,0.18582824964805256,1.0,396,1735,389,0
0.00017354082956444472,2132,0.18574108818011256,1.0,396,1736,388,0
0.00017351534916087985,2133,0.18565400843881857,1.0,396,1737,387,0
0.00017339973419439048,2134,0.18556701030927836,1.0,396,1738,386,0
0.0001732485106913373,2135,0.18548009367681498,1.0,396,1739,385,0
0.00017239508451893926,2136,0.1853932584269663,1.0,396,1740,384,0
0.00017196200496982783,2137,0.18530650444548433,1.0,396,1741,383,0
0.00017184988246299326,2138,0.18521983161833488,1.0,396,1742,382,0
0.00017177173867821693,2139,0.18513323983169705,1.0,396,1743,381,0
0.0001713540987111628,2140,0.18504672897196262,1.0,396,1744,380,0
0.00017082634440157562,2141,0.18496029892573565,1.0,396,1745,379,0
0.0001707333722151816,2142,0.18487394957983194,1.0,396,1746,378,0
0.0001707249175524339,2143,0.18478768082127858,1.0,396,1747,377,0
0.00017051536997314543,2144,0.18470149253731344,1.0,396,1748,376,0
0.0001702309091342613,2145,0.18461538461538463,1.0,396,1749,375,0
0.00016899047477636486,2146,0.18452935694315004,1.0,396,1750,374,0
0.000168646321981214,2147,0.18444340940847695,1.0,396,1751,373,0
0.00016744824824854732,2149,0.1842717543043276,1.0,396,1753,371,0
0.0001659243571339175,2150,0.1841860465116279,1.0,396,1754,370,0
0.00016507881809957325,2151,0.18410041841004185,1.0,396,1755,369,0
0.00016460915503557771,2152,0.18401486988847585,1.0,396,1756,368,0
0.00016444506763946265,2153,0.18392940083604273,1.0,396,1757,367,0
0.00016305435565300286,2154,0.18384401114206128,1.0,396,1758,366,0
0.0001627686870051548,2155,0.18375870069605568,1.0,396,1759,365,0
0.00016224864521063864,2156,0.1836734693877551,1.0,396,1760,364,0
0.00016078833141364157,2157,0.1835883171070932,1.0,396,1761,363,0
0.00015971550601534545,2158,0.1835032437442076,1.0,396,1762,362,0
0.00015896555851213634,2159,0.18341824918943955,1.0,396,1763,361,0
0.0001585533464094624,2161,0.18324849606663582,1.0,396,1765,359,0
0.00015540827007498592,2162,0.18316373728029603,1.0,396,1766,358,0
0.00015539863670710474,2163,0.18307905686546463,1.0,396,1767,357,0
0.00015537848230451345,2164,0.18299445471349354,1.0,396,1768,356,0
0.00015535388956777751,2165,0.18290993071593534,1.0,396,1769,355,0
0.00015496773994527757,2166,0.18282548476454294,1.0,396,1770,354,0
0.00015469343634322286,2167,0.18274111675126903,1.0,396,1771,353,0
0.0001538468641228974,2168,0.18265682656826568,1.0,396,1772,352,0
0.0001528981956653297,2169,0.1825726141078838,1.0,396,1773,351,0
0.00015269975119736046,2170,0.1824884792626728,1.0,396,1774,350,0
0.00015254868776537478,2171,0.18240442192538,1.0,396,1775,349,0
0.00015223481750581414,2172,0.18232044198895028,1.0,396,1776,348,0
0.00015113803965505213,2173,0.18223653934652553,1.0,396,1777,347,0
0.0001506208354840055,2174,0.18215271389144433,1.0,396,1778,346,0
0.00014945896691642702,2175,0.1820689655172414,1.0,396,1779,345,0
0.00014927795564290136,2176,0.18198529411764705,1.0,396,1780,344,0
0.0001491507573518902,2177,0.18190169958658706,1.0,396,1781,343,0
0.0001490606227889657,2178,0.18181818181818182,1.0,396,1782,342,0
0.0001480927166994661,2179,0.18173474070674622,1.0,396,1783,341,0
0.00014760759950149804,2180,0.181651376146789,1.0,396,1784,340,0
0.00014749827096238732,2181,0.1815680880330124,1.0,396,1785,339,0
0.0001474392192903906,2182,0.18148487626031165,1.0,396,1786,338,0
0.00014610715152230114,2183,0.18140174072377463,1.0,396,1787,337,0
0.00014380156062543392,2184,0.1813186813186813,1.0,396,1788,336,0
0.0001436627353541553,2185,0.18123569794050343,1.0,396,1789,335,0
0.00014361232751980424,2186,0.18115279048490393,1.0,396,1790,334,0
0.00014333173749037087,2187,0.18106995884773663,1.0,396,1791,333,0
0.00014306916273199022,2188,0.1809872029250457,1.0,396,1792,332,0
0.0001420663029421121,2189,0.18090452261306533,1.0,396,1793,331,0
0.00014160052523948252,2190,0.18082191780821918,1.0,396,1794,330,0
0.00014120842388365418,2191,0.18073938840712003,1.0,396,1795,329,0
0.00014064082643017173,2192,0.18065693430656934,1.0,396,1796,328,0
0.00014008150901645422,2193,0.18057455540355677,1.0,396,1797,327,0
0.00013985180703457445,2194,0.1804922515952598,1.0,396,1798,326,0
0.00013943090743850917,2195,0.18041002277904328,1.0,396,1799,325,0
0.00013728746853303164,2196,0.18032786885245902,1.0,396,1800,324,0
0.0001370696845697239,2197,0.18024578971324534,1.0,396,1801,323,0
0.00013698317343369126,2198,0.18016378525932666,1.0,396,1802,322,0
0.00013693080109078437,2199,0.1800818553888131,1.0,396,1803,321,0
0.0001367313088849187,2200,0.18,1.0,396,1804,320,0
0.0001367202348774299,2201,0.17991821899136756,1.0,396,1805,319,0
0.000136394432047382,2202,0.17983651226158037,1.0,396,1806,318,0
0.00013626950385514647,2203,0.17975487970948706,1.0,396,1807,317,0
0.00013587791181635112,2204,0.17967332123411978,1.0,396,1808,316,0
0.00013568914437200874,2205,0.17959183673469387,1.0,396,1809,315,0
0.00013522144581656903,2206,0.17951042611060744,1.0,396,1810,314,0
0.00013508496340364218,2207,0.17942908926144088,1.0,396,1811,313,0
0.00013370593660511076,2208,0.1793478260869565,1.0,396,1812,312,0
0.00013360536831896752,2209,0.17926663648709823,1.0,396,1813,311,0
0.00013324253086466342,2210,0.17918552036199095,1.0,396,1814,310,0
0.00013266707537695765,2211,0.1791044776119403,1.0,396,1815,309,0
0.00013204726565163583,2212,0.17902350813743217,1.0,396,1816,308,0
0.0001317845017183572,2213,0.1789426118391324,1.0,396,1817,307,0
0.00013150770973879844,2214,0.17886178861788618,1.0,396,1818,306,0
0.00013142959505785257,2215,0.17878103837471784,1.0,396,1819,305,0
0.00013120521907694638,2216,0.17870036101083034,1.0,396,1820,304,0
0.00013110428699292243,2217,0.17861975642760486,1.0,396,1821,303,0
0.00013044736988376826,2218,0.17853922452660054,1.0,396,1822,302,0
0.00013042360660620034,2219,0.17845876520955387,1.0,396,1823,301,0
0.00012998966849409044,2220,0.1783783783783784,1.0,396,1824,300,0
0.00012982466432731599,2221,0.17829806393516434,1.0,396,1825,299,0
0.00012973630509804934,2222,0.1782178217821782,1.0,396,1826,298,0
0.00012911825615447015,2223,0.17813765182186234,1.0,396,1827,297,0
0.0001287124614464119,2226,0.1778975741239892,1.0,396,1830,294,0
0.0001266699837287888,2227,0.1778176919622811,1.0,396,1831,293,0
0.0001263647573068738,2228,0.17773788150807898,1.0,396,1832,292,0
0.00012628838885575533,2229,0.17765814266487215,1.0,396,1833,291,0
0.00012555306602735072,2230,0.17757847533632287,1.0,396,1834,290,0
0.00012543196498882025,2231,0.17749887942626624,1.0,396,1835,289,0
0.00012464600149542093,2232,0.1774193548387097,1.0,396,1836,288,0
0.0001243603473994881,2233,0.17733990147783252,1.0,396,1837,287,0
0.0001242431317223236,2234,0.17726051924798567,1.0,396,1838,286,0
0.0001228338951477781,2235,0.17718120805369128,1.0,396,1839,285,0
0.00012249141582287848,2236,0.1771019677996422,1.0,396,1840,284,0
0.00012238763156346977,2237,0.17702279839070184,1.0,396,1841,283,0
0.00012169242108939216,2238,0.1769436997319035,1.0,396,1842,282,0
0.00012114905257476494,2239,0.1768646717284502,1.0,396,1843,281,0
0.00012085667549399659,2240,0.1767857142857143,1.0,396,1844,280,0
0.00012082889588782564,2241,0.17670682730923695,1.0,396,1845,279,0
0.00011932052439078689,2242,0.17662801070472792,1.0,396,1846,278,0
0.00011884065315825865,2243,0.1765492643780651,1.0,396,1847,277,0
0.00011857646313728765,2244,0.17647058823529413,1.0,396,1848,276,0
0.0001182272462756373,2245,0.17639198218262805,1.0,396,1849,275,0
0.00011746837117243558,2246,0.176313446126447,1.0,396,1850,274,0
0.00011724243813659996,2248,0.17615658362989323,1.0,396,1852,272,0
0.00011711964179994538,2249,0.1760782570031125,1.0,396,1853,271,0
0.00011679643648676574,2250,0.176,1.0,396,1854,270,0
0.00011585391621338204,2251,0.17592181252776543,1.0,396,1855,269,0
0.00011580598948057741,2252,0.17584369449378331,1.0,396,1856,268,0
0.00011499804531922564,2253,0.17576564580559254,1.0,396,1857,267,0
0.00011466780415503308,2254,0.1756876663708962,1.0,396,1858,266,0
0.00011440872913226485,2255,0.17560975609756097,1.0,396,1859,265,0
0.00011381461808923632,2256,0.17553191489361702,1.0,396,1860,264,0
0.00011375309259165078,2257,0.17545414266725742,1.0,396,1861,263,0
0.0001129319061874412,2258,0.1753764393268379,1.0,396,1862,262,0
0.00011105484736617655,2259,0.1752988047808765,1.0,396,1863,261,0
0.00011056920629926026,2260,0.1752212389380531,1.0,396,1864,260,0
0.0001099241417250596,2261,0.1751437417072092,1.0,396,1865,259,0
0.0001092401216737926,2263,0.17498895271763146,1.0,396,1867,257,0
0.0001078056448022835,2265,0.17483443708609273,1.0,396,1869,255,0
0.00010753972310340032,2266,0.17475728155339806,1.0,396,1870,254,0
0.00010740281140897423,2267,0.17468019408910454,1.0,396,1871,253,0
0.0001068742130883038,2268,0.1746031746031746,1.0,396,1872,252,0
0.00010560554801486433,2269,0.1745262230057294,1.0,396,1873,251,0
0.00010545973782427609,2270,0.17444933920704847,1.0,396,1874,250,0
0.0001049024795065634,2271,0.17437252311756934,1.0,396,1875,249,0
0.00010415104043204337,2272,0.1742957746478873,1.0,396,1876,248,0
0.00010393337288405746,2273,0.17421909370875496,1.0,396,1877,247,0
0.00010362629109295085,2274,0.1741424802110818,1.0,396,1878,246,0
0.0001023955992422998,2275,0.17406593406593407,1.0,396,1879,245,0
0.00010103673412231728,2276,0.17398945518453426,1.0,396,1880,244,0
9.971395775210112e-05,2277,0.17391304347826086,1.0,396,1881,243,0
9.833363583311439e-05,2278,0.17383669885864794,1.0,396,1882,242,0
9.821490675676614e-05,2279,0.1737604212373848,1.0,396,1883,241,0
9.817567479331046e-05,2280,0.1736842105263158,1.0,396,1884,240,0
9.815161320148036e-05,2281,0.17360806663743972,1.0,396,1885,239,0
9.794134530238807e-05,2282,0.17353198948290974,1.0,396,1886,238,0
9.773777128430083e-05,2283,0.17345597897503284,1.0,396,1887,237,0
9.759081149240956e-05,2284,0.1733800350262697,1.0,396,1888,236,0
9.736289212014526e-05,2285,0.17330415754923414,1.0,396,1889,235,0
9.526899521006271e-05,2286,0.1732283464566929,1.0,396,1890,234,0
9.502140164840966e-05,2287,0.17315260166156538,1.0,396,1891,233,0
9.4377261120826e-05,2289,0.17300131061598953,1.0,396,1893,231,0
9.435980609850958e-05,2290,0.17292576419213973,1.0,396,1894,230,0
9.370264160679653e-05,2291,0.17285028371890004,1.0,396,1895,229,0
9.364261495647952e-05,2292,0.17277486910994763,1.0,396,1896,228,0
9.362815035274252e-05,2293,0.17269952027911034,1.0,396,1897,227,0
9.349468018626794e-05,2294,0.17262423714036618,1.0,396,1898,226,0
9.338552627013996e-05,2295,0.17254901960784313,1.0,396,1899,225,0
9.33732371777296e-05,2296,0.17247386759581881,1.0,396,1900,224,0
9.316858631791547e-05,2297,0.17239878101872008,1.0,396,1901,223,0
9.263164974981919e-05,2298,0.17232375979112272,1.0,396,1902,222,0
9.085149940801784e-05,2299,0.1722488038277512,1.0,396,1903,221,0
9.081391181098297e-05,2300,0.17217391304347826,1.0,396,1904,220,0
8.993316441774368e-05,2301,0.17209908735332463,1.0,396,1905,219,0
8.98929574759677e-05,2302,0.17202432667245873,1.0,396,1906,218,0
8.978715050034225e-05,2303,0.17194963091619628,1.0,396,1907,217,0
8.968378097051755e-05,2304,0.171875,1.0,396,1908,216,0
8.954773511504754e-05,2305,0.1718004338394794,1.0,396,1909,215,0
8.949480979936197e-05,2306,0.1717259323503903,1.0,396,1910,214,0
8.88356807990931e-05,2307,0.1716514954486346,1.0,396,1911,213,0
8.877903019310907e-05,2308,0.17157712305025996,1.0,396,1912,212,0
8.869398880051449e-05,2309,0.1715028150714595,1.0,396,1913,211,0
8.857810462359339e-05,2311,0.17135439203807876,1.0,396,1915,209,0
8.832431194605306e-05,2312,0.17128027681660898,1.0,396,1916,208,0
8.829618309391662e-05,2313,0.17120622568093385,1.0,396,1917,207,0
8.73230310389772e-05,2314,0.17113223854796888,1.0,396,1918,206,0
8.70501680765301e-05,2315,0.17105831533477323,1.0,396,1919,205,0
8.668130612932146e-05,2316,0.17098445595854922,1.0,396,1920,204,0
8.642848843010142e-05,2317,0.1709106603366422,1.0,396,1921,203,0
8.635097037767991e-05,2318,0.17083692838654013,1.0,396,1922,202,0
8.48817580845207e-05,2319,0.17076326002587322,1.0,396,1923,201,0
8.478168456349522e-05,2320,0.1706896551724138,1.0,396,1924,200,0
8.342305955011398e-05,2321,0.17061611374407584,1.0,396,1925,199,0
8.305990195367485e-05,2322,0.17054263565891473,1.0,396,1926,198,0
8.304398215841502e-05,2324,0.1703958691910499,1.0,396,1928,196,0
8.215847628889605e-05,2325,0.1703225806451613,1.0,396,1929,195,0
8.196996350307018e-05,2326,0.1702493551160791,1.0,396,1930,194,0
8.183905447367579e-05,2327,0.17017619252256125,1.0,396,1931,193,0
8.155416435329244e-05,2328,0.17010309278350516,1.0,396,1932,192,0
8.118055848171934e-05,2329,0.1700300558179476,1.0,396,1933,191,0
8.095359225990251e-05,2330,0.16995708154506436,1.0,396,1934,190,0
8.087241440080106e-05,2331,0.16988416988416988,1.0,396,1935,189,0
7.939716306282207e-05,2332,0.16981132075471697,1.0,396,1936,188,0
7.844350329833105e-05,2333,0.1697385340762966,1.0,396,1937,187,0
7.835274300305173e-05,2334,0.16966580976863754,1.0,396,1938,186,0
7.786034257151186e-05,2335,0.169593147751606,1.0,396,1939,185,0
7.75389198679477e-05,2336,0.1695205479452055,1.0,396,1940,184,0
7.640584954060614e-05,2337,0.16944801026957637,1.0,396,1941,183,0
7.63606876716949e-05,2338,0.16937553464499572,1.0,396,1942,182,0
7.5766998634208e-05,2339,0.16930312099187686,1.0,396,1943,181,0
7.464116788469255e-05,2340,0.16923076923076924,1.0,396,1944,180,0
7.447358802892268e-05,2341,0.16915847928235797,1.0,396,1945,179,0
7.4388699431438e-05,2342,0.1690862510674637,1.0,396,1946,178,0
7.434168219333515e-05,2343,0.16901408450704225,1.0,396,1947,177,0
7.398834713967517e-05,2344,0.1689419795221843,1.0,396,1948,176,0
7.360993913607672e-05,2345,0.16886993603411513,1.0,396,1949,175,0
7.167869625845924e-05,2346,0.16879795396419436,1.0,396,1950,174,0
7.126219861675054e-05,2347,0.16872603323391563,1.0,396,1951,173,0
7.079174247337505e-05,2348,0.1686541737649063,1.0,396,1952,172,0
6.806637247791514e-05,2349,0.1685823754789272,1.0,396,1953,171,0
6.783341814298183e-05,2350,0.16851063829787233,1.0,396,1954,170,0
6.617262260988355e-05,2351,0.1684389621437686,1.0,396,1955,169,0
6.578423199243844e-05,2352,0.1683673469387755,1.0,396,1956,168,0
6.562176713487133e-05,2353,0.16829579260518487,1.0,396,1957,167,0
6.52937451377511e-05,2354,0.16822429906542055,1.0,396,1958,166,0
6.527519872179255e-05,2355,0.1681528662420382,1.0,396,1959,165,0
6.523437332361937e-05,2356,0.16808149405772496,1.0,396,1960,164,0
6.512746040243655e-05,2357,0.1680101824352991,1.0,396,1961,163,0
6.422809383366257e-05,2358,0.16793893129770993,1.0,396,1962,162,0
6.402903818525374e-05,2359,0.1678677405680373,1.0,396,1963,161,0
6.398497498594224e-05,2360,0.16779661016949152,1.0,396,1964,160,0
6.363805732689798e-05,2361,0.16772554002541296,1.0,396,1965,159,0
6.319224485196173e-05,2362,0.1676545300592718,1.0,396,1966,158,0
6.279415538301691e-05,2363,0.1675835801946678,1.0,396,1967,157,0
6.213338929228485e-05,2364,0.16751269035532995,1.0,396,1968,156,0
6.161451165098697e-05,2365,0.16744186046511628,1.0,396,1969,155,0
6.147829117253423e-05,2366,0.16737109044801352,1.0,396,1970,154,0
6.041887536412105e-05,2367,0.16730038022813687,1.0,396,1971,153,0
6.024501271895133e-05,2368,0.16722972972972974,1.0,396,1972,152,0
6.001221117912792e-05,2369,0.16715913887716335,1.0,396,1973,151,0
5.995272658765316e-05,2370,0.1670886075949367,1.0,396,1974,150,0
5.962084833299741e-05,2371,0.16701813580767608,1.0,396,1975,149,0
5.919595423620194e-05,2372,0.16694772344013492,1.0,396,1976,148,0
5.866002902621403e-05,2373,0.16687737041719342,1.0,396,1977,147,0
5.8578916650731117e-05,2374,0.16680707666385847,1.0,396,1978,146,0
5.809692447655834e-05,2375,0.16673684210526316,1.0,396,1979,145,0
5.741441418649629e-05,2376,0.16666666666666666,1.0,396,1980,144,0
5.692452396033332e-05,2378,0.1665264928511354,1.0,396,1982,142,0
5.674485146300867e-05,2379,0.1664564943253468,1.0,396,1983,141,0
5.612862514681183e-05,2380,0.16638655462184873,1.0,396,1984,140,0
5.572080772253685e-05,2381,0.16631667366652667,1.0,396,1985,139,0
5.568724009208381e-05,2382,0.16624685138539042,1.0,396,1986,138,0
5.559491182793863e-05,2383,0.16617708770457407,1.0,396,1987,137,0
5.557996337302029e-05,2384,0.16610738255033558,1.0,396,1988,136,0
5.5274613259825855e-05,2385,0.1660377358490566,1.0,396,1989,135,0
5.4256244766293094e-05,2387,0.16589861751152074,1.0,396,1991,133,0
5.412090467871167e-05,2388,0.1658291457286432,1.0,396,1992,132,0
5.4055035434430465e-05,2389,0.16575973210548348,1.0,396,1993,131,0
5.39864158781711e-05,2390,0.16569037656903765,1.0,396,1994,130,0
5.366140976548195e-05,2391,0.1656210790464241,1.0,396,1995,129,0
5.3406005463330075e-05,2392,0.16555183946488294,1.0,396,1996,128,0
5.33772908966057e-05,2393,0.165482657751776,1.0,396,1997,127,0
5.3288644267013296e-05,2394,0.16541353383458646,1.0,396,1998,126,0
5.2402119763428345e-05,2395,0.1653444676409186,1.0,396,1999,125,0
5.2082676120335236e-05,2396,0.1652754590984975,1.0,396,2000,124,0
5.1285129302414134e-05,2397,0.16520650813516896,1.0,396,2001,123,0
4.991181776858866e-05,2398,0.1651376146788991,1.0,396,2002,122,0
4.919684215565212e-05,2399,0.16506877865777408,1.0,396,2003,121,0
4.856054874835536e-05,2400,0.165,1.0,396,2004,120,0
4.844260183745064e-05,2401,0.16493127863390253,1.0,396,2005,119,0
4.8402340325992554e-05,2402,0.16486261448792672,1.0,396,2006,118,0
4.813320265384391e-05,2404,0.16472545757071547,1.0,396,2008,116,0
4.800622627953999e-05,2405,0.16465696465696467,1.0,396,2009,115,0
4.7475023166043684e-05,2406,0.16458852867830423,1.0,396,2010,114,0
4.733100286102854e-05,2407,0.16452014956377234,1.0,396,2011,113,0
4.671135684475303e-05,2408,0.1644518272425249,1.0,396,2012,112,0
4.6635243052151054e-05,2409,0.1643835616438356,1.0,396,2013,111,0
4.619025276042521e-05,2410,0.16431535269709543,1.0,396,2014,110,0
4.5458695240085945e-05,2411,0.16424720033181253,1.0,396,2015,109,0
4.5418564695864916e-05,2412,0.16417910447761194,1.0,396,2016,108,0
4.537800123216584e-05,2413,0.1641110650642354,1.0,396,2017,107,0
4.4628184696193784e-05,2414,0.164043082021541,1.0,396,2018,106,0
4.4162949052406475e-05,2415,0.1639751552795031,1.0,396,2019,105,0
4.3299212848069146e-05,2416,0.16390728476821192,1.0,396,2020,104,0
4.310919757699594e-05,2417,0.1638394704178734,1.0,396,2021,103,0
4.28877719969023e-05,2418,0.16377171215880892,1.0,396,2022,102,0
4.28459097747691e-05,2419,0.16370400992145515,1.0,396,2023,101,0
4.217700916342437e-05,2420,0.16363636363636364,1.0,396,2024,100,0
4.212089697830379e-05,2422,0.1635012386457473,1.0,396,2026,98,0
4.114089097129181e-05,2423,0.16343375980189848,1.0,396,2027,97,0
4.060615538037382e-05,2424,0.16336633663366337,1.0,396,2028,96,0
3.915065826731734e-05,2425,0.16329896907216496,1.0,396,2029,95,0
3.860801371047273e-05,2426,0.16323165704863973,1.0,396,2030,94,0
3.8206297176657245e-05,2427,0.1631644004944376,1.0,396,2031,93,0
3.791071867453866e-05,2428,0.1630971993410214,1.0,396,2032,92,0
3.731982360477559e-05,2429,0.16303005351996708,1.0,396,2033,91,0
3.72767863154877e-05,2430,0.16296296296296298,1.0,396,2034,90,0
3.7225276173558086e-05,2431,0.16289592760180996,1.0,396,2035,89,0
3.710091550601646e-05,2432,0.16282894736842105,1.0,396,2036,88,0
3.708110671141185e-05,2433,0.16276202219482122,1.0,396,2037,87,0
3.6951907532056794e-05,2434,0.16269515201314708,1.0,396,2038,86,0
3.622903022915125e-05,2435,0.1626283367556468,1.0,396,2039,85,0
3.556377851055004e-05,2436,0.1625615763546798,1.0,396,2040,84,0
3.5534048947738484e-05,2437,0.16249487074271646,1.0,396,2041,83,0
3.5036649933317676e-05,2439,0.16236162361623616,1.0,396,2043,81,0
3.44498512276914e-05,2440,0.16229508196721312,1.0,396,2044,80,0
3.438758722040802e-05,2441,0.16222859483818108,1.0,396,2045,79,0
3.390726851648651e-05,2442,0.16216216216216217,1.0,396,2046,78,0
3.3334901672787964e-05,2443,0.16209578387228818,1.0,396,2047,77,0
3.2951204048004e-05,2444,0.16202945990180032,1.0,396,2048,76,0
3.2785079383756965e-05,2445,0.1619631901840491,1.0,396,2049,75,0
3.2781950721982867e-05,2446,0.16189697465249386,1.0,396,2050,74,0
3.2781139452708885e-05,2447,0.1618308132407029,1.0,396,2051,73,0
3.210474460502155e-05,2448,0.16176470588235295,1.0,396,2052,72,0
3.1656130886403844e-05,2449,0.16169865251122909,1.0,396,2053,71,0
3.133550126221962e-05,2450,0.16163265306122448,1.0,396,2054,70,0
3.1154278985923156e-05,2451,0.16156670746634028,1.0,396,2055,69,0
3.090326572419144e-05,2452,0.16150081566068517,1.0,396,2056,68,0
3.030897096323315e-05,2453,0.16143497757847533,1.0,396,2057,67,0
3.0222094210330397e-05,2454,0.16136919315403422,1.0,396,2058,66,0
2.9608663680846803e-05,2455,0.16130346232179227,1.0,396,2059,65,0
2.9238784918561578e-05,2456,0.16123778501628663,1.0,396,2060,64,0
2.9009370337007567e-05,2457,0.16117216117216118,1.0,396,2061,63,0
2.7991396564175375e-05,2458,0.161106590724166,1.0,396,2062,62,0
2.6938736482406966e-05,2459,0.1610410736071574,1.0,396,2063,61,0
2.686892548808828e-05,2460,0.16097560975609757,1.0,396,2064,60,0
2.593097997305449e-05,2461,0.16091019910605445,1.0,396,2065,59,0
2.571054756117519e-05,2462,0.16084484159220147,1.0,396,2066,58,0
2.552896876295563e-05,2463,0.1607795371498173,1.0,396,2067,57,0
2.4521043087588623e-05,2464,0.16071428571428573,1.0,396,2068,56,0
2.3620772481081076e-05,2465,0.16064908722109533,1.0,396,2069,55,0
2.340923856536392e-05,2466,0.16058394160583941,1.0,396,2070,54,0
2.3285887436941266e-05,2467,0.16051884880421566,1.0,396,2071,53,0
2.3093070922186598e-05,2468,0.16045380875202594,1.0,396,2072,52,0
2.2553163944394328e-05,2469,0.16038882138517618,1.0,396,2073,51,0
2.1612706404994242e-05,2470,0.16032388663967612,1.0,396,2074,50,0
2.1227862816886045e-05,2471,0.16025900445163901,1.0,396,2075,49,0
2.1017624021624215e-05,2472,0.16019417475728157,1.0,396,2076,48,0
2.0598656192305498e-05,2473,0.16012939749292357,1.0,396,2077,47,0
2.0452045646379702e-05,2474,0.16006467259498788,1.0,396,2078,46,0
2.0288827727199532e-05,2475,0.16,1.0,396,2079,45,0
1.944799987541046e-05,2476,0.15993537964458804,1.0,396,2080,44,0
1.9362834791536443e-05,2477,0.15987081146548243,1.0,396,2081,43,0
1.9158620489179157e-05,2478,0.15980629539951574,1.0,396,2082,42,0
1.9144630641676486e-05,2479,0.15974183138362244,1.0,396,2083,41,0
1.8750513845589012e-05,2480,0.1596774193548387,1.0,396,2084,40,0
1.868177787400782e-05,2481,0.1596130592503023,1.0,396,2085,39,0
1.858190262282733e-05,2482,0.15954875100725222,1.0,396,2086,38,0
1.844134385464713e-05,2483,0.1594844945630286,1.0,396,2087,37,0
1.7674283299129456e-05,2484,0.15942028985507245,1.0,396,2088,36,0
1.7510137695353478e-05,2485,0.15935613682092556,1.0,396,2089,35,0
1.7394282622262836e-05,2486,0.1592920353982301,1.0,396,2090,34,0
1.713650817691814e-05,2487,0.15922798552472858,1.0,396,2091,33,0
1.653517574595753e-05,2488,0.15916398713826366,1.0,396,2092,32,0
1.6131732991198078e-05,2489,0.1591000401767778,1.0,396,2093,31,0
1.6028543541324325e-05,2490,0.15903614457831325,1.0,396,2094,30,0
1.5585652363370173e-05,2491,0.15897230028101164,1.0,396,2095,29,0
1.550800516270101e-05,2492,0.15890850722311398,1.0,396,2096,28,0
1.5110345884750132e-05,2493,0.1588447653429603,1.0,396,2097,27,0
1.4986911082814913e-05,2494,0.15878107457898957,1.0,396,2098,26,0
1.4779730008740444e-05,2495,0.15871743486973947,1.0,396,2099,25,0
1.4556270798493642e-05,2496,0.15865384615384615,1.0,396,2100,24,0
1.4296979315986391e-05,2497,0.15859030837004406,1.0,396,2101,23,0
1.361504018859705e-05,2498,0.15852682145716573,1.0,396,2102,22,0
1.329625320067862e-05,2499,0.15846338535414164,1.0,396,2103,21,0
1.3277753168949857e-05,2500,0.1584,1.0,396,2104,20,0
1.2120333849452436e-05,2501,0.15833666533386645,1.0,396,2105,19,0
1.1611738045758102e-05,2502,0.15827338129496402,1.0,396,2106,18,0
1.1392939086363185e-05,2503,0.15821014782261286,1.0,396,2107,17,0
1.0881980415433645e-05,2504,0.15814696485623003,1.0,396,2108,16,0
1.0527483937039506e-05,2505,0.15808383233532936,1.0,396,2109,15,0
1.0461750207468867e-05,2506,0.15802075019952114,1.0,396,2110,14,0
1.008009166980628e-05,2507,0.15795771838851216,1.0,396,2111,13,0
1.0020599802373908e-05,2508,0.15789473684210525,1.0,396,2112,12,0
9.448321179661434e-06,2509,0.1578318055001993,1.0,396,2113,11,0
9.209231393469963e-06,2510,0.15776892430278885,1.0,396,2114,10,0
8.595085091656074e-06,2511,0.15770609318996415,1.0,396,2115,9,0
8.55328471516259e-06,2512,0.15764331210191082,1.0,396,2116,8,0
7.0566161411989015e-06,2513,0.15758058097890967,1.0,396,2117,7,0
7.017791631369619e-06,2514,0.1575178997613365,1.0,396,2118,6,0
6.95355038260459e-06,2515,0.15745526838966203,1.0,396,2119,5,0
4.005785740446299e-06,2516,0.1573926868044515,1.0,396,2120,4,0
3.851585006486857e-06,2517,0.1573301549463647,1.0,396,2121,3,0
3.3784403967729304e-06,2518,0.1572676727561557,1.0,396,2122,2,0
3.0313683510030387e-06,2519,0.1572052401746725,1.0,396,2123,1,0
2.629445816637599e-06,2520,0.15714285714285714,1.0,396,2124,0,0
