threshold,predicted_positive,precision,recall,tp,fp,tn,fn
0.9928171145636073,1,1.0,0.0025252525252525255,1,0,2124,395
0.9916082500814516,2,1.0,0.005050505050505051,2,0,2124,394
0.9910906440716124,3,1.0,0.007575757575757576,3,0,2124,393
0.9909579096373277,4,1.0,0.010101010101010102,4,0,2124,392
0.9895094499438092,5,1.0,0.012626262626262626,5,0,2124,391
0.9893999101681218,6,1.0,0.015151515151515152,6,0,2124,390
0.9886410232930207,7,1.0,0.017676767676767676,7,0,2124,389
0.9883814734940128,8,1.0,0.020202020202020204,8,0,2124,388
0.9865939065789635,9,1.0,0.022727272727272728,9,0,2124,387
0.9864168527840789,10,1.0,0.025252525252525252,10,0,2124,386
0.9858220469552915,11,1.0,0.027777777777777776,11,0,2124,385
0.9855379255379806,12,1.0,0.030303030303030304,12,0,2124,384
0.9848047864728592,13,1.0,0.03282828282828283,13,0,2124,383
0.9841614960012847,14,1.0,0.03535353535353535,14,0,2124,382
0.9838903672379775,15,1.0,0.03787878787878788,15,0,2124,381
0.9825616137347017,16,1.0,0.04040404040404041,16,0,2124,380
0.9823836202235062,17,1.0,0.04292929292929293,17,0,2124,379
0.9817906209067463,18,1.0,0.045454545454545456,18,0,2124,378
0.9814270726443752,19,1.0,0.047979797979797977,19,0,2124,377
0.9806484201003403,20,1.0,0.050505050505050504,20,0,2124,376
0.9800853095888176,21,1.0,0.05303030303030303,21,0,2124,375
0.9799869958894765,22,1.0,0.05555555555555555,22,0,2124,374
0.9795444030524718,23,1.0,0.05808080808080808,23,0,2124,373
0.9792477617267547,24,1.0,0.06060606060606061,24,0,2124,372
0.9783306751342719,25,1.0,0.06313131313131314,25,0,2124,371
0.978149900947814,26,1.0,0.06565656565656566,26,0,2124,370
0.9774199654886783,27,1.0,0.06818181818181818,27,0,2124,369
0.9772422762217707,28,1.0,0.0707070707070707,28,0,2124,368
0.977241359366787,29,1.0,0.07323232323232323,29,0,2124,367
0.976897105746524,30,1.0,0.07575757575757576,30,0,2124,366
0.976673908743471,31,1.0,0.07828282828282829,31,0,2124,365
0.9755248786678266,32,1.0,0.08080808080808081,32,0,2124,364
0.9747646956317926,33,1.0,0.08333333333333333,33,0,2124,363
0.9743633215391498,34,1.0,0.08585858585858586,34,0,2124,362
0.9741999081985651,35,1.0,0.08838383838383838,35,0,2124,361
0.973569383115428,36,1.0,0.09090909090909091,36,0,2124,360
0.9732430431698154,37,1.0,0.09343434343434344,37,0,2124,359
0.9718767110708845,38,1.0,0.09595959595959595,38,0,2124,358
0.9698990713182651,39,1.0,0.09848484848484848,39,0,2124,357
0.9697887749864177,40,1.0,0.10101010101010101,40,0,2124,356
0.9696686001766173,41,1.0,0.10353535353535354,41,0,2124,355
0.9694481181806363,42,1.0,0.10606060606060606,42,0,2124,354
0.969235049965631,43,1.0,0.10858585858585859,43,0,2124,353
0.9689273331885334,44,1.0,0.1111111111111111,44,0,2124,352
0.9679514110294488,45,1.0,0.11363636363636363,45,0,2124,351
0.9677392824106071,46,1.0,0.11616161616161616,46,0,2124,350
0.9676400686302815,47,1.0,0.11868686868686869,47,0,2124,349
0.9672295204590589,48,1.0,0.12121212121212122,48,0,2124,348
0.9670383877176304,49,1.0,0.12373737373737374,49,0,2124,347
0.9660463942233835,50,1.0,0.12626262626262627,50,0,2124,346
0.9652150187370382,51,1.0,0.12878787878787878,51,0,2124,345
0.9651035303900575,52,0.9807692307692307,0.12878787878787878,51,1,2123,345
0.9636011863921649,53,0.9811320754716981,0.13131313131313133,52,1,2123,344
0.9629151109202875,54,0.9814814814814815,0.13383838383838384,53,1,2123,343
0.9626928119370818,55,0.9818181818181818,0.13636363636363635,54,1,2123,342
0.9624802423065572,56,0.9821428571428571,0.1388888888888889,55,1,2123,341
0.9619496706427138,57,0.9824561403508771,0.1414141414141414,56,1,2123,340
0.9616155168577245,58,0.9827586206896551,0.14393939393939395,57,1,2123,339
0.9594370790531569,59,0.9830508474576272,0.14646464646464646,58,1,2123,338
0.9591937033047165,60,0.9833333333333333,0.14898989898989898,59,1,2123,337
0.9589071050189198,61,0.9836065573770492,0.15151515151515152,60,1,2123,336
0.9588848466497225,62,0.9838709677419355,0.15404040404040403,61,1,2123,335
0.9585466365571417,63,0.9841269841269841,0.15656565656565657,62,1,2123,334
0.9582955984584799,64,0.984375,0.1590909090909091,63,1,2123,333
0.9564168586713738,65,0.9846153846153847,0.16161616161616163,64,1,2123,332
0.9551051084053374,66,0.9848484848484849,0.16414141414141414,65,1,2123,331
0.9547287668098439,67,0.9850746268656716,0.16666666666666666,66,1,2123,330
0.9541961157228666,68,0.9852941176470589,0.1691919191919192,67,1,2123,329
0.9541171114641921,69,0.9855072463768116,0.1717171717171717,68,1,2123,328
0.951758957086359,70,0.9857142857142858,0.17424242424242425,69,1,2123,327
0.9516030203526024,71,0.9859154929577465,0.17676767676767677,70,1,2123,326
0.9508255000125391,72,0.9861111111111112,0.17929292929292928,71,1,2123,325
0.9500000051725287,73,0.9863013698630136,0.18181818181818182,72,1,2123,324
0.9492510415720756,74,0.9864864864864865,0.18434343434343434,73,1,2123,323
0.9487274662211999,75,0.9866666666666667,0.18686868686868688,74,1,2123,322
0.9487120981821666,76,0.9868421052631579,0.1893939393939394,75,1,2123,321
0.945402276772784,77,0.987012987012987,0.1919191919191919,76,1,2123,320
0.9442065141525183,78,0.9871794871794872,0.19444444444444445,77,1,2123,319
0.9436973962662685,79,0.9873417721518988,0.19696969696969696,78,1,2123,318
0.943609515234781,80,0.9875,0.1994949494949495,79,1,2123,317
0.9428257578110311,81,0.9753086419753086,0.1994949494949495,79,2,2122,317
0.9425714338511488,82,0.9634146341463414,0.1994949494949495,79,3,2121,317
0.9419951996504994,83,0.963855421686747,0.20202020202020202,80,3,2121,316
0.9418751225367535,84,0.9642857142857143,0.20454545454545456,81,3,2121,315
0.9414151392335564,85,0.9647058823529412,0.20707070707070707,82,3,2121,314
0.9414128364908539,86,0.9651162790697675,0.20959595959595959,83,3,2121,313
0.9413428929474897,87,0.9655172413793104,0.21212121212121213,84,3,2121,312
0.9402010591510906,88,0.9545454545454546,0.21212121212121213,84,4,2120,312
0.9381500274030613,89,0.9550561797752809,0.21464646464646464,85,4,2120,311
0.9377092660113536,90,0.9555555555555556,0.21717171717171718,86,4,2120,310
0.9369658791714198,91,0.9560439560439561,0.2196969696969697,87,4,2120,309
0.9369580278558124,92,0.9565217391304348,0.2222222222222222,88,4,2120,308
0.9368523897382444,93,0.956989247311828,0.22474747474747475,89,4,2120,307
0.9364406576341522,94,0.9468085106382979,0.22474747474747475,89,5,2119,307
0.9346725345173963,95,0.9473684210526315,0.22727272727272727,90,5,2119,306
0.9346276597344522,96,0.9375,0.22727272727272727,90,6,2118,306
0.9338297808149628,97,0.9381443298969072,0.2297979797979798,91,6,2118,305
0.9337873402184736,98,0.9387755102040817,0.23232323232323232,92,6,2118,304
0.9335817064589231,99,0.9393939393939394,0.23484848484848486,93,6,2118,303
0.9335417768877895,100,0.94,0.23737373737373738,94,6,2118,302
0.9313707749989503,101,0.9405940594059405,0.2398989898989899,95,6,2118,301
0.9307275921990186,102,0.9411764705882353,0.24242424242424243,96,6,2118,300
0.9294766984857237,103,0.941747572815534,0.24494949494949494,97,6,2118,299
0.9293426710072145,104,0.9423076923076923,0.2474747474747475,98,6,2118,298
0.9252518438658364,105,0.9428571428571428,0.25,99,6,2118,297
0.9247149906364118,106,0.9433962264150944,0.25252525252525254,100,6,2118,296
0.9244345815141783,107,0.9439252336448598,0.255050505050505,101,6,2118,295
0.9243186844058218,108,0.9351851851851852,0.255050505050505,101,7,2117,295
0.9240200278799239,109,0.926605504587156,0.255050505050505,101,8,2116,295
0.9239764254220121,110,0.9272727272727272,0.25757575757575757,102,8,2116,294
0.9233439238450052,111,0.918918918918919,0.25757575757575757,102,9,2115,294
0.9227533311520757,112,0.9196428571428571,0.2601010101010101,103,9,2115,293
0.9226677039396367,113,0.9203539823008849,0.26262626262626265,104,9,2115,292
0.9208905483064739,114,0.9210526315789473,0.26515151515151514,105,9,2115,291
0.9207655794182479,115,0.9217391304347826,0.2676767676767677,106,9,2115,290
0.9206215083521045,116,0.9224137931034483,0.2702020202020202,107,9,2115,289
0.9203765034810176,117,0.9230769230769231,0.2727272727272727,108,9,2115,288
0.9189174365975664,118,0.923728813559322,0.27525252525252525,109,9,2115,287
0.9186555869617368,119,0.9243697478991597,0.2777777777777778,110,9,2115,286
0.918643081450096,120,0.925,0.2803030303030303,111,9,2115,285
0.9168216390324699,121,0.9256198347107438,0.2828282828282828,112,9,2115,284
0.9156363636347832,122,0.9262295081967213,0.28535353535353536,113,9,2115,283
0.912601260566056,123,0.9186991869918699,0.28535353535353536,113,10,2114,283
0.9109666821955579,124,0.9193548387096774,0.2878787878787879,114,10,2114,282
0.9108435682957328,125,0.92,0.2904040404040404,115,10,2114,281
0.9102322424173366,126,0.9126984126984127,0.2904040404040404,115,11,2113,281
0.9092428920021156,127,0.9133858267716536,0.29292929292929293,116,11,2113,280
0.9090765288151552,128,0.9140625,0.29545454545454547,117,11,2113,279
0.908099439972207,129,0.9147286821705426,0.29797979797979796,118,11,2113,278
0.9077808064169841,130,0.9153846153846154,0.3005050505050505,119,11,2113,277
0.9070578608715247,131,0.9083969465648855,0.3005050505050505,119,12,2112,277
0.9068488528999699,132,0.9090909090909091,0.30303030303030304,120,12,2112,276
0.9036671732653703,133,0.9022556390977443,0.30303030303030304,120,13,2111,276
0.9026506058172629,134,0.8955223880597015,0.30303030303030304,120,14,2110,276
0.9006989068961929,135,0.8962962962962963,0.3055555555555556,121,14,2110,275
0.9004758198625956,136,0.8970588235294118,0.30808080808080807,122,14,2110,274
0.8979844235455582,137,0.8978102189781022,0.3106060606060606,123,14,2110,273
0.896538799192642,138,0.8985507246376812,0.31313131313131315,124,14,2110,272
0.8964281121133059,139,0.8992805755395683,0.31565656565656564,125,14,2110,271
0.8937480273914852,140,0.9,0.3181818181818182,126,14,2110,270
0.8928892483919483,141,0.900709219858156,0.3207070707070707,127,14,2110,269
0.889349174001057,142,0.9014084507042254,0.32323232323232326,128,14,2110,268
0.8864818587523815,143,0.9020979020979021,0.32575757575757575,129,14,2110,267
0.885281323665751,144,0.8958333333333334,0.32575757575757575,129,15,2109,267
0.8852475505144155,145,0.896551724137931,0.3282828282828283,130,15,2109,266
0.8848938824234033,146,0.8972602739726028,0.33080808080808083,131,15,2109,265
0.878298990436911,147,0.8979591836734694,0.3333333333333333,132,15,2109,264
0.8774546455397924,148,0.8986486486486487,0.33585858585858586,133,15,2109,263
0.8771226235573094,149,0.8993288590604027,0.3383838383838384,134,15,2109,262
0.8767331071247,150,0.8933333333333333,0.3383838383838384,134,16,2108,262
0.8713058230929825,151,0.8940397350993378,0.3409090909090909,135,16,2108,261
0.8618191855494779,152,0.8947368421052632,0.3434343434343434,136,16,2108,260
0.8614600108725664,153,0.8954248366013072,0.34595959595959597,137,16,2108,259
0.8503714203193822,154,0.8961038961038961,0.3484848484848485,138,16,2108,258
0.8497722647878033,155,0.896774193548387,0.351010101010101,139,16,2108,257
0.834343737111289,156,0.8974358974358975,0.35353535353535354,140,16,2108,256
0.8129950166414818,157,0.89171974522293,0.35353535353535354,140,17,2107,256
0.8115873875517878,158,0.8924050632911392,0.3560606060606061,141,17,2107,255
0.7922084861578349,159,0.8930817610062893,0.35858585858585856,142,17,2107,254
0.7890371225321398,160,0.89375,0.3611111111111111,143,17,2107,253
0.787118852448019,161,0.8944099378881988,0.36363636363636365,144,17,2107,252
0.7701122665811985,162,0.8950617283950617,0.3661616161616162,145,17,2107,251
0.7627350209180159,163,0.8957055214723927,0.3686868686868687,146,17,2107,250
0.7601381345426496,164,0.8963414634146342,0.3712121212121212,147,17,2107,249
0.7018597839511939,165,0.896969696969697,0.37373737373737376,148,17,2107,248
0.6842083806893073,166,0.891566265060241,0.37373737373737376,148,18,2106,248
0.6801211808233524,167,0.8862275449101796,0.37373737373737376,148,19,2105,248
0.6644577791183439,168,0.8869047619047619,0.37626262626262624,149,19,2105,247
0.6574724636126309,169,0.8875739644970414,0.3787878787878788,150,19,2105,246
0.6445797032720859,170,0.8823529411764706,0.3787878787878788,150,20,2104,246
0.639097458730017,171,0.8771929824561403,0.3787878787878788,150,21,2103,246
0.6288819291434912,173,0.8670520231213873,0.3787878787878788,150,23,2101,246
0.6282200795693171,174,0.8620689655172413,0.3787878787878788,150,24,2100,246
0.6260117585405081,175,0.8628571428571429,0.3813131313131313,151,24,2100,245
0.6259393773939128,176,0.8636363636363636,0.3838383838383838,152,24,2100,244
0.6247541448090129,177,0.8587570621468926,0.3838383838383838,152,25,2099,244
0.6199796752075819,178,0.8595505617977528,0.38636363636363635,153,25,2099,243
0.6177687772531806,179,0.8603351955307262,0.3888888888888889,154,25,2099,242
0.6050546012087797,180,0.8611111111111112,0.39141414141414144,155,25,2099,241
0.6032007410207469,181,0.861878453038674,0.3939393939393939,156,25,2099,240
0.5995998184740051,182,0.8571428571428571,0.3939393939393939,156,26,2098,240
0.5986169383484237,183,0.8524590163934426,0.3939393939393939,156,27,2097,240
0.5982165190135876,184,0.8478260869565217,0.3939393939393939,156,28,2096,240
0.5961957027809437,185,0.8486486486486486,0.39646464646464646,157,28,2096,239
0.5961233528286689,186,0.8494623655913979,0.398989898989899,158,28,2096,238
0.5952849286242776,187,0.8449197860962567,0.398989898989899,158,29,2095,238
0.5940919965249817,188,0.8404255319148937,0.398989898989899,158,30,2094,238
0.5888092545469755,189,0.8359788359788359,0.398989898989899,158,31,2093,238
0.5830513396449102,190,0.8315789473684211,0.398989898989899,158,32,2092,238
0.5794313007276993,191,0.8272251308900523,0.398989898989899,158,33,2091,238
0.5746695097553782,192,0.828125,0.4015151515151515,159,33,2091,237
0.5716851351692073,193,0.8238341968911918,0.4015151515151515,159,34,2090,237
0.5716184321114933,194,0.8247422680412371,0.40404040404040403,160,34,2090,236
0.5689260742189935,195,0.8256410256410256,0.4065656565656566,161,34,2090,235
0.5672660515562123,196,0.8214285714285714,0.4065656565656566,161,35,2089,235
0.567082062554904,197,0.817258883248731,0.4065656565656566,161,36,2088,235
0.5523380240287736,198,0.8131313131313131,0.4065656565656566,161,37,2087,235
0.5497630118076609,199,0.8090452261306532,0.4065656565656566,161,38,2086,235
0.5492847751012674,200,0.805,0.4065656565656566,161,39,2085,235
0.5483718509588994,201,0.8059701492537313,0.4090909090909091,162,39,2085,234
0.5467478325612428,202,0.806930693069307,0.4116161616161616,163,39,2085,233
0.542442847276463,203,0.8078817733990148,0.41414141414141414,164,39,2085,232
0.5394852745542755,204,0.8088235294117647,0.4166666666666667,165,39,2085,231
0.5373419119347216,205,0.8048780487804879,0.4166666666666667,165,40,2084,231
0.5370704958599151,206,0.8009708737864077,0.4166666666666667,165,41,2083,231
0.5370011770337342,207,0.8019323671497585,0.41919191919191917,166,41,2083,230
0.5362770758089773,208,0.8028846153846154,0.4217171717171717,167,41,2083,229
0.5309551496406488,209,0.8038277511961722,0.42424242424242425,168,41,2083,228
0.5307792659469864,210,0.8,0.42424242424242425,168,42,2082,228
0.528488586630501,211,0.8009478672985783,0.42676767676767674,169,42,2082,227
0.5273818306451784,212,0.8018867924528302,0.4292929292929293,170,42,2082,226
0.5258277603485256,213,0.7981220657276995,0.4292929292929293,170,43,2081,226
0.5185847352680466,214,0.794392523364486,0.4292929292929293,170,44,2080,226
0.5182673268577305,215,0.7953488372093023,0.4318181818181818,171,44,2080,225
0.5182565620854698,216,0.7962962962962963,0.43434343434343436,172,44,2080,224
0.5171864211595691,217,0.7926267281105991,0.43434343434343436,172,45,2079,224
0.5164385336413254,218,0.7889908256880734,0.43434343434343436,172,46,2078,224
0.5129128823423829,219,0.7853881278538812,0.43434343434343436,172,47,2077,224
0.5099074561928845,220,0.7818181818181819,0.43434343434343436,172,48,2076,224
0.5070898808177139,221,0.7828054298642534,0.43686868686868685,173,48,2076,223
0.5070460794401757,222,0.7837837837837838,0.4393939393939394,174,48,2076,222
0.5047941612383051,223,0.7847533632286996,0.44191919191919193,175,48,2076,221
0.5038619685987041,224,0.78125,0.44191919191919193,175,49,2075,221
0.502507510457791,225,0.7777777777777778,0.44191919191919193,175,50,2074,221
0.5025054963579505,226,0.7787610619469026,0.4444444444444444,176,50,2074,220
0.5022274890934776,227,0.7797356828193832,0.44696969696969696,177,50,2074,219
0.5019248798073574,228,0.7763157894736842,0.44696969696969696,177,51,2073,219
0.5002934894304368,229,0.7729257641921398,0.44696969696969696,177,52,2072,219
0.49768248602623044,230,0.7695652173913043,0.44696969696969696,177,53,2071,219
0.4974787324661747,231,0.7662337662337663,0.44696969696969696,177,54,2070,219
0.49729365573524376,232,0.7629310344827587,0.44696969696969696,177,55,2069,219
0.4964444586027835,233,0.7639484978540773,0.4494949494949495,178,55,2069,218
0.4961994298807482,234,0.7606837606837606,0.4494949494949495,178,56,2068,218
0.4941853100740427,235,0.7574468085106383,0.4494949494949495,178,57,2067,218
0.493112745617134,236,0.7584745762711864,0.45202020202020204,179,57,2067,217
0.4915655260282392,237,0.759493670886076,0.45454545454545453,180,57,2067,216
0.49044900076904946,238,0.7605042016806722,0.45707070707070707,181,57,2067,215
0.4900878968059285,239,0.7573221757322176,0.45707070707070707,181,58,2066,215
0.49002658631697044,240,0.7583333333333333,0.4595959595959596,182,58,2066,214
0.48579631175494403,241,0.7593360995850622,0.4621212121212121,183,58,2066,213
0.4846545284560203,242,0.7603305785123967,0.46464646464646464,184,58,2066,212
0.48334864401069977,243,0.757201646090535,0.46464646464646464,184,59,2065,212
0.4821380566585138,244,0.7540983606557377,0.46464646464646464,184,60,2064,212
0.479819686304236,245,0.7551020408163265,0.4671717171717172,185,60,2064,211
0.4796296772614873,246,0.7560975609756098,0.4696969696969697,186,60,2064,210
0.47941324683331227,247,0.757085020242915,0.4722222222222222,187,60,2064,209
0.4789170623520712,248,0.7540322580645161,0.4722222222222222,187,61,2063,209
0.4780135381920002,249,0.751004016064257,0.4722222222222222,187,62,2062,209
0.47712245219549393,250,0.748,0.4722222222222222,187,63,2061,209
0.4744012660567478,251,0.7450199203187251,0.4722222222222222,187,64,2060,209
0.47239890337253604,252,0.746031746031746,0.47474747474747475,188,64,2060,208
0.47181611323855616,253,0.7430830039525692,0.47474747474747475,188,65,2059,208
0.47110856599678225,254,0.7401574803149606,0.47474747474747475,188,66,2058,208
0.4691926225688531,255,0.7411764705882353,0.4772727272727273,189,66,2058,207
0.46874275240453117,256,0.73828125,0.4772727272727273,189,67,2057,207
0.4678187219612812,257,0.7392996108949417,0.4797979797979798,190,67,2057,206
0.46685147561131385,258,0.7403100775193798,0.4823232323232323,191,67,2057,205
0.4651621020443255,259,0.7374517374517374,0.4823232323232323,191,68,2056,205
0.4651540352725191,260,0.7384615384615385,0.48484848484848486,192,68,2056,204
0.46457371729393576,261,0.735632183908046,0.48484848484848486,192,69,2055,204
0.46386313373014504,262,0.732824427480916,0.48484848484848486,192,70,2054,204
0.4638573800453329,263,0.7338403041825095,0.48737373737373735,193,70,2054,203
0.4626086945713071,264,0.7348484848484849,0.4898989898989899,194,70,2054,202
0.462461563897339,265,0.7320754716981132,0.4898989898989899,194,71,2053,202
0.46215857990185044,266,0.7293233082706767,0.4898989898989899,194,72,2052,202
0.46193216310272556,267,0.7265917602996255,0.4898989898989899,194,73,2051,202
0.4615403179359038,268,0.7238805970149254,0.4898989898989899,194,74,2050,202
0.4609444038064111,269,0.7211895910780669,0.4898989898989899,194,75,2049,202
0.46023834377762285,270,0.7185185185185186,0.4898989898989899,194,76,2048,202
0.45873290237690645,271,0.7158671586715867,0.4898989898989899,194,77,2047,202
0.4585245837838601,272,0.7132352941176471,0.4898989898989899,194,78,2046,202
0.45787771020860807,273,0.7106227106227107,0.4898989898989899,194,79,2045,202
0.4570961910387903,274,0.708029197080292,0.4898989898989899,194,80,2044,202
0.45688976820559435,275,0.7090909090909091,0.49242424242424243,195,80,2044,201
0.45602791526496517,276,0.7065217391304348,0.49242424242424243,195,81,2043,201
0.45536016199821,277,0.703971119133574,0.49242424242424243,195,82,2042,201
0.4540559570118308,278,0.7050359712230215,0.494949494949495,196,82,2042,200
0.45343175659099566,279,0.7025089605734767,0.494949494949495,196,83,2041,200
0.4515316080138988,280,0.7035714285714286,0.49747474747474746,197,83,2041,199
0.45053793177722024,281,0.7046263345195729,0.5,198,83,2041,198
0.4498316022106598,283,0.7067137809187279,0.5050505050505051,200,83,2041,196
0.44788222531922167,284,0.704225352112676,0.5050505050505051,200,84,2040,196
0.4467775650119648,285,0.7017543859649122,0.5050505050505051,200,85,2039,196
0.4465328536115601,286,0.7027972027972028,0.5075757575757576,201,85,2039,195
0.44546235054687067,287,0.7038327526132404,0.51010101010101,202,85,2039,194
0.4439968149965491,289,0.7024221453287197,0.5126262626262627,203,86,2038,193
0.4437275393558853,292,0.6952054794520548,0.5126262626262627,203,89,2035,193
0.44359758424165086,293,0.6962457337883959,0.5151515151515151,204,89,2035,192
0.4433055862674561,294,0.6972789115646258,0.5176767676767676,205,89,2035,191
0.4424998744414411,295,0.6983050847457627,0.5202020202020202,206,89,2035,190
0.4411765445428903,296,0.6959459459459459,0.5202020202020202,206,90,2034,190
0.44067169215766866,297,0.6936026936026936,0.5202020202020202,206,91,2033,190
0.4405434522325217,298,0.6946308724832215,0.5227272727272727,207,91,2033,189
0.4401259335148192,299,0.6923076923076923,0.5227272727272727,207,92,2032,189
0.4383282725427989,300,0.6933333333333334,0.5252525252525253,208,92,2032,188
0.43806079358328104,301,0.6910299003322259,0.5252525252525253,208,93,2031,188
0.43783103008014806,302,0.6920529801324503,0.5277777777777778,209,93,2031,187
0.43763710816408347,303,0.6897689768976898,0.5277777777777778,209,94,2030,187
0.4374750536267643,305,0.6885245901639344,0.5303030303030303,210,95,2029,186
0.4374626172188079,306,0.6862745098039216,0.5303030303030303,210,96,2028,186
0.4364854762638396,307,0.6840390879478827,0.5303030303030303,210,97,2027,186
0.43562694788608597,308,0.685064935064935,0.5328282828282829,211,97,2027,185
0.4355315433315104,309,0.6828478964401294,0.5328282828282829,211,98,2026,185
0.4352170969402228,310,0.6806451612903226,0.5328282828282829,211,99,2025,185
0.4336878753525244,311,0.6784565916398714,0.5328282828282829,211,100,2024,185
0.4332351132453327,312,0.6794871794871795,0.5353535353535354,212,100,2024,184
0.43297958649445956,313,0.6773162939297125,0.5353535353535354,212,101,2023,184
0.4324817518229914,314,0.6751592356687898,0.5353535353535354,212,102,2022,184
0.4315076321628074,315,0.6761904761904762,0.5378787878787878,213,102,2022,183
0.43097483401668596,317,0.6782334384858044,0.5429292929292929,215,102,2022,181
0.4304919338786865,318,0.6761006289308176,0.5429292929292929,215,103,2021,181
0.43040423591505,319,0.6739811912225705,0.5429292929292929,215,104,2020,181
0.430224461356177,320,0.671875,0.5429292929292929,215,105,2019,181
0.43010785543943275,321,0.6728971962616822,0.5454545454545454,216,105,2019,180
0.4293027759175223,323,0.6718266253869969,0.547979797979798,217,106,2018,179
0.42907758737251117,324,0.6728395061728395,0.5505050505050505,218,106,2018,178
0.4286449883727865,325,0.6738461538461539,0.553030303030303,219,106,2018,177
0.4285838480043329,327,0.6758409785932722,0.5580808080808081,221,106,2018,175
0.4269197823517914,329,0.6747720364741642,0.5606060606060606,222,107,2017,174
0.4256479349370217,330,0.6757575757575758,0.5631313131313131,223,107,2017,173
0.42492599986264595,331,0.676737160120846,0.5656565656565656,224,107,2017,172
0.42458099377797337,332,0.677710843373494,0.5681818181818182,225,107,2017,171
0.42449831307117936,333,0.6756756756756757,0.5681818181818182,225,108,2016,171
0.4240087080105384,334,0.6766467065868264,0.5707070707070707,226,108,2016,170
0.42370892033528623,335,0.6776119402985075,0.5732323232323232,227,108,2016,169
0.42253809649611396,336,0.6785714285714286,0.5757575757575758,228,108,2016,168
0.42200770128350323,337,0.6795252225519288,0.5782828282828283,229,108,2016,167
0.42107847324921277,338,0.6804733727810651,0.5808080808080808,230,108,2016,166
0.4167677624369482,339,0.6814159292035398,0.5833333333333334,231,108,2016,165
0.4159996535620527,340,0.6794117647058824,0.5833333333333334,231,109,2015,165
0.4155164388050878,341,0.6774193548387096,0.5833333333333334,231,110,2014,165
0.41416346263857023,342,0.6754385964912281,0.5833333333333334,231,111,2013,165
0.4134343556083532,343,0.673469387755102,0.5833333333333334,231,112,2012,165
0.41298934730115944,344,0.6744186046511628,0.5858585858585859,232,112,2012,164
0.41283500340572216,345,0.6753623188405797,0.5883838383838383,233,112,2012,163
0.41258101252903934,349,0.670487106017192,0.5909090909090909,234,115,2009,162
0.4110639172071413,350,0.6685714285714286,0.5909090909090909,234,116,2008,162
0.410581495975236,351,0.6666666666666666,0.5909090909090909,234,117,2007,162
0.41034968963636803,352,0.6676136363636364,0.5934343434343434,235,117,2007,161
0.41019823832162605,353,0.6685552407932012,0.5959595959595959,236,117,2007,160
0.4101394167223795,354,0.6666666666666666,0.5959595959595959,236,118,2006,160
0.40986384508876555,355,0.6676056338028169,0.5984848484848485,237,118,2006,159
0.40672098554511626,356,0.6657303370786517,0.5984848484848485,237,119,2005,159
0.4063016807157714,357,0.6666666666666666,0.601010101010101,238,119,2005,158
0.40627617806056926,358,0.664804469273743,0.601010101010101,238,120,2004,158
0.40605942705353976,359,0.6657381615598886,0.6035353535353535,239,120,2004,157
0.4050117310952794,360,0.6666666666666666,0.6060606060606061,240,120,2004,156
0.40486929461210536,361,0.6648199445983379,0.6060606060606061,240,121,2003,156
0.4041100809799259,362,0.6657458563535912,0.6085858585858586,241,121,2003,155
0.40409493987693534,363,0.6666666666666666,0.6111111111111112,242,121,2003,154
0.4034425429720614,364,0.6675824175824175,0.6136363636363636,243,121,2003,153
0.4031088750879364,365,0.6684931506849315,0.6161616161616161,244,121,2003,152
0.4015417250019777,367,0.667574931880109,0.6186868686868687,245,122,2002,151
0.40143661212092246,368,0.6684782608695652,0.6212121212121212,246,122,2002,150
0.4012543071724263,369,0.6666666666666666,0.6212121212121212,246,123,2001,150
0.40098531023241624,370,0.6648648648648648,0.6212121212121212,246,124,2000,150
0.39874311097363185,371,0.6630727762803235,0.6212121212121212,246,125,1999,150
0.3984150479467488,372,0.6612903225806451,0.6212121212121212,246,126,1998,150
0.3973919322245174,373,0.6595174262734584,0.6212121212121212,246,127,1997,150
0.397119994261026,374,0.6577540106951871,0.6212121212121212,246,128,1996,150
0.3968854215415225,375,0.656,0.6212121212121212,246,129,1995,150
0.3962920261898736,376,0.6569148936170213,0.6237373737373737,247,129,1995,149
0.3960585618930914,377,0.6578249336870027,0.6262626262626263,248,129,1995,148
0.3959942515575346,378,0.6587301587301587,0.6287878787878788,249,129,1995,147
0.3958168375097586,379,0.6596306068601583,0.6313131313131313,250,129,1995,146
0.3956809571890313,381,0.6587926509186351,0.6338383838383839,251,130,1994,145
0.3955613744592785,382,0.6570680628272252,0.6338383838383839,251,131,1993,145
0.3949084876044975,383,0.6579634464751958,0.6363636363636364,252,131,1993,144
0.39400278596735056,384,0.65625,0.6363636363636364,252,132,1992,144
0.3929573064044786,385,0.6545454545454545,0.6363636363636364,252,133,1991,144
0.39284072027310146,386,0.6528497409326425,0.6363636363636364,252,134,1990,144
0.39245788906335843,387,0.6511627906976745,0.6363636363636364,252,135,1989,144
0.3922356070576942,388,0.6494845360824743,0.6363636363636364,252,136,1988,144
0.39060140410159006,389,0.6503856041131105,0.6388888888888888,253,136,1988,143
0.38900625531430066,390,0.6487179487179487,0.6388888888888888,253,137,1987,143
0.3883008704290535,391,0.649616368286445,0.6414141414141414,254,137,1987,142
0.3878190325750015,392,0.6479591836734694,0.6414141414141414,254,138,1986,142
0.38776698147067795,393,0.648854961832061,0.6439393939393939,255,138,1986,141
0.38683624461967603,394,0.6472081218274112,0.6439393939393939,255,139,1985,141
0.38644090277284593,395,0.6481012658227848,0.6464646464646465,256,139,1985,140
0.38575806394821094,396,0.6464646464646465,0.6464646464646465,256,140,1984,140
0.3840635717596464,397,0.6448362720403022,0.6464646464646465,256,141,1983,140
0.3832575123984621,398,0.6432160804020101,0.6464646464646465,256,142,1982,140
0.3809716572582652,400,0.645,0.6515151515151515,258,142,1982,138
0.3801568674605578,401,0.6458852867830424,0.6540404040404041,259,142,1982,137
0.38013955671907723,402,0.6442786069651741,0.6540404040404041,259,143,1981,137
0.3795727895644643,403,0.6451612903225806,0.6565656565656566,260,143,1981,136
0.3789634312867496,404,0.6460396039603961,0.6590909090909091,261,143,1981,135
0.37846144598134435,405,0.6444444444444445,0.6590909090909091,261,144,1980,135
0.3783301576729251,406,0.645320197044335,0.6616161616161617,262,144,1980,134
0.3765504320123641,407,0.6437346437346437,0.6616161616161617,262,145,1979,134
0.3761657328243732,408,0.6446078431372549,0.6641414141414141,263,145,1979,133
0.37543515619568013,409,0.6430317848410758,0.6641414141414141,263,146,1978,133
0.37369626990755944,410,0.6414634146341464,0.6641414141414141,263,147,1977,133
0.37339953424034766,411,0.6423357664233577,0.6666666666666666,264,147,1977,132
0.37042344385934495,412,0.6432038834951457,0.6691919191919192,265,147,1977,131
0.3698664179344235,413,0.6440677966101694,0.6717171717171717,266,147,1977,130
0.36981780395055586,414,0.644927536231884,0.6742424242424242,267,147,1977,129
0.3693295492264303,415,0.6433734939759036,0.6742424242424242,267,148,1976,129
0.3691547999402021,416,0.6418269230769231,0.6742424242424242,267,149,1975,129
0.36911612307144714,417,0.6402877697841727,0.6742424242424242,267,150,1974,129
0.3684899852460102,418,0.638755980861244,0.6742424242424242,267,151,1973,129
0.36782085012039223,419,0.6372315035799523,0.6742424242424242,267,152,1972,129
0.36769423099604576,420,0.6357142857142857,0.6742424242424242,267,153,1971,129
0.36761527493220975,421,0.6342042755344418,0.6742424242424242,267,154,1970,129
0.3660893117556915,422,0.6327014218009479,0.6742424242424242,267,155,1969,129
0.36529317088015456,423,0.6312056737588653,0.6742424242424242,267,156,1968,129
0.3647406142019053,424,0.6297169811320755,0.6742424242424242,267,157,1967,129
0.36410026530000617,425,0.6282352941176471,0.6742424242424242,267,158,1966,129
0.35860953877372465,426,0.6267605633802817,0.6742424242424242,267,159,1965,129
0.3585451219969126,427,0.6252927400468384,0.6742424242424242,267,160,1964,129
0.3571812023076159,428,0.6261682242990654,0.6767676767676768,268,160,1964,128
0.3570551181647961,429,0.6247086247086248,0.6767676767676768,268,161,1963,128
0.35689512862041356,430,0.6232558139534884,0.6767676767676768,268,162,1962,128
0.3567461010787439,431,0.6218097447795824,0.6767676767676768,268,163,1961,128
0.3519201223257162,432,0.6203703703703703,0.6767676767676768,268,164,1960,128
0.3517324724902786,433,0.6189376443418014,0.6767676767676768,268,165,1959,128
0.35096483133948153,434,0.6175115207373272,0.6767676767676768,268,166,1958,128
0.3498348444236198,435,0.6160919540229886,0.6767676767676768,268,167,1957,128
0.3476162429322928,436,0.6146788990825688,0.6767676767676768,268,168,1956,128
0.3475946311224457,437,0.6132723112128147,0.6767676767676768,268,169,1955,128
0.347251153794487,439,0.6150341685649203,0.6818181818181818,270,169,1955,126
0.34703248711293494,440,0.615909090909091,0.6843434343434344,271,169,1955,125
0.34694346327362013,441,0.6167800453514739,0.6868686868686869,272,169,1955,124
0.34621112445520047,442,0.6153846153846154,0.6868686868686869,272,170,1954,124
0.3461516699150571,443,0.6162528216704289,0.6893939393939394,273,170,1954,123
0.3457677614817353,444,0.6171171171171171,0.6919191919191919,274,170,1954,122
0.34525369146399526,445,0.6157303370786517,0.6919191919191919,274,171,1953,122
0.34487901019381817,446,0.6165919282511211,0.6944444444444444,275,171,1953,121
0.343778411491172,447,0.6152125279642058,0.6944444444444444,275,172,1952,121
0.3437417959325262,448,0.6138392857142857,0.6944444444444444,275,173,1951,121
0.3427772104204846,449,0.6146993318485523,0.696969696969697,276,173,1951,120
0.34273533704641934,450,0.6155555555555555,0.6994949494949495,277,173,1951,119
0.34271724992743385,451,0.614190687361419,0.6994949494949495,277,174,1950,119
0.3426710452207724,452,0.6150442477876106,0.702020202020202,278,174,1950,118
0.3417231646556172,453,0.6136865342163356,0.702020202020202,278,175,1949,118
0.3413832004656662,454,0.6123348017621145,0.702020202020202,278,176,1948,118
0.3411832733961223,455,0.6131868131868132,0.7045454545454546,279,176,1948,117
0.3408701388915031,456,0.6140350877192983,0.7070707070707071,280,176,1948,116
0.33973950891286747,457,0.612691466083151,0.7070707070707071,280,177,1947,116
0.33928024695315034,459,0.6100217864923747,0.7070707070707071,280,179,1945,116
0.338930289612177,460,0.6108695652173913,0.7095959595959596,281,179,1945,115
0.33791409556680224,461,0.6117136659436009,0.7121212121212122,282,179,1945,114
0.3376396110168419,462,0.6103896103896104,0.7121212121212122,282,180,1944,114
0.3374255796408091,463,0.6112311015118791,0.7146464646464646,283,180,1944,113
0.33680152956863646,464,0.6099137931034483,0.7146464646464646,283,181,1943,113
0.33676126496130215,465,0.6086021505376344,0.7146464646464646,283,182,1942,113
0.3364305708292194,466,0.6072961373390557,0.7146464646464646,283,183,1941,113
0.3362950073534562,467,0.6059957173447538,0.7146464646464646,283,184,1940,113
0.3360340861032699,468,0.6068376068376068,0.7171717171717171,284,184,1940,112
0.3345896977282793,469,0.6076759061833689,0.7196969696969697,285,184,1940,111
0.33369989232181047,470,0.6085106382978723,0.7222222222222222,286,184,1940,110
0.33281859147424325,471,0.6093418259023354,0.7247474747474747,287,184,1940,109
0.33274134202278827,472,0.6080508474576272,0.7247474747474747,287,185,1939,109
0.33246165584456006,473,0.6067653276955602,0.7247474747474747,287,186,1938,109
0.3312832696934785,474,0.6054852320675106,0.7247474747474747,287,187,1937,109
0.33113203217753745,475,0.6042105263157894,0.7247474747474747,287,188,1936,109
0.32868241447797664,476,0.6050420168067226,0.7272727272727273,288,188,1936,108
0.32859017219839876,477,0.6037735849056604,0.7272727272727273,288,189,1935,108
0.3282537703456969,478,0.602510460251046,0.7272727272727273,288,190,1934,108
0.3240792295031137,479,0.6012526096033403,0.7272727272727273,288,191,1933,108
0.32404326741336753,480,0.6020833333333333,0.7297979797979798,289,191,1933,107
0.323927686638447,481,0.6008316008316008,0.7297979797979798,289,192,1932,107
0.32347094308140345,482,0.6016597510373444,0.7323232323232324,290,192,1932,106
0.32309508386723707,483,0.6004140786749482,0.7323232323232324,290,193,1931,106
0.32183399474138946,484,0.5991735537190083,0.7323232323232324,290,194,1930,106
0.32107673200326636,485,0.6,0.7348484848484849,291,194,1930,105
0.31914426374215765,486,0.6008230452674898,0.7373737373737373,292,194,1930,104
0.31860076843576507,487,0.6016427104722792,0.73989898989899,293,194,1930,103
0.3180308417804818,488,0.6004098360655737,0.73989898989899,293,195,1929,103
0.3179517404950283,489,0.5991820040899796,0.73989898989899,293,196,1928,103
0.3178700390822222,490,0.6,0.7424242424242424,294,196,1928,102
0.31704954430303506,491,0.6008146639511202,0.7449494949494949,295,196,1928,101
0.3166716095545063,492,0.6016260162601627,0.7474747474747475,296,196,1928,100
0.31656726615636177,493,0.6004056795131846,0.7474747474747475,296,197,1927,100
0.31636624162734794,494,0.5991902834008097,0.7474747474747475,296,198,1926,100
0.3140416748453477,495,0.597979797979798,0.7474747474747475,296,199,1925,100
0.312704644285649,496,0.5967741935483871,0.7474747474747475,296,200,1924,100
0.3118444295930625,497,0.5975855130784709,0.75,297,200,1924,99
0.3114639360144516,499,0.5971943887775552,0.7525252525252525,298,201,1923,98
0.3105199634125243,500,0.598,0.7550505050505051,299,201,1923,97
0.30946620082557075,501,0.5968063872255489,0.7550505050505051,299,202,1922,97
0.3089504263981148,502,0.5956175298804781,0.7550505050505051,299,203,1921,97
0.308081611347753,503,0.5944333996023857,0.7550505050505051,299,204,1920,97
0.3079420895625644,504,0.5952380952380952,0.7575757575757576,300,204,1920,96
0.30622089575986705,505,0.596039603960396,0.76010101010101,301,204,1920,95
0.3057392970656063,506,0.5948616600790514,0.76010101010101,301,205,1919,95
0.30507084227601744,507,0.5956607495069034,0.7626262626262627,302,205,1919,94
0.3050293928329883,508,0.594488188976378,0.7626262626262627,302,206,1918,94
0.30473614961028805,509,0.5952848722986247,0.7651515151515151,303,206,1918,93
0.3041525328687708,510,0.596078431372549,0.7676767676767676,304,206,1918,92
0.30375041284766136,511,0.5949119373776908,0.7676767676767676,304,207,1917,92
0.3036453312207639,512,0.595703125,0.7702020202020202,305,207,1917,91
0.30168584999645126,513,0.594541910331384,0.7702020202020202,305,208,1916,91
0.3008421975866505,514,0.5933852140077821,0.7702020202020202,305,209,1915,91
0.3005295299638731,515,0.5922330097087378,0.7702020202020202,305,210,1914,91
0.29965830547346345,516,0.5910852713178295,0.7702020202020202,305,211,1913,91
0.2993689347448832,517,0.5899419729206963,0.7702020202020202,305,212,1912,91
0.2979577160125164,518,0.5888030888030888,0.7702020202020202,305,213,1911,91
0.2977856635829098,519,0.5876685934489403,0.7702020202020202,305,214,1910,91
0.2951819045255446,520,0.5884615384615385,0.7727272727272727,306,214,1910,90
0.294348008841851,521,0.5892514395393474,0.7752525252525253,307,214,1910,89
0.2930526931264348,522,0.5900383141762452,0.7777777777777778,308,214,1910,88
0.2930507954776296,523,0.5908221797323135,0.7803030303030303,309,214,1910,87
0.2914828711452928,524,0.5916030534351145,0.7828282828282829,310,214,1910,86
0.29139777805522166,525,0.5904761904761905,0.7828282828282829,310,215,1909,86
0.29128009675956373,526,0.5893536121673004,0.7828282828282829,310,216,1908,86
0.28931496391043593,527,0.5882352941176471,0.7828282828282829,310,217,1907,86
0.28846374687135734,528,0.5871212121212122,0.7828282828282829,310,218,1906,86
0.28789954797469597,529,0.5860113421550095,0.7828282828282829,310,219,1905,86
0.2856700842939197,530,0.5849056603773585,0.7828282828282829,310,220,1904,86
0.2838032745410625,531,0.583804143126177,0.7828282828282829,310,221,1903,86
0.283481283711808,532,0.5827067669172933,0.7828282828282829,310,222,1902,86
0.2832954631670532,533,0.5834896810506567,0.7853535353535354,311,222,1902,85
0.28226212480373225,534,0.5823970037453183,0.7853535353535354,311,223,1901,85
0.2819013648589338,535,0.5813084112149532,0.7853535353535354,311,224,1900,85
0.27916092470164716,536,0.582089552238806,0.7878787878787878,312,224,1900,84
0.27710805454081733,537,0.5810055865921788,0.7878787878787878,312,225,1899,84
0.27684803143898773,538,0.5799256505576208,0.7878787878787878,312,226,1898,84
0.2765848719794613,539,0.5788497217068646,0.7878787878787878,312,227,1897,84
0.2751811561147581,540,0.5777777777777777,0.7878787878787878,312,228,1896,84
0.27460023839227954,541,0.5767097966728281,0.7878787878787878,312,229,1895,84
0.2726361473495248,542,0.5756457564575646,0.7878787878787878,312,230,1894,84
0.2718784722548911,543,0.576427255985267,0.7904040404040404,313,230,1894,83
0.2713105756229921,544,0.5772058823529411,0.7929292929292929,314,230,1894,82
0.270466734156578,545,0.5761467889908257,0.7929292929292929,314,231,1893,82
0.2699530508796517,546,0.575091575091575,0.7929292929292929,314,232,1892,82
0.2691180799524553,547,0.5740402193784278,0.7929292929292929,314,233,1891,82
0.2687543824054245,548,0.572992700729927,0.7929292929292929,314,234,1890,82
0.26860782855764764,549,0.5737704918032787,0.7954545454545454,315,234,1890,81
0.2684867284570628,550,0.5727272727272728,0.7954545454545454,315,235,1889,81
0.2639103213713791,551,0.5716878402903811,0.7954545454545454,315,236,1888,81
0.2637039171894494,552,0.572463768115942,0.797979797979798,316,236,1888,80
0.2632735665445506,553,0.5732368896925859,0.8005050505050505,317,236,1888,79
0.26289203956287216,554,0.572202166064982,0.8005050505050505,317,237,1887,79
0.2628459450620005,555,0.5711711711711712,0.8005050505050505,317,238,1886,79
0.2624487230510625,556,0.5701438848920863,0.8005050505050505,317,239,1885,79
0.2614106996487215,557,0.5709156193895871,0.803030303030303,318,239,1885,78
0.2610227413483104,558,0.5698924731182796,0.803030303030303,318,240,1884,78
0.2595293686029057,559,0.5706618962432916,0.8055555555555556,319,240,1884,77
0.2584511110551674,560,0.5696428571428571,0.8055555555555556,319,241,1883,77
0.2570190233490027,561,0.5704099821746881,0.8080808080808081,320,241,1883,76
0.2564269524038461,562,0.5693950177935944,0.8080808080808081,320,242,1882,76
0.2563065178902002,563,0.5683836589698046,0.8080808080808081,320,243,1881,76
0.2556905905282574,564,0.5691489361702128,0.8106060606060606,321,243,1881,75
0.2555920118392124,565,0.5681415929203539,0.8106060606060606,321,244,1880,75
0.2553708264728001,566,0.5671378091872792,0.8106060606060606,321,245,1879,75
0.25450212927213517,567,0.5679012345679012,0.8131313131313131,322,245,1879,74
0.2540621847189245,568,0.5669014084507042,0.8131313131313131,322,246,1878,74
0.2531496731261582,569,0.5659050966608085,0.8131313131313131,322,247,1877,74
0.25256550294087693,570,0.5649122807017544,0.8131313131313131,322,248,1876,74
0.25221963452832363,571,0.5656742556917689,0.8156565656565656,323,248,1876,73
0.2499809983016927,572,0.5646853146853147,0.8156565656565656,323,249,1875,73
0.24971990066534838,573,0.5636998254799301,0.8156565656565656,323,250,1874,73
0.24959225963725815,574,0.5627177700348432,0.8156565656565656,323,251,1873,73
0.24932356010056744,575,0.5617391304347826,0.8156565656565656,323,252,1872,73
0.24854956670840858,576,0.5625,0.8181818181818182,324,252,1872,72
0.24725648286242347,577,0.561525129982669,0.8181818181818182,324,253,1871,72
0.2467467957843419,578,0.5605536332179931,0.8181818181818182,324,254,1870,72
0.24457504428969584,579,0.5613126079447323,0.8207070707070707,325,254,1870,71
0.24441497294409306,580,0.5620689655172414,0.8232323232323232,326,254,1870,70
0.24386166989156047,581,0.5611015490533563,0.8232323232323232,326,255,1869,70
0.24274379530077728,582,0.5601374570446735,0.8232323232323232,326,256,1868,70
0.2419566607791241,583,0.5591766723842195,0.8232323232323232,326,257,1867,70
0.2407177641796884,584,0.5582191780821918,0.8232323232323232,326,258,1866,70
0.2405606620090011,585,0.5572649572649573,0.8232323232323232,326,259,1865,70
0.2365378384882108,586,0.5563139931740614,0.8232323232323232,326,260,1864,70
0.23595352621189244,587,0.5570698466780238,0.8257575757575758,327,260,1864,69
0.23582781541385842,588,0.5561224489795918,0.8257575757575758,327,261,1863,69
0.2338648831026877,589,0.5551782682512734,0.8257575757575758,327,262,1862,69
0.23334560510654062,590,0.5542372881355933,0.8257575757575758,327,263,1861,69
0.23270913971223017,591,0.5532994923857868,0.8257575757575758,327,264,1860,69
0.23230848129787918,592,0.5523648648648649,0.8257575757575758,327,265,1859,69
0.2320313928117648,593,0.551433389544688,0.8257575757575758,327,266,1858,69
0.23172963060155513,594,0.5521885521885522,0.8282828282828283,328,266,1858,68
0.23135427228831806,595,0.5529411764705883,0.8308080808080808,329,266,1858,67
0.23065844498744628,596,0.552013422818792,0.8308080808080808,329,267,1857,67
0.23043930168590673,597,0.5510887772194305,0.8308080808080808,329,268,1856,67
0.2287906095910257,598,0.5501672240802675,0.8308080808080808,329,269,1855,67
0.22864561612129283,599,0.5492487479131887,0.8308080808080808,329,270,1854,67
0.22782373700446823,600,0.55,0.8333333333333334,330,270,1854,66
0.22742943112714006,601,0.5490848585690515,0.8333333333333334,330,271,1853,66
0.22608317534139058,602,0.5481727574750831,0.8333333333333334,330,272,1852,66
0.22528836495649995,603,0.5472636815920398,0.8333333333333334,330,273,1851,66
0.22483961098007044,604,0.5463576158940397,0.8333333333333334,330,274,1850,66
0.2246638805822189,605,0.547107438016529,0.8358585858585859,331,274,1850,65
0.2244079053511123,606,0.5478547854785478,0.8383838383838383,332,274,1850,64
0.22243420157125895,607,0.5469522240527183,0.8383838383838383,332,275,1849,64
0.2222039728965081,608,0.5460526315789473,0.8383838383838383,332,276,1848,64
0.22183450717818126,609,0.5451559934318555,0.8383838383838383,332,277,1847,64
0.22163787094050952,610,0.5442622950819672,0.8383838383838383,332,278,1846,64
0.2204886932356711,611,0.5433715220949263,0.8383838383838383,332,279,1845,64
0.21980993043684297,612,0.5424836601307189,0.8383838383838383,332,280,1844,64
0.2189169845177741,613,0.5432300163132137,0.8409090909090909,333,280,1844,63
0.21845186564113975,614,0.5423452768729642,0.8409090909090909,333,281,1843,63
0.21751226313408517,615,0.5414634146341464,0.8409090909090909,333,282,1842,63
0.21669324439433255,616,0.5422077922077922,0.8434343434343434,334,282,1842,62
0.21667606072683998,617,0.5429497568881686,0.8459595959595959,335,282,1842,61
0.21515782512772083,618,0.5436893203883495,0.8484848484848485,336,282,1842,60
0.2140598433326011,619,0.5428109854604201,0.8484848484848485,336,283,1841,60
0.2139699765630546,620,0.5435483870967742,0.851010101010101,337,283,1841,59
0.2134750676241902,621,0.5426731078904992,0.851010101010101,337,284,1840,59
0.2117965820689805,622,0.5418006430868167,0.851010101010101,337,285,1839,59
0.2117480143093375,623,0.5409309791332263,0.851010101010101,337,286,1838,59
0.2115913523503643,624,0.5400641025641025,0.851010101010101,337,287,1837,59
0.21151610772922605,625,0.5408,0.8535353535353535,338,287,1837,58
0.21060143011223448,626,0.5399361022364217,0.8535353535353535,338,288,1836,58
0.21051709965076737,627,0.5390749601275917,0.8535353535353535,338,289,1835,58
0.20979912464743855,628,0.5382165605095541,0.8535353535353535,338,290,1834,58
0.20858091653065775,629,0.5373608903020668,0.8535353535353535,338,291,1833,58
0.2085521529301276,630,0.5380952380952381,0.8560606060606061,339,291,1833,57
0.20654232802917302,631,0.5372424722662441,0.8560606060606061,339,292,1832,57
0.20615327493386176,632,0.5363924050632911,0.8560606060606061,339,293,1831,57
0.20595226535554365,633,0.5355450236966824,0.8560606060606061,339,294,1830,57
0.20503409249954022,634,0.5347003154574133,0.8560606060606061,339,295,1829,57
0.20406169433344398,635,0.5354330708661418,0.8585858585858586,340,295,1829,56
0.2037332559895431,636,0.5361635220125787,0.8611111111111112,341,295,1829,55
0.20316919915251924,637,0.5353218210361067,0.8611111111111112,341,296,1828,55
0.20284553359978685,638,0.5360501567398119,0.8636363636363636,342,296,1828,54
0.2026964290539683,639,0.5352112676056338,0.8636363636363636,342,297,1827,54
0.20223737573056394,640,0.534375,0.8636363636363636,342,298,1826,54
0.2019147357411126,641,0.5335413416536662,0.8636363636363636,342,299,1825,54
0.2014800733857222,642,0.5327102803738317,0.8636363636363636,342,300,1824,54
0.20123875614221065,643,0.5318818040435459,0.8636363636363636,342,301,1823,54
0.20115370508067185,644,0.531055900621118,0.8636363636363636,342,302,1822,54
0.20079132717399503,645,0.5302325581395348,0.8636363636363636,342,303,1821,54
0.1999269943845784,646,0.5309597523219814,0.8661616161616161,343,303,1821,53
0.1992619370241691,647,0.5301391035548686,0.8661616161616161,343,304,1820,53
0.19868643381158926,648,0.529320987654321,0.8661616161616161,343,305,1819,53
0.19865355934991252,649,0.5285053929121726,0.8661616161616161,343,306,1818,53
0.1983909397086762,650,0.5276923076923077,0.8661616161616161,343,307,1817,53
0.19738715306182136,651,0.5284178187403994,0.8686868686868687,344,307,1817,52
0.19698839441070082,652,0.5291411042944786,0.8712121212121212,345,307,1817,51
0.19678697830710593,653,0.5283307810107197,0.8712121212121212,345,308,1816,51
0.19632890568991845,654,0.5275229357798165,0.8712121212121212,345,309,1815,51
0.19622917663145534,655,0.5267175572519084,0.8712121212121212,345,310,1814,51
0.19622104646601174,656,0.5259146341463414,0.8712121212121212,345,311,1813,51
0.19577210563722025,657,0.5251141552511416,0.8712121212121212,345,312,1812,51
0.19545919390796287,658,0.5243161094224924,0.8712121212121212,345,313,1811,51
0.19497159360252603,659,0.5250379362670713,0.8737373737373737,346,313,1811,50
0.19484859086283396,660,0.5242424242424243,0.8737373737373737,346,314,1810,50
0.19471399637238263,661,0.5234493192133132,0.8737373737373737,346,315,1809,50
0.19410614570091617,662,0.5226586102719033,0.8737373737373737,346,316,1808,50
0.19371417899940607,664,0.5210843373493976,0.8737373737373737,346,318,1806,50
0.19332645432011278,665,0.5203007518796993,0.8737373737373737,346,319,1805,50
0.19264978729495952,666,0.5195195195195195,0.8737373737373737,346,320,1804,50
0.19240383265691927,667,0.5187406296851574,0.8737373737373737,346,321,1803,50
0.19165600614491016,668,0.5179640718562875,0.8737373737373737,346,322,1802,50
0.19111702493416097,669,0.5171898355754858,0.8737373737373737,346,323,1801,50
0.1896696936877623,670,0.5164179104477612,0.8737373737373737,346,324,1800,50
0.1894173955194099,671,0.5156482861400894,0.8737373737373737,346,325,1799,50
0.18940601530650122,672,0.5163690476190477,0.8762626262626263,347,325,1799,49
0.18917598171838276,673,0.5156017830609212,0.8762626262626263,347,326,1798,49
0.18895543967015832,674,0.5148367952522255,0.8762626262626263,347,327,1797,49
0.18773046764535528,675,0.5140740740740741,0.8762626262626263,347,328,1796,49
0.18766523585511802,676,0.5133136094674556,0.8762626262626263,347,329,1795,49
0.18730331067235842,677,0.5140324963072378,0.8787878787878788,348,329,1795,48
0.18713768642289885,678,0.5132743362831859,0.8787878787878788,348,330,1794,48
0.1871137377825594,679,0.5125184094256259,0.8787878787878788,348,331,1793,48
0.18708840645656033,680,0.5117647058823529,0.8787878787878788,348,332,1792,48
0.18687912359426387,681,0.5110132158590308,0.8787878787878788,348,333,1791,48
0.18677058501429541,682,0.5117302052785924,0.8813131313131313,349,333,1791,47
0.18649251138789935,683,0.5109809663250366,0.8813131313131313,349,334,1790,47
0.18602207260236153,684,0.5116959064327485,0.8838383838383839,350,334,1790,46
0.1858953236130797,685,0.5109489051094891,0.8838383838383839,350,335,1789,46
0.1856749428542814,686,0.5102040816326531,0.8838383838383839,350,336,1788,46
0.18564841816111038,687,0.5094614264919942,0.8838383838383839,350,337,1787,46
0.18313600417656853,688,0.5087209302325582,0.8838383838383839,350,338,1786,46
0.183017768337451,689,0.5079825834542816,0.8838383838383839,350,339,1785,46
0.18231101675838457,690,0.5072463768115942,0.8838383838383839,350,340,1784,46
0.18165488457251527,691,0.5065123010130246,0.8838383838383839,350,341,1783,46
0.1816544594189471,692,0.5057803468208093,0.8838383838383839,350,342,1782,46
0.18127136743790612,693,0.5050505050505051,0.8838383838383839,350,343,1781,46
0.1811870178264586,694,0.5043227665706052,0.8838383838383839,350,344,1780,46
0.18046855568436593,695,0.5035971223021583,0.8838383838383839,350,345,1779,46
0.17996596617314445,696,0.5028735632183908,0.8838383838383839,350,346,1778,46
0.17938097842522688,697,0.5021520803443329,0.8838383838383839,350,347,1777,46
0.17895049283271053,698,0.501432664756447,0.8838383838383839,350,348,1776,46
0.17801187406051458,699,0.5007153075822603,0.8838383838383839,350,349,1775,46
0.17790705266169288,700,0.5014285714285714,0.8863636363636364,351,349,1775,45
0.1778723620749122,701,0.5007132667617689,0.8863636363636364,351,350,1774,45
0.17701858998307568,702,0.5014245014245015,0.8888888888888888,352,350,1774,44
0.1766484022258629,703,0.5007112375533428,0.8888888888888888,352,351,1773,44
0.17650613074385246,704,0.5,0.8888888888888888,352,352,1772,44
0.1754165087517641,705,0.49929078014184397,0.8888888888888888,352,353,1771,44
0.17522495164798357,706,0.5,0.8914141414141414,353,353,1771,43
0.17343621110750862,707,0.49929278642149927,0.8914141414141414,353,354,1770,43
0.1733281970955927,708,0.5,0.8939393939393939,354,354,1770,42
0.17186225567946656,709,0.4992947813822285,0.8939393939393939,354,355,1769,42
0.1717934120409488,711,0.4978902953586498,0.8939393939393939,354,357,1767,42
0.17118441403578843,712,0.49719101123595505,0.8939393939393939,354,358,1766,42
0.17093777925598372,713,0.4964936886395512,0.8939393939393939,354,359,1765,42
0.17064085374992685,714,0.4957983193277311,0.8939393939393939,354,360,1764,42
0.17002603957958828,715,0.4951048951048951,0.8939393939393939,354,361,1763,42
0.16982812176306997,716,0.49441340782122906,0.8939393939393939,354,362,1762,42
0.16963099783375826,717,0.49372384937238495,0.8939393939393939,354,363,1761,42
0.16938955470027173,718,0.49303621169916434,0.8939393939393939,354,364,1760,42
0.16848938288657414,719,0.49235048678720444,0.8939393939393939,354,365,1759,42
0.16737599027155206,720,0.4930555555555556,0.8964646464646465,355,365,1759,41
0.1673577541761099,721,0.49375866851595007,0.898989898989899,356,365,1759,40
0.1672890284708419,722,0.4930747922437673,0.898989898989899,356,366,1758,40
0.16616034981833516,723,0.49239280774550487,0.898989898989899,356,367,1757,40
0.16598845375558305,724,0.49171270718232046,0.898989898989899,356,368,1756,40
0.16582687860583847,725,0.4910344827586207,0.898989898989899,356,369,1755,40
0.16531834115292773,726,0.4903581267217631,0.898989898989899,356,370,1754,40
0.1645456200869959,727,0.49105914718019256,0.9015151515151515,357,370,1754,39
0.16375738097665993,728,0.49038461538461536,0.9015151515151515,357,371,1753,39
0.16343310786160625,729,0.4897119341563786,0.9015151515151515,357,372,1752,39
0.16326936635883582,730,0.48904109589041095,0.9015151515151515,357,373,1751,39
0.16164538730728092,731,0.4897400820793434,0.9040404040404041,358,373,1751,38
0.16157489725266247,732,0.49043715846994534,0.9065656565656566,359,373,1751,37
0.1610796270425053,733,0.4897680763983629,0.9065656565656566,359,374,1750,37
0.16079252919793177,734,0.4891008174386921,0.9065656565656566,359,375,1749,37
0.1607902497090436,736,0.48777173913043476,0.9065656565656566,359,377,1747,37
0.16036265193787164,737,0.48846675712347354,0.9090909090909091,360,377,1747,36
0.1602828706624077,738,0.4878048780487805,0.9090909090909091,360,378,1746,36
0.15917184613766522,739,0.4871447902571042,0.9090909090909091,360,379,1745,36
0.15905421093041647,740,0.4864864864864865,0.9090909090909091,360,380,1744,36
0.15858960125903157,741,0.48582995951417,0.9090909090909091,360,381,1743,36
0.15827907909725716,742,0.48517520215633425,0.9090909090909091,360,382,1742,36
0.15755246673885126,743,0.4845222072678331,0.9090909090909091,360,383,1741,36
0.15754715095297994,744,0.4852150537634409,0.9116161616161617,361,383,1741,35
0.15687080265903977,745,0.48590604026845635,0.9141414141414141,362,383,1741,34
0.15685584257036284,746,0.48525469168900803,0.9141414141414141,362,384,1740,34
0.15673727514679306,747,0.48460508701472554,0.9141414141414141,362,385,1739,34
0.15655774695119823,748,0.4839572192513369,0.9141414141414141,362,386,1738,34
0.15594879905219125,749,0.4833110814419226,0.9141414141414141,362,387,1737,34
0.15540491889580257,750,0.4826666666666667,0.9141414141414141,362,388,1736,34
0.15478844863259147,751,0.48202396804260983,0.9141414141414141,362,389,1735,34
0.15334116819909765,752,0.48138297872340424,0.9141414141414141,362,390,1734,34
0.15318661691349084,753,0.4807436918990704,0.9141414141414141,362,391,1733,34
0.15215988739508277,754,0.48010610079575594,0.9141414141414141,362,392,1732,34
0.1511169887377709,755,0.4794701986754967,0.9141414141414141,362,393,1731,34
0.15085045772079034,756,0.47883597883597884,0.9141414141414141,362,394,1730,34
0.15043852861484042,757,0.47820343461030385,0.9141414141414141,362,395,1729,34
0.1496113880151994,758,0.47757255936675463,0.9141414141414141,362,396,1728,34
0.14915128453351517,759,0.4769433465085639,0.9141414141414141,362,397,1727,34
0.1476904173230328,760,0.4763157894736842,0.9141414141414141,362,398,1726,34
0.1471297150434922,761,0.4756898817345598,0.9141414141414141,362,399,1725,34
0.14644995424313573,762,0.47506561679790027,0.9141414141414141,362,400,1724,34
0.14594937423053772,763,0.4744429882044561,0.9141414141414141,362,401,1723,34
0.1454253116553009,764,0.4738219895287958,0.9141414141414141,362,402,1722,34
0.14494228632306436,765,0.47320261437908495,0.9141414141414141,362,403,1721,34
0.14491116472743723,766,0.4725848563968668,0.9141414141414141,362,404,1720,34
0.14351461468366994,767,0.47196870925684486,0.9141414141414141,362,405,1719,34
0.1434681844765266,768,0.4713541666666667,0.9141414141414141,362,406,1718,34
0.1432395580885002,769,0.47074122236671,0.9141414141414141,362,407,1717,34
0.14235213395892582,770,0.4701298701298701,0.9141414141414141,362,408,1716,34
0.1423258855738175,771,0.4708171206225681,0.9166666666666666,363,408,1716,33
0.1418966428903491,772,0.47150259067357514,0.9191919191919192,364,408,1716,32
0.14166458362430978,773,0.47089262613195343,0.9191919191919192,364,409,1715,32
0.1416319567387487,774,0.4715762273901809,0.9217171717171717,365,409,1715,31
0.1412053883219561,775,0.47096774193548385,0.9217171717171717,365,410,1714,31
0.14028517751148362,776,0.47164948453608246,0.9242424242424242,366,410,1714,30
0.1396549642228541,778,0.4704370179948586,0.9242424242424242,366,412,1712,30
0.1393375927856492,779,0.46983311938382544,0.9242424242424242,366,413,1711,30
0.1390764870803166,780,0.4705128205128205,0.9267676767676768,367,413,1711,29
0.13900990683992218,781,0.471190781049936,0.9292929292929293,368,413,1711,28
0.13863116314640073,782,0.47058823529411764,0.9292929292929293,368,414,1710,28
0.1382699077239445,783,0.46998722860791825,0.9292929292929293,368,415,1709,28
0.13812328370867727,784,0.46938775510204084,0.9292929292929293,368,416,1708,28
0.13784162405780626,785,0.47006369426751593,0.9318181818181818,369,416,1708,27
0.1374945665108954,786,0.46946564885496184,0.9318181818181818,369,417,1707,27
0.13529379078340012,787,0.4701397712833545,0.9343434343434344,370,417,1707,26
0.1352324261557758,788,0.47081218274111675,0.9368686868686869,371,417,1707,25
0.13474229193307485,789,0.47021546261089986,0.9368686868686869,371,418,1706,25
0.13410054523716097,790,0.46962025316455697,0.9368686868686869,371,419,1705,25
0.13405541691140285,791,0.47029077117572693,0.9393939393939394,372,419,1705,24
0.13403539669905434,792,0.4696969696969697,0.9393939393939394,372,420,1704,24
0.1329594175895335,793,0.4691046658259773,0.9393939393939394,372,421,1703,24
0.13285085311256428,794,0.46851385390428213,0.9393939393939394,372,422,1702,24
0.1326506406141259,795,0.4679245283018868,0.9393939393939394,372,423,1701,24
0.13225014695155443,796,0.46733668341708545,0.9393939393939394,372,424,1700,24
0.13098090122093697,797,0.46675031367628605,0.9393939393939394,372,425,1699,24
0.1308939186679112,798,0.46616541353383456,0.9393939393939394,372,426,1698,24
0.13086629613523726,799,0.4655819774718398,0.9393939393939394,372,427,1697,24
0.13027860051619025,800,0.465,0.9393939393939394,372,428,1696,24
0.13001544444650062,801,0.46441947565543074,0.9393939393939394,372,429,1695,24
0.1295428172398777,802,0.46384039900249374,0.9393939393939394,372,430,1694,24
0.12948031948801125,803,0.46326276463262767,0.9393939393939394,372,431,1693,24
0.1273428580046658,804,0.4626865671641791,0.9393939393939394,372,432,1692,24
0.1270814402457226,805,0.462111801242236,0.9393939393939394,372,433,1691,24
0.12675347155837607,806,0.46153846153846156,0.9393939393939394,372,434,1690,24
0.12651534173069187,807,0.46096654275092935,0.9393939393939394,372,435,1689,24
0.12599380515791855,808,0.4603960396039604,0.9393939393939394,372,436,1688,24
0.1257616451407294,809,0.45982694684796044,0.9393939393939394,372,437,1687,24
0.12565197583342436,810,0.45925925925925926,0.9393939393939394,372,438,1686,24
0.1251767107856699,811,0.45869297163995065,0.9393939393939394,372,439,1685,24
0.12516228639361793,812,0.458128078817734,0.9393939393939394,372,440,1684,24
0.1250150219423362,813,0.4575645756457565,0.9393939393939394,372,441,1683,24
0.12459867060266243,814,0.457002457002457,0.9393939393939394,372,442,1682,24
0.12459632870938622,815,0.456441717791411,0.9393939393939394,372,443,1681,24
0.12455126888813875,816,0.4571078431372549,0.9419191919191919,373,443,1681,23
0.12438152359809836,817,0.4565483476132191,0.9419191919191919,373,444,1680,23
0.12406592315299379,818,0.4559902200488998,0.9419191919191919,373,445,1679,23
0.12322771895717587,819,0.45665445665445664,0.9444444444444444,374,445,1679,22
0.12322331704867268,820,0.4560975609756098,0.9444444444444444,374,446,1678,22
0.12197812410810122,821,0.45554202192448234,0.9444444444444444,374,447,1677,22
0.12191002349642888,822,0.45498783454987834,0.9444444444444444,374,448,1676,22
0.12187344616063629,823,0.45443499392466585,0.9444444444444444,374,449,1675,22
0.12169042841061299,824,0.4538834951456311,0.9444444444444444,374,450,1674,22
0.1213457443959274,825,0.4533333333333333,0.9444444444444444,374,451,1673,22
0.12133547247947989,826,0.45278450363196127,0.9444444444444444,374,452,1672,22
0.12111093480561283,827,0.45223700120918986,0.9444444444444444,374,453,1671,22
0.12024314133756278,828,0.45169082125603865,0.9444444444444444,374,454,1670,22
0.11973676143054869,829,0.451145958986731,0.9444444444444444,374,455,1669,22
0.11972276660902662,830,0.4506024096385542,0.9444444444444444,374,456,1668,22
0.11934511120537038,831,0.4500601684717208,0.9444444444444444,374,457,1667,22
0.11929197262172961,832,0.4495192307692308,0.9444444444444444,374,458,1666,22
0.11887779601923343,833,0.4489795918367347,0.9444444444444444,374,459,1665,22
0.11872984118969743,834,0.44844124700239807,0.9444444444444444,374,460,1664,22
0.11872889441253955,835,0.4479041916167665,0.9444444444444444,374,461,1663,22
0.11866902874149791,836,0.4473684210526316,0.9444444444444444,374,462,1662,22
0.11837443424548856,837,0.44683393070489846,0.9444444444444444,374,463,1661,22
0.11836401446829227,838,0.44630071599045346,0.9444444444444444,374,464,1660,22
0.11835916576883337,839,0.44576877234803336,0.9444444444444444,374,465,1659,22
0.11824284833463801,840,0.4452380952380952,0.9444444444444444,374,466,1658,22
0.1181233463998596,841,0.4447086801426873,0.9444444444444444,374,467,1657,22
0.11791926285519458,842,0.44418052256532065,0.9444444444444444,374,468,1656,22
0.11740398382526497,843,0.44365361803084225,0.9444444444444444,374,469,1655,22
0.11733495139586862,844,0.4431279620853081,0.9444444444444444,374,470,1654,22
0.11729477865903047,845,0.44260355029585796,0.9444444444444444,374,471,1653,22
0.11728580264553767,846,0.44208037825059104,0.9444444444444444,374,472,1652,22
0.1172614368070051,847,0.44155844155844154,0.9444444444444444,374,473,1651,22
0.11583014916137782,848,0.4410377358490566,0.9444444444444444,374,474,1650,22
0.11568637668438723,849,0.44051825677267376,0.9444444444444444,374,475,1649,22
0.11568431516710702,850,0.44,0.9444444444444444,374,476,1648,22
0.11465057729154117,851,0.4394829612220917,0.9444444444444444,374,477,1647,22
0.11446053728304655,852,0.43896713615023475,0.9444444444444444,374,478,1646,22
0.1142084876268572,853,0.4396248534583822,0.946969696969697,375,478,1646,21
0.11410611172093413,854,0.43911007025761123,0.946969696969697,375,479,1645,21
0.11292472094249911,855,0.43859649122807015,0.946969696969697,375,480,1644,21
0.11240513319181444,856,0.4392523364485981,0.9494949494949495,376,480,1644,20
0.11142178704559312,857,0.4387397899649942,0.9494949494949495,376,481,1643,20
0.11059147146915178,858,0.4382284382284382,0.9494949494949495,376,482,1642,20
0.1105376952539526,859,0.43771827706635624,0.9494949494949495,376,483,1641,20
0.10968999584277543,860,0.4372093023255814,0.9494949494949495,376,484,1640,20
0.10932903518426992,861,0.4367015098722416,0.9494949494949495,376,485,1639,20
0.10917901190687616,862,0.4361948955916473,0.9494949494949495,376,486,1638,20
0.10825973878763775,863,0.43568945538818077,0.9494949494949495,376,487,1637,20
0.10712765045678792,864,0.4351851851851852,0.9494949494949495,376,488,1636,20
0.10649084543169798,865,0.4346820809248555,0.9494949494949495,376,489,1635,20
0.10619294274913568,866,0.4341801385681293,0.9494949494949495,376,490,1634,20
0.10614069528513011,867,0.43367935409457903,0.9494949494949495,376,491,1633,20
0.10594563326834903,868,0.43317972350230416,0.9494949494949495,376,492,1632,20
0.10565422723250419,870,0.432183908045977,0.9494949494949495,376,494,1630,20
0.10533375211823924,871,0.4316877152698048,0.9494949494949495,376,495,1629,20
0.10504618082597758,872,0.43119266055045874,0.9494949494949495,376,496,1628,20
0.1049271112029479,873,0.4306987399770905,0.9494949494949495,376,497,1627,20
0.10435527478277243,874,0.4302059496567506,0.9494949494949495,376,498,1626,20
0.10424940894083633,875,0.4297142857142857,0.9494949494949495,376,499,1625,20
0.10423640809796741,876,0.4292237442922374,0.9494949494949495,376,500,1624,20
0.10382384686781775,877,0.42873432155074115,0.9494949494949495,376,501,1623,20
0.10340211000555125,878,0.428246013667426,0.9494949494949495,376,502,1622,20
0.10286507796950563,879,0.42775881683731515,0.9494949494949495,376,503,1621,20
0.10267789570352734,880,0.42727272727272725,0.9494949494949495,376,504,1620,20
0.10011425637847396,881,0.4267877412031782,0.9494949494949495,376,505,1619,20
0.1000208459196848,882,0.42630385487528344,0.9494949494949495,376,506,1618,20
0.09988507344280913,883,0.4258210645526614,0.9494949494949495,376,507,1617,20
0.09957310580364205,884,0.4253393665158371,0.9494949494949495,376,508,1616,20
0.09925611536604477,885,0.4248587570621469,0.9494949494949495,376,509,1615,20
0.09875866161635001,886,0.42437923250564336,0.9494949494949495,376,510,1614,20
0.09871811820925108,887,0.42390078917700114,0.9494949494949495,376,511,1613,20
0.09842934251745294,888,0.42342342342342343,0.9494949494949495,376,512,1612,20
0.09837831770309384,889,0.4229471316085489,0.9494949494949495,376,513,1611,20
0.09823422463142863,890,0.42247191011235957,0.9494949494949495,376,514,1610,20
0.09640056066732529,891,0.4219977553310887,0.9494949494949495,376,515,1609,20
0.09631098153017172,892,0.42152466367713004,0.9494949494949495,376,516,1608,20
0.09620395400632684,893,0.42105263157894735,0.9494949494949495,376,517,1607,20
0.09469946045564742,894,0.42058165548098436,0.9494949494949495,376,518,1606,20
0.09351627443472711,895,0.4201117318435754,0.9494949494949495,376,519,1605,20
0.09250072347070845,896,0.41964285714285715,0.9494949494949495,376,520,1604,20
0.09105770095937012,897,0.41917502787068006,0.9494949494949495,376,521,1603,20
0.09086600173238917,898,0.41870824053452116,0.9494949494949495,376,522,1602,20
0.0905651026119972,899,0.41824249165739713,0.9494949494949495,376,523,1601,20
0.08907639407027107,900,0.4177777777777778,0.9494949494949495,376,524,1600,20
0.08806621177107687,901,0.41731409544950054,0.9494949494949495,376,525,1599,20
0.08721315087970023,902,0.41685144124168516,0.9494949494949495,376,526,1598,20
0.08711572589474519,903,0.416389811738649,0.9494949494949495,376,527,1597,20
0.08688581602203356,904,0.415929203539823,0.9494949494949495,376,528,1596,20
0.08645956612571852,905,0.4154696132596685,0.9494949494949495,376,529,1595,20
0.08635697017960908,906,0.41611479028697573,0.952020202020202,377,529,1595,19
0.08539086858718915,907,0.41565600882028664,0.952020202020202,377,530,1594,19
0.08529910607403222,908,0.41519823788546256,0.952020202020202,377,531,1593,19
0.08527684141679284,909,0.41474147414741475,0.952020202020202,377,532,1592,19
0.08524305968572958,910,0.4142857142857143,0.952020202020202,377,533,1591,19
0.08455276361179327,911,0.4138309549945115,0.952020202020202,377,534,1590,19
0.08363578869360919,912,0.4133771929824561,0.952020202020202,377,535,1589,19
0.08353440117254489,913,0.4129244249726177,0.952020202020202,377,536,1588,19
0.08332546452129518,914,0.412472647702407,0.952020202020202,377,537,1587,19
0.08274160337676523,915,0.41202185792349727,0.952020202020202,377,538,1586,19
0.082732707062593,916,0.4115720524017467,0.952020202020202,377,539,1585,19
0.08255021424603672,917,0.411123227917121,0.952020202020202,377,540,1584,19
0.08194626364536663,918,0.4106753812636166,0.952020202020202,377,541,1583,19
0.08190125755072446,919,0.4102285092491839,0.952020202020202,377,542,1582,19
0.08107934473231591,920,0.4097826086956522,0.952020202020202,377,543,1581,19
0.08082387440264384,921,0.40933767643865365,0.952020202020202,377,544,1580,19
0.08076609248300236,922,0.4088937093275488,0.952020202020202,377,545,1579,19
0.08030987790846644,923,0.4084507042253521,0.952020202020202,377,546,1578,19
0.07974848357237002,924,0.408008658008658,0.952020202020202,377,547,1577,19
0.07949779871839302,925,0.40756756756756757,0.952020202020202,377,548,1576,19
0.07883156677306913,926,0.40712742980561556,0.952020202020202,377,549,1575,19
0.077663121954038,927,0.40668824163969797,0.952020202020202,377,550,1574,19
0.07754083551683476,928,0.40625,0.952020202020202,377,551,1573,19
0.07708912939179102,929,0.4058127018299246,0.952020202020202,377,552,1572,19
0.07680249789280891,930,0.4053763440860215,0.952020202020202,377,553,1571,19
0.07635125866966387,931,0.40494092373791624,0.952020202020202,377,554,1570,19
0.076349974819395,932,0.40450643776824036,0.952020202020202,377,555,1569,19
0.07595746458250165,933,0.4040728831725616,0.952020202020202,377,556,1568,19
0.07590254660094505,934,0.40364025695931477,0.952020202020202,377,557,1567,19
0.07575851771360412,935,0.4032085561497326,0.952020202020202,377,558,1566,19
0.0757399116796564,936,0.4027777777777778,0.952020202020202,377,559,1565,19
0.07527689268708594,937,0.4023479188900747,0.952020202020202,377,560,1564,19
0.07438389916809286,938,0.40191897654584224,0.952020202020202,377,561,1563,19
0.07432044675078803,939,0.4014909478168264,0.952020202020202,377,562,1562,19
0.07405497221427018,940,0.40106382978723404,0.952020202020202,377,563,1561,19
0.07244420570094134,941,0.40063761955366634,0.952020202020202,377,564,1560,19
0.0723533346776406,942,0.4002123142250531,0.952020202020202,377,565,1559,19
0.07234406636103437,943,0.40084835630965004,0.9545454545454546,378,565,1559,18
0.072010786100683,944,0.4004237288135593,0.9545454545454546,378,566,1558,18
0.07199533548546569,945,0.4,0.9545454545454546,378,567,1557,18
0.07196834979101265,946,0.40063424947145876,0.9570707070707071,379,567,1557,17
0.07185088965519776,947,0.40021119324181625,0.9570707070707071,379,568,1556,17
0.07136125994891454,948,0.399789029535865,0.9570707070707071,379,569,1555,17
0.0708682806007582,949,0.3993677555321391,0.9570707070707071,379,570,1554,17
0.0707406946177976,950,0.3989473684210526,0.9570707070707071,379,571,1553,17
0.07047262084400896,951,0.39852786540483703,0.9570707070707071,379,572,1552,17
0.07023292020493303,952,0.39810924369747897,0.9570707070707071,379,573,1551,17
0.0698767450110644,953,0.39769150052465896,0.9570707070707071,379,574,1550,17
0.06868589038297258,954,0.3972746331236897,0.9570707070707071,379,575,1549,17
0.06809290022783442,955,0.3968586387434555,0.9570707070707071,379,576,1548,17
0.06808484008908945,956,0.39644351464435146,0.9570707070707071,379,577,1547,17
0.06788885356944056,957,0.3960292580982236,0.9570707070707071,379,578,1546,17
0.06768853046528435,958,0.395615866388309,0.9570707070707071,379,579,1545,17
0.0672185128583973,959,0.39520333680917624,0.9570707070707071,379,580,1544,17
0.06708309828966583,960,0.39479166666666665,0.9570707070707071,379,581,1543,17
0.0652615109413186,961,0.39438085327783556,0.9570707070707071,379,582,1542,17
0.06515657111150787,962,0.39397089397089397,0.9570707070707071,379,583,1541,17
0.06506502348632999,963,0.3935617860851506,0.9570707070707071,379,584,1540,17
0.06481405912250705,964,0.39315352697095435,0.9570707070707071,379,585,1539,17
0.06457560218354222,965,0.3927461139896373,0.9570707070707071,379,586,1538,17
0.06411486369636095,966,0.39233954451345754,0.9570707070707071,379,587,1537,17
0.06386473819888348,967,0.39193381592554294,0.9570707070707071,379,588,1536,17
0.06321981800138529,968,0.3915289256198347,0.9570707070707071,379,589,1535,17
0.0627799949195895,969,0.391124871001032,0.9570707070707071,379,590,1534,17
0.06225342661297792,970,0.3907216494845361,0.9570707070707071,379,591,1533,17
0.062108513793563774,971,0.3903192584963955,0.9570707070707071,379,592,1532,17
0.06169631290861852,972,0.389917695473251,0.9570707070707071,379,593,1531,17
0.06141555985751254,973,0.3895169578622816,0.9570707070707071,379,594,1530,17
0.06132630198420121,974,0.3891170431211499,0.9570707070707071,379,595,1529,17
0.06121612816266147,975,0.38871794871794874,0.9570707070707071,379,596,1528,17
0.060947200702652436,976,0.38831967213114754,0.9570707070707071,379,597,1527,17
0.06090589702371667,977,0.38792221084953943,0.9570707070707071,379,598,1526,17
0.060765477206053235,978,0.38752556237218816,0.9570707070707071,379,599,1525,17
0.06065370392531425,979,0.3871297242083759,0.9570707070707071,379,600,1524,17
0.060577571921479334,980,0.386734693877551,0.9570707070707071,379,601,1523,17
0.06033864774588896,981,0.38634046890927626,0.9570707070707071,379,602,1522,17
0.060054160296529276,982,0.3859470468431772,0.9570707070707071,379,603,1521,17
0.05973000761519796,983,0.38555442522889116,0.9570707070707071,379,604,1520,17
0.059666161372490985,984,0.3851626016260163,0.9570707070707071,379,605,1519,17
0.059063300549988824,985,0.3847715736040609,0.9570707070707071,379,606,1518,17
0.05886260913714225,986,0.3843813387423935,0.9570707070707071,379,607,1517,17
0.05847992729243193,987,0.3839918946301925,0.9570707070707071,379,608,1516,17
0.05831080186551688,988,0.38360323886639675,0.9570707070707071,379,609,1515,17
0.05798783816125883,989,0.3832153690596562,0.9570707070707071,379,610,1514,17
0.057867815984658094,990,0.38282828282828285,0.9570707070707071,379,611,1513,17
0.05776039911772008,991,0.38244197780020184,0.9570707070707071,379,612,1512,17
0.057421650051931575,992,0.38205645161290325,0.9570707070707071,379,613,1511,17
0.05741439693177892,993,0.3816717019133938,0.9570707070707071,379,614,1510,17
0.05646349401694285,994,0.3812877263581489,0.9570707070707071,379,615,1509,17
0.056191092635472645,995,0.38090452261306534,0.9570707070707071,379,616,1508,17
0.056024023721049324,996,0.38052208835341367,0.9570707070707071,379,617,1507,17
0.05589963157817797,997,0.3801404212637914,0.9570707070707071,379,618,1506,17
0.05589269379374449,998,0.37975951903807614,0.9570707070707071,379,619,1505,17
0.05581162685960055,999,0.3793793793793794,0.9570707070707071,379,620,1504,17
0.055180334789624384,1000,0.379,0.9570707070707071,379,621,1503,17
0.0551523451134028,1001,0.3786213786213786,0.9570707070707071,379,622,1502,17
0.05511379678278212,1002,0.3782435129740519,0.9570707070707071,379,623,1501,17
0.05469493464596118,1003,0.3778664007976072,0.9570707070707071,379,624,1500,17
0.054674557585970895,1004,0.37749003984063745,0.9570707070707071,379,625,1499,17
0.05463467055593081,1005,0.37711442786069654,0.9570707070707071,379,626,1498,17
0.05462330644238422,1006,0.37673956262425445,0.9570707070707071,379,627,1497,17
0.05457929658991502,1007,0.37636544190665344,0.9570707070707071,379,628,1496,17
0.053520719984096014,1008,0.3759920634920635,0.9570707070707071,379,629,1495,17
0.05336630161685484,1009,0.37561942517343905,0.9570707070707071,379,630,1494,17
0.05244262846771061,1010,0.37524752475247525,0.9570707070707071,379,631,1493,17
0.05204049884140804,1011,0.37487636003956476,0.9570707070707071,379,632,1492,17
0.051543699642440155,1012,0.37450592885375494,0.9570707070707071,379,633,1491,17
0.05150837232730352,1013,0.3741362290227048,0.9570707070707071,379,634,1490,17
0.05146027585510629,1014,0.373767258382643,0.9570707070707071,379,635,1489,17
0.05141787696128845,1015,0.3733990147783251,0.9570707070707071,379,636,1488,17
0.0511362446106909,1016,0.37303149606299213,0.9570707070707071,379,637,1487,17
0.05110253308658036,1017,0.3726647000983284,0.9570707070707071,379,638,1486,17
0.050783069385216886,1018,0.37229862475442044,0.9570707070707071,379,639,1485,17
0.05060498252698562,1019,0.3719332679097154,0.9570707070707071,379,640,1484,17
0.049577589265424216,1020,0.3715686274509804,0.9570707070707071,379,641,1483,17
0.04938331041462875,1021,0.3712047012732615,0.9570707070707071,379,642,1482,17
0.0492805329944783,1022,0.37084148727984345,0.9570707070707071,379,643,1481,17
0.048486820010646976,1023,0.3704789833822092,0.9570707070707071,379,644,1480,17
0.048418020918735025,1024,0.3701171875,0.9570707070707071,379,645,1479,17
0.048415845369736685,1025,0.3697560975609756,0.9570707070707071,379,646,1478,17
0.04802435468039505,1026,0.36939571150097467,0.9570707070707071,379,647,1477,17
0.04794278515714863,1027,0.36903602726387535,0.9570707070707071,379,648,1476,17
0.04750238633150502,1028,0.36867704280155644,0.9570707070707071,379,649,1475,17
0.046786495742166055,1029,0.3683187560738581,0.9570707070707071,379,650,1474,17
0.04671122039038693,1030,0.3679611650485437,0.9570707070707071,379,651,1473,17
0.046663659967298016,1031,0.3676042677012609,0.9570707070707071,379,652,1472,17
0.046503391981493364,1032,0.36724806201550386,0.9570707070707071,379,653,1471,17
0.046343869690264126,1033,0.36689254598257504,0.9570707070707071,379,654,1470,17
0.04617684725499305,1035,0.36618357487922704,0.9570707070707071,379,656,1468,17
0.0461081948150886,1036,0.3658301158301158,0.9570707070707071,379,657,1467,17
0.04609016499572801,1037,0.36547733847637415,0.9570707070707071,379,658,1466,17
0.046076186339484425,1038,0.3651252408477842,0.9570707070707071,379,659,1465,17
0.04597256800059198,1040,0.3644230769230769,0.9570707070707071,379,661,1463,17
0.04594466511510606,1041,0.36407300672430354,0.9570707070707071,379,662,1462,17
0.045795065285994134,1042,0.3637236084452975,0.9570707070707071,379,663,1461,17
0.04567938885890788,1043,0.36337488015340363,0.9570707070707071,379,664,1460,17
0.045604348833244664,1044,0.36398467432950193,0.9595959595959596,380,664,1460,16
0.045561861968080875,1045,0.36363636363636365,0.9595959595959596,380,665,1459,16
0.045168015020147674,1046,0.3632887189292543,0.9595959595959596,380,666,1458,16
0.04497934400180565,1047,0.3629417382999045,0.9595959595959596,380,667,1457,16
0.04487805660371391,1048,0.36259541984732824,0.9595959595959596,380,668,1456,16
0.04457424386659423,1049,0.3622497616777884,0.9595959595959596,380,669,1455,16
0.04452435738533877,1050,0.3619047619047619,0.9595959595959596,380,670,1454,16
0.04428242690683737,1051,0.3615604186489058,0.9595959595959596,380,671,1453,16
0.044086322623208794,1052,0.3612167300380228,0.9595959595959596,380,672,1452,16
0.0438984934675988,1053,0.36087369420702753,0.9595959595959596,380,673,1451,16
0.04387018514752644,1054,0.3605313092979127,0.9595959595959596,380,674,1450,16
0.04381075348615144,1055,0.36018957345971564,0.9595959595959596,380,675,1449,16
0.04379411965381136,1056,0.35984848484848486,0.9595959595959596,380,676,1448,16
0.04365433119080924,1057,0.3595080416272469,0.9595959595959596,380,677,1447,16
0.043650166295494494,1058,0.3591682419659735,0.9595959595959596,380,678,1446,16
0.04340600936966815,1059,0.3588290840415486,0.9595959595959596,380,679,1445,16
0.043391667414559146,1060,0.3584905660377358,0.9595959595959596,380,680,1444,16
0.04322676384716389,1061,0.3581526861451461,0.9595959595959596,380,681,1443,16
0.043130628691122774,1062,0.3578154425612053,0.9595959595959596,380,682,1442,16
0.04306515819599989,1063,0.35747883349012227,0.9595959595959596,380,683,1441,16
0.04303329961393186,1064,0.35714285714285715,0.9595959595959596,380,684,1440,16
0.042883823612970516,1065,0.3568075117370892,0.9595959595959596,380,685,1439,16
0.042764310310648576,1066,0.35647279549718575,0.9595959595959596,380,686,1438,16
0.04271267039690936,1067,0.3561387066541706,0.9595959595959596,380,687,1437,16
0.0427064533523896,1068,0.35580524344569286,0.9595959595959596,380,688,1436,16
0.04233389022364413,1069,0.35547240411599623,0.9595959595959596,380,689,1435,16
0.04228838091041229,1070,0.35514018691588783,0.9595959595959596,380,690,1434,16
0.0422030701843509,1071,0.35480859010270777,0.9595959595959596,380,691,1433,16
0.04208484382642435,1072,0.35447761194029853,0.9595959595959596,380,692,1432,16
0.04203142756321467,1073,0.35414725069897485,0.9595959595959596,380,693,1431,16
0.041819257133942224,1074,0.3538175046554935,0.9595959595959596,380,694,1430,16
0.04176820011394639,1075,0.35348837209302325,0.9595959595959596,380,695,1429,16
0.04165969865149083,1076,0.35315985130111527,0.9595959595959596,380,696,1428,16
0.04150206539538799,1077,0.3528319405756732,0.9595959595959596,380,697,1427,16
0.04146300129301046,1078,0.3525046382189239,0.9595959595959596,380,698,1426,16
0.04110558889168831,1079,0.35217794253938833,0.9595959595959596,380,699,1425,16
0.040741315174132244,1080,0.3527777777777778,0.9621212121212122,381,699,1425,15
0.040696221664439654,1081,0.3524514338575393,0.9621212121212122,381,700,1424,15
0.040608829923474324,1082,0.3521256931608133,0.9621212121212122,381,701,1423,15
0.040516437071993636,1083,0.3518005540166205,0.9621212121212122,381,702,1422,15
0.040336993553045354,1084,0.3514760147601476,0.9621212121212122,381,703,1421,15
0.04017451595257609,1085,0.3511520737327189,0.9621212121212122,381,704,1420,15
0.039487829505584264,1086,0.35082872928176795,0.9621212121212122,381,705,1419,15
0.039486589915776533,1087,0.35050597976080955,0.9621212121212122,381,706,1418,15
0.03937301331069559,1088,0.35018382352941174,0.9621212121212122,381,707,1417,15
0.0392924864587098,1089,0.3507805325987144,0.9646464646464646,382,707,1417,14
0.039222160067768484,1090,0.3504587155963303,0.9646464646464646,382,708,1416,14
0.03903455278661456,1091,0.35013748854262144,0.9646464646464646,382,709,1415,14
0.03895377209278547,1092,0.3498168498168498,0.9646464646464646,382,710,1414,14
0.038839230687807154,1093,0.3494967978042086,0.9646464646464646,382,711,1413,14
0.038671944481822235,1094,0.3491773308957952,0.9646464646464646,382,712,1412,14
0.038541274427947254,1095,0.34885844748858447,0.9646464646464646,382,713,1411,14
0.03853463732697606,1096,0.34854014598540145,0.9646464646464646,382,714,1410,14
0.03851427079408077,1097,0.3482224247948952,0.9646464646464646,382,715,1409,14
0.03846104200723591,1098,0.34790528233151186,0.9646464646464646,382,716,1408,14
0.03845454144719971,1099,0.3475887170154686,0.9646464646464646,382,717,1407,14
0.038382780812147715,1100,0.3472727272727273,0.9646464646464646,382,718,1406,14
0.0383270195901313,1101,0.3469573115349682,0.9646464646464646,382,719,1405,14
0.0382011551513208,1102,0.3466424682395644,0.9646464646464646,382,720,1404,14
0.0381159116127752,1103,0.34632819582955576,0.9646464646464646,382,721,1403,14
0.03800088947106321,1104,0.34601449275362317,0.9646464646464646,382,722,1402,14
0.037955552441309465,1105,0.34570135746606334,0.9646464646464646,382,723,1401,14
0.037819957264807046,1106,0.3453887884267631,0.9646464646464646,382,724,1400,14
0.0375682100378024,1107,0.34507678410117437,0.9646464646464646,382,725,1399,14
0.03734030854425058,1108,0.3447653429602888,0.9646464646464646,382,726,1398,14
0.03723428007132885,1109,0.345356176735798,0.9671717171717171,383,726,1398,13
0.037027900097592416,1110,0.345045045045045,0.9671717171717171,383,727,1397,13
0.03698062410974494,1111,0.34473447344734476,0.9671717171717171,383,728,1396,13
0.03674190109268855,1112,0.3444244604316547,0.9671717171717171,383,729,1395,13
0.03672001892804681,1113,0.344115004492363,0.9671717171717171,383,730,1394,13
0.03661491790708514,1114,0.34380610412926393,0.9671717171717171,383,731,1393,13
0.036545329223301115,1115,0.3434977578475336,0.9671717171717171,383,732,1392,13
0.036457993902199705,1116,0.3431899641577061,0.9671717171717171,383,733,1391,13
0.0363217113941986,1117,0.3428827215756491,0.9671717171717171,383,734,1390,13
0.036074243323008015,1118,0.3425760286225403,0.9671717171717171,383,735,1389,13
0.036019879289611964,1119,0.34226988382484363,0.9671717171717171,383,736,1388,13
0.03573954290929367,1120,0.3419642857142857,0.9671717171717171,383,737,1387,13
0.035667607945934564,1121,0.3416592328278323,0.9671717171717171,383,738,1386,13
0.03551974257902368,1122,0.3413547237076649,0.9671717171717171,383,739,1385,13
0.03537162556881765,1123,0.3410507569011576,0.9671717171717171,383,740,1384,13
0.03527245378026214,1124,0.3407473309608541,0.9671717171717171,383,741,1383,13
0.03517477469993007,1125,0.34044444444444444,0.9671717171717171,383,742,1382,13
0.0351710909859817,1126,0.3401420959147424,0.9671717171717171,383,743,1381,13
0.03516615393310302,1127,0.3398402839396628,0.9671717171717171,383,744,1380,13
0.03505261610875741,1128,0.3395390070921986,0.9671717171717171,383,745,1379,13
0.03486356266502156,1129,0.3392382639503986,0.9671717171717171,383,746,1378,13
0.03481156604967629,1130,0.33893805309734515,0.9671717171717171,383,747,1377,13
0.03465984648668539,1131,0.33863837312113176,0.9671717171717171,383,748,1376,13
0.03462924992064144,1132,0.338339222614841,0.9671717171717171,383,749,1375,13
0.03459625109331504,1133,0.3389232127096205,0.9696969696969697,384,749,1375,12
0.034571663586275635,1134,0.3386243386243386,0.9696969696969697,384,750,1374,12
0.034229452180487285,1135,0.3383259911894273,0.9696969696969697,384,751,1373,12
0.034014790522280756,1136,0.3380281690140845,0.9696969696969697,384,752,1372,12
0.03398823614170254,1137,0.33773087071240104,0.9696969696969697,384,753,1371,12
0.03394402749528217,1138,0.3374340949033392,0.9696969696969697,384,754,1370,12
0.03384531325739942,1139,0.33713784021071114,0.9696969696969697,384,755,1369,12
0.03372331821240577,1140,0.3368421052631579,0.9696969696969697,384,756,1368,12
0.033503904590950866,1141,0.33654688869412797,0.9696969696969697,384,757,1367,12
0.03340305291117318,1142,0.3362521891418564,0.9696969696969697,384,758,1366,12
0.03330714908724882,1143,0.3359580052493438,0.9696969696969697,384,759,1365,12
0.033254259205675825,1144,0.3356643356643357,0.9696969696969697,384,760,1364,12
0.03306376325549286,1145,0.3353711790393013,0.9696969696969697,384,761,1363,12
0.03294316975493358,1146,0.33507853403141363,0.9696969696969697,384,762,1362,12
0.03281041486185033,1147,0.33478639930252835,0.9696969696969697,384,763,1361,12
0.032407102118626185,1148,0.3344947735191638,0.9696969696969697,384,764,1360,12
0.03227955100791069,1149,0.3342036553524804,0.9696969696969697,384,765,1359,12
0.03224312841482929,1150,0.3339130434782609,0.9696969696969697,384,766,1358,12
0.032220965043785056,1151,0.3336229365768897,0.9696969696969697,384,767,1357,12
0.03215764209185169,1152,0.3333333333333333,0.9696969696969697,384,768,1356,12
0.032146726889655516,1155,0.33246753246753247,0.9696969696969697,384,771,1353,12
0.032107437476862434,1156,0.33217993079584773,0.9696969696969697,384,772,1352,12
0.032080029132068894,1157,0.33189282627484873,0.9696969696969697,384,773,1351,12
0.03193704223178902,1158,0.3316062176165803,0.9696969696969697,384,774,1350,12
0.03181716921553062,1159,0.33132010353753233,0.9696969696969697,384,775,1349,12
0.031770284859715156,1160,0.3310344827586207,0.9696969696969697,384,776,1348,12
0.03176482656093643,1161,0.330749354005168,0.9696969696969697,384,777,1347,12
0.03176060829662653,1162,0.3304647160068847,0.9696969696969697,384,778,1346,12
0.03174104364326054,1163,0.3301805674978504,0.9696969696969697,384,779,1345,12
0.031580155560895266,1164,0.32989690721649484,0.9696969696969697,384,780,1344,12
0.03148650767894949,1165,0.3296137339055794,0.9696969696969697,384,781,1343,12
0.031381325166522575,1166,0.3293310463121784,0.9696969696969697,384,782,1342,12
0.03125974344692357,1167,0.32904884318766064,0.9696969696969697,384,783,1341,12
0.03122609734612873,1168,0.3287671232876712,0.9696969696969697,384,784,1340,12
0.031131100271437794,1170,0.3282051282051282,0.9696969696969697,384,786,1338,12
0.031101652505972945,1171,0.32792485055508114,0.9696969696969697,384,787,1337,12
0.030727608725807255,1172,0.32764505119453924,0.9696969696969697,384,788,1336,12
0.030678423733228242,1174,0.3270868824531516,0.9696969696969697,384,790,1334,12
0.03045493419655304,1175,0.3276595744680851,0.9722222222222222,385,790,1334,11
0.030436441797627316,1176,0.3273809523809524,0.9722222222222222,385,791,1333,11
0.030411174166899698,1177,0.32710280373831774,0.9722222222222222,385,792,1332,11
0.03035625821241739,1178,0.32682512733446517,0.9722222222222222,385,793,1331,11
0.030274658001717962,1179,0.3265479219677693,0.9722222222222222,385,794,1330,11
0.030274165387954993,1180,0.326271186440678,0.9722222222222222,385,795,1329,11
0.030208214173050956,1181,0.3259949195596952,0.9722222222222222,385,796,1328,11
0.030194974546867127,1182,0.3257191201353638,0.9722222222222222,385,797,1327,11
0.029909967122050057,1183,0.3254437869822485,0.9722222222222222,385,798,1326,11
0.029776907205095637,1184,0.3251689189189189,0.9722222222222222,385,799,1325,11
0.029662980755897583,1185,0.32489451476793246,0.9722222222222222,385,800,1324,11
0.029563109451535886,1186,0.3246205733558179,0.9722222222222222,385,801,1323,11
0.029552087907366402,1187,0.3243470935130581,0.9722222222222222,385,802,1322,11
0.029508019739462255,1188,0.32407407407407407,0.9722222222222222,385,803,1321,11
0.029425097164874514,1189,0.32380151387720774,0.9722222222222222,385,804,1320,11
0.02935120466960882,1190,0.3235294117647059,0.9722222222222222,385,805,1319,11
0.0292323815820853,1191,0.3232577665827036,0.9722222222222222,385,806,1318,11
0.02906796683296925,1192,0.32298657718120805,0.9722222222222222,385,807,1317,11
0.029032238833500874,1193,0.32271584241408213,0.9722222222222222,385,808,1316,11
0.028839597588496156,1194,0.3224455611390285,0.9722222222222222,385,809,1315,11
0.028697623506953256,1195,0.32217573221757323,0.9722222222222222,385,810,1314,11
0.028631883568993495,1196,0.3219063545150502,0.9722222222222222,385,811,1313,11
0.02861796056804196,1197,0.3216374269005848,0.9722222222222222,385,812,1312,11
0.028438418727018678,1198,0.32136894824707846,0.9722222222222222,385,813,1311,11
0.028426763896817458,1199,0.3219349457881568,0.9747474747474747,386,813,1311,10
0.02838547899746612,1200,0.32166666666666666,0.9747474747474747,386,814,1310,10
0.028319810803887832,1201,0.32139883430474603,0.9747474747474747,386,815,1309,10
0.028306955556918766,1202,0.3211314475873544,0.9747474747474747,386,816,1308,10
0.028219892752889796,1203,0.32086450540315875,0.9747474747474747,386,817,1307,10
0.028154493501949405,1204,0.32059800664451826,0.9747474747474747,386,818,1306,10
0.028142004312770644,1205,0.3203319502074689,0.9747474747474747,386,819,1305,10
0.02803325137433543,1206,0.3200663349917081,0.9747474747474747,386,820,1304,10
0.0278981574336257,1207,0.31980115990057995,0.9747474747474747,386,821,1303,10
0.02783547771737449,1208,0.3195364238410596,0.9747474747474747,386,822,1302,10
0.027818023408575813,1209,0.31927212572373864,0.9747474747474747,386,823,1301,10
0.027812862539969143,1210,0.31900826446280994,0.9747474747474747,386,824,1300,10
0.027683829210712066,1211,0.3187448389760528,0.9747474747474747,386,825,1299,10
0.027630920066229987,1212,0.3184818481848185,0.9747474747474747,386,826,1298,10
0.027613012932711612,1213,0.31821929101401486,0.9747474747474747,386,827,1297,10
0.02751632194130933,1214,0.31795716639209226,0.9747474747474747,386,828,1296,10
0.02732913016706356,1215,0.3176954732510288,0.9747474747474747,386,829,1295,10
0.027203622737776562,1216,0.31743421052631576,0.9747474747474747,386,830,1294,10
0.027198859628820935,1217,0.3171733771569433,0.9747474747474747,386,831,1293,10
0.027174269573342118,1218,0.3169129720853859,0.9747474747474747,386,832,1292,10
0.027129106428987134,1219,0.3166529942575882,0.9747474747474747,386,833,1291,10
0.026971343826292335,1220,0.3163934426229508,0.9747474747474747,386,834,1290,10
0.026944369553027685,1221,0.31613431613431614,0.9747474747474747,386,835,1289,10
0.026888929909083065,1222,0.3158756137479542,0.9747474747474747,386,836,1288,10
0.026625128666945014,1223,0.31561733442354867,0.9747474747474747,386,837,1287,10
0.02652407825917738,1224,0.315359477124183,0.9747474747474747,386,838,1286,10
0.02648176529459556,1225,0.31510204081632653,0.9747474747474747,386,839,1285,10
0.026287771115958494,1226,0.31484502446982054,0.9747474747474747,386,840,1284,10
0.026231266669274896,1227,0.3145884270578647,0.9747474747474747,386,841,1283,10
0.026158173881109047,1228,0.31433224755700323,0.9747474747474747,386,842,1282,10
0.02614728877671995,1229,0.3140764849471115,0.9747474747474747,386,843,1281,10
0.026107229035295644,1230,0.31382113821138213,0.9747474747474747,386,844,1280,10
0.02602200206629707,1231,0.31356620633631194,0.9747474747474747,386,845,1279,10
0.026005135926206974,1232,0.3133116883116883,0.9747474747474747,386,846,1278,10
0.02589240366360283,1233,0.31305758313057586,0.9747474747474747,386,847,1277,10
0.02588268269493141,1234,0.31280388978930307,0.9747474747474747,386,848,1276,10
0.02584261975319734,1235,0.3125506072874494,0.9747474747474747,386,849,1275,10
0.025831429607783275,1236,0.3122977346278317,0.9747474747474747,386,850,1274,10
0.02581481266177858,1237,0.3120452708164915,0.9747474747474747,386,851,1273,10
0.02558253265951431,1238,0.31179321486268174,0.9747474747474747,386,852,1272,10
0.02558154556987399,1239,0.3115415657788539,0.9747474747474747,386,853,1271,10
0.025564821425138915,1240,0.31129032258064515,0.9747474747474747,386,854,1270,10
0.02541887423170294,1241,0.31103948428686545,0.9747474747474747,386,855,1269,10
0.025370922542892676,1242,0.3107890499194847,0.9747474747474747,386,856,1268,10
0.025215500463307543,1243,0.31053901850362026,0.9747474747474747,386,857,1267,10
0.025116538915837115,1244,0.3102893890675241,0.9747474747474747,386,858,1266,10
0.02506401292050079,1245,0.3100401606425703,0.9747474747474747,386,859,1265,10
0.025041581320333833,1246,0.3097913322632424,0.9747474747474747,386,860,1264,10
0.025025555429899385,1247,0.3095429029671211,0.9747474747474747,386,861,1263,10
0.024952944080281498,1248,0.3092948717948718,0.9747474747474747,386,862,1262,10
0.024951735303607427,1249,0.3098478783026421,0.9772727272727273,387,862,1262,9
0.02483955949585046,1250,0.3096,0.9772727272727273,387,863,1261,9
0.02473094718613856,1251,0.30935251798561153,0.9772727272727273,387,864,1260,9
0.02461010024501387,1252,0.30910543130990414,0.9772727272727273,387,865,1259,9
0.024589065887350076,1253,0.3088587390263368,0.9772727272727273,387,866,1258,9
0.024563615175385585,1254,0.30861244019138756,0.9772727272727273,387,867,1257,9
0.024552143332910118,1255,0.3083665338645418,0.9772727272727273,387,868,1256,9
0.024531861136164252,1256,0.30812101910828027,0.9772727272727273,387,869,1255,9
0.024436400657922675,1257,0.30787589498806683,0.9772727272727273,387,870,1254,9
0.02431251615092912,1258,0.307631160572337,0.9772727272727273,387,871,1253,9
0.024100886560301137,1259,0.3073868149324861,0.9772727272727273,387,872,1252,9
0.024021586708508805,1260,0.30714285714285716,0.9772727272727273,387,873,1251,9
0.02390227466530417,1262,0.30665610142630745,0.9772727272727273,387,875,1249,9
0.023867437466063835,1263,0.30641330166270786,0.9772727272727273,387,876,1248,9
0.02383849853505867,1264,0.3061708860759494,0.9772727272727273,387,877,1247,9
0.02375507197046291,1265,0.3059288537549407,0.9772727272727273,387,878,1246,9
0.023559992238859722,1266,0.3056872037914692,0.9772727272727273,387,879,1245,9
0.023446671080205077,1267,0.30623520126282555,0.9797979797979798,388,879,1245,8
0.02341977337646271,1268,0.306782334384858,0.9823232323232324,389,879,1245,7
0.023258851541791418,1269,0.3065405831363278,0.9823232323232324,389,880,1244,7
0.02305597672480681,1270,0.3062992125984252,0.9823232323232324,389,881,1243,7
0.023043783225137855,1271,0.3060582218725413,0.9823232323232324,389,882,1242,7
0.023025881076506646,1272,0.3058176100628931,0.9823232323232324,389,883,1241,7
0.022908845971551847,1273,0.30557737627651216,0.9823232323232324,389,884,1240,7
0.022900966270864735,1274,0.3053375196232339,0.9823232323232324,389,885,1239,7
0.022847332673763994,1275,0.3050980392156863,0.9823232323232324,389,886,1238,7
0.02280069989100163,1276,0.304858934169279,0.9823232323232324,389,887,1237,7
0.022723715831985115,1277,0.30462020360219266,0.9823232323232324,389,888,1236,7
0.0227095648998072,1278,0.30438184663536777,0.9823232323232324,389,889,1235,7
0.02267653674303299,1279,0.30414386239249414,0.9823232323232324,389,890,1234,7
0.02266498653761394,1280,0.30390625,0.9823232323232324,389,891,1233,7
0.022617856003492046,1281,0.3044496487119438,0.9848484848484849,390,891,1233,6
0.022558161837047418,1282,0.3042121684867395,0.9848484848484849,390,892,1232,6
0.02252465653239464,1283,0.3047544816835542,0.9873737373737373,391,892,1232,5
0.022487698257609746,1285,0.3042801556420233,0.9873737373737373,391,894,1230,5
0.02246436049180357,1286,0.30404354587869364,0.9873737373737373,391,895,1229,5
0.02238831656692549,1287,0.3038073038073038,0.9873737373737373,391,896,1228,5
0.02237316863939016,1288,0.30357142857142855,0.9873737373737373,391,897,1227,5
0.0219798914132415,1289,0.30333591931730025,0.9873737373737373,391,898,1226,5
0.021843309661124386,1290,0.30310077519379847,0.9873737373737373,391,899,1225,5
0.021827597510881796,1291,0.30286599535243997,0.9873737373737373,391,900,1224,5
0.021778927193603664,1292,0.3026315789473684,0.9873737373737373,391,901,1223,5
0.021685402292950993,1293,0.3023975251353442,0.9873737373737373,391,902,1222,5
0.021665683179385373,1294,0.30216383307573413,0.9873737373737373,391,903,1221,5
0.021573644375080442,1295,0.3019305019305019,0.9873737373737373,391,904,1220,5
0.021394132805003924,1296,0.30169753086419754,0.9873737373737373,391,905,1219,5
0.021368245953386832,1297,0.30146491904394757,0.9873737373737373,391,906,1218,5
0.021343482463798497,1299,0.3010007698229407,0.9873737373737373,391,908,1216,5
0.021176199929136694,1300,0.30153846153846153,0.98989898989899,392,908,1216,4
0.021174530323292428,1301,0.3013066871637202,0.98989898989899,392,909,1215,4
0.021145235349433578,1302,0.3010752688172043,0.98989898989899,392,910,1214,4
0.02112995877806966,1303,0.30084420567920184,0.98989898989899,392,911,1213,4
0.020998438879113176,1304,0.3006134969325153,0.98989898989899,392,912,1212,4
0.02095635107734314,1305,0.3003831417624521,0.98989898989899,392,913,1211,4
0.020949576894277885,1307,0.2999234889058914,0.98989898989899,392,915,1209,4
0.02094738646462039,1308,0.2996941896024465,0.98989898989899,392,916,1208,4
0.0209309113131333,1309,0.2994652406417112,0.98989898989899,392,917,1207,4
0.02092358240686621,1310,0.29923664122137406,0.98989898989899,392,918,1206,4
0.020904879342654264,1311,0.2990083905415713,0.98989898989899,392,919,1205,4
0.0208827863133166,1312,0.29878048780487804,0.98989898989899,392,920,1204,4
0.02079136586274901,1313,0.2985529322162985,0.98989898989899,392,921,1203,4
0.020781192549649146,1314,0.2983257229832572,0.98989898989899,392,922,1202,4
0.02074125151044006,1315,0.2980988593155893,0.98989898989899,392,923,1201,4
0.020574584151454432,1316,0.2978723404255319,0.98989898989899,392,924,1200,4
0.020535457738126386,1317,0.2976461655277145,0.98989898989899,392,925,1199,4
0.02045403525833585,1318,0.29742033383915023,0.98989898989899,392,926,1198,4
0.02037714666627639,1319,0.2971948445792267,0.98989898989899,392,927,1197,4
0.0203560387467363,1320,0.296969696969697,0.98989898989899,392,928,1196,4
0.020322682602979033,1321,0.2967448902346707,0.98989898989899,392,929,1195,4
0.020320085242261744,1322,0.29652042360060515,0.98989898989899,392,930,1194,4
0.020253826850493664,1323,0.29705215419501135,0.9924242424242424,393,930,1194,3
0.02024928301165076,1324,0.29682779456193353,0.9924242424242424,393,931,1193,3
0.020156840215798045,1326,0.29638009049773756,0.9924242424242424,393,933,1191,3
0.020135084977988632,1327,0.2961567445365486,0.9924242424242424,393,934,1190,3
0.020063907846892454,1328,0.29593373493975905,0.9924242424242424,393,935,1189,3
0.019934580952872184,1329,0.29571106094808125,0.9924242424242424,393,936,1188,3
0.01987713350280887,1330,0.2954887218045113,0.9924242424242424,393,937,1187,3
0.019829943254638913,1331,0.29526671675432004,0.9924242424242424,393,938,1186,3
0.019787736477077322,1332,0.29504504504504503,0.9924242424242424,393,939,1185,3
0.01972792119753043,1333,0.2948237059264816,0.9924242424242424,393,940,1184,3
0.01965727789629951,1334,0.2946026986506747,0.9924242424242424,393,941,1183,3
0.01955295556072658,1335,0.2943820224719101,0.9924242424242424,393,942,1182,3
0.01953719585227803,1336,0.29416167664670656,0.9924242424242424,393,943,1181,3
0.019506121310300054,1337,0.29394166043380704,0.9924242424242424,393,944,1180,3
0.01943195549259538,1338,0.2937219730941704,0.9924242424242424,393,945,1179,3
0.01938704914282133,1339,0.2935026138909634,0.9924242424242424,393,946,1178,3
0.019308148685463208,1340,0.29328358208955224,0.9924242424242424,393,947,1177,3
0.01928881027099651,1341,0.2930648769574944,0.9924242424242424,393,948,1176,3
0.01927598348586931,1342,0.29284649776453053,0.9924242424242424,393,949,1175,3
0.019215625927891365,1343,0.2926284437825763,0.9924242424242424,393,950,1174,3
0.01919949289334248,1344,0.2924107142857143,0.9924242424242424,393,951,1173,3
0.019026608714692746,1345,0.2921933085501859,0.9924242424242424,393,952,1172,3
0.019012198706560735,1346,0.2919762258543834,0.9924242424242424,393,953,1171,3
0.01897774071179963,1347,0.29175946547884185,0.9924242424242424,393,954,1170,3
0.018869288775859645,1348,0.29154302670623145,0.9924242424242424,393,955,1169,3
0.01885073594202388,1349,0.29132690882134915,0.9924242424242424,393,956,1168,3
0.01884660473044942,1350,0.2911111111111111,0.9924242424242424,393,957,1167,3
0.018839997782798285,1351,0.2908956328645448,0.9924242424242424,393,958,1166,3
0.018818697944464266,1352,0.2906804733727811,0.9924242424242424,393,959,1165,3
0.01881592494362282,1353,0.29046563192904656,0.9924242424242424,393,960,1164,3
0.018800471769335168,1354,0.2902511078286558,0.9924242424242424,393,961,1163,3
0.018717245091356458,1355,0.2900369003690037,0.9924242424242424,393,962,1162,3
0.018637933227952097,1356,0.28982300884955753,0.9924242424242424,393,963,1161,3
0.01860450522766868,1357,0.2896094325718497,0.9924242424242424,393,964,1160,3
0.018402378969694922,1358,0.28939617083946984,0.9924242424242424,393,965,1159,3
0.01839063466819251,1359,0.2891832229580574,0.9924242424242424,393,966,1158,3
0.018367573771137864,1361,0.2887582659808964,0.9924242424242424,393,968,1156,3
0.018366630641943164,1362,0.28854625550660795,0.9924242424242424,393,969,1155,3
0.018320061903125913,1363,0.28833455612619224,0.9924242424242424,393,970,1154,3
0.018061101911820577,1364,0.28812316715542524,0.9924242424242424,393,971,1153,3
0.018043436220482448,1365,0.2879120879120879,0.9924242424242424,393,972,1152,3
0.01798664173208528,1366,0.287701317715959,0.9924242424242424,393,973,1151,3
0.017935981797556563,1367,0.28749085588880763,0.9924242424242424,393,974,1150,3
0.017898029083290013,1368,0.28728070175438597,0.9924242424242424,393,975,1149,3
0.01788541461059047,1369,0.2870708546384222,0.9924242424242424,393,976,1148,3
0.01787271110025974,1370,0.28686131386861313,0.9924242424242424,393,977,1147,3
0.0177879605923915,1371,0.28665207877461707,0.9924242424242424,393,978,1146,3
0.017741975311730315,1372,0.28644314868804666,0.9924242424242424,393,979,1145,3
0.01772144166386884,1373,0.28623452294246177,0.9924242424242424,393,980,1144,3
0.017698764366393033,1374,0.28602620087336245,0.9924242424242424,393,981,1143,3
0.017698021097471234,1375,0.2858181818181818,0.9924242424242424,393,982,1142,3
0.017679353553185673,1376,0.2856104651162791,0.9924242424242424,393,983,1141,3
0.017554884170927352,1377,0.28540305010893247,0.9924242424242424,393,984,1140,3
0.017519663616287946,1378,0.28519593613933236,0.9924242424242424,393,985,1139,3
0.017456987013226392,1379,0.2849891225525743,0.9924242424242424,393,986,1138,3
0.017451530114974405,1380,0.2847826086956522,0.9924242424242424,393,987,1137,3
0.017447820288178206,1381,0.28530050687907316,0.9949494949494949,394,987,1137,2
0.017371485449687397,1382,0.28509406657018815,0.9949494949494949,394,988,1136,2
0.01735972616722904,1383,0.2848879248011569,0.9949494949494949,394,989,1135,2
0.017154140368186018,1384,0.2846820809248555,0.9949494949494949,394,990,1134,2
0.017095664577450577,1385,0.28447653429602887,0.9949494949494949,394,991,1133,2
0.017050757314398653,1386,0.2842712842712843,0.9949494949494949,394,992,1132,2
0.016984052570031966,1387,0.28406633020908434,0.9949494949494949,394,993,1131,2
0.016954607063278813,1388,0.2838616714697406,0.9949494949494949,394,994,1130,2
0.016946429881778854,1389,0.2836573074154068,0.9949494949494949,394,995,1129,2
0.016874668399883913,1390,0.28345323741007195,0.9949494949494949,394,996,1128,2
0.016849799711719814,1391,0.28324946081955427,0.9949494949494949,394,997,1127,2
0.016826851997934735,1392,0.28304597701149425,0.9949494949494949,394,998,1126,2
0.016806547478381006,1393,0.2828427853553482,0.9949494949494949,394,999,1125,2
0.016744766751288543,1394,0.28263988522238165,0.9949494949494949,394,1000,1124,2
0.016660588258278968,1395,0.2824372759856631,0.9949494949494949,394,1001,1123,2
0.016640506728704353,1396,0.2822349570200573,0.9949494949494949,394,1002,1122,2
0.01652978484042775,1397,0.28203292770221905,0.9949494949494949,394,1003,1121,2
0.016468240973166178,1398,0.28183118741058655,0.9949494949494949,394,1004,1120,2
0.016443586358679953,1399,0.2816297355253753,0.9949494949494949,394,1005,1119,2
0.0164098280926596,1400,0.2814285714285714,0.9949494949494949,394,1006,1118,2
0.016361020528380826,1401,0.28122769450392576,0.9949494949494949,394,1007,1117,2
0.016307581446668374,1402,0.2810271041369472,0.9949494949494949,394,1008,1116,2
0.016284285229873154,1403,0.28082679971489666,0.9949494949494949,394,1009,1115,2
0.016229708951518432,1404,0.28062678062678065,0.9949494949494949,394,1010,1114,2
0.0162247861078249,1405,0.2804270462633452,0.9949494949494949,394,1011,1113,2
0.016220689958912356,1406,0.2802275960170697,0.9949494949494949,394,1012,1112,2
0.01619973739784979,1407,0.28002842928216065,0.9949494949494949,394,1013,1111,2
0.016196524559530787,1408,0.27982954545454547,0.9949494949494949,394,1014,1110,2
0.016189480368538497,1409,0.27963094393186655,0.9949494949494949,394,1015,1109,2
0.01592578664929354,1410,0.2794326241134752,0.9949494949494949,394,1016,1108,2
0.01590350491449556,1411,0.27923458540042523,0.9949494949494949,394,1017,1107,2
0.015857527356853342,1412,0.2790368271954674,0.9949494949494949,394,1018,1106,2
0.01580234114818122,1413,0.2788393489030432,0.9949494949494949,394,1019,1105,2
0.015742073587032886,1414,0.27864214992927866,0.9949494949494949,394,1020,1104,2
0.015724595115514793,1415,0.2784452296819788,0.9949494949494949,394,1021,1103,2
0.01570584142165128,1416,0.2782485875706215,0.9949494949494949,394,1022,1102,2
0.015630582437581364,1417,0.27805222300635146,0.9949494949494949,394,1023,1101,2
0.015604016749763729,1418,0.2778561354019746,0.9949494949494949,394,1024,1100,2
0.01557096933541387,1419,0.2776603241719521,0.9949494949494949,394,1025,1099,2
0.01547446239671292,1420,0.2774647887323944,0.9949494949494949,394,1026,1098,2
0.015416308363036065,1421,0.2772695285010556,0.9949494949494949,394,1027,1097,2
0.015285398383254645,1422,0.2770745428973277,0.9949494949494949,394,1028,1096,2
0.01523203180335602,1423,0.2768798313422347,0.9949494949494949,394,1029,1095,2
0.015153801728417187,1424,0.27668539325842695,0.9949494949494949,394,1030,1094,2
0.01514716988762952,1425,0.27649122807017545,0.9949494949494949,394,1031,1093,2
0.015071259428110214,1426,0.2762973352033661,0.9949494949494949,394,1032,1092,2
0.015065647156585628,1427,0.27610371408549406,0.9949494949494949,394,1033,1091,2
0.015033943450955265,1428,0.2759103641456583,0.9949494949494949,394,1034,1090,2
0.015007534867589786,1429,0.27571728481455565,0.9949494949494949,394,1035,1089,2
0.014810057063165415,1430,0.2755244755244755,0.9949494949494949,394,1036,1088,2
0.014772954736764266,1431,0.2753319357092942,0.9949494949494949,394,1037,1087,2
0.014729011906360973,1432,0.2751396648044693,0.9949494949494949,394,1038,1086,2
0.014686722192468289,1433,0.2749476622470342,0.9949494949494949,394,1039,1085,2
0.014472131400390092,1434,0.27475592747559274,0.9949494949494949,394,1040,1084,2
0.014463235615017512,1435,0.2745644599303136,0.9949494949494949,394,1041,1083,2
0.014388147729127006,1436,0.2743732590529248,0.9949494949494949,394,1042,1082,2
0.014375950082753443,1437,0.2741823242867084,0.9949494949494949,394,1043,1081,2
0.01437241495869029,1438,0.27399165507649514,0.9949494949494949,394,1044,1080,2
0.014238731240198164,1439,0.2738012508686588,0.9949494949494949,394,1045,1079,2
0.014232207791989342,1440,0.27361111111111114,0.9949494949494949,394,1046,1078,2
0.014218185833514153,1441,0.2734212352532963,0.9949494949494949,394,1047,1077,2
0.014185244297230731,1442,0.27323162274618584,0.9949494949494949,394,1048,1076,2
0.014159933126232973,1443,0.273042273042273,0.9949494949494949,394,1049,1075,2
0.01392785886664197,1444,0.27285318559556787,0.9949494949494949,394,1050,1074,2
0.013922589757416129,1445,0.2726643598615917,0.9949494949494949,394,1051,1073,2
0.013813384304562946,1446,0.27247579529737204,0.9949494949494949,394,1052,1072,2
0.013811808987760788,1447,0.2722874913614375,0.9949494949494949,394,1053,1071,2
0.013742827879080209,1448,0.27209944751381215,0.9949494949494949,394,1054,1070,2
0.0137401325072838,1449,0.27191166321601107,0.9949494949494949,394,1055,1069,2
0.013552530213388321,1450,0.2717241379310345,0.9949494949494949,394,1056,1068,2
0.013467935108677003,1451,0.2715368711233632,0.9949494949494949,394,1057,1067,2
0.013462895276301075,1452,0.2713498622589532,0.9949494949494949,394,1058,1066,2
0.013201027305223581,1453,0.27116311080523053,0.9949494949494949,394,1059,1065,2
0.01313718612158839,1454,0.27097661623108665,0.9949494949494949,394,1060,1064,2
0.01310744219574266,1455,0.27079037800687283,0.9949494949494949,394,1061,1063,2
0.013099001069376875,1456,0.2706043956043956,0.9949494949494949,394,1062,1062,2
0.013051183162252582,1457,0.2704186684969115,0.9949494949494949,394,1063,1061,2
0.013003940333973375,1458,0.27023319615912206,0.9949494949494949,394,1064,1060,2
0.012982821772733069,1459,0.2700479780671693,0.9949494949494949,394,1065,1059,2
0.012921957934430399,1460,0.26986301369863014,0.9949494949494949,394,1066,1058,2
0.012919674857606315,1461,0.26967830253251196,0.9949494949494949,394,1067,1057,2
0.012914073041347628,1463,0.2693096377306904,0.9949494949494949,394,1069,1055,2
0.012899496949223184,1464,0.2691256830601093,0.9949494949494949,394,1070,1054,2
0.012857074085115513,1465,0.2689419795221843,0.9949494949494949,394,1071,1053,2
0.012731818102886094,1466,0.26875852660300137,0.9949494949494949,394,1072,1052,2
0.012648238403000963,1467,0.2685753237900477,0.9949494949494949,394,1073,1051,2
0.01264578388790229,1468,0.2683923705722071,0.9949494949494949,394,1074,1050,2
0.01263713909945666,1469,0.2682096664397549,0.9949494949494949,394,1075,1049,2
0.012631780775214367,1470,0.2680272108843537,0.9949494949494949,394,1076,1048,2
0.012615499720528625,1471,0.26784500339904826,0.9949494949494949,394,1077,1047,2
0.01254298214090944,1472,0.26766304347826086,0.9949494949494949,394,1078,1046,2
0.0125396379087657,1473,0.26748133061778684,0.9949494949494949,394,1079,1045,2
0.012510442420863646,1474,0.2672998643147897,0.9949494949494949,394,1080,1044,2
0.012474212028319033,1475,0.2671186440677966,0.9949494949494949,394,1081,1043,2
0.012473793783429674,1476,0.2669376693766938,0.9949494949494949,394,1082,1042,2
0.012466395503002657,1477,0.26675693974272174,0.9949494949494949,394,1083,1041,2
0.01245495000007992,1478,0.2665764546684709,0.9949494949494949,394,1084,1040,2
0.012419290628384896,1479,0.26639621365787697,0.9949494949494949,394,1085,1039,2
0.012396495208421432,1480,0.2662162162162162,0.9949494949494949,394,1086,1038,2
0.012391996399771742,1481,0.26603646185010127,0.9949494949494949,394,1087,1037,2
0.012340423559294952,1482,0.2658569500674764,0.9949494949494949,394,1088,1036,2
0.012309561957706298,1483,0.26567768037761297,0.9949494949494949,394,1089,1035,2
0.012308094184277061,1484,0.26549865229110514,0.9949494949494949,394,1090,1034,2
0.012283323011669322,1485,0.26531986531986534,0.9949494949494949,394,1091,1033,2
0.012185502546951612,1486,0.2651413189771198,0.9949494949494949,394,1092,1032,2
0.012164804142876242,1487,0.2649630127774042,0.9949494949494949,394,1093,1031,2
0.0121637572401426,1488,0.2647849462365591,0.9949494949494949,394,1094,1030,2
0.012076351196356357,1489,0.264607118871726,0.9949494949494949,394,1095,1029,2
0.012056132531675503,1490,0.2644295302013423,0.9949494949494949,394,1096,1028,2
0.011979469174025122,1491,0.2642521797451375,0.9949494949494949,394,1097,1027,2
0.011974713405453715,1492,0.2640750670241287,0.9949494949494949,394,1098,1026,2
0.01197207993743009,1493,0.2638981915606162,0.9949494949494949,394,1099,1025,2
0.011870432441096028,1494,0.2637215528781794,0.9949494949494949,394,1100,1024,2
0.01178695033906133,1495,0.26354515050167227,0.9949494949494949,394,1101,1023,2
0.011733941831584677,1496,0.26336898395721925,0.9949494949494949,394,1102,1022,2
0.011731081695473263,1497,0.2631930527722111,0.9949494949494949,394,1103,1021,2
0.01166944789852815,1498,0.2630173564753004,0.9949494949494949,394,1104,1020,2
0.011663251853128779,1499,0.2628418945963976,0.9949494949494949,394,1105,1019,2
0.011619626493621823,1500,0.26266666666666666,0.9949494949494949,394,1106,1018,2
0.011553109789440161,1501,0.262491672218521,0.9949494949494949,394,1107,1017,2
0.011425178377850613,1502,0.2623169107856192,0.9949494949494949,394,1108,1016,2
0.011364122697498903,1503,0.26214238190286093,0.9949494949494949,394,1109,1015,2
0.011335438209847453,1504,0.261968085106383,0.9949494949494949,394,1110,1014,2
0.011332813593074916,1505,0.26179401993355483,0.9949494949494949,394,1111,1013,2
0.011323424202916542,1506,0.26162018592297476,0.9949494949494949,394,1112,1012,2
0.01132295343000083,1507,0.26144658261446585,0.9949494949494949,394,1113,1011,2
0.011308074125355123,1508,0.2612732095490716,0.9949494949494949,394,1114,1010,2
0.011254884334898348,1509,0.26110006626905236,0.9949494949494949,394,1115,1009,2
0.01125266424121792,1510,0.2609271523178808,0.9949494949494949,394,1116,1008,2
0.01123601399419042,1511,0.26075446724023826,0.9949494949494949,394,1117,1007,2
0.011097676235418186,1512,0.2605820105820106,0.9949494949494949,394,1118,1006,2
0.01100144944851721,1513,0.2604097818902842,0.9949494949494949,394,1119,1005,2
0.010980769596125347,1514,0.26023778071334214,0.9949494949494949,394,1120,1004,2
0.010915020889427527,1515,0.2600660066006601,0.9949494949494949,394,1121,1003,2
0.010909586301886296,1516,0.2598944591029024,0.9949494949494949,394,1122,1002,2
0.010765415440554026,1517,0.25972313777191824,0.9949494949494949,394,1123,1001,2
0.01076166020318674,1518,0.2595520421607378,0.9949494949494949,394,1124,1000,2
0.010717528290223934,1519,0.2593811718235681,0.9949494949494949,394,1125,999,2
0.010625344285705446,1520,0.25921052631578945,0.9949494949494949,394,1126,998,2
0.010595890065293578,1521,0.2590401051939514,0.9949494949494949,394,1127,997,2
0.010594629633280667,1522,0.2588699080157687,0.9949494949494949,394,1128,996,2
0.010520185561068238,1523,0.2586999343401182,0.9949494949494949,394,1129,995,2
0.01046878232070075,1524,0.2585301837270341,0.9949494949494949,394,1130,994,2
0.010430044581360706,1525,0.2583606557377049,0.9949494949494949,394,1131,993,2
0.010257664086739234,1526,0.2581913499344692,0.9949494949494949,394,1132,992,2
0.010196414834358956,1527,0.25802226588081206,0.9949494949494949,394,1133,991,2
0.010166892722254529,1528,0.25785340314136124,0.9949494949494949,394,1134,990,2
0.009998898378129362,1529,0.25833878351863965,0.9974747474747475,395,1134,990,1
0.009983876024386431,1530,0.2581699346405229,0.9974747474747475,395,1135,989,1
0.009909896192114962,1531,0.25800130633572826,0.9974747474747475,395,1136,988,1
0.009818369972191637,1532,0.25783289817232374,0.9974747474747475,395,1137,987,1
0.009773579450044634,1533,0.2576647097195042,0.9974747474747475,395,1138,986,1
0.009743627545885003,1534,0.25749674054758803,0.9974747474747475,395,1139,985,1
0.009726171270639246,1535,0.25732899022801303,0.9974747474747475,395,1140,984,1
0.009588303108376462,1536,0.2571614583333333,0.9974747474747475,395,1141,983,1
0.009560434600126321,1537,0.25699414443721535,0.9974747474747475,395,1142,982,1
0.009530561211723385,1538,0.25682704811443435,0.9974747474747475,395,1143,981,1
0.009519442384397812,1539,0.2566601689408707,0.9974747474747475,395,1144,980,1
0.009508172694360828,1540,0.2564935064935065,0.9974747474747475,395,1145,979,1
0.009468609171213093,1541,0.2563270603504218,0.9974747474747475,395,1146,978,1
0.009381349142340513,1542,0.25616083009079116,0.9974747474747475,395,1147,977,1
0.009380218585351612,1543,0.2559948152948801,0.9974747474747475,395,1148,976,1
0.009337800272661519,1544,0.25582901554404147,0.9974747474747475,395,1149,975,1
0.009337617048772498,1545,0.255663430420712,0.9974747474747475,395,1150,974,1
0.009282902025276282,1546,0.2554980595084088,0.9974747474747475,395,1151,973,1
0.009265767688015018,1547,0.2553329023917259,0.9974747474747475,395,1152,972,1
0.009237963203697302,1548,0.25516795865633074,0.9974747474747475,395,1153,971,1
0.009190980764049027,1549,0.2550032278889606,0.9974747474747475,395,1154,970,1
0.009026217705209979,1550,0.25483870967741934,0.9974747474747475,395,1155,969,1
0.008992342948926996,1551,0.2546744036105738,0.9974747474747475,395,1156,968,1
0.008929836614828858,1552,0.2545103092783505,0.9974747474747475,395,1157,967,1
0.008899338577197545,1553,0.25434642627173215,0.9974747474747475,395,1158,966,1
0.008823016839365315,1554,0.25418275418275416,0.9974747474747475,395,1159,965,1
0.008710516813176927,1555,0.2540192926045016,0.9974747474747475,395,1160,964,1
0.008699416234338342,1556,0.2538560411311054,0.9974747474747475,395,1161,963,1
0.008673530469380943,1557,0.25369299935773926,0.9974747474747475,395,1162,962,1
0.008574073730029533,1558,0.2535301668806162,0.9974747474747475,395,1163,961,1
0.008535049891122984,1559,0.25336754329698524,0.9974747474747475,395,1164,960,1
0.008522280437916425,1560,0.2532051282051282,0.9974747474747475,395,1165,959,1
0.008499498536312407,1561,0.2530429212043562,0.9974747474747475,395,1166,958,1
0.008446816593345717,1562,0.2528809218950064,0.9974747474747475,395,1167,957,1
0.008384260249920714,1563,0.2527191298784389,0.9974747474747475,395,1168,956,1
0.008367024723756245,1564,0.25255754475703324,0.9974747474747475,395,1169,955,1
0.008352998341101559,1565,0.2523961661341853,0.9974747474747475,395,1170,954,1
0.008337764693024474,1566,0.25223499361430396,0.9974747474747475,395,1171,953,1
0.008228555461424416,1567,0.25207402680280794,0.9974747474747475,395,1172,952,1
0.008195225246928964,1568,0.25191326530612246,0.9974747474747475,395,1173,951,1
0.008166499650085984,1569,0.25239005736137665,1.0,396,1173,951,0
0.008155357941107435,1570,0.2522292993630573,1.0,396,1174,950,0
0.00809406097548722,1571,0.25206874602164225,1.0,396,1175,949,0
0.0080537696592378,1572,0.25190839694656486,1.0,396,1176,948,0
0.00803262177292652,1573,0.2517482517482518,1.0,396,1177,947,0
0.00795504767335898,1574,0.25158831003811943,1.0,396,1178,946,0
0.007871848001626543,1575,0.25142857142857145,1.0,396,1179,945,0
0.007800871837248046,1576,0.2512690355329949,1.0,396,1180,944,0
0.0077940748233337204,1577,0.25110970196575777,1.0,396,1181,943,0
0.007734179775389598,1578,0.2509505703422053,1.0,396,1182,942,0
0.007719564201834882,1579,0.25079164027865736,1.0,396,1183,941,0
0.007696795470926264,1580,0.25063291139240507,1.0,396,1184,940,0
0.007607781847416068,1581,0.2504743833017078,1.0,396,1185,939,0
0.007584545535204667,1583,0.25015792798483893,1.0,396,1187,937,0
0.007580220726700509,1584,0.25,1.0,396,1188,936,0
0.007575164262033517,1585,0.24984227129337538,1.0,396,1189,935,0
0.007561454660370442,1586,0.24968474148802017,1.0,396,1190,934,0
0.007548014728983821,1587,0.2495274102079395,1.0,396,1191,933,0
0.007527166585091799,1588,0.24937027707808565,1.0,396,1192,932,0
0.007518397703750638,1589,0.24921334172435494,1.0,396,1193,931,0
0.007487276674458625,1590,0.2490566037735849,1.0,396,1194,930,0
0.007385274148923695,1591,0.24890006285355123,1.0,396,1195,929,0
0.007373393118211703,1592,0.24874371859296482,1.0,396,1196,928,0
0.007348841474391608,1593,0.24858757062146894,1.0,396,1197,927,0
0.0073008537949413,1594,0.24843161856963614,1.0,396,1198,926,0
0.007251945599955888,1595,0.2482758620689655,1.0,396,1199,925,0
0.0072396054175207615,1596,0.24812030075187969,1.0,396,1200,924,0
0.007230336656570833,1597,0.24796493425172197,1.0,396,1201,923,0
0.007227336766313927,1598,0.24780976220275344,1.0,396,1202,922,0
0.007118340056961713,1599,0.24765478424015008,1.0,396,1203,921,0
0.007117065170149532,1600,0.2475,1.0,396,1204,920,0
0.007111865267718453,1601,0.24734540911930045,1.0,396,1205,919,0
0.0071091787856465425,1602,0.24719101123595505,1.0,396,1206,918,0
0.007096914477658667,1603,0.24703680598877106,1.0,396,1207,917,0
0.007028292620269749,1604,0.24688279301745636,1.0,396,1208,916,0
0.007021967289204599,1605,0.2467289719626168,1.0,396,1209,915,0
0.006906391693617083,1606,0.2465753424657534,1.0,396,1210,914,0
0.006850451172159727,1607,0.2464219041692595,1.0,396,1211,913,0
0.0068317805440973895,1608,0.2462686567164179,1.0,396,1212,912,0
0.006790698714205264,1609,0.24611559975139838,1.0,396,1213,911,0
0.006714621247794982,1610,0.24596273291925466,1.0,396,1214,910,0
0.006692075234669794,1611,0.24581005586592178,1.0,396,1215,909,0
0.00667868696742055,1612,0.2456575682382134,1.0,396,1216,908,0
0.006665865692147991,1613,0.24550526968381897,1.0,396,1217,907,0
0.006597627072718064,1614,0.24535315985130113,1.0,396,1218,906,0
0.00659699011773381,1615,0.2452012383900929,1.0,396,1219,905,0
0.006584309305337363,1616,0.24504950495049505,1.0,396,1220,904,0
0.006559149191266206,1617,0.24489795918367346,1.0,396,1221,903,0
0.006504876391924438,1618,0.24474660074165636,1.0,396,1222,902,0
0.006497804387635238,1619,0.2445954292773317,1.0,396,1223,901,0
0.006493258123617602,1621,0.24429364589759409,1.0,396,1225,899,0
0.006477452579642355,1622,0.2441430332922318,1.0,396,1226,898,0
0.0064591378989071226,1623,0.24399260628465805,1.0,396,1227,897,0
0.006384961747528104,1624,0.2438423645320197,1.0,396,1228,896,0
0.006213533582728016,1625,0.24369230769230768,1.0,396,1229,895,0
0.006195818048942667,1626,0.24354243542435425,1.0,396,1230,894,0
0.0061763895484523625,1627,0.24339274738783037,1.0,396,1231,893,0
0.00617067162800769,1628,0.24324324324324326,1.0,396,1232,892,0
0.006149627792876091,1629,0.2430939226519337,1.0,396,1233,891,0
0.006143646622590412,1630,0.24294478527607363,1.0,396,1234,890,0
0.00609043132911237,1631,0.2427958307786634,1.0,396,1235,889,0
0.006062710769150018,1632,0.2426470588235294,1.0,396,1236,888,0
0.005926891473364574,1633,0.2424984690753215,1.0,396,1237,887,0
0.005909167079517269,1634,0.2423500611995104,1.0,396,1238,886,0
0.005828732548707577,1635,0.24220183486238533,1.0,396,1239,885,0
0.005801575891908322,1636,0.24205378973105135,1.0,396,1240,884,0
0.005754949846031042,1637,0.241905925473427,1.0,396,1241,883,0
0.005748588999657051,1638,0.24175824175824176,1.0,396,1242,882,0
0.005693764776560979,1639,0.24161073825503357,1.0,396,1243,881,0
0.0056871813059584135,1640,0.24146341463414633,1.0,396,1244,880,0
0.005592505862827028,1641,0.2413162705667276,1.0,396,1245,879,0
0.005580075591184119,1642,0.24116930572472595,1.0,396,1246,878,0
0.00557562265214409,1643,0.24102251978088862,1.0,396,1247,877,0
0.005565892404736618,1644,0.24087591240875914,1.0,396,1248,876,0
0.005543910179888978,1645,0.24072948328267477,1.0,396,1249,875,0
0.0055242125136811685,1646,0.24058323207776428,1.0,396,1250,874,0
0.005503606184270648,1647,0.24043715846994534,1.0,396,1251,873,0
0.005470434894488972,1648,0.24029126213592233,1.0,396,1252,872,0
0.005389327578246056,1649,0.24014554275318375,1.0,396,1253,871,0
0.005375758144323567,1650,0.24,1.0,396,1254,870,0
0.005329570165249648,1651,0.23985463355542097,1.0,396,1255,869,0
0.005325612473254339,1652,0.2397094430992736,1.0,396,1256,868,0
0.005322466794306749,1653,0.2395644283121597,1.0,396,1257,867,0
0.00525117554714742,1654,0.23941958887545345,1.0,396,1258,866,0
0.005247291085241657,1655,0.23927492447129908,1.0,396,1259,865,0
0.005228762642199894,1656,0.2391304347826087,1.0,396,1260,864,0
0.005214273016869499,1657,0.23898611949305976,1.0,396,1261,863,0
0.005193416441282852,1658,0.2388419782870929,1.0,396,1262,862,0
0.005183582479954076,1659,0.23869801084990958,1.0,396,1263,861,0
0.0051262719940598275,1660,0.2385542168674699,1.0,396,1264,860,0
0.005124639016182581,1661,0.23841059602649006,1.0,396,1265,859,0
0.005039036539595589,1662,0.23826714801444043,1.0,396,1266,858,0
0.005005383777678827,1663,0.238123872519543,1.0,396,1267,857,0
0.005004654003734461,1664,0.23798076923076922,1.0,396,1268,856,0
0.0048842700963430945,1665,0.23783783783783785,1.0,396,1269,855,0
0.004871229370514179,1666,0.23769507803121248,1.0,396,1270,854,0
0.00486993402203402,1667,0.2375524895020996,1.0,396,1271,853,0
0.004846307131931822,1668,0.23741007194244604,1.0,396,1272,852,0
0.004794436288803837,1669,0.2372678250449371,1.0,396,1273,851,0
0.00479354829119621,1670,0.237125748502994,1.0,396,1274,850,0
0.004754542464267928,1671,0.236983842010772,1.0,396,1275,849,0
0.0047295993696153445,1672,0.23684210526315788,1.0,396,1276,848,0
0.004712225923895336,1673,0.2367005379557681,1.0,396,1277,847,0
0.004662497807991278,1674,0.23655913978494625,1.0,396,1278,846,0
0.004647187052779708,1675,0.2364179104477612,1.0,396,1279,845,0
0.0046418281786367276,1676,0.23627684964200477,1.0,396,1280,844,0
0.004577528253706735,1677,0.23613595706618962,1.0,396,1281,843,0
0.004508654752338593,1679,0.235854675402025,1.0,396,1283,841,0
0.004486823767452338,1680,0.2357142857142857,1.0,396,1284,840,0
0.004408658787946749,1681,0.23557406305770376,1.0,396,1285,839,0
0.004357766506927775,1682,0.23543400713436385,1.0,396,1286,838,0
0.004354331685299376,1683,0.23529411764705882,1.0,396,1287,837,0
0.004310897850968893,1684,0.23515439429928742,1.0,396,1288,836,0
0.004241497419696571,1685,0.23501483679525223,1.0,396,1289,835,0
0.004218308204010392,1686,0.23487544483985764,1.0,396,1290,834,0
0.00418523972800858,1687,0.23473621813870776,1.0,396,1291,833,0
0.004111859311702822,1688,0.23459715639810427,1.0,396,1292,832,0
0.004101673209647536,1689,0.2344582593250444,1.0,396,1293,831,0
0.0040886562009765474,1690,0.23431952662721894,1.0,396,1294,830,0
0.004064034520320556,1691,0.23418095801301006,1.0,396,1295,829,0
0.004060950538910718,1692,0.23404255319148937,1.0,396,1296,828,0
0.0040486468475796076,1693,0.23390431187241584,1.0,396,1297,827,0
0.0040414295759363655,1694,0.23376623376623376,1.0,396,1298,826,0
0.004017362738217426,1695,0.2336283185840708,1.0,396,1299,825,0
0.004005992835262349,1696,0.23349056603773585,1.0,396,1300,824,0
0.00400216758440236,1697,0.23335297583971715,1.0,396,1301,823,0
0.003988651967715189,1698,0.2332155477031802,1.0,396,1302,822,0
0.003985628893595656,1699,0.23307828134196587,1.0,396,1303,821,0
0.003983350183644145,1700,0.23294117647058823,1.0,396,1304,820,0
0.003935389242871055,1701,0.2328042328042328,1.0,396,1305,819,0
0.003918705866138228,1702,0.23266745005875442,1.0,396,1306,818,0
0.0039134125248183865,1703,0.23253082795067528,1.0,396,1307,817,0
0.0038688038529818645,1704,0.2323943661971831,1.0,396,1308,816,0
0.0038251186356739815,1705,0.23225806451612904,1.0,396,1309,815,0
0.003815340581287553,1706,0.2321219226260258,1.0,396,1310,814,0
0.00380463763348877,1707,0.23198594024604569,1.0,396,1311,813,0
0.003750528898033947,1708,0.23185011709601874,1.0,396,1312,812,0
0.003748111940504024,1709,0.23171445289643067,1.0,396,1313,811,0
0.0037289984819052413,1710,0.23157894736842105,1.0,396,1314,810,0
0.0036730793915268805,1711,0.2314436002337814,1.0,396,1315,809,0
0.0036621030651830416,1712,0.23130841121495327,1.0,396,1316,808,0
0.003642994106632164,1713,0.23117338003502627,1.0,396,1317,807,0
0.003626234618995492,1714,0.2310385064177363,1.0,396,1318,806,0
0.0036104502137253576,1715,0.23090379008746356,1.0,396,1319,805,0
0.0035662174447033666,1716,0.23076923076923078,1.0,396,1320,804,0
0.0035418226150678456,1717,0.23063482818870124,1.0,396,1321,803,0
0.003514417832709292,1718,0.23050058207217694,1.0,396,1322,802,0
0.0035063615383366274,1719,0.23036649214659685,1.0,396,1323,801,0
0.0034893950639839893,1720,0.2302325581395349,1.0,396,1324,800,0
0.0034881746012434527,1721,0.23009877977919815,1.0,396,1325,799,0
0.0034867790085650286,1722,0.22996515679442509,1.0,396,1326,798,0
0.0034766667926992186,1723,0.2298316889146837,1.0,396,1327,797,0
0.0034597275136595573,1724,0.2296983758700696,1.0,396,1328,796,0
0.0034493470907164285,1725,0.22956521739130434,1.0,396,1329,795,0
0.0034351507961447717,1726,0.22943221320973348,1.0,396,1330,794,0
0.0034104298760485848,1727,0.22929936305732485,1.0,396,1331,793,0
0.003391978785890402,1728,0.22916666666666666,1.0,396,1332,792,0
0.0033672144433767944,1729,0.22903412377096588,1.0,396,1333,791,0
0.00336689944665432,1730,0.22890173410404624,1.0,396,1334,790,0
0.0033613468798833752,1731,0.22876949740034663,1.0,396,1335,789,0
0.0033300745734497934,1732,0.22863741339491916,1.0,396,1336,788,0
0.0033252873360198215,1733,0.2285054818234276,1.0,396,1337,787,0
0.003301870987060601,1734,0.22837370242214533,1.0,396,1338,786,0
0.0032962177824677266,1735,0.2282420749279539,1.0,396,1339,785,0
0.003286879250173522,1736,0.22811059907834103,1.0,396,1340,784,0
0.0032692765738404593,1737,0.22797927461139897,1.0,396,1341,783,0
0.0032539514629157844,1738,0.22784810126582278,1.0,396,1342,782,0
0.0032449968772512933,1739,0.22771707878090858,1.0,396,1343,781,0
0.003243085787507437,1740,0.22758620689655173,1.0,396,1344,780,0
0.003241059128245167,1741,0.22745548535324525,1.0,396,1345,779,0
0.0032347534542488537,1742,0.22732491389207807,1.0,396,1346,778,0
0.003229839194238291,1743,0.22719449225473323,1.0,396,1347,777,0
0.003218310620463124,1744,0.22706422018348624,1.0,396,1348,776,0
0.003214509731962095,1745,0.22693409742120343,1.0,396,1349,775,0
0.0032115867799194834,1746,0.2268041237113402,1.0,396,1350,774,0
0.0032049458341564265,1747,0.22667429879793932,1.0,396,1351,773,0
0.0031655521343206708,1748,0.22654462242562928,1.0,396,1352,772,0
0.003152463037596293,1749,0.22641509433962265,1.0,396,1353,771,0
0.0031450960295211668,1750,0.22628571428571428,1.0,396,1354,770,0
0.0031155348461889194,1751,0.22615648201027985,1.0,396,1355,769,0
0.0030980625304278353,1752,0.22602739726027396,1.0,396,1356,768,0
0.003097187035957348,1753,0.22589845978322876,1.0,396,1357,767,0
0.0030881423389982603,1754,0.22576966932725198,1.0,396,1358,766,0
0.0030867691279911655,1755,0.22564102564102564,1.0,396,1359,765,0
0.0030828071901104685,1756,0.2255125284738041,1.0,396,1360,764,0
0.0030706843072562428,1757,0.22538417757541263,1.0,396,1361,763,0
0.003069555020034115,1758,0.22525597269624573,1.0,396,1362,762,0
0.0030600441980104783,1759,0.2251279135872655,1.0,396,1363,761,0
0.003055132187068231,1760,0.225,1.0,396,1364,760,0
0.003037897635271547,1761,0.22487223168654175,1.0,396,1365,759,0
0.003037472244840199,1762,0.22474460839954596,1.0,396,1366,758,0
0.0030151721121500596,1763,0.22461712989222915,1.0,396,1367,757,0
0.0029773665196470606,1764,0.22448979591836735,1.0,396,1368,756,0
0.002948303372165649,1766,0.22423556058890148,1.0,396,1370,754,0
0.002916489949284725,1767,0.22410865874363328,1.0,396,1371,753,0
0.0029093725989193585,1768,0.2239819004524887,1.0,396,1372,752,0
0.0029056875893560554,1769,0.22385528547201808,1.0,396,1373,751,0
0.002895333344081697,1770,0.22372881355932203,1.0,396,1374,750,0
0.002883447898312726,1771,0.2236024844720497,1.0,396,1375,749,0
0.0028788751206161225,1772,0.2234762979683973,1.0,396,1376,748,0
0.0028452165799439386,1773,0.2233502538071066,1.0,396,1377,747,0
0.002844308754696682,1774,0.22322435174746336,1.0,396,1378,746,0
0.0028361276207036525,1775,0.2230985915492958,1.0,396,1379,745,0
0.002832579818404223,1776,0.22297297297297297,1.0,396,1380,744,0
0.002824902655909623,1777,0.2228474957794035,1.0,396,1381,743,0
0.0028179470250340537,1778,0.22272215973003376,1.0,396,1382,742,0
0.0028110430152094947,1779,0.22259696458684655,1.0,396,1383,741,0
0.0028023759502313022,1780,0.22247191011235956,1.0,396,1384,740,0
0.002778686555899894,1781,0.2223469960696238,1.0,396,1385,739,0
0.0027327823382466538,1782,0.2222222222222222,1.0,396,1386,738,0
0.0027320063436473982,1783,0.2220975883342681,1.0,396,1387,737,0
0.0027267209031513204,1784,0.2219730941704036,1.0,396,1388,736,0
0.0027259519656068604,1785,0.2218487394957983,1.0,396,1389,735,0
0.002723315527980228,1786,0.22172452407614782,1.0,396,1390,734,0
0.0027184252969077566,1787,0.22160044767767206,1.0,396,1391,733,0
0.0027172966616650883,1788,0.2214765100671141,1.0,396,1392,732,0
0.0027101013271144106,1789,0.2213527110117384,1.0,396,1393,731,0
0.0027094226315329795,1790,0.2212290502793296,1.0,396,1394,730,0
0.0026752535950594425,1791,0.22110552763819097,1.0,396,1395,729,0
0.0026735984153857654,1792,0.22098214285714285,1.0,396,1396,728,0
0.0026690495061359597,1793,0.22085889570552147,1.0,396,1397,727,0
0.0026688657133021685,1794,0.22073578595317725,1.0,396,1398,726,0
0.0026523794908177314,1795,0.22061281337047353,1.0,396,1399,725,0
0.002644664450952446,1796,0.22048997772828507,1.0,396,1400,724,0
0.002643538369600247,1797,0.22036727879799667,1.0,396,1401,723,0
0.0026385355863380896,1798,0.22024471635150167,1.0,396,1402,722,0
0.002633881524577091,1799,0.22012229016120066,1.0,396,1403,721,0
0.0026194982532801838,1800,0.22,1.0,396,1404,720,0
0.002617118128415915,1801,0.21987784564131038,1.0,396,1405,719,0
0.00261546946192238,1802,0.21975582685904552,1.0,396,1406,718,0
0.002592018799569721,1803,0.21963394342762063,1.0,396,1407,717,0
0.0025842713033444476,1804,0.21951219512195122,1.0,396,1408,716,0
0.002579631361646565,1805,0.21939058171745152,1.0,396,1409,715,0
0.0025744154995498143,1806,0.21926910299003322,1.0,396,1410,714,0
0.0025683341873442675,1808,0.21902654867256638,1.0,396,1412,712,0
0.002558540585648025,1809,0.21890547263681592,1.0,396,1413,711,0
0.002542944406125151,1810,0.21878453038674034,1.0,396,1414,710,0
0.002540922836304291,1811,0.21866372170071782,1.0,396,1415,709,0
0.0025202852705417545,1812,0.2185430463576159,1.0,396,1416,708,0
0.0025075466110187662,1813,0.21842250413678985,1.0,396,1417,707,0
0.0024967088209845484,1814,0.21830209481808158,1.0,396,1418,706,0
0.0024954429641146545,1815,0.21818181818181817,1.0,396,1419,705,0
0.0024874306391745597,1816,0.21806167400881057,1.0,396,1420,704,0
0.0024519469841978556,1817,0.21794166208035223,1.0,396,1421,703,0
0.002451073277501347,1818,0.21782178217821782,1.0,396,1422,702,0
0.0024322287432538836,1819,0.2177020340846619,1.0,396,1423,701,0
0.002427216962011539,1821,0.21746293245469522,1.0,396,1425,699,0
0.0024213621713768296,1822,0.21734357848518113,1.0,396,1426,698,0
0.0024154793615878776,1823,0.2172243554580362,1.0,396,1427,697,0
0.0023995131530161013,1824,0.21710526315789475,1.0,396,1428,696,0
0.0023977022265379198,1825,0.21698630136986302,1.0,396,1429,695,0
0.0023886620627810063,1826,0.21686746987951808,1.0,396,1430,694,0
0.0023643805235972204,1827,0.21674876847290642,1.0,396,1431,693,0
0.0023489320487263656,1828,0.21663019693654267,1.0,396,1432,692,0
0.0023232224849779907,1829,0.2165117550574084,1.0,396,1433,691,0
0.0023164748131625224,1831,0.2162752594210814,1.0,396,1435,689,0
0.002313753060961134,1832,0.21615720524017468,1.0,396,1436,688,0
0.0023047900166844604,1834,0.2159214830970556,1.0,396,1438,686,0
0.0022998869281684836,1835,0.21580381471389645,1.0,396,1439,685,0
0.0022932521638392854,1836,0.21568627450980393,1.0,396,1440,684,0
0.0022872133068102193,1837,0.2155688622754491,1.0,396,1441,683,0
0.002285868011187382,1839,0.21533442088091354,1.0,396,1443,681,0
0.002284202999620344,1840,0.21521739130434783,1.0,396,1444,680,0
0.00226933162220544,1841,0.21510048886474742,1.0,396,1445,679,0
0.002267703938610634,1842,0.21498371335504887,1.0,396,1446,678,0
0.0022614927025286103,1843,0.21486706456863808,1.0,396,1447,677,0
0.0022540060370738013,1844,0.21475054229934923,1.0,396,1448,676,0
0.0022536653205503594,1845,0.2146341463414634,1.0,396,1449,675,0
0.0022423489000335827,1846,0.21451787648970747,1.0,396,1450,674,0
0.0022041784404926348,1847,0.21440173253925285,1.0,396,1451,673,0
0.0021986234723888128,1848,0.21428571428571427,1.0,396,1452,672,0
0.002195911083323634,1849,0.21416982152514874,1.0,396,1453,671,0
0.002181210933995868,1850,0.21405405405405406,1.0,396,1454,670,0
0.002139725038440506,1851,0.21393841166936792,1.0,396,1455,669,0
0.002133007222437093,1852,0.21382289416846653,1.0,396,1456,668,0
0.002108229425940718,1853,0.21370750134916353,1.0,396,1457,667,0
0.002107925157595654,1854,0.21359223300970873,1.0,396,1458,666,0
0.002093408975036131,1855,0.21347708894878706,1.0,396,1459,665,0
0.0020921805209800663,1856,0.21336206896551724,1.0,396,1460,664,0
0.0020838723347631266,1857,0.21324717285945072,1.0,396,1461,663,0
0.0020684794293639726,1858,0.2131324004305705,1.0,396,1462,662,0
0.0020653298521712644,1859,0.21301775147928995,1.0,396,1463,661,0
0.0020631262308699752,1860,0.2129032258064516,1.0,396,1464,660,0
0.0020609515431231026,1861,0.21278882321332618,1.0,396,1465,659,0
0.002057791800582464,1862,0.21267454350161116,1.0,396,1466,658,0
0.002057596862725318,1863,0.21256038647342995,1.0,396,1467,657,0
0.0020531345557009877,1864,0.21244635193133046,1.0,396,1468,656,0
0.002043201759782754,1865,0.2123324396782842,1.0,396,1469,655,0
0.002040609214825891,1866,0.21221864951768488,1.0,396,1470,654,0
0.002033787376391392,1867,0.21210498125334762,1.0,396,1471,653,0
0.0020251066947206877,1868,0.21199143468950749,1.0,396,1472,652,0
0.0020144576574141976,1869,0.21187800963081863,1.0,396,1473,651,0
0.0019962984270368357,1870,0.21176470588235294,1.0,396,1474,650,0
0.0019596663668407575,1871,0.21165152324959915,1.0,396,1475,649,0
0.0019563836530969627,1872,0.21153846153846154,1.0,396,1476,648,0
0.001950319092855988,1873,0.21142552055525896,1.0,396,1477,647,0
0.0019499842233052535,1874,0.2113127001067236,1.0,396,1478,646,0
0.0019400892559124792,1875,0.2112,1.0,396,1479,645,0
0.0019176449109231622,1876,0.21108742004264391,1.0,396,1480,644,0
0.0019056159419693277,1877,0.2109749600426212,1.0,396,1481,643,0
0.001895569200503053,1878,0.2108626198083067,1.0,396,1482,642,0
0.0018891157858166392,1879,0.21075039914848323,1.0,396,1483,641,0
0.0018781805962229663,1880,0.21063829787234042,1.0,396,1484,640,0
0.001873409616411876,1881,0.21052631578947367,1.0,396,1485,639,0
0.001873377421832228,1882,0.2104144527098831,1.0,396,1486,638,0
0.001873343874371466,1883,0.2103027084439724,1.0,396,1487,637,0
0.0018717027840066747,1884,0.21019108280254778,1.0,396,1488,636,0
0.001864829924657094,1885,0.21007957559681698,1.0,396,1489,635,0
0.0018642520343821673,1886,0.20996818663838812,1.0,396,1490,634,0
0.001850115337796758,1887,0.20985691573926868,1.0,396,1491,633,0
0.0018469345931882153,1888,0.2097457627118644,1.0,396,1492,632,0
0.0018465282432287918,1889,0.20963472736897829,1.0,396,1493,631,0
0.0018325623334599546,1890,0.20952380952380953,1.0,396,1494,630,0
0.0018271332374045597,1891,0.2094130089899524,1.0,396,1495,629,0
0.0018195625272371886,1892,0.20930232558139536,1.0,396,1496,628,0
0.0018177606954707104,1893,0.2091917591125198,1.0,396,1497,627,0
0.0017805515960054683,1894,0.20908130939809927,1.0,396,1498,626,0
0.0017795978809366031,1895,0.20897097625329816,1.0,396,1499,625,0
0.0017769154622300476,1896,0.2088607594936709,1.0,396,1500,624,0
0.0017725957611284672,1897,0.2087506589351608,1.0,396,1501,623,0
0.001771571525545469,1898,0.20864067439409906,1.0,396,1502,622,0
0.0017648252388837006,1899,0.20853080568720378,1.0,396,1503,621,0
0.0017592630506481643,1900,0.20842105263157895,1.0,396,1504,620,0
0.001758032298489414,1901,0.20831141504471332,1.0,396,1505,619,0
0.0017575210776911748,1902,0.2082018927444795,1.0,396,1506,618,0
0.0017569251316381864,1903,0.20809248554913296,1.0,396,1507,617,0
0.0017562809632637063,1904,0.20798319327731093,1.0,396,1508,616,0
0.0017558106512967978,1905,0.2078740157480315,1.0,396,1509,615,0
0.0017544075210143464,1906,0.20776495278069254,1.0,396,1510,614,0
0.0017274759953156,1907,0.2076560041950708,1.0,396,1511,613,0
0.0016967028473013862,1908,0.20754716981132076,1.0,396,1512,612,0
0.0016964971211838752,1909,0.2074384494499738,1.0,396,1513,611,0
0.0016926799052818654,1910,0.20732984293193718,1.0,396,1514,610,0
0.0016923640404447361,1911,0.20722135007849293,1.0,396,1515,609,0
0.0016805231805092813,1912,0.20711297071129708,1.0,396,1516,608,0
0.001674208992628071,1913,0.20700470465237847,1.0,396,1517,607,0
0.001669047912975167,1914,0.20689655172413793,1.0,396,1518,606,0
0.0016602235986820787,1915,0.20678851174934726,1.0,396,1519,605,0
0.0016584788960551584,1916,0.20668058455114824,1.0,396,1520,604,0
0.001651457355857745,1917,0.20657276995305165,1.0,396,1521,603,0
0.0016357733757771983,1918,0.2064650677789364,1.0,396,1522,602,0
0.0016353170380923785,1919,0.20635747785304848,1.0,396,1523,601,0
0.0016300365157327203,1920,0.20625,1.0,396,1524,600,0
0.001619019623434603,1921,0.20614263404476835,1.0,396,1525,599,0
0.0016165088234816494,1922,0.2060353798126951,1.0,396,1526,598,0
0.0016090540253614854,1923,0.2059282371294852,1.0,396,1527,597,0
0.0016026091358791554,1924,0.20582120582120583,1.0,396,1528,596,0
0.0015977215374976023,1925,0.2057142857142857,1.0,396,1529,595,0
0.0015976286164591268,1926,0.205607476635514,1.0,396,1530,594,0
0.0015956312300787574,1928,0.2053941908713693,1.0,396,1532,592,0
0.0015921882702041384,1929,0.2052877138413686,1.0,396,1533,591,0
0.0015649429629493302,1930,0.20518134715025907,1.0,396,1534,590,0
0.0015565471597474092,1931,0.20507509062661833,1.0,396,1535,589,0
0.001553183756668552,1932,0.20496894409937888,1.0,396,1536,588,0
0.0015314321445640078,1933,0.2048629073978272,1.0,396,1537,587,0
0.0015301479628141025,1934,0.2047569803516029,1.0,396,1538,586,0
0.0015226370338432597,1935,0.20465116279069767,1.0,396,1539,585,0
0.0015203087860108922,1936,0.20454545454545456,1.0,396,1540,584,0
0.0014995021302940212,1937,0.20443985544656684,1.0,396,1541,583,0
0.0014933538981790823,1938,0.2043343653250774,1.0,396,1542,582,0
0.0014917156901390403,1939,0.20422898401237752,1.0,396,1543,581,0
0.0014876321481300044,1940,0.20412371134020618,1.0,396,1544,580,0
0.0014845570314013224,1941,0.20401854714064915,1.0,396,1545,579,0
0.0014842257324654718,1942,0.203913491246138,1.0,396,1546,578,0
0.0014763213015527407,1943,0.2038085434894493,1.0,396,1547,577,0
0.001463672532494871,1944,0.2037037037037037,1.0,396,1548,576,0
0.0014542426172665084,1945,0.20359897172236505,1.0,396,1549,575,0
0.0014493473280708614,1946,0.20349434737923947,1.0,396,1550,574,0
0.001442436949744686,1947,0.2033898305084746,1.0,396,1551,573,0
0.0014331726384326964,1948,0.2032854209445585,1.0,396,1552,572,0
0.0014328788853664052,1949,0.20318111852231913,1.0,396,1553,571,0
0.0014219220124086949,1950,0.20307692307692307,1.0,396,1554,570,0
0.0014214766805942603,1951,0.20297283444387493,1.0,396,1555,569,0
0.0014133924203252627,1952,0.2028688524590164,1.0,396,1556,568,0
0.0014109627531829346,1953,0.20276497695852536,1.0,396,1557,567,0
0.0014047812158826617,1954,0.20266120777891505,1.0,396,1558,566,0
0.0014015381371712268,1955,0.20255754475703325,1.0,396,1559,565,0
0.001401014073632439,1956,0.20245398773006135,1.0,396,1560,564,0
0.0013915042036328387,1957,0.20235053653551355,1.0,396,1561,563,0
0.0013898665376353351,1958,0.20224719101123595,1.0,396,1562,562,0
0.001388676309028242,1959,0.20214395099540583,1.0,396,1563,561,0
0.001369038632789631,1960,0.20204081632653062,1.0,396,1564,560,0
0.0013496745084540125,1961,0.2019377868434472,1.0,396,1565,559,0
0.0013483751261719606,1962,0.2018348623853211,1.0,396,1566,558,0
0.0013452530833524493,1963,0.20173204279164544,1.0,396,1567,557,0
0.0013408060017680943,1964,0.20162932790224034,1.0,396,1568,556,0
0.0013364938919144629,1965,0.2015267175572519,1.0,396,1569,555,0
0.001329962376045933,1966,0.20142421159715157,1.0,396,1570,554,0
0.0013276884536819512,1967,0.20132180986273512,1.0,396,1571,553,0
0.0013240722501060666,1968,0.20121951219512196,1.0,396,1572,552,0
0.0013223902448616129,1969,0.2011173184357542,1.0,396,1573,551,0
0.0013184368407967136,1970,0.20101522842639594,1.0,396,1574,550,0
0.001317901518958937,1971,0.2009132420091324,1.0,396,1575,549,0
0.0013162827804074693,1972,0.20081135902636918,1.0,396,1576,548,0
0.0013155229348292032,1973,0.20070957932083122,1.0,396,1577,547,0
0.0013104360410525627,1974,0.2006079027355623,1.0,396,1578,546,0
0.0013053812665816916,1975,0.20050632911392405,1.0,396,1579,545,0
0.001302092699539699,1976,0.20040485829959515,1.0,396,1580,544,0
0.0013002943998851727,1977,0.20030349013657056,1.0,396,1581,543,0
0.0012980080461102873,1978,0.20020222446916078,1.0,396,1582,542,0
0.0012906215058460207,1979,0.20010106114199092,1.0,396,1583,541,0
0.0012899700096235516,1980,0.2,1.0,396,1584,540,0
0.0012754005619324117,1981,0.19989904088844018,1.0,396,1585,539,0
0.001270290836888575,1982,0.19979818365287588,1.0,396,1586,538,0
0.0012587835544686597,1983,0.19969742813918306,1.0,396,1587,537,0
0.00125713306695416,1984,0.19959677419354838,1.0,396,1588,536,0
0.0012500245691664136,1985,0.19949622166246853,1.0,396,1589,535,0
0.0012444161324368683,1986,0.19939577039274925,1.0,396,1590,534,0
0.0012426468762216168,1987,0.1992954202315048,1.0,396,1591,533,0
0.0012368119581090907,1988,0.19919517102615694,1.0,396,1592,532,0
0.001234367102791867,1989,0.19909502262443438,1.0,396,1593,531,0
0.0012324849162354398,1990,0.19899497487437187,1.0,396,1594,530,0
0.0012262794249146723,1991,0.19889502762430938,1.0,396,1595,529,0
0.0012237202788688711,1992,0.19879518072289157,1.0,396,1596,528,0
0.0012195884370184557,1993,0.19869543401906672,1.0,396,1597,527,0
0.00121051963500969,1994,0.19859578736208625,1.0,396,1598,526,0
0.0012060690044268275,1995,0.19849624060150375,1.0,396,1599,525,0
0.0011999483509808084,1996,0.19839679358717435,1.0,396,1600,524,0
0.0011888609756958949,1997,0.19829744616925388,1.0,396,1601,523,0
0.0011813346799393878,1998,0.1981981981981982,1.0,396,1602,522,0
0.0011811707171015553,1999,0.19809904952476237,1.0,396,1603,521,0
0.0011721567118068432,2000,0.198,1.0,396,1604,520,0
0.0011712455452986697,2003,0.19770344483275087,1.0,396,1607,517,0
0.001170987488564023,2004,0.19760479041916168,1.0,396,1608,516,0
0.001168578535421692,2005,0.1975062344139651,1.0,396,1609,515,0
0.0011625483629052022,2006,0.19740777666999004,1.0,396,1610,514,0
0.001161310726227172,2007,0.19730941704035873,1.0,396,1611,513,0
0.001153594412455475,2009,0.19711299153807865,1.0,396,1613,511,0
0.0011519778883252905,2010,0.19701492537313434,1.0,396,1614,510,0
0.001151541232440362,2011,0.19691695673794132,1.0,396,1615,509,0
0.0011476270295809217,2012,0.19681908548707752,1.0,396,1616,508,0
0.0011468078674161091,2013,0.19672131147540983,1.0,396,1617,507,0
0.0011455920612739594,2014,0.19662363455809334,1.0,396,1618,506,0
0.0011435065157338424,2015,0.1965260545905707,1.0,396,1619,505,0
0.00113654023871401,2016,0.19642857142857142,1.0,396,1620,504,0
0.0011299099427671164,2017,0.19633118492811105,1.0,396,1621,503,0
0.0011298670642019182,2018,0.1962338949454906,1.0,396,1622,502,0
0.0011210953295957126,2019,0.1961367013372957,1.0,396,1623,501,0
0.0011193122940889057,2020,0.19603960396039605,1.0,396,1624,500,0
0.001118005896627168,2021,0.19594260267194458,1.0,396,1625,499,0
0.001107849200405718,2022,0.19584569732937684,1.0,396,1626,498,0
0.0011027387519333218,2023,0.19574888779041028,1.0,396,1627,497,0
0.0010882347844321557,2024,0.1956521739130435,1.0,396,1628,496,0
0.0010876302626910267,2025,0.19555555555555557,1.0,396,1629,495,0
0.0010842193295637706,2026,0.19545903257650543,1.0,396,1630,494,0
0.0010816560372197907,2027,0.19536260483473114,1.0,396,1631,493,0
0.0010814410224430555,2028,0.1952662721893491,1.0,396,1632,492,0
0.0010735945206596636,2029,0.19517003449975356,1.0,396,1633,491,0
0.0010733580318986022,2030,0.19507389162561575,1.0,396,1634,490,0
0.0010658526584887637,2031,0.19497784342688332,1.0,396,1635,489,0
0.0010651292072128282,2032,0.19488188976377951,1.0,396,1636,488,0
0.0010592292757904914,2033,0.19478603049680276,1.0,396,1637,487,0
0.0010570375574222232,2034,0.19469026548672566,1.0,396,1638,486,0
0.0010527828500586204,2035,0.1945945945945946,1.0,396,1639,485,0
0.0010482388147378902,2036,0.1944990176817289,1.0,396,1640,484,0
0.0010476848477951799,2037,0.19440353460972018,1.0,396,1641,483,0
0.0010466451916037907,2038,0.1943081452404318,1.0,396,1642,482,0
0.0010401684227663505,2039,0.19421284943599804,1.0,396,1643,481,0
0.0010393964829426988,2040,0.19411764705882353,1.0,396,1644,480,0
0.001039277221060238,2041,0.19402253797158256,1.0,396,1645,479,0
0.0010385721627938,2042,0.1939275220372184,1.0,396,1646,478,0
0.0010372673145960525,2043,0.19383259911894274,1.0,396,1647,477,0
0.0010357530413786023,2044,0.19373776908023482,1.0,396,1648,476,0
0.0010351172992285693,2045,0.19364303178484107,1.0,396,1649,475,0
0.0010349823621336879,2046,0.1935483870967742,1.0,396,1650,474,0
0.0010323871049977098,2047,0.19345383488031265,1.0,396,1651,473,0
0.0010220916197380802,2048,0.193359375,1.0,396,1652,472,0
0.0010174906971607916,2049,0.19326500732064422,1.0,396,1653,471,0
0.001016213642118215,2050,0.19317073170731708,1.0,396,1654,470,0
0.0010101730646963891,2051,0.19307654802535348,1.0,396,1655,469,0
0.0010064523761266454,2052,0.19298245614035087,1.0,396,1656,468,0
0.001003365847482855,2053,0.19288845591816853,1.0,396,1657,467,0
0.0009895158696103226,2054,0.19279454722492698,1.0,396,1658,466,0
0.0009810024457874952,2055,0.1927007299270073,1.0,396,1659,465,0
0.0009751650959546925,2056,0.1926070038910506,1.0,396,1660,464,0
0.0009738755938562273,2057,0.1925133689839572,1.0,396,1661,463,0
0.0009720208977868175,2058,0.1924198250728863,1.0,396,1662,462,0
0.0009710360398630282,2059,0.192326372025255,1.0,396,1663,461,0
0.0009664257388478313,2060,0.19223300970873786,1.0,396,1664,460,0
0.0009654926207277003,2061,0.19213973799126638,1.0,396,1665,459,0
0.0009637817619795312,2062,0.19204655674102813,1.0,396,1666,458,0
0.0009633871804595269,2063,0.1919534658264663,1.0,396,1667,457,0
0.0009607704123723686,2064,0.19186046511627908,1.0,396,1668,456,0
0.000959101206191651,2065,0.19176755447941887,1.0,396,1669,455,0
0.0009581888029896006,2066,0.19167473378509198,1.0,396,1670,454,0
0.0009556490218060071,2067,0.19158200290275762,1.0,396,1671,453,0
0.0009535444423956608,2068,0.19148936170212766,1.0,396,1672,452,0
0.0009518716958878556,2069,0.19139681005316578,1.0,396,1673,451,0
0.0009504462222509401,2070,0.19130434782608696,1.0,396,1674,450,0
0.0009440801711224581,2071,0.19121197489135683,1.0,396,1675,449,0
0.0009353927972128055,2072,0.19111969111969113,1.0,396,1676,448,0
0.0009344761740114237,2073,0.191027496382055,1.0,396,1677,447,0
0.0009261221313633314,2074,0.1909353905496625,1.0,396,1678,446,0
0.0009254456600173612,2075,0.1908433734939759,1.0,396,1679,445,0
0.0009218314971606494,2076,0.1907514450867052,1.0,396,1680,444,0
0.0009195379903266949,2078,0.19056785370548604,1.0,396,1682,442,0
0.0009191669591169502,2079,0.19047619047619047,1.0,396,1683,441,0
0.0009176388142287538,2080,0.19038461538461537,1.0,396,1684,440,0
0.000914059833474223,2081,0.19029312830370015,1.0,396,1685,439,0
0.000913358564115778,2082,0.19020172910662825,1.0,396,1686,438,0
0.0009133039886148719,2083,0.19011041766682668,1.0,396,1687,437,0
0.0009127669169847236,2084,0.19001919385796545,1.0,396,1688,436,0
0.0009088861100838947,2085,0.18992805755395684,1.0,396,1689,435,0
0.00090441365808512,2086,0.18983700862895495,1.0,396,1690,434,0
0.0009017307442440938,2087,0.18974604695735506,1.0,396,1691,433,0
0.0009008324842072489,2088,0.1896551724137931,1.0,396,1692,432,0
0.0008986328888800982,2089,0.18956438487314506,1.0,396,1693,431,0
0.0008970778202228117,2090,0.18947368421052632,1.0,396,1694,430,0
0.0008929054573983697,2091,0.18938307030129126,1.0,396,1695,429,0
0.0008901719537379615,2092,0.18929254302103252,1.0,396,1696,428,0
0.0008872622271849033,2093,0.1892021022455805,1.0,396,1697,427,0
0.0008771716635678641,2094,0.18911174785100288,1.0,396,1698,426,0
0.0008759029706947863,2095,0.1890214797136038,1.0,396,1699,425,0
0.0008734417984801715,2096,0.18893129770992367,1.0,396,1700,424,0
0.0008699289967714502,2097,0.1888412017167382,1.0,396,1701,423,0
0.0008647199053472089,2098,0.18875119161105816,1.0,396,1702,422,0
0.0008640331804207457,2099,0.18866126727012864,1.0,396,1703,421,0
0.000863584371299793,2100,0.18857142857142858,1.0,396,1704,420,0
0.0008611465942643212,2101,0.18848167539267016,1.0,396,1705,419,0
0.0008579431362135922,2102,0.18839200761179828,1.0,396,1706,418,0
0.0008515632226223385,2103,0.18830242510699002,1.0,396,1707,417,0
0.0008498341290972328,2104,0.188212927756654,1.0,396,1708,416,0
0.0008427920252520914,2105,0.18812351543942993,1.0,396,1709,415,0
0.00083438354849623,2106,0.18803418803418803,1.0,396,1710,414,0
0.0008339882704984823,2107,0.1879449454200285,1.0,396,1711,413,0
0.0008317945776223366,2108,0.18785578747628084,1.0,396,1712,412,0
0.0008262968734395398,2109,0.18776671408250356,1.0,396,1713,411,0
0.0008234840702308508,2110,0.1876777251184834,1.0,396,1714,410,0
0.0008209309836711733,2111,0.18758882046423497,1.0,396,1715,409,0
0.0008199819190334542,2112,0.1875,1.0,396,1716,408,0
0.0008197847787871726,2113,0.18741126360624705,1.0,396,1717,407,0
0.0008146371668331492,2114,0.18732261116367077,1.0,396,1718,406,0
0.000810514826349171,2115,0.18723404255319148,1.0,396,1719,405,0
0.0008070681851945612,2116,0.18714555765595464,1.0,396,1720,404,0
0.0008051984844878454,2117,0.18705715635333017,1.0,396,1721,403,0
0.0008039781500864779,2118,0.18696883852691218,1.0,396,1722,402,0
0.0008037419159322842,2119,0.18688060405851817,1.0,396,1723,401,0
0.0008023950964389589,2120,0.18679245283018867,1.0,396,1724,400,0
0.0007972120111038768,2121,0.1867043847241867,1.0,396,1725,399,0
0.0007954631995592774,2122,0.18661639962299717,1.0,396,1726,398,0
0.0007836396206553961,2123,0.18652849740932642,1.0,396,1727,397,0
0.0007810283993037198,2124,0.1864406779661017,1.0,396,1728,396,0
0.0007796451090071084,2125,0.18635294117647058,1.0,396,1729,395,0
0.0007749084920719958,2126,0.18626528692380057,1.0,396,1730,394,0
0.0007731659548688318,2127,0.1861777150916784,1.0,396,1731,393,0
0.0007681580821116867,2128,0.18609022556390978,1.0,396,1732,392,0
0.0007666457889452377,2129,0.18600281822451856,1.0,396,1733,391,0
0.0007661458813709537,2130,0.18591549295774648,1.0,396,1734,390,0
0.0007648299187283613,2131,0.18582824964805256,1.0,396,1735,389,0
0.0007603740781370089,2132,0.18574108818011256,1.0,396,1736,388,0
0.0007543667565364798,2133,0.18565400843881857,1.0,396,1737,387,0
0.0007514584331576325,2134,0.18556701030927836,1.0,396,1738,386,0
0.0007480121170722727,2135,0.18548009367681498,1.0,396,1739,385,0
0.0007409796914116369,2136,0.1853932584269663,1.0,396,1740,384,0
0.0007402417581666617,2138,0.18521983161833488,1.0,396,1742,382,0
0.0007400403162311414,2139,0.18513323983169705,1.0,396,1743,381,0
0.0007371672674459723,2140,0.18504672897196262,1.0,396,1744,380,0
0.000734421364702222,2141,0.18496029892573565,1.0,396,1745,379,0
0.0007300631389065875,2142,0.18487394957983194,1.0,396,1746,378,0
0.0007289007595880795,2143,0.18478768082127858,1.0,396,1747,377,0
0.000726673747220956,2144,0.18470149253731344,1.0,396,1748,376,0
0.000726024420989285,2145,0.18461538461538463,1.0,396,1749,375,0
0.0007246116872424161,2146,0.18452935694315004,1.0,396,1750,374,0
0.0007221342094466865,2147,0.18444340940847695,1.0,396,1751,373,0
0.000721248200344694,2148,0.18435754189944134,1.0,396,1752,372,0
0.0007120759406461917,2149,0.1842717543043276,1.0,396,1753,371,0
0.0007107156426598346,2150,0.1841860465116279,1.0,396,1754,370,0
0.0007053266564146341,2151,0.18410041841004185,1.0,396,1755,369,0
0.0007039305313909207,2152,0.18401486988847585,1.0,396,1756,368,0
0.0006976832164438296,2153,0.18392940083604273,1.0,396,1757,367,0
0.0006943591773916279,2154,0.18384401114206128,1.0,396,1758,366,0
0.0006926928730511137,2155,0.18375870069605568,1.0,396,1759,365,0
0.0006889614740480299,2157,0.1835883171070932,1.0,396,1761,363,0
0.0006773372399125926,2158,0.1835032437442076,1.0,396,1762,362,0
0.0006759226905929153,2159,0.18341824918943955,1.0,396,1763,361,0
0.0006745642375381861,2160,0.18333333333333332,1.0,396,1764,360,0
0.0006715377348708247,2161,0.18324849606663582,1.0,396,1765,359,0
0.0006607067898879996,2162,0.18316373728029603,1.0,396,1766,358,0
0.0006579681894433517,2163,0.18307905686546463,1.0,396,1767,357,0
0.0006573851216934598,2164,0.18299445471349354,1.0,396,1768,356,0
0.000649833489592034,2165,0.18290993071593534,1.0,396,1769,355,0
0.0006458007280317858,2166,0.18282548476454294,1.0,396,1770,354,0
0.0006457434223346329,2167,0.18274111675126903,1.0,396,1771,353,0
0.000641070954181808,2168,0.18265682656826568,1.0,396,1772,352,0
0.0006399572390743228,2169,0.1825726141078838,1.0,396,1773,351,0
0.0006345203835392113,2170,0.1824884792626728,1.0,396,1774,350,0
0.0006315168327191429,2171,0.18240442192538,1.0,396,1775,349,0
0.0006281065421217745,2172,0.18232044198895028,1.0,396,1776,348,0
0.0006226648084864315,2173,0.18223653934652553,1.0,396,1777,347,0
0.0006219159859870266,2174,0.18215271389144433,1.0,396,1778,346,0
0.0006215869275487774,2175,0.1820689655172414,1.0,396,1779,345,0
0.0006207030031654743,2176,0.18198529411764705,1.0,396,1780,344,0
0.0006148616097778055,2177,0.18190169958658706,1.0,396,1781,343,0
0.0006124049978372089,2178,0.18181818181818182,1.0,396,1782,342,0
0.0006123928476137402,2179,0.18173474070674622,1.0,396,1783,341,0
0.0006120554407086581,2180,0.181651376146789,1.0,396,1784,340,0
0.0006103697879752091,2181,0.1815680880330124,1.0,396,1785,339,0
0.0006086544662975268,2182,0.18148487626031165,1.0,396,1786,338,0
0.0006015374207482862,2183,0.18140174072377463,1.0,396,1787,337,0
0.0005974460251530525,2184,0.1813186813186813,1.0,396,1788,336,0
0.0005974102813425382,2185,0.18123569794050343,1.0,396,1789,335,0
0.0005848536067137565,2186,0.18115279048490393,1.0,396,1790,334,0
0.0005827357099426942,2187,0.18106995884773663,1.0,396,1791,333,0
0.0005788615852440328,2188,0.1809872029250457,1.0,396,1792,332,0
0.0005771722239175585,2189,0.18090452261306533,1.0,396,1793,331,0
0.0005752753232289515,2190,0.18082191780821918,1.0,396,1794,330,0
0.0005691961100941056,2191,0.18073938840712003,1.0,396,1795,329,0
0.0005680657311394687,2192,0.18065693430656934,1.0,396,1796,328,0
0.0005660387877391811,2194,0.1804922515952598,1.0,396,1798,326,0
0.0005638192395429792,2195,0.18041002277904328,1.0,396,1799,325,0
0.0005616559731559154,2196,0.18032786885245902,1.0,396,1800,324,0
0.000561216278970106,2197,0.18024578971324534,1.0,396,1801,323,0
0.000560995779739369,2198,0.18016378525932666,1.0,396,1802,322,0
0.0005582580895017318,2199,0.1800818553888131,1.0,396,1803,321,0
0.0005572238222429076,2200,0.18,1.0,396,1804,320,0
0.0005562872829385838,2201,0.17991821899136756,1.0,396,1805,319,0
0.0005547500959540312,2202,0.17983651226158037,1.0,396,1806,318,0
0.0005504665982521164,2203,0.17975487970948706,1.0,396,1807,317,0
0.0005491441558428734,2204,0.17967332123411978,1.0,396,1808,316,0
0.0005450361746593345,2205,0.17959183673469387,1.0,396,1809,315,0
0.0005433871417287379,2206,0.17951042611060744,1.0,396,1810,314,0
0.0005426039722749614,2207,0.17942908926144088,1.0,396,1811,313,0
0.0005422201207253281,2208,0.1793478260869565,1.0,396,1812,312,0
0.0005417887725658708,2209,0.17926663648709823,1.0,396,1813,311,0
0.0005384568402990455,2210,0.17918552036199095,1.0,396,1814,310,0
0.0005382222106501984,2211,0.1791044776119403,1.0,396,1815,309,0
0.0005378665946438554,2212,0.17902350813743217,1.0,396,1816,308,0
0.0005368584751095951,2213,0.1789426118391324,1.0,396,1817,307,0
0.000532103769813496,2214,0.17886178861788618,1.0,396,1818,306,0
0.0005290132827730668,2215,0.17878103837471784,1.0,396,1819,305,0
0.0005247566480743838,2216,0.17870036101083034,1.0,396,1820,304,0
0.0005210719888531677,2217,0.17861975642760486,1.0,396,1821,303,0
0.00052003021979113,2218,0.17853922452660054,1.0,396,1822,302,0
0.00051750413962313,2219,0.17845876520955387,1.0,396,1823,301,0
0.0005153840419872969,2220,0.1783783783783784,1.0,396,1824,300,0
0.0005121668537417612,2221,0.17829806393516434,1.0,396,1825,299,0
0.000509851905943241,2222,0.1782178217821782,1.0,396,1826,298,0
0.0005045638630906094,2223,0.17813765182186234,1.0,396,1827,297,0
0.0005043376767581091,2224,0.17805755395683454,1.0,396,1828,296,0
0.0005017640459781706,2225,0.17797752808988765,1.0,396,1829,295,0
0.0005013508805118519,2226,0.1778975741239892,1.0,396,1830,294,0
0.0004934583764902655,2227,0.1778176919622811,1.0,396,1831,293,0
0.0004926621758165133,2228,0.17773788150807898,1.0,396,1832,292,0
0.0004918607698146452,2229,0.17765814266487215,1.0,396,1833,291,0
0.00048683737978166646,2230,0.17757847533632287,1.0,396,1834,290,0
0.00048390063302797146,2231,0.17749887942626624,1.0,396,1835,289,0
0.0004834325917105916,2232,0.1774193548387097,1.0,396,1836,288,0
0.0004812249608964045,2234,0.17726051924798567,1.0,396,1838,286,0
0.0004798153698889658,2235,0.17718120805369128,1.0,396,1839,285,0
0.0004796996912921074,2236,0.1771019677996422,1.0,396,1840,284,0
0.0004787214648498502,2238,0.1769436997319035,1.0,396,1842,282,0
0.00047844295983816314,2239,0.1768646717284502,1.0,396,1843,281,0
0.0004782759531584071,2240,0.1767857142857143,1.0,396,1844,280,0
0.0004745226670714061,2241,0.17670682730923695,1.0,396,1845,279,0
0.0004658225854220268,2242,0.17662801070472792,1.0,396,1846,278,0
0.0004559469749401675,2243,0.1765492643780651,1.0,396,1847,277,0
0.0004524146802487778,2244,0.17647058823529413,1.0,396,1848,276,0
0.00045059652759686327,2245,0.17639198218262805,1.0,396,1849,275,0
0.00044949875945972373,2246,0.176313446126447,1.0,396,1850,274,0
0.00044300922180392377,2247,0.17623497997329773,1.0,396,1851,273,0
0.00044064767653211506,2248,0.17615658362989323,1.0,396,1852,272,0
0.0004392378588039115,2249,0.1760782570031125,1.0,396,1853,271,0
0.0004378624260308952,2250,0.176,1.0,396,1854,270,0
0.0004359975518504895,2251,0.17592181252776543,1.0,396,1855,269,0
0.0004342926158305082,2252,0.17584369449378331,1.0,396,1856,268,0
0.0004305293989725452,2253,0.17576564580559254,1.0,396,1857,267,0
0.0004288458598808911,2254,0.1756876663708962,1.0,396,1858,266,0
0.0004233078915133776,2255,0.17560975609756097,1.0,396,1859,265,0
0.00042023628853888543,2256,0.17553191489361702,1.0,396,1860,264,0
0.00041779311510324287,2257,0.17545414266725742,1.0,396,1861,263,0
0.0004141271579283626,2258,0.1753764393268379,1.0,396,1862,262,0
0.0004025994602571657,2259,0.1752988047808765,1.0,396,1863,261,0
0.00040006450562483995,2260,0.1752212389380531,1.0,396,1864,260,0
0.00039944764341361485,2261,0.1751437417072092,1.0,396,1865,259,0
0.0003984394977975968,2262,0.17506631299734748,1.0,396,1866,258,0
0.0003974937031700111,2263,0.17498895271763146,1.0,396,1867,257,0
0.0003970700695491309,2264,0.17491166077738515,1.0,396,1868,256,0
0.00039696173180170824,2265,0.17483443708609273,1.0,396,1869,255,0
0.0003964088546469052,2266,0.17475728155339806,1.0,396,1870,254,0
0.00039572126543850253,2267,0.17468019408910454,1.0,396,1871,253,0
0.00039547486814710904,2268,0.1746031746031746,1.0,396,1872,252,0
0.00039401658995490905,2269,0.1745262230057294,1.0,396,1873,251,0
0.00039081349728445683,2270,0.17444933920704847,1.0,396,1874,250,0
0.0003888594076853187,2271,0.17437252311756934,1.0,396,1875,249,0
0.0003844096894762959,2272,0.1742957746478873,1.0,396,1876,248,0
0.0003827978137877425,2273,0.17421909370875496,1.0,396,1877,247,0
0.00038145894909813005,2274,0.1741424802110818,1.0,396,1878,246,0
0.00037804928795631297,2275,0.17406593406593407,1.0,396,1879,245,0
0.0003777853629407561,2276,0.17398945518453426,1.0,396,1880,244,0
0.00037352222272133117,2277,0.17391304347826086,1.0,396,1881,243,0
0.0003733067932099892,2278,0.17383669885864794,1.0,396,1882,242,0
0.00037196073510248887,2279,0.1737604212373848,1.0,396,1883,241,0
0.0003716954025265712,2281,0.17360806663743972,1.0,396,1885,239,0
0.00036762655184746434,2282,0.17353198948290974,1.0,396,1886,238,0
0.0003671817970856077,2283,0.17345597897503284,1.0,396,1887,237,0
0.0003670232263753226,2284,0.1733800350262697,1.0,396,1888,236,0
0.00036562199406146764,2285,0.17330415754923414,1.0,396,1889,235,0
0.00036247864503653,2286,0.1732283464566929,1.0,396,1890,234,0
0.0003620871282660364,2287,0.17315260166156538,1.0,396,1891,233,0
0.00036188679757217417,2288,0.17307692307692307,1.0,396,1892,232,0
0.0003579150456719078,2289,0.17300131061598953,1.0,396,1893,231,0
0.00034901184941756773,2290,0.17292576419213973,1.0,396,1894,230,0
0.00034424317590234834,2291,0.17285028371890004,1.0,396,1895,229,0
0.0003438742003931893,2292,0.17277486910994763,1.0,396,1896,228,0
0.00034304278351561133,2293,0.17269952027911034,1.0,396,1897,227,0
0.00033818960471891917,2294,0.17262423714036618,1.0,396,1898,226,0
0.0003368867321532565,2295,0.17254901960784313,1.0,396,1899,225,0
0.0003360667597718311,2296,0.17247386759581881,1.0,396,1900,224,0
0.0003336469365696741,2297,0.17239878101872008,1.0,396,1901,223,0
0.00032640125299441354,2298,0.17232375979112272,1.0,396,1902,222,0
0.00032450802994342,2299,0.1722488038277512,1.0,396,1903,221,0
0.0003210154578452297,2300,0.17217391304347826,1.0,396,1904,220,0
0.00031860856575840894,2301,0.17209908735332463,1.0,396,1905,219,0
0.0003182458992519239,2302,0.17202432667245873,1.0,396,1906,218,0
0.00031741980205059547,2303,0.17194963091619628,1.0,396,1907,217,0
0.0003167185165425368,2304,0.171875,1.0,396,1908,216,0
0.00031388744062080324,2305,0.1718004338394794,1.0,396,1909,215,0
0.00030955165682643664,2306,0.1717259323503903,1.0,396,1910,214,0
0.0003089885381278811,2307,0.1716514954486346,1.0,396,1911,213,0
0.0003074398926634119,2308,0.17157712305025996,1.0,396,1912,212,0
0.0003068762824134627,2309,0.1715028150714595,1.0,396,1913,211,0
0.0003059216228938444,2310,0.17142857142857143,1.0,396,1914,210,0
0.00030562150052944787,2311,0.17135439203807876,1.0,396,1915,209,0
0.000304811013063213,2314,0.17113223854796888,1.0,396,1918,206,0
0.0003030956541128616,2315,0.17105831533477323,1.0,396,1919,205,0
0.0003024924904967711,2316,0.17098445595854922,1.0,396,1920,204,0
0.0003015818857179223,2317,0.1709106603366422,1.0,396,1921,203,0
0.0002999238234176478,2318,0.17083692838654013,1.0,396,1922,202,0
0.000299227211521173,2319,0.17076326002587322,1.0,396,1923,201,0
0.000298770119875333,2320,0.1706896551724138,1.0,396,1924,200,0
0.00029709517881565005,2321,0.17061611374407584,1.0,396,1925,199,0
0.0002967469025603024,2322,0.17054263565891473,1.0,396,1926,198,0
0.0002946148072478611,2323,0.170469220835127,1.0,396,1927,197,0
0.0002931473468019772,2324,0.1703958691910499,1.0,396,1928,196,0
0.0002917128269953755,2325,0.1703225806451613,1.0,396,1929,195,0
0.0002913180284905942,2326,0.1702493551160791,1.0,396,1930,194,0
0.00029119304168308627,2327,0.17017619252256125,1.0,396,1931,193,0
0.0002898483481692693,2328,0.17010309278350516,1.0,396,1932,192,0
0.000287050426946225,2329,0.1700300558179476,1.0,396,1933,191,0
0.0002801478224181365,2330,0.16995708154506436,1.0,396,1934,190,0
0.00027978337326476494,2331,0.16988416988416988,1.0,396,1935,189,0
0.0002788363218429923,2332,0.16981132075471697,1.0,396,1936,188,0
0.0002783699615854414,2333,0.1697385340762966,1.0,396,1937,187,0
0.0002741698347091141,2334,0.16966580976863754,1.0,396,1938,186,0
0.0002699519450681547,2335,0.169593147751606,1.0,396,1939,185,0
0.00026966321784132274,2336,0.1695205479452055,1.0,396,1940,184,0
0.00026665271359910313,2337,0.16944801026957637,1.0,396,1941,183,0
0.00026619578580022583,2338,0.16937553464499572,1.0,396,1942,182,0
0.0002653074572090553,2339,0.16930312099187686,1.0,396,1943,181,0
0.0002646759434731377,2340,0.16923076923076924,1.0,396,1944,180,0
0.00026415021408612957,2341,0.16915847928235797,1.0,396,1945,179,0
0.0002622612946665194,2342,0.1690862510674637,1.0,396,1946,178,0
0.00026059050056117606,2343,0.16901408450704225,1.0,396,1947,177,0
0.00025835461745241697,2344,0.1689419795221843,1.0,396,1948,176,0
0.000257996549762437,2345,0.16886993603411513,1.0,396,1949,175,0
0.0002579707420763935,2346,0.16879795396419436,1.0,396,1950,174,0
0.0002549738817977496,2347,0.16872603323391563,1.0,396,1951,173,0
0.00025331950254510243,2348,0.1686541737649063,1.0,396,1952,172,0
0.00025284370014258897,2349,0.1685823754789272,1.0,396,1953,171,0
0.00024908699378945316,2350,0.16851063829787233,1.0,396,1954,170,0
0.00024334418376724203,2351,0.1684389621437686,1.0,396,1955,169,0
0.00023969160715438267,2352,0.1683673469387755,1.0,396,1956,168,0
0.00023877121017937684,2353,0.16829579260518487,1.0,396,1957,167,0
0.00023826675321652938,2354,0.16822429906542055,1.0,396,1958,166,0
0.0002370694186220196,2355,0.1681528662420382,1.0,396,1959,165,0
0.0002345236470507632,2356,0.16808149405772496,1.0,396,1960,164,0
0.00023450565993327546,2357,0.1680101824352991,1.0,396,1961,163,0
0.000231242843203777,2358,0.16793893129770993,1.0,396,1962,162,0
0.00022955970695061402,2359,0.1678677405680373,1.0,396,1963,161,0
0.00022774149588337928,2360,0.16779661016949152,1.0,396,1964,160,0
0.00021828802593429233,2361,0.16772554002541296,1.0,396,1965,159,0
0.00021795312270429413,2362,0.1676545300592718,1.0,396,1966,158,0
0.00021585862255444471,2363,0.1675835801946678,1.0,396,1967,157,0
0.0002119362924428713,2364,0.16751269035532995,1.0,396,1968,156,0
0.00020966720320702033,2365,0.16744186046511628,1.0,396,1969,155,0
0.00020866476621814533,2366,0.16737109044801352,1.0,396,1970,154,0
0.00020706541688242852,2367,0.16730038022813687,1.0,396,1971,153,0
0.0002038090006398568,2368,0.16722972972972974,1.0,396,1972,152,0
0.00020053172764781185,2369,0.16715913887716335,1.0,396,1973,151,0
0.00019923606269697924,2370,0.1670886075949367,1.0,396,1974,150,0
0.00019883041480386166,2371,0.16701813580767608,1.0,396,1975,149,0
0.00019572469660906003,2372,0.16694772344013492,1.0,396,1976,148,0
0.00019564365994678188,2373,0.16687737041719342,1.0,396,1977,147,0
0.00019452095992821762,2374,0.16680707666385847,1.0,396,1978,146,0
0.00019448696207088594,2375,0.16673684210526316,1.0,396,1979,145,0
0.0001925582560761485,2376,0.16666666666666666,1.0,396,1980,144,0
0.00018844048598411718,2377,0.16659655027345394,1.0,396,1981,143,0
0.00018465630919901804,2378,0.1665264928511354,1.0,396,1982,142,0
0.00018344692739768846,2379,0.1664564943253468,1.0,396,1983,141,0
0.00018237655107398643,2380,0.16638655462184873,1.0,396,1984,140,0
0.00018182784831740264,2381,0.16631667366652667,1.0,396,1985,139,0
0.0001815797662816781,2382,0.16624685138539042,1.0,396,1986,138,0
0.0001806247440093961,2383,0.16617708770457407,1.0,396,1987,137,0
0.00018049781440593392,2384,0.16610738255033558,1.0,396,1988,136,0
0.0001783769430277679,2385,0.1660377358490566,1.0,396,1989,135,0
0.0001748442263514478,2386,0.16596814752724226,1.0,396,1990,134,0
0.0001733476889959296,2387,0.16589861751152074,1.0,396,1991,133,0
0.00017239661896286716,2388,0.1658291457286432,1.0,396,1992,132,0
0.00017029194250256868,2389,0.16575973210548348,1.0,396,1993,131,0
0.00017012398215480846,2390,0.16569037656903765,1.0,396,1994,130,0
0.00016886216732258597,2391,0.1656210790464241,1.0,396,1995,129,0
0.00016722484707543388,2392,0.16555183946488294,1.0,396,1996,128,0
0.00016520566248707892,2393,0.165482657751776,1.0,396,1997,127,0
0.0001639089110492987,2394,0.16541353383458646,1.0,396,1998,126,0
0.0001621995060261697,2395,0.1653444676409186,1.0,396,1999,125,0
0.00016159621928841527,2396,0.1652754590984975,1.0,396,2000,124,0
0.00016156094919598995,2397,0.16520650813516896,1.0,396,2001,123,0
0.00016136954436304357,2398,0.1651376146788991,1.0,396,2002,122,0
0.00016096393907214058,2399,0.16506877865777408,1.0,396,2003,121,0
0.0001601378826111496,2400,0.165,1.0,396,2004,120,0
0.00015982542808101386,2401,0.16493127863390253,1.0,396,2005,119,0
0.00015781944652501834,2402,0.16486261448792672,1.0,396,2006,118,0
0.0001556731958861855,2403,0.1647940074906367,1.0,396,2007,117,0
0.00015189744671438403,2404,0.16472545757071547,1.0,396,2008,116,0
0.00015079649642663623,2405,0.16465696465696467,1.0,396,2009,115,0
0.00014837860057456245,2406,0.16458852867830423,1.0,396,2010,114,0
0.00014821943533223727,2407,0.16452014956377234,1.0,396,2011,113,0
0.00014646437977707503,2408,0.1644518272425249,1.0,396,2012,112,0
0.00014636841662937314,2409,0.1643835616438356,1.0,396,2013,111,0
0.00014607660510159348,2410,0.16431535269709543,1.0,396,2014,110,0
0.00014128968545446113,2411,0.16424720033181253,1.0,396,2015,109,0
0.00013696126277453562,2412,0.16417910447761194,1.0,396,2016,108,0
0.00013542328153465935,2413,0.1641110650642354,1.0,396,2017,107,0
0.00013535886358743786,2414,0.164043082021541,1.0,396,2018,106,0
0.0001334998390247432,2415,0.1639751552795031,1.0,396,2019,105,0
0.0001331871111914358,2416,0.16390728476821192,1.0,396,2020,104,0
0.00013262109431186816,2417,0.1638394704178734,1.0,396,2021,103,0
0.00013208693107805033,2418,0.16377171215880892,1.0,396,2022,102,0
0.00013040722986607499,2419,0.16370400992145515,1.0,396,2023,101,0
0.00012928385349301894,2420,0.16363636363636364,1.0,396,2024,100,0
0.00012600450211218403,2421,0.16356877323420074,1.0,396,2025,99,0
0.00012559657973511067,2422,0.1635012386457473,1.0,396,2026,98,0
0.00012466735067746882,2423,0.16343375980189848,1.0,396,2027,97,0
0.00012412786975625522,2424,0.16336633663366337,1.0,396,2028,96,0
0.00012374148371722407,2425,0.16329896907216496,1.0,396,2029,95,0
0.00012328215071710866,2426,0.16323165704863973,1.0,396,2030,94,0
0.0001143672746289139,2427,0.1631644004944376,1.0,396,2031,93,0
0.00011376795315088909,2428,0.1630971993410214,1.0,396,2032,92,0
0.0001117124267295903,2429,0.16303005351996708,1.0,396,2033,91,0
0.00010959216115188481,2430,0.16296296296296298,1.0,396,2034,90,0
0.00010955549499874638,2431,0.16289592760180996,1.0,396,2035,89,0
0.000103373800186515,2432,0.16282894736842105,1.0,396,2036,88,0
9.958820954192343e-05,2433,0.16276202219482122,1.0,396,2037,87,0
9.94375431387071e-05,2434,0.16269515201314708,1.0,396,2038,86,0
9.917497705993088e-05,2435,0.1626283367556468,1.0,396,2039,85,0
9.351766890701796e-05,2436,0.1625615763546798,1.0,396,2040,84,0
9.177324580389448e-05,2437,0.16249487074271646,1.0,396,2041,83,0
9.11801857845166e-05,2438,0.162428219852338,1.0,396,2042,82,0
8.922360838110183e-05,2439,0.16236162361623616,1.0,396,2043,81,0
8.711454641889482e-05,2440,0.16229508196721312,1.0,396,2044,80,0
8.675363331914883e-05,2441,0.16222859483818108,1.0,396,2045,79,0
8.587092030537382e-05,2442,0.16216216216216217,1.0,396,2046,78,0
8.341390549877871e-05,2443,0.16209578387228818,1.0,396,2047,77,0
8.297571988468044e-05,2444,0.16202945990180032,1.0,396,2048,76,0
8.278681418217889e-05,2445,0.1619631901840491,1.0,396,2049,75,0
8.127404355186475e-05,2446,0.16189697465249386,1.0,396,2050,74,0
8.038936211841328e-05,2447,0.1618308132407029,1.0,396,2051,73,0
7.917489332519103e-05,2448,0.16176470588235295,1.0,396,2052,72,0
7.694598723543983e-05,2449,0.16169865251122909,1.0,396,2053,71,0
7.201727939951099e-05,2450,0.16163265306122448,1.0,396,2054,70,0
7.192051390803513e-05,2451,0.16156670746634028,1.0,396,2055,69,0
6.496282567175015e-05,2452,0.16150081566068517,1.0,396,2056,68,0
6.198493929901423e-05,2453,0.16143497757847533,1.0,396,2057,67,0
6.073484053295028e-05,2454,0.16136919315403422,1.0,396,2058,66,0
5.829862798633346e-05,2455,0.16130346232179227,1.0,396,2059,65,0
5.740883455211831e-05,2456,0.16123778501628663,1.0,396,2060,64,0
5.4983729672584275e-05,2457,0.16117216117216118,1.0,396,2061,63,0
5.493292510199819e-05,2458,0.161106590724166,1.0,396,2062,62,0
5.344916776149205e-05,2459,0.1610410736071574,1.0,396,2063,61,0
5.249416390761092e-05,2460,0.16097560975609757,1.0,396,2064,60,0
5.1810315327753885e-05,2461,0.16091019910605445,1.0,396,2065,59,0
4.9042610607764406e-05,2462,0.16084484159220147,1.0,396,2066,58,0
4.611804505484893e-05,2463,0.1607795371498173,1.0,396,2067,57,0
4.611790391646095e-05,2464,0.16071428571428573,1.0,396,2068,56,0
4.3161477821054955e-05,2465,0.16064908722109533,1.0,396,2069,55,0
4.301895404631695e-05,2466,0.16058394160583941,1.0,396,2070,54,0
4.198442446893822e-05,2467,0.16051884880421566,1.0,396,2071,53,0
4.068877325846276e-05,2468,0.16045380875202594,1.0,396,2072,52,0
3.980754771198954e-05,2469,0.16038882138517618,1.0,396,2073,51,0
3.947421052146994e-05,2470,0.16032388663967612,1.0,396,2074,50,0
3.899842328776751e-05,2471,0.16025900445163901,1.0,396,2075,49,0
3.8370760735653196e-05,2472,0.16019417475728157,1.0,396,2076,48,0
3.7219825498794623e-05,2473,0.16012939749292357,1.0,396,2077,47,0
3.603450625584777e-05,2474,0.16006467259498788,1.0,396,2078,46,0
3.393364598788816e-05,2475,0.16,1.0,396,2079,45,0
3.391975729766793e-05,2476,0.15993537964458804,1.0,396,2080,44,0
2.824915614725445e-05,2477,0.15987081146548243,1.0,396,2081,43,0
2.7823047469886194e-05,2478,0.15980629539951574,1.0,396,2082,42,0
2.4966625870942862e-05,2479,0.15974183138362244,1.0,396,2083,41,0
2.4799899633386705e-05,2480,0.1596774193548387,1.0,396,2084,40,0
2.4755190915213227e-05,2481,0.1596130592503023,1.0,396,2085,39,0
2.4535439699342215e-05,2482,0.15954875100725222,1.0,396,2086,38,0
2.446619539329058e-05,2483,0.1594844945630286,1.0,396,2087,37,0
2.3036388855894493e-05,2484,0.15942028985507245,1.0,396,2088,36,0
2.2963684453050674e-05,2485,0.15935613682092556,1.0,396,2089,35,0
2.2301934811621895e-05,2486,0.1592920353982301,1.0,396,2090,34,0
2.2011238707784042e-05,2487,0.15922798552472858,1.0,396,2091,33,0
2.127687588504838e-05,2488,0.15916398713826366,1.0,396,2092,32,0
2.035173691669215e-05,2489,0.1591000401767778,1.0,396,2093,31,0
2.0295071729107057e-05,2490,0.15903614457831325,1.0,396,2094,30,0
1.944011328331656e-05,2491,0.15897230028101164,1.0,396,2095,29,0
1.9205244371700708e-05,2493,0.1588447653429603,1.0,396,2097,27,0
1.9177520086986813e-05,2494,0.15878107457898957,1.0,396,2098,26,0
1.84723299827661e-05,2495,0.15871743486973947,1.0,396,2099,25,0
1.8096286243330414e-05,2496,0.15865384615384615,1.0,396,2100,24,0
1.7151284413649508e-05,2497,0.15859030837004406,1.0,396,2101,23,0
1.706555277144337e-05,2498,0.15852682145716573,1.0,396,2102,22,0
1.6895266458542127e-05,2499,0.15846338535414164,1.0,396,2103,21,0
1.6717887360997716e-05,2500,0.1584,1.0,396,2104,20,0
1.6535281905622998e-05,2501,0.15833666533386645,1.0,396,2105,19,0
1.6446104961357885e-05,2502,0.15827338129496402,1.0,396,2106,18,0
1.613753263110578e-05,2503,0.15821014782261286,1.0,396,2107,17,0
1.5905769151047677e-05,2504,0.15814696485623003,1.0,396,2108,16,0
1.5893832261990246e-05,2505,0.15808383233532936,1.0,396,2109,15,0
1.574151966209532e-05,2506,0.15802075019952114,1.0,396,2110,14,0
1.5358095474414996e-05,2507,0.15795771838851216,1.0,396,2111,13,0
1.3270458097350431e-05,2508,0.15789473684210525,1.0,396,2112,12,0
1.2379559373704501e-05,2509,0.1578318055001993,1.0,396,2113,11,0
1.1579266710103058e-05,2510,0.15776892430278885,1.0,396,2114,10,0
1.0972765154315966e-05,2511,0.15770609318996415,1.0,396,2115,9,0
1.0642839777919171e-05,2512,0.15764331210191082,1.0,396,2116,8,0
1.0470296549373897e-05,2513,0.15758058097890967,1.0,396,2117,7,0
1.0317641995202654e-05,2514,0.1575178997613365,1.0,396,2118,6,0
9.835730381466082e-06,2515,0.15745526838966203,1.0,396,2119,5,0
9.292776853531848e-06,2516,0.1573926868044515,1.0,396,2120,4,0
8.361333863787858e-06,2517,0.1573301549463647,1.0,396,2121,3,0
8.066778069322864e-06,2518,0.1572676727561557,1.0,396,2122,2,0
6.9827267538007655e-06,2519,0.1572052401746725,1.0,396,2123,1,0
4.701519038002687e-06,2520,0.15714285714285714,1.0,396,2124,0,0
